--
-- Duplicating season 152-Circuito italiano supermaster FIN 2015/2016 into 162-Circuito italiano supermaster FIN 2016/2017
-- 26 October 2016 16:53:26
-- Begin script
--

-- Season
INSERT INTO `seasons` (`id`, `description`, `begin_date`, `end_date`, `season_type_id`, `created_at`, `updated_at`, `header_year`, `edition`, `edition_type_id`, `timing_type_id`, `rules`, `has_individual_rank`)
  VALUES (162, 'Circuito italiano supermaster FIN 2016/2017', '2016-10-01', '2017-09-30', 1, '2016-10-28 14:53:34', '2016-10-28 14:53:34', '2016/2017', 16, 5, 3, NULL, 1);

-- Categories
INSERT INTO `category_types` (`id`, `code`, `federation_code`, `description`, `short_name`, `group_name`, `age_begin`, `age_end`, `is_a_relay`, `created_at`, `updated_at`, `season_id`, `is_out_of_race`, `is_undivided`)
  VALUES (1066, 'M25', 'B', 'MASTER 25', 'M25', 'MASTER', 25, 29, 0, '2016-10-28 14:53:34', '2016-10-28 14:53:34', 162, 0, 0);
INSERT INTO `category_types` (`id`, `code`, `federation_code`, `description`, `short_name`, `group_name`, `age_begin`, `age_end`, `is_a_relay`, `created_at`, `updated_at`, `season_id`, `is_out_of_race`, `is_undivided`)
  VALUES (1067, 'M30', 'C', 'MASTER 30', 'M30', 'MASTER', 30, 34, 0, '2016-10-28 14:53:34', '2016-10-28 14:53:34', 162, 0, 0);
INSERT INTO `category_types` (`id`, `code`, `federation_code`, `description`, `short_name`, `group_name`, `age_begin`, `age_end`, `is_a_relay`, `created_at`, `updated_at`, `season_id`, `is_out_of_race`, `is_undivided`)
  VALUES (1068, 'M35', 'D', 'MASTER 35', 'M35', 'MASTER', 35, 39, 0, '2016-10-28 14:53:34', '2016-10-28 14:53:34', 162, 0, 0);
INSERT INTO `category_types` (`id`, `code`, `federation_code`, `description`, `short_name`, `group_name`, `age_begin`, `age_end`, `is_a_relay`, `created_at`, `updated_at`, `season_id`, `is_out_of_race`, `is_undivided`)
  VALUES (1069, 'M40', 'E', 'MASTER 40', 'M40', 'MASTER', 40, 44, 0, '2016-10-28 14:53:34', '2016-10-28 14:53:34', 162, 0, 0);
INSERT INTO `category_types` (`id`, `code`, `federation_code`, `description`, `short_name`, `group_name`, `age_begin`, `age_end`, `is_a_relay`, `created_at`, `updated_at`, `season_id`, `is_out_of_race`, `is_undivided`)
  VALUES (1070, 'M45', 'F', 'MASTER 45', 'M45', 'MASTER', 45, 49, 0, '2016-10-28 14:53:34', '2016-10-28 14:53:34', 162, 0, 0);
INSERT INTO `category_types` (`id`, `code`, `federation_code`, `description`, `short_name`, `group_name`, `age_begin`, `age_end`, `is_a_relay`, `created_at`, `updated_at`, `season_id`, `is_out_of_race`, `is_undivided`)
  VALUES (1071, 'M50', 'G', 'MASTER 50', 'M50', 'MASTER', 50, 54, 0, '2016-10-28 14:53:34', '2016-10-28 14:53:34', 162, 0, 0);
INSERT INTO `category_types` (`id`, `code`, `federation_code`, `description`, `short_name`, `group_name`, `age_begin`, `age_end`, `is_a_relay`, `created_at`, `updated_at`, `season_id`, `is_out_of_race`, `is_undivided`)
  VALUES (1072, 'M55', 'H', 'MASTER 55', 'M55', 'MASTER', 55, 59, 0, '2016-10-28 14:53:34', '2016-10-28 14:53:34', 162, 0, 0);
INSERT INTO `category_types` (`id`, `code`, `federation_code`, `description`, `short_name`, `group_name`, `age_begin`, `age_end`, `is_a_relay`, `created_at`, `updated_at`, `season_id`, `is_out_of_race`, `is_undivided`)
  VALUES (1073, 'M60', 'I', 'MASTER 60', 'M60', 'MASTER', 60, 64, 0, '2016-10-28 14:53:34', '2016-10-28 14:53:34', 162, 0, 0);
INSERT INTO `category_types` (`id`, `code`, `federation_code`, `description`, `short_name`, `group_name`, `age_begin`, `age_end`, `is_a_relay`, `created_at`, `updated_at`, `season_id`, `is_out_of_race`, `is_undivided`)
  VALUES (1074, 'M65', 'J', 'MASTER 65', 'M65', 'MASTER', 65, 69, 0, '2016-10-28 14:53:34', '2016-10-28 14:53:34', 162, 0, 0);
INSERT INTO `category_types` (`id`, `code`, `federation_code`, `description`, `short_name`, `group_name`, `age_begin`, `age_end`, `is_a_relay`, `created_at`, `updated_at`, `season_id`, `is_out_of_race`, `is_undivided`)
  VALUES (1075, 'M70', 'K', 'MASTER 70', 'M70', 'MASTER', 70, 74, 0, '2016-10-28 14:53:34', '2016-10-28 14:53:34', 162, 0, 0);
INSERT INTO `category_types` (`id`, `code`, `federation_code`, `description`, `short_name`, `group_name`, `age_begin`, `age_end`, `is_a_relay`, `created_at`, `updated_at`, `season_id`, `is_out_of_race`, `is_undivided`)
  VALUES (1076, 'M75', 'L', 'MASTER 75', 'M75', 'MASTER', 75, 79, 0, '2016-10-28 14:53:34', '2016-10-28 14:53:34', 162, 0, 0);
INSERT INTO `category_types` (`id`, `code`, `federation_code`, `description`, `short_name`, `group_name`, `age_begin`, `age_end`, `is_a_relay`, `created_at`, `updated_at`, `season_id`, `is_out_of_race`, `is_undivided`)
  VALUES (1077, 'M80', 'M', 'MASTER 80', 'M80', 'MASTER', 80, 84, 0, '2016-10-28 14:53:34', '2016-10-28 14:53:34', 162, 0, 0);
INSERT INTO `category_types` (`id`, `code`, `federation_code`, `description`, `short_name`, `group_name`, `age_begin`, `age_end`, `is_a_relay`, `created_at`, `updated_at`, `season_id`, `is_out_of_race`, `is_undivided`)
  VALUES (1078, 'M85', 'N', 'MASTER 85', 'M85', 'MASTER', 85, 89, 0, '2016-10-28 14:53:34', '2016-10-28 14:53:34', 162, 0, 0);
INSERT INTO `category_types` (`id`, `code`, `federation_code`, `description`, `short_name`, `group_name`, `age_begin`, `age_end`, `is_a_relay`, `created_at`, `updated_at`, `season_id`, `is_out_of_race`, `is_undivided`)
  VALUES (1079, 'M90', 'O', 'MASTER 90', 'M90', 'MASTER', 90, 94, 0, '2016-10-28 14:53:34', '2016-10-28 14:53:34', 162, 0, 0);
INSERT INTO `category_types` (`id`, `code`, `federation_code`, `description`, `short_name`, `group_name`, `age_begin`, `age_end`, `is_a_relay`, `created_at`, `updated_at`, `season_id`, `is_out_of_race`, `is_undivided`)
  VALUES (1080, 'M95', 'P', 'MASTER 95', 'M95', 'MASTER', 95, 99, 0, '2016-10-28 14:53:34', '2016-10-28 14:53:34', 162, 0, 0);
INSERT INTO `category_types` (`id`, `code`, `federation_code`, `description`, `short_name`, `group_name`, `age_begin`, `age_end`, `is_a_relay`, `created_at`, `updated_at`, `season_id`, `is_out_of_race`, `is_undivided`)
  VALUES (1081, 'MA0', 'Q', 'MASTER 100', 'MA0', 'MASTER', 100, 999, 0, '2016-10-28 14:53:34', '2016-10-28 14:53:34', 162, 0, 0);
INSERT INTO `category_types` (`id`, `code`, `federation_code`, `description`, `short_name`, `group_name`, `age_begin`, `age_end`, `is_a_relay`, `created_at`, `updated_at`, `season_id`, `is_out_of_race`, `is_undivided`)
  VALUES (1082, 'U25', 'A', 'UNDER 25', 'U25', 'MASTER', 16, 24, 0, '2016-10-28 14:53:34', '2016-10-28 14:53:34', 162, 0, 0);
INSERT INTO `category_types` (`id`, `code`, `federation_code`, `description`, `short_name`, `group_name`, `age_begin`, `age_end`, `is_a_relay`, `created_at`, `updated_at`, `season_id`, `is_out_of_race`, `is_undivided`)
  VALUES (1083, '000-999', 'xX', 'STAFF. ASSOLUTI', 'ASSOLUTI', 'MASTER', 1, 999, 1, '2016-10-28 14:53:34', '2016-10-28 14:53:34', 162, 0, 1);
INSERT INTO `category_types` (`id`, `code`, `federation_code`, `description`, `short_name`, `group_name`, `age_begin`, `age_end`, `is_a_relay`, `created_at`, `updated_at`, `season_id`, `is_out_of_race`, `is_undivided`)
  VALUES (1084, '100-119', 'xA', 'STAFF. M FINO A 119', '100-119', 'MASTER', 100, 119, 1, '2016-10-28 14:53:34', '2016-10-28 14:53:34', 162, 0, 0);
INSERT INTO `category_types` (`id`, `code`, `federation_code`, `description`, `short_name`, `group_name`, `age_begin`, `age_end`, `is_a_relay`, `created_at`, `updated_at`, `season_id`, `is_out_of_race`, `is_undivided`)
  VALUES (1085, '120-159', 'xB', 'STAFF. M 120-159', '120-159', 'MASTER', 120, 159, 1, '2016-10-28 14:53:34', '2016-10-28 14:53:34', 162, 0, 0);
INSERT INTO `category_types` (`id`, `code`, `federation_code`, `description`, `short_name`, `group_name`, `age_begin`, `age_end`, `is_a_relay`, `created_at`, `updated_at`, `season_id`, `is_out_of_race`, `is_undivided`)
  VALUES (1086, '160-199', 'xC', 'STAFF. M 160-199', '160-199', 'MASTER', 160, 199, 1, '2016-10-28 14:53:34', '2016-10-28 14:53:34', 162, 0, 0);
INSERT INTO `category_types` (`id`, `code`, `federation_code`, `description`, `short_name`, `group_name`, `age_begin`, `age_end`, `is_a_relay`, `created_at`, `updated_at`, `season_id`, `is_out_of_race`, `is_undivided`)
  VALUES (1087, '200-239', 'xD', 'STAFF. M 200-239', '200-239', 'MASTER', 200, 239, 1, '2016-10-28 14:53:34', '2016-10-28 14:53:34', 162, 0, 0);
INSERT INTO `category_types` (`id`, `code`, `federation_code`, `description`, `short_name`, `group_name`, `age_begin`, `age_end`, `is_a_relay`, `created_at`, `updated_at`, `season_id`, `is_out_of_race`, `is_undivided`)
  VALUES (1088, '240-279', 'xE', 'STAFF. M 240-279', '240-279', 'MASTER', 240, 279, 1, '2016-10-28 14:53:34', '2016-10-28 14:53:34', 162, 0, 0);
INSERT INTO `category_types` (`id`, `code`, `federation_code`, `description`, `short_name`, `group_name`, `age_begin`, `age_end`, `is_a_relay`, `created_at`, `updated_at`, `season_id`, `is_out_of_race`, `is_undivided`)
  VALUES (1089, '280-319', 'xF', 'STAFF. M 280-319', '280-319', 'MASTER', 280, 319, 1, '2016-10-28 14:53:35', '2016-10-28 14:53:35', 162, 0, 0);
INSERT INTO `category_types` (`id`, `code`, `federation_code`, `description`, `short_name`, `group_name`, `age_begin`, `age_end`, `is_a_relay`, `created_at`, `updated_at`, `season_id`, `is_out_of_race`, `is_undivided`)
  VALUES (1090, '320-359', 'xG', 'STAFF. M 320-359', '320-359', 'MASTER', 320, 359, 1, '2016-10-28 14:53:35', '2016-10-28 14:53:35', 162, 0, 0);
INSERT INTO `category_types` (`id`, `code`, `federation_code`, `description`, `short_name`, `group_name`, `age_begin`, `age_end`, `is_a_relay`, `created_at`, `updated_at`, `season_id`, `is_out_of_race`, `is_undivided`)
  VALUES (1091, '360-399', 'xH', 'STAFF. M 360-399', '360-399', 'MASTER', 360, 399, 1, '2016-10-28 14:53:35', '2016-10-28 14:53:35', 162, 0, 0);

-- Meetings
-- 15201-bolognadeakker TROFEO DEAKKER ASI 2015-11-15
INSERT INTO `meetings` (`id`, `description`, `entry_deadline`, `has_warm_up_pool`, `is_under_25_admitted`, `reference_phone`, `reference_e_mail`, `reference_name`, `notes`, `has_invitation`, `has_start_list`, `are_results_acquired`, `max_individual_events`, `configuration_file`, `edition`, `season_id`, `user_id`, `created_at`, `updated_at`, `is_autofilled`, `header_date`, `code`, `header_year`, `max_individual_events_per_session`, `is_out_of_season`, `edition_type_id`, `timing_type_id`, `individual_score_computation_type_id`, `relay_score_computation_type_id`, `team_score_computation_type_id`, `meeting_score_computation_type_id`, `invitation`, `is_confirmed`)
  VALUES (16201, 'TROFEO DEAKKER ASI', '2016-10-30', 0, 1, '347 7878360', 'nuotodeakkergmail.com', 'Marina Mastrigli', 'De Akker Team Bologna', 0, 0, 0, 2, 'FIN04', 14, 162, 2, '2016-10-28 14:53:35', '2016-10-28 14:53:35', 1, '2016-11-06', 'bolognadeakker', '2016/2017', 0, 0, 2, 3, 1, 1, 12, 1, NULL, 0);
INSERT INTO `meeting_sessions` (`id`, `session_order`, `scheduled_date`, `warm_up_time`, `begin_time`, `notes`, `meeting_id`, `swimming_pool_id`, `user_id`, `created_at`, `updated_at`, `description`, `is_autofilled`, `day_part_type_id`)
  VALUES (1902, 1, '2016-11-06', '2000-01-01 08:15:00', '2000-01-01 09:00:00', '', 16201, 199, 2, '2016-10-28 14:53:35', '2016-10-28 14:53:35', 'FINALI', 1, 1);
INSERT INTO `meeting_events` (`id`, `created_at`, `updated_at`, `event_order`, `begin_time`, `is_out_of_race`, `is_autofilled`, `notes`, `meeting_session_id`, `event_type_id`, `heat_type_id`, `user_id`, `has_separate_gender_start_list`, `has_separate_category_start_list`)
  VALUES (9915, '2016-10-28 14:53:35', '2016-10-28 14:53:35', 1, '2000-01-01 00:00:00', 0, 1, NULL, 1902, 11, 3, 2, 1, 0);
INSERT INTO `meeting_events` (`id`, `created_at`, `updated_at`, `event_order`, `begin_time`, `is_out_of_race`, `is_autofilled`, `notes`, `meeting_session_id`, `event_type_id`, `heat_type_id`, `user_id`, `has_separate_gender_start_list`, `has_separate_category_start_list`)
  VALUES (9916, '2016-10-28 14:53:35', '2016-10-28 14:53:35', 2, '2000-01-01 00:00:00', 0, 1, NULL, 1902, 3, 3, 2, 1, 0);
INSERT INTO `meeting_events` (`id`, `created_at`, `updated_at`, `event_order`, `begin_time`, `is_out_of_race`, `is_autofilled`, `notes`, `meeting_session_id`, `event_type_id`, `heat_type_id`, `user_id`, `has_separate_gender_start_list`, `has_separate_category_start_list`)
  VALUES (9917, '2016-10-28 14:53:35', '2016-10-28 14:53:35', 3, '2000-01-01 00:00:00', 0, 1, NULL, 1902, 19, 3, 2, 1, 0);
INSERT INTO `meeting_events` (`id`, `created_at`, `updated_at`, `event_order`, `begin_time`, `is_out_of_race`, `is_autofilled`, `notes`, `meeting_session_id`, `event_type_id`, `heat_type_id`, `user_id`, `has_separate_gender_start_list`, `has_separate_category_start_list`)
  VALUES (9918, '2016-10-28 14:53:35', '2016-10-28 14:53:35', 4, '2000-01-01 04:00:30', 0, 1, NULL, 1902, 33, 3, 1, 1, 0);
INSERT INTO `meeting_sessions` (`id`, `session_order`, `scheduled_date`, `warm_up_time`, `begin_time`, `notes`, `meeting_id`, `swimming_pool_id`, `user_id`, `created_at`, `updated_at`, `description`, `is_autofilled`, `day_part_type_id`)
  VALUES (1903, 2, '2016-11-13', '2000-01-01 14:00:00', '2000-01-01 14:30:00', '', 16201, 4, 2, '2016-10-28 14:53:35', '2016-10-28 14:53:35', 'FINALI', 1, 2);
INSERT INTO `meeting_events` (`id`, `created_at`, `updated_at`, `event_order`, `begin_time`, `is_out_of_race`, `is_autofilled`, `notes`, `meeting_session_id`, `event_type_id`, `heat_type_id`, `user_id`, `has_separate_gender_start_list`, `has_separate_category_start_list`)
  VALUES (9919, '2016-10-28 14:53:35', '2016-10-28 14:53:35', 1, '2000-01-01 00:00:00', 0, 1, NULL, 1903, 15, 3, 2, 1, 0);
INSERT INTO `meeting_events` (`id`, `created_at`, `updated_at`, `event_order`, `begin_time`, `is_out_of_race`, `is_autofilled`, `notes`, `meeting_session_id`, `event_type_id`, `heat_type_id`, `user_id`, `has_separate_gender_start_list`, `has_separate_category_start_list`)
  VALUES (9920, '2016-10-28 14:53:35', '2016-10-28 14:53:35', 2, '2000-01-01 00:00:00', 0, 1, NULL, 1903, 2, 3, 2, 1, 0);
INSERT INTO `meeting_events` (`id`, `created_at`, `updated_at`, `event_order`, `begin_time`, `is_out_of_race`, `is_autofilled`, `notes`, `meeting_session_id`, `event_type_id`, `heat_type_id`, `user_id`, `has_separate_gender_start_list`, `has_separate_category_start_list`)
  VALUES (9921, '2016-10-28 14:53:35', '2016-10-28 14:53:35', 3, '2000-01-01 00:00:00', 0, 1, NULL, 1903, 23, 3, 2, 1, 0);

-- 15202-riccione TROFEO CITTA' DI RICCIONE 2015-12-05
INSERT INTO `meetings` (`id`, `description`, `entry_deadline`, `has_warm_up_pool`, `is_under_25_admitted`, `reference_phone`, `reference_e_mail`, `reference_name`, `notes`, `has_invitation`, `has_start_list`, `are_results_acquired`, `max_individual_events`, `configuration_file`, `edition`, `season_id`, `user_id`, `created_at`, `updated_at`, `is_autofilled`, `header_date`, `code`, `header_year`, `max_individual_events_per_session`, `is_out_of_season`, `edition_type_id`, `timing_type_id`, `individual_score_computation_type_id`, `relay_score_computation_type_id`, `team_score_computation_type_id`, `meeting_score_computation_type_id`, `invitation`, `is_confirmed`)
  VALUES (16202, 'TROFEO CITTA'' DI RICCIONE', '2016-11-28', 1, 1, '347 9804255', 'riccionemaster+iscrizioni@gmail.com', 'Marco Squadrani', 'Polisp. Comunale Riccione', 0, 0, 0, 2, 'FIN04', 13, 162, 2, '2016-10-28 14:53:35', '2016-10-28 14:53:35', 1, '2016-12-03', 'riccione', '2016/2017', 0, 0, 2, 3, 1, 1, 12, 1, NULL, 0);
INSERT INTO `meeting_sessions` (`id`, `session_order`, `scheduled_date`, `warm_up_time`, `begin_time`, `notes`, `meeting_id`, `swimming_pool_id`, `user_id`, `created_at`, `updated_at`, `description`, `is_autofilled`, `day_part_type_id`)
  VALUES (1904, 1, '2016-12-03', '2000-01-01 07:10:00', '2000-01-01 07:45:00', '', 16202, 22, 2, '2016-10-28 14:53:35', '2016-10-28 14:53:35', 'FINALI', 1, 1);
INSERT INTO `meeting_events` (`id`, `created_at`, `updated_at`, `event_order`, `begin_time`, `is_out_of_race`, `is_autofilled`, `notes`, `meeting_session_id`, `event_type_id`, `heat_type_id`, `user_id`, `has_separate_gender_start_list`, `has_separate_category_start_list`)
  VALUES (9922, '2016-10-28 14:53:35', '2016-10-28 14:53:35', 1, '2000-01-01 00:00:00', 0, 1, NULL, 1904, 7, 3, 2, 1, 0);
INSERT INTO `meeting_events` (`id`, `created_at`, `updated_at`, `event_order`, `begin_time`, `is_out_of_race`, `is_autofilled`, `notes`, `meeting_session_id`, `event_type_id`, `heat_type_id`, `user_id`, `has_separate_gender_start_list`, `has_separate_category_start_list`)
  VALUES (9923, '2016-10-28 14:53:35', '2016-10-28 14:53:35', 2, '2000-01-01 00:00:00', 0, 1, NULL, 1904, 12, 3, 2, 1, 0);
INSERT INTO `meeting_events` (`id`, `created_at`, `updated_at`, `event_order`, `begin_time`, `is_out_of_race`, `is_autofilled`, `notes`, `meeting_session_id`, `event_type_id`, `heat_type_id`, `user_id`, `has_separate_gender_start_list`, `has_separate_category_start_list`)
  VALUES (9924, '2016-10-28 14:53:35', '2016-10-28 14:53:35', 3, '2000-01-01 00:00:00', 0, 1, NULL, 1904, 21, 3, 2, 1, 0);
INSERT INTO `meeting_events` (`id`, `created_at`, `updated_at`, `event_order`, `begin_time`, `is_out_of_race`, `is_autofilled`, `notes`, `meeting_session_id`, `event_type_id`, `heat_type_id`, `user_id`, `has_separate_gender_start_list`, `has_separate_category_start_list`)
  VALUES (9925, '2016-10-28 14:53:35', '2016-10-28 14:53:35', 4, '2000-01-01 00:00:00', 0, 1, NULL, 1904, 25, 3, 2, 1, 0);
INSERT INTO `meeting_sessions` (`id`, `session_order`, `scheduled_date`, `warm_up_time`, `begin_time`, `notes`, `meeting_id`, `swimming_pool_id`, `user_id`, `created_at`, `updated_at`, `description`, `is_autofilled`, `day_part_type_id`)
  VALUES (1905, 2, '2016-12-03', '2000-01-01 13:25:00', '2000-01-01 14:00:00', '', 16202, 22, 2, '2016-10-28 14:53:35', '2016-10-28 14:53:35', 'FINALI', 1, 2);
INSERT INTO `meeting_events` (`id`, `created_at`, `updated_at`, `event_order`, `begin_time`, `is_out_of_race`, `is_autofilled`, `notes`, `meeting_session_id`, `event_type_id`, `heat_type_id`, `user_id`, `has_separate_gender_start_list`, `has_separate_category_start_list`)
  VALUES (9926, '2016-10-28 14:53:35', '2016-10-28 14:53:35', 1, '2000-01-01 00:00:00', 0, 1, NULL, 1905, 24, 3, 2, 1, 0);
INSERT INTO `meeting_events` (`id`, `created_at`, `updated_at`, `event_order`, `begin_time`, `is_out_of_race`, `is_autofilled`, `notes`, `meeting_session_id`, `event_type_id`, `heat_type_id`, `user_id`, `has_separate_gender_start_list`, `has_separate_category_start_list`)
  VALUES (9927, '2016-10-28 14:53:35', '2016-10-28 14:53:35', 2, '2000-01-01 00:00:00', 0, 1, NULL, 1905, 4, 3, 2, 1, 0);
INSERT INTO `meeting_events` (`id`, `created_at`, `updated_at`, `event_order`, `begin_time`, `is_out_of_race`, `is_autofilled`, `notes`, `meeting_session_id`, `event_type_id`, `heat_type_id`, `user_id`, `has_separate_gender_start_list`, `has_separate_category_start_list`)
  VALUES (9928, '2016-10-28 14:53:35', '2016-10-28 14:53:35', 3, '2000-01-01 00:00:00', 0, 1, NULL, 1905, 11, 3, 2, 1, 0);
INSERT INTO `meeting_events` (`id`, `created_at`, `updated_at`, `event_order`, `begin_time`, `is_out_of_race`, `is_autofilled`, `notes`, `meeting_session_id`, `event_type_id`, `heat_type_id`, `user_id`, `has_separate_gender_start_list`, `has_separate_category_start_list`)
  VALUES (9929, '2016-10-28 14:53:35', '2016-10-28 14:53:35', 4, '2000-01-01 00:00:00', 0, 1, NULL, 1905, 20, 3, 2, 1, 0);
INSERT INTO `meeting_events` (`id`, `created_at`, `updated_at`, `event_order`, `begin_time`, `is_out_of_race`, `is_autofilled`, `notes`, `meeting_session_id`, `event_type_id`, `heat_type_id`, `user_id`, `has_separate_gender_start_list`, `has_separate_category_start_list`)
  VALUES (9930, '2016-10-28 14:53:35', '2016-10-28 14:53:35', 5, '2000-01-01 00:00:00', 0, 1, NULL, 1905, 15, 3, 2, 1, 0);
INSERT INTO `meeting_events` (`id`, `created_at`, `updated_at`, `event_order`, `begin_time`, `is_out_of_race`, `is_autofilled`, `notes`, `meeting_session_id`, `event_type_id`, `heat_type_id`, `user_id`, `has_separate_gender_start_list`, `has_separate_category_start_list`)
  VALUES (9931, '2016-10-28 14:53:35', '2016-10-28 14:53:35', 6, '2000-01-01 00:00:00', 0, 1, NULL, 1905, 3, 3, 2, 1, 0);
INSERT INTO `meeting_events` (`id`, `created_at`, `updated_at`, `event_order`, `begin_time`, `is_out_of_race`, `is_autofilled`, `notes`, `meeting_session_id`, `event_type_id`, `heat_type_id`, `user_id`, `has_separate_gender_start_list`, `has_separate_category_start_list`)
  VALUES (9932, '2016-10-28 14:53:35', '2016-10-28 14:53:35', 7, '2000-01-01 00:00:00', 0, 1, NULL, 1905, 33, 3, 2, 1, 0);
INSERT INTO `meeting_sessions` (`id`, `session_order`, `scheduled_date`, `warm_up_time`, `begin_time`, `notes`, `meeting_id`, `swimming_pool_id`, `user_id`, `created_at`, `updated_at`, `description`, `is_autofilled`, `day_part_type_id`)
  VALUES (1906, 3, '2016-12-04', '2000-01-01 07:10:00', '2000-01-01 07:45:00', '', 16202, 22, 2, '2016-10-28 14:53:35', '2016-10-28 14:53:35', 'FINALI', 1, 1);
INSERT INTO `meeting_events` (`id`, `created_at`, `updated_at`, `event_order`, `begin_time`, `is_out_of_race`, `is_autofilled`, `notes`, `meeting_session_id`, `event_type_id`, `heat_type_id`, `user_id`, `has_separate_gender_start_list`, `has_separate_category_start_list`)
  VALUES (9933, '2016-10-28 14:53:35', '2016-10-28 14:53:35', 1, '2000-01-01 00:00:00', 0, 1, NULL, 1906, 6, 3, 2, 1, 0);
INSERT INTO `meeting_events` (`id`, `created_at`, `updated_at`, `event_order`, `begin_time`, `is_out_of_race`, `is_autofilled`, `notes`, `meeting_session_id`, `event_type_id`, `heat_type_id`, `user_id`, `has_separate_gender_start_list`, `has_separate_category_start_list`)
  VALUES (9934, '2016-10-28 14:53:35', '2016-10-28 14:53:35', 2, '2000-01-01 00:00:00', 0, 1, NULL, 1906, 13, 3, 2, 1, 0);
INSERT INTO `meeting_events` (`id`, `created_at`, `updated_at`, `event_order`, `begin_time`, `is_out_of_race`, `is_autofilled`, `notes`, `meeting_session_id`, `event_type_id`, `heat_type_id`, `user_id`, `has_separate_gender_start_list`, `has_separate_category_start_list`)
  VALUES (9935, '2016-10-28 14:53:35', '2016-10-28 14:53:35', 3, '2000-01-01 00:00:00', 0, 1, NULL, 1906, 16, 3, 2, 1, 0);
INSERT INTO `meeting_events` (`id`, `created_at`, `updated_at`, `event_order`, `begin_time`, `is_out_of_race`, `is_autofilled`, `notes`, `meeting_session_id`, `event_type_id`, `heat_type_id`, `user_id`, `has_separate_gender_start_list`, `has_separate_category_start_list`)
  VALUES (9936, '2016-10-28 14:53:35', '2016-10-28 14:53:35', 4, '2000-01-01 00:00:00', 0, 1, NULL, 1906, 26, 3, 2, 1, 0);
INSERT INTO `meeting_sessions` (`id`, `session_order`, `scheduled_date`, `warm_up_time`, `begin_time`, `notes`, `meeting_id`, `swimming_pool_id`, `user_id`, `created_at`, `updated_at`, `description`, `is_autofilled`, `day_part_type_id`)
  VALUES (1907, 4, '2016-12-04', '2000-01-01 13:25:00', '2000-01-01 14:00:00', '', 16202, 22, 2, '2016-10-28 14:53:35', '2016-10-28 14:53:35', 'FINALI', 1, 2);
INSERT INTO `meeting_events` (`id`, `created_at`, `updated_at`, `event_order`, `begin_time`, `is_out_of_race`, `is_autofilled`, `notes`, `meeting_session_id`, `event_type_id`, `heat_type_id`, `user_id`, `has_separate_gender_start_list`, `has_separate_category_start_list`)
  VALUES (9937, '2016-10-28 14:53:35', '2016-10-28 14:53:35', 1, '2000-01-01 00:00:00', 0, 1, NULL, 1907, 5, 3, 2, 1, 0);
INSERT INTO `meeting_events` (`id`, `created_at`, `updated_at`, `event_order`, `begin_time`, `is_out_of_race`, `is_autofilled`, `notes`, `meeting_session_id`, `event_type_id`, `heat_type_id`, `user_id`, `has_separate_gender_start_list`, `has_separate_category_start_list`)
  VALUES (9938, '2016-10-28 14:53:35', '2016-10-28 14:53:35', 2, '2000-01-01 00:00:00', 0, 1, NULL, 1907, 17, 3, 2, 1, 0);
INSERT INTO `meeting_events` (`id`, `created_at`, `updated_at`, `event_order`, `begin_time`, `is_out_of_race`, `is_autofilled`, `notes`, `meeting_session_id`, `event_type_id`, `heat_type_id`, `user_id`, `has_separate_gender_start_list`, `has_separate_category_start_list`)
  VALUES (9939, '2016-10-28 14:53:35', '2016-10-28 14:53:35', 3, '2000-01-01 00:00:00', 0, 1, NULL, 1907, 2, 3, 2, 1, 0);
INSERT INTO `meeting_events` (`id`, `created_at`, `updated_at`, `event_order`, `begin_time`, `is_out_of_race`, `is_autofilled`, `notes`, `meeting_session_id`, `event_type_id`, `heat_type_id`, `user_id`, `has_separate_gender_start_list`, `has_separate_category_start_list`)
  VALUES (9940, '2016-10-28 14:53:35', '2016-10-28 14:53:35', 4, '2000-01-01 00:00:00', 0, 1, NULL, 1907, 23, 3, 2, 1, 0);
INSERT INTO `meeting_events` (`id`, `created_at`, `updated_at`, `event_order`, `begin_time`, `is_out_of_race`, `is_autofilled`, `notes`, `meeting_session_id`, `event_type_id`, `heat_type_id`, `user_id`, `has_separate_gender_start_list`, `has_separate_category_start_list`)
  VALUES (9941, '2016-10-28 14:53:35', '2016-10-28 14:53:35', 5, '2000-01-01 00:00:00', 0, 1, NULL, 1907, 19, 3, 2, 1, 0);
INSERT INTO `meeting_events` (`id`, `created_at`, `updated_at`, `event_order`, `begin_time`, `is_out_of_race`, `is_autofilled`, `notes`, `meeting_session_id`, `event_type_id`, `heat_type_id`, `user_id`, `has_separate_gender_start_list`, `has_separate_category_start_list`)
  VALUES (9942, '2016-10-28 14:53:35', '2016-10-28 14:53:35', 6, '2000-01-01 00:00:00', 0, 1, NULL, 1907, 32, 3, 2, 1, 0);

-- 15203-livornoauguri MEETING DEGLI AUGURI 2015-12-13
INSERT INTO `meetings` (`id`, `description`, `entry_deadline`, `has_warm_up_pool`, `is_under_25_admitted`, `reference_phone`, `reference_e_mail`, `reference_name`, `notes`, `has_invitation`, `has_start_list`, `are_results_acquired`, `max_individual_events`, `configuration_file`, `edition`, `season_id`, `user_id`, `created_at`, `updated_at`, `is_autofilled`, `header_date`, `code`, `header_year`, `max_individual_events_per_session`, `is_out_of_season`, `edition_type_id`, `timing_type_id`, `individual_score_computation_type_id`, `relay_score_computation_type_id`, `team_score_computation_type_id`, `meeting_score_computation_type_id`, `invitation`, `is_confirmed`)
  VALUES (16203, 'MEETING DEGLI AUGURI', NULL, 1, 1, '', '', '', '', 0, 0, 0, 2, 'FIN02', 18, 162, 2, '2016-10-28 14:53:35', '2016-10-28 14:53:35', 1, '2016-12-11', 'livornoauguri', '2016/2017', 0, 0, 2, 3, 1, 1, 12, 1, NULL, 0);
INSERT INTO `meeting_sessions` (`id`, `session_order`, `scheduled_date`, `warm_up_time`, `begin_time`, `notes`, `meeting_id`, `swimming_pool_id`, `user_id`, `created_at`, `updated_at`, `description`, `is_autofilled`, `day_part_type_id`)
  VALUES (1908, 1, '2016-12-11', '2000-01-01 00:00:00', '2000-01-01 00:00:00', '', 16203, 23, 2, '2016-10-28 14:53:35', '2016-10-28 14:53:35', 'FINALI', 1, NULL);
INSERT INTO `meeting_events` (`id`, `created_at`, `updated_at`, `event_order`, `begin_time`, `is_out_of_race`, `is_autofilled`, `notes`, `meeting_session_id`, `event_type_id`, `heat_type_id`, `user_id`, `has_separate_gender_start_list`, `has_separate_category_start_list`)
  VALUES (9943, '2016-10-28 14:53:35', '2016-10-28 14:53:35', 1, '2000-01-01 00:00:00', 0, 1, NULL, 1908, 4, 3, 2, 1, 0);
INSERT INTO `meeting_events` (`id`, `created_at`, `updated_at`, `event_order`, `begin_time`, `is_out_of_race`, `is_autofilled`, `notes`, `meeting_session_id`, `event_type_id`, `heat_type_id`, `user_id`, `has_separate_gender_start_list`, `has_separate_category_start_list`)
  VALUES (9944, '2016-10-28 14:53:35', '2016-10-28 14:53:35', 2, '2000-01-01 00:00:00', 0, 1, NULL, 1908, 16, 3, 2, 1, 0);
INSERT INTO `meeting_events` (`id`, `created_at`, `updated_at`, `event_order`, `begin_time`, `is_out_of_race`, `is_autofilled`, `notes`, `meeting_session_id`, `event_type_id`, `heat_type_id`, `user_id`, `has_separate_gender_start_list`, `has_separate_category_start_list`)
  VALUES (9945, '2016-10-28 14:53:35', '2016-10-28 14:53:35', 3, '2000-01-01 00:00:00', 0, 1, NULL, 1908, 20, 3, 2, 1, 0);
INSERT INTO `meeting_events` (`id`, `created_at`, `updated_at`, `event_order`, `begin_time`, `is_out_of_race`, `is_autofilled`, `notes`, `meeting_session_id`, `event_type_id`, `heat_type_id`, `user_id`, `has_separate_gender_start_list`, `has_separate_category_start_list`)
  VALUES (9946, '2016-10-28 14:53:35', '2016-10-28 14:53:35', 4, '2000-01-01 00:00:00', 0, 1, NULL, 1908, 12, 3, 2, 1, 0);
INSERT INTO `meeting_events` (`id`, `created_at`, `updated_at`, `event_order`, `begin_time`, `is_out_of_race`, `is_autofilled`, `notes`, `meeting_session_id`, `event_type_id`, `heat_type_id`, `user_id`, `has_separate_gender_start_list`, `has_separate_category_start_list`)
  VALUES (9947, '2016-10-28 14:53:35', '2016-10-28 14:53:35', 5, '2000-01-01 00:00:00', 0, 1, NULL, 1908, 3, 3, 2, 1, 0);
INSERT INTO `meeting_sessions` (`id`, `session_order`, `scheduled_date`, `warm_up_time`, `begin_time`, `notes`, `meeting_id`, `swimming_pool_id`, `user_id`, `created_at`, `updated_at`, `description`, `is_autofilled`, `day_part_type_id`)
  VALUES (1909, 2, '2016-12-11', '2000-01-01 00:00:00', '2000-01-01 00:00:00', '', 16203, 23, 2, '2016-10-28 14:53:35', '2016-10-28 14:53:35', 'FINALI', 1, NULL);
INSERT INTO `meeting_events` (`id`, `created_at`, `updated_at`, `event_order`, `begin_time`, `is_out_of_race`, `is_autofilled`, `notes`, `meeting_session_id`, `event_type_id`, `heat_type_id`, `user_id`, `has_separate_gender_start_list`, `has_separate_category_start_list`)
  VALUES (9948, '2016-10-28 14:53:35', '2016-10-28 14:53:35', 6, '2000-01-01 00:00:00', 0, 1, NULL, 1909, 24, 3, 2, 1, 0);
INSERT INTO `meeting_events` (`id`, `created_at`, `updated_at`, `event_order`, `begin_time`, `is_out_of_race`, `is_autofilled`, `notes`, `meeting_session_id`, `event_type_id`, `heat_type_id`, `user_id`, `has_separate_gender_start_list`, `has_separate_category_start_list`)
  VALUES (9949, '2016-10-28 14:53:35', '2016-10-28 14:53:35', 7, '2000-01-01 00:00:00', 0, 1, NULL, 1909, 21, 3, 2, 1, 0);
INSERT INTO `meeting_events` (`id`, `created_at`, `updated_at`, `event_order`, `begin_time`, `is_out_of_race`, `is_autofilled`, `notes`, `meeting_session_id`, `event_type_id`, `heat_type_id`, `user_id`, `has_separate_gender_start_list`, `has_separate_category_start_list`)
  VALUES (9950, '2016-10-28 14:53:35', '2016-10-28 14:53:35', 8, '2000-01-01 00:00:00', 0, 1, NULL, 1909, 11, 3, 2, 1, 0);
INSERT INTO `meeting_events` (`id`, `created_at`, `updated_at`, `event_order`, `begin_time`, `is_out_of_race`, `is_autofilled`, `notes`, `meeting_session_id`, `event_type_id`, `heat_type_id`, `user_id`, `has_separate_gender_start_list`, `has_separate_category_start_list`)
  VALUES (9951, '2016-10-28 14:53:35', '2016-10-28 14:53:35', 9, '2000-01-01 00:00:00', 0, 1, NULL, 1909, 15, 3, 2, 1, 0);
INSERT INTO `meeting_events` (`id`, `created_at`, `updated_at`, `event_order`, `begin_time`, `is_out_of_race`, `is_autofilled`, `notes`, `meeting_session_id`, `event_type_id`, `heat_type_id`, `user_id`, `has_separate_gender_start_list`, `has_separate_category_start_list`)
  VALUES (9952, '2016-10-28 14:53:35', '2016-10-28 14:53:35', 10, '2000-01-01 00:00:00', 0, 1, NULL, 1909, 2, 3, 2, 1, 0);
INSERT INTO `meeting_events` (`id`, `created_at`, `updated_at`, `event_order`, `begin_time`, `is_out_of_race`, `is_autofilled`, `notes`, `meeting_session_id`, `event_type_id`, `heat_type_id`, `user_id`, `has_separate_gender_start_list`, `has_separate_category_start_list`)
  VALUES (9953, '2016-10-28 14:53:35', '2016-10-28 14:53:35', 11, '2000-01-01 00:00:00', 0, 1, NULL, 1909, 19, 3, 2, 1, 0);

-- 15204-viareggio TROFEO MUSSI-LOMBARDI-FEMIANO 2015-12-20
INSERT INTO `meetings` (`id`, `description`, `entry_deadline`, `has_warm_up_pool`, `is_under_25_admitted`, `reference_phone`, `reference_e_mail`, `reference_name`, `notes`, `has_invitation`, `has_start_list`, `are_results_acquired`, `max_individual_events`, `configuration_file`, `edition`, `season_id`, `user_id`, `created_at`, `updated_at`, `is_autofilled`, `header_date`, `code`, `header_year`, `max_individual_events_per_session`, `is_out_of_season`, `edition_type_id`, `timing_type_id`, `individual_score_computation_type_id`, `relay_score_computation_type_id`, `team_score_computation_type_id`, `meeting_score_computation_type_id`, `invitation`, `is_confirmed`)
  VALUES (16204, 'TROFEO MUSSI-LOMBARDI-FEMIANO', NULL, 0, 1, '', '', '', 'Versilia Nuoto', 0, 0, 0, 2, 'FIN04', 11, 162, 2, '2016-10-28 14:53:35', '2016-10-28 14:53:35', 1, '2016-12-18', 'viareggio', '2016/2017', 0, 0, 2, 3, 1, 1, 12, 1, NULL, 0);
INSERT INTO `meeting_sessions` (`id`, `session_order`, `scheduled_date`, `warm_up_time`, `begin_time`, `notes`, `meeting_id`, `swimming_pool_id`, `user_id`, `created_at`, `updated_at`, `description`, `is_autofilled`, `day_part_type_id`)
  VALUES (1910, 1, '2016-12-18', '2000-01-01 00:00:00', '2000-01-01 00:00:00', '', 16204, 24, 2, '2016-10-28 14:53:35', '2016-10-28 14:53:35', 'FINALI', 1, NULL);
INSERT INTO `meeting_events` (`id`, `created_at`, `updated_at`, `event_order`, `begin_time`, `is_out_of_race`, `is_autofilled`, `notes`, `meeting_session_id`, `event_type_id`, `heat_type_id`, `user_id`, `has_separate_gender_start_list`, `has_separate_category_start_list`)
  VALUES (9954, '2016-10-28 14:53:35', '2016-10-28 14:53:35', 1, '2000-01-01 00:00:00', 0, 1, NULL, 1910, 13, 3, 2, 1, 0);
INSERT INTO `meeting_events` (`id`, `created_at`, `updated_at`, `event_order`, `begin_time`, `is_out_of_race`, `is_autofilled`, `notes`, `meeting_session_id`, `event_type_id`, `heat_type_id`, `user_id`, `has_separate_gender_start_list`, `has_separate_category_start_list`)
  VALUES (9955, '2016-10-28 14:53:35', '2016-10-28 14:53:35', 2, '2000-01-01 00:00:00', 0, 1, NULL, 1910, 22, 3, 2, 1, 0);
INSERT INTO `meeting_events` (`id`, `created_at`, `updated_at`, `event_order`, `begin_time`, `is_out_of_race`, `is_autofilled`, `notes`, `meeting_session_id`, `event_type_id`, `heat_type_id`, `user_id`, `has_separate_gender_start_list`, `has_separate_category_start_list`)
  VALUES (9956, '2016-10-28 14:53:35', '2016-10-28 14:53:35', 3, '2000-01-01 00:00:00', 0, 1, NULL, 1910, 2, 3, 2, 1, 0);
INSERT INTO `meeting_events` (`id`, `created_at`, `updated_at`, `event_order`, `begin_time`, `is_out_of_race`, `is_autofilled`, `notes`, `meeting_session_id`, `event_type_id`, `heat_type_id`, `user_id`, `has_separate_gender_start_list`, `has_separate_category_start_list`)
  VALUES (9957, '2016-10-28 14:53:35', '2016-10-28 14:53:35', 4, '2000-01-01 00:00:00', 0, 1, NULL, 1910, 17, 3, 2, 1, 0);
INSERT INTO `meeting_sessions` (`id`, `session_order`, `scheduled_date`, `warm_up_time`, `begin_time`, `notes`, `meeting_id`, `swimming_pool_id`, `user_id`, `created_at`, `updated_at`, `description`, `is_autofilled`, `day_part_type_id`)
  VALUES (1911, 2, '2016-12-18', '2000-01-01 00:00:00', '2000-01-01 00:00:00', '', 16204, 24, 2, '2016-10-28 14:53:35', '2016-10-28 14:53:35', 'FINALI', 1, NULL);
INSERT INTO `meeting_events` (`id`, `created_at`, `updated_at`, `event_order`, `begin_time`, `is_out_of_race`, `is_autofilled`, `notes`, `meeting_session_id`, `event_type_id`, `heat_type_id`, `user_id`, `has_separate_gender_start_list`, `has_separate_category_start_list`)
  VALUES (9958, '2016-10-28 14:53:35', '2016-10-28 14:53:35', 5, '2000-01-01 00:00:00', 0, 1, NULL, 1911, 21, 3, 2, 1, 0);
INSERT INTO `meeting_events` (`id`, `created_at`, `updated_at`, `event_order`, `begin_time`, `is_out_of_race`, `is_autofilled`, `notes`, `meeting_session_id`, `event_type_id`, `heat_type_id`, `user_id`, `has_separate_gender_start_list`, `has_separate_category_start_list`)
  VALUES (9959, '2016-10-28 14:53:35', '2016-10-28 14:53:35', 6, '2000-01-01 00:00:00', 0, 1, NULL, 1911, 11, 3, 2, 1, 0);
INSERT INTO `meeting_events` (`id`, `created_at`, `updated_at`, `event_order`, `begin_time`, `is_out_of_race`, `is_autofilled`, `notes`, `meeting_session_id`, `event_type_id`, `heat_type_id`, `user_id`, `has_separate_gender_start_list`, `has_separate_category_start_list`)
  VALUES (9960, '2016-10-28 14:53:36', '2016-10-28 14:53:36', 7, '2000-01-01 00:00:00', 0, 1, NULL, 1911, 15, 3, 2, 1, 0);
INSERT INTO `meeting_events` (`id`, `created_at`, `updated_at`, `event_order`, `begin_time`, `is_out_of_race`, `is_autofilled`, `notes`, `meeting_session_id`, `event_type_id`, `heat_type_id`, `user_id`, `has_separate_gender_start_list`, `has_separate_category_start_list`)
  VALUES (9961, '2016-10-28 14:53:36', '2016-10-28 14:53:36', 8, '2000-01-01 00:00:00', 0, 1, NULL, 1911, 4, 3, 2, 1, 0);
INSERT INTO `meeting_events` (`id`, `created_at`, `updated_at`, `event_order`, `begin_time`, `is_out_of_race`, `is_autofilled`, `notes`, `meeting_session_id`, `event_type_id`, `heat_type_id`, `user_id`, `has_separate_gender_start_list`, `has_separate_category_start_list`)
  VALUES (9962, '2016-10-28 14:53:36', '2016-10-28 14:53:36', 9, '2000-01-01 00:00:00', 0, 1, NULL, 1911, 19, 3, 2, 1, 0);

-- 15205-gussago TROFEO CITTA' DI GUSSAGO 2016-01-30
INSERT INTO `meetings` (`id`, `description`, `entry_deadline`, `has_warm_up_pool`, `is_under_25_admitted`, `reference_phone`, `reference_e_mail`, `reference_name`, `notes`, `has_invitation`, `has_start_list`, `are_results_acquired`, `max_individual_events`, `configuration_file`, `edition`, `season_id`, `user_id`, `created_at`, `updated_at`, `is_autofilled`, `header_date`, `code`, `header_year`, `max_individual_events_per_session`, `is_out_of_season`, `edition_type_id`, `timing_type_id`, `individual_score_computation_type_id`, `relay_score_computation_type_id`, `team_score_computation_type_id`, `meeting_score_computation_type_id`, `invitation`, `is_confirmed`)
  VALUES (16205, 'TROFEO CITTA'' DI GUSSAGO', NULL, 1, 1, '349 5750276', 'trofeomasteraicsgmail.com', 'Mauro Zanetti', 'AICS Master - BS', 0, 0, 0, 2, 'FIN04', 21, 162, 2, '2016-10-28 14:53:36', '2016-10-28 14:53:36', 1, '2017-01-28', 'gussago', '2016/2017', 0, 0, 2, 3, 1, 1, 12, 1, NULL, 0);
INSERT INTO `meeting_sessions` (`id`, `session_order`, `scheduled_date`, `warm_up_time`, `begin_time`, `notes`, `meeting_id`, `swimming_pool_id`, `user_id`, `created_at`, `updated_at`, `description`, `is_autofilled`, `day_part_type_id`)
  VALUES (1912, 1, '2017-01-28', '2000-01-01 00:00:00', '2000-01-01 00:00:00', '', 16205, 35, 2, '2016-10-28 14:53:36', '2016-10-28 14:53:36', 'FINALI', 1, NULL);
INSERT INTO `meeting_events` (`id`, `created_at`, `updated_at`, `event_order`, `begin_time`, `is_out_of_race`, `is_autofilled`, `notes`, `meeting_session_id`, `event_type_id`, `heat_type_id`, `user_id`, `has_separate_gender_start_list`, `has_separate_category_start_list`)
  VALUES (9963, '2016-10-28 14:53:36', '2016-10-28 14:53:36', 1, '2000-01-01 00:00:00', 0, 1, NULL, 1912, 23, 3, 2, 1, 0);
INSERT INTO `meeting_events` (`id`, `created_at`, `updated_at`, `event_order`, `begin_time`, `is_out_of_race`, `is_autofilled`, `notes`, `meeting_session_id`, `event_type_id`, `heat_type_id`, `user_id`, `has_separate_gender_start_list`, `has_separate_category_start_list`)
  VALUES (9964, '2016-10-28 14:53:36', '2016-10-28 14:53:36', 2, '2000-01-01 00:00:00', 0, 1, NULL, 1912, 4, 3, 2, 1, 0);
INSERT INTO `meeting_events` (`id`, `created_at`, `updated_at`, `event_order`, `begin_time`, `is_out_of_race`, `is_autofilled`, `notes`, `meeting_session_id`, `event_type_id`, `heat_type_id`, `user_id`, `has_separate_gender_start_list`, `has_separate_category_start_list`)
  VALUES (9965, '2016-10-28 14:53:36', '2016-10-28 14:53:36', 3, '2000-01-01 00:00:00', 0, 1, NULL, 1912, 20, 3, 2, 1, 0);
INSERT INTO `meeting_events` (`id`, `created_at`, `updated_at`, `event_order`, `begin_time`, `is_out_of_race`, `is_autofilled`, `notes`, `meeting_session_id`, `event_type_id`, `heat_type_id`, `user_id`, `has_separate_gender_start_list`, `has_separate_category_start_list`)
  VALUES (9966, '2016-10-28 14:53:36', '2016-10-28 14:53:36', 16, '2000-01-01 16:56:30', 0, 1, NULL, 1912, 33, 3, 1, 1, 0);
INSERT INTO `meeting_events` (`id`, `created_at`, `updated_at`, `event_order`, `begin_time`, `is_out_of_race`, `is_autofilled`, `notes`, `meeting_session_id`, `event_type_id`, `heat_type_id`, `user_id`, `has_separate_gender_start_list`, `has_separate_category_start_list`)
  VALUES (9967, '2016-10-28 14:53:36', '2016-10-28 14:53:36', 17, '2000-01-01 16:55:30', 0, 1, NULL, 1912, 32, 3, 1, 1, 0);
INSERT INTO `meeting_events` (`id`, `created_at`, `updated_at`, `event_order`, `begin_time`, `is_out_of_race`, `is_autofilled`, `notes`, `meeting_session_id`, `event_type_id`, `heat_type_id`, `user_id`, `has_separate_gender_start_list`, `has_separate_category_start_list`)
  VALUES (9968, '2016-10-28 14:53:36', '2016-10-28 14:53:36', 18, '2000-01-01 16:51:00', 0, 1, NULL, 1912, 26, 3, 1, 1, 0);
INSERT INTO `meeting_events` (`id`, `created_at`, `updated_at`, `event_order`, `begin_time`, `is_out_of_race`, `is_autofilled`, `notes`, `meeting_session_id`, `event_type_id`, `heat_type_id`, `user_id`, `has_separate_gender_start_list`, `has_separate_category_start_list`)
  VALUES (9969, '2016-10-28 14:53:36', '2016-10-28 14:53:36', 19, '2000-01-01 16:46:30', 0, 1, NULL, 1912, 25, 3, 1, 1, 0);
INSERT INTO `meeting_sessions` (`id`, `session_order`, `scheduled_date`, `warm_up_time`, `begin_time`, `notes`, `meeting_id`, `swimming_pool_id`, `user_id`, `created_at`, `updated_at`, `description`, `is_autofilled`, `day_part_type_id`)
  VALUES (1913, 2, '2017-01-28', '2000-01-01 00:00:00', '2000-01-01 00:00:00', '', 16205, 35, 2, '2016-10-28 14:53:36', '2016-10-28 14:53:36', 'FINALI', 1, NULL);
INSERT INTO `meeting_events` (`id`, `created_at`, `updated_at`, `event_order`, `begin_time`, `is_out_of_race`, `is_autofilled`, `notes`, `meeting_session_id`, `event_type_id`, `heat_type_id`, `user_id`, `has_separate_gender_start_list`, `has_separate_category_start_list`)
  VALUES (9970, '2016-10-28 14:53:36', '2016-10-28 14:53:36', 4, '2000-01-01 00:00:00', 0, 1, NULL, 1913, 16, 3, 2, 1, 0);
INSERT INTO `meeting_events` (`id`, `created_at`, `updated_at`, `event_order`, `begin_time`, `is_out_of_race`, `is_autofilled`, `notes`, `meeting_session_id`, `event_type_id`, `heat_type_id`, `user_id`, `has_separate_gender_start_list`, `has_separate_category_start_list`)
  VALUES (9971, '2016-10-28 14:53:36', '2016-10-28 14:53:36', 5, '2000-01-01 00:00:00', 0, 1, NULL, 1913, 2, 3, 2, 1, 0);
INSERT INTO `meeting_events` (`id`, `created_at`, `updated_at`, `event_order`, `begin_time`, `is_out_of_race`, `is_autofilled`, `notes`, `meeting_session_id`, `event_type_id`, `heat_type_id`, `user_id`, `has_separate_gender_start_list`, `has_separate_category_start_list`)
  VALUES (9972, '2016-10-28 14:53:36', '2016-10-28 14:53:36', 6, '2000-01-01 00:00:00', 0, 1, NULL, 1913, 13, 3, 2, 1, 0);
INSERT INTO `meeting_events` (`id`, `created_at`, `updated_at`, `event_order`, `begin_time`, `is_out_of_race`, `is_autofilled`, `notes`, `meeting_session_id`, `event_type_id`, `heat_type_id`, `user_id`, `has_separate_gender_start_list`, `has_separate_category_start_list`)
  VALUES (9973, '2016-10-28 14:53:36', '2016-10-28 14:53:36', 7, '2000-01-01 00:00:00', 0, 1, NULL, 1913, 22, 3, 2, 1, 0);
INSERT INTO `meeting_sessions` (`id`, `session_order`, `scheduled_date`, `warm_up_time`, `begin_time`, `notes`, `meeting_id`, `swimming_pool_id`, `user_id`, `created_at`, `updated_at`, `description`, `is_autofilled`, `day_part_type_id`)
  VALUES (1914, 3, '2017-01-29', '2000-01-01 00:00:00', '2000-01-01 00:00:00', '', 16205, 35, 2, '2016-10-28 14:53:36', '2016-10-28 14:53:36', 'FINALI', 1, NULL);
INSERT INTO `meeting_events` (`id`, `created_at`, `updated_at`, `event_order`, `begin_time`, `is_out_of_race`, `is_autofilled`, `notes`, `meeting_session_id`, `event_type_id`, `heat_type_id`, `user_id`, `has_separate_gender_start_list`, `has_separate_category_start_list`)
  VALUES (9974, '2016-10-28 14:53:36', '2016-10-28 14:53:36', 9, '2000-01-01 00:00:00', 0, 1, NULL, 1914, 21, 3, 2, 1, 0);
INSERT INTO `meeting_events` (`id`, `created_at`, `updated_at`, `event_order`, `begin_time`, `is_out_of_race`, `is_autofilled`, `notes`, `meeting_session_id`, `event_type_id`, `heat_type_id`, `user_id`, `has_separate_gender_start_list`, `has_separate_category_start_list`)
  VALUES (9975, '2016-10-28 14:53:36', '2016-10-28 14:53:36', 10, '2000-01-01 00:00:00', 0, 1, NULL, 1914, 15, 3, 2, 1, 0);
INSERT INTO `meeting_events` (`id`, `created_at`, `updated_at`, `event_order`, `begin_time`, `is_out_of_race`, `is_autofilled`, `notes`, `meeting_session_id`, `event_type_id`, `heat_type_id`, `user_id`, `has_separate_gender_start_list`, `has_separate_category_start_list`)
  VALUES (9976, '2016-10-28 14:53:36', '2016-10-28 14:53:36', 11, '2000-01-01 00:00:00', 0, 1, NULL, 1914, 11, 3, 2, 1, 0);
INSERT INTO `meeting_events` (`id`, `created_at`, `updated_at`, `event_order`, `begin_time`, `is_out_of_race`, `is_autofilled`, `notes`, `meeting_session_id`, `event_type_id`, `heat_type_id`, `user_id`, `has_separate_gender_start_list`, `has_separate_category_start_list`)
  VALUES (9977, '2016-10-28 14:53:36', '2016-10-28 14:53:36', 12, '2000-01-01 00:00:00', 0, 1, NULL, 1914, 3, 3, 2, 1, 0);
INSERT INTO `meeting_sessions` (`id`, `session_order`, `scheduled_date`, `warm_up_time`, `begin_time`, `notes`, `meeting_id`, `swimming_pool_id`, `user_id`, `created_at`, `updated_at`, `description`, `is_autofilled`, `day_part_type_id`)
  VALUES (1915, 4, '2017-01-29', '2000-01-01 00:00:00', '2000-01-01 00:00:00', '', 16205, 35, 2, '2016-10-28 14:53:36', '2016-10-28 14:53:36', 'FINALI', 1, NULL);
INSERT INTO `meeting_events` (`id`, `created_at`, `updated_at`, `event_order`, `begin_time`, `is_out_of_race`, `is_autofilled`, `notes`, `meeting_session_id`, `event_type_id`, `heat_type_id`, `user_id`, `has_separate_gender_start_list`, `has_separate_category_start_list`)
  VALUES (9978, '2016-10-28 14:53:36', '2016-10-28 14:53:36', 13, '2000-01-01 00:00:00', 0, 1, NULL, 1915, 17, 3, 2, 1, 0);
INSERT INTO `meeting_events` (`id`, `created_at`, `updated_at`, `event_order`, `begin_time`, `is_out_of_race`, `is_autofilled`, `notes`, `meeting_session_id`, `event_type_id`, `heat_type_id`, `user_id`, `has_separate_gender_start_list`, `has_separate_category_start_list`)
  VALUES (9979, '2016-10-28 14:53:36', '2016-10-28 14:53:36', 14, '2000-01-01 00:00:00', 0, 1, NULL, 1915, 19, 3, 2, 1, 0);
INSERT INTO `meeting_events` (`id`, `created_at`, `updated_at`, `event_order`, `begin_time`, `is_out_of_race`, `is_autofilled`, `notes`, `meeting_session_id`, `event_type_id`, `heat_type_id`, `user_id`, `has_separate_gender_start_list`, `has_separate_category_start_list`)
  VALUES (9980, '2016-10-28 14:53:36', '2016-10-28 14:53:36', 15, '2000-01-01 00:00:00', 0, 1, NULL, 1915, 12, 3, 2, 1, 0);

-- 15206-ravenna TROFEO CITTA' DI RAVENNA 2016-01-16
INSERT INTO `meetings` (`id`, `description`, `entry_deadline`, `has_warm_up_pool`, `is_under_25_admitted`, `reference_phone`, `reference_e_mail`, `reference_name`, `notes`, `has_invitation`, `has_start_list`, `are_results_acquired`, `max_individual_events`, `configuration_file`, `edition`, `season_id`, `user_id`, `created_at`, `updated_at`, `is_autofilled`, `header_date`, `code`, `header_year`, `max_individual_events_per_session`, `is_out_of_season`, `edition_type_id`, `timing_type_id`, `individual_score_computation_type_id`, `relay_score_computation_type_id`, `team_score_computation_type_id`, `meeting_score_computation_type_id`, `invitation`, `is_confirmed`)
  VALUES (16206, 'TROFEO CITTA'' DI RAVENNA', NULL, 1, 1, '', 'vale.m@tin.it', 'Valeria Mazzotti', 'Rinascita Team Romagna', 0, 0, 0, 2, 'FIN04', 15, 162, 2, '2016-10-28 14:53:36', '2016-10-28 14:53:36', 1, '2017-01-14', 'ravenna', '2016/2017', 0, 0, 2, 3, 1, 1, 12, 1, NULL, 0);
INSERT INTO `meeting_sessions` (`id`, `session_order`, `scheduled_date`, `warm_up_time`, `begin_time`, `notes`, `meeting_id`, `swimming_pool_id`, `user_id`, `created_at`, `updated_at`, `description`, `is_autofilled`, `day_part_type_id`)
  VALUES (1916, 1, '2017-01-14', '2000-01-01 00:00:00', '2000-01-01 00:00:00', '', 16206, 18, 2, '2016-10-28 14:53:36', '2016-10-28 14:53:36', 'FINALI', 1, NULL);
INSERT INTO `meeting_events` (`id`, `created_at`, `updated_at`, `event_order`, `begin_time`, `is_out_of_race`, `is_autofilled`, `notes`, `meeting_session_id`, `event_type_id`, `heat_type_id`, `user_id`, `has_separate_gender_start_list`, `has_separate_category_start_list`)
  VALUES (9981, '2016-10-28 14:53:36', '2016-10-28 14:53:36', 1, '2000-01-01 00:00:00', 0, 1, NULL, 1916, 4, 3, 2, 1, 0);
INSERT INTO `meeting_events` (`id`, `created_at`, `updated_at`, `event_order`, `begin_time`, `is_out_of_race`, `is_autofilled`, `notes`, `meeting_session_id`, `event_type_id`, `heat_type_id`, `user_id`, `has_separate_gender_start_list`, `has_separate_category_start_list`)
  VALUES (9982, '2016-10-28 14:53:36', '2016-10-28 14:53:36', 2, '2000-01-01 00:00:00', 0, 1, NULL, 1916, 16, 3, 2, 1, 0);
INSERT INTO `meeting_events` (`id`, `created_at`, `updated_at`, `event_order`, `begin_time`, `is_out_of_race`, `is_autofilled`, `notes`, `meeting_session_id`, `event_type_id`, `heat_type_id`, `user_id`, `has_separate_gender_start_list`, `has_separate_category_start_list`)
  VALUES (9983, '2016-10-28 14:53:36', '2016-10-28 14:53:36', 3, '2000-01-01 00:00:00', 0, 1, NULL, 1916, 12, 3, 2, 1, 0);
INSERT INTO `meeting_events` (`id`, `created_at`, `updated_at`, `event_order`, `begin_time`, `is_out_of_race`, `is_autofilled`, `notes`, `meeting_session_id`, `event_type_id`, `heat_type_id`, `user_id`, `has_separate_gender_start_list`, `has_separate_category_start_list`)
  VALUES (9984, '2016-10-28 14:53:36', '2016-10-28 14:53:36', 4, '2000-01-01 00:00:00', 0, 1, NULL, 1916, 2, 3, 2, 1, 0);
INSERT INTO `meeting_events` (`id`, `created_at`, `updated_at`, `event_order`, `begin_time`, `is_out_of_race`, `is_autofilled`, `notes`, `meeting_session_id`, `event_type_id`, `heat_type_id`, `user_id`, `has_separate_gender_start_list`, `has_separate_category_start_list`)
  VALUES (9985, '2016-10-28 14:53:36', '2016-10-28 14:53:36', 5, '2000-01-01 00:00:00', 0, 1, NULL, 1916, 19, 3, 2, 1, 0);
INSERT INTO `meeting_events` (`id`, `created_at`, `updated_at`, `event_order`, `begin_time`, `is_out_of_race`, `is_autofilled`, `notes`, `meeting_session_id`, `event_type_id`, `heat_type_id`, `user_id`, `has_separate_gender_start_list`, `has_separate_category_start_list`)
  VALUES (9986, '2016-10-28 14:53:36', '2016-10-28 14:53:36', 11, '2000-01-01 11:26:00', 0, 1, NULL, 1916, 5, 3, 1, 1, 0);
INSERT INTO `meeting_sessions` (`id`, `session_order`, `scheduled_date`, `warm_up_time`, `begin_time`, `notes`, `meeting_id`, `swimming_pool_id`, `user_id`, `created_at`, `updated_at`, `description`, `is_autofilled`, `day_part_type_id`)
  VALUES (1917, 2, '2017-01-15', '2000-01-01 00:00:00', '2000-01-01 00:00:00', '', 16206, 18, 2, '2016-10-28 14:53:36', '2016-10-28 14:53:36', 'FINALI', 1, NULL);
INSERT INTO `meeting_events` (`id`, `created_at`, `updated_at`, `event_order`, `begin_time`, `is_out_of_race`, `is_autofilled`, `notes`, `meeting_session_id`, `event_type_id`, `heat_type_id`, `user_id`, `has_separate_gender_start_list`, `has_separate_category_start_list`)
  VALUES (9987, '2016-10-28 14:53:36', '2016-10-28 14:53:36', 6, '2000-01-01 00:00:00', 0, 1, NULL, 1917, 23, 3, 2, 1, 0);
INSERT INTO `meeting_events` (`id`, `created_at`, `updated_at`, `event_order`, `begin_time`, `is_out_of_race`, `is_autofilled`, `notes`, `meeting_session_id`, `event_type_id`, `heat_type_id`, `user_id`, `has_separate_gender_start_list`, `has_separate_category_start_list`)
  VALUES (9988, '2016-10-28 14:53:36', '2016-10-28 14:53:36', 7, '2000-01-01 00:00:00', 0, 1, NULL, 1917, 3, 3, 2, 1, 0);
INSERT INTO `meeting_events` (`id`, `created_at`, `updated_at`, `event_order`, `begin_time`, `is_out_of_race`, `is_autofilled`, `notes`, `meeting_session_id`, `event_type_id`, `heat_type_id`, `user_id`, `has_separate_gender_start_list`, `has_separate_category_start_list`)
  VALUES (9989, '2016-10-28 14:53:36', '2016-10-28 14:53:36', 8, '2000-01-01 00:00:00', 0, 1, NULL, 1917, 20, 3, 2, 1, 0);
INSERT INTO `meeting_events` (`id`, `created_at`, `updated_at`, `event_order`, `begin_time`, `is_out_of_race`, `is_autofilled`, `notes`, `meeting_session_id`, `event_type_id`, `heat_type_id`, `user_id`, `has_separate_gender_start_list`, `has_separate_category_start_list`)
  VALUES (9990, '2016-10-28 14:53:36', '2016-10-28 14:53:36', 9, '2000-01-01 00:00:00', 0, 1, NULL, 1917, 11, 3, 2, 1, 0);
INSERT INTO `meeting_events` (`id`, `created_at`, `updated_at`, `event_order`, `begin_time`, `is_out_of_race`, `is_autofilled`, `notes`, `meeting_session_id`, `event_type_id`, `heat_type_id`, `user_id`, `has_separate_gender_start_list`, `has_separate_category_start_list`)
  VALUES (9991, '2016-10-28 14:53:36', '2016-10-28 14:53:36', 10, '2000-01-01 00:00:00', 0, 1, NULL, 1917, 15, 3, 2, 1, 0);

-- 15207-regemilia REGIONALI FIN EMILIA 2016-02-14
INSERT INTO `meetings` (`id`, `description`, `entry_deadline`, `has_warm_up_pool`, `is_under_25_admitted`, `reference_phone`, `reference_e_mail`, `reference_name`, `notes`, `has_invitation`, `has_start_list`, `are_results_acquired`, `max_individual_events`, `configuration_file`, `edition`, `season_id`, `user_id`, `created_at`, `updated_at`, `is_autofilled`, `header_date`, `code`, `header_year`, `max_individual_events_per_session`, `is_out_of_season`, `edition_type_id`, `timing_type_id`, `individual_score_computation_type_id`, `relay_score_computation_type_id`, `team_score_computation_type_id`, `meeting_score_computation_type_id`, `invitation`, `is_confirmed`)
  VALUES (16207, 'REGIONALI FIN EMILIA', NULL, 1, 1, '', 'vincenzo_lodi@glfinishing.com', 'Vincenzo Lodi', 'CR Emilia', 0, 0, 0, 2, 'FIN04', 2, 162, 2, '2016-10-28 14:53:36', '2016-10-28 14:53:36', 1, '2017-02-12', 'regemilia', '2016/2017', 0, 0, 4, 3, 1, 1, 12, 1, NULL, 0);
INSERT INTO `meeting_sessions` (`id`, `session_order`, `scheduled_date`, `warm_up_time`, `begin_time`, `notes`, `meeting_id`, `swimming_pool_id`, `user_id`, `created_at`, `updated_at`, `description`, `is_autofilled`, `day_part_type_id`)
  VALUES (1918, 1, '2017-02-12', '2000-01-01 00:00:08', '2000-01-01 00:00:08', '', 16207, 49, 2, '2016-10-28 14:53:36', '2016-10-28 14:53:36', 'FINALI', 1, 1);
INSERT INTO `meeting_events` (`id`, `created_at`, `updated_at`, `event_order`, `begin_time`, `is_out_of_race`, `is_autofilled`, `notes`, `meeting_session_id`, `event_type_id`, `heat_type_id`, `user_id`, `has_separate_gender_start_list`, `has_separate_category_start_list`)
  VALUES (9992, '2016-10-28 14:53:36', '2016-10-28 14:53:36', 1, '2000-01-01 00:00:00', 0, 1, NULL, 1918, 6, 3, 2, 1, 0);
INSERT INTO `meeting_events` (`id`, `created_at`, `updated_at`, `event_order`, `begin_time`, `is_out_of_race`, `is_autofilled`, `notes`, `meeting_session_id`, `event_type_id`, `heat_type_id`, `user_id`, `has_separate_gender_start_list`, `has_separate_category_start_list`)
  VALUES (9993, '2016-10-28 14:53:36', '2016-10-28 14:53:36', 2, '2000-01-01 00:00:00', 0, 1, NULL, 1918, 24, 3, 2, 1, 0);
INSERT INTO `meeting_events` (`id`, `created_at`, `updated_at`, `event_order`, `begin_time`, `is_out_of_race`, `is_autofilled`, `notes`, `meeting_session_id`, `event_type_id`, `heat_type_id`, `user_id`, `has_separate_gender_start_list`, `has_separate_category_start_list`)
  VALUES (9994, '2016-10-28 14:53:36', '2016-10-28 14:53:36', 3, '2000-01-01 00:00:00', 0, 1, NULL, 1918, 19, 3, 2, 1, 0);
INSERT INTO `meeting_events` (`id`, `created_at`, `updated_at`, `event_order`, `begin_time`, `is_out_of_race`, `is_autofilled`, `notes`, `meeting_session_id`, `event_type_id`, `heat_type_id`, `user_id`, `has_separate_gender_start_list`, `has_separate_category_start_list`)
  VALUES (9995, '2016-10-28 14:53:36', '2016-10-28 14:53:36', 4, '2000-01-01 00:00:00', 0, 1, NULL, 1918, 16, 3, 2, 1, 0);
INSERT INTO `meeting_events` (`id`, `created_at`, `updated_at`, `event_order`, `begin_time`, `is_out_of_race`, `is_autofilled`, `notes`, `meeting_session_id`, `event_type_id`, `heat_type_id`, `user_id`, `has_separate_gender_start_list`, `has_separate_category_start_list`)
  VALUES (9996, '2016-10-28 14:53:36', '2016-10-28 14:53:36', 19, '2000-01-01 18:52:29', 0, 1, NULL, 1918, 33, 3, 1, 1, 0);
INSERT INTO `meeting_events` (`id`, `created_at`, `updated_at`, `event_order`, `begin_time`, `is_out_of_race`, `is_autofilled`, `notes`, `meeting_session_id`, `event_type_id`, `heat_type_id`, `user_id`, `has_separate_gender_start_list`, `has_separate_category_start_list`)
  VALUES (9997, '2016-10-28 14:53:36', '2016-10-28 14:53:36', 20, '2000-01-01 19:14:31', 0, 1, NULL, 1918, 32, 3, 1, 1, 0);
INSERT INTO `meeting_events` (`id`, `created_at`, `updated_at`, `event_order`, `begin_time`, `is_out_of_race`, `is_autofilled`, `notes`, `meeting_session_id`, `event_type_id`, `heat_type_id`, `user_id`, `has_separate_gender_start_list`, `has_separate_category_start_list`)
  VALUES (9998, '2016-10-28 14:53:36', '2016-10-28 14:53:36', 21, '2000-01-01 18:48:31', 0, 1, NULL, 1918, 26, 3, 1, 1, 0);
INSERT INTO `meeting_events` (`id`, `created_at`, `updated_at`, `event_order`, `begin_time`, `is_out_of_race`, `is_autofilled`, `notes`, `meeting_session_id`, `event_type_id`, `heat_type_id`, `user_id`, `has_separate_gender_start_list`, `has_separate_category_start_list`)
  VALUES (9999, '2016-10-28 14:53:36', '2016-10-28 14:53:36', 22, '2000-01-01 17:57:48', 0, 1, NULL, 1918, 25, 3, 1, 1, 0);
INSERT INTO `meeting_sessions` (`id`, `session_order`, `scheduled_date`, `warm_up_time`, `begin_time`, `notes`, `meeting_id`, `swimming_pool_id`, `user_id`, `created_at`, `updated_at`, `description`, `is_autofilled`, `day_part_type_id`)
  VALUES (1919, 2, '2017-02-12', '2000-01-01 00:00:14', '2000-01-01 00:00:14', '', 16207, 49, 2, '2016-10-28 14:53:36', '2016-10-28 14:53:36', 'FINALI', 1, 2);
INSERT INTO `meeting_events` (`id`, `created_at`, `updated_at`, `event_order`, `begin_time`, `is_out_of_race`, `is_autofilled`, `notes`, `meeting_session_id`, `event_type_id`, `heat_type_id`, `user_id`, `has_separate_gender_start_list`, `has_separate_category_start_list`)
  VALUES (10000, '2016-10-28 14:53:36', '2016-10-28 14:53:36', 5, '2000-01-01 00:00:00', 0, 1, NULL, 1919, 12, 3, 2, 1, 0);
INSERT INTO `meeting_events` (`id`, `created_at`, `updated_at`, `event_order`, `begin_time`, `is_out_of_race`, `is_autofilled`, `notes`, `meeting_session_id`, `event_type_id`, `heat_type_id`, `user_id`, `has_separate_gender_start_list`, `has_separate_category_start_list`)
  VALUES (10001, '2016-10-28 14:53:36', '2016-10-28 14:53:36', 6, '2000-01-01 00:00:00', 0, 1, NULL, 1919, 2, 3, 2, 1, 0);
INSERT INTO `meeting_events` (`id`, `created_at`, `updated_at`, `event_order`, `begin_time`, `is_out_of_race`, `is_autofilled`, `notes`, `meeting_session_id`, `event_type_id`, `heat_type_id`, `user_id`, `has_separate_gender_start_list`, `has_separate_category_start_list`)
  VALUES (10002, '2016-10-28 14:53:36', '2016-10-28 14:53:36', 7, '2000-01-01 00:00:00', 0, 1, NULL, 1919, 22, 3, 2, 1, 0);
INSERT INTO `meeting_events` (`id`, `created_at`, `updated_at`, `event_order`, `begin_time`, `is_out_of_race`, `is_autofilled`, `notes`, `meeting_session_id`, `event_type_id`, `heat_type_id`, `user_id`, `has_separate_gender_start_list`, `has_separate_category_start_list`)
  VALUES (10003, '2016-10-28 14:53:36', '2016-10-28 14:53:36', 8, '2000-01-01 00:00:00', 0, 1, NULL, 1919, 4, 3, 2, 1, 0);
INSERT INTO `meeting_events` (`id`, `created_at`, `updated_at`, `event_order`, `begin_time`, `is_out_of_race`, `is_autofilled`, `notes`, `meeting_session_id`, `event_type_id`, `heat_type_id`, `user_id`, `has_separate_gender_start_list`, `has_separate_category_start_list`)
  VALUES (10004, '2016-10-28 14:53:36', '2016-10-28 14:53:36', 9, '2000-01-01 00:00:00', 0, 1, NULL, 1919, 15, 3, 2, 1, 0);
INSERT INTO `meeting_events` (`id`, `created_at`, `updated_at`, `event_order`, `begin_time`, `is_out_of_race`, `is_autofilled`, `notes`, `meeting_session_id`, `event_type_id`, `heat_type_id`, `user_id`, `has_separate_gender_start_list`, `has_separate_category_start_list`)
  VALUES (10005, '2016-10-28 14:53:36', '2016-10-28 14:53:36', 10, '2000-01-01 00:00:00', 0, 1, NULL, 1919, 21, 3, 2, 1, 0);
INSERT INTO `meeting_sessions` (`id`, `session_order`, `scheduled_date`, `warm_up_time`, `begin_time`, `notes`, `meeting_id`, `swimming_pool_id`, `user_id`, `created_at`, `updated_at`, `description`, `is_autofilled`, `day_part_type_id`)
  VALUES (1920, 3, '2017-02-19', '2000-01-01 00:00:08', '2000-01-01 00:00:08', '', 16207, 49, 2, '2016-10-28 14:53:36', '2016-10-28 14:53:36', 'FINALI', 1, 1);
INSERT INTO `meeting_events` (`id`, `created_at`, `updated_at`, `event_order`, `begin_time`, `is_out_of_race`, `is_autofilled`, `notes`, `meeting_session_id`, `event_type_id`, `heat_type_id`, `user_id`, `has_separate_gender_start_list`, `has_separate_category_start_list`)
  VALUES (10006, '2016-10-28 14:53:36', '2016-10-28 14:53:36', 11, '2000-01-01 00:00:00', 0, 1, NULL, 1920, 5, 3, 2, 1, 0);
INSERT INTO `meeting_events` (`id`, `created_at`, `updated_at`, `event_order`, `begin_time`, `is_out_of_race`, `is_autofilled`, `notes`, `meeting_session_id`, `event_type_id`, `heat_type_id`, `user_id`, `has_separate_gender_start_list`, `has_separate_category_start_list`)
  VALUES (10007, '2016-10-28 14:53:36', '2016-10-28 14:53:36', 12, '2000-01-01 00:00:00', 0, 1, NULL, 1920, 11, 3, 2, 1, 0);
INSERT INTO `meeting_events` (`id`, `created_at`, `updated_at`, `event_order`, `begin_time`, `is_out_of_race`, `is_autofilled`, `notes`, `meeting_session_id`, `event_type_id`, `heat_type_id`, `user_id`, `has_separate_gender_start_list`, `has_separate_category_start_list`)
  VALUES (10008, '2016-10-28 14:53:36', '2016-10-28 14:53:36', 13, '2000-01-01 00:00:00', 0, 1, NULL, 1920, 20, 3, 2, 1, 0);
INSERT INTO `meeting_events` (`id`, `created_at`, `updated_at`, `event_order`, `begin_time`, `is_out_of_race`, `is_autofilled`, `notes`, `meeting_session_id`, `event_type_id`, `heat_type_id`, `user_id`, `has_separate_gender_start_list`, `has_separate_category_start_list`)
  VALUES (10009, '2016-10-28 14:53:36', '2016-10-28 14:53:36', 14, '2000-01-01 00:00:00', 0, 1, NULL, 1920, 3, 3, 2, 1, 0);
INSERT INTO `meeting_sessions` (`id`, `session_order`, `scheduled_date`, `warm_up_time`, `begin_time`, `notes`, `meeting_id`, `swimming_pool_id`, `user_id`, `created_at`, `updated_at`, `description`, `is_autofilled`, `day_part_type_id`)
  VALUES (1921, 4, '2017-02-19', '2000-01-01 00:00:14', '2000-01-01 00:00:14', '', 16207, 49, 2, '2016-10-28 14:53:36', '2016-10-28 14:53:36', 'FINALI', 1, 2);
INSERT INTO `meeting_events` (`id`, `created_at`, `updated_at`, `event_order`, `begin_time`, `is_out_of_race`, `is_autofilled`, `notes`, `meeting_session_id`, `event_type_id`, `heat_type_id`, `user_id`, `has_separate_gender_start_list`, `has_separate_category_start_list`)
  VALUES (10010, '2016-10-28 14:53:36', '2016-10-28 14:53:36', 15, '2000-01-01 00:00:00', 0, 1, NULL, 1921, 7, 3, 2, 1, 0);
INSERT INTO `meeting_events` (`id`, `created_at`, `updated_at`, `event_order`, `begin_time`, `is_out_of_race`, `is_autofilled`, `notes`, `meeting_session_id`, `event_type_id`, `heat_type_id`, `user_id`, `has_separate_gender_start_list`, `has_separate_category_start_list`)
  VALUES (10011, '2016-10-28 14:53:36', '2016-10-28 14:53:36', 16, '2000-01-01 00:00:00', 0, 1, NULL, 1921, 17, 3, 2, 1, 0);
INSERT INTO `meeting_events` (`id`, `created_at`, `updated_at`, `event_order`, `begin_time`, `is_out_of_race`, `is_autofilled`, `notes`, `meeting_session_id`, `event_type_id`, `heat_type_id`, `user_id`, `has_separate_gender_start_list`, `has_separate_category_start_list`)
  VALUES (10012, '2016-10-28 14:53:36', '2016-10-28 14:53:36', 17, '2000-01-01 00:00:00', 0, 1, NULL, 1921, 13, 3, 2, 1, 0);
INSERT INTO `meeting_events` (`id`, `created_at`, `updated_at`, `event_order`, `begin_time`, `is_out_of_race`, `is_autofilled`, `notes`, `meeting_session_id`, `event_type_id`, `heat_type_id`, `user_id`, `has_separate_gender_start_list`, `has_separate_category_start_list`)
  VALUES (10013, '2016-10-28 14:53:36', '2016-10-28 14:53:36', 18, '2000-01-01 00:00:00', 0, 1, NULL, 1921, 23, 3, 2, 1, 0);

-- 15208-bolognanuovonuoto TROFEO NUOVO NUOTO 2016-04-03
INSERT INTO `meetings` (`id`, `description`, `entry_deadline`, `has_warm_up_pool`, `is_under_25_admitted`, `reference_phone`, `reference_e_mail`, `reference_name`, `notes`, `has_invitation`, `has_start_list`, `are_results_acquired`, `max_individual_events`, `configuration_file`, `edition`, `season_id`, `user_id`, `created_at`, `updated_at`, `is_autofilled`, `header_date`, `code`, `header_year`, `max_individual_events_per_session`, `is_out_of_season`, `edition_type_id`, `timing_type_id`, `individual_score_computation_type_id`, `relay_score_computation_type_id`, `team_score_computation_type_id`, `meeting_score_computation_type_id`, `invitation`, `is_confirmed`)
  VALUES (16208, 'TROFEO NUOVO NUOTO', NULL, 1, 1, '347 4321509', 'info@nuovonuoto.it', 'Fabio Bettazzoni', '29 Marzo 2015\r\nNuovo Nuoto', 0, 0, 0, 2, 'FIN04', 17, 162, 2, '2016-10-28 14:53:36', '2016-10-28 14:53:36', 1, '2017-04-02', 'bolognanuovonuoto', '2016/2017', 0, 0, 2, 3, 1, 1, 12, 1, NULL, 0);
INSERT INTO `meeting_sessions` (`id`, `session_order`, `scheduled_date`, `warm_up_time`, `begin_time`, `notes`, `meeting_id`, `swimming_pool_id`, `user_id`, `created_at`, `updated_at`, `description`, `is_autofilled`, `day_part_type_id`)
  VALUES (1922, 1, '2017-04-02', '2000-01-01 00:00:00', '2000-01-01 00:00:00', '', 16208, 16, 2, '2016-10-28 14:53:36', '2016-10-28 14:53:36', 'FINALI', 1, NULL);
INSERT INTO `meeting_events` (`id`, `created_at`, `updated_at`, `event_order`, `begin_time`, `is_out_of_race`, `is_autofilled`, `notes`, `meeting_session_id`, `event_type_id`, `heat_type_id`, `user_id`, `has_separate_gender_start_list`, `has_separate_category_start_list`)
  VALUES (10014, '2016-10-28 14:53:36', '2016-10-28 14:53:36', 1, '2000-01-01 00:00:00', 0, 1, NULL, 1922, 19, 3, 2, 1, 0);
INSERT INTO `meeting_events` (`id`, `created_at`, `updated_at`, `event_order`, `begin_time`, `is_out_of_race`, `is_autofilled`, `notes`, `meeting_session_id`, `event_type_id`, `heat_type_id`, `user_id`, `has_separate_gender_start_list`, `has_separate_category_start_list`)
  VALUES (10015, '2016-10-28 14:53:36', '2016-10-28 14:53:36', 2, '2000-01-01 00:00:00', 0, 1, NULL, 1922, 3, 3, 2, 1, 0);
INSERT INTO `meeting_events` (`id`, `created_at`, `updated_at`, `event_order`, `begin_time`, `is_out_of_race`, `is_autofilled`, `notes`, `meeting_session_id`, `event_type_id`, `heat_type_id`, `user_id`, `has_separate_gender_start_list`, `has_separate_category_start_list`)
  VALUES (10016, '2016-10-28 14:53:36', '2016-10-28 14:53:36', 3, '2000-01-01 00:00:00', 0, 1, NULL, 1922, 17, 3, 2, 1, 0);
INSERT INTO `meeting_events` (`id`, `created_at`, `updated_at`, `event_order`, `begin_time`, `is_out_of_race`, `is_autofilled`, `notes`, `meeting_session_id`, `event_type_id`, `heat_type_id`, `user_id`, `has_separate_gender_start_list`, `has_separate_category_start_list`)
  VALUES (10017, '2016-10-28 14:53:36', '2016-10-28 14:53:36', 4, '2000-01-01 00:00:00', 0, 1, NULL, 1922, 23, 3, 2, 1, 0);
INSERT INTO `meeting_events` (`id`, `created_at`, `updated_at`, `event_order`, `begin_time`, `is_out_of_race`, `is_autofilled`, `notes`, `meeting_session_id`, `event_type_id`, `heat_type_id`, `user_id`, `has_separate_gender_start_list`, `has_separate_category_start_list`)
  VALUES (10018, '2016-10-28 14:53:36', '2016-10-28 14:53:36', 5, '2000-01-01 00:00:00', 0, 1, NULL, 1922, 12, 3, 2, 1, 0);
INSERT INTO `meeting_events` (`id`, `created_at`, `updated_at`, `event_order`, `begin_time`, `is_out_of_race`, `is_autofilled`, `notes`, `meeting_session_id`, `event_type_id`, `heat_type_id`, `user_id`, `has_separate_gender_start_list`, `has_separate_category_start_list`)
  VALUES (10019, '2016-10-28 14:53:36', '2016-10-28 14:53:36', 6, '2000-01-01 00:00:00', 0, 1, NULL, 1922, 2, 3, 2, 1, 0);
INSERT INTO `meeting_events` (`id`, `created_at`, `updated_at`, `event_order`, `begin_time`, `is_out_of_race`, `is_autofilled`, `notes`, `meeting_session_id`, `event_type_id`, `heat_type_id`, `user_id`, `has_separate_gender_start_list`, `has_separate_category_start_list`)
  VALUES (10020, '2016-10-28 14:53:36', '2016-10-28 14:53:36', 7, '2000-01-01 11:42:30', 0, 1, NULL, 1922, 33, 3, 1, 1, 0);
INSERT INTO `meeting_events` (`id`, `created_at`, `updated_at`, `event_order`, `begin_time`, `is_out_of_race`, `is_autofilled`, `notes`, `meeting_session_id`, `event_type_id`, `heat_type_id`, `user_id`, `has_separate_gender_start_list`, `has_separate_category_start_list`)
  VALUES (10021, '2016-10-28 14:53:36', '2016-10-28 14:53:36', 8, '2000-01-01 11:41:30', 0, 1, NULL, 1922, 32, 3, 1, 1, 0);
INSERT INTO `meeting_events` (`id`, `created_at`, `updated_at`, `event_order`, `begin_time`, `is_out_of_race`, `is_autofilled`, `notes`, `meeting_session_id`, `event_type_id`, `heat_type_id`, `user_id`, `has_separate_gender_start_list`, `has_separate_category_start_list`)
  VALUES (10022, '2016-10-28 14:53:37', '2016-10-28 14:53:37', 9, '2000-01-01 11:37:00', 0, 1, NULL, 1922, 26, 3, 1, 1, 0);
INSERT INTO `meeting_events` (`id`, `created_at`, `updated_at`, `event_order`, `begin_time`, `is_out_of_race`, `is_autofilled`, `notes`, `meeting_session_id`, `event_type_id`, `heat_type_id`, `user_id`, `has_separate_gender_start_list`, `has_separate_category_start_list`)
  VALUES (10023, '2016-10-28 14:53:37', '2016-10-28 14:53:37', 10, '2000-01-01 11:27:30', 0, 1, NULL, 1922, 25, 3, 1, 1, 0);

-- 15209-forlifanatik TROFEO FANATIK TEAM 2015-11-22
INSERT INTO `meetings` (`id`, `description`, `entry_deadline`, `has_warm_up_pool`, `is_under_25_admitted`, `reference_phone`, `reference_e_mail`, `reference_name`, `notes`, `has_invitation`, `has_start_list`, `are_results_acquired`, `max_individual_events`, `configuration_file`, `edition`, `season_id`, `user_id`, `created_at`, `updated_at`, `is_autofilled`, `header_date`, `code`, `header_year`, `max_individual_events_per_session`, `is_out_of_season`, `edition_type_id`, `timing_type_id`, `individual_score_computation_type_id`, `relay_score_computation_type_id`, `team_score_computation_type_id`, `meeting_score_computation_type_id`, `invitation`, `is_confirmed`)
  VALUES (16209, 'TROFEO FANATIK TEAM', '2016-11-13', 0, 1, '392 8139570', 'fanatik.forli@gmail.com', 'Mattia Bacciocchi', 'Fanatik Team', 0, 0, 0, 2, 'FIN04', 4, 162, 2, '2016-10-28 14:53:37', '2016-10-28 14:53:37', 1, '2016-11-20', 'forlifanatik', '2016/2017', 0, 0, 2, 3, 1, 1, 12, 1, NULL, 0);
INSERT INTO `meeting_sessions` (`id`, `session_order`, `scheduled_date`, `warm_up_time`, `begin_time`, `notes`, `meeting_id`, `swimming_pool_id`, `user_id`, `created_at`, `updated_at`, `description`, `is_autofilled`, `day_part_type_id`)
  VALUES (1923, 1, '2016-11-20', '2000-01-01 08:00:00', '2000-01-01 08:45:00', '', 16209, 11, 2, '2016-10-28 14:53:37', '2016-10-28 14:53:37', 'FINALI', 1, 1);
INSERT INTO `meeting_events` (`id`, `created_at`, `updated_at`, `event_order`, `begin_time`, `is_out_of_race`, `is_autofilled`, `notes`, `meeting_session_id`, `event_type_id`, `heat_type_id`, `user_id`, `has_separate_gender_start_list`, `has_separate_category_start_list`)
  VALUES (10024, '2016-10-28 14:53:37', '2016-10-28 14:53:37', 1, '2000-01-01 00:00:00', 0, 1, NULL, 1923, 5, 3, 2, 1, 0);
INSERT INTO `meeting_events` (`id`, `created_at`, `updated_at`, `event_order`, `begin_time`, `is_out_of_race`, `is_autofilled`, `notes`, `meeting_session_id`, `event_type_id`, `heat_type_id`, `user_id`, `has_separate_gender_start_list`, `has_separate_category_start_list`)
  VALUES (10025, '2016-10-28 14:53:37', '2016-10-28 14:53:37', 2, '2000-01-01 00:00:00', 0, 1, NULL, 1923, 22, 3, 2, 1, 0);
INSERT INTO `meeting_events` (`id`, `created_at`, `updated_at`, `event_order`, `begin_time`, `is_out_of_race`, `is_autofilled`, `notes`, `meeting_session_id`, `event_type_id`, `heat_type_id`, `user_id`, `has_separate_gender_start_list`, `has_separate_category_start_list`)
  VALUES (10026, '2016-10-28 14:53:37', '2016-10-28 14:53:37', 3, '2000-01-01 00:00:00', 0, 1, NULL, 1923, 20, 3, 2, 1, 0);
INSERT INTO `meeting_events` (`id`, `created_at`, `updated_at`, `event_order`, `begin_time`, `is_out_of_race`, `is_autofilled`, `notes`, `meeting_session_id`, `event_type_id`, `heat_type_id`, `user_id`, `has_separate_gender_start_list`, `has_separate_category_start_list`)
  VALUES (10027, '2016-10-28 14:53:37', '2016-10-28 14:53:37', 4, '2000-01-01 00:00:00', 0, 1, NULL, 1923, 11, 3, 2, 1, 0);
INSERT INTO `meeting_events` (`id`, `created_at`, `updated_at`, `event_order`, `begin_time`, `is_out_of_race`, `is_autofilled`, `notes`, `meeting_session_id`, `event_type_id`, `heat_type_id`, `user_id`, `has_separate_gender_start_list`, `has_separate_category_start_list`)
  VALUES (10028, '2016-10-28 14:53:37', '2016-10-28 14:53:37', 5, '2000-01-01 00:00:00', 0, 1, NULL, 1923, 4, 3, 2, 1, 0);
INSERT INTO `meeting_events` (`id`, `created_at`, `updated_at`, `event_order`, `begin_time`, `is_out_of_race`, `is_autofilled`, `notes`, `meeting_session_id`, `event_type_id`, `heat_type_id`, `user_id`, `has_separate_gender_start_list`, `has_separate_category_start_list`)
  VALUES (10029, '2016-10-28 14:53:37', '2016-10-28 14:53:37', 6, '2000-01-01 00:00:30', 0, 1, NULL, 1923, 32, 3, 1, 1, 0);
INSERT INTO `meeting_sessions` (`id`, `session_order`, `scheduled_date`, `warm_up_time`, `begin_time`, `notes`, `meeting_id`, `swimming_pool_id`, `user_id`, `created_at`, `updated_at`, `description`, `is_autofilled`, `day_part_type_id`)
  VALUES (1924, 2, '2016-11-20', '2000-01-01 12:00:00', '2000-01-01 13:00:00', '', 16209, 11, 2, '2016-10-28 14:53:37', '2016-10-28 14:53:37', 'FINALI', 1, 2);
INSERT INTO `meeting_events` (`id`, `created_at`, `updated_at`, `event_order`, `begin_time`, `is_out_of_race`, `is_autofilled`, `notes`, `meeting_session_id`, `event_type_id`, `heat_type_id`, `user_id`, `has_separate_gender_start_list`, `has_separate_category_start_list`)
  VALUES (10030, '2016-10-28 14:53:37', '2016-10-28 14:53:37', 1, '2000-01-01 00:00:00', 0, 1, NULL, 1924, 16, 3, 2, 1, 0);
INSERT INTO `meeting_events` (`id`, `created_at`, `updated_at`, `event_order`, `begin_time`, `is_out_of_race`, `is_autofilled`, `notes`, `meeting_session_id`, `event_type_id`, `heat_type_id`, `user_id`, `has_separate_gender_start_list`, `has_separate_category_start_list`)
  VALUES (10031, '2016-10-28 14:53:37', '2016-10-28 14:53:37', 2, '2000-01-01 00:00:00', 0, 1, NULL, 1924, 3, 3, 2, 1, 0);
INSERT INTO `meeting_events` (`id`, `created_at`, `updated_at`, `event_order`, `begin_time`, `is_out_of_race`, `is_autofilled`, `notes`, `meeting_session_id`, `event_type_id`, `heat_type_id`, `user_id`, `has_separate_gender_start_list`, `has_separate_category_start_list`)
  VALUES (10032, '2016-10-28 14:53:37', '2016-10-28 14:53:37', 3, '2000-01-01 00:00:00', 0, 1, NULL, 1924, 19, 3, 2, 1, 0);
INSERT INTO `meeting_events` (`id`, `created_at`, `updated_at`, `event_order`, `begin_time`, `is_out_of_race`, `is_autofilled`, `notes`, `meeting_session_id`, `event_type_id`, `heat_type_id`, `user_id`, `has_separate_gender_start_list`, `has_separate_category_start_list`)
  VALUES (10033, '2016-10-28 14:53:37', '2016-10-28 14:53:37', 4, '2000-01-01 00:00:00', 0, 1, NULL, 1924, 15, 3, 2, 1, 0);
INSERT INTO `meeting_events` (`id`, `created_at`, `updated_at`, `event_order`, `begin_time`, `is_out_of_race`, `is_autofilled`, `notes`, `meeting_session_id`, `event_type_id`, `heat_type_id`, `user_id`, `has_separate_gender_start_list`, `has_separate_category_start_list`)
  VALUES (10034, '2016-10-28 14:53:37', '2016-10-28 14:53:37', 5, '2000-01-01 00:00:00', 0, 1, NULL, 1924, 2, 3, 2, 1, 0);

-- 15210-piacenza TROFEO MASTER VITTORINO DA FELTRE 2016-06-04
INSERT INTO `meetings` (`id`, `description`, `entry_deadline`, `has_warm_up_pool`, `is_under_25_admitted`, `reference_phone`, `reference_e_mail`, `reference_name`, `notes`, `has_invitation`, `has_start_list`, `are_results_acquired`, `max_individual_events`, `configuration_file`, `edition`, `season_id`, `user_id`, `created_at`, `updated_at`, `is_autofilled`, `header_date`, `code`, `header_year`, `max_individual_events_per_session`, `is_out_of_season`, `edition_type_id`, `timing_type_id`, `individual_score_computation_type_id`, `relay_score_computation_type_id`, `team_score_computation_type_id`, `meeting_score_computation_type_id`, `invitation`, `is_confirmed`)
  VALUES (16210, 'TROFEO MASTER VITTORINO DA FELTRE', NULL, 1, 1, '348 2560152', 'sandrorizzoli@gmail.com', 'Sandro Rizzoli', 'CAN Vittorino da Feltre', 0, 0, 0, 2, 'FIN04', 3, 162, 2, '2016-10-28 14:53:37', '2016-10-28 14:53:37', 1, '2017-06-03', 'piacenza', '2016/2017', 0, 0, 2, 3, 1, 1, 12, 1, NULL, 0);
INSERT INTO `meeting_sessions` (`id`, `session_order`, `scheduled_date`, `warm_up_time`, `begin_time`, `notes`, `meeting_id`, `swimming_pool_id`, `user_id`, `created_at`, `updated_at`, `description`, `is_autofilled`, `day_part_type_id`)
  VALUES (1925, 1, '2017-06-03', '2000-01-01 08:30:00', '2000-01-01 09:30:00', '', 16210, 28, 2, '2016-10-28 14:53:37', '2016-10-28 14:53:37', 'FINALI', 1, NULL);
INSERT INTO `meeting_events` (`id`, `created_at`, `updated_at`, `event_order`, `begin_time`, `is_out_of_race`, `is_autofilled`, `notes`, `meeting_session_id`, `event_type_id`, `heat_type_id`, `user_id`, `has_separate_gender_start_list`, `has_separate_category_start_list`)
  VALUES (10035, '2016-10-28 14:53:37', '2016-10-28 14:53:37', 1, '2000-01-01 00:00:00', 0, 1, NULL, 1925, 5, 3, 2, 1, 0);
INSERT INTO `meeting_events` (`id`, `created_at`, `updated_at`, `event_order`, `begin_time`, `is_out_of_race`, `is_autofilled`, `notes`, `meeting_session_id`, `event_type_id`, `heat_type_id`, `user_id`, `has_separate_gender_start_list`, `has_separate_category_start_list`)
  VALUES (10036, '2016-10-28 14:53:37', '2016-10-28 14:53:37', 2, '2000-01-01 00:00:00', 0, 1, NULL, 1925, 16, 3, 2, 1, 0);
INSERT INTO `meeting_events` (`id`, `created_at`, `updated_at`, `event_order`, `begin_time`, `is_out_of_race`, `is_autofilled`, `notes`, `meeting_session_id`, `event_type_id`, `heat_type_id`, `user_id`, `has_separate_gender_start_list`, `has_separate_category_start_list`)
  VALUES (10037, '2016-10-28 14:53:37', '2016-10-28 14:53:37', 3, '2000-01-01 00:00:00', 0, 1, NULL, 1925, 3, 3, 2, 1, 0);
INSERT INTO `meeting_events` (`id`, `created_at`, `updated_at`, `event_order`, `begin_time`, `is_out_of_race`, `is_autofilled`, `notes`, `meeting_session_id`, `event_type_id`, `heat_type_id`, `user_id`, `has_separate_gender_start_list`, `has_separate_category_start_list`)
  VALUES (10038, '2016-10-28 14:53:37', '2016-10-28 14:53:37', 4, '2000-01-01 00:00:00', 0, 1, NULL, 1925, 13, 3, 2, 1, 0);
INSERT INTO `meeting_events` (`id`, `created_at`, `updated_at`, `event_order`, `begin_time`, `is_out_of_race`, `is_autofilled`, `notes`, `meeting_session_id`, `event_type_id`, `heat_type_id`, `user_id`, `has_separate_gender_start_list`, `has_separate_category_start_list`)
  VALUES (10039, '2016-10-28 14:53:37', '2016-10-28 14:53:37', 5, '2000-01-01 00:00:00', 0, 1, NULL, 1925, 20, 3, 2, 1, 0);
INSERT INTO `meeting_events` (`id`, `created_at`, `updated_at`, `event_order`, `begin_time`, `is_out_of_race`, `is_autofilled`, `notes`, `meeting_session_id`, `event_type_id`, `heat_type_id`, `user_id`, `has_separate_gender_start_list`, `has_separate_category_start_list`)
  VALUES (10040, '2016-10-28 14:53:37', '2016-10-28 14:53:37', 6, '2000-01-01 10:12:00', 0, 1, NULL, 1925, 12, 3, 1, 1, 0);
INSERT INTO `meeting_events` (`id`, `created_at`, `updated_at`, `event_order`, `begin_time`, `is_out_of_race`, `is_autofilled`, `notes`, `meeting_session_id`, `event_type_id`, `heat_type_id`, `user_id`, `has_separate_gender_start_list`, `has_separate_category_start_list`)
  VALUES (10041, '2016-10-28 14:53:37', '2016-10-28 14:53:37', 7, '2000-01-01 10:28:00', 0, 1, NULL, 1925, 4, 3, 1, 1, 0);
INSERT INTO `meeting_sessions` (`id`, `session_order`, `scheduled_date`, `warm_up_time`, `begin_time`, `notes`, `meeting_id`, `swimming_pool_id`, `user_id`, `created_at`, `updated_at`, `description`, `is_autofilled`, `day_part_type_id`)
  VALUES (1926, 2, '2017-06-03', '2000-01-01 13:30:00', '2000-01-01 14:30:00', '', 16210, 28, 2, '2016-10-28 14:53:37', '2016-10-28 14:53:37', 'FINALI', 1, NULL);
INSERT INTO `meeting_events` (`id`, `created_at`, `updated_at`, `event_order`, `begin_time`, `is_out_of_race`, `is_autofilled`, `notes`, `meeting_session_id`, `event_type_id`, `heat_type_id`, `user_id`, `has_separate_gender_start_list`, `has_separate_category_start_list`)
  VALUES (10042, '2016-10-28 14:53:37', '2016-10-28 14:53:37', 8, '2000-01-01 10:58:00', 0, 1, NULL, 1926, 24, 3, 1, 1, 0);
INSERT INTO `meeting_events` (`id`, `created_at`, `updated_at`, `event_order`, `begin_time`, `is_out_of_race`, `is_autofilled`, `notes`, `meeting_session_id`, `event_type_id`, `heat_type_id`, `user_id`, `has_separate_gender_start_list`, `has_separate_category_start_list`)
  VALUES (10043, '2016-10-28 14:53:37', '2016-10-28 14:53:37', 9, '2000-01-01 11:36:00', 0, 1, NULL, 1926, 17, 3, 1, 1, 0);
INSERT INTO `meeting_events` (`id`, `created_at`, `updated_at`, `event_order`, `begin_time`, `is_out_of_race`, `is_autofilled`, `notes`, `meeting_session_id`, `event_type_id`, `heat_type_id`, `user_id`, `has_separate_gender_start_list`, `has_separate_category_start_list`)
  VALUES (10044, '2016-10-28 14:53:37', '2016-10-28 14:53:37', 10, '2000-01-01 12:14:00', 0, 1, NULL, 1926, 21, 3, 1, 1, 0);
INSERT INTO `meeting_events` (`id`, `created_at`, `updated_at`, `event_order`, `begin_time`, `is_out_of_race`, `is_autofilled`, `notes`, `meeting_session_id`, `event_type_id`, `heat_type_id`, `user_id`, `has_separate_gender_start_list`, `has_separate_category_start_list`)
  VALUES (10045, '2016-10-28 14:53:37', '2016-10-28 14:53:37', 11, '2000-01-01 12:52:00', 0, 1, NULL, 1926, 2, 3, 1, 1, 0);
INSERT INTO `meeting_events` (`id`, `created_at`, `updated_at`, `event_order`, `begin_time`, `is_out_of_race`, `is_autofilled`, `notes`, `meeting_session_id`, `event_type_id`, `heat_type_id`, `user_id`, `has_separate_gender_start_list`, `has_separate_category_start_list`)
  VALUES (10046, '2016-10-28 14:53:37', '2016-10-28 14:53:37', 12, '2000-01-01 00:00:00', 0, 1, NULL, 1926, 19, 3, 2, 1, 0);
INSERT INTO `meeting_events` (`id`, `created_at`, `updated_at`, `event_order`, `begin_time`, `is_out_of_race`, `is_autofilled`, `notes`, `meeting_session_id`, `event_type_id`, `heat_type_id`, `user_id`, `has_separate_gender_start_list`, `has_separate_category_start_list`)
  VALUES (10047, '2016-10-28 14:53:37', '2016-10-28 14:53:37', 13, '2000-01-01 00:00:00', 0, 1, NULL, 1926, 15, 3, 2, 1, 0);
INSERT INTO `meeting_events` (`id`, `created_at`, `updated_at`, `event_order`, `begin_time`, `is_out_of_race`, `is_autofilled`, `notes`, `meeting_session_id`, `event_type_id`, `heat_type_id`, `user_id`, `has_separate_gender_start_list`, `has_separate_category_start_list`)
  VALUES (10048, '2016-10-28 14:53:37', '2016-10-28 14:53:37', 14, '2000-01-01 00:00:00', 0, 1, NULL, 1926, 11, 3, 2, 1, 0);

-- 15211-italiani CAMPIONATI ITALIANI FIN 2016-06-22
INSERT INTO `meetings` (`id`, `description`, `entry_deadline`, `has_warm_up_pool`, `is_under_25_admitted`, `reference_phone`, `reference_e_mail`, `reference_name`, `notes`, `has_invitation`, `has_start_list`, `are_results_acquired`, `max_individual_events`, `configuration_file`, `edition`, `season_id`, `user_id`, `created_at`, `updated_at`, `is_autofilled`, `header_date`, `code`, `header_year`, `max_individual_events_per_session`, `is_out_of_season`, `edition_type_id`, `timing_type_id`, `individual_score_computation_type_id`, `relay_score_computation_type_id`, `team_score_computation_type_id`, `meeting_score_computation_type_id`, `invitation`, `is_confirmed`)
  VALUES (16211, 'CAMPIONATI ITALIANI FIN', NULL, 1, 0, '', '', '', '', 0, 0, 0, 3, '', 2, 162, 2, '2016-10-28 14:53:37', '2016-10-28 14:53:37', 1, '2017-06-21', 'italiani', '2017', 1, 0, 4, 3, 1, 1, 12, 1, NULL, 0);
INSERT INTO `meeting_sessions` (`id`, `session_order`, `scheduled_date`, `warm_up_time`, `begin_time`, `notes`, `meeting_id`, `swimming_pool_id`, `user_id`, `created_at`, `updated_at`, `description`, `is_autofilled`, `day_part_type_id`)
  VALUES (1927, 1, '2017-06-20', '2000-01-01 00:00:00', '2000-01-01 00:00:00', '', 16211, 22, 2, '2016-10-28 14:53:37', '2016-10-28 14:53:37', 'FINALI', 1, 2);
INSERT INTO `meeting_events` (`id`, `created_at`, `updated_at`, `event_order`, `begin_time`, `is_out_of_race`, `is_autofilled`, `notes`, `meeting_session_id`, `event_type_id`, `heat_type_id`, `user_id`, `has_separate_gender_start_list`, `has_separate_category_start_list`)
  VALUES (10049, '2016-10-28 14:53:37', '2016-10-28 14:53:37', 1, '2000-01-01 00:00:00', 0, 1, NULL, 1927, 6, 3, 2, 1, 0);
INSERT INTO `meeting_sessions` (`id`, `session_order`, `scheduled_date`, `warm_up_time`, `begin_time`, `notes`, `meeting_id`, `swimming_pool_id`, `user_id`, `created_at`, `updated_at`, `description`, `is_autofilled`, `day_part_type_id`)
  VALUES (1928, 2, '2017-06-21', '2000-01-01 00:00:00', '2000-01-01 00:00:00', '', 16211, 22, 2, '2016-10-28 14:53:37', '2016-10-28 14:53:37', 'FINALI', 1, 1);
INSERT INTO `meeting_events` (`id`, `created_at`, `updated_at`, `event_order`, `begin_time`, `is_out_of_race`, `is_autofilled`, `notes`, `meeting_session_id`, `event_type_id`, `heat_type_id`, `user_id`, `has_separate_gender_start_list`, `has_separate_category_start_list`)
  VALUES (10050, '2016-10-28 14:53:37', '2016-10-28 14:53:37', 1, '2000-01-01 00:00:00', 0, 1, NULL, 1928, 24, 3, 2, 1, 0);
INSERT INTO `meeting_events` (`id`, `created_at`, `updated_at`, `event_order`, `begin_time`, `is_out_of_race`, `is_autofilled`, `notes`, `meeting_session_id`, `event_type_id`, `heat_type_id`, `user_id`, `has_separate_gender_start_list`, `has_separate_category_start_list`)
  VALUES (10051, '2016-10-28 14:53:37', '2016-10-28 14:53:37', 2, '2000-01-01 00:00:00', 0, 1, NULL, 1928, 12, 3, 2, 1, 0);
INSERT INTO `meeting_events` (`id`, `created_at`, `updated_at`, `event_order`, `begin_time`, `is_out_of_race`, `is_autofilled`, `notes`, `meeting_session_id`, `event_type_id`, `heat_type_id`, `user_id`, `has_separate_gender_start_list`, `has_separate_category_start_list`)
  VALUES (10052, '2016-10-28 14:53:37', '2016-10-28 14:53:37', 3, '2000-01-01 00:00:00', 0, 1, NULL, 1928, 17, 3, 2, 1, 0);
INSERT INTO `meeting_sessions` (`id`, `session_order`, `scheduled_date`, `warm_up_time`, `begin_time`, `notes`, `meeting_id`, `swimming_pool_id`, `user_id`, `created_at`, `updated_at`, `description`, `is_autofilled`, `day_part_type_id`)
  VALUES (1929, 3, '2017-06-21', '2000-01-01 00:00:00', '2000-01-01 00:00:00', '', 16211, 22, 2, '2016-10-28 14:53:37', '2016-10-28 14:53:37', 'FINALI', 1, 2);
INSERT INTO `meeting_events` (`id`, `created_at`, `updated_at`, `event_order`, `begin_time`, `is_out_of_race`, `is_autofilled`, `notes`, `meeting_session_id`, `event_type_id`, `heat_type_id`, `user_id`, `has_separate_gender_start_list`, `has_separate_category_start_list`)
  VALUES (10053, '2016-10-28 14:53:37', '2016-10-28 14:53:37', 1, '2000-01-01 00:00:00', 0, 1, NULL, 1929, 5, 3, 2, 1, 0);
INSERT INTO `meeting_sessions` (`id`, `session_order`, `scheduled_date`, `warm_up_time`, `begin_time`, `notes`, `meeting_id`, `swimming_pool_id`, `user_id`, `created_at`, `updated_at`, `description`, `is_autofilled`, `day_part_type_id`)
  VALUES (1930, 4, '2017-06-22', '2000-01-01 00:00:00', '2000-01-01 00:00:00', '', 16211, 22, 2, '2016-10-28 14:53:37', '2016-10-28 14:53:37', 'FINALI', 1, 1);
INSERT INTO `meeting_events` (`id`, `created_at`, `updated_at`, `event_order`, `begin_time`, `is_out_of_race`, `is_autofilled`, `notes`, `meeting_session_id`, `event_type_id`, `heat_type_id`, `user_id`, `has_separate_gender_start_list`, `has_separate_category_start_list`)
  VALUES (10054, '2016-10-28 14:53:37', '2016-10-28 14:53:37', 2, '2000-01-01 00:00:00', 0, 1, NULL, 1930, 21, 3, 2, 1, 0);
INSERT INTO `meeting_events` (`id`, `created_at`, `updated_at`, `event_order`, `begin_time`, `is_out_of_race`, `is_autofilled`, `notes`, `meeting_session_id`, `event_type_id`, `heat_type_id`, `user_id`, `has_separate_gender_start_list`, `has_separate_category_start_list`)
  VALUES (10055, '2016-10-28 14:53:37', '2016-10-28 14:53:37', 3, '2000-01-01 00:00:00', 0, 1, NULL, 1930, 13, 3, 2, 1, 0);
INSERT INTO `meeting_sessions` (`id`, `session_order`, `scheduled_date`, `warm_up_time`, `begin_time`, `notes`, `meeting_id`, `swimming_pool_id`, `user_id`, `created_at`, `updated_at`, `description`, `is_autofilled`, `day_part_type_id`)
  VALUES (1931, 5, '2017-06-22', '2000-01-01 00:00:00', '2000-01-01 00:00:00', '', 16211, 22, 2, '2016-10-28 14:53:37', '2016-10-28 14:53:37', 'FINALI', 1, 2);
INSERT INTO `meeting_events` (`id`, `created_at`, `updated_at`, `event_order`, `begin_time`, `is_out_of_race`, `is_autofilled`, `notes`, `meeting_session_id`, `event_type_id`, `heat_type_id`, `user_id`, `has_separate_gender_start_list`, `has_separate_category_start_list`)
  VALUES (10056, '2016-10-28 14:53:37', '2016-10-28 14:53:37', 1, '2000-01-01 00:00:00', 0, 1, NULL, 1931, 4, 3, 2, 1, 0);
INSERT INTO `meeting_sessions` (`id`, `session_order`, `scheduled_date`, `warm_up_time`, `begin_time`, `notes`, `meeting_id`, `swimming_pool_id`, `user_id`, `created_at`, `updated_at`, `description`, `is_autofilled`, `day_part_type_id`)
  VALUES (1932, 6, '2017-06-23', '2000-01-01 00:00:00', '2000-01-01 00:00:00', '', 16211, 22, 2, '2016-10-28 14:53:37', '2016-10-28 14:53:37', 'FINALI', 1, 1);
INSERT INTO `meeting_events` (`id`, `created_at`, `updated_at`, `event_order`, `begin_time`, `is_out_of_race`, `is_autofilled`, `notes`, `meeting_session_id`, `event_type_id`, `heat_type_id`, `user_id`, `has_separate_gender_start_list`, `has_separate_category_start_list`)
  VALUES (10057, '2016-10-28 14:53:37', '2016-10-28 14:53:37', 2, '2000-01-01 00:00:00', 0, 1, NULL, 1932, 23, 3, 2, 1, 0);
INSERT INTO `meeting_events` (`id`, `created_at`, `updated_at`, `event_order`, `begin_time`, `is_out_of_race`, `is_autofilled`, `notes`, `meeting_session_id`, `event_type_id`, `heat_type_id`, `user_id`, `has_separate_gender_start_list`, `has_separate_category_start_list`)
  VALUES (10058, '2016-10-28 14:53:37', '2016-10-28 14:53:37', 1, '2000-01-01 00:00:00', 0, 1, NULL, 1932, 11, 3, 2, 1, 0);
INSERT INTO `meeting_events` (`id`, `created_at`, `updated_at`, `event_order`, `begin_time`, `is_out_of_race`, `is_autofilled`, `notes`, `meeting_session_id`, `event_type_id`, `heat_type_id`, `user_id`, `has_separate_gender_start_list`, `has_separate_category_start_list`)
  VALUES (10059, '2016-10-28 14:53:37', '2016-10-28 14:53:37', 2, '2000-01-01 00:00:00', 0, 1, NULL, 1932, 15, 3, 2, 1, 0);
INSERT INTO `meeting_sessions` (`id`, `session_order`, `scheduled_date`, `warm_up_time`, `begin_time`, `notes`, `meeting_id`, `swimming_pool_id`, `user_id`, `created_at`, `updated_at`, `description`, `is_autofilled`, `day_part_type_id`)
  VALUES (1933, 7, '2017-06-23', '2000-01-01 00:00:00', '2000-01-01 00:00:00', '', 16211, 22, 2, '2016-10-28 14:53:37', '2016-10-28 14:53:37', 'FINALI', 1, 2);
INSERT INTO `meeting_events` (`id`, `created_at`, `updated_at`, `event_order`, `begin_time`, `is_out_of_race`, `is_autofilled`, `notes`, `meeting_session_id`, `event_type_id`, `heat_type_id`, `user_id`, `has_separate_gender_start_list`, `has_separate_category_start_list`)
  VALUES (10060, '2016-10-28 14:53:37', '2016-10-28 14:53:37', 1, '2000-01-01 00:00:00', 0, 1, NULL, 1933, 19, 3, 2, 1, 0);
INSERT INTO `meeting_events` (`id`, `created_at`, `updated_at`, `event_order`, `begin_time`, `is_out_of_race`, `is_autofilled`, `notes`, `meeting_session_id`, `event_type_id`, `heat_type_id`, `user_id`, `has_separate_gender_start_list`, `has_separate_category_start_list`)
  VALUES (10061, '2016-10-28 14:53:37', '2016-10-28 14:53:37', 2, '2000-01-01 00:00:00', 0, 1, NULL, 1933, 3, 3, 2, 1, 0);
INSERT INTO `meeting_events` (`id`, `created_at`, `updated_at`, `event_order`, `begin_time`, `is_out_of_race`, `is_autofilled`, `notes`, `meeting_session_id`, `event_type_id`, `heat_type_id`, `user_id`, `has_separate_gender_start_list`, `has_separate_category_start_list`)
  VALUES (10062, '2016-10-28 14:53:37', '2016-10-28 14:53:37', 3, '2000-01-01 00:00:00', 0, 1, NULL, 1933, 33, 3, 2, 1, 0);
INSERT INTO `meeting_sessions` (`id`, `session_order`, `scheduled_date`, `warm_up_time`, `begin_time`, `notes`, `meeting_id`, `swimming_pool_id`, `user_id`, `created_at`, `updated_at`, `description`, `is_autofilled`, `day_part_type_id`)
  VALUES (1934, 8, '2017-06-24', '2000-01-01 00:00:00', '2000-01-01 00:00:00', '', 16211, 22, 2, '2016-10-28 14:53:37', '2016-10-28 14:53:37', 'FINALI', 1, 1);
INSERT INTO `meeting_events` (`id`, `created_at`, `updated_at`, `event_order`, `begin_time`, `is_out_of_race`, `is_autofilled`, `notes`, `meeting_session_id`, `event_type_id`, `heat_type_id`, `user_id`, `has_separate_gender_start_list`, `has_separate_category_start_list`)
  VALUES (10063, '2016-10-28 14:53:37', '2016-10-28 14:53:37', 1, '2000-01-01 00:00:00', 0, 1, NULL, 1934, 20, 3, 2, 1, 0);
INSERT INTO `meeting_events` (`id`, `created_at`, `updated_at`, `event_order`, `begin_time`, `is_out_of_race`, `is_autofilled`, `notes`, `meeting_session_id`, `event_type_id`, `heat_type_id`, `user_id`, `has_separate_gender_start_list`, `has_separate_category_start_list`)
  VALUES (10064, '2016-10-28 14:53:37', '2016-10-28 14:53:37', 2, '2000-01-01 00:00:00', 0, 1, NULL, 1934, 16, 3, 2, 1, 0);
INSERT INTO `meeting_events` (`id`, `created_at`, `updated_at`, `event_order`, `begin_time`, `is_out_of_race`, `is_autofilled`, `notes`, `meeting_session_id`, `event_type_id`, `heat_type_id`, `user_id`, `has_separate_gender_start_list`, `has_separate_category_start_list`)
  VALUES (10065, '2016-10-28 14:53:37', '2016-10-28 14:53:37', 3, '2000-01-01 00:00:00', 0, 1, NULL, 1934, 26, 3, 2, 1, 0);
INSERT INTO `meeting_sessions` (`id`, `session_order`, `scheduled_date`, `warm_up_time`, `begin_time`, `notes`, `meeting_id`, `swimming_pool_id`, `user_id`, `created_at`, `updated_at`, `description`, `is_autofilled`, `day_part_type_id`)
  VALUES (1935, 9, '2017-06-24', '2000-01-01 00:00:00', '2000-01-01 00:00:00', '', 16211, 22, 2, '2016-10-28 14:53:37', '2016-10-28 14:53:37', 'FINALI', 1, 2);
INSERT INTO `meeting_events` (`id`, `created_at`, `updated_at`, `event_order`, `begin_time`, `is_out_of_race`, `is_autofilled`, `notes`, `meeting_session_id`, `event_type_id`, `heat_type_id`, `user_id`, `has_separate_gender_start_list`, `has_separate_category_start_list`)
  VALUES (10066, '2016-10-28 14:53:37', '2016-10-28 14:53:37', 1, '2000-01-01 00:00:00', 0, 1, NULL, 1935, 2, 3, 2, 1, 0);
INSERT INTO `meeting_sessions` (`id`, `session_order`, `scheduled_date`, `warm_up_time`, `begin_time`, `notes`, `meeting_id`, `swimming_pool_id`, `user_id`, `created_at`, `updated_at`, `description`, `is_autofilled`, `day_part_type_id`)
  VALUES (1936, 10, '2017-06-25', '2000-01-01 00:00:00', '2000-01-01 00:00:00', '', 16211, 22, 2, '2016-10-28 14:53:37', '2016-10-28 14:53:37', 'FINALI', 1, 1);
INSERT INTO `meeting_events` (`id`, `created_at`, `updated_at`, `event_order`, `begin_time`, `is_out_of_race`, `is_autofilled`, `notes`, `meeting_session_id`, `event_type_id`, `heat_type_id`, `user_id`, `has_separate_gender_start_list`, `has_separate_category_start_list`)
  VALUES (10067, '2016-10-28 14:53:37', '2016-10-28 14:53:37', 1, '2000-01-01 00:00:00', 0, 1, NULL, 1936, 32, 3, 2, 1, 0);
INSERT INTO `meeting_events` (`id`, `created_at`, `updated_at`, `event_order`, `begin_time`, `is_out_of_race`, `is_autofilled`, `notes`, `meeting_session_id`, `event_type_id`, `heat_type_id`, `user_id`, `has_separate_gender_start_list`, `has_separate_category_start_list`)
  VALUES (10068, '2016-10-28 14:53:37', '2016-10-28 14:53:37', 2, '2000-01-01 00:00:00', 0, 1, NULL, 1936, 25, 3, 2, 1, 0);

-- 15212-travagliato TROFEO CITTA' DI TRAVAGLIATO 2016-04-17
INSERT INTO `meetings` (`id`, `description`, `entry_deadline`, `has_warm_up_pool`, `is_under_25_admitted`, `reference_phone`, `reference_e_mail`, `reference_name`, `notes`, `has_invitation`, `has_start_list`, `are_results_acquired`, `max_individual_events`, `configuration_file`, `edition`, `season_id`, `user_id`, `created_at`, `updated_at`, `is_autofilled`, `header_date`, `code`, `header_year`, `max_individual_events_per_session`, `is_out_of_season`, `edition_type_id`, `timing_type_id`, `individual_score_computation_type_id`, `relay_score_computation_type_id`, `team_score_computation_type_id`, `meeting_score_computation_type_id`, `invitation`, `is_confirmed`)
  VALUES (16212, 'TROFEO CITTA'' DI TRAVAGLIATO', NULL, 0, 0, '', 'info@gamteam.it', 'Patrizia Cocchi', 'GAM Team', 0, 0, 0, 2, 'FIN04', 13, 162, 2, '2016-10-28 14:53:37', '2016-10-28 14:53:37', 1, '2017-04-16', 'travagliato', '2016/2017', 0, 0, 2, 3, 1, 1, 12, 1, NULL, 0);
INSERT INTO `meeting_sessions` (`id`, `session_order`, `scheduled_date`, `warm_up_time`, `begin_time`, `notes`, `meeting_id`, `swimming_pool_id`, `user_id`, `created_at`, `updated_at`, `description`, `is_autofilled`, `day_part_type_id`)
  VALUES (1937, 1, '2017-04-16', '2000-01-01 00:00:00', '2000-01-01 00:00:00', '', 16212, 58, 2, '2016-10-28 14:53:37', '2016-10-28 14:53:37', 'FINALI', 1, NULL);
INSERT INTO `meeting_events` (`id`, `created_at`, `updated_at`, `event_order`, `begin_time`, `is_out_of_race`, `is_autofilled`, `notes`, `meeting_session_id`, `event_type_id`, `heat_type_id`, `user_id`, `has_separate_gender_start_list`, `has_separate_category_start_list`)
  VALUES (10069, '2016-10-28 14:53:37', '2016-10-28 14:53:37', 1, '2000-01-01 00:00:00', 0, 1, NULL, 1937, 23, 3, 2, 1, 0);
INSERT INTO `meeting_events` (`id`, `created_at`, `updated_at`, `event_order`, `begin_time`, `is_out_of_race`, `is_autofilled`, `notes`, `meeting_session_id`, `event_type_id`, `heat_type_id`, `user_id`, `has_separate_gender_start_list`, `has_separate_category_start_list`)
  VALUES (10070, '2016-10-28 14:53:37', '2016-10-28 14:53:37', 2, '2000-01-01 00:00:00', 0, 1, NULL, 1937, 11, 3, 2, 1, 0);
INSERT INTO `meeting_events` (`id`, `created_at`, `updated_at`, `event_order`, `begin_time`, `is_out_of_race`, `is_autofilled`, `notes`, `meeting_session_id`, `event_type_id`, `heat_type_id`, `user_id`, `has_separate_gender_start_list`, `has_separate_category_start_list`)
  VALUES (10071, '2016-10-28 14:53:37', '2016-10-28 14:53:37', 3, '2000-01-01 00:00:00', 0, 1, NULL, 1937, 15, 3, 2, 1, 0);
INSERT INTO `meeting_events` (`id`, `created_at`, `updated_at`, `event_order`, `begin_time`, `is_out_of_race`, `is_autofilled`, `notes`, `meeting_session_id`, `event_type_id`, `heat_type_id`, `user_id`, `has_separate_gender_start_list`, `has_separate_category_start_list`)
  VALUES (10072, '2016-10-28 14:53:37', '2016-10-28 14:53:37', 4, '2000-01-01 00:00:00', 0, 1, NULL, 1937, 21, 3, 2, 1, 0);
INSERT INTO `meeting_events` (`id`, `created_at`, `updated_at`, `event_order`, `begin_time`, `is_out_of_race`, `is_autofilled`, `notes`, `meeting_session_id`, `event_type_id`, `heat_type_id`, `user_id`, `has_separate_gender_start_list`, `has_separate_category_start_list`)
  VALUES (10073, '2016-10-28 14:53:37', '2016-10-28 14:53:37', 5, '2000-01-01 00:00:00', 0, 1, NULL, 1937, 4, 3, 2, 1, 0);
INSERT INTO `meeting_sessions` (`id`, `session_order`, `scheduled_date`, `warm_up_time`, `begin_time`, `notes`, `meeting_id`, `swimming_pool_id`, `user_id`, `created_at`, `updated_at`, `description`, `is_autofilled`, `day_part_type_id`)
  VALUES (1938, 2, '1901-12-28', '2000-01-01 00:00:00', '2000-01-01 00:00:00', '', 16212, 58, 2, '2016-10-28 14:53:37', '2016-10-28 14:53:37', 'FINALI', 1, NULL);
INSERT INTO `meeting_events` (`id`, `created_at`, `updated_at`, `event_order`, `begin_time`, `is_out_of_race`, `is_autofilled`, `notes`, `meeting_session_id`, `event_type_id`, `heat_type_id`, `user_id`, `has_separate_gender_start_list`, `has_separate_category_start_list`)
  VALUES (10074, '2016-10-28 14:53:37', '2016-10-28 14:53:37', 1, '2000-01-01 00:00:00', 0, 1, NULL, 1938, 3, 3, 2, 1, 0);
INSERT INTO `meeting_events` (`id`, `created_at`, `updated_at`, `event_order`, `begin_time`, `is_out_of_race`, `is_autofilled`, `notes`, `meeting_session_id`, `event_type_id`, `heat_type_id`, `user_id`, `has_separate_gender_start_list`, `has_separate_category_start_list`)
  VALUES (10075, '2016-10-28 14:53:38', '2016-10-28 14:53:38', 2, '2000-01-01 00:00:00', 0, 1, NULL, 1938, 19, 3, 2, 1, 0);
INSERT INTO `meeting_events` (`id`, `created_at`, `updated_at`, `event_order`, `begin_time`, `is_out_of_race`, `is_autofilled`, `notes`, `meeting_session_id`, `event_type_id`, `heat_type_id`, `user_id`, `has_separate_gender_start_list`, `has_separate_category_start_list`)
  VALUES (10076, '2016-10-28 14:53:38', '2016-10-28 14:53:38', 3, '2000-01-01 00:00:00', 0, 1, NULL, 1938, 2, 3, 2, 1, 0);
INSERT INTO `meeting_events` (`id`, `created_at`, `updated_at`, `event_order`, `begin_time`, `is_out_of_race`, `is_autofilled`, `notes`, `meeting_session_id`, `event_type_id`, `heat_type_id`, `user_id`, `has_separate_gender_start_list`, `has_separate_category_start_list`)
  VALUES (10077, '2016-10-28 14:53:38', '2016-10-28 14:53:38', 4, '2000-01-01 00:00:00', 0, 1, NULL, 1938, 13, 3, 2, 1, 0);
INSERT INTO `meeting_events` (`id`, `created_at`, `updated_at`, `event_order`, `begin_time`, `is_out_of_race`, `is_autofilled`, `notes`, `meeting_session_id`, `event_type_id`, `heat_type_id`, `user_id`, `has_separate_gender_start_list`, `has_separate_category_start_list`)
  VALUES (10078, '2016-10-28 14:53:38', '2016-10-28 14:53:38', 5, '2000-01-01 00:00:00', 0, 1, NULL, 1938, 17, 3, 2, 1, 0);

-- 15213-molinella TROFEO CITTA' DI MOLINELLA 2016-04-09
INSERT INTO `meetings` (`id`, `description`, `entry_deadline`, `has_warm_up_pool`, `is_under_25_admitted`, `reference_phone`, `reference_e_mail`, `reference_name`, `notes`, `has_invitation`, `has_start_list`, `are_results_acquired`, `max_individual_events`, `configuration_file`, `edition`, `season_id`, `user_id`, `created_at`, `updated_at`, `is_autofilled`, `header_date`, `code`, `header_year`, `max_individual_events_per_session`, `is_out_of_season`, `edition_type_id`, `timing_type_id`, `individual_score_computation_type_id`, `relay_score_computation_type_id`, `team_score_computation_type_id`, `meeting_score_computation_type_id`, `invitation`, `is_confirmed`)
  VALUES (16213, 'TROFEO CITTA'' DI MOLINELLA', NULL, 0, 1, '', '', '', 'Molinellanuoto', 0, 0, 0, 2, 'FIN04', 16, 162, 2, '2016-10-28 14:53:38', '2016-10-28 14:53:38', 1, '2017-04-08', 'molinella', '2016/2017', 0, 0, 2, 3, 1, 1, 12, 1, NULL, 0);
INSERT INTO `meeting_sessions` (`id`, `session_order`, `scheduled_date`, `warm_up_time`, `begin_time`, `notes`, `meeting_id`, `swimming_pool_id`, `user_id`, `created_at`, `updated_at`, `description`, `is_autofilled`, `day_part_type_id`)
  VALUES (1939, 1, '2017-04-08', '2000-01-01 00:00:00', '2000-01-01 00:00:00', '', 16213, 26, 2, '2016-10-28 14:53:38', '2016-10-28 14:53:38', 'FINALI', 1, NULL);
INSERT INTO `meeting_events` (`id`, `created_at`, `updated_at`, `event_order`, `begin_time`, `is_out_of_race`, `is_autofilled`, `notes`, `meeting_session_id`, `event_type_id`, `heat_type_id`, `user_id`, `has_separate_gender_start_list`, `has_separate_category_start_list`)
  VALUES (10079, '2016-10-28 14:53:38', '2016-10-28 14:53:38', 1, '2000-01-01 00:00:00', 0, 1, NULL, 1939, 7, 3, 2, 1, 0);
INSERT INTO `meeting_events` (`id`, `created_at`, `updated_at`, `event_order`, `begin_time`, `is_out_of_race`, `is_autofilled`, `notes`, `meeting_session_id`, `event_type_id`, `heat_type_id`, `user_id`, `has_separate_gender_start_list`, `has_separate_category_start_list`)
  VALUES (10080, '2016-10-28 14:53:38', '2016-10-28 14:53:38', 15, '2000-01-01 08:02:00', 0, 1, NULL, 1939, 16, 3, 1, 1, 0);
INSERT INTO `meeting_events` (`id`, `created_at`, `updated_at`, `event_order`, `begin_time`, `is_out_of_race`, `is_autofilled`, `notes`, `meeting_session_id`, `event_type_id`, `heat_type_id`, `user_id`, `has_separate_gender_start_list`, `has_separate_category_start_list`)
  VALUES (10081, '2016-10-28 14:53:38', '2016-10-28 14:53:38', 16, '2000-01-01 08:16:00', 0, 1, NULL, 1939, 12, 3, 1, 1, 0);
INSERT INTO `meeting_events` (`id`, `created_at`, `updated_at`, `event_order`, `begin_time`, `is_out_of_race`, `is_autofilled`, `notes`, `meeting_session_id`, `event_type_id`, `heat_type_id`, `user_id`, `has_separate_gender_start_list`, `has_separate_category_start_list`)
  VALUES (10082, '2016-10-28 14:53:38', '2016-10-28 14:53:38', 17, '2000-01-01 09:06:00', 0, 1, NULL, 1939, 20, 3, 1, 1, 0);
INSERT INTO `meeting_sessions` (`id`, `session_order`, `scheduled_date`, `warm_up_time`, `begin_time`, `notes`, `meeting_id`, `swimming_pool_id`, `user_id`, `created_at`, `updated_at`, `description`, `is_autofilled`, `day_part_type_id`)
  VALUES (1940, 2, '2017-04-08', '2000-01-01 00:00:00', '2000-01-01 00:00:00', '', 16213, 26, 2, '2016-10-28 14:53:38', '2016-10-28 14:53:38', 'FINALI', 1, NULL);
INSERT INTO `meeting_events` (`id`, `created_at`, `updated_at`, `event_order`, `begin_time`, `is_out_of_race`, `is_autofilled`, `notes`, `meeting_session_id`, `event_type_id`, `heat_type_id`, `user_id`, `has_separate_gender_start_list`, `has_separate_category_start_list`)
  VALUES (10083, '2016-10-28 14:53:38', '2016-10-28 14:53:38', 2, '2000-01-01 00:00:00', 0, 1, NULL, 1940, 17, 3, 2, 1, 0);
INSERT INTO `meeting_events` (`id`, `created_at`, `updated_at`, `event_order`, `begin_time`, `is_out_of_race`, `is_autofilled`, `notes`, `meeting_session_id`, `event_type_id`, `heat_type_id`, `user_id`, `has_separate_gender_start_list`, `has_separate_category_start_list`)
  VALUES (10084, '2016-10-28 14:53:38', '2016-10-28 14:53:38', 3, '2000-01-01 00:00:00', 0, 1, NULL, 1940, 19, 3, 2, 1, 0);
INSERT INTO `meeting_events` (`id`, `created_at`, `updated_at`, `event_order`, `begin_time`, `is_out_of_race`, `is_autofilled`, `notes`, `meeting_session_id`, `event_type_id`, `heat_type_id`, `user_id`, `has_separate_gender_start_list`, `has_separate_category_start_list`)
  VALUES (10085, '2016-10-28 14:53:38', '2016-10-28 14:53:38', 4, '2000-01-01 00:00:00', 0, 1, NULL, 1940, 11, 3, 2, 1, 0);
INSERT INTO `meeting_events` (`id`, `created_at`, `updated_at`, `event_order`, `begin_time`, `is_out_of_race`, `is_autofilled`, `notes`, `meeting_session_id`, `event_type_id`, `heat_type_id`, `user_id`, `has_separate_gender_start_list`, `has_separate_category_start_list`)
  VALUES (10086, '2016-10-28 14:53:38', '2016-10-28 14:53:38', 5, '2000-01-01 00:00:00', 0, 1, NULL, 1940, 4, 3, 2, 1, 0);
INSERT INTO `meeting_sessions` (`id`, `session_order`, `scheduled_date`, `warm_up_time`, `begin_time`, `notes`, `meeting_id`, `swimming_pool_id`, `user_id`, `created_at`, `updated_at`, `description`, `is_autofilled`, `day_part_type_id`)
  VALUES (1941, 3, '2017-04-08', '2000-01-01 00:00:00', '2000-01-01 00:00:00', '', 16213, 26, 2, '2016-10-28 14:53:38', '2016-10-28 14:53:38', 'FINALI', 1, NULL);
INSERT INTO `meeting_events` (`id`, `created_at`, `updated_at`, `event_order`, `begin_time`, `is_out_of_race`, `is_autofilled`, `notes`, `meeting_session_id`, `event_type_id`, `heat_type_id`, `user_id`, `has_separate_gender_start_list`, `has_separate_category_start_list`)
  VALUES (10087, '2016-10-28 14:53:38', '2016-10-28 14:53:38', 6, '2000-01-01 00:00:00', 0, 1, NULL, 1941, 6, 3, 2, 1, 0);
INSERT INTO `meeting_sessions` (`id`, `session_order`, `scheduled_date`, `warm_up_time`, `begin_time`, `notes`, `meeting_id`, `swimming_pool_id`, `user_id`, `created_at`, `updated_at`, `description`, `is_autofilled`, `day_part_type_id`)
  VALUES (1942, 4, '2017-04-09', '2000-01-01 00:00:00', '2000-01-01 00:00:00', '', 16213, 26, 2, '2016-10-28 14:53:38', '2016-10-28 14:53:38', 'FINALI', 1, NULL);
INSERT INTO `meeting_events` (`id`, `created_at`, `updated_at`, `event_order`, `begin_time`, `is_out_of_race`, `is_autofilled`, `notes`, `meeting_session_id`, `event_type_id`, `heat_type_id`, `user_id`, `has_separate_gender_start_list`, `has_separate_category_start_list`)
  VALUES (10088, '2016-10-28 14:53:38', '2016-10-28 14:53:38', 8, '2000-01-01 00:00:00', 0, 1, NULL, 1942, 13, 3, 2, 1, 0);
INSERT INTO `meeting_events` (`id`, `created_at`, `updated_at`, `event_order`, `begin_time`, `is_out_of_race`, `is_autofilled`, `notes`, `meeting_session_id`, `event_type_id`, `heat_type_id`, `user_id`, `has_separate_gender_start_list`, `has_separate_category_start_list`)
  VALUES (10089, '2016-10-28 14:53:38', '2016-10-28 14:53:38', 9, '2000-01-01 00:00:00', 0, 1, NULL, 1942, 23, 3, 2, 1, 0);
INSERT INTO `meeting_events` (`id`, `created_at`, `updated_at`, `event_order`, `begin_time`, `is_out_of_race`, `is_autofilled`, `notes`, `meeting_session_id`, `event_type_id`, `heat_type_id`, `user_id`, `has_separate_gender_start_list`, `has_separate_category_start_list`)
  VALUES (10090, '2016-10-28 14:53:38', '2016-10-28 14:53:38', 10, '2000-01-01 00:00:00', 0, 1, NULL, 1942, 21, 3, 2, 1, 0);
INSERT INTO `meeting_events` (`id`, `created_at`, `updated_at`, `event_order`, `begin_time`, `is_out_of_race`, `is_autofilled`, `notes`, `meeting_session_id`, `event_type_id`, `heat_type_id`, `user_id`, `has_separate_gender_start_list`, `has_separate_category_start_list`)
  VALUES (10091, '2016-10-28 14:53:38', '2016-10-28 14:53:38', 11, '2000-01-01 00:00:00', 0, 1, NULL, 1942, 2, 3, 2, 1, 0);
INSERT INTO `meeting_events` (`id`, `created_at`, `updated_at`, `event_order`, `begin_time`, `is_out_of_race`, `is_autofilled`, `notes`, `meeting_session_id`, `event_type_id`, `heat_type_id`, `user_id`, `has_separate_gender_start_list`, `has_separate_category_start_list`)
  VALUES (10092, '2016-10-28 14:53:38', '2016-10-28 14:53:38', 7, '2000-01-01 00:00:00', 0, 1, NULL, 1942, 3, 3, 2, 1, 0);
INSERT INTO `meeting_sessions` (`id`, `session_order`, `scheduled_date`, `warm_up_time`, `begin_time`, `notes`, `meeting_id`, `swimming_pool_id`, `user_id`, `created_at`, `updated_at`, `description`, `is_autofilled`, `day_part_type_id`)
  VALUES (1943, 5, '2017-04-09', '2000-01-01 00:00:00', '2000-01-01 00:00:00', '', 16213, 26, 2, '2016-10-28 14:53:38', '2016-10-28 14:53:38', 'FINALI', 1, NULL);
INSERT INTO `meeting_events` (`id`, `created_at`, `updated_at`, `event_order`, `begin_time`, `is_out_of_race`, `is_autofilled`, `notes`, `meeting_session_id`, `event_type_id`, `heat_type_id`, `user_id`, `has_separate_gender_start_list`, `has_separate_category_start_list`)
  VALUES (10093, '2016-10-28 14:53:38', '2016-10-28 14:53:38', 12, '2000-01-01 00:00:00', 0, 1, NULL, 1943, 5, 3, 2, 1, 0);
INSERT INTO `meeting_events` (`id`, `created_at`, `updated_at`, `event_order`, `begin_time`, `is_out_of_race`, `is_autofilled`, `notes`, `meeting_session_id`, `event_type_id`, `heat_type_id`, `user_id`, `has_separate_gender_start_list`, `has_separate_category_start_list`)
  VALUES (10094, '2016-10-28 14:53:38', '2016-10-28 14:53:38', 13, '2000-01-01 00:00:00', 0, 1, NULL, 1943, 15, 3, 2, 1, 0);
INSERT INTO `meeting_events` (`id`, `created_at`, `updated_at`, `event_order`, `begin_time`, `is_out_of_race`, `is_autofilled`, `notes`, `meeting_session_id`, `event_type_id`, `heat_type_id`, `user_id`, `has_separate_gender_start_list`, `has_separate_category_start_list`)
  VALUES (10095, '2016-10-28 14:53:38', '2016-10-28 14:53:38', 14, '2000-01-01 00:00:00', 0, 1, NULL, 1943, 22, 3, 2, 1, 0);

-- 15214-sanmarino TROFEO SAN MARINO 2016-05-14
INSERT INTO `meetings` (`id`, `description`, `entry_deadline`, `has_warm_up_pool`, `is_under_25_admitted`, `reference_phone`, `reference_e_mail`, `reference_name`, `notes`, `has_invitation`, `has_start_list`, `are_results_acquired`, `max_individual_events`, `configuration_file`, `edition`, `season_id`, `user_id`, `created_at`, `updated_at`, `is_autofilled`, `header_date`, `code`, `header_year`, `max_individual_events_per_session`, `is_out_of_season`, `edition_type_id`, `timing_type_id`, `individual_score_computation_type_id`, `relay_score_computation_type_id`, `team_score_computation_type_id`, `meeting_score_computation_type_id`, `invitation`, `is_confirmed`)
  VALUES (16214, 'TROFEO SAN MARINO', NULL, 0, 1, '339 2365403', 'mastersanmarino@hotmail.com', 'Marco Parasole', 'AS San Marino Nuoto', 0, 0, 0, 2, 'FIN04', 12, 162, 2, '2016-10-28 14:53:38', '2016-10-28 14:53:38', 1, '2017-05-13', 'sanmarino', '2016/2017', 0, 0, 2, 3, 1, 1, 12, 1, NULL, 0);
INSERT INTO `meeting_sessions` (`id`, `session_order`, `scheduled_date`, `warm_up_time`, `begin_time`, `notes`, `meeting_id`, `swimming_pool_id`, `user_id`, `created_at`, `updated_at`, `description`, `is_autofilled`, `day_part_type_id`)
  VALUES (1944, 1, '2017-05-13', '2000-01-01 08:00:00', '2000-01-01 09:00:00', '', 16214, 19, 2, '2016-10-28 14:53:38', '2016-10-28 14:53:38', 'FINALI', 1, 1);
INSERT INTO `meeting_events` (`id`, `created_at`, `updated_at`, `event_order`, `begin_time`, `is_out_of_race`, `is_autofilled`, `notes`, `meeting_session_id`, `event_type_id`, `heat_type_id`, `user_id`, `has_separate_gender_start_list`, `has_separate_category_start_list`)
  VALUES (10096, '2016-10-28 14:53:38', '2016-10-28 14:53:38', 1, '2000-01-01 00:00:00', 0, 1, NULL, 1944, 6, 3, 2, 1, 0);
INSERT INTO `meeting_sessions` (`id`, `session_order`, `scheduled_date`, `warm_up_time`, `begin_time`, `notes`, `meeting_id`, `swimming_pool_id`, `user_id`, `created_at`, `updated_at`, `description`, `is_autofilled`, `day_part_type_id`)
  VALUES (1945, 2, '2017-05-13', '2000-01-01 13:30:00', '2000-01-01 14:30:00', '', 16214, 19, 2, '2016-10-28 14:53:38', '2016-10-28 14:53:38', 'FINALI', 1, 2);
INSERT INTO `meeting_events` (`id`, `created_at`, `updated_at`, `event_order`, `begin_time`, `is_out_of_race`, `is_autofilled`, `notes`, `meeting_session_id`, `event_type_id`, `heat_type_id`, `user_id`, `has_separate_gender_start_list`, `has_separate_category_start_list`)
  VALUES (10097, '2016-10-28 14:53:38', '2016-10-28 14:53:38', 2, '2000-01-01 14:14:30', 0, 1, NULL, 1945, 26, 3, 1, 1, 0);
INSERT INTO `meeting_events` (`id`, `created_at`, `updated_at`, `event_order`, `begin_time`, `is_out_of_race`, `is_autofilled`, `notes`, `meeting_session_id`, `event_type_id`, `heat_type_id`, `user_id`, `has_separate_gender_start_list`, `has_separate_category_start_list`)
  VALUES (10098, '2016-10-28 14:53:38', '2016-10-28 14:53:38', 3, '2000-01-01 14:11:30', 0, 1, NULL, 1945, 25, 3, 1, 1, 0);
INSERT INTO `meeting_events` (`id`, `created_at`, `updated_at`, `event_order`, `begin_time`, `is_out_of_race`, `is_autofilled`, `notes`, `meeting_session_id`, `event_type_id`, `heat_type_id`, `user_id`, `has_separate_gender_start_list`, `has_separate_category_start_list`)
  VALUES (10099, '2016-10-28 14:53:38', '2016-10-28 14:53:38', 4, '2000-01-01 00:00:00', 0, 1, NULL, 1945, 23, 3, 2, 1, 0);
INSERT INTO `meeting_events` (`id`, `created_at`, `updated_at`, `event_order`, `begin_time`, `is_out_of_race`, `is_autofilled`, `notes`, `meeting_session_id`, `event_type_id`, `heat_type_id`, `user_id`, `has_separate_gender_start_list`, `has_separate_category_start_list`)
  VALUES (10100, '2016-10-28 14:53:38', '2016-10-28 14:53:38', 5, '2000-01-01 00:00:00', 0, 1, NULL, 1945, 2, 3, 2, 1, 0);
INSERT INTO `meeting_events` (`id`, `created_at`, `updated_at`, `event_order`, `begin_time`, `is_out_of_race`, `is_autofilled`, `notes`, `meeting_session_id`, `event_type_id`, `heat_type_id`, `user_id`, `has_separate_gender_start_list`, `has_separate_category_start_list`)
  VALUES (10101, '2016-10-28 14:53:38', '2016-10-28 14:53:38', 6, '2000-01-01 00:00:00', 0, 1, NULL, 1945, 15, 3, 2, 1, 0);
INSERT INTO `meeting_sessions` (`id`, `session_order`, `scheduled_date`, `warm_up_time`, `begin_time`, `notes`, `meeting_id`, `swimming_pool_id`, `user_id`, `created_at`, `updated_at`, `description`, `is_autofilled`, `day_part_type_id`)
  VALUES (1946, 3, '2017-05-14', '2000-01-01 08:00:00', '2000-01-01 09:00:00', '', 16214, 19, 2, '2016-10-28 14:53:38', '2016-10-28 14:53:38', 'FINALI', 1, 1);
INSERT INTO `meeting_events` (`id`, `created_at`, `updated_at`, `event_order`, `begin_time`, `is_out_of_race`, `is_autofilled`, `notes`, `meeting_session_id`, `event_type_id`, `heat_type_id`, `user_id`, `has_separate_gender_start_list`, `has_separate_category_start_list`)
  VALUES (10102, '2016-10-28 14:53:38', '2016-10-28 14:53:38', 7, '2000-01-01 00:00:00', 0, 1, NULL, 1946, 4, 3, 2, 1, 0);
INSERT INTO `meeting_events` (`id`, `created_at`, `updated_at`, `event_order`, `begin_time`, `is_out_of_race`, `is_autofilled`, `notes`, `meeting_session_id`, `event_type_id`, `heat_type_id`, `user_id`, `has_separate_gender_start_list`, `has_separate_category_start_list`)
  VALUES (10103, '2016-10-28 14:53:38', '2016-10-28 14:53:38', 8, '2000-01-01 00:00:00', 0, 1, NULL, 1946, 5, 3, 2, 1, 0);
INSERT INTO `meeting_events` (`id`, `created_at`, `updated_at`, `event_order`, `begin_time`, `is_out_of_race`, `is_autofilled`, `notes`, `meeting_session_id`, `event_type_id`, `heat_type_id`, `user_id`, `has_separate_gender_start_list`, `has_separate_category_start_list`)
  VALUES (10104, '2016-10-28 14:53:38', '2016-10-28 14:53:38', 9, '2000-01-01 00:00:00', 0, 1, NULL, 1946, 16, 3, 2, 1, 0);
INSERT INTO `meeting_events` (`id`, `created_at`, `updated_at`, `event_order`, `begin_time`, `is_out_of_race`, `is_autofilled`, `notes`, `meeting_session_id`, `event_type_id`, `heat_type_id`, `user_id`, `has_separate_gender_start_list`, `has_separate_category_start_list`)
  VALUES (10105, '2016-10-28 14:53:38', '2016-10-28 14:53:38', 10, '2000-01-01 00:00:00', 0, 1, NULL, 1946, 19, 3, 2, 1, 0);
INSERT INTO `meeting_events` (`id`, `created_at`, `updated_at`, `event_order`, `begin_time`, `is_out_of_race`, `is_autofilled`, `notes`, `meeting_session_id`, `event_type_id`, `heat_type_id`, `user_id`, `has_separate_gender_start_list`, `has_separate_category_start_list`)
  VALUES (10106, '2016-10-28 14:53:38', '2016-10-28 14:53:38', 11, '2000-01-01 00:00:00', 0, 1, NULL, 1946, 11, 3, 2, 1, 0);
INSERT INTO `meeting_events` (`id`, `created_at`, `updated_at`, `event_order`, `begin_time`, `is_out_of_race`, `is_autofilled`, `notes`, `meeting_session_id`, `event_type_id`, `heat_type_id`, `user_id`, `has_separate_gender_start_list`, `has_separate_category_start_list`)
  VALUES (10107, '2016-10-28 14:53:38', '2016-10-28 14:53:38', 12, '2000-01-01 00:00:00', 0, 1, NULL, 1946, 3, 3, 2, 1, 0);

-- 15215-verolanuova TROFEO CITTA' DI VEROLANUOVA 2015-10-31
INSERT INTO `meetings` (`id`, `description`, `entry_deadline`, `has_warm_up_pool`, `is_under_25_admitted`, `reference_phone`, `reference_e_mail`, `reference_name`, `notes`, `has_invitation`, `has_start_list`, `are_results_acquired`, `max_individual_events`, `configuration_file`, `edition`, `season_id`, `user_id`, `created_at`, `updated_at`, `is_autofilled`, `header_date`, `code`, `header_year`, `max_individual_events_per_session`, `is_out_of_season`, `edition_type_id`, `timing_type_id`, `individual_score_computation_type_id`, `relay_score_computation_type_id`, `team_score_computation_type_id`, `meeting_score_computation_type_id`, `invitation`, `is_confirmed`)
  VALUES (16215, 'TROFEO CITTA'' DI VEROLANUOVA', '2016-10-18', 0, 1, '329 6382236', '', '', 'Verolanuoto', 0, 0, 0, 2, 'FIN04', 16, 162, 2, '2016-10-28 14:53:38', '2016-10-28 14:53:38', 1, '2016-10-29', 'verolanuova', '2016/2017', 0, 0, 2, 3, 1, 1, 12, 1, NULL, 0);
INSERT INTO `meeting_sessions` (`id`, `session_order`, `scheduled_date`, `warm_up_time`, `begin_time`, `notes`, `meeting_id`, `swimming_pool_id`, `user_id`, `created_at`, `updated_at`, `description`, `is_autofilled`, `day_part_type_id`)
  VALUES (1947, 1, '2016-10-29', '2000-01-01 14:00:00', '2000-01-01 15:00:00', '', 16215, 29, 2, '2016-10-28 14:53:38', '2016-10-28 14:53:38', 'FINALI', 1, 2);
INSERT INTO `meeting_events` (`id`, `created_at`, `updated_at`, `event_order`, `begin_time`, `is_out_of_race`, `is_autofilled`, `notes`, `meeting_session_id`, `event_type_id`, `heat_type_id`, `user_id`, `has_separate_gender_start_list`, `has_separate_category_start_list`)
  VALUES (10108, '2016-10-28 14:53:38', '2016-10-28 14:53:38', 1, '2000-01-01 00:00:00', 0, 1, NULL, 1947, 5, 3, 2, 1, 0);
INSERT INTO `meeting_events` (`id`, `created_at`, `updated_at`, `event_order`, `begin_time`, `is_out_of_race`, `is_autofilled`, `notes`, `meeting_session_id`, `event_type_id`, `heat_type_id`, `user_id`, `has_separate_gender_start_list`, `has_separate_category_start_list`)
  VALUES (10109, '2016-10-28 14:53:38', '2016-10-28 14:53:38', 2, '2000-01-01 00:00:00', 0, 1, NULL, 1947, 22, 3, 2, 1, 0);
INSERT INTO `meeting_sessions` (`id`, `session_order`, `scheduled_date`, `warm_up_time`, `begin_time`, `notes`, `meeting_id`, `swimming_pool_id`, `user_id`, `created_at`, `updated_at`, `description`, `is_autofilled`, `day_part_type_id`)
  VALUES (1948, 2, '2016-10-30', '2000-01-01 08:00:00', '2000-01-01 09:00:00', '', 16215, 29, 2, '2016-10-28 14:53:38', '2016-10-28 14:53:38', 'FINALI', 1, 1);
INSERT INTO `meeting_events` (`id`, `created_at`, `updated_at`, `event_order`, `begin_time`, `is_out_of_race`, `is_autofilled`, `notes`, `meeting_session_id`, `event_type_id`, `heat_type_id`, `user_id`, `has_separate_gender_start_list`, `has_separate_category_start_list`)
  VALUES (10110, '2016-10-28 14:53:38', '2016-10-28 14:53:38', 1, '2000-01-01 00:00:00', 0, 1, NULL, 1948, 3, 3, 2, 1, 0);
INSERT INTO `meeting_events` (`id`, `created_at`, `updated_at`, `event_order`, `begin_time`, `is_out_of_race`, `is_autofilled`, `notes`, `meeting_session_id`, `event_type_id`, `heat_type_id`, `user_id`, `has_separate_gender_start_list`, `has_separate_category_start_list`)
  VALUES (10111, '2016-10-28 14:53:38', '2016-10-28 14:53:38', 2, '2000-01-01 00:00:00', 0, 1, NULL, 1948, 19, 3, 2, 1, 0);
INSERT INTO `meeting_events` (`id`, `created_at`, `updated_at`, `event_order`, `begin_time`, `is_out_of_race`, `is_autofilled`, `notes`, `meeting_session_id`, `event_type_id`, `heat_type_id`, `user_id`, `has_separate_gender_start_list`, `has_separate_category_start_list`)
  VALUES (10112, '2016-10-28 14:53:38', '2016-10-28 14:53:38', 3, '2000-01-01 00:00:00', 0, 1, NULL, 1948, 11, 3, 2, 1, 0);
INSERT INTO `meeting_events` (`id`, `created_at`, `updated_at`, `event_order`, `begin_time`, `is_out_of_race`, `is_autofilled`, `notes`, `meeting_session_id`, `event_type_id`, `heat_type_id`, `user_id`, `has_separate_gender_start_list`, `has_separate_category_start_list`)
  VALUES (10113, '2016-10-28 14:53:38', '2016-10-28 14:53:38', 4, '2000-01-01 00:00:00', 0, 1, NULL, 1948, 23, 3, 2, 1, 0);
INSERT INTO `meeting_events` (`id`, `created_at`, `updated_at`, `event_order`, `begin_time`, `is_out_of_race`, `is_autofilled`, `notes`, `meeting_session_id`, `event_type_id`, `heat_type_id`, `user_id`, `has_separate_gender_start_list`, `has_separate_category_start_list`)
  VALUES (10114, '2016-10-28 14:53:38', '2016-10-28 14:53:38', 5, '2000-01-01 00:00:00', 0, 1, NULL, 1948, 15, 3, 2, 1, 0);
INSERT INTO `meeting_events` (`id`, `created_at`, `updated_at`, `event_order`, `begin_time`, `is_out_of_race`, `is_autofilled`, `notes`, `meeting_session_id`, `event_type_id`, `heat_type_id`, `user_id`, `has_separate_gender_start_list`, `has_separate_category_start_list`)
  VALUES (10115, '2016-10-28 14:53:38', '2016-10-28 14:53:38', 6, '2000-01-01 00:00:00', 0, 1, NULL, 1948, 2, 3, 2, 1, 0);

-- 15216-parmacoopernuoto TROFEO COOPERNUOTO 2015-12-20
INSERT INTO `meetings` (`id`, `description`, `entry_deadline`, `has_warm_up_pool`, `is_under_25_admitted`, `reference_phone`, `reference_e_mail`, `reference_name`, `notes`, `has_invitation`, `has_start_list`, `are_results_acquired`, `max_individual_events`, `configuration_file`, `edition`, `season_id`, `user_id`, `created_at`, `updated_at`, `is_autofilled`, `header_date`, `code`, `header_year`, `max_individual_events_per_session`, `is_out_of_season`, `edition_type_id`, `timing_type_id`, `individual_score_computation_type_id`, `relay_score_computation_type_id`, `team_score_computation_type_id`, `meeting_score_computation_type_id`, `invitation`, `is_confirmed`)
  VALUES (16216, 'TROFEO COOPERNUOTO', NULL, 0, 1, '335 6939924', 'parma@coopernuoto.it', 'Davide Bonomini, Vincenzo Savelli', 'Coopernuoto Scsd', 0, 0, 0, 2, 'FIN04', 5, 162, 2, '2016-10-28 14:53:38', '2016-10-28 14:53:38', 1, '2016-12-18', 'parmacoopernuoto', '2016/2017', 0, 0, 2, 3, 1, 1, 12, 1, NULL, 0);
INSERT INTO `meeting_sessions` (`id`, `session_order`, `scheduled_date`, `warm_up_time`, `begin_time`, `notes`, `meeting_id`, `swimming_pool_id`, `user_id`, `created_at`, `updated_at`, `description`, `is_autofilled`, `day_part_type_id`)
  VALUES (1949, 1, '2016-12-18', '2000-01-01 08:00:00', '2000-01-01 08:45:00', '', 16216, 3, 2, '2016-10-28 14:53:38', '2016-10-28 14:53:38', 'FINALI', 1, 1);
INSERT INTO `meeting_events` (`id`, `created_at`, `updated_at`, `event_order`, `begin_time`, `is_out_of_race`, `is_autofilled`, `notes`, `meeting_session_id`, `event_type_id`, `heat_type_id`, `user_id`, `has_separate_gender_start_list`, `has_separate_category_start_list`)
  VALUES (10116, '2016-10-28 14:53:38', '2016-10-28 14:53:38', 1, '2000-01-01 08:45:00', 0, 1, NULL, 1949, 5, 3, 2, 1, 0);
INSERT INTO `meeting_events` (`id`, `created_at`, `updated_at`, `event_order`, `begin_time`, `is_out_of_race`, `is_autofilled`, `notes`, `meeting_session_id`, `event_type_id`, `heat_type_id`, `user_id`, `has_separate_gender_start_list`, `has_separate_category_start_list`)
  VALUES (10117, '2016-10-28 14:53:38', '2016-10-28 14:53:38', 2, '2000-01-01 00:00:00', 0, 1, NULL, 1949, 19, 3, 2, 1, 0);
INSERT INTO `meeting_events` (`id`, `created_at`, `updated_at`, `event_order`, `begin_time`, `is_out_of_race`, `is_autofilled`, `notes`, `meeting_session_id`, `event_type_id`, `heat_type_id`, `user_id`, `has_separate_gender_start_list`, `has_separate_category_start_list`)
  VALUES (10118, '2016-10-28 14:53:38', '2016-10-28 14:53:38', 3, '2000-01-01 00:00:00', 0, 1, NULL, 1949, 12, 3, 2, 1, 0);
INSERT INTO `meeting_events` (`id`, `created_at`, `updated_at`, `event_order`, `begin_time`, `is_out_of_race`, `is_autofilled`, `notes`, `meeting_session_id`, `event_type_id`, `heat_type_id`, `user_id`, `has_separate_gender_start_list`, `has_separate_category_start_list`)
  VALUES (10119, '2016-10-28 14:53:38', '2016-10-28 14:53:38', 4, '2000-01-01 00:00:00', 0, 1, NULL, 1949, 15, 3, 2, 1, 0);
INSERT INTO `meeting_events` (`id`, `created_at`, `updated_at`, `event_order`, `begin_time`, `is_out_of_race`, `is_autofilled`, `notes`, `meeting_session_id`, `event_type_id`, `heat_type_id`, `user_id`, `has_separate_gender_start_list`, `has_separate_category_start_list`)
  VALUES (10120, '2016-10-28 14:53:38', '2016-10-28 14:53:38', 5, '2000-01-01 00:00:00', 0, 1, NULL, 1949, 3, 3, 2, 1, 0);
INSERT INTO `meeting_events` (`id`, `created_at`, `updated_at`, `event_order`, `begin_time`, `is_out_of_race`, `is_autofilled`, `notes`, `meeting_session_id`, `event_type_id`, `heat_type_id`, `user_id`, `has_separate_gender_start_list`, `has_separate_category_start_list`)
  VALUES (10121, '2016-10-28 14:53:38', '2016-10-28 14:53:38', 6, '2000-01-01 00:00:00', 0, 1, NULL, 1949, 21, 3, 2, 1, 0);
INSERT INTO `meeting_sessions` (`id`, `session_order`, `scheduled_date`, `warm_up_time`, `begin_time`, `notes`, `meeting_id`, `swimming_pool_id`, `user_id`, `created_at`, `updated_at`, `description`, `is_autofilled`, `day_part_type_id`)
  VALUES (1950, 2, '2016-12-18', '2000-01-01 13:30:00', '2000-01-01 14:15:00', '', 16216, 3, 2, '2016-10-28 14:53:38', '2016-10-28 14:53:38', 'FINALI', 1, 2);
INSERT INTO `meeting_events` (`id`, `created_at`, `updated_at`, `event_order`, `begin_time`, `is_out_of_race`, `is_autofilled`, `notes`, `meeting_session_id`, `event_type_id`, `heat_type_id`, `user_id`, `has_separate_gender_start_list`, `has_separate_category_start_list`)
  VALUES (10122, '2016-10-28 14:53:38', '2016-10-28 14:53:38', 6, '2000-01-01 01:00:30', 0, 1, NULL, 1950, 25, 3, 1, 1, 0);
INSERT INTO `meeting_events` (`id`, `created_at`, `updated_at`, `event_order`, `begin_time`, `is_out_of_race`, `is_autofilled`, `notes`, `meeting_session_id`, `event_type_id`, `heat_type_id`, `user_id`, `has_separate_gender_start_list`, `has_separate_category_start_list`)
  VALUES (10123, '2016-10-28 14:53:38', '2016-10-28 14:53:38', 1, '2000-01-01 14:15:00', 0, 1, NULL, 1950, 4, 3, 2, 1, 0);
INSERT INTO `meeting_events` (`id`, `created_at`, `updated_at`, `event_order`, `begin_time`, `is_out_of_race`, `is_autofilled`, `notes`, `meeting_session_id`, `event_type_id`, `heat_type_id`, `user_id`, `has_separate_gender_start_list`, `has_separate_category_start_list`)
  VALUES (10124, '2016-10-28 14:53:38', '2016-10-28 14:53:38', 2, '2000-01-01 00:00:00', 0, 1, NULL, 1950, 11, 3, 2, 1, 0);
INSERT INTO `meeting_events` (`id`, `created_at`, `updated_at`, `event_order`, `begin_time`, `is_out_of_race`, `is_autofilled`, `notes`, `meeting_session_id`, `event_type_id`, `heat_type_id`, `user_id`, `has_separate_gender_start_list`, `has_separate_category_start_list`)
  VALUES (10125, '2016-10-28 14:53:38', '2016-10-28 14:53:38', 3, '2000-01-01 00:00:00', 0, 1, NULL, 1950, 20, 3, 2, 1, 0);
INSERT INTO `meeting_events` (`id`, `created_at`, `updated_at`, `event_order`, `begin_time`, `is_out_of_race`, `is_autofilled`, `notes`, `meeting_session_id`, `event_type_id`, `heat_type_id`, `user_id`, `has_separate_gender_start_list`, `has_separate_category_start_list`)
  VALUES (10126, '2016-10-28 14:53:39', '2016-10-28 14:53:39', 4, '2000-01-01 00:00:00', 0, 1, NULL, 1950, 2, 3, 2, 1, 0);
INSERT INTO `meeting_events` (`id`, `created_at`, `updated_at`, `event_order`, `begin_time`, `is_out_of_race`, `is_autofilled`, `notes`, `meeting_session_id`, `event_type_id`, `heat_type_id`, `user_id`, `has_separate_gender_start_list`, `has_separate_category_start_list`)
  VALUES (10127, '2016-10-28 14:53:39', '2016-10-28 14:53:39', 5, '2000-01-01 00:00:00', 0, 1, NULL, 1950, 22, 3, 2, 1, 0);

-- 15217-bresciabrixiafidelis BRIXIA FIDELIS 2016-03-05
INSERT INTO `meetings` (`id`, `description`, `entry_deadline`, `has_warm_up_pool`, `is_under_25_admitted`, `reference_phone`, `reference_e_mail`, `reference_name`, `notes`, `has_invitation`, `has_start_list`, `are_results_acquired`, `max_individual_events`, `configuration_file`, `edition`, `season_id`, `user_id`, `created_at`, `updated_at`, `is_autofilled`, `header_date`, `code`, `header_year`, `max_individual_events_per_session`, `is_out_of_season`, `edition_type_id`, `timing_type_id`, `individual_score_computation_type_id`, `relay_score_computation_type_id`, `team_score_computation_type_id`, `meeting_score_computation_type_id`, `invitation`, `is_confirmed`)
  VALUES (16217, 'BRIXIA FIDELIS', NULL, 1, 1, '333 2061181', 'brixia.fidelis@fastwebnet.it', 'Fabio Compagnoni', 'ASD Sport & Fitness', 0, 0, 0, 2, 'FIN04', 32, 162, 2, '2016-10-28 14:53:39', '2016-10-28 14:53:39', 1, '2017-03-04', 'bresciabrixiafidelis', '2016/2017', 0, 0, 2, 3, 1, 1, 12, 1, NULL, 0);
INSERT INTO `meeting_sessions` (`id`, `session_order`, `scheduled_date`, `warm_up_time`, `begin_time`, `notes`, `meeting_id`, `swimming_pool_id`, `user_id`, `created_at`, `updated_at`, `description`, `is_autofilled`, `day_part_type_id`)
  VALUES (1951, 1, '2017-03-04', '2000-01-01 00:00:00', '2000-01-01 00:00:00', '', 16217, 36, 2, '2016-10-28 14:53:39', '2016-10-28 14:53:39', 'FINALI', 1, NULL);
INSERT INTO `meeting_events` (`id`, `created_at`, `updated_at`, `event_order`, `begin_time`, `is_out_of_race`, `is_autofilled`, `notes`, `meeting_session_id`, `event_type_id`, `heat_type_id`, `user_id`, `has_separate_gender_start_list`, `has_separate_category_start_list`)
  VALUES (10128, '2016-10-28 14:53:39', '2016-10-28 14:53:39', 1, '2000-01-01 00:00:00', 0, 1, NULL, 1951, 6, 3, 2, 1, 0);
INSERT INTO `meeting_sessions` (`id`, `session_order`, `scheduled_date`, `warm_up_time`, `begin_time`, `notes`, `meeting_id`, `swimming_pool_id`, `user_id`, `created_at`, `updated_at`, `description`, `is_autofilled`, `day_part_type_id`)
  VALUES (1952, 2, '2017-03-04', '2000-01-01 00:00:00', '2000-01-01 00:00:00', '', 16217, 36, 2, '2016-10-28 14:53:39', '2016-10-28 14:53:39', 'FINALI', 1, NULL);
INSERT INTO `meeting_events` (`id`, `created_at`, `updated_at`, `event_order`, `begin_time`, `is_out_of_race`, `is_autofilled`, `notes`, `meeting_session_id`, `event_type_id`, `heat_type_id`, `user_id`, `has_separate_gender_start_list`, `has_separate_category_start_list`)
  VALUES (10129, '2016-10-28 14:53:39', '2016-10-28 14:53:39', 2, '2000-01-01 00:00:00', 0, 1, NULL, 1952, 15, 3, 2, 1, 0);
INSERT INTO `meeting_events` (`id`, `created_at`, `updated_at`, `event_order`, `begin_time`, `is_out_of_race`, `is_autofilled`, `notes`, `meeting_session_id`, `event_type_id`, `heat_type_id`, `user_id`, `has_separate_gender_start_list`, `has_separate_category_start_list`)
  VALUES (10130, '2016-10-28 14:53:39', '2016-10-28 14:53:39', 3, '2000-01-01 00:00:00', 0, 1, NULL, 1952, 19, 3, 2, 1, 0);
INSERT INTO `meeting_events` (`id`, `created_at`, `updated_at`, `event_order`, `begin_time`, `is_out_of_race`, `is_autofilled`, `notes`, `meeting_session_id`, `event_type_id`, `heat_type_id`, `user_id`, `has_separate_gender_start_list`, `has_separate_category_start_list`)
  VALUES (10131, '2016-10-28 14:53:39', '2016-10-28 14:53:39', 4, '2000-01-01 00:00:00', 0, 1, NULL, 1952, 2, 3, 2, 1, 0);
INSERT INTO `meeting_events` (`id`, `created_at`, `updated_at`, `event_order`, `begin_time`, `is_out_of_race`, `is_autofilled`, `notes`, `meeting_session_id`, `event_type_id`, `heat_type_id`, `user_id`, `has_separate_gender_start_list`, `has_separate_category_start_list`)
  VALUES (10132, '2016-10-28 14:53:39', '2016-10-28 14:53:39', 5, '2000-01-01 00:00:00', 0, 1, NULL, 1952, 11, 3, 2, 1, 0);
INSERT INTO `meeting_sessions` (`id`, `session_order`, `scheduled_date`, `warm_up_time`, `begin_time`, `notes`, `meeting_id`, `swimming_pool_id`, `user_id`, `created_at`, `updated_at`, `description`, `is_autofilled`, `day_part_type_id`)
  VALUES (1953, 3, '2017-03-05', '2000-01-01 00:00:00', '2000-01-01 00:00:00', '', 16217, 36, 2, '2016-10-28 14:53:39', '2016-10-28 14:53:39', 'FINALI', 1, NULL);
INSERT INTO `meeting_events` (`id`, `created_at`, `updated_at`, `event_order`, `begin_time`, `is_out_of_race`, `is_autofilled`, `notes`, `meeting_session_id`, `event_type_id`, `heat_type_id`, `user_id`, `has_separate_gender_start_list`, `has_separate_category_start_list`)
  VALUES (10133, '2016-10-28 14:53:39', '2016-10-28 14:53:39', 6, '2000-01-01 00:00:00', 0, 1, NULL, 1953, 16, 3, 2, 1, 0);
INSERT INTO `meeting_events` (`id`, `created_at`, `updated_at`, `event_order`, `begin_time`, `is_out_of_race`, `is_autofilled`, `notes`, `meeting_session_id`, `event_type_id`, `heat_type_id`, `user_id`, `has_separate_gender_start_list`, `has_separate_category_start_list`)
  VALUES (10134, '2016-10-28 14:53:39', '2016-10-28 14:53:39', 7, '2000-01-01 00:00:00', 0, 1, NULL, 1953, 20, 3, 2, 1, 0);
INSERT INTO `meeting_events` (`id`, `created_at`, `updated_at`, `event_order`, `begin_time`, `is_out_of_race`, `is_autofilled`, `notes`, `meeting_session_id`, `event_type_id`, `heat_type_id`, `user_id`, `has_separate_gender_start_list`, `has_separate_category_start_list`)
  VALUES (10135, '2016-10-28 14:53:39', '2016-10-28 14:53:39', 8, '2000-01-01 00:00:00', 0, 1, NULL, 1953, 3, 3, 2, 1, 0);
INSERT INTO `meeting_events` (`id`, `created_at`, `updated_at`, `event_order`, `begin_time`, `is_out_of_race`, `is_autofilled`, `notes`, `meeting_session_id`, `event_type_id`, `heat_type_id`, `user_id`, `has_separate_gender_start_list`, `has_separate_category_start_list`)
  VALUES (10136, '2016-10-28 14:53:39', '2016-10-28 14:53:39', 9, '2000-01-01 00:00:00', 0, 1, NULL, 1953, 12, 3, 2, 1, 0);
INSERT INTO `meeting_events` (`id`, `created_at`, `updated_at`, `event_order`, `begin_time`, `is_out_of_race`, `is_autofilled`, `notes`, `meeting_session_id`, `event_type_id`, `heat_type_id`, `user_id`, `has_separate_gender_start_list`, `has_separate_category_start_list`)
  VALUES (10137, '2016-10-28 14:53:39', '2016-10-28 14:53:39', 10, '2000-01-01 00:00:00', 0, 1, NULL, 1953, 4, 3, 2, 1, 0);
INSERT INTO `meeting_events` (`id`, `created_at`, `updated_at`, `event_order`, `begin_time`, `is_out_of_race`, `is_autofilled`, `notes`, `meeting_session_id`, `event_type_id`, `heat_type_id`, `user_id`, `has_separate_gender_start_list`, `has_separate_category_start_list`)
  VALUES (10138, '2016-10-28 14:53:39', '2016-10-28 14:53:39', 11, '2000-01-01 00:00:00', 0, 1, NULL, 1953, 23, 3, 2, 1, 0);
INSERT INTO `meeting_events` (`id`, `created_at`, `updated_at`, `event_order`, `begin_time`, `is_out_of_race`, `is_autofilled`, `notes`, `meeting_session_id`, `event_type_id`, `heat_type_id`, `user_id`, `has_separate_gender_start_list`, `has_separate_category_start_list`)
  VALUES (10139, '2016-10-28 14:53:39', '2016-10-28 14:53:39', 12, '2000-01-01 00:00:00', 0, 1, NULL, 1953, 5, 3, 2, 1, 0);

-- 15218-varedo TROFEO NORD PADANIA 2016-05-08
INSERT INTO `meetings` (`id`, `description`, `entry_deadline`, `has_warm_up_pool`, `is_under_25_admitted`, `reference_phone`, `reference_e_mail`, `reference_name`, `notes`, `has_invitation`, `has_start_list`, `are_results_acquired`, `max_individual_events`, `configuration_file`, `edition`, `season_id`, `user_id`, `created_at`, `updated_at`, `is_autofilled`, `header_date`, `code`, `header_year`, `max_individual_events_per_session`, `is_out_of_season`, `edition_type_id`, `timing_type_id`, `individual_score_computation_type_id`, `relay_score_computation_type_id`, `team_score_computation_type_id`, `meeting_score_computation_type_id`, `invitation`, `is_confirmed`)
  VALUES (16218, 'TROFEO NORD PADANIA', NULL, 0, 1, '335 1341194', 'info@npnnuotomaster.it', 'Guido Maggi', 'Nord Padania Nuoto', 0, 0, 0, 2, '', 26, 162, 2, '2016-10-28 14:53:39', '2016-10-28 14:53:39', 1, '2017-05-07', 'varedo', '2016/2017', 0, 0, 2, 3, 1, 1, 12, 1, NULL, 0);
INSERT INTO `meeting_sessions` (`id`, `session_order`, `scheduled_date`, `warm_up_time`, `begin_time`, `notes`, `meeting_id`, `swimming_pool_id`, `user_id`, `created_at`, `updated_at`, `description`, `is_autofilled`, `day_part_type_id`)
  VALUES (1954, 1, '2017-05-07', '2000-01-01 00:00:00', '2000-01-01 00:00:00', '', 16218, 37, 2, '2016-10-28 14:53:39', '2016-10-28 14:53:39', 'FINALI', 1, NULL);
INSERT INTO `meeting_events` (`id`, `created_at`, `updated_at`, `event_order`, `begin_time`, `is_out_of_race`, `is_autofilled`, `notes`, `meeting_session_id`, `event_type_id`, `heat_type_id`, `user_id`, `has_separate_gender_start_list`, `has_separate_category_start_list`)
  VALUES (10140, '2016-10-28 14:53:39', '2016-10-28 14:53:39', 1, '2000-01-01 00:00:00', 0, 1, NULL, 1954, 4, 3, 2, 1, 0);
INSERT INTO `meeting_events` (`id`, `created_at`, `updated_at`, `event_order`, `begin_time`, `is_out_of_race`, `is_autofilled`, `notes`, `meeting_session_id`, `event_type_id`, `heat_type_id`, `user_id`, `has_separate_gender_start_list`, `has_separate_category_start_list`)
  VALUES (10141, '2016-10-28 14:53:39', '2016-10-28 14:53:39', 2, '2000-01-01 00:00:00', 0, 1, NULL, 1954, 16, 3, 2, 1, 0);
INSERT INTO `meeting_events` (`id`, `created_at`, `updated_at`, `event_order`, `begin_time`, `is_out_of_race`, `is_autofilled`, `notes`, `meeting_session_id`, `event_type_id`, `heat_type_id`, `user_id`, `has_separate_gender_start_list`, `has_separate_category_start_list`)
  VALUES (10142, '2016-10-28 14:53:39', '2016-10-28 14:53:39', 3, '2000-01-01 00:00:00', 0, 1, NULL, 1954, 12, 3, 2, 1, 0);
INSERT INTO `meeting_events` (`id`, `created_at`, `updated_at`, `event_order`, `begin_time`, `is_out_of_race`, `is_autofilled`, `notes`, `meeting_session_id`, `event_type_id`, `heat_type_id`, `user_id`, `has_separate_gender_start_list`, `has_separate_category_start_list`)
  VALUES (10143, '2016-10-28 14:53:39', '2016-10-28 14:53:39', 4, '2000-01-01 00:00:00', 0, 1, NULL, 1954, 20, 3, 2, 1, 0);
INSERT INTO `meeting_events` (`id`, `created_at`, `updated_at`, `event_order`, `begin_time`, `is_out_of_race`, `is_autofilled`, `notes`, `meeting_session_id`, `event_type_id`, `heat_type_id`, `user_id`, `has_separate_gender_start_list`, `has_separate_category_start_list`)
  VALUES (10144, '2016-10-28 14:53:39', '2016-10-28 14:53:39', 5, '2000-01-01 00:00:00', 0, 1, NULL, 1954, 3, 3, 2, 1, 0);
INSERT INTO `meeting_events` (`id`, `created_at`, `updated_at`, `event_order`, `begin_time`, `is_out_of_race`, `is_autofilled`, `notes`, `meeting_session_id`, `event_type_id`, `heat_type_id`, `user_id`, `has_separate_gender_start_list`, `has_separate_category_start_list`)
  VALUES (10145, '2016-10-28 14:53:39', '2016-10-28 14:53:39', 10, '2000-01-01 10:52:00', 0, 1, NULL, 1954, 21, 3, 1, 1, 0);
INSERT INTO `meeting_events` (`id`, `created_at`, `updated_at`, `event_order`, `begin_time`, `is_out_of_race`, `is_autofilled`, `notes`, `meeting_session_id`, `event_type_id`, `heat_type_id`, `user_id`, `has_separate_gender_start_list`, `has_separate_category_start_list`)
  VALUES (10146, '2016-10-28 14:53:39', '2016-10-28 14:53:39', 11, '2000-01-01 12:12:00', 0, 1, NULL, 1954, 5, 3, 1, 1, 0);
INSERT INTO `meeting_sessions` (`id`, `session_order`, `scheduled_date`, `warm_up_time`, `begin_time`, `notes`, `meeting_id`, `swimming_pool_id`, `user_id`, `created_at`, `updated_at`, `description`, `is_autofilled`, `day_part_type_id`)
  VALUES (1955, 2, '1901-12-28', '2000-01-01 00:00:00', '2000-01-01 00:00:00', '', 16218, 37, 2, '2016-10-28 14:53:39', '2016-10-28 14:53:39', 'FINALI', 1, NULL);
INSERT INTO `meeting_events` (`id`, `created_at`, `updated_at`, `event_order`, `begin_time`, `is_out_of_race`, `is_autofilled`, `notes`, `meeting_session_id`, `event_type_id`, `heat_type_id`, `user_id`, `has_separate_gender_start_list`, `has_separate_category_start_list`)
  VALUES (10147, '2016-10-28 14:53:39', '2016-10-28 14:53:39', 6, '2000-01-01 00:00:00', 0, 1, NULL, 1955, 15, 3, 2, 1, 0);
INSERT INTO `meeting_events` (`id`, `created_at`, `updated_at`, `event_order`, `begin_time`, `is_out_of_race`, `is_autofilled`, `notes`, `meeting_session_id`, `event_type_id`, `heat_type_id`, `user_id`, `has_separate_gender_start_list`, `has_separate_category_start_list`)
  VALUES (10148, '2016-10-28 14:53:39', '2016-10-28 14:53:39', 7, '2000-01-01 00:00:00', 0, 1, NULL, 1955, 19, 3, 2, 1, 0);
INSERT INTO `meeting_events` (`id`, `created_at`, `updated_at`, `event_order`, `begin_time`, `is_out_of_race`, `is_autofilled`, `notes`, `meeting_session_id`, `event_type_id`, `heat_type_id`, `user_id`, `has_separate_gender_start_list`, `has_separate_category_start_list`)
  VALUES (10149, '2016-10-28 14:53:39', '2016-10-28 14:53:39', 8, '2000-01-01 00:00:00', 0, 1, NULL, 1955, 11, 3, 2, 1, 0);
INSERT INTO `meeting_events` (`id`, `created_at`, `updated_at`, `event_order`, `begin_time`, `is_out_of_race`, `is_autofilled`, `notes`, `meeting_session_id`, `event_type_id`, `heat_type_id`, `user_id`, `has_separate_gender_start_list`, `has_separate_category_start_list`)
  VALUES (10150, '2016-10-28 14:53:39', '2016-10-28 14:53:39', 9, '2000-01-01 00:00:00', 0, 1, NULL, 1955, 2, 3, 2, 1, 0);

-- 15219-prato TROFEO SERGIO FAGGI 2016-05-28
INSERT INTO `meetings` (`id`, `description`, `entry_deadline`, `has_warm_up_pool`, `is_under_25_admitted`, `reference_phone`, `reference_e_mail`, `reference_name`, `notes`, `has_invitation`, `has_start_list`, `are_results_acquired`, `max_individual_events`, `configuration_file`, `edition`, `season_id`, `user_id`, `created_at`, `updated_at`, `is_autofilled`, `header_date`, `code`, `header_year`, `max_individual_events_per_session`, `is_out_of_season`, `edition_type_id`, `timing_type_id`, `individual_score_computation_type_id`, `relay_score_computation_type_id`, `team_score_computation_type_id`, `meeting_score_computation_type_id`, `invitation`, `is_confirmed`)
  VALUES (16219, 'TROFEO SERGIO FAGGI', NULL, 0, 1, '320 4314586', 'fambet@infinito.it', 'Fabio Bettinelli', '', 0, 0, 0, 2, '', 13, 162, 2, '2016-10-28 14:53:39', '2016-10-28 14:53:39', 1, '2017-05-27', 'prato', '2016/2017', 0, 0, 2, 3, 1, 1, 12, 1, NULL, 0);
INSERT INTO `meeting_sessions` (`id`, `session_order`, `scheduled_date`, `warm_up_time`, `begin_time`, `notes`, `meeting_id`, `swimming_pool_id`, `user_id`, `created_at`, `updated_at`, `description`, `is_autofilled`, `day_part_type_id`)
  VALUES (1956, 1, '2017-05-27', '2000-01-01 00:00:00', '2000-01-01 00:00:00', '', 16219, 38, 2, '2016-10-28 14:53:39', '2016-10-28 14:53:39', 'FINALI', 1, NULL);
INSERT INTO `meeting_events` (`id`, `created_at`, `updated_at`, `event_order`, `begin_time`, `is_out_of_race`, `is_autofilled`, `notes`, `meeting_session_id`, `event_type_id`, `heat_type_id`, `user_id`, `has_separate_gender_start_list`, `has_separate_category_start_list`)
  VALUES (10151, '2016-10-28 14:53:39', '2016-10-28 14:53:39', 1, '2000-01-01 00:00:00', 0, 1, NULL, 1956, 16, 3, 2, 1, 0);
INSERT INTO `meeting_events` (`id`, `created_at`, `updated_at`, `event_order`, `begin_time`, `is_out_of_race`, `is_autofilled`, `notes`, `meeting_session_id`, `event_type_id`, `heat_type_id`, `user_id`, `has_separate_gender_start_list`, `has_separate_category_start_list`)
  VALUES (10152, '2016-10-28 14:53:39', '2016-10-28 14:53:39', 2, '2000-01-01 00:00:00', 0, 1, NULL, 1956, 5, 3, 2, 1, 0);
INSERT INTO `meeting_events` (`id`, `created_at`, `updated_at`, `event_order`, `begin_time`, `is_out_of_race`, `is_autofilled`, `notes`, `meeting_session_id`, `event_type_id`, `heat_type_id`, `user_id`, `has_separate_gender_start_list`, `has_separate_category_start_list`)
  VALUES (10153, '2016-10-28 14:53:39', '2016-10-28 14:53:39', 3, '2000-01-01 00:00:00', 0, 1, NULL, 1956, 20, 3, 2, 1, 0);
INSERT INTO `meeting_events` (`id`, `created_at`, `updated_at`, `event_order`, `begin_time`, `is_out_of_race`, `is_autofilled`, `notes`, `meeting_session_id`, `event_type_id`, `heat_type_id`, `user_id`, `has_separate_gender_start_list`, `has_separate_category_start_list`)
  VALUES (10154, '2016-10-28 14:53:39', '2016-10-28 14:53:39', 4, '2000-01-01 00:00:00', 0, 1, NULL, 1956, 3, 3, 2, 1, 0);
INSERT INTO `meeting_events` (`id`, `created_at`, `updated_at`, `event_order`, `begin_time`, `is_out_of_race`, `is_autofilled`, `notes`, `meeting_session_id`, `event_type_id`, `heat_type_id`, `user_id`, `has_separate_gender_start_list`, `has_separate_category_start_list`)
  VALUES (10155, '2016-10-28 14:53:39', '2016-10-28 14:53:39', 5, '2000-01-01 00:00:00', 0, 1, NULL, 1956, 4, 3, 2, 1, 0);
INSERT INTO `meeting_events` (`id`, `created_at`, `updated_at`, `event_order`, `begin_time`, `is_out_of_race`, `is_autofilled`, `notes`, `meeting_session_id`, `event_type_id`, `heat_type_id`, `user_id`, `has_separate_gender_start_list`, `has_separate_category_start_list`)
  VALUES (10156, '2016-10-28 14:53:39', '2016-10-28 14:53:39', 6, '2000-01-01 00:00:00', 0, 1, NULL, 1956, 11, 3, 2, 1, 0);
INSERT INTO `meeting_sessions` (`id`, `session_order`, `scheduled_date`, `warm_up_time`, `begin_time`, `notes`, `meeting_id`, `swimming_pool_id`, `user_id`, `created_at`, `updated_at`, `description`, `is_autofilled`, `day_part_type_id`)
  VALUES (1957, 2, '1902-01-04', '2000-01-01 00:00:00', '2000-01-01 00:00:00', '', 16219, 38, 2, '2016-10-28 14:53:39', '2016-10-28 14:53:39', 'FINALI', 1, NULL);
INSERT INTO `meeting_events` (`id`, `created_at`, `updated_at`, `event_order`, `begin_time`, `is_out_of_race`, `is_autofilled`, `notes`, `meeting_session_id`, `event_type_id`, `heat_type_id`, `user_id`, `has_separate_gender_start_list`, `has_separate_category_start_list`)
  VALUES (10157, '2016-10-28 14:53:39', '2016-10-28 14:53:39', 1, '2000-01-01 00:00:00', 0, 1, NULL, 1957, 2, 3, 2, 1, 0);
INSERT INTO `meeting_events` (`id`, `created_at`, `updated_at`, `event_order`, `begin_time`, `is_out_of_race`, `is_autofilled`, `notes`, `meeting_session_id`, `event_type_id`, `heat_type_id`, `user_id`, `has_separate_gender_start_list`, `has_separate_category_start_list`)
  VALUES (10158, '2016-10-28 14:53:39', '2016-10-28 14:53:39', 2, '2000-01-01 00:00:00', 0, 1, NULL, 1957, 19, 3, 2, 1, 0);
INSERT INTO `meeting_events` (`id`, `created_at`, `updated_at`, `event_order`, `begin_time`, `is_out_of_race`, `is_autofilled`, `notes`, `meeting_session_id`, `event_type_id`, `heat_type_id`, `user_id`, `has_separate_gender_start_list`, `has_separate_category_start_list`)
  VALUES (10159, '2016-10-28 14:53:39', '2016-10-28 14:53:39', 3, '2000-01-01 00:00:00', 0, 1, NULL, 1957, 23, 3, 2, 1, 0);
INSERT INTO `meeting_events` (`id`, `created_at`, `updated_at`, `event_order`, `begin_time`, `is_out_of_race`, `is_autofilled`, `notes`, `meeting_session_id`, `event_type_id`, `heat_type_id`, `user_id`, `has_separate_gender_start_list`, `has_separate_category_start_list`)
  VALUES (10160, '2016-10-28 14:53:39', '2016-10-28 14:53:39', 4, '2000-01-01 00:00:00', 0, 1, NULL, 1957, 17, 3, 2, 1, 0);
INSERT INTO `meeting_events` (`id`, `created_at`, `updated_at`, `event_order`, `begin_time`, `is_out_of_race`, `is_autofilled`, `notes`, `meeting_session_id`, `event_type_id`, `heat_type_id`, `user_id`, `has_separate_gender_start_list`, `has_separate_category_start_list`)
  VALUES (10161, '2016-10-28 14:53:39', '2016-10-28 14:53:39', 5, '2000-01-01 00:00:00', 0, 1, NULL, 1957, 21, 3, 2, 1, 0);

-- 15220-pontedera MEETING DELLA VALDERA 2016-05-21
INSERT INTO `meetings` (`id`, `description`, `entry_deadline`, `has_warm_up_pool`, `is_under_25_admitted`, `reference_phone`, `reference_e_mail`, `reference_name`, `notes`, `has_invitation`, `has_start_list`, `are_results_acquired`, `max_individual_events`, `configuration_file`, `edition`, `season_id`, `user_id`, `created_at`, `updated_at`, `is_autofilled`, `header_date`, `code`, `header_year`, `max_individual_events_per_session`, `is_out_of_season`, `edition_type_id`, `timing_type_id`, `individual_score_computation_type_id`, `relay_score_computation_type_id`, `team_score_computation_type_id`, `meeting_score_computation_type_id`, `invitation`, `is_confirmed`)
  VALUES (16220, 'MEETING DELLA VALDERA', NULL, 0, 0, '320 4314586', 'fambet@infinito.it', 'Fabio Bettinelli', '', 0, 0, 0, 2, '', 16, 162, 2, '2016-10-28 14:53:39', '2016-10-28 14:53:39', 1, '2017-05-20', 'pontedera', '2016/2017', 0, 0, 2, 3, 1, 1, 12, 1, NULL, 0);
INSERT INTO `meeting_sessions` (`id`, `session_order`, `scheduled_date`, `warm_up_time`, `begin_time`, `notes`, `meeting_id`, `swimming_pool_id`, `user_id`, `created_at`, `updated_at`, `description`, `is_autofilled`, `day_part_type_id`)
  VALUES (1958, 1, '2017-05-20', '2000-01-01 00:00:00', '2000-01-01 00:00:00', '', 16220, 39, 2, '2016-10-28 14:53:39', '2016-10-28 14:53:39', 'FINALI', 1, NULL);
INSERT INTO `meeting_events` (`id`, `created_at`, `updated_at`, `event_order`, `begin_time`, `is_out_of_race`, `is_autofilled`, `notes`, `meeting_session_id`, `event_type_id`, `heat_type_id`, `user_id`, `has_separate_gender_start_list`, `has_separate_category_start_list`)
  VALUES (10162, '2016-10-28 14:53:39', '2016-10-28 14:53:39', 1, '2000-01-01 00:00:00', 0, 1, NULL, 1958, 2, 3, 2, 1, 0);
INSERT INTO `meeting_events` (`id`, `created_at`, `updated_at`, `event_order`, `begin_time`, `is_out_of_race`, `is_autofilled`, `notes`, `meeting_session_id`, `event_type_id`, `heat_type_id`, `user_id`, `has_separate_gender_start_list`, `has_separate_category_start_list`)
  VALUES (10163, '2016-10-28 14:53:39', '2016-10-28 14:53:39', 2, '2000-01-01 00:00:00', 0, 1, NULL, 1958, 23, 3, 2, 1, 0);
INSERT INTO `meeting_events` (`id`, `created_at`, `updated_at`, `event_order`, `begin_time`, `is_out_of_race`, `is_autofilled`, `notes`, `meeting_session_id`, `event_type_id`, `heat_type_id`, `user_id`, `has_separate_gender_start_list`, `has_separate_category_start_list`)
  VALUES (10164, '2016-10-28 14:53:39', '2016-10-28 14:53:39', 3, '2000-01-01 00:00:00', 0, 1, NULL, 1958, 16, 3, 2, 1, 0);
INSERT INTO `meeting_events` (`id`, `created_at`, `updated_at`, `event_order`, `begin_time`, `is_out_of_race`, `is_autofilled`, `notes`, `meeting_session_id`, `event_type_id`, `heat_type_id`, `user_id`, `has_separate_gender_start_list`, `has_separate_category_start_list`)
  VALUES (10165, '2016-10-28 14:53:39', '2016-10-28 14:53:39', 4, '2000-01-01 00:00:00', 0, 1, NULL, 1958, 20, 3, 2, 1, 0);
INSERT INTO `meeting_events` (`id`, `created_at`, `updated_at`, `event_order`, `begin_time`, `is_out_of_race`, `is_autofilled`, `notes`, `meeting_session_id`, `event_type_id`, `heat_type_id`, `user_id`, `has_separate_gender_start_list`, `has_separate_category_start_list`)
  VALUES (10166, '2016-10-28 14:53:39', '2016-10-28 14:53:39', 5, '2000-01-01 00:00:00', 0, 1, NULL, 1958, 11, 3, 2, 1, 0);
INSERT INTO `meeting_events` (`id`, `created_at`, `updated_at`, `event_order`, `begin_time`, `is_out_of_race`, `is_autofilled`, `notes`, `meeting_session_id`, `event_type_id`, `heat_type_id`, `user_id`, `has_separate_gender_start_list`, `has_separate_category_start_list`)
  VALUES (10167, '2016-10-28 14:53:39', '2016-10-28 14:53:39', 6, '2000-01-01 00:00:00', 0, 1, NULL, 1958, 4, 3, 2, 1, 0);
INSERT INTO `meeting_events` (`id`, `created_at`, `updated_at`, `event_order`, `begin_time`, `is_out_of_race`, `is_autofilled`, `notes`, `meeting_session_id`, `event_type_id`, `heat_type_id`, `user_id`, `has_separate_gender_start_list`, `has_separate_category_start_list`)
  VALUES (10168, '2016-10-28 14:53:39', '2016-10-28 14:53:39', 7, '2000-01-01 00:00:00', 0, 1, NULL, 1958, 17, 3, 2, 1, 0);
INSERT INTO `meeting_sessions` (`id`, `session_order`, `scheduled_date`, `warm_up_time`, `begin_time`, `notes`, `meeting_id`, `swimming_pool_id`, `user_id`, `created_at`, `updated_at`, `description`, `is_autofilled`, `day_part_type_id`)
  VALUES (1959, 2, '1902-01-04', '2000-01-01 00:00:00', '2000-01-01 00:00:00', '', 16220, 39, 2, '2016-10-28 14:53:39', '2016-10-28 14:53:39', 'FINALI', 1, NULL);
INSERT INTO `meeting_events` (`id`, `created_at`, `updated_at`, `event_order`, `begin_time`, `is_out_of_race`, `is_autofilled`, `notes`, `meeting_session_id`, `event_type_id`, `heat_type_id`, `user_id`, `has_separate_gender_start_list`, `has_separate_category_start_list`)
  VALUES (10169, '2016-10-28 14:53:39', '2016-10-28 14:53:39', 8, '2000-01-01 00:00:00', 0, 1, NULL, 1959, 3, 3, 2, 1, 0);
INSERT INTO `meeting_events` (`id`, `created_at`, `updated_at`, `event_order`, `begin_time`, `is_out_of_race`, `is_autofilled`, `notes`, `meeting_session_id`, `event_type_id`, `heat_type_id`, `user_id`, `has_separate_gender_start_list`, `has_separate_category_start_list`)
  VALUES (10170, '2016-10-28 14:53:39', '2016-10-28 14:53:39', 9, '2000-01-01 00:00:00', 0, 1, NULL, 1959, 19, 3, 2, 1, 0);
INSERT INTO `meeting_events` (`id`, `created_at`, `updated_at`, `event_order`, `begin_time`, `is_out_of_race`, `is_autofilled`, `notes`, `meeting_session_id`, `event_type_id`, `heat_type_id`, `user_id`, `has_separate_gender_start_list`, `has_separate_category_start_list`)
  VALUES (10171, '2016-10-28 14:53:39', '2016-10-28 14:53:39', 10, '2000-01-01 00:00:00', 0, 1, NULL, 1959, 5, 3, 2, 1, 0);
INSERT INTO `meeting_events` (`id`, `created_at`, `updated_at`, `event_order`, `begin_time`, `is_out_of_race`, `is_autofilled`, `notes`, `meeting_session_id`, `event_type_id`, `heat_type_id`, `user_id`, `has_separate_gender_start_list`, `has_separate_category_start_list`)
  VALUES (10172, '2016-10-28 14:53:39', '2016-10-28 14:53:39', 11, '2000-01-01 00:00:00', 0, 1, NULL, 1959, 15, 3, 2, 1, 0);
INSERT INTO `meeting_events` (`id`, `created_at`, `updated_at`, `event_order`, `begin_time`, `is_out_of_race`, `is_autofilled`, `notes`, `meeting_session_id`, `event_type_id`, `heat_type_id`, `user_id`, `has_separate_gender_start_list`, `has_separate_category_start_list`)
  VALUES (10173, '2016-10-28 14:53:39', '2016-10-28 14:53:39', 12, '2000-01-01 00:00:00', 0, 1, NULL, 1959, 12, 3, 2, 1, 0);
INSERT INTO `meeting_events` (`id`, `created_at`, `updated_at`, `event_order`, `begin_time`, `is_out_of_race`, `is_autofilled`, `notes`, `meeting_session_id`, `event_type_id`, `heat_type_id`, `user_id`, `has_separate_gender_start_list`, `has_separate_category_start_list`)
  VALUES (10174, '2016-10-28 14:53:39', '2016-10-28 14:53:39', 13, '2000-01-01 00:00:00', 0, 1, NULL, 1959, 21, 3, 2, 1, 0);

-- 15223-bresciaeuropa TROFEO EUROPA SC 2016-05-14
INSERT INTO `meetings` (`id`, `description`, `entry_deadline`, `has_warm_up_pool`, `is_under_25_admitted`, `reference_phone`, `reference_e_mail`, `reference_name`, `notes`, `has_invitation`, `has_start_list`, `are_results_acquired`, `max_individual_events`, `configuration_file`, `edition`, `season_id`, `user_id`, `created_at`, `updated_at`, `is_autofilled`, `header_date`, `code`, `header_year`, `max_individual_events_per_session`, `is_out_of_season`, `edition_type_id`, `timing_type_id`, `individual_score_computation_type_id`, `relay_score_computation_type_id`, `team_score_computation_type_id`, `meeting_score_computation_type_id`, `invitation`, `is_confirmed`)
  VALUES (16223, 'TROFEO EUROPA SC', '2017-05-08', 1, 1, '347 5779700', 'team@europasportingclub.com', 'Diego Marini', 'Europa SC', 0, 0, 0, 2, 'FIN04', 4, 162, 2, '2016-10-28 14:53:39', '2016-10-28 14:53:39', 1, '2017-05-13', 'bresciaeuropa', '2016/2017', 0, 0, 2, 3, 1, 1, 12, 1, NULL, 0);
INSERT INTO `meeting_sessions` (`id`, `session_order`, `scheduled_date`, `warm_up_time`, `begin_time`, `notes`, `meeting_id`, `swimming_pool_id`, `user_id`, `created_at`, `updated_at`, `description`, `is_autofilled`, `day_part_type_id`)
  VALUES (1960, 1, '2017-05-13', '2000-01-01 14:00:00', '2000-01-01 15:00:00', '', 16223, 36, 2, '2016-10-28 14:53:39', '2016-10-28 14:53:39', 'FINALI', 1, 2);
INSERT INTO `meeting_events` (`id`, `created_at`, `updated_at`, `event_order`, `begin_time`, `is_out_of_race`, `is_autofilled`, `notes`, `meeting_session_id`, `event_type_id`, `heat_type_id`, `user_id`, `has_separate_gender_start_list`, `has_separate_category_start_list`)
  VALUES (10175, '2016-10-28 14:53:39', '2016-10-28 14:53:39', 1, '2000-01-01 00:00:00', 0, 1, NULL, 1960, 16, 3, 2, 1, 0);
INSERT INTO `meeting_events` (`id`, `created_at`, `updated_at`, `event_order`, `begin_time`, `is_out_of_race`, `is_autofilled`, `notes`, `meeting_session_id`, `event_type_id`, `heat_type_id`, `user_id`, `has_separate_gender_start_list`, `has_separate_category_start_list`)
  VALUES (10176, '2016-10-28 14:53:39', '2016-10-28 14:53:39', 2, '2000-01-01 00:00:00', 0, 1, NULL, 1960, 5, 3, 2, 1, 0);
INSERT INTO `meeting_events` (`id`, `created_at`, `updated_at`, `event_order`, `begin_time`, `is_out_of_race`, `is_autofilled`, `notes`, `meeting_session_id`, `event_type_id`, `heat_type_id`, `user_id`, `has_separate_gender_start_list`, `has_separate_category_start_list`)
  VALUES (10177, '2016-10-28 14:53:39', '2016-10-28 14:53:39', 3, '2000-01-01 00:00:00', 0, 1, NULL, 1960, 20, 3, 2, 1, 0);
INSERT INTO `meeting_events` (`id`, `created_at`, `updated_at`, `event_order`, `begin_time`, `is_out_of_race`, `is_autofilled`, `notes`, `meeting_session_id`, `event_type_id`, `heat_type_id`, `user_id`, `has_separate_gender_start_list`, `has_separate_category_start_list`)
  VALUES (10178, '2016-10-28 14:53:39', '2016-10-28 14:53:39', 4, '2000-01-01 00:00:00', 0, 1, NULL, 1960, 27, 3, 2, 1, 0);
INSERT INTO `meeting_sessions` (`id`, `session_order`, `scheduled_date`, `warm_up_time`, `begin_time`, `notes`, `meeting_id`, `swimming_pool_id`, `user_id`, `created_at`, `updated_at`, `description`, `is_autofilled`, `day_part_type_id`)
  VALUES (1961, 2, '2017-05-14', '2000-01-01 08:30:00', '2000-01-01 09:30:00', '', 16223, 36, 2, '2016-10-28 14:53:39', '2016-10-28 14:53:39', 'FINALI', 1, 1);
INSERT INTO `meeting_events` (`id`, `created_at`, `updated_at`, `event_order`, `begin_time`, `is_out_of_race`, `is_autofilled`, `notes`, `meeting_session_id`, `event_type_id`, `heat_type_id`, `user_id`, `has_separate_gender_start_list`, `has_separate_category_start_list`)
  VALUES (10179, '2016-10-28 14:53:39', '2016-10-28 14:53:39', 5, '2000-01-01 00:00:00', 0, 1, NULL, 1961, 4, 3, 2, 1, 0);
INSERT INTO `meeting_events` (`id`, `created_at`, `updated_at`, `event_order`, `begin_time`, `is_out_of_race`, `is_autofilled`, `notes`, `meeting_session_id`, `event_type_id`, `heat_type_id`, `user_id`, `has_separate_gender_start_list`, `has_separate_category_start_list`)
  VALUES (10180, '2016-10-28 14:53:39', '2016-10-28 14:53:39', 6, '2000-01-01 00:00:00', 0, 1, NULL, 1961, 23, 3, 2, 1, 0);
INSERT INTO `meeting_events` (`id`, `created_at`, `updated_at`, `event_order`, `begin_time`, `is_out_of_race`, `is_autofilled`, `notes`, `meeting_session_id`, `event_type_id`, `heat_type_id`, `user_id`, `has_separate_gender_start_list`, `has_separate_category_start_list`)
  VALUES (10181, '2016-10-28 14:53:39', '2016-10-28 14:53:39', 7, '2000-01-01 00:00:00', 0, 1, NULL, 1961, 3, 3, 2, 1, 0);
INSERT INTO `meeting_events` (`id`, `created_at`, `updated_at`, `event_order`, `begin_time`, `is_out_of_race`, `is_autofilled`, `notes`, `meeting_session_id`, `event_type_id`, `heat_type_id`, `user_id`, `has_separate_gender_start_list`, `has_separate_category_start_list`)
  VALUES (10182, '2016-10-28 14:53:39', '2016-10-28 14:53:39', 8, '2000-01-01 00:00:00', 0, 1, NULL, 1961, 12, 3, 2, 1, 0);
INSERT INTO `meeting_events` (`id`, `created_at`, `updated_at`, `event_order`, `begin_time`, `is_out_of_race`, `is_autofilled`, `notes`, `meeting_session_id`, `event_type_id`, `heat_type_id`, `user_id`, `has_separate_gender_start_list`, `has_separate_category_start_list`)
  VALUES (10183, '2016-10-28 14:53:39', '2016-10-28 14:53:39', 9, '2000-01-01 00:00:00', 0, 1, NULL, 1961, 17, 3, 2, 1, 0);
INSERT INTO `meeting_sessions` (`id`, `session_order`, `scheduled_date`, `warm_up_time`, `begin_time`, `notes`, `meeting_id`, `swimming_pool_id`, `user_id`, `created_at`, `updated_at`, `description`, `is_autofilled`, `day_part_type_id`)
  VALUES (1962, 3, '2017-05-14', '2000-01-01 14:00:00', '2000-01-01 15:00:00', '', 16223, 36, 2, '2016-10-28 14:53:39', '2016-10-28 14:53:39', 'FINALI', 1, 2);
INSERT INTO `meeting_events` (`id`, `created_at`, `updated_at`, `event_order`, `begin_time`, `is_out_of_race`, `is_autofilled`, `notes`, `meeting_session_id`, `event_type_id`, `heat_type_id`, `user_id`, `has_separate_gender_start_list`, `has_separate_category_start_list`)
  VALUES (10184, '2016-10-28 14:53:39', '2016-10-28 14:53:39', 10, '2000-01-01 00:00:00', 0, 1, NULL, 1962, 15, 3, 2, 1, 0);
INSERT INTO `meeting_events` (`id`, `created_at`, `updated_at`, `event_order`, `begin_time`, `is_out_of_race`, `is_autofilled`, `notes`, `meeting_session_id`, `event_type_id`, `heat_type_id`, `user_id`, `has_separate_gender_start_list`, `has_separate_category_start_list`)
  VALUES (10185, '2016-10-28 14:53:40', '2016-10-28 14:53:40', 11, '2000-01-01 00:00:00', 0, 1, NULL, 1962, 11, 3, 2, 1, 0);
INSERT INTO `meeting_events` (`id`, `created_at`, `updated_at`, `event_order`, `begin_time`, `is_out_of_race`, `is_autofilled`, `notes`, `meeting_session_id`, `event_type_id`, `heat_type_id`, `user_id`, `has_separate_gender_start_list`, `has_separate_category_start_list`)
  VALUES (10186, '2016-10-28 14:53:40', '2016-10-28 14:53:40', 12, '2000-01-01 00:00:00', 0, 1, NULL, 1962, 19, 3, 2, 1, 0);
INSERT INTO `meeting_events` (`id`, `created_at`, `updated_at`, `event_order`, `begin_time`, `is_out_of_race`, `is_autofilled`, `notes`, `meeting_session_id`, `event_type_id`, `heat_type_id`, `user_id`, `has_separate_gender_start_list`, `has_separate_category_start_list`)
  VALUES (10187, '2016-10-28 14:53:40', '2016-10-28 14:53:40', 13, '2000-01-01 00:00:00', 0, 1, NULL, 1962, 2, 3, 2, 1, 0);
INSERT INTO `meeting_events` (`id`, `created_at`, `updated_at`, `event_order`, `begin_time`, `is_out_of_race`, `is_autofilled`, `notes`, `meeting_session_id`, `event_type_id`, `heat_type_id`, `user_id`, `has_separate_gender_start_list`, `has_separate_category_start_list`)
  VALUES (10188, '2016-10-28 14:53:40', '2016-10-28 14:53:40', 14, '2000-01-01 00:00:00', 0, 1, NULL, 1962, 26, 3, 2, 1, 0);

-- 15224-genovamysport TROFEO MY SPORT 2016-04-30
INSERT INTO `meetings` (`id`, `description`, `entry_deadline`, `has_warm_up_pool`, `is_under_25_admitted`, `reference_phone`, `reference_e_mail`, `reference_name`, `notes`, `has_invitation`, `has_start_list`, `are_results_acquired`, `max_individual_events`, `configuration_file`, `edition`, `season_id`, `user_id`, `created_at`, `updated_at`, `is_autofilled`, `header_date`, `code`, `header_year`, `max_individual_events_per_session`, `is_out_of_season`, `edition_type_id`, `timing_type_id`, `individual_score_computation_type_id`, `relay_score_computation_type_id`, `team_score_computation_type_id`, `meeting_score_computation_type_id`, `invitation`, `is_confirmed`)
  VALUES (16224, 'TROFEO MY SPORT', '2017-04-17', 1, 1, '346 0313242', '', 'Luca Carlassare', 'My Sport', 0, 0, 0, 2, 'FIN04', 5, 162, 2, '2016-10-28 14:53:40', '2016-10-28 14:53:40', 1, '2017-04-29', 'genovamysport', '2016/2017', 0, 0, 2, 3, 1, 1, 12, 1, NULL, 0);
INSERT INTO `meeting_sessions` (`id`, `session_order`, `scheduled_date`, `warm_up_time`, `begin_time`, `notes`, `meeting_id`, `swimming_pool_id`, `user_id`, `created_at`, `updated_at`, `description`, `is_autofilled`, `day_part_type_id`)
  VALUES (1963, 1, '2017-04-29', '2000-01-01 14:00:00', '2000-01-01 14:30:00', '', 16224, 54, 2, '2016-10-28 14:53:40', '2016-10-28 14:53:40', 'FINALI', 1, 2);
INSERT INTO `meeting_events` (`id`, `created_at`, `updated_at`, `event_order`, `begin_time`, `is_out_of_race`, `is_autofilled`, `notes`, `meeting_session_id`, `event_type_id`, `heat_type_id`, `user_id`, `has_separate_gender_start_list`, `has_separate_category_start_list`)
  VALUES (10189, '2016-10-28 14:53:40', '2016-10-28 14:53:40', 1, '2000-01-01 00:00:00', 0, 1, NULL, 1963, 7, 3, 2, 1, 0);
INSERT INTO `meeting_sessions` (`id`, `session_order`, `scheduled_date`, `warm_up_time`, `begin_time`, `notes`, `meeting_id`, `swimming_pool_id`, `user_id`, `created_at`, `updated_at`, `description`, `is_autofilled`, `day_part_type_id`)
  VALUES (1964, 2, '2017-04-30', '2000-01-01 08:30:00', '2000-01-01 09:30:00', '', 16224, 54, 2, '2016-10-28 14:53:40', '2016-10-28 14:53:40', 'FINALI', 1, 1);
INSERT INTO `meeting_events` (`id`, `created_at`, `updated_at`, `event_order`, `begin_time`, `is_out_of_race`, `is_autofilled`, `notes`, `meeting_session_id`, `event_type_id`, `heat_type_id`, `user_id`, `has_separate_gender_start_list`, `has_separate_category_start_list`)
  VALUES (10190, '2016-10-28 14:53:40', '2016-10-28 14:53:40', 4, '2000-01-01 00:00:00', 0, 1, NULL, 1964, 13, 3, 2, 1, 0);
INSERT INTO `meeting_events` (`id`, `created_at`, `updated_at`, `event_order`, `begin_time`, `is_out_of_race`, `is_autofilled`, `notes`, `meeting_session_id`, `event_type_id`, `heat_type_id`, `user_id`, `has_separate_gender_start_list`, `has_separate_category_start_list`)
  VALUES (10191, '2016-10-28 14:53:40', '2016-10-28 14:53:40', 6, '2000-01-01 00:00:00', 0, 1, NULL, 1964, 21, 3, 2, 1, 0);
INSERT INTO `meeting_events` (`id`, `created_at`, `updated_at`, `event_order`, `begin_time`, `is_out_of_race`, `is_autofilled`, `notes`, `meeting_session_id`, `event_type_id`, `heat_type_id`, `user_id`, `has_separate_gender_start_list`, `has_separate_category_start_list`)
  VALUES (10192, '2016-10-28 14:53:40', '2016-10-28 14:53:40', 7, '2000-01-01 00:00:00', 0, 1, NULL, 1964, 24, 3, 2, 1, 0);
INSERT INTO `meeting_events` (`id`, `created_at`, `updated_at`, `event_order`, `begin_time`, `is_out_of_race`, `is_autofilled`, `notes`, `meeting_session_id`, `event_type_id`, `heat_type_id`, `user_id`, `has_separate_gender_start_list`, `has_separate_category_start_list`)
  VALUES (10193, '2016-10-28 14:53:40', '2016-10-28 14:53:40', 8, '2000-01-01 00:00:00', 0, 1, NULL, 1964, 4, 3, 2, 1, 0);
INSERT INTO `meeting_sessions` (`id`, `session_order`, `scheduled_date`, `warm_up_time`, `begin_time`, `notes`, `meeting_id`, `swimming_pool_id`, `user_id`, `created_at`, `updated_at`, `description`, `is_autofilled`, `day_part_type_id`)
  VALUES (1965, 3, '2017-04-30', '2000-01-01 08:30:00', '2000-01-01 09:30:00', '', 16224, 54, 2, '2016-10-28 14:53:40', '2016-10-28 14:53:40', 'FINALI', 1, 1);
INSERT INTO `meeting_events` (`id`, `created_at`, `updated_at`, `event_order`, `begin_time`, `is_out_of_race`, `is_autofilled`, `notes`, `meeting_session_id`, `event_type_id`, `heat_type_id`, `user_id`, `has_separate_gender_start_list`, `has_separate_category_start_list`)
  VALUES (10194, '2016-10-28 14:53:40', '2016-10-28 14:53:40', 9, '2000-01-01 00:00:00', 0, 1, NULL, 1965, 20, 3, 2, 1, 0);
INSERT INTO `meeting_events` (`id`, `created_at`, `updated_at`, `event_order`, `begin_time`, `is_out_of_race`, `is_autofilled`, `notes`, `meeting_session_id`, `event_type_id`, `heat_type_id`, `user_id`, `has_separate_gender_start_list`, `has_separate_category_start_list`)
  VALUES (10195, '2016-10-28 14:53:40', '2016-10-28 14:53:40', 11, '2000-01-01 00:00:00', 0, 1, NULL, 1965, 16, 3, 2, 1, 0);
INSERT INTO `meeting_events` (`id`, `created_at`, `updated_at`, `event_order`, `begin_time`, `is_out_of_race`, `is_autofilled`, `notes`, `meeting_session_id`, `event_type_id`, `heat_type_id`, `user_id`, `has_separate_gender_start_list`, `has_separate_category_start_list`)
  VALUES (10196, '2016-10-28 14:53:40', '2016-10-28 14:53:40', 12, '2000-01-01 00:00:00', 0, 1, NULL, 1965, 3, 3, 2, 1, 0);
INSERT INTO `meeting_events` (`id`, `created_at`, `updated_at`, `event_order`, `begin_time`, `is_out_of_race`, `is_autofilled`, `notes`, `meeting_session_id`, `event_type_id`, `heat_type_id`, `user_id`, `has_separate_gender_start_list`, `has_separate_category_start_list`)
  VALUES (10197, '2016-10-28 14:53:40', '2016-10-28 14:53:40', 13, '2000-01-01 00:00:00', 0, 1, NULL, 1965, 11, 3, 2, 1, 0);
INSERT INTO `meeting_events` (`id`, `created_at`, `updated_at`, `event_order`, `begin_time`, `is_out_of_race`, `is_autofilled`, `notes`, `meeting_session_id`, `event_type_id`, `heat_type_id`, `user_id`, `has_separate_gender_start_list`, `has_separate_category_start_list`)
  VALUES (10198, '2016-10-28 14:53:40', '2016-10-28 14:53:40', 14, '2000-01-01 00:00:00', 0, 1, NULL, 1965, 15, 3, 2, 1, 0);
INSERT INTO `meeting_events` (`id`, `created_at`, `updated_at`, `event_order`, `begin_time`, `is_out_of_race`, `is_autofilled`, `notes`, `meeting_session_id`, `event_type_id`, `heat_type_id`, `user_id`, `has_separate_gender_start_list`, `has_separate_category_start_list`)
  VALUES (10199, '2016-10-28 14:53:40', '2016-10-28 14:53:40', 15, '2000-01-01 00:00:00', 0, 1, NULL, 1965, 19, 3, 2, 1, 0);
INSERT INTO `meeting_events` (`id`, `created_at`, `updated_at`, `event_order`, `begin_time`, `is_out_of_race`, `is_autofilled`, `notes`, `meeting_session_id`, `event_type_id`, `heat_type_id`, `user_id`, `has_separate_gender_start_list`, `has_separate_category_start_list`)
  VALUES (10200, '2016-10-28 14:53:40', '2016-10-28 14:53:40', 16, '2000-01-01 00:00:00', 0, 1, NULL, 1965, 2, 3, 2, 1, 0);

-- 15230-firenzeamicidelnuoto TROFEO AMICI DEL NUOTO 2015-11-01
INSERT INTO `meetings` (`id`, `description`, `entry_deadline`, `has_warm_up_pool`, `is_under_25_admitted`, `reference_phone`, `reference_e_mail`, `reference_name`, `notes`, `has_invitation`, `has_start_list`, `are_results_acquired`, `max_individual_events`, `configuration_file`, `edition`, `season_id`, `user_id`, `created_at`, `updated_at`, `is_autofilled`, `header_date`, `code`, `header_year`, `max_individual_events_per_session`, `is_out_of_season`, `edition_type_id`, `timing_type_id`, `individual_score_computation_type_id`, `relay_score_computation_type_id`, `team_score_computation_type_id`, `meeting_score_computation_type_id`, `invitation`, `is_confirmed`)
  VALUES (16230, 'TROFEO AMICI DEL NUOTO', NULL, 0, 1, NULL, NULL, NULL, NULL, 0, 0, 0, 2, '?', 2, 162, 2, '2016-10-28 14:53:40', '2016-10-28 14:53:40', 1, '2016-10-30', 'firenzeamicidelnuoto', '2016', 0, 0, 4, 3, 1, 1, 12, 1, NULL, 0);
INSERT INTO `meeting_sessions` (`id`, `session_order`, `scheduled_date`, `warm_up_time`, `begin_time`, `notes`, `meeting_id`, `swimming_pool_id`, `user_id`, `created_at`, `updated_at`, `description`, `is_autofilled`, `day_part_type_id`)
  VALUES (1966, 1, '2016-10-30', '2000-01-01 00:00:00', '2000-01-01 00:00:00', '', 16230, 144, 2, '2016-10-28 14:53:40', '2016-10-28 14:53:40', 'FINALI', 1, 1);
INSERT INTO `meeting_events` (`id`, `created_at`, `updated_at`, `event_order`, `begin_time`, `is_out_of_race`, `is_autofilled`, `notes`, `meeting_session_id`, `event_type_id`, `heat_type_id`, `user_id`, `has_separate_gender_start_list`, `has_separate_category_start_list`)
  VALUES (10201, '2016-10-28 14:53:40', '2016-10-28 14:53:40', 1, '2000-01-01 00:00:00', 0, 1, NULL, 1966, 6, 3, 2, 1, 0);
INSERT INTO `meeting_events` (`id`, `created_at`, `updated_at`, `event_order`, `begin_time`, `is_out_of_race`, `is_autofilled`, `notes`, `meeting_session_id`, `event_type_id`, `heat_type_id`, `user_id`, `has_separate_gender_start_list`, `has_separate_category_start_list`)
  VALUES (10202, '2016-10-28 14:53:40', '2016-10-28 14:53:40', 2, '2000-01-01 00:00:00', 0, 1, NULL, 1966, 23, 3, 2, 1, 0);
INSERT INTO `meeting_sessions` (`id`, `session_order`, `scheduled_date`, `warm_up_time`, `begin_time`, `notes`, `meeting_id`, `swimming_pool_id`, `user_id`, `created_at`, `updated_at`, `description`, `is_autofilled`, `day_part_type_id`)
  VALUES (1967, 2, '2016-10-30', '2000-01-01 00:00:00', '2000-01-01 00:00:00', '', 16230, 144, 2, '2016-10-28 14:53:40', '2016-10-28 14:53:40', 'FINALI', 1, 2);
INSERT INTO `meeting_events` (`id`, `created_at`, `updated_at`, `event_order`, `begin_time`, `is_out_of_race`, `is_autofilled`, `notes`, `meeting_session_id`, `event_type_id`, `heat_type_id`, `user_id`, `has_separate_gender_start_list`, `has_separate_category_start_list`)
  VALUES (10203, '2016-10-28 14:53:40', '2016-10-28 14:53:40', 3, '2000-01-01 00:00:00', 0, 1, NULL, 1967, 4, 3, 2, 1, 0);
INSERT INTO `meeting_events` (`id`, `created_at`, `updated_at`, `event_order`, `begin_time`, `is_out_of_race`, `is_autofilled`, `notes`, `meeting_session_id`, `event_type_id`, `heat_type_id`, `user_id`, `has_separate_gender_start_list`, `has_separate_category_start_list`)
  VALUES (10204, '2016-10-28 14:53:40', '2016-10-28 14:53:40', 4, '2000-01-01 00:00:00', 0, 1, NULL, 1967, 3, 3, 2, 1, 0);
INSERT INTO `meeting_events` (`id`, `created_at`, `updated_at`, `event_order`, `begin_time`, `is_out_of_race`, `is_autofilled`, `notes`, `meeting_session_id`, `event_type_id`, `heat_type_id`, `user_id`, `has_separate_gender_start_list`, `has_separate_category_start_list`)
  VALUES (10205, '2016-10-28 14:53:40', '2016-10-28 14:53:40', 6, '2000-01-01 00:00:00', 0, 1, NULL, 1967, 11, 3, 2, 1, 0);
INSERT INTO `meeting_events` (`id`, `created_at`, `updated_at`, `event_order`, `begin_time`, `is_out_of_race`, `is_autofilled`, `notes`, `meeting_session_id`, `event_type_id`, `heat_type_id`, `user_id`, `has_separate_gender_start_list`, `has_separate_category_start_list`)
  VALUES (10206, '2016-10-28 14:53:40', '2016-10-28 14:53:40', 7, '2000-01-01 00:00:00', 0, 1, NULL, 1967, 19, 3, 2, 1, 0);
INSERT INTO `meeting_events` (`id`, `created_at`, `updated_at`, `event_order`, `begin_time`, `is_out_of_race`, `is_autofilled`, `notes`, `meeting_session_id`, `event_type_id`, `heat_type_id`, `user_id`, `has_separate_gender_start_list`, `has_separate_category_start_list`)
  VALUES (10207, '2016-10-28 14:53:40', '2016-10-28 14:53:40', 8, '2000-01-01 00:00:00', 0, 1, NULL, 1967, 15, 3, 2, 1, 0);
INSERT INTO `meeting_events` (`id`, `created_at`, `updated_at`, `event_order`, `begin_time`, `is_out_of_race`, `is_autofilled`, `notes`, `meeting_session_id`, `event_type_id`, `heat_type_id`, `user_id`, `has_separate_gender_start_list`, `has_separate_category_start_list`)
  VALUES (10208, '2016-10-28 14:53:40', '2016-10-28 14:53:40', 9, '2000-01-01 00:00:00', 0, 1, NULL, 1967, 2, 3, 2, 1, 0);
INSERT INTO `meeting_events` (`id`, `created_at`, `updated_at`, `event_order`, `begin_time`, `is_out_of_race`, `is_autofilled`, `notes`, `meeting_session_id`, `event_type_id`, `heat_type_id`, `user_id`, `has_separate_gender_start_list`, `has_separate_category_start_list`)
  VALUES (10209, '2016-10-28 14:53:40', '2016-10-28 14:53:40', 10, '2000-01-01 00:00:00', 0, 1, NULL, 1967, 28, 3, 2, 1, 0);

-- 15231-rovigo TROFEO CITT DI ROVIGO 2015-10-25
INSERT INTO `meetings` (`id`, `description`, `entry_deadline`, `has_warm_up_pool`, `is_under_25_admitted`, `reference_phone`, `reference_e_mail`, `reference_name`, `notes`, `has_invitation`, `has_start_list`, `are_results_acquired`, `max_individual_events`, `configuration_file`, `edition`, `season_id`, `user_id`, `created_at`, `updated_at`, `is_autofilled`, `header_date`, `code`, `header_year`, `max_individual_events_per_session`, `is_out_of_season`, `edition_type_id`, `timing_type_id`, `individual_score_computation_type_id`, `relay_score_computation_type_id`, `team_score_computation_type_id`, `meeting_score_computation_type_id`, `invitation`, `is_confirmed`)
  VALUES (16231, 'TROFEO CITT DI ROVIGO', NULL, 0, 1, NULL, NULL, NULL, NULL, 0, 0, 0, 2, '?', 20, 162, 2, '2016-10-28 14:53:40', '2016-10-28 14:53:40', 1, '2016-10-23', 'rovigo', '2016', 0, 0, 2, 3, 1, 1, 12, 1, NULL, 0);
INSERT INTO `meeting_sessions` (`id`, `session_order`, `scheduled_date`, `warm_up_time`, `begin_time`, `notes`, `meeting_id`, `swimming_pool_id`, `user_id`, `created_at`, `updated_at`, `description`, `is_autofilled`, `day_part_type_id`)
  VALUES (1968, 1, '2016-10-23', '2000-01-01 00:00:00', '2000-01-01 00:00:00', '', 16231, 42, 2, '2016-10-28 14:53:40', '2016-10-28 14:53:40', 'FINALI', 1, 1);
INSERT INTO `meeting_sessions` (`id`, `session_order`, `scheduled_date`, `warm_up_time`, `begin_time`, `notes`, `meeting_id`, `swimming_pool_id`, `user_id`, `created_at`, `updated_at`, `description`, `is_autofilled`, `day_part_type_id`)
  VALUES (1969, 2, '2016-10-23', '2000-01-01 00:00:00', '2000-01-01 00:00:00', '', 16231, 42, 2, '2016-10-28 14:53:40', '2016-10-28 14:53:40', 'FINALI', 1, 2);

-- 15232-speclombardia DISTANZE SPECIALI LOMBARDIA 2015-10-25
INSERT INTO `meetings` (`id`, `description`, `entry_deadline`, `has_warm_up_pool`, `is_under_25_admitted`, `reference_phone`, `reference_e_mail`, `reference_name`, `notes`, `has_invitation`, `has_start_list`, `are_results_acquired`, `max_individual_events`, `configuration_file`, `edition`, `season_id`, `user_id`, `created_at`, `updated_at`, `is_autofilled`, `header_date`, `code`, `header_year`, `max_individual_events_per_session`, `is_out_of_season`, `edition_type_id`, `timing_type_id`, `individual_score_computation_type_id`, `relay_score_computation_type_id`, `team_score_computation_type_id`, `meeting_score_computation_type_id`, `invitation`, `is_confirmed`)
  VALUES (16232, 'DISTANZE SPECIALI LOMBARDIA', NULL, 0, 1, NULL, NULL, NULL, 'CR Lombardia', 0, 0, 0, 2, '?', 2, 162, 2, '2016-10-28 14:53:40', '2016-10-28 14:53:40', 1, '2016-10-23', 'speclombardia', '2016', 0, 0, 4, 3, 1, 1, 12, 1, NULL, 0);
INSERT INTO `meeting_sessions` (`id`, `session_order`, `scheduled_date`, `warm_up_time`, `begin_time`, `notes`, `meeting_id`, `swimming_pool_id`, `user_id`, `created_at`, `updated_at`, `description`, `is_autofilled`, `day_part_type_id`)
  VALUES (1970, 1, '2016-10-23', '2000-01-01 00:00:00', '2000-01-01 00:00:00', '', 16232, 64, 2, '2016-10-28 14:53:40', '2016-10-28 14:53:40', 'FINALI', 1, 1);
INSERT INTO `meeting_events` (`id`, `created_at`, `updated_at`, `event_order`, `begin_time`, `is_out_of_race`, `is_autofilled`, `notes`, `meeting_session_id`, `event_type_id`, `heat_type_id`, `user_id`, `has_separate_gender_start_list`, `has_separate_category_start_list`)
  VALUES (10210, '2016-10-28 14:53:40', '2016-10-28 14:53:40', 1, '2000-01-01 08:19:00', 0, 1, NULL, 1970, 7, 3, 1, 1, 0);
INSERT INTO `meeting_events` (`id`, `created_at`, `updated_at`, `event_order`, `begin_time`, `is_out_of_race`, `is_autofilled`, `notes`, `meeting_session_id`, `event_type_id`, `heat_type_id`, `user_id`, `has_separate_gender_start_list`, `has_separate_category_start_list`)
  VALUES (10211, '2016-10-28 14:53:40', '2016-10-28 14:53:40', 2, '2000-01-01 08:57:00', 0, 1, NULL, 1970, 6, 3, 1, 1, 0);

-- 15233-speclazio DISTANZE SPECIALI LAZIO 2015-11-14
INSERT INTO `meetings` (`id`, `description`, `entry_deadline`, `has_warm_up_pool`, `is_under_25_admitted`, `reference_phone`, `reference_e_mail`, `reference_name`, `notes`, `has_invitation`, `has_start_list`, `are_results_acquired`, `max_individual_events`, `configuration_file`, `edition`, `season_id`, `user_id`, `created_at`, `updated_at`, `is_autofilled`, `header_date`, `code`, `header_year`, `max_individual_events_per_session`, `is_out_of_season`, `edition_type_id`, `timing_type_id`, `individual_score_computation_type_id`, `relay_score_computation_type_id`, `team_score_computation_type_id`, `meeting_score_computation_type_id`, `invitation`, `is_confirmed`)
  VALUES (16233, 'DISTANZE SPECIALI LAZIO', NULL, 0, 1, NULL, NULL, NULL, 'FIN CR Lazio', 0, 0, 0, 2, '?', 2, 162, 2, '2016-10-28 14:53:40', '2016-10-28 14:53:40', 1, '2016-11-12', 'speclazio', '2016', 0, 0, 4, 3, 1, 1, 12, 1, NULL, 0);
INSERT INTO `meeting_sessions` (`id`, `session_order`, `scheduled_date`, `warm_up_time`, `begin_time`, `notes`, `meeting_id`, `swimming_pool_id`, `user_id`, `created_at`, `updated_at`, `description`, `is_autofilled`, `day_part_type_id`)
  VALUES (1971, 1, '2016-11-12', '2000-01-01 00:00:00', '2000-01-01 00:00:00', '', 16233, 68, 2, '2016-10-28 14:53:40', '2016-10-28 14:53:40', 'FINALI', 1, 1);
INSERT INTO `meeting_events` (`id`, `created_at`, `updated_at`, `event_order`, `begin_time`, `is_out_of_race`, `is_autofilled`, `notes`, `meeting_session_id`, `event_type_id`, `heat_type_id`, `user_id`, `has_separate_gender_start_list`, `has_separate_category_start_list`)
  VALUES (10212, '2016-10-28 14:53:40', '2016-10-28 14:53:40', 1, '2000-01-01 08:19:00', 0, 1, NULL, 1971, 7, 3, 1, 1, 0);
INSERT INTO `meeting_events` (`id`, `created_at`, `updated_at`, `event_order`, `begin_time`, `is_out_of_race`, `is_autofilled`, `notes`, `meeting_session_id`, `event_type_id`, `heat_type_id`, `user_id`, `has_separate_gender_start_list`, `has_separate_category_start_list`)
  VALUES (10213, '2016-10-28 14:53:40', '2016-10-28 14:53:40', 2, '2000-01-01 08:57:00', 0, 1, NULL, 1971, 6, 3, 1, 1, 0);
INSERT INTO `meeting_sessions` (`id`, `session_order`, `scheduled_date`, `warm_up_time`, `begin_time`, `notes`, `meeting_id`, `swimming_pool_id`, `user_id`, `created_at`, `updated_at`, `description`, `is_autofilled`, `day_part_type_id`)
  VALUES (1972, 2, '2016-11-13', '2000-01-01 00:00:00', '2000-01-01 00:00:00', '', 16233, 68, 2, '2016-10-28 14:53:40', '2016-10-28 14:53:40', 'FINALI', 1, 1);

-- 15236-saronno TROFEO CITT DI SARONNO 2015-11-08
INSERT INTO `meetings` (`id`, `description`, `entry_deadline`, `has_warm_up_pool`, `is_under_25_admitted`, `reference_phone`, `reference_e_mail`, `reference_name`, `notes`, `has_invitation`, `has_start_list`, `are_results_acquired`, `max_individual_events`, `configuration_file`, `edition`, `season_id`, `user_id`, `created_at`, `updated_at`, `is_autofilled`, `header_date`, `code`, `header_year`, `max_individual_events_per_session`, `is_out_of_season`, `edition_type_id`, `timing_type_id`, `individual_score_computation_type_id`, `relay_score_computation_type_id`, `team_score_computation_type_id`, `meeting_score_computation_type_id`, `invitation`, `is_confirmed`)
  VALUES (16236, 'TROFEO CITT DI SARONNO', NULL, 0, 1, NULL, NULL, NULL, 'RN Saronno', 0, 0, 0, 2, '?', 8, 162, 2, '2016-10-28 14:53:40', '2016-10-28 14:53:40', 1, '2016-11-06', 'saronno', '2016', 0, 0, 2, 3, 1, 1, 12, 1, NULL, 0);
INSERT INTO `meeting_sessions` (`id`, `session_order`, `scheduled_date`, `warm_up_time`, `begin_time`, `notes`, `meeting_id`, `swimming_pool_id`, `user_id`, `created_at`, `updated_at`, `description`, `is_autofilled`, `day_part_type_id`)
  VALUES (1973, 1, '2016-11-06', '2000-01-01 00:00:00', '2000-01-01 00:00:00', '', 16236, 69, 2, '2016-10-28 14:53:40', '2016-10-28 14:53:40', 'FINALI', 1, 1);
INSERT INTO `meeting_events` (`id`, `created_at`, `updated_at`, `event_order`, `begin_time`, `is_out_of_race`, `is_autofilled`, `notes`, `meeting_session_id`, `event_type_id`, `heat_type_id`, `user_id`, `has_separate_gender_start_list`, `has_separate_category_start_list`)
  VALUES (10214, '2016-10-28 14:53:40', '2016-10-28 14:53:40', 1, '2000-01-01 08:02:00', 0, 1, NULL, 1973, 16, 3, 1, 1, 0);
INSERT INTO `meeting_events` (`id`, `created_at`, `updated_at`, `event_order`, `begin_time`, `is_out_of_race`, `is_autofilled`, `notes`, `meeting_session_id`, `event_type_id`, `heat_type_id`, `user_id`, `has_separate_gender_start_list`, `has_separate_category_start_list`)
  VALUES (10215, '2016-10-28 14:53:40', '2016-10-28 14:53:40', 2, '2000-01-01 08:46:00', 0, 1, NULL, 1973, 12, 3, 1, 1, 0);
INSERT INTO `meeting_events` (`id`, `created_at`, `updated_at`, `event_order`, `begin_time`, `is_out_of_race`, `is_autofilled`, `notes`, `meeting_session_id`, `event_type_id`, `heat_type_id`, `user_id`, `has_separate_gender_start_list`, `has_separate_category_start_list`)
  VALUES (10216, '2016-10-28 14:53:40', '2016-10-28 14:53:40', 3, '2000-01-01 09:14:00', 0, 1, NULL, 1973, 22, 3, 1, 1, 0);
INSERT INTO `meeting_events` (`id`, `created_at`, `updated_at`, `event_order`, `begin_time`, `is_out_of_race`, `is_autofilled`, `notes`, `meeting_session_id`, `event_type_id`, `heat_type_id`, `user_id`, `has_separate_gender_start_list`, `has_separate_category_start_list`)
  VALUES (10217, '2016-10-28 14:53:40', '2016-10-28 14:53:40', 4, '2000-01-01 10:00:00', 0, 1, NULL, 1973, 3, 3, 1, 1, 0);
INSERT INTO `meeting_events` (`id`, `created_at`, `updated_at`, `event_order`, `begin_time`, `is_out_of_race`, `is_autofilled`, `notes`, `meeting_session_id`, `event_type_id`, `heat_type_id`, `user_id`, `has_separate_gender_start_list`, `has_separate_category_start_list`)
  VALUES (10218, '2016-10-28 14:53:40', '2016-10-28 14:53:40', 5, '2000-01-01 10:42:00', 0, 1, NULL, 1973, 21, 3, 1, 1, 0);
INSERT INTO `meeting_events` (`id`, `created_at`, `updated_at`, `event_order`, `begin_time`, `is_out_of_race`, `is_autofilled`, `notes`, `meeting_session_id`, `event_type_id`, `heat_type_id`, `user_id`, `has_separate_gender_start_list`, `has_separate_category_start_list`)
  VALUES (10219, '2016-10-28 14:53:40', '2016-10-28 14:53:40', 6, '2000-01-01 11:20:00', 0, 1, NULL, 1973, 5, 3, 1, 1, 0);
INSERT INTO `meeting_events` (`id`, `created_at`, `updated_at`, `event_order`, `begin_time`, `is_out_of_race`, `is_autofilled`, `notes`, `meeting_session_id`, `event_type_id`, `heat_type_id`, `user_id`, `has_separate_gender_start_list`, `has_separate_category_start_list`)
  VALUES (10220, '2016-10-28 14:53:40', '2016-10-28 14:53:40', 7, '2000-01-01 12:02:00', 0, 1, NULL, 1973, 11, 3, 1, 1, 0);
INSERT INTO `meeting_events` (`id`, `created_at`, `updated_at`, `event_order`, `begin_time`, `is_out_of_race`, `is_autofilled`, `notes`, `meeting_session_id`, `event_type_id`, `heat_type_id`, `user_id`, `has_separate_gender_start_list`, `has_separate_category_start_list`)
  VALUES (10221, '2016-10-28 14:53:40', '2016-10-28 14:53:40', 8, '2000-01-01 12:42:00', 0, 1, NULL, 1973, 19, 3, 1, 1, 0);
INSERT INTO `meeting_events` (`id`, `created_at`, `updated_at`, `event_order`, `begin_time`, `is_out_of_race`, `is_autofilled`, `notes`, `meeting_session_id`, `event_type_id`, `heat_type_id`, `user_id`, `has_separate_gender_start_list`, `has_separate_category_start_list`)
  VALUES (10222, '2016-10-28 14:53:40', '2016-10-28 14:53:40', 9, '2000-01-01 13:24:00', 0, 1, NULL, 1973, 2, 3, 1, 1, 0);
INSERT INTO `meeting_events` (`id`, `created_at`, `updated_at`, `event_order`, `begin_time`, `is_out_of_race`, `is_autofilled`, `notes`, `meeting_session_id`, `event_type_id`, `heat_type_id`, `user_id`, `has_separate_gender_start_list`, `has_separate_category_start_list`)
  VALUES (10223, '2016-10-28 14:53:40', '2016-10-28 14:53:40', 10, '2000-01-01 14:08:30', 0, 1, NULL, 1973, 33, 3, 1, 1, 0);
INSERT INTO `meeting_events` (`id`, `created_at`, `updated_at`, `event_order`, `begin_time`, `is_out_of_race`, `is_autofilled`, `notes`, `meeting_session_id`, `event_type_id`, `heat_type_id`, `user_id`, `has_separate_gender_start_list`, `has_separate_category_start_list`)
  VALUES (10224, '2016-10-28 14:53:40', '2016-10-28 14:53:40', 11, '2000-01-01 14:06:00', 0, 1, NULL, 1973, 25, 3, 1, 1, 0);
INSERT INTO `meeting_sessions` (`id`, `session_order`, `scheduled_date`, `warm_up_time`, `begin_time`, `notes`, `meeting_id`, `swimming_pool_id`, `user_id`, `created_at`, `updated_at`, `description`, `is_autofilled`, `day_part_type_id`)
  VALUES (1974, 2, '2016-11-06', '2000-01-01 00:00:00', '2000-01-01 00:00:00', '', 16236, 69, 2, '2016-10-28 14:53:40', '2016-10-28 14:53:40', 'FINALI', 1, 2);

-- 15237-laquiladellasolidarieta MEETING DI SOLIDARIETA' 2015-11-08
INSERT INTO `meetings` (`id`, `description`, `entry_deadline`, `has_warm_up_pool`, `is_under_25_admitted`, `reference_phone`, `reference_e_mail`, `reference_name`, `notes`, `has_invitation`, `has_start_list`, `are_results_acquired`, `max_individual_events`, `configuration_file`, `edition`, `season_id`, `user_id`, `created_at`, `updated_at`, `is_autofilled`, `header_date`, `code`, `header_year`, `max_individual_events_per_session`, `is_out_of_season`, `edition_type_id`, `timing_type_id`, `individual_score_computation_type_id`, `relay_score_computation_type_id`, `team_score_computation_type_id`, `meeting_score_computation_type_id`, `invitation`, `is_confirmed`)
  VALUES (16237, 'MEETING DI SOLIDARIETA''', NULL, 0, 1, NULL, NULL, NULL, 'SDS-Specialisti dello Sport', 0, 0, 0, 2, '?', 13, 162, 2, '2016-10-28 14:53:40', '2016-10-28 14:53:40', 1, '2016-11-06', 'laquiladellasolidarieta', '2016', 0, 0, 2, 3, 1, 1, 12, 1, NULL, 0);
INSERT INTO `meeting_sessions` (`id`, `session_order`, `scheduled_date`, `warm_up_time`, `begin_time`, `notes`, `meeting_id`, `swimming_pool_id`, `user_id`, `created_at`, `updated_at`, `description`, `is_autofilled`, `day_part_type_id`)
  VALUES (1975, 1, '2016-11-06', '2000-01-01 00:00:00', '2000-01-01 00:00:00', '', 16237, 66, 2, '2016-10-28 14:53:40', '2016-10-28 14:53:40', 'FINALI', 1, 1);
INSERT INTO `meeting_events` (`id`, `created_at`, `updated_at`, `event_order`, `begin_time`, `is_out_of_race`, `is_autofilled`, `notes`, `meeting_session_id`, `event_type_id`, `heat_type_id`, `user_id`, `has_separate_gender_start_list`, `has_separate_category_start_list`)
  VALUES (10225, '2016-10-28 14:53:40', '2016-10-28 14:53:40', 1, '2000-01-01 08:02:00', 0, 1, NULL, 1975, 16, 3, 1, 1, 0);
INSERT INTO `meeting_events` (`id`, `created_at`, `updated_at`, `event_order`, `begin_time`, `is_out_of_race`, `is_autofilled`, `notes`, `meeting_session_id`, `event_type_id`, `heat_type_id`, `user_id`, `has_separate_gender_start_list`, `has_separate_category_start_list`)
  VALUES (10226, '2016-10-28 14:53:40', '2016-10-28 14:53:40', 2, '2000-01-01 08:42:00', 0, 1, NULL, 1975, 12, 3, 1, 1, 0);
INSERT INTO `meeting_events` (`id`, `created_at`, `updated_at`, `event_order`, `begin_time`, `is_out_of_race`, `is_autofilled`, `notes`, `meeting_session_id`, `event_type_id`, `heat_type_id`, `user_id`, `has_separate_gender_start_list`, `has_separate_category_start_list`)
  VALUES (10227, '2016-10-28 14:53:40', '2016-10-28 14:53:40', 3, '2000-01-01 08:52:00', 0, 1, NULL, 1975, 22, 3, 1, 1, 0);
INSERT INTO `meeting_events` (`id`, `created_at`, `updated_at`, `event_order`, `begin_time`, `is_out_of_race`, `is_autofilled`, `notes`, `meeting_session_id`, `event_type_id`, `heat_type_id`, `user_id`, `has_separate_gender_start_list`, `has_separate_category_start_list`)
  VALUES (10228, '2016-10-28 14:53:40', '2016-10-28 14:53:40', 4, '2000-01-01 09:34:00', 0, 1, NULL, 1975, 20, 3, 1, 1, 0);
INSERT INTO `meeting_events` (`id`, `created_at`, `updated_at`, `event_order`, `begin_time`, `is_out_of_race`, `is_autofilled`, `notes`, `meeting_session_id`, `event_type_id`, `heat_type_id`, `user_id`, `has_separate_gender_start_list`, `has_separate_category_start_list`)
  VALUES (10229, '2016-10-28 14:53:40', '2016-10-28 14:53:40', 5, '2000-01-01 10:00:00', 0, 1, NULL, 1975, 3, 3, 1, 1, 0);
INSERT INTO `meeting_events` (`id`, `created_at`, `updated_at`, `event_order`, `begin_time`, `is_out_of_race`, `is_autofilled`, `notes`, `meeting_session_id`, `event_type_id`, `heat_type_id`, `user_id`, `has_separate_gender_start_list`, `has_separate_category_start_list`)
  VALUES (10230, '2016-10-28 14:53:40', '2016-10-28 14:53:40', 6, '2000-01-01 10:40:00', 0, 1, NULL, 1975, 13, 3, 1, 1, 0);
INSERT INTO `meeting_events` (`id`, `created_at`, `updated_at`, `event_order`, `begin_time`, `is_out_of_race`, `is_autofilled`, `notes`, `meeting_session_id`, `event_type_id`, `heat_type_id`, `user_id`, `has_separate_gender_start_list`, `has_separate_category_start_list`)
  VALUES (10231, '2016-10-28 14:53:40', '2016-10-28 14:53:40', 7, '2000-01-01 11:04:00', 0, 1, NULL, 1975, 15, 3, 1, 1, 0);
INSERT INTO `meeting_events` (`id`, `created_at`, `updated_at`, `event_order`, `begin_time`, `is_out_of_race`, `is_autofilled`, `notes`, `meeting_session_id`, `event_type_id`, `heat_type_id`, `user_id`, `has_separate_gender_start_list`, `has_separate_category_start_list`)
  VALUES (10232, '2016-10-28 14:53:40', '2016-10-28 14:53:40', 8, '2000-01-01 11:42:00', 0, 1, NULL, 1975, 11, 3, 1, 1, 0);
INSERT INTO `meeting_events` (`id`, `created_at`, `updated_at`, `event_order`, `begin_time`, `is_out_of_race`, `is_autofilled`, `notes`, `meeting_session_id`, `event_type_id`, `heat_type_id`, `user_id`, `has_separate_gender_start_list`, `has_separate_category_start_list`)
  VALUES (10233, '2016-10-28 14:53:40', '2016-10-28 14:53:40', 9, '2000-01-01 12:22:00', 0, 1, NULL, 1975, 19, 3, 1, 1, 0);
INSERT INTO `meeting_events` (`id`, `created_at`, `updated_at`, `event_order`, `begin_time`, `is_out_of_race`, `is_autofilled`, `notes`, `meeting_session_id`, `event_type_id`, `heat_type_id`, `user_id`, `has_separate_gender_start_list`, `has_separate_category_start_list`)
  VALUES (10234, '2016-10-28 14:53:40', '2016-10-28 14:53:40', 10, '2000-01-01 13:02:00', 0, 1, NULL, 1975, 2, 3, 1, 1, 0);
INSERT INTO `meeting_events` (`id`, `created_at`, `updated_at`, `event_order`, `begin_time`, `is_out_of_race`, `is_autofilled`, `notes`, `meeting_session_id`, `event_type_id`, `heat_type_id`, `user_id`, `has_separate_gender_start_list`, `has_separate_category_start_list`)
  VALUES (10235, '2016-10-28 14:53:40', '2016-10-28 14:53:40', 11, '2000-01-01 13:36:30', 0, 1, NULL, 1975, 33, 3, 1, 1, 0);
INSERT INTO `meeting_sessions` (`id`, `session_order`, `scheduled_date`, `warm_up_time`, `begin_time`, `notes`, `meeting_id`, `swimming_pool_id`, `user_id`, `created_at`, `updated_at`, `description`, `is_autofilled`, `day_part_type_id`)
  VALUES (1976, 2, '2016-11-06', '2000-01-01 00:00:00', '2000-01-01 00:00:00', '', 16237, 66, 2, '2016-10-28 14:53:40', '2016-10-28 14:53:40', 'FINALI', 1, 2);

-- 15239-vicenzamastervicenza TROFEO MASTER VICENZA 2015-11-21
INSERT INTO `meetings` (`id`, `description`, `entry_deadline`, `has_warm_up_pool`, `is_under_25_admitted`, `reference_phone`, `reference_e_mail`, `reference_name`, `notes`, `has_invitation`, `has_start_list`, `are_results_acquired`, `max_individual_events`, `configuration_file`, `edition`, `season_id`, `user_id`, `created_at`, `updated_at`, `is_autofilled`, `header_date`, `code`, `header_year`, `max_individual_events_per_session`, `is_out_of_season`, `edition_type_id`, `timing_type_id`, `individual_score_computation_type_id`, `relay_score_computation_type_id`, `team_score_computation_type_id`, `meeting_score_computation_type_id`, `invitation`, `is_confirmed`)
  VALUES (16239, 'TROFEO MASTER VICENZA', NULL, 0, 1, NULL, NULL, NULL, NULL, 0, 0, 0, 2, '?', 9, 162, 2, '2016-10-28 14:53:40', '2016-10-28 14:53:40', 1, '2016-11-19', 'vicenzamastervicenza', '2016', 0, 0, 2, 3, 1, 1, 12, 1, NULL, 0);
INSERT INTO `meeting_sessions` (`id`, `session_order`, `scheduled_date`, `warm_up_time`, `begin_time`, `notes`, `meeting_id`, `swimming_pool_id`, `user_id`, `created_at`, `updated_at`, `description`, `is_autofilled`, `day_part_type_id`)
  VALUES (1977, 1, '2016-11-19', '2000-01-01 00:00:00', '2000-01-01 00:00:00', '', 16239, 71, 2, '2016-10-28 14:53:40', '2016-10-28 14:53:40', 'FINALI', 1, 1);
INSERT INTO `meeting_sessions` (`id`, `session_order`, `scheduled_date`, `warm_up_time`, `begin_time`, `notes`, `meeting_id`, `swimming_pool_id`, `user_id`, `created_at`, `updated_at`, `description`, `is_autofilled`, `day_part_type_id`)
  VALUES (1978, 2, '2016-11-19', '2000-01-01 00:00:00', '2000-01-01 00:00:00', '', 16239, 71, 2, '2016-10-28 14:53:40', '2016-10-28 14:53:40', 'FINALI', 1, 2);
INSERT INTO `meeting_sessions` (`id`, `session_order`, `scheduled_date`, `warm_up_time`, `begin_time`, `notes`, `meeting_id`, `swimming_pool_id`, `user_id`, `created_at`, `updated_at`, `description`, `is_autofilled`, `day_part_type_id`)
  VALUES (1979, 3, '2016-11-20', '2000-01-01 00:00:00', '2000-01-01 00:00:00', '', 16239, 71, 2, '2016-10-28 14:53:40', '2016-10-28 14:53:40', 'FINALI', 1, 1);
INSERT INTO `meeting_sessions` (`id`, `session_order`, `scheduled_date`, `warm_up_time`, `begin_time`, `notes`, `meeting_id`, `swimming_pool_id`, `user_id`, `created_at`, `updated_at`, `description`, `is_autofilled`, `day_part_type_id`)
  VALUES (1980, 4, '2016-11-20', '2000-01-01 00:00:00', '2000-01-01 00:00:00', '', 16239, 71, 2, '2016-10-28 14:53:40', '2016-10-28 14:53:40', 'FINALI', 1, 2);

-- 15240-novara TROFEO CITT DI NOVARA 2015-11-15
INSERT INTO `meetings` (`id`, `description`, `entry_deadline`, `has_warm_up_pool`, `is_under_25_admitted`, `reference_phone`, `reference_e_mail`, `reference_name`, `notes`, `has_invitation`, `has_start_list`, `are_results_acquired`, `max_individual_events`, `configuration_file`, `edition`, `season_id`, `user_id`, `created_at`, `updated_at`, `is_autofilled`, `header_date`, `code`, `header_year`, `max_individual_events_per_session`, `is_out_of_season`, `edition_type_id`, `timing_type_id`, `individual_score_computation_type_id`, `relay_score_computation_type_id`, `team_score_computation_type_id`, `meeting_score_computation_type_id`, `invitation`, `is_confirmed`)
  VALUES (16240, 'TROFEO CITT DI NOVARA', NULL, 0, 1, NULL, NULL, NULL, 'Natatio Master Team', 0, 0, 0, 2, '?', 4, 162, 2, '2016-10-28 14:53:40', '2016-10-28 14:53:40', 1, '2016-11-13', 'novara', '2016', 0, 0, 2, 3, 1, 1, 12, 1, NULL, 0);
INSERT INTO `meeting_sessions` (`id`, `session_order`, `scheduled_date`, `warm_up_time`, `begin_time`, `notes`, `meeting_id`, `swimming_pool_id`, `user_id`, `created_at`, `updated_at`, `description`, `is_autofilled`, `day_part_type_id`)
  VALUES (1981, 1, '2016-11-13', '2000-01-01 00:00:00', '2000-01-01 00:00:00', '', 16240, 154, 2, '2016-10-28 14:53:41', '2016-10-28 14:53:41', 'FINALI', 1, 1);
INSERT INTO `meeting_events` (`id`, `created_at`, `updated_at`, `event_order`, `begin_time`, `is_out_of_race`, `is_autofilled`, `notes`, `meeting_session_id`, `event_type_id`, `heat_type_id`, `user_id`, `has_separate_gender_start_list`, `has_separate_category_start_list`)
  VALUES (10236, '2016-10-28 14:53:41', '2016-10-28 14:53:41', 1, '2000-01-01 08:02:00', 0, 1, NULL, 1981, 16, 3, 1, 1, 0);
INSERT INTO `meeting_events` (`id`, `created_at`, `updated_at`, `event_order`, `begin_time`, `is_out_of_race`, `is_autofilled`, `notes`, `meeting_session_id`, `event_type_id`, `heat_type_id`, `user_id`, `has_separate_gender_start_list`, `has_separate_category_start_list`)
  VALUES (10237, '2016-10-28 14:53:41', '2016-10-28 14:53:41', 2, '2000-01-01 08:40:00', 0, 1, NULL, 1981, 12, 3, 1, 1, 0);
INSERT INTO `meeting_events` (`id`, `created_at`, `updated_at`, `event_order`, `begin_time`, `is_out_of_race`, `is_autofilled`, `notes`, `meeting_session_id`, `event_type_id`, `heat_type_id`, `user_id`, `has_separate_gender_start_list`, `has_separate_category_start_list`)
  VALUES (10238, '2016-10-28 14:53:41', '2016-10-28 14:53:41', 3, '2000-01-01 09:06:00', 0, 1, NULL, 1981, 22, 3, 1, 1, 0);
INSERT INTO `meeting_events` (`id`, `created_at`, `updated_at`, `event_order`, `begin_time`, `is_out_of_race`, `is_autofilled`, `notes`, `meeting_session_id`, `event_type_id`, `heat_type_id`, `user_id`, `has_separate_gender_start_list`, `has_separate_category_start_list`)
  VALUES (10239, '2016-10-28 14:53:41', '2016-10-28 14:53:41', 4, '2000-01-01 09:44:00', 0, 1, NULL, 1981, 20, 3, 1, 1, 0);
INSERT INTO `meeting_events` (`id`, `created_at`, `updated_at`, `event_order`, `begin_time`, `is_out_of_race`, `is_autofilled`, `notes`, `meeting_session_id`, `event_type_id`, `heat_type_id`, `user_id`, `has_separate_gender_start_list`, `has_separate_category_start_list`)
  VALUES (10240, '2016-10-28 14:53:41', '2016-10-28 14:53:41', 5, '2000-01-01 10:24:00', 0, 1, NULL, 1981, 3, 3, 1, 1, 0);
INSERT INTO `meeting_events` (`id`, `created_at`, `updated_at`, `event_order`, `begin_time`, `is_out_of_race`, `is_autofilled`, `notes`, `meeting_session_id`, `event_type_id`, `heat_type_id`, `user_id`, `has_separate_gender_start_list`, `has_separate_category_start_list`)
  VALUES (10241, '2016-10-28 14:53:41', '2016-10-28 14:53:41', 6, '2000-01-01 11:02:00', 0, 1, NULL, 1981, 23, 3, 1, 1, 0);
INSERT INTO `meeting_events` (`id`, `created_at`, `updated_at`, `event_order`, `begin_time`, `is_out_of_race`, `is_autofilled`, `notes`, `meeting_session_id`, `event_type_id`, `heat_type_id`, `user_id`, `has_separate_gender_start_list`, `has_separate_category_start_list`)
  VALUES (10242, '2016-10-28 14:53:41', '2016-10-28 14:53:41', 7, '2000-01-01 11:38:00', 0, 1, NULL, 1981, 21, 3, 1, 1, 0);
INSERT INTO `meeting_events` (`id`, `created_at`, `updated_at`, `event_order`, `begin_time`, `is_out_of_race`, `is_autofilled`, `notes`, `meeting_session_id`, `event_type_id`, `heat_type_id`, `user_id`, `has_separate_gender_start_list`, `has_separate_category_start_list`)
  VALUES (10243, '2016-10-28 14:53:41', '2016-10-28 14:53:41', 8, '2000-01-01 12:10:00', 0, 1, NULL, 1981, 4, 3, 1, 1, 0);
INSERT INTO `meeting_events` (`id`, `created_at`, `updated_at`, `event_order`, `begin_time`, `is_out_of_race`, `is_autofilled`, `notes`, `meeting_session_id`, `event_type_id`, `heat_type_id`, `user_id`, `has_separate_gender_start_list`, `has_separate_category_start_list`)
  VALUES (10244, '2016-10-28 14:53:41', '2016-10-28 14:53:41', 9, '2000-01-01 12:48:00', 0, 1, NULL, 1981, 15, 3, 1, 1, 0);
INSERT INTO `meeting_events` (`id`, `created_at`, `updated_at`, `event_order`, `begin_time`, `is_out_of_race`, `is_autofilled`, `notes`, `meeting_session_id`, `event_type_id`, `heat_type_id`, `user_id`, `has_separate_gender_start_list`, `has_separate_category_start_list`)
  VALUES (10245, '2016-10-28 14:53:41', '2016-10-28 14:53:41', 10, '2000-01-01 13:30:00', 0, 1, NULL, 1981, 11, 3, 1, 1, 0);
INSERT INTO `meeting_events` (`id`, `created_at`, `updated_at`, `event_order`, `begin_time`, `is_out_of_race`, `is_autofilled`, `notes`, `meeting_session_id`, `event_type_id`, `heat_type_id`, `user_id`, `has_separate_gender_start_list`, `has_separate_category_start_list`)
  VALUES (10246, '2016-10-28 14:53:41', '2016-10-28 14:53:41', 11, '2000-01-01 14:04:00', 0, 1, NULL, 1981, 19, 3, 1, 1, 0);
INSERT INTO `meeting_events` (`id`, `created_at`, `updated_at`, `event_order`, `begin_time`, `is_out_of_race`, `is_autofilled`, `notes`, `meeting_session_id`, `event_type_id`, `heat_type_id`, `user_id`, `has_separate_gender_start_list`, `has_separate_category_start_list`)
  VALUES (10247, '2016-10-28 14:53:41', '2016-10-28 14:53:41', 12, '2000-01-01 14:52:00', 0, 1, NULL, 1981, 2, 3, 1, 1, 0);
INSERT INTO `meeting_events` (`id`, `created_at`, `updated_at`, `event_order`, `begin_time`, `is_out_of_race`, `is_autofilled`, `notes`, `meeting_session_id`, `event_type_id`, `heat_type_id`, `user_id`, `has_separate_gender_start_list`, `has_separate_category_start_list`)
  VALUES (10248, '2016-10-28 14:53:41', '2016-10-28 14:53:41', 13, '2000-01-01 15:38:00', 0, 1, NULL, 1981, 6, 3, 1, 1, 0);
INSERT INTO `meeting_sessions` (`id`, `session_order`, `scheduled_date`, `warm_up_time`, `begin_time`, `notes`, `meeting_id`, `swimming_pool_id`, `user_id`, `created_at`, `updated_at`, `description`, `is_autofilled`, `day_part_type_id`)
  VALUES (1982, 2, '2016-11-13', '2000-01-01 00:00:00', '2000-01-01 00:00:00', '', 16240, 154, 2, '2016-10-28 14:53:41', '2016-10-28 14:53:41', 'FINALI', 1, 2);

-- 15242-osimosenzatesta MEETING SENZA TESTA 2015-11-15
INSERT INTO `meetings` (`id`, `description`, `entry_deadline`, `has_warm_up_pool`, `is_under_25_admitted`, `reference_phone`, `reference_e_mail`, `reference_name`, `notes`, `has_invitation`, `has_start_list`, `are_results_acquired`, `max_individual_events`, `configuration_file`, `edition`, `season_id`, `user_id`, `created_at`, `updated_at`, `is_autofilled`, `header_date`, `code`, `header_year`, `max_individual_events_per_session`, `is_out_of_season`, `edition_type_id`, `timing_type_id`, `individual_score_computation_type_id`, `relay_score_computation_type_id`, `team_score_computation_type_id`, `meeting_score_computation_type_id`, `invitation`, `is_confirmed`)
  VALUES (16242, 'MEETING SENZA TESTA', NULL, 0, 1, NULL, NULL, NULL, 'Team Osimo Nuoto', 0, 0, 0, 2, '?', 4, 162, 2, '2016-10-28 14:53:41', '2016-10-28 14:53:41', 1, '2016-11-13', 'osimosenzatesta', '2016', 0, 0, 2, 3, 1, 1, 12, 1, NULL, 0);
INSERT INTO `meeting_sessions` (`id`, `session_order`, `scheduled_date`, `warm_up_time`, `begin_time`, `notes`, `meeting_id`, `swimming_pool_id`, `user_id`, `created_at`, `updated_at`, `description`, `is_autofilled`, `day_part_type_id`)
  VALUES (1983, 1, '2016-11-13', '2000-01-01 00:00:00', '2000-01-01 00:00:00', '', 16242, 63, 2, '2016-10-28 14:53:41', '2016-10-28 14:53:41', 'FINALI', 1, 1);
INSERT INTO `meeting_events` (`id`, `created_at`, `updated_at`, `event_order`, `begin_time`, `is_out_of_race`, `is_autofilled`, `notes`, `meeting_session_id`, `event_type_id`, `heat_type_id`, `user_id`, `has_separate_gender_start_list`, `has_separate_category_start_list`)
  VALUES (10249, '2016-10-28 14:53:41', '2016-10-28 14:53:41', 1, '2000-01-01 08:02:00', 0, 1, NULL, 1983, 16, 3, 1, 1, 0);
INSERT INTO `meeting_events` (`id`, `created_at`, `updated_at`, `event_order`, `begin_time`, `is_out_of_race`, `is_autofilled`, `notes`, `meeting_session_id`, `event_type_id`, `heat_type_id`, `user_id`, `has_separate_gender_start_list`, `has_separate_category_start_list`)
  VALUES (10250, '2016-10-28 14:53:41', '2016-10-28 14:53:41', 2, '2000-01-01 08:24:00', 0, 1, NULL, 1983, 12, 3, 1, 1, 0);
INSERT INTO `meeting_events` (`id`, `created_at`, `updated_at`, `event_order`, `begin_time`, `is_out_of_race`, `is_autofilled`, `notes`, `meeting_session_id`, `event_type_id`, `heat_type_id`, `user_id`, `has_separate_gender_start_list`, `has_separate_category_start_list`)
  VALUES (10251, '2016-10-28 14:53:41', '2016-10-28 14:53:41', 3, '2000-01-01 08:40:00', 0, 1, NULL, 1983, 22, 3, 1, 1, 0);
INSERT INTO `meeting_events` (`id`, `created_at`, `updated_at`, `event_order`, `begin_time`, `is_out_of_race`, `is_autofilled`, `notes`, `meeting_session_id`, `event_type_id`, `heat_type_id`, `user_id`, `has_separate_gender_start_list`, `has_separate_category_start_list`)
  VALUES (10252, '2016-10-28 14:53:41', '2016-10-28 14:53:41', 4, '2000-01-01 09:12:00', 0, 1, NULL, 1983, 20, 3, 1, 1, 0);
INSERT INTO `meeting_events` (`id`, `created_at`, `updated_at`, `event_order`, `begin_time`, `is_out_of_race`, `is_autofilled`, `notes`, `meeting_session_id`, `event_type_id`, `heat_type_id`, `user_id`, `has_separate_gender_start_list`, `has_separate_category_start_list`)
  VALUES (10253, '2016-10-28 14:53:41', '2016-10-28 14:53:41', 5, '2000-01-01 09:40:00', 0, 1, NULL, 1983, 3, 3, 1, 1, 0);
INSERT INTO `meeting_events` (`id`, `created_at`, `updated_at`, `event_order`, `begin_time`, `is_out_of_race`, `is_autofilled`, `notes`, `meeting_session_id`, `event_type_id`, `heat_type_id`, `user_id`, `has_separate_gender_start_list`, `has_separate_category_start_list`)
  VALUES (10254, '2016-10-28 14:53:41', '2016-10-28 14:53:41', 6, '2000-01-01 10:12:00', 0, 1, NULL, 1983, 4, 3, 1, 1, 0);
INSERT INTO `meeting_events` (`id`, `created_at`, `updated_at`, `event_order`, `begin_time`, `is_out_of_race`, `is_autofilled`, `notes`, `meeting_session_id`, `event_type_id`, `heat_type_id`, `user_id`, `has_separate_gender_start_list`, `has_separate_category_start_list`)
  VALUES (10255, '2016-10-28 14:53:41', '2016-10-28 14:53:41', 7, '2000-01-01 10:44:00', 0, 1, NULL, 1983, 5, 3, 1, 1, 0);
INSERT INTO `meeting_events` (`id`, `created_at`, `updated_at`, `event_order`, `begin_time`, `is_out_of_race`, `is_autofilled`, `notes`, `meeting_session_id`, `event_type_id`, `heat_type_id`, `user_id`, `has_separate_gender_start_list`, `has_separate_category_start_list`)
  VALUES (10256, '2016-10-28 14:53:41', '2016-10-28 14:53:41', 8, '2000-01-01 11:10:00', 0, 1, NULL, 1983, 15, 3, 1, 1, 0);
INSERT INTO `meeting_events` (`id`, `created_at`, `updated_at`, `event_order`, `begin_time`, `is_out_of_race`, `is_autofilled`, `notes`, `meeting_session_id`, `event_type_id`, `heat_type_id`, `user_id`, `has_separate_gender_start_list`, `has_separate_category_start_list`)
  VALUES (10257, '2016-10-28 14:53:41', '2016-10-28 14:53:41', 9, '2000-01-01 11:32:00', 0, 1, NULL, 1983, 11, 3, 1, 1, 0);
INSERT INTO `meeting_events` (`id`, `created_at`, `updated_at`, `event_order`, `begin_time`, `is_out_of_race`, `is_autofilled`, `notes`, `meeting_session_id`, `event_type_id`, `heat_type_id`, `user_id`, `has_separate_gender_start_list`, `has_separate_category_start_list`)
  VALUES (10258, '2016-10-28 14:53:41', '2016-10-28 14:53:41', 10, '2000-01-01 11:58:00', 0, 1, NULL, 1983, 19, 3, 1, 1, 0);
INSERT INTO `meeting_events` (`id`, `created_at`, `updated_at`, `event_order`, `begin_time`, `is_out_of_race`, `is_autofilled`, `notes`, `meeting_session_id`, `event_type_id`, `heat_type_id`, `user_id`, `has_separate_gender_start_list`, `has_separate_category_start_list`)
  VALUES (10259, '2016-10-28 14:53:41', '2016-10-28 14:53:41', 11, '2000-01-01 12:30:00', 0, 1, NULL, 1983, 2, 3, 1, 1, 0);
INSERT INTO `meeting_events` (`id`, `created_at`, `updated_at`, `event_order`, `begin_time`, `is_out_of_race`, `is_autofilled`, `notes`, `meeting_session_id`, `event_type_id`, `heat_type_id`, `user_id`, `has_separate_gender_start_list`, `has_separate_category_start_list`)
  VALUES (10260, '2016-10-28 14:53:41', '2016-10-28 14:53:41', 12, '2000-01-01 13:00:30', 0, 1, NULL, 1983, 26, 3, 1, 1, 0);
INSERT INTO `meeting_events` (`id`, `created_at`, `updated_at`, `event_order`, `begin_time`, `is_out_of_race`, `is_autofilled`, `notes`, `meeting_session_id`, `event_type_id`, `heat_type_id`, `user_id`, `has_separate_gender_start_list`, `has_separate_category_start_list`)
  VALUES (10261, '2016-10-28 14:53:41', '2016-10-28 14:53:41', 13, '2000-01-01 12:59:30', 0, 1, NULL, 1983, 25, 3, 1, 1, 0);
INSERT INTO `meeting_sessions` (`id`, `session_order`, `scheduled_date`, `warm_up_time`, `begin_time`, `notes`, `meeting_id`, `swimming_pool_id`, `user_id`, `created_at`, `updated_at`, `description`, `is_autofilled`, `day_part_type_id`)
  VALUES (1984, 2, '2016-11-13', '2000-01-01 00:00:00', '2000-01-01 00:00:00', '', 16242, 63, 2, '2016-10-28 14:53:41', '2016-10-28 14:53:41', 'FINALI', 1, 2);

-- 15243-gorgonzola TROFEO CITT DI VIMERCATE 2015-11-21
INSERT INTO `meetings` (`id`, `description`, `entry_deadline`, `has_warm_up_pool`, `is_under_25_admitted`, `reference_phone`, `reference_e_mail`, `reference_name`, `notes`, `has_invitation`, `has_start_list`, `are_results_acquired`, `max_individual_events`, `configuration_file`, `edition`, `season_id`, `user_id`, `created_at`, `updated_at`, `is_autofilled`, `header_date`, `code`, `header_year`, `max_individual_events_per_session`, `is_out_of_season`, `edition_type_id`, `timing_type_id`, `individual_score_computation_type_id`, `relay_score_computation_type_id`, `team_score_computation_type_id`, `meeting_score_computation_type_id`, `invitation`, `is_confirmed`)
  VALUES (16243, 'TROFEO CITT DI VIMERCATE', NULL, 0, 1, NULL, NULL, NULL, 'Vimercate Nuoto', 0, 0, 0, 2, '?', 34, 162, 2, '2016-10-28 14:53:41', '2016-10-28 14:53:41', 1, '2016-11-19', 'gorgonzola', '2016', 0, 0, 2, 3, 1, 1, 12, 1, NULL, 0);
INSERT INTO `meeting_sessions` (`id`, `session_order`, `scheduled_date`, `warm_up_time`, `begin_time`, `notes`, `meeting_id`, `swimming_pool_id`, `user_id`, `created_at`, `updated_at`, `description`, `is_autofilled`, `day_part_type_id`)
  VALUES (1985, 1, '2016-11-19', '2000-01-01 00:00:00', '2000-01-01 00:00:00', '', 16243, 155, 2, '2016-10-28 14:53:41', '2016-10-28 14:53:41', 'FINALI', 1, 2);
INSERT INTO `meeting_events` (`id`, `created_at`, `updated_at`, `event_order`, `begin_time`, `is_out_of_race`, `is_autofilled`, `notes`, `meeting_session_id`, `event_type_id`, `heat_type_id`, `user_id`, `has_separate_gender_start_list`, `has_separate_category_start_list`)
  VALUES (10262, '2016-10-28 14:53:41', '2016-10-28 14:53:41', 1, '2000-01-01 08:02:00', 0, 1, NULL, 1985, 16, 3, 1, 1, 0);
INSERT INTO `meeting_events` (`id`, `created_at`, `updated_at`, `event_order`, `begin_time`, `is_out_of_race`, `is_autofilled`, `notes`, `meeting_session_id`, `event_type_id`, `heat_type_id`, `user_id`, `has_separate_gender_start_list`, `has_separate_category_start_list`)
  VALUES (10263, '2016-10-28 14:53:41', '2016-10-28 14:53:41', 2, '2000-01-01 08:34:00', 0, 1, NULL, 1985, 22, 3, 1, 1, 0);
INSERT INTO `meeting_events` (`id`, `created_at`, `updated_at`, `event_order`, `begin_time`, `is_out_of_race`, `is_autofilled`, `notes`, `meeting_session_id`, `event_type_id`, `heat_type_id`, `user_id`, `has_separate_gender_start_list`, `has_separate_category_start_list`)
  VALUES (10264, '2016-10-28 14:53:41', '2016-10-28 14:53:41', 3, '2000-01-01 09:20:00', 0, 1, NULL, 1985, 20, 3, 1, 1, 0);
INSERT INTO `meeting_events` (`id`, `created_at`, `updated_at`, `event_order`, `begin_time`, `is_out_of_race`, `is_autofilled`, `notes`, `meeting_session_id`, `event_type_id`, `heat_type_id`, `user_id`, `has_separate_gender_start_list`, `has_separate_category_start_list`)
  VALUES (10265, '2016-10-28 14:53:41', '2016-10-28 14:53:41', 4, '2000-01-01 09:58:00', 0, 1, NULL, 1985, 3, 3, 1, 1, 0);
INSERT INTO `meeting_events` (`id`, `created_at`, `updated_at`, `event_order`, `begin_time`, `is_out_of_race`, `is_autofilled`, `notes`, `meeting_session_id`, `event_type_id`, `heat_type_id`, `user_id`, `has_separate_gender_start_list`, `has_separate_category_start_list`)
  VALUES (10266, '2016-10-28 14:53:41', '2016-10-28 14:53:41', 5, '2000-01-01 10:38:00', 0, 1, NULL, 1985, 17, 3, 1, 1, 0);
INSERT INTO `meeting_events` (`id`, `created_at`, `updated_at`, `event_order`, `begin_time`, `is_out_of_race`, `is_autofilled`, `notes`, `meeting_session_id`, `event_type_id`, `heat_type_id`, `user_id`, `has_separate_gender_start_list`, `has_separate_category_start_list`)
  VALUES (10267, '2016-10-28 14:53:41', '2016-10-28 14:53:41', 6, '2000-01-01 11:06:00', 0, 1, NULL, 1985, 13, 3, 1, 1, 0);
INSERT INTO `meeting_events` (`id`, `created_at`, `updated_at`, `event_order`, `begin_time`, `is_out_of_race`, `is_autofilled`, `notes`, `meeting_session_id`, `event_type_id`, `heat_type_id`, `user_id`, `has_separate_gender_start_list`, `has_separate_category_start_list`)
  VALUES (10268, '2016-10-28 14:53:41', '2016-10-28 14:53:41', 7, '2000-01-01 11:36:00', 0, 1, NULL, 1985, 23, 3, 1, 1, 0);
INSERT INTO `meeting_events` (`id`, `created_at`, `updated_at`, `event_order`, `begin_time`, `is_out_of_race`, `is_autofilled`, `notes`, `meeting_session_id`, `event_type_id`, `heat_type_id`, `user_id`, `has_separate_gender_start_list`, `has_separate_category_start_list`)
  VALUES (10269, '2016-10-28 14:53:41', '2016-10-28 14:53:41', 8, '2000-01-01 12:10:00', 0, 1, NULL, 1985, 4, 3, 1, 1, 0);
INSERT INTO `meeting_events` (`id`, `created_at`, `updated_at`, `event_order`, `begin_time`, `is_out_of_race`, `is_autofilled`, `notes`, `meeting_session_id`, `event_type_id`, `heat_type_id`, `user_id`, `has_separate_gender_start_list`, `has_separate_category_start_list`)
  VALUES (10270, '2016-10-28 14:53:41', '2016-10-28 14:53:41', 9, '2000-01-01 12:54:00', 0, 1, NULL, 1985, 15, 3, 1, 1, 0);
INSERT INTO `meeting_events` (`id`, `created_at`, `updated_at`, `event_order`, `begin_time`, `is_out_of_race`, `is_autofilled`, `notes`, `meeting_session_id`, `event_type_id`, `heat_type_id`, `user_id`, `has_separate_gender_start_list`, `has_separate_category_start_list`)
  VALUES (10271, '2016-10-28 14:53:41', '2016-10-28 14:53:41', 10, '2000-01-01 13:34:00', 0, 1, NULL, 1985, 11, 3, 1, 1, 0);
INSERT INTO `meeting_events` (`id`, `created_at`, `updated_at`, `event_order`, `begin_time`, `is_out_of_race`, `is_autofilled`, `notes`, `meeting_session_id`, `event_type_id`, `heat_type_id`, `user_id`, `has_separate_gender_start_list`, `has_separate_category_start_list`)
  VALUES (10272, '2016-10-28 14:53:41', '2016-10-28 14:53:41', 11, '2000-01-01 14:16:00', 0, 1, NULL, 1985, 19, 3, 1, 1, 0);
INSERT INTO `meeting_events` (`id`, `created_at`, `updated_at`, `event_order`, `begin_time`, `is_out_of_race`, `is_autofilled`, `notes`, `meeting_session_id`, `event_type_id`, `heat_type_id`, `user_id`, `has_separate_gender_start_list`, `has_separate_category_start_list`)
  VALUES (10273, '2016-10-28 14:53:41', '2016-10-28 14:53:41', 12, '2000-01-01 14:54:00', 0, 1, NULL, 1985, 2, 3, 1, 1, 0);
INSERT INTO `meeting_events` (`id`, `created_at`, `updated_at`, `event_order`, `begin_time`, `is_out_of_race`, `is_autofilled`, `notes`, `meeting_session_id`, `event_type_id`, `heat_type_id`, `user_id`, `has_separate_gender_start_list`, `has_separate_category_start_list`)
  VALUES (10274, '2016-10-28 14:53:41', '2016-10-28 14:53:41', 13, '2000-01-01 15:40:00', 0, 1, NULL, 1985, 6, 3, 1, 1, 0);
INSERT INTO `meeting_events` (`id`, `created_at`, `updated_at`, `event_order`, `begin_time`, `is_out_of_race`, `is_autofilled`, `notes`, `meeting_session_id`, `event_type_id`, `heat_type_id`, `user_id`, `has_separate_gender_start_list`, `has_separate_category_start_list`)
  VALUES (10275, '2016-10-28 14:53:41', '2016-10-28 14:53:41', 14, '2000-01-01 16:27:43', 0, 1, NULL, 1985, 33, 3, 1, 1, 0);
INSERT INTO `meeting_sessions` (`id`, `session_order`, `scheduled_date`, `warm_up_time`, `begin_time`, `notes`, `meeting_id`, `swimming_pool_id`, `user_id`, `created_at`, `updated_at`, `description`, `is_autofilled`, `day_part_type_id`)
  VALUES (1986, 2, '2016-11-20', '2000-01-01 00:00:00', '2000-01-01 00:00:00', '', 16243, 155, 2, '2016-10-28 14:53:41', '2016-10-28 14:53:41', 'FINALI', 1, 1);
INSERT INTO `meeting_sessions` (`id`, `session_order`, `scheduled_date`, `warm_up_time`, `begin_time`, `notes`, `meeting_id`, `swimming_pool_id`, `user_id`, `created_at`, `updated_at`, `description`, `is_autofilled`, `day_part_type_id`)
  VALUES (1987, 3, '2016-11-20', '2000-01-01 00:00:00', '2000-01-01 00:00:00', '', 16243, 155, 2, '2016-10-28 14:53:41', '2016-10-28 14:53:41', 'FINALI', 1, 2);

-- 15244-romapaolocostoli TROFEO PAOLO COSTOLI 2015-11-22
INSERT INTO `meetings` (`id`, `description`, `entry_deadline`, `has_warm_up_pool`, `is_under_25_admitted`, `reference_phone`, `reference_e_mail`, `reference_name`, `notes`, `has_invitation`, `has_start_list`, `are_results_acquired`, `max_individual_events`, `configuration_file`, `edition`, `season_id`, `user_id`, `created_at`, `updated_at`, `is_autofilled`, `header_date`, `code`, `header_year`, `max_individual_events_per_session`, `is_out_of_season`, `edition_type_id`, `timing_type_id`, `individual_score_computation_type_id`, `relay_score_computation_type_id`, `team_score_computation_type_id`, `meeting_score_computation_type_id`, `invitation`, `is_confirmed`)
  VALUES (16244, 'TROFEO PAOLO COSTOLI', NULL, 0, 1, NULL, NULL, NULL, NULL, 0, 0, 0, 2, '?', 6, 162, 2, '2016-10-28 14:53:41', '2016-10-28 14:53:41', 1, '2016-11-20', 'romapaolocostoli', '2016', 0, 0, 2, 3, 1, 1, 12, 1, NULL, 0);
INSERT INTO `meeting_sessions` (`id`, `session_order`, `scheduled_date`, `warm_up_time`, `begin_time`, `notes`, `meeting_id`, `swimming_pool_id`, `user_id`, `created_at`, `updated_at`, `description`, `is_autofilled`, `day_part_type_id`)
  VALUES (1988, 1, '2016-11-20', '2000-01-01 00:00:00', '2000-01-01 00:00:00', '', 16244, 75, 2, '2016-10-28 14:53:41', '2016-10-28 14:53:41', 'FINALI', 1, 1);
INSERT INTO `meeting_sessions` (`id`, `session_order`, `scheduled_date`, `warm_up_time`, `begin_time`, `notes`, `meeting_id`, `swimming_pool_id`, `user_id`, `created_at`, `updated_at`, `description`, `is_autofilled`, `day_part_type_id`)
  VALUES (1989, 2, '2016-11-20', '2000-01-01 00:00:00', '2000-01-01 00:00:00', '', 16244, 75, 2, '2016-10-28 14:53:41', '2016-10-28 14:53:41', 'FINALI', 1, 2);

-- 15245-poggibonsi TROFEO POGGIBONSI 2015-11-22
INSERT INTO `meetings` (`id`, `description`, `entry_deadline`, `has_warm_up_pool`, `is_under_25_admitted`, `reference_phone`, `reference_e_mail`, `reference_name`, `notes`, `has_invitation`, `has_start_list`, `are_results_acquired`, `max_individual_events`, `configuration_file`, `edition`, `season_id`, `user_id`, `created_at`, `updated_at`, `is_autofilled`, `header_date`, `code`, `header_year`, `max_individual_events_per_session`, `is_out_of_season`, `edition_type_id`, `timing_type_id`, `individual_score_computation_type_id`, `relay_score_computation_type_id`, `team_score_computation_type_id`, `meeting_score_computation_type_id`, `invitation`, `is_confirmed`)
  VALUES (16245, 'TROFEO POGGIBONSI', NULL, 0, 1, NULL, NULL, NULL, NULL, 0, 0, 0, 2, '?', 5, 162, 2, '2016-10-28 14:53:41', '2016-10-28 14:53:41', 1, '2016-11-20', 'poggibonsi', '2016', 0, 0, 2, 3, 1, 1, 12, 1, NULL, 0);
INSERT INTO `meeting_sessions` (`id`, `session_order`, `scheduled_date`, `warm_up_time`, `begin_time`, `notes`, `meeting_id`, `swimming_pool_id`, `user_id`, `created_at`, `updated_at`, `description`, `is_autofilled`, `day_part_type_id`)
  VALUES (1990, 1, '2016-11-20', '2000-01-01 00:00:00', '2000-01-01 00:00:00', '', 16245, 72, 2, '2016-10-28 14:53:41', '2016-10-28 14:53:41', 'FINALI', 1, 1);

-- 15246-mugnanoblueteam TROFEO BLUE TEAM 2015-11-29
INSERT INTO `meetings` (`id`, `description`, `entry_deadline`, `has_warm_up_pool`, `is_under_25_admitted`, `reference_phone`, `reference_e_mail`, `reference_name`, `notes`, `has_invitation`, `has_start_list`, `are_results_acquired`, `max_individual_events`, `configuration_file`, `edition`, `season_id`, `user_id`, `created_at`, `updated_at`, `is_autofilled`, `header_date`, `code`, `header_year`, `max_individual_events_per_session`, `is_out_of_season`, `edition_type_id`, `timing_type_id`, `individual_score_computation_type_id`, `relay_score_computation_type_id`, `team_score_computation_type_id`, `meeting_score_computation_type_id`, `invitation`, `is_confirmed`)
  VALUES (16246, 'TROFEO BLUE TEAM', NULL, 0, 1, NULL, NULL, NULL, 'Blue Team Stabiae', 0, 0, 0, 2, '?', 8, 162, 2, '2016-10-28 14:53:41', '2016-10-28 14:53:41', 1, '2016-11-27', 'mugnanoblueteam', '2016', 0, 0, 2, 3, 1, 1, 12, 1, NULL, 0);
INSERT INTO `meeting_sessions` (`id`, `session_order`, `scheduled_date`, `warm_up_time`, `begin_time`, `notes`, `meeting_id`, `swimming_pool_id`, `user_id`, `created_at`, `updated_at`, `description`, `is_autofilled`, `day_part_type_id`)
  VALUES (1991, 1, '2016-11-27', '2000-01-01 00:00:00', '2000-01-01 00:00:00', '', 16246, 156, 2, '2016-10-28 14:53:41', '2016-10-28 14:53:41', 'FINALI', 1, 1);
INSERT INTO `meeting_events` (`id`, `created_at`, `updated_at`, `event_order`, `begin_time`, `is_out_of_race`, `is_autofilled`, `notes`, `meeting_session_id`, `event_type_id`, `heat_type_id`, `user_id`, `has_separate_gender_start_list`, `has_separate_category_start_list`)
  VALUES (10276, '2016-10-28 14:53:41', '2016-10-28 14:53:41', 1, '2000-01-01 08:02:00', 0, 1, NULL, 1991, 16, 3, 1, 1, 0);
INSERT INTO `meeting_events` (`id`, `created_at`, `updated_at`, `event_order`, `begin_time`, `is_out_of_race`, `is_autofilled`, `notes`, `meeting_session_id`, `event_type_id`, `heat_type_id`, `user_id`, `has_separate_gender_start_list`, `has_separate_category_start_list`)
  VALUES (10277, '2016-10-28 14:53:41', '2016-10-28 14:53:41', 2, '2000-01-01 08:44:00', 0, 1, NULL, 1991, 12, 3, 1, 1, 0);
INSERT INTO `meeting_events` (`id`, `created_at`, `updated_at`, `event_order`, `begin_time`, `is_out_of_race`, `is_autofilled`, `notes`, `meeting_session_id`, `event_type_id`, `heat_type_id`, `user_id`, `has_separate_gender_start_list`, `has_separate_category_start_list`)
  VALUES (10278, '2016-10-28 14:53:41', '2016-10-28 14:53:41', 3, '2000-01-01 09:10:00', 0, 1, NULL, 1991, 3, 3, 1, 1, 0);
INSERT INTO `meeting_events` (`id`, `created_at`, `updated_at`, `event_order`, `begin_time`, `is_out_of_race`, `is_autofilled`, `notes`, `meeting_session_id`, `event_type_id`, `heat_type_id`, `user_id`, `has_separate_gender_start_list`, `has_separate_category_start_list`)
  VALUES (10279, '2016-10-28 14:53:41', '2016-10-28 14:53:41', 4, '2000-01-01 09:58:00', 0, 1, NULL, 1991, 23, 3, 1, 1, 0);
INSERT INTO `meeting_events` (`id`, `created_at`, `updated_at`, `event_order`, `begin_time`, `is_out_of_race`, `is_autofilled`, `notes`, `meeting_session_id`, `event_type_id`, `heat_type_id`, `user_id`, `has_separate_gender_start_list`, `has_separate_category_start_list`)
  VALUES (10280, '2016-10-28 14:53:41', '2016-10-28 14:53:41', 5, '2000-01-01 10:34:00', 0, 1, NULL, 1991, 15, 3, 1, 1, 0);
INSERT INTO `meeting_events` (`id`, `created_at`, `updated_at`, `event_order`, `begin_time`, `is_out_of_race`, `is_autofilled`, `notes`, `meeting_session_id`, `event_type_id`, `heat_type_id`, `user_id`, `has_separate_gender_start_list`, `has_separate_category_start_list`)
  VALUES (10281, '2016-10-28 14:53:41', '2016-10-28 14:53:41', 6, '2000-01-01 11:22:00', 0, 1, NULL, 1991, 11, 3, 1, 1, 0);
INSERT INTO `meeting_events` (`id`, `created_at`, `updated_at`, `event_order`, `begin_time`, `is_out_of_race`, `is_autofilled`, `notes`, `meeting_session_id`, `event_type_id`, `heat_type_id`, `user_id`, `has_separate_gender_start_list`, `has_separate_category_start_list`)
  VALUES (10282, '2016-10-28 14:53:41', '2016-10-28 14:53:41', 7, '2000-01-01 12:04:00', 0, 1, NULL, 1991, 19, 3, 1, 1, 0);
INSERT INTO `meeting_events` (`id`, `created_at`, `updated_at`, `event_order`, `begin_time`, `is_out_of_race`, `is_autofilled`, `notes`, `meeting_session_id`, `event_type_id`, `heat_type_id`, `user_id`, `has_separate_gender_start_list`, `has_separate_category_start_list`)
  VALUES (10283, '2016-10-28 14:53:41', '2016-10-28 14:53:41', 8, '2000-01-01 12:48:00', 0, 1, NULL, 1991, 2, 3, 1, 1, 0);
INSERT INTO `meeting_events` (`id`, `created_at`, `updated_at`, `event_order`, `begin_time`, `is_out_of_race`, `is_autofilled`, `notes`, `meeting_session_id`, `event_type_id`, `heat_type_id`, `user_id`, `has_separate_gender_start_list`, `has_separate_category_start_list`)
  VALUES (10284, '2016-10-28 14:53:41', '2016-10-28 14:53:41', 9, '2000-01-01 13:36:30', 0, 1, NULL, 1991, 33, 3, 1, 1, 0);
INSERT INTO `meeting_events` (`id`, `created_at`, `updated_at`, `event_order`, `begin_time`, `is_out_of_race`, `is_autofilled`, `notes`, `meeting_session_id`, `event_type_id`, `heat_type_id`, `user_id`, `has_separate_gender_start_list`, `has_separate_category_start_list`)
  VALUES (10285, '2016-10-28 14:53:41', '2016-10-28 14:53:41', 10, '2000-01-01 13:35:30', 0, 1, NULL, 1991, 32, 3, 1, 1, 0);
INSERT INTO `meeting_events` (`id`, `created_at`, `updated_at`, `event_order`, `begin_time`, `is_out_of_race`, `is_autofilled`, `notes`, `meeting_session_id`, `event_type_id`, `heat_type_id`, `user_id`, `has_separate_gender_start_list`, `has_separate_category_start_list`)
  VALUES (10286, '2016-10-28 14:53:42', '2016-10-28 14:53:42', 11, '2000-01-01 13:27:00', 0, 1, NULL, 1991, 26, 3, 1, 1, 0);
INSERT INTO `meeting_events` (`id`, `created_at`, `updated_at`, `event_order`, `begin_time`, `is_out_of_race`, `is_autofilled`, `notes`, `meeting_session_id`, `event_type_id`, `heat_type_id`, `user_id`, `has_separate_gender_start_list`, `has_separate_category_start_list`)
  VALUES (10287, '2016-10-28 14:53:42', '2016-10-28 14:53:42', 12, '2000-01-01 13:09:00', 0, 1, NULL, 1991, 25, 3, 1, 1, 0);
INSERT INTO `meeting_sessions` (`id`, `session_order`, `scheduled_date`, `warm_up_time`, `begin_time`, `notes`, `meeting_id`, `swimming_pool_id`, `user_id`, `created_at`, `updated_at`, `description`, `is_autofilled`, `day_part_type_id`)
  VALUES (1992, 2, '2016-11-27', '2000-01-01 00:00:00', '2000-01-01 00:00:00', '', 16246, 156, 2, '2016-10-28 14:53:42', '2016-10-28 14:53:42', 'FINALI', 1, 2);

-- 15247-albenga TROFEO CITT DI ALBENGA 2015-11-15
INSERT INTO `meetings` (`id`, `description`, `entry_deadline`, `has_warm_up_pool`, `is_under_25_admitted`, `reference_phone`, `reference_e_mail`, `reference_name`, `notes`, `has_invitation`, `has_start_list`, `are_results_acquired`, `max_individual_events`, `configuration_file`, `edition`, `season_id`, `user_id`, `created_at`, `updated_at`, `is_autofilled`, `header_date`, `code`, `header_year`, `max_individual_events_per_session`, `is_out_of_season`, `edition_type_id`, `timing_type_id`, `individual_score_computation_type_id`, `relay_score_computation_type_id`, `team_score_computation_type_id`, `meeting_score_computation_type_id`, `invitation`, `is_confirmed`)
  VALUES (16247, 'TROFEO CITT DI ALBENGA', NULL, 0, 1, NULL, NULL, NULL, 'S.S.D. IDEA SPORT a R.L.', 0, 0, 0, 2, '?', 7, 162, 2, '2016-10-28 14:53:42', '2016-10-28 14:53:42', 1, '2016-11-13', 'albenga', '2016', 0, 0, 2, 3, 1, 1, 12, 1, NULL, 0);
INSERT INTO `meeting_sessions` (`id`, `session_order`, `scheduled_date`, `warm_up_time`, `begin_time`, `notes`, `meeting_id`, `swimming_pool_id`, `user_id`, `created_at`, `updated_at`, `description`, `is_autofilled`, `day_part_type_id`)
  VALUES (1993, 1, '2016-11-13', '2000-01-01 00:00:00', '2000-01-01 00:00:00', '', 16247, 70, 2, '2016-10-28 14:53:42', '2016-10-28 14:53:42', 'FINALI', 1, 1);
INSERT INTO `meeting_events` (`id`, `created_at`, `updated_at`, `event_order`, `begin_time`, `is_out_of_race`, `is_autofilled`, `notes`, `meeting_session_id`, `event_type_id`, `heat_type_id`, `user_id`, `has_separate_gender_start_list`, `has_separate_category_start_list`)
  VALUES (10288, '2016-10-28 14:53:42', '2016-10-28 14:53:42', 1, '2000-01-01 08:02:00', 0, 1, NULL, 1993, 3, 3, 1, 1, 0);
INSERT INTO `meeting_events` (`id`, `created_at`, `updated_at`, `event_order`, `begin_time`, `is_out_of_race`, `is_autofilled`, `notes`, `meeting_session_id`, `event_type_id`, `heat_type_id`, `user_id`, `has_separate_gender_start_list`, `has_separate_category_start_list`)
  VALUES (10289, '2016-10-28 14:53:42', '2016-10-28 14:53:42', 2, '2000-01-01 08:32:00', 0, 1, NULL, 1993, 17, 3, 1, 1, 0);
INSERT INTO `meeting_events` (`id`, `created_at`, `updated_at`, `event_order`, `begin_time`, `is_out_of_race`, `is_autofilled`, `notes`, `meeting_session_id`, `event_type_id`, `heat_type_id`, `user_id`, `has_separate_gender_start_list`, `has_separate_category_start_list`)
  VALUES (10290, '2016-10-28 14:53:42', '2016-10-28 14:53:42', 3, '2000-01-01 08:42:00', 0, 1, NULL, 1993, 13, 3, 1, 1, 0);
INSERT INTO `meeting_events` (`id`, `created_at`, `updated_at`, `event_order`, `begin_time`, `is_out_of_race`, `is_autofilled`, `notes`, `meeting_session_id`, `event_type_id`, `heat_type_id`, `user_id`, `has_separate_gender_start_list`, `has_separate_category_start_list`)
  VALUES (10291, '2016-10-28 14:53:42', '2016-10-28 14:53:42', 4, '2000-01-01 08:56:00', 0, 1, NULL, 1993, 23, 3, 1, 1, 0);
INSERT INTO `meeting_events` (`id`, `created_at`, `updated_at`, `event_order`, `begin_time`, `is_out_of_race`, `is_autofilled`, `notes`, `meeting_session_id`, `event_type_id`, `heat_type_id`, `user_id`, `has_separate_gender_start_list`, `has_separate_category_start_list`)
  VALUES (10292, '2016-10-28 14:53:42', '2016-10-28 14:53:42', 5, '2000-01-01 09:12:00', 0, 1, NULL, 1993, 21, 3, 1, 1, 0);
INSERT INTO `meeting_events` (`id`, `created_at`, `updated_at`, `event_order`, `begin_time`, `is_out_of_race`, `is_autofilled`, `notes`, `meeting_session_id`, `event_type_id`, `heat_type_id`, `user_id`, `has_separate_gender_start_list`, `has_separate_category_start_list`)
  VALUES (10293, '2016-10-28 14:53:42', '2016-10-28 14:53:42', 6, '2000-01-01 09:26:00', 0, 1, NULL, 1993, 5, 3, 1, 1, 0);
INSERT INTO `meeting_events` (`id`, `created_at`, `updated_at`, `event_order`, `begin_time`, `is_out_of_race`, `is_autofilled`, `notes`, `meeting_session_id`, `event_type_id`, `heat_type_id`, `user_id`, `has_separate_gender_start_list`, `has_separate_category_start_list`)
  VALUES (10294, '2016-10-28 14:53:42', '2016-10-28 14:53:42', 7, '2000-01-01 10:08:00', 0, 1, NULL, 1993, 15, 3, 1, 1, 0);
INSERT INTO `meeting_events` (`id`, `created_at`, `updated_at`, `event_order`, `begin_time`, `is_out_of_race`, `is_autofilled`, `notes`, `meeting_session_id`, `event_type_id`, `heat_type_id`, `user_id`, `has_separate_gender_start_list`, `has_separate_category_start_list`)
  VALUES (10295, '2016-10-28 14:53:42', '2016-10-28 14:53:42', 8, '2000-01-01 10:34:00', 0, 1, NULL, 1993, 11, 3, 1, 1, 0);
INSERT INTO `meeting_events` (`id`, `created_at`, `updated_at`, `event_order`, `begin_time`, `is_out_of_race`, `is_autofilled`, `notes`, `meeting_session_id`, `event_type_id`, `heat_type_id`, `user_id`, `has_separate_gender_start_list`, `has_separate_category_start_list`)
  VALUES (10296, '2016-10-28 14:53:42', '2016-10-28 14:53:42', 9, '2000-01-01 11:06:00', 0, 1, NULL, 1993, 19, 3, 1, 1, 0);
INSERT INTO `meeting_events` (`id`, `created_at`, `updated_at`, `event_order`, `begin_time`, `is_out_of_race`, `is_autofilled`, `notes`, `meeting_session_id`, `event_type_id`, `heat_type_id`, `user_id`, `has_separate_gender_start_list`, `has_separate_category_start_list`)
  VALUES (10297, '2016-10-28 14:53:42', '2016-10-28 14:53:42', 10, '2000-01-01 11:34:00', 0, 1, NULL, 1993, 2, 3, 1, 1, 0);
INSERT INTO `meeting_events` (`id`, `created_at`, `updated_at`, `event_order`, `begin_time`, `is_out_of_race`, `is_autofilled`, `notes`, `meeting_session_id`, `event_type_id`, `heat_type_id`, `user_id`, `has_separate_gender_start_list`, `has_separate_category_start_list`)
  VALUES (10298, '2016-10-28 14:53:42', '2016-10-28 14:53:42', 11, '2000-01-01 12:20:00', 0, 1, NULL, 1993, 6, 3, 1, 1, 0);

-- 15248-rapallo TROFEO CITT DI RAPALLO 2015-11-29
INSERT INTO `meetings` (`id`, `description`, `entry_deadline`, `has_warm_up_pool`, `is_under_25_admitted`, `reference_phone`, `reference_e_mail`, `reference_name`, `notes`, `has_invitation`, `has_start_list`, `are_results_acquired`, `max_individual_events`, `configuration_file`, `edition`, `season_id`, `user_id`, `created_at`, `updated_at`, `is_autofilled`, `header_date`, `code`, `header_year`, `max_individual_events_per_session`, `is_out_of_season`, `edition_type_id`, `timing_type_id`, `individual_score_computation_type_id`, `relay_score_computation_type_id`, `team_score_computation_type_id`, `meeting_score_computation_type_id`, `invitation`, `is_confirmed`)
  VALUES (16248, 'TROFEO CITT DI RAPALLO', NULL, 0, 1, NULL, NULL, NULL, 'Rapallo Nuoto', 0, 0, 0, 2, '?', 22, 162, 2, '2016-10-28 14:53:42', '2016-10-28 14:53:42', 1, '2016-11-27', 'rapallo', '2016', 0, 0, 2, 3, 1, 1, 12, 1, NULL, 0);
INSERT INTO `meeting_sessions` (`id`, `session_order`, `scheduled_date`, `warm_up_time`, `begin_time`, `notes`, `meeting_id`, `swimming_pool_id`, `user_id`, `created_at`, `updated_at`, `description`, `is_autofilled`, `day_part_type_id`)
  VALUES (1994, 1, '2016-11-27', '2000-01-01 00:00:00', '2000-01-01 00:00:00', '', 16248, 50, 2, '2016-10-28 14:53:42', '2016-10-28 14:53:42', 'FINALI', 1, 1);
INSERT INTO `meeting_events` (`id`, `created_at`, `updated_at`, `event_order`, `begin_time`, `is_out_of_race`, `is_autofilled`, `notes`, `meeting_session_id`, `event_type_id`, `heat_type_id`, `user_id`, `has_separate_gender_start_list`, `has_separate_category_start_list`)
  VALUES (10299, '2016-10-28 14:53:42', '2016-10-28 14:53:42', 1, '2000-01-01 08:02:00', 0, 1, NULL, 1994, 22, 3, 1, 1, 0);
INSERT INTO `meeting_events` (`id`, `created_at`, `updated_at`, `event_order`, `begin_time`, `is_out_of_race`, `is_autofilled`, `notes`, `meeting_session_id`, `event_type_id`, `heat_type_id`, `user_id`, `has_separate_gender_start_list`, `has_separate_category_start_list`)
  VALUES (10300, '2016-10-28 14:53:42', '2016-10-28 14:53:42', 2, '2000-01-01 08:36:00', 0, 1, NULL, 1994, 20, 3, 1, 1, 0);
INSERT INTO `meeting_events` (`id`, `created_at`, `updated_at`, `event_order`, `begin_time`, `is_out_of_race`, `is_autofilled`, `notes`, `meeting_session_id`, `event_type_id`, `heat_type_id`, `user_id`, `has_separate_gender_start_list`, `has_separate_category_start_list`)
  VALUES (10301, '2016-10-28 14:53:42', '2016-10-28 14:53:42', 3, '2000-01-01 09:12:00', 0, 1, NULL, 1994, 3, 3, 1, 1, 0);
INSERT INTO `meeting_events` (`id`, `created_at`, `updated_at`, `event_order`, `begin_time`, `is_out_of_race`, `is_autofilled`, `notes`, `meeting_session_id`, `event_type_id`, `heat_type_id`, `user_id`, `has_separate_gender_start_list`, `has_separate_category_start_list`)
  VALUES (10302, '2016-10-28 14:53:42', '2016-10-28 14:53:42', 4, '2000-01-01 09:50:00', 0, 1, NULL, 1994, 4, 3, 1, 1, 0);
INSERT INTO `meeting_events` (`id`, `created_at`, `updated_at`, `event_order`, `begin_time`, `is_out_of_race`, `is_autofilled`, `notes`, `meeting_session_id`, `event_type_id`, `heat_type_id`, `user_id`, `has_separate_gender_start_list`, `has_separate_category_start_list`)
  VALUES (10303, '2016-10-28 14:53:42', '2016-10-28 14:53:42', 5, '2000-01-01 10:28:00', 0, 1, NULL, 1994, 5, 3, 1, 1, 0);
INSERT INTO `meeting_events` (`id`, `created_at`, `updated_at`, `event_order`, `begin_time`, `is_out_of_race`, `is_autofilled`, `notes`, `meeting_session_id`, `event_type_id`, `heat_type_id`, `user_id`, `has_separate_gender_start_list`, `has_separate_category_start_list`)
  VALUES (10304, '2016-10-28 14:53:42', '2016-10-28 14:53:42', 6, '2000-01-01 11:08:00', 0, 1, NULL, 1994, 15, 3, 1, 1, 0);
INSERT INTO `meeting_events` (`id`, `created_at`, `updated_at`, `event_order`, `begin_time`, `is_out_of_race`, `is_autofilled`, `notes`, `meeting_session_id`, `event_type_id`, `heat_type_id`, `user_id`, `has_separate_gender_start_list`, `has_separate_category_start_list`)
  VALUES (10305, '2016-10-28 14:53:42', '2016-10-28 14:53:42', 7, '2000-01-01 11:46:00', 0, 1, NULL, 1994, 11, 3, 1, 1, 0);
INSERT INTO `meeting_events` (`id`, `created_at`, `updated_at`, `event_order`, `begin_time`, `is_out_of_race`, `is_autofilled`, `notes`, `meeting_session_id`, `event_type_id`, `heat_type_id`, `user_id`, `has_separate_gender_start_list`, `has_separate_category_start_list`)
  VALUES (10306, '2016-10-28 14:53:42', '2016-10-28 14:53:42', 8, '2000-01-01 12:14:00', 0, 1, NULL, 1994, 19, 3, 1, 1, 0);
INSERT INTO `meeting_events` (`id`, `created_at`, `updated_at`, `event_order`, `begin_time`, `is_out_of_race`, `is_autofilled`, `notes`, `meeting_session_id`, `event_type_id`, `heat_type_id`, `user_id`, `has_separate_gender_start_list`, `has_separate_category_start_list`)
  VALUES (10307, '2016-10-28 14:53:42', '2016-10-28 14:53:42', 9, '2000-01-01 12:58:00', 0, 1, NULL, 1994, 2, 3, 1, 1, 0);
INSERT INTO `meeting_events` (`id`, `created_at`, `updated_at`, `event_order`, `begin_time`, `is_out_of_race`, `is_autofilled`, `notes`, `meeting_session_id`, `event_type_id`, `heat_type_id`, `user_id`, `has_separate_gender_start_list`, `has_separate_category_start_list`)
  VALUES (10308, '2016-10-28 14:53:42', '2016-10-28 14:53:42', 10, '2000-01-01 13:44:30', 0, 1, NULL, 1994, 26, 3, 1, 1, 0);
INSERT INTO `meeting_events` (`id`, `created_at`, `updated_at`, `event_order`, `begin_time`, `is_out_of_race`, `is_autofilled`, `notes`, `meeting_session_id`, `event_type_id`, `heat_type_id`, `user_id`, `has_separate_gender_start_list`, `has_separate_category_start_list`)
  VALUES (10309, '2016-10-28 14:53:42', '2016-10-28 14:53:42', 11, '2000-01-01 13:39:00', 0, 1, NULL, 1994, 25, 3, 1, 1, 0);

-- 15249-casalemonferrato TROFEO CITT DI CASALE MONFERRATO 2015-11-29
INSERT INTO `meetings` (`id`, `description`, `entry_deadline`, `has_warm_up_pool`, `is_under_25_admitted`, `reference_phone`, `reference_e_mail`, `reference_name`, `notes`, `has_invitation`, `has_start_list`, `are_results_acquired`, `max_individual_events`, `configuration_file`, `edition`, `season_id`, `user_id`, `created_at`, `updated_at`, `is_autofilled`, `header_date`, `code`, `header_year`, `max_individual_events_per_session`, `is_out_of_season`, `edition_type_id`, `timing_type_id`, `individual_score_computation_type_id`, `relay_score_computation_type_id`, `team_score_computation_type_id`, `meeting_score_computation_type_id`, `invitation`, `is_confirmed`)
  VALUES (16249, 'TROFEO CITT DI CASALE MONFERRATO', NULL, 0, 1, NULL, NULL, NULL, 'NC Montecarlo', 0, 0, 0, 2, '?', 5, 162, 2, '2016-10-28 14:53:42', '2016-10-28 14:53:42', 1, '2016-11-27', 'casalemonferrato', '2016', 0, 0, 2, 3, 1, 1, 12, 1, NULL, 0);
INSERT INTO `meeting_sessions` (`id`, `session_order`, `scheduled_date`, `warm_up_time`, `begin_time`, `notes`, `meeting_id`, `swimming_pool_id`, `user_id`, `created_at`, `updated_at`, `description`, `is_autofilled`, `day_part_type_id`)
  VALUES (1995, 1, '2016-11-27', '2000-01-01 00:00:00', '2000-01-01 00:00:00', '', 16249, 79, 2, '2016-10-28 14:53:42', '2016-10-28 14:53:42', 'FINALI', 1, 1);
INSERT INTO `meeting_events` (`id`, `created_at`, `updated_at`, `event_order`, `begin_time`, `is_out_of_race`, `is_autofilled`, `notes`, `meeting_session_id`, `event_type_id`, `heat_type_id`, `user_id`, `has_separate_gender_start_list`, `has_separate_category_start_list`)
  VALUES (10310, '2016-10-28 14:53:42', '2016-10-28 14:53:42', 1, '2000-01-01 08:02:00', 0, 1, NULL, 1995, 16, 3, 1, 1, 0);
INSERT INTO `meeting_events` (`id`, `created_at`, `updated_at`, `event_order`, `begin_time`, `is_out_of_race`, `is_autofilled`, `notes`, `meeting_session_id`, `event_type_id`, `heat_type_id`, `user_id`, `has_separate_gender_start_list`, `has_separate_category_start_list`)
  VALUES (10311, '2016-10-28 14:53:42', '2016-10-28 14:53:42', 2, '2000-01-01 08:32:00', 0, 1, NULL, 1995, 12, 3, 1, 1, 0);
INSERT INTO `meeting_events` (`id`, `created_at`, `updated_at`, `event_order`, `begin_time`, `is_out_of_race`, `is_autofilled`, `notes`, `meeting_session_id`, `event_type_id`, `heat_type_id`, `user_id`, `has_separate_gender_start_list`, `has_separate_category_start_list`)
  VALUES (10312, '2016-10-28 14:53:42', '2016-10-28 14:53:42', 3, '2000-01-01 09:00:00', 0, 1, NULL, 1995, 22, 3, 1, 1, 0);
INSERT INTO `meeting_events` (`id`, `created_at`, `updated_at`, `event_order`, `begin_time`, `is_out_of_race`, `is_autofilled`, `notes`, `meeting_session_id`, `event_type_id`, `heat_type_id`, `user_id`, `has_separate_gender_start_list`, `has_separate_category_start_list`)
  VALUES (10313, '2016-10-28 14:53:42', '2016-10-28 14:53:42', 4, '2000-01-01 09:36:00', 0, 1, NULL, 1995, 20, 3, 1, 1, 0);
INSERT INTO `meeting_events` (`id`, `created_at`, `updated_at`, `event_order`, `begin_time`, `is_out_of_race`, `is_autofilled`, `notes`, `meeting_session_id`, `event_type_id`, `heat_type_id`, `user_id`, `has_separate_gender_start_list`, `has_separate_category_start_list`)
  VALUES (10314, '2016-10-28 14:53:42', '2016-10-28 14:53:42', 5, '2000-01-01 10:06:00', 0, 1, NULL, 1995, 3, 3, 1, 1, 0);
INSERT INTO `meeting_events` (`id`, `created_at`, `updated_at`, `event_order`, `begin_time`, `is_out_of_race`, `is_autofilled`, `notes`, `meeting_session_id`, `event_type_id`, `heat_type_id`, `user_id`, `has_separate_gender_start_list`, `has_separate_category_start_list`)
  VALUES (10315, '2016-10-28 14:53:42', '2016-10-28 14:53:42', 6, '2000-01-01 10:44:00', 0, 1, NULL, 1995, 15, 3, 1, 1, 0);
INSERT INTO `meeting_events` (`id`, `created_at`, `updated_at`, `event_order`, `begin_time`, `is_out_of_race`, `is_autofilled`, `notes`, `meeting_session_id`, `event_type_id`, `heat_type_id`, `user_id`, `has_separate_gender_start_list`, `has_separate_category_start_list`)
  VALUES (10316, '2016-10-28 14:53:42', '2016-10-28 14:53:42', 7, '2000-01-01 11:14:00', 0, 1, NULL, 1995, 11, 3, 1, 1, 0);
INSERT INTO `meeting_events` (`id`, `created_at`, `updated_at`, `event_order`, `begin_time`, `is_out_of_race`, `is_autofilled`, `notes`, `meeting_session_id`, `event_type_id`, `heat_type_id`, `user_id`, `has_separate_gender_start_list`, `has_separate_category_start_list`)
  VALUES (10317, '2016-10-28 14:53:42', '2016-10-28 14:53:42', 8, '2000-01-01 11:52:00', 0, 1, NULL, 1995, 19, 3, 1, 1, 0);
INSERT INTO `meeting_events` (`id`, `created_at`, `updated_at`, `event_order`, `begin_time`, `is_out_of_race`, `is_autofilled`, `notes`, `meeting_session_id`, `event_type_id`, `heat_type_id`, `user_id`, `has_separate_gender_start_list`, `has_separate_category_start_list`)
  VALUES (10318, '2016-10-28 14:53:42', '2016-10-28 14:53:42', 9, '2000-01-01 12:30:00', 0, 1, NULL, 1995, 2, 3, 1, 1, 0);
INSERT INTO `meeting_sessions` (`id`, `session_order`, `scheduled_date`, `warm_up_time`, `begin_time`, `notes`, `meeting_id`, `swimming_pool_id`, `user_id`, `created_at`, `updated_at`, `description`, `is_autofilled`, `day_part_type_id`)
  VALUES (1996, 2, '2016-11-27', '2000-01-01 00:00:00', '2000-01-01 00:00:00', '', 16249, 79, 2, '2016-10-28 14:53:42', '2016-10-28 14:53:42', 'FINALI', 1, 2);

-- 15250-bergamognecchi MEMORIAL GNECCHI 2015-12-05
INSERT INTO `meetings` (`id`, `description`, `entry_deadline`, `has_warm_up_pool`, `is_under_25_admitted`, `reference_phone`, `reference_e_mail`, `reference_name`, `notes`, `has_invitation`, `has_start_list`, `are_results_acquired`, `max_individual_events`, `configuration_file`, `edition`, `season_id`, `user_id`, `created_at`, `updated_at`, `is_autofilled`, `header_date`, `code`, `header_year`, `max_individual_events_per_session`, `is_out_of_season`, `edition_type_id`, `timing_type_id`, `individual_score_computation_type_id`, `relay_score_computation_type_id`, `team_score_computation_type_id`, `meeting_score_computation_type_id`, `invitation`, `is_confirmed`)
  VALUES (16250, 'MEMORIAL GNECCHI', NULL, 0, 1, NULL, NULL, NULL, 'Bergamo Nuoto', 0, 0, 0, 2, '?', 26, 162, 2, '2016-10-28 14:53:42', '2016-10-28 14:53:42', 1, '2016-12-03', 'bergamognecchi', '2016', 0, 0, 2, 3, 1, 1, 12, 1, NULL, 0);
INSERT INTO `meeting_sessions` (`id`, `session_order`, `scheduled_date`, `warm_up_time`, `begin_time`, `notes`, `meeting_id`, `swimming_pool_id`, `user_id`, `created_at`, `updated_at`, `description`, `is_autofilled`, `day_part_type_id`)
  VALUES (1997, 1, '2016-12-03', '2000-01-01 00:00:00', '2000-01-01 00:00:00', '', 16250, 82, 2, '2016-10-28 14:53:42', '2016-10-28 14:53:42', 'FINALI', 1, 2);
INSERT INTO `meeting_events` (`id`, `created_at`, `updated_at`, `event_order`, `begin_time`, `is_out_of_race`, `is_autofilled`, `notes`, `meeting_session_id`, `event_type_id`, `heat_type_id`, `user_id`, `has_separate_gender_start_list`, `has_separate_category_start_list`)
  VALUES (10319, '2016-10-28 14:53:42', '2016-10-28 14:53:42', 1, '2000-01-01 08:02:00', 0, 1, NULL, 1997, 16, 3, 1, 1, 0);
INSERT INTO `meeting_events` (`id`, `created_at`, `updated_at`, `event_order`, `begin_time`, `is_out_of_race`, `is_autofilled`, `notes`, `meeting_session_id`, `event_type_id`, `heat_type_id`, `user_id`, `has_separate_gender_start_list`, `has_separate_category_start_list`)
  VALUES (10320, '2016-10-28 14:53:42', '2016-10-28 14:53:42', 2, '2000-01-01 08:28:00', 0, 1, NULL, 1997, 22, 3, 1, 1, 0);
INSERT INTO `meeting_events` (`id`, `created_at`, `updated_at`, `event_order`, `begin_time`, `is_out_of_race`, `is_autofilled`, `notes`, `meeting_session_id`, `event_type_id`, `heat_type_id`, `user_id`, `has_separate_gender_start_list`, `has_separate_category_start_list`)
  VALUES (10321, '2016-10-28 14:53:42', '2016-10-28 14:53:42', 3, '2000-01-01 08:56:00', 0, 1, NULL, 1997, 20, 3, 1, 1, 0);
INSERT INTO `meeting_events` (`id`, `created_at`, `updated_at`, `event_order`, `begin_time`, `is_out_of_race`, `is_autofilled`, `notes`, `meeting_session_id`, `event_type_id`, `heat_type_id`, `user_id`, `has_separate_gender_start_list`, `has_separate_category_start_list`)
  VALUES (10322, '2016-10-28 14:53:42', '2016-10-28 14:53:42', 4, '2000-01-01 09:28:00', 0, 1, NULL, 1997, 3, 3, 1, 1, 0);
INSERT INTO `meeting_events` (`id`, `created_at`, `updated_at`, `event_order`, `begin_time`, `is_out_of_race`, `is_autofilled`, `notes`, `meeting_session_id`, `event_type_id`, `heat_type_id`, `user_id`, `has_separate_gender_start_list`, `has_separate_category_start_list`)
  VALUES (10323, '2016-10-28 14:53:42', '2016-10-28 14:53:42', 5, '2000-01-01 10:06:00', 0, 1, NULL, 1997, 17, 3, 1, 1, 0);
INSERT INTO `meeting_events` (`id`, `created_at`, `updated_at`, `event_order`, `begin_time`, `is_out_of_race`, `is_autofilled`, `notes`, `meeting_session_id`, `event_type_id`, `heat_type_id`, `user_id`, `has_separate_gender_start_list`, `has_separate_category_start_list`)
  VALUES (10324, '2016-10-28 14:53:42', '2016-10-28 14:53:42', 6, '2000-01-01 10:38:00', 0, 1, NULL, 1997, 13, 3, 1, 1, 0);
INSERT INTO `meeting_events` (`id`, `created_at`, `updated_at`, `event_order`, `begin_time`, `is_out_of_race`, `is_autofilled`, `notes`, `meeting_session_id`, `event_type_id`, `heat_type_id`, `user_id`, `has_separate_gender_start_list`, `has_separate_category_start_list`)
  VALUES (10325, '2016-10-28 14:53:42', '2016-10-28 14:53:42', 7, '2000-01-01 10:56:00', 0, 1, NULL, 1997, 23, 3, 1, 1, 0);
INSERT INTO `meeting_events` (`id`, `created_at`, `updated_at`, `event_order`, `begin_time`, `is_out_of_race`, `is_autofilled`, `notes`, `meeting_session_id`, `event_type_id`, `heat_type_id`, `user_id`, `has_separate_gender_start_list`, `has_separate_category_start_list`)
  VALUES (10326, '2016-10-28 14:53:42', '2016-10-28 14:53:42', 8, '2000-01-01 11:26:00', 0, 1, NULL, 1997, 4, 3, 1, 1, 0);
INSERT INTO `meeting_events` (`id`, `created_at`, `updated_at`, `event_order`, `begin_time`, `is_out_of_race`, `is_autofilled`, `notes`, `meeting_session_id`, `event_type_id`, `heat_type_id`, `user_id`, `has_separate_gender_start_list`, `has_separate_category_start_list`)
  VALUES (10327, '2016-10-28 14:53:42', '2016-10-28 14:53:42', 9, '2000-01-01 12:04:00', 0, 1, NULL, 1997, 24, 3, 1, 1, 0);
INSERT INTO `meeting_events` (`id`, `created_at`, `updated_at`, `event_order`, `begin_time`, `is_out_of_race`, `is_autofilled`, `notes`, `meeting_session_id`, `event_type_id`, `heat_type_id`, `user_id`, `has_separate_gender_start_list`, `has_separate_category_start_list`)
  VALUES (10328, '2016-10-28 14:53:42', '2016-10-28 14:53:42', 10, '2000-01-01 12:34:00', 0, 1, NULL, 1997, 5, 3, 1, 1, 0);
INSERT INTO `meeting_events` (`id`, `created_at`, `updated_at`, `event_order`, `begin_time`, `is_out_of_race`, `is_autofilled`, `notes`, `meeting_session_id`, `event_type_id`, `heat_type_id`, `user_id`, `has_separate_gender_start_list`, `has_separate_category_start_list`)
  VALUES (10329, '2016-10-28 14:53:42', '2016-10-28 14:53:42', 11, '2000-01-01 13:02:00', 0, 1, NULL, 1997, 15, 3, 1, 1, 0);
INSERT INTO `meeting_events` (`id`, `created_at`, `updated_at`, `event_order`, `begin_time`, `is_out_of_race`, `is_autofilled`, `notes`, `meeting_session_id`, `event_type_id`, `heat_type_id`, `user_id`, `has_separate_gender_start_list`, `has_separate_category_start_list`)
  VALUES (10330, '2016-10-28 14:53:42', '2016-10-28 14:53:42', 12, '2000-01-01 13:40:00', 0, 1, NULL, 1997, 11, 3, 1, 1, 0);
INSERT INTO `meeting_events` (`id`, `created_at`, `updated_at`, `event_order`, `begin_time`, `is_out_of_race`, `is_autofilled`, `notes`, `meeting_session_id`, `event_type_id`, `heat_type_id`, `user_id`, `has_separate_gender_start_list`, `has_separate_category_start_list`)
  VALUES (10331, '2016-10-28 14:53:42', '2016-10-28 14:53:42', 13, '2000-01-01 14:14:00', 0, 1, NULL, 1997, 19, 3, 1, 1, 0);
INSERT INTO `meeting_events` (`id`, `created_at`, `updated_at`, `event_order`, `begin_time`, `is_out_of_race`, `is_autofilled`, `notes`, `meeting_session_id`, `event_type_id`, `heat_type_id`, `user_id`, `has_separate_gender_start_list`, `has_separate_category_start_list`)
  VALUES (10332, '2016-10-28 14:53:42', '2016-10-28 14:53:42', 14, '2000-01-01 14:52:00', 0, 1, NULL, 1997, 2, 3, 1, 1, 0);
INSERT INTO `meeting_events` (`id`, `created_at`, `updated_at`, `event_order`, `begin_time`, `is_out_of_race`, `is_autofilled`, `notes`, `meeting_session_id`, `event_type_id`, `heat_type_id`, `user_id`, `has_separate_gender_start_list`, `has_separate_category_start_list`)
  VALUES (10333, '2016-10-28 14:53:42', '2016-10-28 14:53:42', 15, '2000-01-01 15:32:30', 0, 1, NULL, 1997, 25, 3, 1, 1, 0);
INSERT INTO `meeting_sessions` (`id`, `session_order`, `scheduled_date`, `warm_up_time`, `begin_time`, `notes`, `meeting_id`, `swimming_pool_id`, `user_id`, `created_at`, `updated_at`, `description`, `is_autofilled`, `day_part_type_id`)
  VALUES (1998, 2, '2016-12-04', '2000-01-01 00:00:00', '2000-01-01 00:00:00', '', 16250, 82, 2, '2016-10-28 14:53:42', '2016-10-28 14:53:42', 'FINALI', 1, 1);
INSERT INTO `meeting_sessions` (`id`, `session_order`, `scheduled_date`, `warm_up_time`, `begin_time`, `notes`, `meeting_id`, `swimming_pool_id`, `user_id`, `created_at`, `updated_at`, `description`, `is_autofilled`, `day_part_type_id`)
  VALUES (1999, 3, '2016-12-04', '2000-01-01 00:00:00', '2000-01-01 00:00:00', '', 16250, 82, 2, '2016-10-28 14:53:42', '2016-10-28 14:53:42', 'FINALI', 1, 2);

-- 15251-massarosa TROFEO CITT DI MASSAROSA 2015-12-06
INSERT INTO `meetings` (`id`, `description`, `entry_deadline`, `has_warm_up_pool`, `is_under_25_admitted`, `reference_phone`, `reference_e_mail`, `reference_name`, `notes`, `has_invitation`, `has_start_list`, `are_results_acquired`, `max_individual_events`, `configuration_file`, `edition`, `season_id`, `user_id`, `created_at`, `updated_at`, `is_autofilled`, `header_date`, `code`, `header_year`, `max_individual_events_per_session`, `is_out_of_season`, `edition_type_id`, `timing_type_id`, `individual_score_computation_type_id`, `relay_score_computation_type_id`, `team_score_computation_type_id`, `meeting_score_computation_type_id`, `invitation`, `is_confirmed`)
  VALUES (16251, 'TROFEO CITT DI MASSAROSA', NULL, 0, 1, NULL, NULL, NULL, 'Massarosa Nuoto', 0, 0, 0, 2, '?', 12, 162, 2, '2016-10-28 14:53:42', '2016-10-28 14:53:42', 1, '2016-12-04', 'massarosa', '2016', 0, 0, 2, 3, 1, 1, 12, 1, NULL, 0);
INSERT INTO `meeting_sessions` (`id`, `session_order`, `scheduled_date`, `warm_up_time`, `begin_time`, `notes`, `meeting_id`, `swimming_pool_id`, `user_id`, `created_at`, `updated_at`, `description`, `is_autofilled`, `day_part_type_id`)
  VALUES (2000, 1, '2016-12-04', '2000-01-01 00:00:00', '2000-01-01 00:00:00', '', 16251, 81, 2, '2016-10-28 14:53:42', '2016-10-28 14:53:42', 'FINALI', 1, 1);
INSERT INTO `meeting_events` (`id`, `created_at`, `updated_at`, `event_order`, `begin_time`, `is_out_of_race`, `is_autofilled`, `notes`, `meeting_session_id`, `event_type_id`, `heat_type_id`, `user_id`, `has_separate_gender_start_list`, `has_separate_category_start_list`)
  VALUES (10334, '2016-10-28 14:53:42', '2016-10-28 14:53:42', 1, '2000-01-01 08:02:00', 0, 1, NULL, 2000, 22, 3, 1, 1, 0);
INSERT INTO `meeting_events` (`id`, `created_at`, `updated_at`, `event_order`, `begin_time`, `is_out_of_race`, `is_autofilled`, `notes`, `meeting_session_id`, `event_type_id`, `heat_type_id`, `user_id`, `has_separate_gender_start_list`, `has_separate_category_start_list`)
  VALUES (10335, '2016-10-28 14:53:42', '2016-10-28 14:53:42', 2, '2000-01-01 08:40:00', 0, 1, NULL, 2000, 3, 3, 1, 1, 0);
INSERT INTO `meeting_events` (`id`, `created_at`, `updated_at`, `event_order`, `begin_time`, `is_out_of_race`, `is_autofilled`, `notes`, `meeting_session_id`, `event_type_id`, `heat_type_id`, `user_id`, `has_separate_gender_start_list`, `has_separate_category_start_list`)
  VALUES (10336, '2016-10-28 14:53:42', '2016-10-28 14:53:42', 3, '2000-01-01 09:22:00', 0, 1, NULL, 2000, 23, 3, 1, 1, 0);
INSERT INTO `meeting_events` (`id`, `created_at`, `updated_at`, `event_order`, `begin_time`, `is_out_of_race`, `is_autofilled`, `notes`, `meeting_session_id`, `event_type_id`, `heat_type_id`, `user_id`, `has_separate_gender_start_list`, `has_separate_category_start_list`)
  VALUES (10337, '2016-10-28 14:53:42', '2016-10-28 14:53:42', 4, '2000-01-01 10:00:00', 0, 1, NULL, 2000, 15, 3, 1, 1, 0);
INSERT INTO `meeting_events` (`id`, `created_at`, `updated_at`, `event_order`, `begin_time`, `is_out_of_race`, `is_autofilled`, `notes`, `meeting_session_id`, `event_type_id`, `heat_type_id`, `user_id`, `has_separate_gender_start_list`, `has_separate_category_start_list`)
  VALUES (10338, '2016-10-28 14:53:42', '2016-10-28 14:53:42', 5, '2000-01-01 10:38:00', 0, 1, NULL, 2000, 11, 3, 1, 1, 0);
INSERT INTO `meeting_events` (`id`, `created_at`, `updated_at`, `event_order`, `begin_time`, `is_out_of_race`, `is_autofilled`, `notes`, `meeting_session_id`, `event_type_id`, `heat_type_id`, `user_id`, `has_separate_gender_start_list`, `has_separate_category_start_list`)
  VALUES (10339, '2016-10-28 14:53:42', '2016-10-28 14:53:42', 6, '2000-01-01 11:16:00', 0, 1, NULL, 2000, 19, 3, 1, 1, 0);
INSERT INTO `meeting_events` (`id`, `created_at`, `updated_at`, `event_order`, `begin_time`, `is_out_of_race`, `is_autofilled`, `notes`, `meeting_session_id`, `event_type_id`, `heat_type_id`, `user_id`, `has_separate_gender_start_list`, `has_separate_category_start_list`)
  VALUES (10340, '2016-10-28 14:53:42', '2016-10-28 14:53:42', 7, '2000-01-01 11:58:00', 0, 1, NULL, 2000, 2, 3, 1, 1, 0);
INSERT INTO `meeting_events` (`id`, `created_at`, `updated_at`, `event_order`, `begin_time`, `is_out_of_race`, `is_autofilled`, `notes`, `meeting_session_id`, `event_type_id`, `heat_type_id`, `user_id`, `has_separate_gender_start_list`, `has_separate_category_start_list`)
  VALUES (10341, '2016-10-28 14:53:42', '2016-10-28 14:53:42', 8, '2000-01-01 12:40:30', 0, 1, NULL, 2000, 32, 3, 1, 1, 0);
INSERT INTO `meeting_sessions` (`id`, `session_order`, `scheduled_date`, `warm_up_time`, `begin_time`, `notes`, `meeting_id`, `swimming_pool_id`, `user_id`, `created_at`, `updated_at`, `description`, `is_autofilled`, `day_part_type_id`)
  VALUES (2001, 2, '2016-12-04', '2000-01-01 00:00:00', '2000-01-01 00:00:00', '', 16251, 81, 2, '2016-10-28 14:53:42', '2016-10-28 14:53:42', 'FINALI', 1, 2);

-- 15252-bolzanomercatinodibolzano TROFEO MERCATINO DI BOLZANO 2015-12-08
INSERT INTO `meetings` (`id`, `description`, `entry_deadline`, `has_warm_up_pool`, `is_under_25_admitted`, `reference_phone`, `reference_e_mail`, `reference_name`, `notes`, `has_invitation`, `has_start_list`, `are_results_acquired`, `max_individual_events`, `configuration_file`, `edition`, `season_id`, `user_id`, `created_at`, `updated_at`, `is_autofilled`, `header_date`, `code`, `header_year`, `max_individual_events_per_session`, `is_out_of_season`, `edition_type_id`, `timing_type_id`, `individual_score_computation_type_id`, `relay_score_computation_type_id`, `team_score_computation_type_id`, `meeting_score_computation_type_id`, `invitation`, `is_confirmed`)
  VALUES (16252, 'TROFEO MERCATINO DI BOLZANO', NULL, 0, 1, NULL, NULL, NULL, 'Bozen Masters', 0, 0, 0, 2, '?', 4, 162, 2, '2016-10-28 14:53:42', '2016-10-28 14:53:42', 1, '2016-12-06', 'bolzanomercatinodibolzano', '2016', 0, 0, 2, 3, 1, 1, 12, 1, NULL, 0);
INSERT INTO `meeting_sessions` (`id`, `session_order`, `scheduled_date`, `warm_up_time`, `begin_time`, `notes`, `meeting_id`, `swimming_pool_id`, `user_id`, `created_at`, `updated_at`, `description`, `is_autofilled`, `day_part_type_id`)
  VALUES (2002, 1, '2016-12-06', '2000-01-01 00:00:00', '2000-01-01 00:00:00', '', 16252, 87, 2, '2016-10-28 14:53:42', '2016-10-28 14:53:42', 'FINALI', 1, 1);
INSERT INTO `meeting_events` (`id`, `created_at`, `updated_at`, `event_order`, `begin_time`, `is_out_of_race`, `is_autofilled`, `notes`, `meeting_session_id`, `event_type_id`, `heat_type_id`, `user_id`, `has_separate_gender_start_list`, `has_separate_category_start_list`)
  VALUES (10342, '2016-10-28 14:53:42', '2016-10-28 14:53:42', 1, '2000-01-01 08:02:00', 0, 1, NULL, 2002, 16, 3, 1, 1, 0);
INSERT INTO `meeting_events` (`id`, `created_at`, `updated_at`, `event_order`, `begin_time`, `is_out_of_race`, `is_autofilled`, `notes`, `meeting_session_id`, `event_type_id`, `heat_type_id`, `user_id`, `has_separate_gender_start_list`, `has_separate_category_start_list`)
  VALUES (10343, '2016-10-28 14:53:42', '2016-10-28 14:53:42', 2, '2000-01-01 08:28:00', 0, 1, NULL, 2002, 12, 3, 1, 1, 0);
INSERT INTO `meeting_events` (`id`, `created_at`, `updated_at`, `event_order`, `begin_time`, `is_out_of_race`, `is_autofilled`, `notes`, `meeting_session_id`, `event_type_id`, `heat_type_id`, `user_id`, `has_separate_gender_start_list`, `has_separate_category_start_list`)
  VALUES (10344, '2016-10-28 14:53:42', '2016-10-28 14:53:42', 3, '2000-01-01 08:42:00', 0, 1, NULL, 2002, 22, 3, 1, 1, 0);
INSERT INTO `meeting_events` (`id`, `created_at`, `updated_at`, `event_order`, `begin_time`, `is_out_of_race`, `is_autofilled`, `notes`, `meeting_session_id`, `event_type_id`, `heat_type_id`, `user_id`, `has_separate_gender_start_list`, `has_separate_category_start_list`)
  VALUES (10345, '2016-10-28 14:53:42', '2016-10-28 14:53:42', 4, '2000-01-01 09:16:00', 0, 1, NULL, 2002, 20, 3, 1, 1, 0);
INSERT INTO `meeting_events` (`id`, `created_at`, `updated_at`, `event_order`, `begin_time`, `is_out_of_race`, `is_autofilled`, `notes`, `meeting_session_id`, `event_type_id`, `heat_type_id`, `user_id`, `has_separate_gender_start_list`, `has_separate_category_start_list`)
  VALUES (10346, '2016-10-28 14:53:43', '2016-10-28 14:53:43', 5, '2000-01-01 09:52:00', 0, 1, NULL, 2002, 3, 3, 1, 1, 0);
INSERT INTO `meeting_events` (`id`, `created_at`, `updated_at`, `event_order`, `begin_time`, `is_out_of_race`, `is_autofilled`, `notes`, `meeting_session_id`, `event_type_id`, `heat_type_id`, `user_id`, `has_separate_gender_start_list`, `has_separate_category_start_list`)
  VALUES (10347, '2016-10-28 14:53:43', '2016-10-28 14:53:43', 6, '2000-01-01 10:30:00', 0, 1, NULL, 2002, 17, 3, 1, 1, 0);
INSERT INTO `meeting_events` (`id`, `created_at`, `updated_at`, `event_order`, `begin_time`, `is_out_of_race`, `is_autofilled`, `notes`, `meeting_session_id`, `event_type_id`, `heat_type_id`, `user_id`, `has_separate_gender_start_list`, `has_separate_category_start_list`)
  VALUES (10348, '2016-10-28 14:53:43', '2016-10-28 14:53:43', 7, '2000-01-01 10:46:00', 0, 1, NULL, 2002, 21, 3, 1, 1, 0);
INSERT INTO `meeting_events` (`id`, `created_at`, `updated_at`, `event_order`, `begin_time`, `is_out_of_race`, `is_autofilled`, `notes`, `meeting_session_id`, `event_type_id`, `heat_type_id`, `user_id`, `has_separate_gender_start_list`, `has_separate_category_start_list`)
  VALUES (10349, '2016-10-28 14:53:43', '2016-10-28 14:53:43', 8, '2000-01-01 11:12:00', 0, 1, NULL, 2002, 4, 3, 1, 1, 0);
INSERT INTO `meeting_events` (`id`, `created_at`, `updated_at`, `event_order`, `begin_time`, `is_out_of_race`, `is_autofilled`, `notes`, `meeting_session_id`, `event_type_id`, `heat_type_id`, `user_id`, `has_separate_gender_start_list`, `has_separate_category_start_list`)
  VALUES (10350, '2016-10-28 14:53:43', '2016-10-28 14:53:43', 9, '2000-01-01 11:42:00', 0, 1, NULL, 2002, 24, 3, 1, 1, 0);
INSERT INTO `meeting_events` (`id`, `created_at`, `updated_at`, `event_order`, `begin_time`, `is_out_of_race`, `is_autofilled`, `notes`, `meeting_session_id`, `event_type_id`, `heat_type_id`, `user_id`, `has_separate_gender_start_list`, `has_separate_category_start_list`)
  VALUES (10351, '2016-10-28 14:53:43', '2016-10-28 14:53:43', 10, '2000-01-01 12:08:00', 0, 1, NULL, 2002, 11, 3, 1, 1, 0);
INSERT INTO `meeting_events` (`id`, `created_at`, `updated_at`, `event_order`, `begin_time`, `is_out_of_race`, `is_autofilled`, `notes`, `meeting_session_id`, `event_type_id`, `heat_type_id`, `user_id`, `has_separate_gender_start_list`, `has_separate_category_start_list`)
  VALUES (10352, '2016-10-28 14:53:43', '2016-10-28 14:53:43', 11, '2000-01-01 12:36:30', 0, 1, NULL, 2002, 33, 3, 1, 1, 0);
INSERT INTO `meeting_events` (`id`, `created_at`, `updated_at`, `event_order`, `begin_time`, `is_out_of_race`, `is_autofilled`, `notes`, `meeting_session_id`, `event_type_id`, `heat_type_id`, `user_id`, `has_separate_gender_start_list`, `has_separate_category_start_list`)
  VALUES (10353, '2016-10-28 14:53:43', '2016-10-28 14:53:43', 12, '2000-01-01 12:36:30', 0, 1, NULL, 2002, 26, 3, 1, 1, 0);
INSERT INTO `meeting_sessions` (`id`, `session_order`, `scheduled_date`, `warm_up_time`, `begin_time`, `notes`, `meeting_id`, `swimming_pool_id`, `user_id`, `created_at`, `updated_at`, `description`, `is_autofilled`, `day_part_type_id`)
  VALUES (2003, 2, '2016-12-06', '2000-01-01 00:00:00', '2000-01-01 00:00:00', '', 16252, 87, 2, '2016-10-28 14:53:43', '2016-10-28 14:53:43', 'FINALI', 1, 2);

-- 15253-modugnosantaclaus TROFEO SANTA CLAUS 2015-12-12
INSERT INTO `meetings` (`id`, `description`, `entry_deadline`, `has_warm_up_pool`, `is_under_25_admitted`, `reference_phone`, `reference_e_mail`, `reference_name`, `notes`, `has_invitation`, `has_start_list`, `are_results_acquired`, `max_individual_events`, `configuration_file`, `edition`, `season_id`, `user_id`, `created_at`, `updated_at`, `is_autofilled`, `header_date`, `code`, `header_year`, `max_individual_events_per_session`, `is_out_of_season`, `edition_type_id`, `timing_type_id`, `individual_score_computation_type_id`, `relay_score_computation_type_id`, `team_score_computation_type_id`, `meeting_score_computation_type_id`, `invitation`, `is_confirmed`)
  VALUES (16253, 'TROFEO SANTA CLAUS', NULL, 0, 1, NULL, NULL, NULL, 'G.P. MODUGNO', 0, 0, 0, 2, '?', 10, 162, 2, '2016-10-28 14:53:43', '2016-10-28 14:53:43', 1, '2016-12-10', 'modugnosantaclaus', '2016', 0, 0, 2, 3, 1, 1, 12, 1, NULL, 0);
INSERT INTO `meeting_sessions` (`id`, `session_order`, `scheduled_date`, `warm_up_time`, `begin_time`, `notes`, `meeting_id`, `swimming_pool_id`, `user_id`, `created_at`, `updated_at`, `description`, `is_autofilled`, `day_part_type_id`)
  VALUES (2004, 1, '2016-12-10', '2000-01-01 00:00:00', '2000-01-01 00:00:00', '', 16253, 147, 2, '2016-10-28 14:53:43', '2016-10-28 14:53:43', 'FINALI', 1, 2);
INSERT INTO `meeting_events` (`id`, `created_at`, `updated_at`, `event_order`, `begin_time`, `is_out_of_race`, `is_autofilled`, `notes`, `meeting_session_id`, `event_type_id`, `heat_type_id`, `user_id`, `has_separate_gender_start_list`, `has_separate_category_start_list`)
  VALUES (10354, '2016-10-28 14:53:43', '2016-10-28 14:53:43', 1, '2000-01-01 08:02:00', 0, 1, NULL, 2004, 12, 3, 1, 1, 0);
INSERT INTO `meeting_events` (`id`, `created_at`, `updated_at`, `event_order`, `begin_time`, `is_out_of_race`, `is_autofilled`, `notes`, `meeting_session_id`, `event_type_id`, `heat_type_id`, `user_id`, `has_separate_gender_start_list`, `has_separate_category_start_list`)
  VALUES (10355, '2016-10-28 14:53:43', '2016-10-28 14:53:43', 2, '2000-01-01 08:26:00', 0, 1, NULL, 2004, 22, 3, 1, 1, 0);
INSERT INTO `meeting_events` (`id`, `created_at`, `updated_at`, `event_order`, `begin_time`, `is_out_of_race`, `is_autofilled`, `notes`, `meeting_session_id`, `event_type_id`, `heat_type_id`, `user_id`, `has_separate_gender_start_list`, `has_separate_category_start_list`)
  VALUES (10356, '2016-10-28 14:53:43', '2016-10-28 14:53:43', 3, '2000-01-01 08:56:00', 0, 1, NULL, 2004, 20, 3, 1, 1, 0);
INSERT INTO `meeting_events` (`id`, `created_at`, `updated_at`, `event_order`, `begin_time`, `is_out_of_race`, `is_autofilled`, `notes`, `meeting_session_id`, `event_type_id`, `heat_type_id`, `user_id`, `has_separate_gender_start_list`, `has_separate_category_start_list`)
  VALUES (10357, '2016-10-28 14:53:43', '2016-10-28 14:53:43', 4, '2000-01-01 09:32:00', 0, 1, NULL, 2004, 3, 3, 1, 1, 0);
INSERT INTO `meeting_events` (`id`, `created_at`, `updated_at`, `event_order`, `begin_time`, `is_out_of_race`, `is_autofilled`, `notes`, `meeting_session_id`, `event_type_id`, `heat_type_id`, `user_id`, `has_separate_gender_start_list`, `has_separate_category_start_list`)
  VALUES (10358, '2016-10-28 14:53:43', '2016-10-28 14:53:43', 5, '2000-01-01 10:12:00', 0, 1, NULL, 2004, 17, 3, 1, 1, 0);
INSERT INTO `meeting_events` (`id`, `created_at`, `updated_at`, `event_order`, `begin_time`, `is_out_of_race`, `is_autofilled`, `notes`, `meeting_session_id`, `event_type_id`, `heat_type_id`, `user_id`, `has_separate_gender_start_list`, `has_separate_category_start_list`)
  VALUES (10359, '2016-10-28 14:53:43', '2016-10-28 14:53:43', 6, '2000-01-01 10:48:00', 0, 1, NULL, 2004, 21, 3, 1, 1, 0);
INSERT INTO `meeting_events` (`id`, `created_at`, `updated_at`, `event_order`, `begin_time`, `is_out_of_race`, `is_autofilled`, `notes`, `meeting_session_id`, `event_type_id`, `heat_type_id`, `user_id`, `has_separate_gender_start_list`, `has_separate_category_start_list`)
  VALUES (10360, '2016-10-28 14:53:43', '2016-10-28 14:53:43', 7, '2000-01-01 11:22:00', 0, 1, NULL, 2004, 24, 3, 1, 1, 0);
INSERT INTO `meeting_events` (`id`, `created_at`, `updated_at`, `event_order`, `begin_time`, `is_out_of_race`, `is_autofilled`, `notes`, `meeting_session_id`, `event_type_id`, `heat_type_id`, `user_id`, `has_separate_gender_start_list`, `has_separate_category_start_list`)
  VALUES (10361, '2016-10-28 14:53:43', '2016-10-28 14:53:43', 8, '2000-01-01 11:46:00', 0, 1, NULL, 2004, 15, 3, 1, 1, 0);
INSERT INTO `meeting_events` (`id`, `created_at`, `updated_at`, `event_order`, `begin_time`, `is_out_of_race`, `is_autofilled`, `notes`, `meeting_session_id`, `event_type_id`, `heat_type_id`, `user_id`, `has_separate_gender_start_list`, `has_separate_category_start_list`)
  VALUES (10362, '2016-10-28 14:53:43', '2016-10-28 14:53:43', 9, '2000-01-01 12:24:00', 0, 1, NULL, 2004, 11, 3, 1, 1, 0);
INSERT INTO `meeting_events` (`id`, `created_at`, `updated_at`, `event_order`, `begin_time`, `is_out_of_race`, `is_autofilled`, `notes`, `meeting_session_id`, `event_type_id`, `heat_type_id`, `user_id`, `has_separate_gender_start_list`, `has_separate_category_start_list`)
  VALUES (10363, '2016-10-28 14:53:43', '2016-10-28 14:53:43', 10, '2000-01-01 12:58:00', 0, 1, NULL, 2004, 19, 3, 1, 1, 0);
INSERT INTO `meeting_events` (`id`, `created_at`, `updated_at`, `event_order`, `begin_time`, `is_out_of_race`, `is_autofilled`, `notes`, `meeting_session_id`, `event_type_id`, `heat_type_id`, `user_id`, `has_separate_gender_start_list`, `has_separate_category_start_list`)
  VALUES (10364, '2016-10-28 14:53:43', '2016-10-28 14:53:43', 11, '2000-01-01 13:38:00', 0, 1, NULL, 2004, 2, 3, 1, 1, 0);
INSERT INTO `meeting_events` (`id`, `created_at`, `updated_at`, `event_order`, `begin_time`, `is_out_of_race`, `is_autofilled`, `notes`, `meeting_session_id`, `event_type_id`, `heat_type_id`, `user_id`, `has_separate_gender_start_list`, `has_separate_category_start_list`)
  VALUES (10365, '2016-10-28 14:53:43', '2016-10-28 14:53:43', 12, '2000-01-01 14:20:00', 0, 1, NULL, 2004, 6, 3, 1, 1, 0);
INSERT INTO `meeting_events` (`id`, `created_at`, `updated_at`, `event_order`, `begin_time`, `is_out_of_race`, `is_autofilled`, `notes`, `meeting_session_id`, `event_type_id`, `heat_type_id`, `user_id`, `has_separate_gender_start_list`, `has_separate_category_start_list`)
  VALUES (10366, '2016-10-28 14:53:43', '2016-10-28 14:53:43', 13, '2000-01-01 14:56:30', 0, 1, NULL, 2004, 33, 3, 1, 1, 0);
INSERT INTO `meeting_events` (`id`, `created_at`, `updated_at`, `event_order`, `begin_time`, `is_out_of_race`, `is_autofilled`, `notes`, `meeting_session_id`, `event_type_id`, `heat_type_id`, `user_id`, `has_separate_gender_start_list`, `has_separate_category_start_list`)
  VALUES (10367, '2016-10-28 14:53:43', '2016-10-28 14:53:43', 14, '2000-01-01 14:54:00', 0, 1, NULL, 2004, 32, 3, 1, 1, 0);
INSERT INTO `meeting_events` (`id`, `created_at`, `updated_at`, `event_order`, `begin_time`, `is_out_of_race`, `is_autofilled`, `notes`, `meeting_session_id`, `event_type_id`, `heat_type_id`, `user_id`, `has_separate_gender_start_list`, `has_separate_category_start_list`)
  VALUES (10368, '2016-10-28 14:53:43', '2016-10-28 14:53:43', 15, '2000-01-01 14:50:30', 0, 1, NULL, 2004, 25, 3, 1, 1, 0);
INSERT INTO `meeting_sessions` (`id`, `session_order`, `scheduled_date`, `warm_up_time`, `begin_time`, `notes`, `meeting_id`, `swimming_pool_id`, `user_id`, `created_at`, `updated_at`, `description`, `is_autofilled`, `day_part_type_id`)
  VALUES (2005, 2, '2016-12-11', '2000-01-01 00:00:00', '2000-01-01 00:00:00', '', 16253, 147, 2, '2016-10-28 14:53:43', '2016-10-28 14:53:43', 'FINALI', 1, 1);

-- 15254-ostiaceliobrunelleschi MEMORIAL CELIO BRUNELLESCHI 2015-12-05
INSERT INTO `meetings` (`id`, `description`, `entry_deadline`, `has_warm_up_pool`, `is_under_25_admitted`, `reference_phone`, `reference_e_mail`, `reference_name`, `notes`, `has_invitation`, `has_start_list`, `are_results_acquired`, `max_individual_events`, `configuration_file`, `edition`, `season_id`, `user_id`, `created_at`, `updated_at`, `is_autofilled`, `header_date`, `code`, `header_year`, `max_individual_events_per_session`, `is_out_of_season`, `edition_type_id`, `timing_type_id`, `individual_score_computation_type_id`, `relay_score_computation_type_id`, `team_score_computation_type_id`, `meeting_score_computation_type_id`, `invitation`, `is_confirmed`)
  VALUES (16254, 'MEMORIAL CELIO BRUNELLESCHI', NULL, 0, 1, NULL, NULL, NULL, 'Europa Sporting Roma', 0, 0, 0, 2, '?', 8, 162, 2, '2016-10-28 14:53:43', '2016-10-28 14:53:43', 1, '2016-12-03', 'ostiaceliobrunelleschi', '2016', 0, 0, 2, 3, 1, 1, 12, 1, NULL, 0);
INSERT INTO `meeting_sessions` (`id`, `session_order`, `scheduled_date`, `warm_up_time`, `begin_time`, `notes`, `meeting_id`, `swimming_pool_id`, `user_id`, `created_at`, `updated_at`, `description`, `is_autofilled`, `day_part_type_id`)
  VALUES (2006, 1, '2016-12-03', '2000-01-01 00:00:00', '2000-01-01 00:00:00', '', 16254, 148, 2, '2016-10-28 14:53:43', '2016-10-28 14:53:43', 'FINALI', 1, 2);
INSERT INTO `meeting_events` (`id`, `created_at`, `updated_at`, `event_order`, `begin_time`, `is_out_of_race`, `is_autofilled`, `notes`, `meeting_session_id`, `event_type_id`, `heat_type_id`, `user_id`, `has_separate_gender_start_list`, `has_separate_category_start_list`)
  VALUES (10369, '2016-10-28 14:53:43', '2016-10-28 14:53:43', 1, '2000-01-01 08:02:00', 0, 1, NULL, 2006, 16, 3, 1, 1, 0);
INSERT INTO `meeting_events` (`id`, `created_at`, `updated_at`, `event_order`, `begin_time`, `is_out_of_race`, `is_autofilled`, `notes`, `meeting_session_id`, `event_type_id`, `heat_type_id`, `user_id`, `has_separate_gender_start_list`, `has_separate_category_start_list`)
  VALUES (10370, '2016-10-28 14:53:43', '2016-10-28 14:53:43', 2, '2000-01-01 08:42:00', 0, 1, NULL, 2006, 12, 3, 1, 1, 0);
INSERT INTO `meeting_events` (`id`, `created_at`, `updated_at`, `event_order`, `begin_time`, `is_out_of_race`, `is_autofilled`, `notes`, `meeting_session_id`, `event_type_id`, `heat_type_id`, `user_id`, `has_separate_gender_start_list`, `has_separate_category_start_list`)
  VALUES (10371, '2016-10-28 14:53:43', '2016-10-28 14:53:43', 3, '2000-01-01 09:10:00', 0, 1, NULL, 2006, 20, 3, 1, 1, 0);
INSERT INTO `meeting_events` (`id`, `created_at`, `updated_at`, `event_order`, `begin_time`, `is_out_of_race`, `is_autofilled`, `notes`, `meeting_session_id`, `event_type_id`, `heat_type_id`, `user_id`, `has_separate_gender_start_list`, `has_separate_category_start_list`)
  VALUES (10372, '2016-10-28 14:53:43', '2016-10-28 14:53:43', 4, '2000-01-01 09:50:00', 0, 1, NULL, 2006, 3, 3, 1, 1, 0);
INSERT INTO `meeting_events` (`id`, `created_at`, `updated_at`, `event_order`, `begin_time`, `is_out_of_race`, `is_autofilled`, `notes`, `meeting_session_id`, `event_type_id`, `heat_type_id`, `user_id`, `has_separate_gender_start_list`, `has_separate_category_start_list`)
  VALUES (10373, '2016-10-28 14:53:43', '2016-10-28 14:53:43', 5, '2000-01-01 10:32:00', 0, 1, NULL, 2006, 15, 3, 1, 1, 0);
INSERT INTO `meeting_events` (`id`, `created_at`, `updated_at`, `event_order`, `begin_time`, `is_out_of_race`, `is_autofilled`, `notes`, `meeting_session_id`, `event_type_id`, `heat_type_id`, `user_id`, `has_separate_gender_start_list`, `has_separate_category_start_list`)
  VALUES (10374, '2016-10-28 14:53:43', '2016-10-28 14:53:43', 6, '2000-01-01 11:14:00', 0, 1, NULL, 2006, 11, 3, 1, 1, 0);
INSERT INTO `meeting_events` (`id`, `created_at`, `updated_at`, `event_order`, `begin_time`, `is_out_of_race`, `is_autofilled`, `notes`, `meeting_session_id`, `event_type_id`, `heat_type_id`, `user_id`, `has_separate_gender_start_list`, `has_separate_category_start_list`)
  VALUES (10375, '2016-10-28 14:53:43', '2016-10-28 14:53:43', 7, '2000-01-01 11:54:00', 0, 1, NULL, 2006, 19, 3, 1, 1, 0);
INSERT INTO `meeting_events` (`id`, `created_at`, `updated_at`, `event_order`, `begin_time`, `is_out_of_race`, `is_autofilled`, `notes`, `meeting_session_id`, `event_type_id`, `heat_type_id`, `user_id`, `has_separate_gender_start_list`, `has_separate_category_start_list`)
  VALUES (10376, '2016-10-28 14:53:43', '2016-10-28 14:53:43', 8, '2000-01-01 12:34:00', 0, 1, NULL, 2006, 2, 3, 1, 1, 0);
INSERT INTO `meeting_sessions` (`id`, `session_order`, `scheduled_date`, `warm_up_time`, `begin_time`, `notes`, `meeting_id`, `swimming_pool_id`, `user_id`, `created_at`, `updated_at`, `description`, `is_autofilled`, `day_part_type_id`)
  VALUES (2007, 2, '2016-12-04', '2000-01-01 00:00:00', '2000-01-01 00:00:00', '', 16254, 148, 2, '2016-10-28 14:53:43', '2016-10-28 14:53:43', 'FINALI', 1, 1);

-- 15255-sondriolibsnef MEETING LIB SNEF 2015-12-19
INSERT INTO `meetings` (`id`, `description`, `entry_deadline`, `has_warm_up_pool`, `is_under_25_admitted`, `reference_phone`, `reference_e_mail`, `reference_name`, `notes`, `has_invitation`, `has_start_list`, `are_results_acquired`, `max_individual_events`, `configuration_file`, `edition`, `season_id`, `user_id`, `created_at`, `updated_at`, `is_autofilled`, `header_date`, `code`, `header_year`, `max_individual_events_per_session`, `is_out_of_season`, `edition_type_id`, `timing_type_id`, `individual_score_computation_type_id`, `relay_score_computation_type_id`, `team_score_computation_type_id`, `meeting_score_computation_type_id`, `invitation`, `is_confirmed`)
  VALUES (16255, 'MEETING LIB SNEF', NULL, 0, 1, NULL, NULL, NULL, 'Libertas SNEF ASD', 0, 0, 0, 2, '?', 10, 162, 2, '2016-10-28 14:53:43', '2016-10-28 14:53:43', 1, '2016-12-17', 'sondriolibsnef', '2017', 0, 0, 2, 3, 1, 1, 12, 1, NULL, 0);
INSERT INTO `meeting_sessions` (`id`, `session_order`, `scheduled_date`, `warm_up_time`, `begin_time`, `notes`, `meeting_id`, `swimming_pool_id`, `user_id`, `created_at`, `updated_at`, `description`, `is_autofilled`, `day_part_type_id`)
  VALUES (2008, 1, '2016-12-17', '2000-01-01 00:00:00', '2000-01-01 00:00:00', '', 16255, 57, 2, '2016-10-28 14:53:43', '2016-10-28 14:53:43', 'FINALI', 1, 1);
INSERT INTO `meeting_events` (`id`, `created_at`, `updated_at`, `event_order`, `begin_time`, `is_out_of_race`, `is_autofilled`, `notes`, `meeting_session_id`, `event_type_id`, `heat_type_id`, `user_id`, `has_separate_gender_start_list`, `has_separate_category_start_list`)
  VALUES (10377, '2016-10-28 14:53:43', '2016-10-28 14:53:43', 1, '2000-01-01 08:02:00', 0, 1, NULL, 2008, 3, 3, 1, 1, 0);
INSERT INTO `meeting_events` (`id`, `created_at`, `updated_at`, `event_order`, `begin_time`, `is_out_of_race`, `is_autofilled`, `notes`, `meeting_session_id`, `event_type_id`, `heat_type_id`, `user_id`, `has_separate_gender_start_list`, `has_separate_category_start_list`)
  VALUES (10378, '2016-10-28 14:53:43', '2016-10-28 14:53:43', 2, '2000-01-01 08:46:00', 0, 1, NULL, 2008, 21, 3, 1, 1, 0);
INSERT INTO `meeting_events` (`id`, `created_at`, `updated_at`, `event_order`, `begin_time`, `is_out_of_race`, `is_autofilled`, `notes`, `meeting_session_id`, `event_type_id`, `heat_type_id`, `user_id`, `has_separate_gender_start_list`, `has_separate_category_start_list`)
  VALUES (10379, '2016-10-28 14:53:43', '2016-10-28 14:53:43', 3, '2000-01-01 09:18:00', 0, 1, NULL, 2008, 5, 3, 1, 1, 0);
INSERT INTO `meeting_events` (`id`, `created_at`, `updated_at`, `event_order`, `begin_time`, `is_out_of_race`, `is_autofilled`, `notes`, `meeting_session_id`, `event_type_id`, `heat_type_id`, `user_id`, `has_separate_gender_start_list`, `has_separate_category_start_list`)
  VALUES (10380, '2016-10-28 14:53:43', '2016-10-28 14:53:43', 4, '2000-01-01 09:54:00', 0, 1, NULL, 2008, 15, 3, 1, 1, 0);
INSERT INTO `meeting_events` (`id`, `created_at`, `updated_at`, `event_order`, `begin_time`, `is_out_of_race`, `is_autofilled`, `notes`, `meeting_session_id`, `event_type_id`, `heat_type_id`, `user_id`, `has_separate_gender_start_list`, `has_separate_category_start_list`)
  VALUES (10381, '2016-10-28 14:53:43', '2016-10-28 14:53:43', 5, '2000-01-01 10:34:00', 0, 1, NULL, 2008, 11, 3, 1, 1, 0);
INSERT INTO `meeting_events` (`id`, `created_at`, `updated_at`, `event_order`, `begin_time`, `is_out_of_race`, `is_autofilled`, `notes`, `meeting_session_id`, `event_type_id`, `heat_type_id`, `user_id`, `has_separate_gender_start_list`, `has_separate_category_start_list`)
  VALUES (10382, '2016-10-28 14:53:43', '2016-10-28 14:53:43', 6, '2000-01-01 11:16:00', 0, 1, NULL, 2008, 19, 3, 1, 1, 0);
INSERT INTO `meeting_events` (`id`, `created_at`, `updated_at`, `event_order`, `begin_time`, `is_out_of_race`, `is_autofilled`, `notes`, `meeting_session_id`, `event_type_id`, `heat_type_id`, `user_id`, `has_separate_gender_start_list`, `has_separate_category_start_list`)
  VALUES (10383, '2016-10-28 14:53:43', '2016-10-28 14:53:43', 7, '2000-01-01 11:54:00', 0, 1, NULL, 2008, 2, 3, 1, 1, 0);
INSERT INTO `meeting_events` (`id`, `created_at`, `updated_at`, `event_order`, `begin_time`, `is_out_of_race`, `is_autofilled`, `notes`, `meeting_session_id`, `event_type_id`, `heat_type_id`, `user_id`, `has_separate_gender_start_list`, `has_separate_category_start_list`)
  VALUES (10384, '2016-10-28 14:53:43', '2016-10-28 14:53:43', 8, '2000-01-01 12:38:30', 0, 1, NULL, 2008, 33, 3, 1, 1, 0);
INSERT INTO `meeting_sessions` (`id`, `session_order`, `scheduled_date`, `warm_up_time`, `begin_time`, `notes`, `meeting_id`, `swimming_pool_id`, `user_id`, `created_at`, `updated_at`, `description`, `is_autofilled`, `day_part_type_id`)
  VALUES (2009, 2, '2016-12-17', '2000-01-01 00:00:00', '2000-01-01 00:00:00', '', 16255, 57, 2, '2016-10-28 14:53:43', '2016-10-28 14:53:43', 'FINALI', 1, 2);

-- 15256-tortona TROFEO CITT DI TORTONA 2015-12-13
INSERT INTO `meetings` (`id`, `description`, `entry_deadline`, `has_warm_up_pool`, `is_under_25_admitted`, `reference_phone`, `reference_e_mail`, `reference_name`, `notes`, `has_invitation`, `has_start_list`, `are_results_acquired`, `max_individual_events`, `configuration_file`, `edition`, `season_id`, `user_id`, `created_at`, `updated_at`, `is_autofilled`, `header_date`, `code`, `header_year`, `max_individual_events_per_session`, `is_out_of_season`, `edition_type_id`, `timing_type_id`, `individual_score_computation_type_id`, `relay_score_computation_type_id`, `team_score_computation_type_id`, `meeting_score_computation_type_id`, `invitation`, `is_confirmed`)
  VALUES (16256, 'TROFEO CITT DI TORTONA', NULL, 0, 1, NULL, NULL, NULL, 'Derthona Nuoto', 0, 0, 0, 2, '?', 13, 162, 2, '2016-10-28 14:53:43', '2016-10-28 14:53:43', 1, '2016-12-11', 'tortona', '2017', 0, 0, 2, 3, 1, 1, 12, 1, NULL, 0);
INSERT INTO `meeting_sessions` (`id`, `session_order`, `scheduled_date`, `warm_up_time`, `begin_time`, `notes`, `meeting_id`, `swimming_pool_id`, `user_id`, `created_at`, `updated_at`, `description`, `is_autofilled`, `day_part_type_id`)
  VALUES (2010, 1, '2016-12-11', '2000-01-01 00:00:00', '2000-01-01 00:00:00', '', 16256, 85, 2, '2016-10-28 14:53:43', '2016-10-28 14:53:43', 'FINALI', 1, 1);
INSERT INTO `meeting_events` (`id`, `created_at`, `updated_at`, `event_order`, `begin_time`, `is_out_of_race`, `is_autofilled`, `notes`, `meeting_session_id`, `event_type_id`, `heat_type_id`, `user_id`, `has_separate_gender_start_list`, `has_separate_category_start_list`)
  VALUES (10385, '2016-10-28 14:53:43', '2016-10-28 14:53:43', 1, '2000-01-01 08:02:00', 0, 1, NULL, 2010, 12, 3, 1, 1, 0);
INSERT INTO `meeting_events` (`id`, `created_at`, `updated_at`, `event_order`, `begin_time`, `is_out_of_race`, `is_autofilled`, `notes`, `meeting_session_id`, `event_type_id`, `heat_type_id`, `user_id`, `has_separate_gender_start_list`, `has_separate_category_start_list`)
  VALUES (10386, '2016-10-28 14:53:43', '2016-10-28 14:53:43', 2, '2000-01-01 08:42:00', 0, 1, NULL, 2010, 22, 3, 1, 1, 0);
INSERT INTO `meeting_events` (`id`, `created_at`, `updated_at`, `event_order`, `begin_time`, `is_out_of_race`, `is_autofilled`, `notes`, `meeting_session_id`, `event_type_id`, `heat_type_id`, `user_id`, `has_separate_gender_start_list`, `has_separate_category_start_list`)
  VALUES (10387, '2016-10-28 14:53:43', '2016-10-28 14:53:43', 3, '2000-01-01 09:22:00', 0, 1, NULL, 2010, 3, 3, 1, 1, 0);
INSERT INTO `meeting_events` (`id`, `created_at`, `updated_at`, `event_order`, `begin_time`, `is_out_of_race`, `is_autofilled`, `notes`, `meeting_session_id`, `event_type_id`, `heat_type_id`, `user_id`, `has_separate_gender_start_list`, `has_separate_category_start_list`)
  VALUES (10388, '2016-10-28 14:53:43', '2016-10-28 14:53:43', 4, '2000-01-01 10:04:00', 0, 1, NULL, 2010, 17, 3, 1, 1, 0);
INSERT INTO `meeting_events` (`id`, `created_at`, `updated_at`, `event_order`, `begin_time`, `is_out_of_race`, `is_autofilled`, `notes`, `meeting_session_id`, `event_type_id`, `heat_type_id`, `user_id`, `has_separate_gender_start_list`, `has_separate_category_start_list`)
  VALUES (10389, '2016-10-28 14:53:43', '2016-10-28 14:53:43', 5, '2000-01-01 10:44:00', 0, 1, NULL, 2010, 21, 3, 1, 1, 0);
INSERT INTO `meeting_events` (`id`, `created_at`, `updated_at`, `event_order`, `begin_time`, `is_out_of_race`, `is_autofilled`, `notes`, `meeting_session_id`, `event_type_id`, `heat_type_id`, `user_id`, `has_separate_gender_start_list`, `has_separate_category_start_list`)
  VALUES (10390, '2016-10-28 14:53:43', '2016-10-28 14:53:43', 6, '2000-01-01 11:18:00', 0, 1, NULL, 2010, 5, 3, 1, 1, 0);
INSERT INTO `meeting_events` (`id`, `created_at`, `updated_at`, `event_order`, `begin_time`, `is_out_of_race`, `is_autofilled`, `notes`, `meeting_session_id`, `event_type_id`, `heat_type_id`, `user_id`, `has_separate_gender_start_list`, `has_separate_category_start_list`)
  VALUES (10391, '2016-10-28 14:53:43', '2016-10-28 14:53:43', 7, '2000-01-01 11:56:00', 0, 1, NULL, 2010, 15, 3, 1, 1, 0);
INSERT INTO `meeting_events` (`id`, `created_at`, `updated_at`, `event_order`, `begin_time`, `is_out_of_race`, `is_autofilled`, `notes`, `meeting_session_id`, `event_type_id`, `heat_type_id`, `user_id`, `has_separate_gender_start_list`, `has_separate_category_start_list`)
  VALUES (10392, '2016-10-28 14:53:43', '2016-10-28 14:53:43', 8, '2000-01-01 12:38:00', 0, 1, NULL, 2010, 11, 3, 1, 1, 0);
INSERT INTO `meeting_events` (`id`, `created_at`, `updated_at`, `event_order`, `begin_time`, `is_out_of_race`, `is_autofilled`, `notes`, `meeting_session_id`, `event_type_id`, `heat_type_id`, `user_id`, `has_separate_gender_start_list`, `has_separate_category_start_list`)
  VALUES (10393, '2016-10-28 14:53:43', '2016-10-28 14:53:43', 9, '2000-01-01 13:16:00', 0, 1, NULL, 2010, 19, 3, 1, 1, 0);
INSERT INTO `meeting_events` (`id`, `created_at`, `updated_at`, `event_order`, `begin_time`, `is_out_of_race`, `is_autofilled`, `notes`, `meeting_session_id`, `event_type_id`, `heat_type_id`, `user_id`, `has_separate_gender_start_list`, `has_separate_category_start_list`)
  VALUES (10394, '2016-10-28 14:53:43', '2016-10-28 14:53:43', 10, '2000-01-01 13:58:00', 0, 1, NULL, 2010, 2, 3, 1, 1, 0);
INSERT INTO `meeting_events` (`id`, `created_at`, `updated_at`, `event_order`, `begin_time`, `is_out_of_race`, `is_autofilled`, `notes`, `meeting_session_id`, `event_type_id`, `heat_type_id`, `user_id`, `has_separate_gender_start_list`, `has_separate_category_start_list`)
  VALUES (10395, '2016-10-28 14:53:43', '2016-10-28 14:53:43', 11, '2000-01-01 14:40:30', 0, 1, NULL, 2010, 35, 3, 1, 1, 0);
INSERT INTO `meeting_events` (`id`, `created_at`, `updated_at`, `event_order`, `begin_time`, `is_out_of_race`, `is_autofilled`, `notes`, `meeting_session_id`, `event_type_id`, `heat_type_id`, `user_id`, `has_separate_gender_start_list`, `has_separate_category_start_list`)
  VALUES (10396, '2016-10-28 14:53:43', '2016-10-28 14:53:43', 12, '2000-01-01 14:40:30', 0, 1, NULL, 2010, 25, 3, 1, 1, 0);
INSERT INTO `meeting_sessions` (`id`, `session_order`, `scheduled_date`, `warm_up_time`, `begin_time`, `notes`, `meeting_id`, `swimming_pool_id`, `user_id`, `created_at`, `updated_at`, `description`, `is_autofilled`, `day_part_type_id`)
  VALUES (2011, 2, '2016-12-11', '2000-01-01 00:00:00', '2000-01-01 00:00:00', '', 16256, 85, 2, '2016-10-28 14:53:43', '2016-10-28 14:53:43', 'FINALI', 1, 2);

-- 15257-cagliaribuonnatalemaster BUON NATALE MASTER 2015-12-19
INSERT INTO `meetings` (`id`, `description`, `entry_deadline`, `has_warm_up_pool`, `is_under_25_admitted`, `reference_phone`, `reference_e_mail`, `reference_name`, `notes`, `has_invitation`, `has_start_list`, `are_results_acquired`, `max_individual_events`, `configuration_file`, `edition`, `season_id`, `user_id`, `created_at`, `updated_at`, `is_autofilled`, `header_date`, `code`, `header_year`, `max_individual_events_per_session`, `is_out_of_season`, `edition_type_id`, `timing_type_id`, `individual_score_computation_type_id`, `relay_score_computation_type_id`, `team_score_computation_type_id`, `meeting_score_computation_type_id`, `invitation`, `is_confirmed`)
  VALUES (16257, 'BUON NATALE MASTER', NULL, 0, 1, NULL, NULL, NULL, NULL, 0, 0, 0, 2, '?', 2, 162, 2, '2016-10-28 14:53:43', '2016-10-28 14:53:43', 1, '2016-12-17', 'cagliaribuonnatalemaster', '2017', 0, 0, 4, 3, 1, 1, 12, 1, NULL, 0);
INSERT INTO `meeting_sessions` (`id`, `session_order`, `scheduled_date`, `warm_up_time`, `begin_time`, `notes`, `meeting_id`, `swimming_pool_id`, `user_id`, `created_at`, `updated_at`, `description`, `is_autofilled`, `day_part_type_id`)
  VALUES (2012, 1, '2016-12-17', '2000-01-01 00:00:00', '2000-01-01 00:00:00', '', 16257, 157, 2, '2016-10-28 14:53:43', '2016-10-28 14:53:43', 'FINALI', 1, 1);
INSERT INTO `meeting_events` (`id`, `created_at`, `updated_at`, `event_order`, `begin_time`, `is_out_of_race`, `is_autofilled`, `notes`, `meeting_session_id`, `event_type_id`, `heat_type_id`, `user_id`, `has_separate_gender_start_list`, `has_separate_category_start_list`)
  VALUES (10397, '2016-10-28 14:53:43', '2016-10-28 14:53:43', 1, '2000-01-01 08:02:00', 0, 1, NULL, 2012, 22, 3, 1, 1, 0);
INSERT INTO `meeting_events` (`id`, `created_at`, `updated_at`, `event_order`, `begin_time`, `is_out_of_race`, `is_autofilled`, `notes`, `meeting_session_id`, `event_type_id`, `heat_type_id`, `user_id`, `has_separate_gender_start_list`, `has_separate_category_start_list`)
  VALUES (10398, '2016-10-28 14:53:43', '2016-10-28 14:53:43', 2, '2000-01-01 08:34:00', 0, 1, NULL, 2012, 4, 3, 1, 1, 0);
INSERT INTO `meeting_events` (`id`, `created_at`, `updated_at`, `event_order`, `begin_time`, `is_out_of_race`, `is_autofilled`, `notes`, `meeting_session_id`, `event_type_id`, `heat_type_id`, `user_id`, `has_separate_gender_start_list`, `has_separate_category_start_list`)
  VALUES (10399, '2016-10-28 14:53:43', '2016-10-28 14:53:43', 3, '2000-01-01 09:14:00', 0, 1, NULL, 2012, 15, 3, 1, 1, 0);
INSERT INTO `meeting_events` (`id`, `created_at`, `updated_at`, `event_order`, `begin_time`, `is_out_of_race`, `is_autofilled`, `notes`, `meeting_session_id`, `event_type_id`, `heat_type_id`, `user_id`, `has_separate_gender_start_list`, `has_separate_category_start_list`)
  VALUES (10400, '2016-10-28 14:53:43', '2016-10-28 14:53:43', 4, '2000-01-01 09:44:00', 0, 1, NULL, 2012, 11, 3, 1, 1, 0);
INSERT INTO `meeting_events` (`id`, `created_at`, `updated_at`, `event_order`, `begin_time`, `is_out_of_race`, `is_autofilled`, `notes`, `meeting_session_id`, `event_type_id`, `heat_type_id`, `user_id`, `has_separate_gender_start_list`, `has_separate_category_start_list`)
  VALUES (10401, '2016-10-28 14:53:43', '2016-10-28 14:53:43', 5, '2000-01-01 10:16:00', 0, 1, NULL, 2012, 19, 3, 1, 1, 0);
INSERT INTO `meeting_events` (`id`, `created_at`, `updated_at`, `event_order`, `begin_time`, `is_out_of_race`, `is_autofilled`, `notes`, `meeting_session_id`, `event_type_id`, `heat_type_id`, `user_id`, `has_separate_gender_start_list`, `has_separate_category_start_list`)
  VALUES (10402, '2016-10-28 14:53:43', '2016-10-28 14:53:43', 6, '2000-01-01 10:54:00', 0, 1, NULL, 2012, 2, 3, 1, 1, 0);
INSERT INTO `meeting_events` (`id`, `created_at`, `updated_at`, `event_order`, `begin_time`, `is_out_of_race`, `is_autofilled`, `notes`, `meeting_session_id`, `event_type_id`, `heat_type_id`, `user_id`, `has_separate_gender_start_list`, `has_separate_category_start_list`)
  VALUES (10403, '2016-10-28 14:53:43', '2016-10-28 14:53:43', 7, '2000-01-01 11:40:30', 0, 1, NULL, 2012, 33, 3, 1, 1, 0);

-- 15258-brescialeonessaditalia TROFEO LEONESSA D'ITALIA 2015-12-13
INSERT INTO `meetings` (`id`, `description`, `entry_deadline`, `has_warm_up_pool`, `is_under_25_admitted`, `reference_phone`, `reference_e_mail`, `reference_name`, `notes`, `has_invitation`, `has_start_list`, `are_results_acquired`, `max_individual_events`, `configuration_file`, `edition`, `season_id`, `user_id`, `created_at`, `updated_at`, `is_autofilled`, `header_date`, `code`, `header_year`, `max_individual_events_per_session`, `is_out_of_season`, `edition_type_id`, `timing_type_id`, `individual_score_computation_type_id`, `relay_score_computation_type_id`, `team_score_computation_type_id`, `meeting_score_computation_type_id`, `invitation`, `is_confirmed`)
  VALUES (16258, 'TROFEO LEONESSA D''ITALIA', NULL, 0, 1, NULL, NULL, NULL, 'Leaena SSD a RL', 0, 0, 0, 2, '?', 4, 162, 2, '2016-10-28 14:53:43', '2016-10-28 14:53:43', 1, '2016-12-11', 'brescialeonessaditalia', '2017', 0, 0, 2, 3, 1, 1, 12, 1, NULL, 0);
INSERT INTO `meeting_sessions` (`id`, `session_order`, `scheduled_date`, `warm_up_time`, `begin_time`, `notes`, `meeting_id`, `swimming_pool_id`, `user_id`, `created_at`, `updated_at`, `description`, `is_autofilled`, `day_part_type_id`)
  VALUES (2013, 1, '2016-12-11', '2000-01-01 00:00:00', '2000-01-01 00:00:00', '', 16258, 89, 2, '2016-10-28 14:53:43', '2016-10-28 14:53:43', 'FINALI', 1, 1);
INSERT INTO `meeting_events` (`id`, `created_at`, `updated_at`, `event_order`, `begin_time`, `is_out_of_race`, `is_autofilled`, `notes`, `meeting_session_id`, `event_type_id`, `heat_type_id`, `user_id`, `has_separate_gender_start_list`, `has_separate_category_start_list`)
  VALUES (10404, '2016-10-28 14:53:43', '2016-10-28 14:53:43', 1, '2000-01-01 08:02:00', 0, 1, NULL, 2013, 16, 3, 1, 1, 0);
INSERT INTO `meeting_events` (`id`, `created_at`, `updated_at`, `event_order`, `begin_time`, `is_out_of_race`, `is_autofilled`, `notes`, `meeting_session_id`, `event_type_id`, `heat_type_id`, `user_id`, `has_separate_gender_start_list`, `has_separate_category_start_list`)
  VALUES (10405, '2016-10-28 14:53:43', '2016-10-28 14:53:43', 2, '2000-01-01 08:36:00', 0, 1, NULL, 2013, 12, 3, 1, 1, 0);
INSERT INTO `meeting_events` (`id`, `created_at`, `updated_at`, `event_order`, `begin_time`, `is_out_of_race`, `is_autofilled`, `notes`, `meeting_session_id`, `event_type_id`, `heat_type_id`, `user_id`, `has_separate_gender_start_list`, `has_separate_category_start_list`)
  VALUES (10406, '2016-10-28 14:53:43', '2016-10-28 14:53:43', 3, '2000-01-01 09:12:00', 0, 1, NULL, 2013, 22, 3, 1, 1, 0);
INSERT INTO `meeting_events` (`id`, `created_at`, `updated_at`, `event_order`, `begin_time`, `is_out_of_race`, `is_autofilled`, `notes`, `meeting_session_id`, `event_type_id`, `heat_type_id`, `user_id`, `has_separate_gender_start_list`, `has_separate_category_start_list`)
  VALUES (10407, '2016-10-28 14:53:44', '2016-10-28 14:53:44', 4, '2000-01-01 09:50:00', 0, 1, NULL, 2013, 20, 3, 1, 1, 0);
INSERT INTO `meeting_events` (`id`, `created_at`, `updated_at`, `event_order`, `begin_time`, `is_out_of_race`, `is_autofilled`, `notes`, `meeting_session_id`, `event_type_id`, `heat_type_id`, `user_id`, `has_separate_gender_start_list`, `has_separate_category_start_list`)
  VALUES (10408, '2016-10-28 14:53:44', '2016-10-28 14:53:44', 5, '2000-01-01 10:28:00', 0, 1, NULL, 2013, 3, 3, 1, 1, 0);
INSERT INTO `meeting_events` (`id`, `created_at`, `updated_at`, `event_order`, `begin_time`, `is_out_of_race`, `is_autofilled`, `notes`, `meeting_session_id`, `event_type_id`, `heat_type_id`, `user_id`, `has_separate_gender_start_list`, `has_separate_category_start_list`)
  VALUES (10409, '2016-10-28 14:53:44', '2016-10-28 14:53:44', 6, '2000-01-01 11:08:00', 0, 1, NULL, 2013, 23, 3, 1, 1, 0);
INSERT INTO `meeting_events` (`id`, `created_at`, `updated_at`, `event_order`, `begin_time`, `is_out_of_race`, `is_autofilled`, `notes`, `meeting_session_id`, `event_type_id`, `heat_type_id`, `user_id`, `has_separate_gender_start_list`, `has_separate_category_start_list`)
  VALUES (10410, '2016-10-28 14:53:44', '2016-10-28 14:53:44', 7, '2000-01-01 11:38:00', 0, 1, NULL, 2013, 15, 3, 1, 1, 0);
INSERT INTO `meeting_events` (`id`, `created_at`, `updated_at`, `event_order`, `begin_time`, `is_out_of_race`, `is_autofilled`, `notes`, `meeting_session_id`, `event_type_id`, `heat_type_id`, `user_id`, `has_separate_gender_start_list`, `has_separate_category_start_list`)
  VALUES (10411, '2016-10-28 14:53:44', '2016-10-28 14:53:44', 8, '2000-01-01 12:16:00', 0, 1, NULL, 2013, 11, 3, 1, 1, 0);
INSERT INTO `meeting_events` (`id`, `created_at`, `updated_at`, `event_order`, `begin_time`, `is_out_of_race`, `is_autofilled`, `notes`, `meeting_session_id`, `event_type_id`, `heat_type_id`, `user_id`, `has_separate_gender_start_list`, `has_separate_category_start_list`)
  VALUES (10412, '2016-10-28 14:53:44', '2016-10-28 14:53:44', 9, '2000-01-01 12:50:00', 0, 1, NULL, 2013, 19, 3, 1, 1, 0);
INSERT INTO `meeting_events` (`id`, `created_at`, `updated_at`, `event_order`, `begin_time`, `is_out_of_race`, `is_autofilled`, `notes`, `meeting_session_id`, `event_type_id`, `heat_type_id`, `user_id`, `has_separate_gender_start_list`, `has_separate_category_start_list`)
  VALUES (10413, '2016-10-28 14:53:44', '2016-10-28 14:53:44', 10, '2000-01-01 13:30:00', 0, 1, NULL, 2013, 2, 3, 1, 1, 0);
INSERT INTO `meeting_events` (`id`, `created_at`, `updated_at`, `event_order`, `begin_time`, `is_out_of_race`, `is_autofilled`, `notes`, `meeting_session_id`, `event_type_id`, `heat_type_id`, `user_id`, `has_separate_gender_start_list`, `has_separate_category_start_list`)
  VALUES (10414, '2016-10-28 14:53:44', '2016-10-28 14:53:44', 11, '2000-01-01 14:10:30', 0, 1, NULL, 2013, 32, 3, 1, 1, 0);
INSERT INTO `meeting_sessions` (`id`, `session_order`, `scheduled_date`, `warm_up_time`, `begin_time`, `notes`, `meeting_id`, `swimming_pool_id`, `user_id`, `created_at`, `updated_at`, `description`, `is_autofilled`, `day_part_type_id`)
  VALUES (2014, 2, '2016-12-11', '2000-01-01 00:00:00', '2000-01-01 00:00:00', '', 16258, 89, 2, '2016-10-28 14:53:44', '2016-10-28 14:53:44', 'FINALI', 1, 2);

-- 15259-paganisprintdinatale SPRINT DI NATALE 2015-12-20
INSERT INTO `meetings` (`id`, `description`, `entry_deadline`, `has_warm_up_pool`, `is_under_25_admitted`, `reference_phone`, `reference_e_mail`, `reference_name`, `notes`, `has_invitation`, `has_start_list`, `are_results_acquired`, `max_individual_events`, `configuration_file`, `edition`, `season_id`, `user_id`, `created_at`, `updated_at`, `is_autofilled`, `header_date`, `code`, `header_year`, `max_individual_events_per_session`, `is_out_of_season`, `edition_type_id`, `timing_type_id`, `individual_score_computation_type_id`, `relay_score_computation_type_id`, `team_score_computation_type_id`, `meeting_score_computation_type_id`, `invitation`, `is_confirmed`)
  VALUES (16259, 'SPRINT DI NATALE', NULL, 0, 1, NULL, NULL, NULL, 'SWIMACADEMY ASD', 0, 0, 0, 2, '?', 3, 162, 2, '2016-10-28 14:53:44', '2016-10-28 14:53:44', 1, '2016-12-18', 'paganisprintdinatale', '2017', 0, 0, 2, 3, 1, 1, 12, 1, NULL, 0);
INSERT INTO `meeting_sessions` (`id`, `session_order`, `scheduled_date`, `warm_up_time`, `begin_time`, `notes`, `meeting_id`, `swimming_pool_id`, `user_id`, `created_at`, `updated_at`, `description`, `is_autofilled`, `day_part_type_id`)
  VALUES (2015, 1, '2016-12-18', '2000-01-01 00:00:00', '2000-01-01 00:00:00', '', 16259, 158, 2, '2016-10-28 14:53:44', '2016-10-28 14:53:44', 'FINALI', 1, 1);
INSERT INTO `meeting_events` (`id`, `created_at`, `updated_at`, `event_order`, `begin_time`, `is_out_of_race`, `is_autofilled`, `notes`, `meeting_session_id`, `event_type_id`, `heat_type_id`, `user_id`, `has_separate_gender_start_list`, `has_separate_category_start_list`)
  VALUES (10415, '2016-10-28 14:53:44', '2016-10-28 14:53:44', 1, '2000-01-01 08:02:00', 0, 1, NULL, 2015, 16, 3, 1, 1, 0);
INSERT INTO `meeting_events` (`id`, `created_at`, `updated_at`, `event_order`, `begin_time`, `is_out_of_race`, `is_autofilled`, `notes`, `meeting_session_id`, `event_type_id`, `heat_type_id`, `user_id`, `has_separate_gender_start_list`, `has_separate_category_start_list`)
  VALUES (10416, '2016-10-28 14:53:44', '2016-10-28 14:53:44', 2, '2000-01-01 08:46:00', 0, 1, NULL, 2015, 12, 3, 1, 1, 0);
INSERT INTO `meeting_events` (`id`, `created_at`, `updated_at`, `event_order`, `begin_time`, `is_out_of_race`, `is_autofilled`, `notes`, `meeting_session_id`, `event_type_id`, `heat_type_id`, `user_id`, `has_separate_gender_start_list`, `has_separate_category_start_list`)
  VALUES (10417, '2016-10-28 14:53:44', '2016-10-28 14:53:44', 3, '2000-01-01 09:04:00', 0, 1, NULL, 2015, 20, 3, 1, 1, 0);
INSERT INTO `meeting_events` (`id`, `created_at`, `updated_at`, `event_order`, `begin_time`, `is_out_of_race`, `is_autofilled`, `notes`, `meeting_session_id`, `event_type_id`, `heat_type_id`, `user_id`, `has_separate_gender_start_list`, `has_separate_category_start_list`)
  VALUES (10418, '2016-10-28 14:53:44', '2016-10-28 14:53:44', 4, '2000-01-01 09:44:00', 0, 1, NULL, 2015, 3, 3, 1, 1, 0);
INSERT INTO `meeting_events` (`id`, `created_at`, `updated_at`, `event_order`, `begin_time`, `is_out_of_race`, `is_autofilled`, `notes`, `meeting_session_id`, `event_type_id`, `heat_type_id`, `user_id`, `has_separate_gender_start_list`, `has_separate_category_start_list`)
  VALUES (10419, '2016-10-28 14:53:44', '2016-10-28 14:53:44', 5, '2000-01-01 10:20:00', 0, 1, NULL, 2015, 15, 3, 1, 1, 0);
INSERT INTO `meeting_events` (`id`, `created_at`, `updated_at`, `event_order`, `begin_time`, `is_out_of_race`, `is_autofilled`, `notes`, `meeting_session_id`, `event_type_id`, `heat_type_id`, `user_id`, `has_separate_gender_start_list`, `has_separate_category_start_list`)
  VALUES (10420, '2016-10-28 14:53:44', '2016-10-28 14:53:44', 6, '2000-01-01 10:56:00', 0, 1, NULL, 2015, 11, 3, 1, 1, 0);
INSERT INTO `meeting_events` (`id`, `created_at`, `updated_at`, `event_order`, `begin_time`, `is_out_of_race`, `is_autofilled`, `notes`, `meeting_session_id`, `event_type_id`, `heat_type_id`, `user_id`, `has_separate_gender_start_list`, `has_separate_category_start_list`)
  VALUES (10421, '2016-10-28 14:53:44', '2016-10-28 14:53:44', 7, '2000-01-01 11:32:00', 0, 1, NULL, 2015, 19, 3, 1, 1, 0);
INSERT INTO `meeting_events` (`id`, `created_at`, `updated_at`, `event_order`, `begin_time`, `is_out_of_race`, `is_autofilled`, `notes`, `meeting_session_id`, `event_type_id`, `heat_type_id`, `user_id`, `has_separate_gender_start_list`, `has_separate_category_start_list`)
  VALUES (10422, '2016-10-28 14:53:44', '2016-10-28 14:53:44', 8, '2000-01-01 12:10:00', 0, 1, NULL, 2015, 2, 3, 1, 1, 0);
INSERT INTO `meeting_events` (`id`, `created_at`, `updated_at`, `event_order`, `begin_time`, `is_out_of_race`, `is_autofilled`, `notes`, `meeting_session_id`, `event_type_id`, `heat_type_id`, `user_id`, `has_separate_gender_start_list`, `has_separate_category_start_list`)
  VALUES (10423, '2016-10-28 14:53:44', '2016-10-28 14:53:44', 9, '2000-01-01 12:50:30', 0, 1, NULL, 2015, 26, 3, 1, 1, 0);
INSERT INTO `meeting_events` (`id`, `created_at`, `updated_at`, `event_order`, `begin_time`, `is_out_of_race`, `is_autofilled`, `notes`, `meeting_session_id`, `event_type_id`, `heat_type_id`, `user_id`, `has_separate_gender_start_list`, `has_separate_category_start_list`)
  VALUES (10424, '2016-10-28 14:53:44', '2016-10-28 14:53:44', 10, '2000-01-01 12:45:00', 0, 1, NULL, 2015, 25, 3, 1, 1, 0);
INSERT INTO `meeting_sessions` (`id`, `session_order`, `scheduled_date`, `warm_up_time`, `begin_time`, `notes`, `meeting_id`, `swimming_pool_id`, `user_id`, `created_at`, `updated_at`, `description`, `is_autofilled`, `day_part_type_id`)
  VALUES (2016, 2, '2016-12-18', '2000-01-01 00:00:00', '2000-01-01 00:00:00', '', 16259, 158, 2, '2016-10-28 14:53:44', '2016-10-28 14:53:44', 'FINALI', 1, 2);

-- 15260-palermoduegiornidicloro DUE GIORNI DI CLORO 2015-12-13
INSERT INTO `meetings` (`id`, `description`, `entry_deadline`, `has_warm_up_pool`, `is_under_25_admitted`, `reference_phone`, `reference_e_mail`, `reference_name`, `notes`, `has_invitation`, `has_start_list`, `are_results_acquired`, `max_individual_events`, `configuration_file`, `edition`, `season_id`, `user_id`, `created_at`, `updated_at`, `is_autofilled`, `header_date`, `code`, `header_year`, `max_individual_events_per_session`, `is_out_of_season`, `edition_type_id`, `timing_type_id`, `individual_score_computation_type_id`, `relay_score_computation_type_id`, `team_score_computation_type_id`, `meeting_score_computation_type_id`, `invitation`, `is_confirmed`)
  VALUES (16260, 'DUE GIORNI DI CLORO', NULL, 0, 1, NULL, NULL, NULL, 'Waterpolo Palermo', 0, 0, 0, 2, '?', 2, 162, 2, '2016-10-28 14:53:44', '2016-10-28 14:53:44', 1, '2016-12-11', 'palermoduegiornidicloro', '2016', 0, 0, 4, 3, 1, 1, 12, 1, NULL, 0);
INSERT INTO `meeting_sessions` (`id`, `session_order`, `scheduled_date`, `warm_up_time`, `begin_time`, `notes`, `meeting_id`, `swimming_pool_id`, `user_id`, `created_at`, `updated_at`, `description`, `is_autofilled`, `day_part_type_id`)
  VALUES (2017, 1, '2016-12-11', '2000-01-01 00:00:00', '2000-01-01 00:00:00', '', 16260, 80, 2, '2016-10-28 14:53:44', '2016-10-28 14:53:44', 'FINALI', 1, 1);
INSERT INTO `meeting_events` (`id`, `created_at`, `updated_at`, `event_order`, `begin_time`, `is_out_of_race`, `is_autofilled`, `notes`, `meeting_session_id`, `event_type_id`, `heat_type_id`, `user_id`, `has_separate_gender_start_list`, `has_separate_category_start_list`)
  VALUES (10425, '2016-10-28 14:53:44', '2016-10-28 14:53:44', 1, '2000-01-01 08:06:00', 0, 1, NULL, 2017, 5, 3, 1, 1, 0);
INSERT INTO `meeting_events` (`id`, `created_at`, `updated_at`, `event_order`, `begin_time`, `is_out_of_race`, `is_autofilled`, `notes`, `meeting_session_id`, `event_type_id`, `heat_type_id`, `user_id`, `has_separate_gender_start_list`, `has_separate_category_start_list`)
  VALUES (10426, '2016-10-28 14:53:44', '2016-10-28 14:53:44', 2, '2000-01-01 08:52:00', 0, 1, NULL, 2017, 15, 3, 1, 1, 0);
INSERT INTO `meeting_events` (`id`, `created_at`, `updated_at`, `event_order`, `begin_time`, `is_out_of_race`, `is_autofilled`, `notes`, `meeting_session_id`, `event_type_id`, `heat_type_id`, `user_id`, `has_separate_gender_start_list`, `has_separate_category_start_list`)
  VALUES (10427, '2016-10-28 14:53:44', '2016-10-28 14:53:44', 3, '2000-01-01 09:38:00', 0, 1, NULL, 2017, 11, 3, 1, 1, 0);
INSERT INTO `meeting_events` (`id`, `created_at`, `updated_at`, `event_order`, `begin_time`, `is_out_of_race`, `is_autofilled`, `notes`, `meeting_session_id`, `event_type_id`, `heat_type_id`, `user_id`, `has_separate_gender_start_list`, `has_separate_category_start_list`)
  VALUES (10428, '2016-10-28 14:53:44', '2016-10-28 14:53:44', 4, '2000-01-01 10:16:00', 0, 1, NULL, 2017, 19, 3, 1, 1, 0);
INSERT INTO `meeting_events` (`id`, `created_at`, `updated_at`, `event_order`, `begin_time`, `is_out_of_race`, `is_autofilled`, `notes`, `meeting_session_id`, `event_type_id`, `heat_type_id`, `user_id`, `has_separate_gender_start_list`, `has_separate_category_start_list`)
  VALUES (10429, '2016-10-28 14:53:44', '2016-10-28 14:53:44', 5, '2000-01-01 10:58:00', 0, 1, NULL, 2017, 2, 3, 1, 1, 0);
INSERT INTO `meeting_sessions` (`id`, `session_order`, `scheduled_date`, `warm_up_time`, `begin_time`, `notes`, `meeting_id`, `swimming_pool_id`, `user_id`, `created_at`, `updated_at`, `description`, `is_autofilled`, `day_part_type_id`)
  VALUES (2018, 2, '2016-12-11', '2000-01-01 00:00:00', '2000-01-01 00:00:00', '', 16260, 80, 2, '2016-10-28 14:53:44', '2016-10-28 14:53:44', 'FINALI', 1, 2);

-- 15261-arezzodelsaracinomaster MEETING DEL SARACINO MASTER 2016-01-06
INSERT INTO `meetings` (`id`, `description`, `entry_deadline`, `has_warm_up_pool`, `is_under_25_admitted`, `reference_phone`, `reference_e_mail`, `reference_name`, `notes`, `has_invitation`, `has_start_list`, `are_results_acquired`, `max_individual_events`, `configuration_file`, `edition`, `season_id`, `user_id`, `created_at`, `updated_at`, `is_autofilled`, `header_date`, `code`, `header_year`, `max_individual_events_per_session`, `is_out_of_season`, `edition_type_id`, `timing_type_id`, `individual_score_computation_type_id`, `relay_score_computation_type_id`, `team_score_computation_type_id`, `meeting_score_computation_type_id`, `invitation`, `is_confirmed`)
  VALUES (16261, 'MEETING DEL SARACINO MASTER', NULL, 0, 1, NULL, NULL, NULL, NULL, 0, 0, 0, 2, '?', 2, 162, 2, '2016-10-28 14:53:44', '2016-10-28 14:53:44', 1, '2017-01-04', 'arezzodelsaracinomaster', '2017', 0, 0, 4, 3, 1, 1, 12, 1, NULL, 0);
INSERT INTO `meeting_sessions` (`id`, `session_order`, `scheduled_date`, `warm_up_time`, `begin_time`, `notes`, `meeting_id`, `swimming_pool_id`, `user_id`, `created_at`, `updated_at`, `description`, `is_autofilled`, `day_part_type_id`)
  VALUES (2019, 1, '2017-01-04', '2000-01-01 00:00:00', '2000-01-01 00:00:00', '', 16261, 159, 2, '2016-10-28 14:53:44', '2016-10-28 14:53:44', 'FINALI', 1, 1);
INSERT INTO `meeting_sessions` (`id`, `session_order`, `scheduled_date`, `warm_up_time`, `begin_time`, `notes`, `meeting_id`, `swimming_pool_id`, `user_id`, `created_at`, `updated_at`, `description`, `is_autofilled`, `day_part_type_id`)
  VALUES (2020, 2, '2017-01-04', '2000-01-01 00:00:00', '2000-01-01 00:00:00', '', 16261, 159, 2, '2016-10-28 14:53:44', '2016-10-28 14:53:44', 'FINALI', 1, 2);

-- 15262-milanomasterdds TROFEO MASTER DDS 2016-01-10
INSERT INTO `meetings` (`id`, `description`, `entry_deadline`, `has_warm_up_pool`, `is_under_25_admitted`, `reference_phone`, `reference_e_mail`, `reference_name`, `notes`, `has_invitation`, `has_start_list`, `are_results_acquired`, `max_individual_events`, `configuration_file`, `edition`, `season_id`, `user_id`, `created_at`, `updated_at`, `is_autofilled`, `header_date`, `code`, `header_year`, `max_individual_events_per_session`, `is_out_of_season`, `edition_type_id`, `timing_type_id`, `individual_score_computation_type_id`, `relay_score_computation_type_id`, `team_score_computation_type_id`, `meeting_score_computation_type_id`, `invitation`, `is_confirmed`)
  VALUES (16262, 'TROFEO MASTER DDS', NULL, 0, 1, NULL, NULL, NULL, 'Virtus Buonconvento', 0, 0, 0, 2, '?', 19, 162, 2, '2016-10-28 14:53:44', '2016-10-28 14:53:44', 1, '2017-01-08', 'milanomasterdds', '2017', 0, 0, 2, 3, 1, 1, 12, 1, NULL, 0);
INSERT INTO `meeting_sessions` (`id`, `session_order`, `scheduled_date`, `warm_up_time`, `begin_time`, `notes`, `meeting_id`, `swimming_pool_id`, `user_id`, `created_at`, `updated_at`, `description`, `is_autofilled`, `day_part_type_id`)
  VALUES (2021, 1, '2017-01-08', '2000-01-01 00:00:00', '2000-01-01 00:00:00', '', 16262, 90, 2, '2016-10-28 14:53:44', '2016-10-28 14:53:44', 'FINALI', 1, 1);
INSERT INTO `meeting_events` (`id`, `created_at`, `updated_at`, `event_order`, `begin_time`, `is_out_of_race`, `is_autofilled`, `notes`, `meeting_session_id`, `event_type_id`, `heat_type_id`, `user_id`, `has_separate_gender_start_list`, `has_separate_category_start_list`)
  VALUES (10430, '2016-10-28 14:53:44', '2016-10-28 14:53:44', 1, '2000-01-01 08:02:00', 0, 1, NULL, 2021, 16, 3, 1, 1, 0);
INSERT INTO `meeting_events` (`id`, `created_at`, `updated_at`, `event_order`, `begin_time`, `is_out_of_race`, `is_autofilled`, `notes`, `meeting_session_id`, `event_type_id`, `heat_type_id`, `user_id`, `has_separate_gender_start_list`, `has_separate_category_start_list`)
  VALUES (10431, '2016-10-28 14:53:44', '2016-10-28 14:53:44', 2, '2000-01-01 08:30:00', 0, 1, NULL, 2021, 12, 3, 1, 1, 0);
INSERT INTO `meeting_events` (`id`, `created_at`, `updated_at`, `event_order`, `begin_time`, `is_out_of_race`, `is_autofilled`, `notes`, `meeting_session_id`, `event_type_id`, `heat_type_id`, `user_id`, `has_separate_gender_start_list`, `has_separate_category_start_list`)
  VALUES (10432, '2016-10-28 14:53:44', '2016-10-28 14:53:44', 3, '2000-01-01 08:48:00', 0, 1, NULL, 2021, 20, 3, 1, 1, 0);
INSERT INTO `meeting_events` (`id`, `created_at`, `updated_at`, `event_order`, `begin_time`, `is_out_of_race`, `is_autofilled`, `notes`, `meeting_session_id`, `event_type_id`, `heat_type_id`, `user_id`, `has_separate_gender_start_list`, `has_separate_category_start_list`)
  VALUES (10433, '2016-10-28 14:53:44', '2016-10-28 14:53:44', 4, '2000-01-01 09:16:00', 0, 1, NULL, 2021, 23, 3, 1, 1, 0);
INSERT INTO `meeting_events` (`id`, `created_at`, `updated_at`, `event_order`, `begin_time`, `is_out_of_race`, `is_autofilled`, `notes`, `meeting_session_id`, `event_type_id`, `heat_type_id`, `user_id`, `has_separate_gender_start_list`, `has_separate_category_start_list`)
  VALUES (10434, '2016-10-28 14:53:44', '2016-10-28 14:53:44', 5, '2000-01-01 09:38:00', 0, 1, NULL, 2021, 4, 3, 1, 1, 0);
INSERT INTO `meeting_events` (`id`, `created_at`, `updated_at`, `event_order`, `begin_time`, `is_out_of_race`, `is_autofilled`, `notes`, `meeting_session_id`, `event_type_id`, `heat_type_id`, `user_id`, `has_separate_gender_start_list`, `has_separate_category_start_list`)
  VALUES (10435, '2016-10-28 14:53:44', '2016-10-28 14:53:44', 6, '2000-01-01 10:12:00', 0, 1, NULL, 2021, 15, 3, 1, 1, 0);
INSERT INTO `meeting_events` (`id`, `created_at`, `updated_at`, `event_order`, `begin_time`, `is_out_of_race`, `is_autofilled`, `notes`, `meeting_session_id`, `event_type_id`, `heat_type_id`, `user_id`, `has_separate_gender_start_list`, `has_separate_category_start_list`)
  VALUES (10436, '2016-10-28 14:53:44', '2016-10-28 14:53:44', 7, '2000-01-01 10:46:00', 0, 1, NULL, 2021, 11, 3, 1, 1, 0);
INSERT INTO `meeting_events` (`id`, `created_at`, `updated_at`, `event_order`, `begin_time`, `is_out_of_race`, `is_autofilled`, `notes`, `meeting_session_id`, `event_type_id`, `heat_type_id`, `user_id`, `has_separate_gender_start_list`, `has_separate_category_start_list`)
  VALUES (10437, '2016-10-28 14:53:44', '2016-10-28 14:53:44', 8, '2000-01-01 11:20:00', 0, 1, NULL, 2021, 19, 3, 1, 1, 0);
INSERT INTO `meeting_events` (`id`, `created_at`, `updated_at`, `event_order`, `begin_time`, `is_out_of_race`, `is_autofilled`, `notes`, `meeting_session_id`, `event_type_id`, `heat_type_id`, `user_id`, `has_separate_gender_start_list`, `has_separate_category_start_list`)
  VALUES (10438, '2016-10-28 14:53:44', '2016-10-28 14:53:44', 9, '2000-01-01 11:58:00', 0, 1, NULL, 2021, 2, 3, 1, 1, 0);
INSERT INTO `meeting_events` (`id`, `created_at`, `updated_at`, `event_order`, `begin_time`, `is_out_of_race`, `is_autofilled`, `notes`, `meeting_session_id`, `event_type_id`, `heat_type_id`, `user_id`, `has_separate_gender_start_list`, `has_separate_category_start_list`)
  VALUES (10439, '2016-10-28 14:53:44', '2016-10-28 14:53:44', 10, '2000-01-01 12:36:30', 0, 1, NULL, 2021, 33, 3, 1, 1, 0);
INSERT INTO `meeting_events` (`id`, `created_at`, `updated_at`, `event_order`, `begin_time`, `is_out_of_race`, `is_autofilled`, `notes`, `meeting_session_id`, `event_type_id`, `heat_type_id`, `user_id`, `has_separate_gender_start_list`, `has_separate_category_start_list`)
  VALUES (10440, '2016-10-28 14:53:44', '2016-10-28 14:53:44', 11, '2000-01-01 12:35:30', 0, 1, NULL, 2021, 32, 3, 1, 1, 0);
INSERT INTO `meeting_sessions` (`id`, `session_order`, `scheduled_date`, `warm_up_time`, `begin_time`, `notes`, `meeting_id`, `swimming_pool_id`, `user_id`, `created_at`, `updated_at`, `description`, `is_autofilled`, `day_part_type_id`)
  VALUES (2022, 2, '2017-01-08', '2000-01-01 00:00:00', '2000-01-01 00:00:00', '', 16262, 90, 2, '2016-10-28 14:53:44', '2016-10-28 14:53:44', 'FINALI', 1, 2);

-- 15263-conversanoaironclub TROFEO AIRON CLUB 2016-01-17
INSERT INTO `meetings` (`id`, `description`, `entry_deadline`, `has_warm_up_pool`, `is_under_25_admitted`, `reference_phone`, `reference_e_mail`, `reference_name`, `notes`, `has_invitation`, `has_start_list`, `are_results_acquired`, `max_individual_events`, `configuration_file`, `edition`, `season_id`, `user_id`, `created_at`, `updated_at`, `is_autofilled`, `header_date`, `code`, `header_year`, `max_individual_events_per_session`, `is_out_of_season`, `edition_type_id`, `timing_type_id`, `individual_score_computation_type_id`, `relay_score_computation_type_id`, `team_score_computation_type_id`, `meeting_score_computation_type_id`, `invitation`, `is_confirmed`)
  VALUES (16263, 'TROFEO AIRON CLUB', NULL, 0, 1, NULL, NULL, NULL, 'Airon Club', 0, 0, 0, 2, '?', 3, 162, 2, '2016-10-28 14:53:44', '2016-10-28 14:53:44', 1, '2017-01-15', 'conversanoaironclub', '2017', 0, 0, 2, 3, 1, 1, 12, 1, NULL, 0);
INSERT INTO `meeting_sessions` (`id`, `session_order`, `scheduled_date`, `warm_up_time`, `begin_time`, `notes`, `meeting_id`, `swimming_pool_id`, `user_id`, `created_at`, `updated_at`, `description`, `is_autofilled`, `day_part_type_id`)
  VALUES (2023, 1, '2017-01-15', '2000-01-01 00:00:00', '2000-01-01 00:00:00', '', 16263, 160, 2, '2016-10-28 14:53:44', '2016-10-28 14:53:44', 'FINALI', 1, 1);
INSERT INTO `meeting_events` (`id`, `created_at`, `updated_at`, `event_order`, `begin_time`, `is_out_of_race`, `is_autofilled`, `notes`, `meeting_session_id`, `event_type_id`, `heat_type_id`, `user_id`, `has_separate_gender_start_list`, `has_separate_category_start_list`)
  VALUES (10441, '2016-10-28 14:53:44', '2016-10-28 14:53:44', 1, '2000-01-01 08:02:00', 0, 1, NULL, 2023, 16, 3, 1, 1, 0);
INSERT INTO `meeting_events` (`id`, `created_at`, `updated_at`, `event_order`, `begin_time`, `is_out_of_race`, `is_autofilled`, `notes`, `meeting_session_id`, `event_type_id`, `heat_type_id`, `user_id`, `has_separate_gender_start_list`, `has_separate_category_start_list`)
  VALUES (10442, '2016-10-28 14:53:44', '2016-10-28 14:53:44', 2, '2000-01-01 08:32:00', 0, 1, NULL, 2023, 12, 3, 1, 1, 0);
INSERT INTO `meeting_events` (`id`, `created_at`, `updated_at`, `event_order`, `begin_time`, `is_out_of_race`, `is_autofilled`, `notes`, `meeting_session_id`, `event_type_id`, `heat_type_id`, `user_id`, `has_separate_gender_start_list`, `has_separate_category_start_list`)
  VALUES (10443, '2016-10-28 14:53:44', '2016-10-28 14:53:44', 3, '2000-01-01 08:54:00', 0, 1, NULL, 2023, 22, 3, 1, 1, 0);
INSERT INTO `meeting_events` (`id`, `created_at`, `updated_at`, `event_order`, `begin_time`, `is_out_of_race`, `is_autofilled`, `notes`, `meeting_session_id`, `event_type_id`, `heat_type_id`, `user_id`, `has_separate_gender_start_list`, `has_separate_category_start_list`)
  VALUES (10444, '2016-10-28 14:53:44', '2016-10-28 14:53:44', 4, '2000-01-01 09:28:00', 0, 1, NULL, 2023, 20, 3, 1, 1, 0);
INSERT INTO `meeting_events` (`id`, `created_at`, `updated_at`, `event_order`, `begin_time`, `is_out_of_race`, `is_autofilled`, `notes`, `meeting_session_id`, `event_type_id`, `heat_type_id`, `user_id`, `has_separate_gender_start_list`, `has_separate_category_start_list`)
  VALUES (10445, '2016-10-28 14:53:44', '2016-10-28 14:53:44', 5, '2000-01-01 09:58:00', 0, 1, NULL, 2023, 3, 3, 1, 1, 0);
INSERT INTO `meeting_events` (`id`, `created_at`, `updated_at`, `event_order`, `begin_time`, `is_out_of_race`, `is_autofilled`, `notes`, `meeting_session_id`, `event_type_id`, `heat_type_id`, `user_id`, `has_separate_gender_start_list`, `has_separate_category_start_list`)
  VALUES (10446, '2016-10-28 14:53:44', '2016-10-28 14:53:44', 6, '2000-01-01 10:34:00', 0, 1, NULL, 2023, 4, 3, 1, 1, 0);
INSERT INTO `meeting_events` (`id`, `created_at`, `updated_at`, `event_order`, `begin_time`, `is_out_of_race`, `is_autofilled`, `notes`, `meeting_session_id`, `event_type_id`, `heat_type_id`, `user_id`, `has_separate_gender_start_list`, `has_separate_category_start_list`)
  VALUES (10447, '2016-10-28 14:53:44', '2016-10-28 14:53:44', 7, '2000-01-01 11:12:00', 0, 1, NULL, 2023, 5, 3, 1, 1, 0);
INSERT INTO `meeting_events` (`id`, `created_at`, `updated_at`, `event_order`, `begin_time`, `is_out_of_race`, `is_autofilled`, `notes`, `meeting_session_id`, `event_type_id`, `heat_type_id`, `user_id`, `has_separate_gender_start_list`, `has_separate_category_start_list`)
  VALUES (10448, '2016-10-28 14:53:44', '2016-10-28 14:53:44', 8, '2000-01-01 11:44:00', 0, 1, NULL, 2023, 15, 3, 1, 1, 0);
INSERT INTO `meeting_events` (`id`, `created_at`, `updated_at`, `event_order`, `begin_time`, `is_out_of_race`, `is_autofilled`, `notes`, `meeting_session_id`, `event_type_id`, `heat_type_id`, `user_id`, `has_separate_gender_start_list`, `has_separate_category_start_list`)
  VALUES (10449, '2016-10-28 14:53:44', '2016-10-28 14:53:44', 9, '2000-01-01 12:24:00', 0, 1, NULL, 2023, 11, 3, 1, 1, 0);
INSERT INTO `meeting_events` (`id`, `created_at`, `updated_at`, `event_order`, `begin_time`, `is_out_of_race`, `is_autofilled`, `notes`, `meeting_session_id`, `event_type_id`, `heat_type_id`, `user_id`, `has_separate_gender_start_list`, `has_separate_category_start_list`)
  VALUES (10450, '2016-10-28 14:53:44', '2016-10-28 14:53:44', 10, '2000-01-01 12:54:00', 0, 1, NULL, 2023, 19, 3, 1, 1, 0);
INSERT INTO `meeting_events` (`id`, `created_at`, `updated_at`, `event_order`, `begin_time`, `is_out_of_race`, `is_autofilled`, `notes`, `meeting_session_id`, `event_type_id`, `heat_type_id`, `user_id`, `has_separate_gender_start_list`, `has_separate_category_start_list`)
  VALUES (10451, '2016-10-28 14:53:44', '2016-10-28 14:53:44', 11, '2000-01-01 13:28:00', 0, 1, NULL, 2023, 2, 3, 1, 1, 0);
INSERT INTO `meeting_events` (`id`, `created_at`, `updated_at`, `event_order`, `begin_time`, `is_out_of_race`, `is_autofilled`, `notes`, `meeting_session_id`, `event_type_id`, `heat_type_id`, `user_id`, `has_separate_gender_start_list`, `has_separate_category_start_list`)
  VALUES (10452, '2016-10-28 14:53:44', '2016-10-28 14:53:44', 12, '2000-01-01 14:04:30', 0, 1, NULL, 2023, 25, 3, 1, 1, 0);
INSERT INTO `meeting_sessions` (`id`, `session_order`, `scheduled_date`, `warm_up_time`, `begin_time`, `notes`, `meeting_id`, `swimming_pool_id`, `user_id`, `created_at`, `updated_at`, `description`, `is_autofilled`, `day_part_type_id`)
  VALUES (2024, 2, '2017-01-15', '2000-01-01 00:00:00', '2000-01-01 00:00:00', '', 16263, 160, 2, '2016-10-28 14:53:44', '2016-10-28 14:53:44', 'FINALI', 1, 2);

-- 15264-buonconvento TROFEO CITT DI BUONCONVENTO 2016-01-23
INSERT INTO `meetings` (`id`, `description`, `entry_deadline`, `has_warm_up_pool`, `is_under_25_admitted`, `reference_phone`, `reference_e_mail`, `reference_name`, `notes`, `has_invitation`, `has_start_list`, `are_results_acquired`, `max_individual_events`, `configuration_file`, `edition`, `season_id`, `user_id`, `created_at`, `updated_at`, `is_autofilled`, `header_date`, `code`, `header_year`, `max_individual_events_per_session`, `is_out_of_season`, `edition_type_id`, `timing_type_id`, `individual_score_computation_type_id`, `relay_score_computation_type_id`, `team_score_computation_type_id`, `meeting_score_computation_type_id`, `invitation`, `is_confirmed`)
  VALUES (16264, 'TROFEO CITT DI BUONCONVENTO', NULL, 0, 1, NULL, NULL, NULL, 'Virtus Buonconvento', 0, 0, 0, 2, '?', 7, 162, 2, '2016-10-28 14:53:44', '2016-10-28 14:53:44', 1, '2017-01-21', 'buonconvento', '2017', 0, 0, 2, 3, 1, 1, 12, 1, NULL, 0);
INSERT INTO `meeting_sessions` (`id`, `session_order`, `scheduled_date`, `warm_up_time`, `begin_time`, `notes`, `meeting_id`, `swimming_pool_id`, `user_id`, `created_at`, `updated_at`, `description`, `is_autofilled`, `day_part_type_id`)
  VALUES (2025, 1, '2017-01-21', '2000-01-01 00:00:00', '2000-01-01 00:00:00', '', 16264, 93, 2, '2016-10-28 14:53:44', '2016-10-28 14:53:44', 'FINALI', 1, 2);
INSERT INTO `meeting_events` (`id`, `created_at`, `updated_at`, `event_order`, `begin_time`, `is_out_of_race`, `is_autofilled`, `notes`, `meeting_session_id`, `event_type_id`, `heat_type_id`, `user_id`, `has_separate_gender_start_list`, `has_separate_category_start_list`)
  VALUES (10453, '2016-10-28 14:53:44', '2016-10-28 14:53:44', 1, '2000-01-01 08:02:00', 0, 1, NULL, 2025, 16, 3, 1, 1, 0);
INSERT INTO `meeting_events` (`id`, `created_at`, `updated_at`, `event_order`, `begin_time`, `is_out_of_race`, `is_autofilled`, `notes`, `meeting_session_id`, `event_type_id`, `heat_type_id`, `user_id`, `has_separate_gender_start_list`, `has_separate_category_start_list`)
  VALUES (10454, '2016-10-28 14:53:44', '2016-10-28 14:53:44', 2, '2000-01-01 08:30:00', 0, 1, NULL, 2025, 12, 3, 1, 1, 0);
INSERT INTO `meeting_events` (`id`, `created_at`, `updated_at`, `event_order`, `begin_time`, `is_out_of_race`, `is_autofilled`, `notes`, `meeting_session_id`, `event_type_id`, `heat_type_id`, `user_id`, `has_separate_gender_start_list`, `has_separate_category_start_list`)
  VALUES (10455, '2016-10-28 14:53:44', '2016-10-28 14:53:44', 3, '2000-01-01 08:48:00', 0, 1, NULL, 2025, 20, 3, 1, 1, 0);
INSERT INTO `meeting_events` (`id`, `created_at`, `updated_at`, `event_order`, `begin_time`, `is_out_of_race`, `is_autofilled`, `notes`, `meeting_session_id`, `event_type_id`, `heat_type_id`, `user_id`, `has_separate_gender_start_list`, `has_separate_category_start_list`)
  VALUES (10456, '2016-10-28 14:53:44', '2016-10-28 14:53:44', 4, '2000-01-01 09:16:00', 0, 1, NULL, 2025, 23, 3, 1, 1, 0);
INSERT INTO `meeting_events` (`id`, `created_at`, `updated_at`, `event_order`, `begin_time`, `is_out_of_race`, `is_autofilled`, `notes`, `meeting_session_id`, `event_type_id`, `heat_type_id`, `user_id`, `has_separate_gender_start_list`, `has_separate_category_start_list`)
  VALUES (10457, '2016-10-28 14:53:44', '2016-10-28 14:53:44', 5, '2000-01-01 09:38:00', 0, 1, NULL, 2025, 4, 3, 1, 1, 0);
INSERT INTO `meeting_events` (`id`, `created_at`, `updated_at`, `event_order`, `begin_time`, `is_out_of_race`, `is_autofilled`, `notes`, `meeting_session_id`, `event_type_id`, `heat_type_id`, `user_id`, `has_separate_gender_start_list`, `has_separate_category_start_list`)
  VALUES (10458, '2016-10-28 14:53:44', '2016-10-28 14:53:44', 6, '2000-01-01 10:12:00', 0, 1, NULL, 2025, 15, 3, 1, 1, 0);
INSERT INTO `meeting_events` (`id`, `created_at`, `updated_at`, `event_order`, `begin_time`, `is_out_of_race`, `is_autofilled`, `notes`, `meeting_session_id`, `event_type_id`, `heat_type_id`, `user_id`, `has_separate_gender_start_list`, `has_separate_category_start_list`)
  VALUES (10459, '2016-10-28 14:53:44', '2016-10-28 14:53:44', 7, '2000-01-01 10:46:00', 0, 1, NULL, 2025, 11, 3, 1, 1, 0);
INSERT INTO `meeting_events` (`id`, `created_at`, `updated_at`, `event_order`, `begin_time`, `is_out_of_race`, `is_autofilled`, `notes`, `meeting_session_id`, `event_type_id`, `heat_type_id`, `user_id`, `has_separate_gender_start_list`, `has_separate_category_start_list`)
  VALUES (10460, '2016-10-28 14:53:44', '2016-10-28 14:53:44', 8, '2000-01-01 11:20:00', 0, 1, NULL, 2025, 19, 3, 1, 1, 0);
INSERT INTO `meeting_events` (`id`, `created_at`, `updated_at`, `event_order`, `begin_time`, `is_out_of_race`, `is_autofilled`, `notes`, `meeting_session_id`, `event_type_id`, `heat_type_id`, `user_id`, `has_separate_gender_start_list`, `has_separate_category_start_list`)
  VALUES (10461, '2016-10-28 14:53:44', '2016-10-28 14:53:44', 9, '2000-01-01 11:58:00', 0, 1, NULL, 2025, 2, 3, 1, 1, 0);
INSERT INTO `meeting_events` (`id`, `created_at`, `updated_at`, `event_order`, `begin_time`, `is_out_of_race`, `is_autofilled`, `notes`, `meeting_session_id`, `event_type_id`, `heat_type_id`, `user_id`, `has_separate_gender_start_list`, `has_separate_category_start_list`)
  VALUES (10462, '2016-10-28 14:53:44', '2016-10-28 14:53:44', 10, '2000-01-01 12:36:30', 0, 1, NULL, 2025, 33, 3, 1, 1, 0);
INSERT INTO `meeting_events` (`id`, `created_at`, `updated_at`, `event_order`, `begin_time`, `is_out_of_race`, `is_autofilled`, `notes`, `meeting_session_id`, `event_type_id`, `heat_type_id`, `user_id`, `has_separate_gender_start_list`, `has_separate_category_start_list`)
  VALUES (10463, '2016-10-28 14:53:44', '2016-10-28 14:53:44', 11, '2000-01-01 12:35:30', 0, 1, NULL, 2025, 32, 3, 1, 1, 0);
INSERT INTO `meeting_sessions` (`id`, `session_order`, `scheduled_date`, `warm_up_time`, `begin_time`, `notes`, `meeting_id`, `swimming_pool_id`, `user_id`, `created_at`, `updated_at`, `description`, `is_autofilled`, `day_part_type_id`)
  VALUES (2026, 2, '2017-01-22', '2000-01-01 00:00:00', '2000-01-01 00:00:00', '', 16264, 93, 2, '2016-10-28 14:53:44', '2016-10-28 14:53:44', 'FINALI', 1, 1);

-- 15265-sorirnsori TROFEO RN SORI 2016-01-17
INSERT INTO `meetings` (`id`, `description`, `entry_deadline`, `has_warm_up_pool`, `is_under_25_admitted`, `reference_phone`, `reference_e_mail`, `reference_name`, `notes`, `has_invitation`, `has_start_list`, `are_results_acquired`, `max_individual_events`, `configuration_file`, `edition`, `season_id`, `user_id`, `created_at`, `updated_at`, `is_autofilled`, `header_date`, `code`, `header_year`, `max_individual_events_per_session`, `is_out_of_season`, `edition_type_id`, `timing_type_id`, `individual_score_computation_type_id`, `relay_score_computation_type_id`, `team_score_computation_type_id`, `meeting_score_computation_type_id`, `invitation`, `is_confirmed`)
  VALUES (16265, 'TROFEO RN SORI', NULL, 0, 1, NULL, NULL, NULL, 'RN Sori', 0, 0, 0, 2, '?', 6, 162, 2, '2016-10-28 14:53:44', '2016-10-28 14:53:44', 1, '2017-01-15', 'sorirnsori', '2017', 0, 0, 2, 3, 1, 1, 12, 1, NULL, 0);
INSERT INTO `meeting_sessions` (`id`, `session_order`, `scheduled_date`, `warm_up_time`, `begin_time`, `notes`, `meeting_id`, `swimming_pool_id`, `user_id`, `created_at`, `updated_at`, `description`, `is_autofilled`, `day_part_type_id`)
  VALUES (2027, 1, '2017-01-15', '2000-01-01 00:00:00', '2000-01-01 00:00:00', '', 16265, 91, 2, '2016-10-28 14:53:44', '2016-10-28 14:53:44', 'FINALI', 1, 1);
INSERT INTO `meeting_events` (`id`, `created_at`, `updated_at`, `event_order`, `begin_time`, `is_out_of_race`, `is_autofilled`, `notes`, `meeting_session_id`, `event_type_id`, `heat_type_id`, `user_id`, `has_separate_gender_start_list`, `has_separate_category_start_list`)
  VALUES (10464, '2016-10-28 14:53:45', '2016-10-28 14:53:45', 1, '2000-01-01 08:02:00', 0, 1, NULL, 2027, 16, 3, 1, 1, 0);
INSERT INTO `meeting_events` (`id`, `created_at`, `updated_at`, `event_order`, `begin_time`, `is_out_of_race`, `is_autofilled`, `notes`, `meeting_session_id`, `event_type_id`, `heat_type_id`, `user_id`, `has_separate_gender_start_list`, `has_separate_category_start_list`)
  VALUES (10465, '2016-10-28 14:53:45', '2016-10-28 14:53:45', 2, '2000-01-01 08:38:00', 0, 1, NULL, 2027, 12, 3, 1, 1, 0);
INSERT INTO `meeting_events` (`id`, `created_at`, `updated_at`, `event_order`, `begin_time`, `is_out_of_race`, `is_autofilled`, `notes`, `meeting_session_id`, `event_type_id`, `heat_type_id`, `user_id`, `has_separate_gender_start_list`, `has_separate_category_start_list`)
  VALUES (10466, '2016-10-28 14:53:45', '2016-10-28 14:53:45', 3, '2000-01-01 09:08:00', 0, 1, NULL, 2027, 22, 3, 1, 1, 0);
INSERT INTO `meeting_events` (`id`, `created_at`, `updated_at`, `event_order`, `begin_time`, `is_out_of_race`, `is_autofilled`, `notes`, `meeting_session_id`, `event_type_id`, `heat_type_id`, `user_id`, `has_separate_gender_start_list`, `has_separate_category_start_list`)
  VALUES (10467, '2016-10-28 14:53:45', '2016-10-28 14:53:45', 4, '2000-01-01 09:40:00', 0, 1, NULL, 2027, 20, 3, 1, 1, 0);
INSERT INTO `meeting_events` (`id`, `created_at`, `updated_at`, `event_order`, `begin_time`, `is_out_of_race`, `is_autofilled`, `notes`, `meeting_session_id`, `event_type_id`, `heat_type_id`, `user_id`, `has_separate_gender_start_list`, `has_separate_category_start_list`)
  VALUES (10468, '2016-10-28 14:53:45', '2016-10-28 14:53:45', 5, '2000-01-01 10:14:00', 0, 1, NULL, 2027, 3, 3, 1, 1, 0);
INSERT INTO `meeting_events` (`id`, `created_at`, `updated_at`, `event_order`, `begin_time`, `is_out_of_race`, `is_autofilled`, `notes`, `meeting_session_id`, `event_type_id`, `heat_type_id`, `user_id`, `has_separate_gender_start_list`, `has_separate_category_start_list`)
  VALUES (10469, '2016-10-28 14:53:45', '2016-10-28 14:53:45', 6, '2000-01-01 10:56:00', 0, 1, NULL, 2027, 15, 3, 1, 1, 0);
INSERT INTO `meeting_events` (`id`, `created_at`, `updated_at`, `event_order`, `begin_time`, `is_out_of_race`, `is_autofilled`, `notes`, `meeting_session_id`, `event_type_id`, `heat_type_id`, `user_id`, `has_separate_gender_start_list`, `has_separate_category_start_list`)
  VALUES (10470, '2016-10-28 14:53:45', '2016-10-28 14:53:45', 7, '2000-01-01 11:26:00', 0, 1, NULL, 2027, 11, 3, 1, 1, 0);
INSERT INTO `meeting_events` (`id`, `created_at`, `updated_at`, `event_order`, `begin_time`, `is_out_of_race`, `is_autofilled`, `notes`, `meeting_session_id`, `event_type_id`, `heat_type_id`, `user_id`, `has_separate_gender_start_list`, `has_separate_category_start_list`)
  VALUES (10471, '2016-10-28 14:53:45', '2016-10-28 14:53:45', 8, '2000-01-01 12:04:00', 0, 1, NULL, 2027, 19, 3, 1, 1, 0);
INSERT INTO `meeting_events` (`id`, `created_at`, `updated_at`, `event_order`, `begin_time`, `is_out_of_race`, `is_autofilled`, `notes`, `meeting_session_id`, `event_type_id`, `heat_type_id`, `user_id`, `has_separate_gender_start_list`, `has_separate_category_start_list`)
  VALUES (10472, '2016-10-28 14:53:45', '2016-10-28 14:53:45', 9, '2000-01-01 12:40:00', 0, 1, NULL, 2027, 2, 3, 1, 1, 0);
INSERT INTO `meeting_events` (`id`, `created_at`, `updated_at`, `event_order`, `begin_time`, `is_out_of_race`, `is_autofilled`, `notes`, `meeting_session_id`, `event_type_id`, `heat_type_id`, `user_id`, `has_separate_gender_start_list`, `has_separate_category_start_list`)
  VALUES (10473, '2016-10-28 14:53:45', '2016-10-28 14:53:45', 10, '2000-01-01 13:20:30', 0, 1, NULL, 2027, 25, 3, 1, 1, 0);

-- 15266-bolzanodelledolomiti TROFEO DELLE DOLOMITI 2016-01-24
INSERT INTO `meetings` (`id`, `description`, `entry_deadline`, `has_warm_up_pool`, `is_under_25_admitted`, `reference_phone`, `reference_e_mail`, `reference_name`, `notes`, `has_invitation`, `has_start_list`, `are_results_acquired`, `max_individual_events`, `configuration_file`, `edition`, `season_id`, `user_id`, `created_at`, `updated_at`, `is_autofilled`, `header_date`, `code`, `header_year`, `max_individual_events_per_session`, `is_out_of_season`, `edition_type_id`, `timing_type_id`, `individual_score_computation_type_id`, `relay_score_computation_type_id`, `team_score_computation_type_id`, `meeting_score_computation_type_id`, `invitation`, `is_confirmed`)
  VALUES (16266, 'TROFEO DELLE DOLOMITI', NULL, 0, 1, NULL, NULL, NULL, 'Bolzano Nuoto Master', 0, 0, 0, 2, '?', 19, 162, 2, '2016-10-28 14:53:45', '2016-10-28 14:53:45', 1, '2017-01-22', 'bolzanodelledolomiti', '2016', 0, 0, 2, 3, 1, 1, 12, 1, NULL, 0);
INSERT INTO `meeting_sessions` (`id`, `session_order`, `scheduled_date`, `warm_up_time`, `begin_time`, `notes`, `meeting_id`, `swimming_pool_id`, `user_id`, `created_at`, `updated_at`, `description`, `is_autofilled`, `day_part_type_id`)
  VALUES (2028, 1, '2017-01-22', '2000-01-01 00:00:00', '2000-01-01 00:00:00', '', 16266, 87, 2, '2016-10-28 14:53:45', '2016-10-28 14:53:45', 'FINALI', 1, 1);
INSERT INTO `meeting_events` (`id`, `created_at`, `updated_at`, `event_order`, `begin_time`, `is_out_of_race`, `is_autofilled`, `notes`, `meeting_session_id`, `event_type_id`, `heat_type_id`, `user_id`, `has_separate_gender_start_list`, `has_separate_category_start_list`)
  VALUES (10474, '2016-10-28 14:53:45', '2016-10-28 14:53:45', 1, '2000-01-01 08:02:00', 0, 1, NULL, 2028, 16, 3, 1, 1, 0);
INSERT INTO `meeting_events` (`id`, `created_at`, `updated_at`, `event_order`, `begin_time`, `is_out_of_race`, `is_autofilled`, `notes`, `meeting_session_id`, `event_type_id`, `heat_type_id`, `user_id`, `has_separate_gender_start_list`, `has_separate_category_start_list`)
  VALUES (10475, '2016-10-28 14:53:45', '2016-10-28 14:53:45', 2, '2000-01-01 08:32:00', 0, 1, NULL, 2028, 12, 3, 1, 1, 0);
INSERT INTO `meeting_events` (`id`, `created_at`, `updated_at`, `event_order`, `begin_time`, `is_out_of_race`, `is_autofilled`, `notes`, `meeting_session_id`, `event_type_id`, `heat_type_id`, `user_id`, `has_separate_gender_start_list`, `has_separate_category_start_list`)
  VALUES (10476, '2016-10-28 14:53:45', '2016-10-28 14:53:45', 3, '2000-01-01 08:50:00', 0, 1, NULL, 2028, 20, 3, 1, 1, 0);
INSERT INTO `meeting_events` (`id`, `created_at`, `updated_at`, `event_order`, `begin_time`, `is_out_of_race`, `is_autofilled`, `notes`, `meeting_session_id`, `event_type_id`, `heat_type_id`, `user_id`, `has_separate_gender_start_list`, `has_separate_category_start_list`)
  VALUES (10477, '2016-10-28 14:53:45', '2016-10-28 14:53:45', 4, '2000-01-01 09:24:00', 0, 1, NULL, 2028, 3, 3, 1, 1, 0);
INSERT INTO `meeting_events` (`id`, `created_at`, `updated_at`, `event_order`, `begin_time`, `is_out_of_race`, `is_autofilled`, `notes`, `meeting_session_id`, `event_type_id`, `heat_type_id`, `user_id`, `has_separate_gender_start_list`, `has_separate_category_start_list`)
  VALUES (10478, '2016-10-28 14:53:45', '2016-10-28 14:53:45', 5, '2000-01-01 09:56:00', 0, 1, NULL, 2028, 23, 3, 1, 1, 0);
INSERT INTO `meeting_events` (`id`, `created_at`, `updated_at`, `event_order`, `begin_time`, `is_out_of_race`, `is_autofilled`, `notes`, `meeting_session_id`, `event_type_id`, `heat_type_id`, `user_id`, `has_separate_gender_start_list`, `has_separate_category_start_list`)
  VALUES (10479, '2016-10-28 14:53:45', '2016-10-28 14:53:45', 6, '2000-01-01 10:20:00', 0, 1, NULL, 2028, 5, 3, 1, 1, 0);
INSERT INTO `meeting_events` (`id`, `created_at`, `updated_at`, `event_order`, `begin_time`, `is_out_of_race`, `is_autofilled`, `notes`, `meeting_session_id`, `event_type_id`, `heat_type_id`, `user_id`, `has_separate_gender_start_list`, `has_separate_category_start_list`)
  VALUES (10480, '2016-10-28 14:53:45', '2016-10-28 14:53:45', 7, '2000-01-01 10:54:00', 0, 1, NULL, 2028, 15, 3, 1, 1, 0);
INSERT INTO `meeting_events` (`id`, `created_at`, `updated_at`, `event_order`, `begin_time`, `is_out_of_race`, `is_autofilled`, `notes`, `meeting_session_id`, `event_type_id`, `heat_type_id`, `user_id`, `has_separate_gender_start_list`, `has_separate_category_start_list`)
  VALUES (10481, '2016-10-28 14:53:45', '2016-10-28 14:53:45', 8, '2000-01-01 11:22:00', 0, 1, NULL, 2028, 11, 3, 1, 1, 0);
INSERT INTO `meeting_events` (`id`, `created_at`, `updated_at`, `event_order`, `begin_time`, `is_out_of_race`, `is_autofilled`, `notes`, `meeting_session_id`, `event_type_id`, `heat_type_id`, `user_id`, `has_separate_gender_start_list`, `has_separate_category_start_list`)
  VALUES (10482, '2016-10-28 14:53:45', '2016-10-28 14:53:45', 9, '2000-01-01 11:46:00', 0, 1, NULL, 2028, 19, 3, 1, 1, 0);
INSERT INTO `meeting_events` (`id`, `created_at`, `updated_at`, `event_order`, `begin_time`, `is_out_of_race`, `is_autofilled`, `notes`, `meeting_session_id`, `event_type_id`, `heat_type_id`, `user_id`, `has_separate_gender_start_list`, `has_separate_category_start_list`)
  VALUES (10483, '2016-10-28 14:53:45', '2016-10-28 14:53:45', 10, '2000-01-01 12:28:00', 0, 1, NULL, 2028, 2, 3, 1, 1, 0);
INSERT INTO `meeting_events` (`id`, `created_at`, `updated_at`, `event_order`, `begin_time`, `is_out_of_race`, `is_autofilled`, `notes`, `meeting_session_id`, `event_type_id`, `heat_type_id`, `user_id`, `has_separate_gender_start_list`, `has_separate_category_start_list`)
  VALUES (10484, '2016-10-28 14:53:45', '2016-10-28 14:53:45', 11, '2000-01-01 13:07:01', 0, 1, NULL, 2028, 33, 3, 1, 1, 0);
INSERT INTO `meeting_events` (`id`, `created_at`, `updated_at`, `event_order`, `begin_time`, `is_out_of_race`, `is_autofilled`, `notes`, `meeting_session_id`, `event_type_id`, `heat_type_id`, `user_id`, `has_separate_gender_start_list`, `has_separate_category_start_list`)
  VALUES (10485, '2016-10-28 14:53:45', '2016-10-28 14:53:45', 12, '2000-01-01 13:06:02', 0, 1, NULL, 2028, 25, 3, 1, 1, 0);
INSERT INTO `meeting_sessions` (`id`, `session_order`, `scheduled_date`, `warm_up_time`, `begin_time`, `notes`, `meeting_id`, `swimming_pool_id`, `user_id`, `created_at`, `updated_at`, `description`, `is_autofilled`, `day_part_type_id`)
  VALUES (2029, 2, '2017-01-22', '2000-01-01 00:00:00', '2000-01-01 00:00:00', '', 16266, 87, 2, '2016-10-28 14:53:45', '2016-10-28 14:53:45', 'FINALI', 1, 2);

-- 15267-romaforumsprint TROFEO FORUM SPRINT. 2016-01-17
INSERT INTO `meetings` (`id`, `description`, `entry_deadline`, `has_warm_up_pool`, `is_under_25_admitted`, `reference_phone`, `reference_e_mail`, `reference_name`, `notes`, `has_invitation`, `has_start_list`, `are_results_acquired`, `max_individual_events`, `configuration_file`, `edition`, `season_id`, `user_id`, `created_at`, `updated_at`, `is_autofilled`, `header_date`, `code`, `header_year`, `max_individual_events_per_session`, `is_out_of_season`, `edition_type_id`, `timing_type_id`, `individual_score_computation_type_id`, `relay_score_computation_type_id`, `team_score_computation_type_id`, `meeting_score_computation_type_id`, `invitation`, `is_confirmed`)
  VALUES (16267, 'TROFEO FORUM SPRINT.', NULL, 0, 1, NULL, NULL, NULL, 'Forum SC', 0, 0, 0, 2, '?', 21, 162, 2, '2016-10-28 14:53:45', '2016-10-28 14:53:45', 1, '2017-01-15', 'romaforumsprint', '2017', 0, 0, 2, 3, 1, 1, 12, 1, NULL, 0);
INSERT INTO `meeting_sessions` (`id`, `session_order`, `scheduled_date`, `warm_up_time`, `begin_time`, `notes`, `meeting_id`, `swimming_pool_id`, `user_id`, `created_at`, `updated_at`, `description`, `is_autofilled`, `day_part_type_id`)
  VALUES (2030, 1, '2017-01-15', '2000-01-01 00:00:00', '2000-01-01 00:00:00', '', 16267, 95, 2, '2016-10-28 14:53:45', '2016-10-28 14:53:45', 'FINALI', 1, 1);
INSERT INTO `meeting_events` (`id`, `created_at`, `updated_at`, `event_order`, `begin_time`, `is_out_of_race`, `is_autofilled`, `notes`, `meeting_session_id`, `event_type_id`, `heat_type_id`, `user_id`, `has_separate_gender_start_list`, `has_separate_category_start_list`)
  VALUES (10486, '2016-10-28 14:53:45', '2016-10-28 14:53:45', 1, '2000-01-01 08:04:00', 0, 1, NULL, 2030, 22, 3, 1, 1, 0);
INSERT INTO `meeting_events` (`id`, `created_at`, `updated_at`, `event_order`, `begin_time`, `is_out_of_race`, `is_autofilled`, `notes`, `meeting_session_id`, `event_type_id`, `heat_type_id`, `user_id`, `has_separate_gender_start_list`, `has_separate_category_start_list`)
  VALUES (10487, '2016-10-28 14:53:45', '2016-10-28 14:53:45', 2, '2000-01-01 08:48:00', 0, 1, NULL, 2030, 17, 3, 1, 1, 0);
INSERT INTO `meeting_events` (`id`, `created_at`, `updated_at`, `event_order`, `begin_time`, `is_out_of_race`, `is_autofilled`, `notes`, `meeting_session_id`, `event_type_id`, `heat_type_id`, `user_id`, `has_separate_gender_start_list`, `has_separate_category_start_list`)
  VALUES (10488, '2016-10-28 14:53:45', '2016-10-28 14:53:45', 3, '2000-01-01 09:14:00', 0, 1, NULL, 2030, 13, 3, 1, 1, 0);
INSERT INTO `meeting_events` (`id`, `created_at`, `updated_at`, `event_order`, `begin_time`, `is_out_of_race`, `is_autofilled`, `notes`, `meeting_session_id`, `event_type_id`, `heat_type_id`, `user_id`, `has_separate_gender_start_list`, `has_separate_category_start_list`)
  VALUES (10489, '2016-10-28 14:53:45', '2016-10-28 14:53:45', 4, '2000-01-01 09:34:00', 0, 1, NULL, 2030, 21, 3, 1, 1, 0);
INSERT INTO `meeting_events` (`id`, `created_at`, `updated_at`, `event_order`, `begin_time`, `is_out_of_race`, `is_autofilled`, `notes`, `meeting_session_id`, `event_type_id`, `heat_type_id`, `user_id`, `has_separate_gender_start_list`, `has_separate_category_start_list`)
  VALUES (10490, '2016-10-28 14:53:45', '2016-10-28 14:53:45', 5, '2000-01-01 10:10:00', 0, 1, NULL, 2030, 4, 3, 1, 1, 0);
INSERT INTO `meeting_events` (`id`, `created_at`, `updated_at`, `event_order`, `begin_time`, `is_out_of_race`, `is_autofilled`, `notes`, `meeting_session_id`, `event_type_id`, `heat_type_id`, `user_id`, `has_separate_gender_start_list`, `has_separate_category_start_list`)
  VALUES (10491, '2016-10-28 14:53:45', '2016-10-28 14:53:45', 6, '2000-01-01 10:50:00', 0, 1, NULL, 2030, 15, 3, 1, 1, 0);
INSERT INTO `meeting_events` (`id`, `created_at`, `updated_at`, `event_order`, `begin_time`, `is_out_of_race`, `is_autofilled`, `notes`, `meeting_session_id`, `event_type_id`, `heat_type_id`, `user_id`, `has_separate_gender_start_list`, `has_separate_category_start_list`)
  VALUES (10492, '2016-10-28 14:53:45', '2016-10-28 14:53:45', 7, '2000-01-01 11:36:00', 0, 1, NULL, 2030, 11, 3, 1, 1, 0);
INSERT INTO `meeting_events` (`id`, `created_at`, `updated_at`, `event_order`, `begin_time`, `is_out_of_race`, `is_autofilled`, `notes`, `meeting_session_id`, `event_type_id`, `heat_type_id`, `user_id`, `has_separate_gender_start_list`, `has_separate_category_start_list`)
  VALUES (10493, '2016-10-28 14:53:45', '2016-10-28 14:53:45', 8, '2000-01-01 12:12:00', 0, 1, NULL, 2030, 19, 3, 1, 1, 0);
INSERT INTO `meeting_events` (`id`, `created_at`, `updated_at`, `event_order`, `begin_time`, `is_out_of_race`, `is_autofilled`, `notes`, `meeting_session_id`, `event_type_id`, `heat_type_id`, `user_id`, `has_separate_gender_start_list`, `has_separate_category_start_list`)
  VALUES (10494, '2016-10-28 14:53:45', '2016-10-28 14:53:45', 9, '2000-01-01 12:52:00', 0, 1, NULL, 2030, 2, 3, 1, 1, 0);
INSERT INTO `meeting_sessions` (`id`, `session_order`, `scheduled_date`, `warm_up_time`, `begin_time`, `notes`, `meeting_id`, `swimming_pool_id`, `user_id`, `created_at`, `updated_at`, `description`, `is_autofilled`, `day_part_type_id`)
  VALUES (2031, 2, '2017-01-15', '2000-01-01 00:00:00', '2000-01-01 00:00:00', '', 16267, 95, 2, '2016-10-28 14:53:45', '2016-10-28 14:53:45', 'FINALI', 1, 2);

-- 15268-taorminamaydayitaliamaster TROFEO MAYDAY ITALIA MASTER 2016-01-17
INSERT INTO `meetings` (`id`, `description`, `entry_deadline`, `has_warm_up_pool`, `is_under_25_admitted`, `reference_phone`, `reference_e_mail`, `reference_name`, `notes`, `has_invitation`, `has_start_list`, `are_results_acquired`, `max_individual_events`, `configuration_file`, `edition`, `season_id`, `user_id`, `created_at`, `updated_at`, `is_autofilled`, `header_date`, `code`, `header_year`, `max_individual_events_per_session`, `is_out_of_season`, `edition_type_id`, `timing_type_id`, `individual_score_computation_type_id`, `relay_score_computation_type_id`, `team_score_computation_type_id`, `meeting_score_computation_type_id`, `invitation`, `is_confirmed`)
  VALUES (16268, 'TROFEO MAYDAY ITALIA MASTER', NULL, 0, 1, NULL, NULL, NULL, 'Mayday Italia', 0, 0, 0, 2, '?', 5, 162, 2, '2016-10-28 14:53:45', '2016-10-28 14:53:45', 1, '2017-01-15', 'taorminamaydayitaliamaster', '2017', 0, 0, 2, 3, 1, 1, 12, 1, NULL, 0);
INSERT INTO `meeting_sessions` (`id`, `session_order`, `scheduled_date`, `warm_up_time`, `begin_time`, `notes`, `meeting_id`, `swimming_pool_id`, `user_id`, `created_at`, `updated_at`, `description`, `is_autofilled`, `day_part_type_id`)
  VALUES (2032, 1, '2017-01-15', '2000-01-01 00:00:00', '2000-01-01 00:00:00', '', 16268, 92, 2, '2016-10-28 14:53:45', '2016-10-28 14:53:45', 'FINALI', 1, 1);
INSERT INTO `meeting_events` (`id`, `created_at`, `updated_at`, `event_order`, `begin_time`, `is_out_of_race`, `is_autofilled`, `notes`, `meeting_session_id`, `event_type_id`, `heat_type_id`, `user_id`, `has_separate_gender_start_list`, `has_separate_category_start_list`)
  VALUES (10495, '2016-10-28 14:53:45', '2016-10-28 14:53:45', 1, '2000-01-01 08:02:00', 0, 1, NULL, 2032, 16, 3, 1, 1, 0);
INSERT INTO `meeting_events` (`id`, `created_at`, `updated_at`, `event_order`, `begin_time`, `is_out_of_race`, `is_autofilled`, `notes`, `meeting_session_id`, `event_type_id`, `heat_type_id`, `user_id`, `has_separate_gender_start_list`, `has_separate_category_start_list`)
  VALUES (10496, '2016-10-28 14:53:45', '2016-10-28 14:53:45', 2, '2000-01-01 08:34:00', 0, 1, NULL, 2032, 12, 3, 1, 1, 0);
INSERT INTO `meeting_events` (`id`, `created_at`, `updated_at`, `event_order`, `begin_time`, `is_out_of_race`, `is_autofilled`, `notes`, `meeting_session_id`, `event_type_id`, `heat_type_id`, `user_id`, `has_separate_gender_start_list`, `has_separate_category_start_list`)
  VALUES (10497, '2016-10-28 14:53:45', '2016-10-28 14:53:45', 3, '2000-01-01 09:00:00', 0, 1, NULL, 2032, 22, 3, 1, 1, 0);
INSERT INTO `meeting_events` (`id`, `created_at`, `updated_at`, `event_order`, `begin_time`, `is_out_of_race`, `is_autofilled`, `notes`, `meeting_session_id`, `event_type_id`, `heat_type_id`, `user_id`, `has_separate_gender_start_list`, `has_separate_category_start_list`)
  VALUES (10498, '2016-10-28 14:53:45', '2016-10-28 14:53:45', 4, '2000-01-01 09:40:00', 0, 1, NULL, 2032, 20, 3, 1, 1, 0);
INSERT INTO `meeting_events` (`id`, `created_at`, `updated_at`, `event_order`, `begin_time`, `is_out_of_race`, `is_autofilled`, `notes`, `meeting_session_id`, `event_type_id`, `heat_type_id`, `user_id`, `has_separate_gender_start_list`, `has_separate_category_start_list`)
  VALUES (10499, '2016-10-28 14:53:45', '2016-10-28 14:53:45', 5, '2000-01-01 10:08:00', 0, 1, NULL, 2032, 3, 3, 1, 1, 0);
INSERT INTO `meeting_events` (`id`, `created_at`, `updated_at`, `event_order`, `begin_time`, `is_out_of_race`, `is_autofilled`, `notes`, `meeting_session_id`, `event_type_id`, `heat_type_id`, `user_id`, `has_separate_gender_start_list`, `has_separate_category_start_list`)
  VALUES (10500, '2016-10-28 14:53:45', '2016-10-28 14:53:45', 6, '2000-01-01 10:40:00', 0, 1, NULL, 2032, 4, 3, 1, 1, 0);
INSERT INTO `meeting_events` (`id`, `created_at`, `updated_at`, `event_order`, `begin_time`, `is_out_of_race`, `is_autofilled`, `notes`, `meeting_session_id`, `event_type_id`, `heat_type_id`, `user_id`, `has_separate_gender_start_list`, `has_separate_category_start_list`)
  VALUES (10501, '2016-10-28 14:53:45', '2016-10-28 14:53:45', 7, '2000-01-01 11:16:00', 0, 1, NULL, 2032, 15, 3, 1, 1, 0);
INSERT INTO `meeting_events` (`id`, `created_at`, `updated_at`, `event_order`, `begin_time`, `is_out_of_race`, `is_autofilled`, `notes`, `meeting_session_id`, `event_type_id`, `heat_type_id`, `user_id`, `has_separate_gender_start_list`, `has_separate_category_start_list`)
  VALUES (10502, '2016-10-28 14:53:45', '2016-10-28 14:53:45', 8, '2000-01-01 11:44:00', 0, 1, NULL, 2032, 11, 3, 1, 1, 0);
INSERT INTO `meeting_events` (`id`, `created_at`, `updated_at`, `event_order`, `begin_time`, `is_out_of_race`, `is_autofilled`, `notes`, `meeting_session_id`, `event_type_id`, `heat_type_id`, `user_id`, `has_separate_gender_start_list`, `has_separate_category_start_list`)
  VALUES (10503, '2016-10-28 14:53:45', '2016-10-28 14:53:45', 9, '2000-01-01 12:14:00', 0, 1, NULL, 2032, 19, 3, 1, 1, 0);
INSERT INTO `meeting_events` (`id`, `created_at`, `updated_at`, `event_order`, `begin_time`, `is_out_of_race`, `is_autofilled`, `notes`, `meeting_session_id`, `event_type_id`, `heat_type_id`, `user_id`, `has_separate_gender_start_list`, `has_separate_category_start_list`)
  VALUES (10504, '2016-10-28 14:53:45', '2016-10-28 14:53:45', 10, '2000-01-01 12:50:00', 0, 1, NULL, 2032, 2, 3, 1, 1, 0);
INSERT INTO `meeting_events` (`id`, `created_at`, `updated_at`, `event_order`, `begin_time`, `is_out_of_race`, `is_autofilled`, `notes`, `meeting_session_id`, `event_type_id`, `heat_type_id`, `user_id`, `has_separate_gender_start_list`, `has_separate_category_start_list`)
  VALUES (10505, '2016-10-28 14:53:45', '2016-10-28 14:53:45', 11, '2000-01-01 13:24:30', 0, 1, NULL, 2032, 33, 3, 1, 1, 0);
INSERT INTO `meeting_events` (`id`, `created_at`, `updated_at`, `event_order`, `begin_time`, `is_out_of_race`, `is_autofilled`, `notes`, `meeting_session_id`, `event_type_id`, `heat_type_id`, `user_id`, `has_separate_gender_start_list`, `has_separate_category_start_list`)
  VALUES (10506, '2016-10-28 14:53:45', '2016-10-28 14:53:45', 12, '2000-01-01 13:22:00', 0, 1, NULL, 2032, 25, 3, 1, 1, 0);
INSERT INTO `meeting_sessions` (`id`, `session_order`, `scheduled_date`, `warm_up_time`, `begin_time`, `notes`, `meeting_id`, `swimming_pool_id`, `user_id`, `created_at`, `updated_at`, `description`, `is_autofilled`, `day_part_type_id`)
  VALUES (2033, 2, '2017-01-15', '2000-01-01 00:00:00', '2000-01-01 00:00:00', '', 16268, 92, 2, '2016-10-28 14:53:45', '2016-10-28 14:53:45', 'FINALI', 1, 2);

-- 15269-portici TROFEO DELLA CITT 2016-01-23
INSERT INTO `meetings` (`id`, `description`, `entry_deadline`, `has_warm_up_pool`, `is_under_25_admitted`, `reference_phone`, `reference_e_mail`, `reference_name`, `notes`, `has_invitation`, `has_start_list`, `are_results_acquired`, `max_individual_events`, `configuration_file`, `edition`, `season_id`, `user_id`, `created_at`, `updated_at`, `is_autofilled`, `header_date`, `code`, `header_year`, `max_individual_events_per_session`, `is_out_of_season`, `edition_type_id`, `timing_type_id`, `individual_score_computation_type_id`, `relay_score_computation_type_id`, `team_score_computation_type_id`, `meeting_score_computation_type_id`, `invitation`, `is_confirmed`)
  VALUES (16269, 'TROFEO DELLA CITT', NULL, 0, 1, NULL, NULL, NULL, 'Nuotatori Campani', 0, 0, 0, 2, '?', 8, 162, 2, '2016-10-28 14:53:45', '2016-10-28 14:53:45', 1, '2017-01-21', 'portici', '2017', 0, 0, 2, 3, 1, 1, 12, 1, NULL, 0);
INSERT INTO `meeting_sessions` (`id`, `session_order`, `scheduled_date`, `warm_up_time`, `begin_time`, `notes`, `meeting_id`, `swimming_pool_id`, `user_id`, `created_at`, `updated_at`, `description`, `is_autofilled`, `day_part_type_id`)
  VALUES (2034, 1, '2017-01-21', '2000-01-01 00:00:00', '2000-01-01 00:00:00', '', 16269, 96, 2, '2016-10-28 14:53:45', '2016-10-28 14:53:45', 'FINALI', 1, 1);
INSERT INTO `meeting_events` (`id`, `created_at`, `updated_at`, `event_order`, `begin_time`, `is_out_of_race`, `is_autofilled`, `notes`, `meeting_session_id`, `event_type_id`, `heat_type_id`, `user_id`, `has_separate_gender_start_list`, `has_separate_category_start_list`)
  VALUES (10507, '2016-10-28 14:53:45', '2016-10-28 14:53:45', 1, '2000-01-01 08:02:00', 0, 1, NULL, 2034, 16, 3, 1, 1, 0);
INSERT INTO `meeting_events` (`id`, `created_at`, `updated_at`, `event_order`, `begin_time`, `is_out_of_race`, `is_autofilled`, `notes`, `meeting_session_id`, `event_type_id`, `heat_type_id`, `user_id`, `has_separate_gender_start_list`, `has_separate_category_start_list`)
  VALUES (10508, '2016-10-28 14:53:45', '2016-10-28 14:53:45', 2, '2000-01-01 08:24:00', 0, 1, NULL, 2034, 12, 3, 1, 1, 0);
INSERT INTO `meeting_events` (`id`, `created_at`, `updated_at`, `event_order`, `begin_time`, `is_out_of_race`, `is_autofilled`, `notes`, `meeting_session_id`, `event_type_id`, `heat_type_id`, `user_id`, `has_separate_gender_start_list`, `has_separate_category_start_list`)
  VALUES (10509, '2016-10-28 14:53:45', '2016-10-28 14:53:45', 3, '2000-01-01 08:50:00', 0, 1, NULL, 2034, 20, 3, 1, 1, 0);
INSERT INTO `meeting_events` (`id`, `created_at`, `updated_at`, `event_order`, `begin_time`, `is_out_of_race`, `is_autofilled`, `notes`, `meeting_session_id`, `event_type_id`, `heat_type_id`, `user_id`, `has_separate_gender_start_list`, `has_separate_category_start_list`)
  VALUES (10510, '2016-10-28 14:53:45', '2016-10-28 14:53:45', 4, '2000-01-01 09:32:00', 0, 1, NULL, 2034, 3, 3, 1, 1, 0);
INSERT INTO `meeting_events` (`id`, `created_at`, `updated_at`, `event_order`, `begin_time`, `is_out_of_race`, `is_autofilled`, `notes`, `meeting_session_id`, `event_type_id`, `heat_type_id`, `user_id`, `has_separate_gender_start_list`, `has_separate_category_start_list`)
  VALUES (10511, '2016-10-28 14:53:45', '2016-10-28 14:53:45', 5, '2000-01-01 10:14:00', 0, 1, NULL, 2034, 17, 3, 1, 1, 0);
INSERT INTO `meeting_events` (`id`, `created_at`, `updated_at`, `event_order`, `begin_time`, `is_out_of_race`, `is_autofilled`, `notes`, `meeting_session_id`, `event_type_id`, `heat_type_id`, `user_id`, `has_separate_gender_start_list`, `has_separate_category_start_list`)
  VALUES (10512, '2016-10-28 14:53:45', '2016-10-28 14:53:45', 6, '2000-01-01 10:50:00', 0, 1, NULL, 2034, 13, 3, 1, 1, 0);
INSERT INTO `meeting_events` (`id`, `created_at`, `updated_at`, `event_order`, `begin_time`, `is_out_of_race`, `is_autofilled`, `notes`, `meeting_session_id`, `event_type_id`, `heat_type_id`, `user_id`, `has_separate_gender_start_list`, `has_separate_category_start_list`)
  VALUES (10513, '2016-10-28 14:53:45', '2016-10-28 14:53:45', 7, '2000-01-01 11:08:00', 0, 1, NULL, 2034, 23, 3, 1, 1, 0);
INSERT INTO `meeting_events` (`id`, `created_at`, `updated_at`, `event_order`, `begin_time`, `is_out_of_race`, `is_autofilled`, `notes`, `meeting_session_id`, `event_type_id`, `heat_type_id`, `user_id`, `has_separate_gender_start_list`, `has_separate_category_start_list`)
  VALUES (10514, '2016-10-28 14:53:45', '2016-10-28 14:53:45', 8, '2000-01-01 11:36:00', 0, 1, NULL, 2034, 21, 3, 1, 1, 0);
INSERT INTO `meeting_events` (`id`, `created_at`, `updated_at`, `event_order`, `begin_time`, `is_out_of_race`, `is_autofilled`, `notes`, `meeting_session_id`, `event_type_id`, `heat_type_id`, `user_id`, `has_separate_gender_start_list`, `has_separate_category_start_list`)
  VALUES (10515, '2016-10-28 14:53:45', '2016-10-28 14:53:45', 9, '2000-01-01 12:04:00', 0, 1, NULL, 2034, 4, 3, 1, 1, 0);
INSERT INTO `meeting_events` (`id`, `created_at`, `updated_at`, `event_order`, `begin_time`, `is_out_of_race`, `is_autofilled`, `notes`, `meeting_session_id`, `event_type_id`, `heat_type_id`, `user_id`, `has_separate_gender_start_list`, `has_separate_category_start_list`)
  VALUES (10516, '2016-10-28 14:53:45', '2016-10-28 14:53:45', 10, '2000-01-01 12:42:00', 0, 1, NULL, 2034, 24, 3, 1, 1, 0);
INSERT INTO `meeting_events` (`id`, `created_at`, `updated_at`, `event_order`, `begin_time`, `is_out_of_race`, `is_autofilled`, `notes`, `meeting_session_id`, `event_type_id`, `heat_type_id`, `user_id`, `has_separate_gender_start_list`, `has_separate_category_start_list`)
  VALUES (10517, '2016-10-28 14:53:45', '2016-10-28 14:53:45', 11, '2000-01-01 12:54:00', 0, 1, NULL, 2034, 5, 3, 1, 1, 0);
INSERT INTO `meeting_events` (`id`, `created_at`, `updated_at`, `event_order`, `begin_time`, `is_out_of_race`, `is_autofilled`, `notes`, `meeting_session_id`, `event_type_id`, `heat_type_id`, `user_id`, `has_separate_gender_start_list`, `has_separate_category_start_list`)
  VALUES (10518, '2016-10-28 14:53:45', '2016-10-28 14:53:45', 12, '2000-01-01 13:38:00', 0, 1, NULL, 2034, 15, 3, 1, 1, 0);
INSERT INTO `meeting_events` (`id`, `created_at`, `updated_at`, `event_order`, `begin_time`, `is_out_of_race`, `is_autofilled`, `notes`, `meeting_session_id`, `event_type_id`, `heat_type_id`, `user_id`, `has_separate_gender_start_list`, `has_separate_category_start_list`)
  VALUES (10519, '2016-10-28 14:53:45', '2016-10-28 14:53:45', 13, '2000-01-01 14:20:00', 0, 1, NULL, 2034, 11, 3, 1, 1, 0);
INSERT INTO `meeting_events` (`id`, `created_at`, `updated_at`, `event_order`, `begin_time`, `is_out_of_race`, `is_autofilled`, `notes`, `meeting_session_id`, `event_type_id`, `heat_type_id`, `user_id`, `has_separate_gender_start_list`, `has_separate_category_start_list`)
  VALUES (10520, '2016-10-28 14:53:45', '2016-10-28 14:53:45', 14, '2000-01-01 14:54:00', 0, 1, NULL, 2034, 19, 3, 1, 1, 0);
INSERT INTO `meeting_events` (`id`, `created_at`, `updated_at`, `event_order`, `begin_time`, `is_out_of_race`, `is_autofilled`, `notes`, `meeting_session_id`, `event_type_id`, `heat_type_id`, `user_id`, `has_separate_gender_start_list`, `has_separate_category_start_list`)
  VALUES (10521, '2016-10-28 14:53:45', '2016-10-28 14:53:45', 15, '2000-01-01 15:36:00', 0, 1, NULL, 2034, 2, 3, 1, 1, 0);
INSERT INTO `meeting_events` (`id`, `created_at`, `updated_at`, `event_order`, `begin_time`, `is_out_of_race`, `is_autofilled`, `notes`, `meeting_session_id`, `event_type_id`, `heat_type_id`, `user_id`, `has_separate_gender_start_list`, `has_separate_category_start_list`)
  VALUES (10522, '2016-10-28 14:53:45', '2016-10-28 14:53:45', 16, '2000-01-01 16:28:00', 0, 1, NULL, 2034, 6, 3, 1, 1, 0);
INSERT INTO `meeting_sessions` (`id`, `session_order`, `scheduled_date`, `warm_up_time`, `begin_time`, `notes`, `meeting_id`, `swimming_pool_id`, `user_id`, `created_at`, `updated_at`, `description`, `is_autofilled`, `day_part_type_id`)
  VALUES (2035, 2, '2017-01-21', '2000-01-01 00:00:00', '2000-01-01 00:00:00', '', 16269, 96, 2, '2016-10-28 14:53:45', '2016-10-28 14:53:45', 'FINALI', 1, 2);
INSERT INTO `meeting_sessions` (`id`, `session_order`, `scheduled_date`, `warm_up_time`, `begin_time`, `notes`, `meeting_id`, `swimming_pool_id`, `user_id`, `created_at`, `updated_at`, `description`, `is_autofilled`, `day_part_type_id`)
  VALUES (2036, 3, '2017-01-22', '2000-01-01 00:00:00', '2000-01-01 00:00:00', '', 16269, 96, 2, '2016-10-28 14:53:45', '2016-10-28 14:53:45', 'FINALI', 1, 1);

-- 15270-viterbolarusmaster TROFEO LARUS MASTER 2016-01-23
INSERT INTO `meetings` (`id`, `description`, `entry_deadline`, `has_warm_up_pool`, `is_under_25_admitted`, `reference_phone`, `reference_e_mail`, `reference_name`, `notes`, `has_invitation`, `has_start_list`, `are_results_acquired`, `max_individual_events`, `configuration_file`, `edition`, `season_id`, `user_id`, `created_at`, `updated_at`, `is_autofilled`, `header_date`, `code`, `header_year`, `max_individual_events_per_session`, `is_out_of_season`, `edition_type_id`, `timing_type_id`, `individual_score_computation_type_id`, `relay_score_computation_type_id`, `team_score_computation_type_id`, `meeting_score_computation_type_id`, `invitation`, `is_confirmed`)
  VALUES (16270, 'TROFEO LARUS MASTER', NULL, 0, 1, NULL, NULL, NULL, 'Larus Nuoto', 0, 0, 0, 2, '?', 15, 162, 2, '2016-10-28 14:53:45', '2016-10-28 14:53:45', 1, '2017-01-21', 'viterbolarusmaster', '2017', 0, 0, 2, 3, 1, 1, 12, 1, NULL, 0);
INSERT INTO `meeting_sessions` (`id`, `session_order`, `scheduled_date`, `warm_up_time`, `begin_time`, `notes`, `meeting_id`, `swimming_pool_id`, `user_id`, `created_at`, `updated_at`, `description`, `is_autofilled`, `day_part_type_id`)
  VALUES (2037, 1, '2017-01-21', '2000-01-01 00:00:00', '2000-01-01 00:00:00', '', 16270, 109, 2, '2016-10-28 14:53:46', '2016-10-28 14:53:46', 'FINALI', 1, 2);
INSERT INTO `meeting_events` (`id`, `created_at`, `updated_at`, `event_order`, `begin_time`, `is_out_of_race`, `is_autofilled`, `notes`, `meeting_session_id`, `event_type_id`, `heat_type_id`, `user_id`, `has_separate_gender_start_list`, `has_separate_category_start_list`)
  VALUES (10523, '2016-10-28 14:53:46', '2016-10-28 14:53:46', 1, '2000-01-01 08:02:00', 0, 1, NULL, 2037, 16, 3, 1, 1, 0);
INSERT INTO `meeting_events` (`id`, `created_at`, `updated_at`, `event_order`, `begin_time`, `is_out_of_race`, `is_autofilled`, `notes`, `meeting_session_id`, `event_type_id`, `heat_type_id`, `user_id`, `has_separate_gender_start_list`, `has_separate_category_start_list`)
  VALUES (10524, '2016-10-28 14:53:46', '2016-10-28 14:53:46', 2, '2000-01-01 08:48:00', 0, 1, NULL, 2037, 12, 3, 1, 1, 0);
INSERT INTO `meeting_events` (`id`, `created_at`, `updated_at`, `event_order`, `begin_time`, `is_out_of_race`, `is_autofilled`, `notes`, `meeting_session_id`, `event_type_id`, `heat_type_id`, `user_id`, `has_separate_gender_start_list`, `has_separate_category_start_list`)
  VALUES (10525, '2016-10-28 14:53:46', '2016-10-28 14:53:46', 3, '2000-01-01 09:20:00', 0, 1, NULL, 2037, 22, 3, 1, 1, 0);
INSERT INTO `meeting_events` (`id`, `created_at`, `updated_at`, `event_order`, `begin_time`, `is_out_of_race`, `is_autofilled`, `notes`, `meeting_session_id`, `event_type_id`, `heat_type_id`, `user_id`, `has_separate_gender_start_list`, `has_separate_category_start_list`)
  VALUES (10526, '2016-10-28 14:53:46', '2016-10-28 14:53:46', 4, '2000-01-01 09:54:00', 0, 1, NULL, 2037, 20, 3, 1, 1, 0);
INSERT INTO `meeting_events` (`id`, `created_at`, `updated_at`, `event_order`, `begin_time`, `is_out_of_race`, `is_autofilled`, `notes`, `meeting_session_id`, `event_type_id`, `heat_type_id`, `user_id`, `has_separate_gender_start_list`, `has_separate_category_start_list`)
  VALUES (10527, '2016-10-28 14:53:46', '2016-10-28 14:53:46', 5, '2000-01-01 10:30:00', 0, 1, NULL, 2037, 3, 3, 1, 1, 0);
INSERT INTO `meeting_events` (`id`, `created_at`, `updated_at`, `event_order`, `begin_time`, `is_out_of_race`, `is_autofilled`, `notes`, `meeting_session_id`, `event_type_id`, `heat_type_id`, `user_id`, `has_separate_gender_start_list`, `has_separate_category_start_list`)
  VALUES (10528, '2016-10-28 14:53:46', '2016-10-28 14:53:46', 6, '2000-01-01 11:10:00', 0, 1, NULL, 2037, 17, 3, 1, 1, 0);
INSERT INTO `meeting_events` (`id`, `created_at`, `updated_at`, `event_order`, `begin_time`, `is_out_of_race`, `is_autofilled`, `notes`, `meeting_session_id`, `event_type_id`, `heat_type_id`, `user_id`, `has_separate_gender_start_list`, `has_separate_category_start_list`)
  VALUES (10529, '2016-10-28 14:53:46', '2016-10-28 14:53:46', 7, '2000-01-01 11:38:00', 0, 1, NULL, 2037, 13, 3, 1, 1, 0);
INSERT INTO `meeting_events` (`id`, `created_at`, `updated_at`, `event_order`, `begin_time`, `is_out_of_race`, `is_autofilled`, `notes`, `meeting_session_id`, `event_type_id`, `heat_type_id`, `user_id`, `has_separate_gender_start_list`, `has_separate_category_start_list`)
  VALUES (10530, '2016-10-28 14:53:46', '2016-10-28 14:53:46', 8, '2000-01-01 11:56:00', 0, 1, NULL, 2037, 23, 3, 1, 1, 0);
INSERT INTO `meeting_events` (`id`, `created_at`, `updated_at`, `event_order`, `begin_time`, `is_out_of_race`, `is_autofilled`, `notes`, `meeting_session_id`, `event_type_id`, `heat_type_id`, `user_id`, `has_separate_gender_start_list`, `has_separate_category_start_list`)
  VALUES (10531, '2016-10-28 14:53:46', '2016-10-28 14:53:46', 9, '2000-01-01 12:32:00', 0, 1, NULL, 2037, 21, 3, 1, 1, 0);
INSERT INTO `meeting_events` (`id`, `created_at`, `updated_at`, `event_order`, `begin_time`, `is_out_of_race`, `is_autofilled`, `notes`, `meeting_session_id`, `event_type_id`, `heat_type_id`, `user_id`, `has_separate_gender_start_list`, `has_separate_category_start_list`)
  VALUES (10532, '2016-10-28 14:53:46', '2016-10-28 14:53:46', 10, '2000-01-01 13:08:00', 0, 1, NULL, 2037, 4, 3, 1, 1, 0);
INSERT INTO `meeting_events` (`id`, `created_at`, `updated_at`, `event_order`, `begin_time`, `is_out_of_race`, `is_autofilled`, `notes`, `meeting_session_id`, `event_type_id`, `heat_type_id`, `user_id`, `has_separate_gender_start_list`, `has_separate_category_start_list`)
  VALUES (10533, '2016-10-28 14:53:46', '2016-10-28 14:53:46', 11, '2000-01-01 13:52:00', 0, 1, NULL, 2037, 5, 3, 1, 1, 0);
INSERT INTO `meeting_events` (`id`, `created_at`, `updated_at`, `event_order`, `begin_time`, `is_out_of_race`, `is_autofilled`, `notes`, `meeting_session_id`, `event_type_id`, `heat_type_id`, `user_id`, `has_separate_gender_start_list`, `has_separate_category_start_list`)
  VALUES (10534, '2016-10-28 14:53:46', '2016-10-28 14:53:46', 12, '2000-01-01 14:38:00', 0, 1, NULL, 2037, 15, 3, 1, 1, 0);
INSERT INTO `meeting_events` (`id`, `created_at`, `updated_at`, `event_order`, `begin_time`, `is_out_of_race`, `is_autofilled`, `notes`, `meeting_session_id`, `event_type_id`, `heat_type_id`, `user_id`, `has_separate_gender_start_list`, `has_separate_category_start_list`)
  VALUES (10535, '2016-10-28 14:53:46', '2016-10-28 14:53:46', 13, '2000-01-01 15:22:00', 0, 1, NULL, 2037, 11, 3, 1, 1, 0);
INSERT INTO `meeting_events` (`id`, `created_at`, `updated_at`, `event_order`, `begin_time`, `is_out_of_race`, `is_autofilled`, `notes`, `meeting_session_id`, `event_type_id`, `heat_type_id`, `user_id`, `has_separate_gender_start_list`, `has_separate_category_start_list`)
  VALUES (10536, '2016-10-28 14:53:46', '2016-10-28 14:53:46', 14, '2000-01-01 16:04:00', 0, 1, NULL, 2037, 19, 3, 1, 1, 0);
INSERT INTO `meeting_events` (`id`, `created_at`, `updated_at`, `event_order`, `begin_time`, `is_out_of_race`, `is_autofilled`, `notes`, `meeting_session_id`, `event_type_id`, `heat_type_id`, `user_id`, `has_separate_gender_start_list`, `has_separate_category_start_list`)
  VALUES (10537, '2016-10-28 14:53:46', '2016-10-28 14:53:46', 15, '2000-01-01 16:40:00', 0, 1, NULL, 2037, 2, 3, 1, 1, 0);
INSERT INTO `meeting_events` (`id`, `created_at`, `updated_at`, `event_order`, `begin_time`, `is_out_of_race`, `is_autofilled`, `notes`, `meeting_session_id`, `event_type_id`, `heat_type_id`, `user_id`, `has_separate_gender_start_list`, `has_separate_category_start_list`)
  VALUES (10538, '2016-10-28 14:53:46', '2016-10-28 14:53:46', 16, '2000-01-01 17:14:30', 0, 1, NULL, 2037, 32, 3, 1, 1, 0);
INSERT INTO `meeting_sessions` (`id`, `session_order`, `scheduled_date`, `warm_up_time`, `begin_time`, `notes`, `meeting_id`, `swimming_pool_id`, `user_id`, `created_at`, `updated_at`, `description`, `is_autofilled`, `day_part_type_id`)
  VALUES (2038, 2, '2017-01-22', '2000-01-01 00:00:00', '2000-01-01 00:00:00', '', 16270, 109, 2, '2016-10-28 14:53:46', '2016-10-28 14:53:46', 'FINALI', 1, 1);

-- 15271-certaldodelboccaccio MEETING DEL BOCCACCIO 2016-01-24
INSERT INTO `meetings` (`id`, `description`, `entry_deadline`, `has_warm_up_pool`, `is_under_25_admitted`, `reference_phone`, `reference_e_mail`, `reference_name`, `notes`, `has_invitation`, `has_start_list`, `are_results_acquired`, `max_individual_events`, `configuration_file`, `edition`, `season_id`, `user_id`, `created_at`, `updated_at`, `is_autofilled`, `header_date`, `code`, `header_year`, `max_individual_events_per_session`, `is_out_of_season`, `edition_type_id`, `timing_type_id`, `individual_score_computation_type_id`, `relay_score_computation_type_id`, `team_score_computation_type_id`, `meeting_score_computation_type_id`, `invitation`, `is_confirmed`)
  VALUES (16271, 'MEETING DEL BOCCACCIO', NULL, 0, 1, NULL, NULL, NULL, NULL, 0, 0, 0, 2, '?', 3, 162, 2, '2016-10-28 14:53:46', '2016-10-28 14:53:46', 1, '2017-01-22', 'certaldodelboccaccio', '2017', 0, 0, 2, 3, 1, 1, 12, 1, NULL, 0);
INSERT INTO `meeting_sessions` (`id`, `session_order`, `scheduled_date`, `warm_up_time`, `begin_time`, `notes`, `meeting_id`, `swimming_pool_id`, `user_id`, `created_at`, `updated_at`, `description`, `is_autofilled`, `day_part_type_id`)
  VALUES (2039, 1, '2017-01-22', '2000-01-01 00:00:00', '2000-01-01 00:00:00', '', 16271, 149, 2, '2016-10-28 14:53:46', '2016-10-28 14:53:46', 'FINALI', 1, 1);
INSERT INTO `meeting_sessions` (`id`, `session_order`, `scheduled_date`, `warm_up_time`, `begin_time`, `notes`, `meeting_id`, `swimming_pool_id`, `user_id`, `created_at`, `updated_at`, `description`, `is_autofilled`, `day_part_type_id`)
  VALUES (2040, 2, '2017-01-22', '2000-01-01 00:00:00', '2000-01-01 00:00:00', '', 16271, 149, 2, '2016-10-28 14:53:46', '2016-10-28 14:53:46', 'FINALI', 1, 2);

-- 15272-reglazio REGIONALI LAZIO 2016-02-06
INSERT INTO `meetings` (`id`, `description`, `entry_deadline`, `has_warm_up_pool`, `is_under_25_admitted`, `reference_phone`, `reference_e_mail`, `reference_name`, `notes`, `has_invitation`, `has_start_list`, `are_results_acquired`, `max_individual_events`, `configuration_file`, `edition`, `season_id`, `user_id`, `created_at`, `updated_at`, `is_autofilled`, `header_date`, `code`, `header_year`, `max_individual_events_per_session`, `is_out_of_season`, `edition_type_id`, `timing_type_id`, `individual_score_computation_type_id`, `relay_score_computation_type_id`, `team_score_computation_type_id`, `meeting_score_computation_type_id`, `invitation`, `is_confirmed`)
  VALUES (16272, 'REGIONALI LAZIO', NULL, 0, 1, NULL, NULL, NULL, 'CR Lazio', 0, 0, 0, 2, '?', 2, 162, 2, '2016-10-28 14:53:46', '2016-10-28 14:53:46', 1, '2017-02-04', 'reglazio', '2017', 0, 0, 4, 3, 1, 1, 12, 1, NULL, 0);
INSERT INTO `meeting_sessions` (`id`, `session_order`, `scheduled_date`, `warm_up_time`, `begin_time`, `notes`, `meeting_id`, `swimming_pool_id`, `user_id`, `created_at`, `updated_at`, `description`, `is_autofilled`, `day_part_type_id`)
  VALUES (2041, 1, '2017-02-04', '2000-01-01 00:00:00', '2000-01-01 00:00:00', '', 16272, 148, 2, '2016-10-28 14:53:46', '2016-10-28 14:53:46', 'FINALI', 1, 1);
INSERT INTO `meeting_events` (`id`, `created_at`, `updated_at`, `event_order`, `begin_time`, `is_out_of_race`, `is_autofilled`, `notes`, `meeting_session_id`, `event_type_id`, `heat_type_id`, `user_id`, `has_separate_gender_start_list`, `has_separate_category_start_list`)
  VALUES (10539, '2016-10-28 14:53:46', '2016-10-28 14:53:46', 1, '2000-01-01 08:02:00', 0, 1, NULL, 2041, 16, 3, 1, 1, 0);
INSERT INTO `meeting_events` (`id`, `created_at`, `updated_at`, `event_order`, `begin_time`, `is_out_of_race`, `is_autofilled`, `notes`, `meeting_session_id`, `event_type_id`, `heat_type_id`, `user_id`, `has_separate_gender_start_list`, `has_separate_category_start_list`)
  VALUES (10540, '2016-10-28 14:53:46', '2016-10-28 14:53:46', 2, '2000-01-01 08:44:00', 0, 1, NULL, 2041, 12, 3, 1, 1, 0);
INSERT INTO `meeting_events` (`id`, `created_at`, `updated_at`, `event_order`, `begin_time`, `is_out_of_race`, `is_autofilled`, `notes`, `meeting_session_id`, `event_type_id`, `heat_type_id`, `user_id`, `has_separate_gender_start_list`, `has_separate_category_start_list`)
  VALUES (10541, '2016-10-28 14:53:46', '2016-10-28 14:53:46', 3, '2000-01-01 09:16:00', 0, 1, NULL, 2041, 22, 3, 1, 1, 0);
INSERT INTO `meeting_events` (`id`, `created_at`, `updated_at`, `event_order`, `begin_time`, `is_out_of_race`, `is_autofilled`, `notes`, `meeting_session_id`, `event_type_id`, `heat_type_id`, `user_id`, `has_separate_gender_start_list`, `has_separate_category_start_list`)
  VALUES (10542, '2016-10-28 14:53:46', '2016-10-28 14:53:46', 4, '2000-01-01 09:54:00', 0, 1, NULL, 2041, 20, 3, 1, 1, 0);
INSERT INTO `meeting_events` (`id`, `created_at`, `updated_at`, `event_order`, `begin_time`, `is_out_of_race`, `is_autofilled`, `notes`, `meeting_session_id`, `event_type_id`, `heat_type_id`, `user_id`, `has_separate_gender_start_list`, `has_separate_category_start_list`)
  VALUES (10543, '2016-10-28 14:53:46', '2016-10-28 14:53:46', 5, '2000-01-01 10:36:00', 0, 1, NULL, 2041, 3, 3, 1, 1, 0);
INSERT INTO `meeting_events` (`id`, `created_at`, `updated_at`, `event_order`, `begin_time`, `is_out_of_race`, `is_autofilled`, `notes`, `meeting_session_id`, `event_type_id`, `heat_type_id`, `user_id`, `has_separate_gender_start_list`, `has_separate_category_start_list`)
  VALUES (10544, '2016-10-28 14:53:46', '2016-10-28 14:53:46', 6, '2000-01-01 11:18:00', 0, 1, NULL, 2041, 7, 3, 1, 1, 0);
INSERT INTO `meeting_events` (`id`, `created_at`, `updated_at`, `event_order`, `begin_time`, `is_out_of_race`, `is_autofilled`, `notes`, `meeting_session_id`, `event_type_id`, `heat_type_id`, `user_id`, `has_separate_gender_start_list`, `has_separate_category_start_list`)
  VALUES (10545, '2016-10-28 14:53:46', '2016-10-28 14:53:46', 7, '2000-01-01 11:58:00', 0, 1, NULL, 2041, 17, 3, 1, 1, 0);
INSERT INTO `meeting_events` (`id`, `created_at`, `updated_at`, `event_order`, `begin_time`, `is_out_of_race`, `is_autofilled`, `notes`, `meeting_session_id`, `event_type_id`, `heat_type_id`, `user_id`, `has_separate_gender_start_list`, `has_separate_category_start_list`)
  VALUES (10546, '2016-10-28 14:53:46', '2016-10-28 14:53:46', 8, '2000-01-01 12:40:00', 0, 1, NULL, 2041, 13, 3, 1, 1, 0);
INSERT INTO `meeting_events` (`id`, `created_at`, `updated_at`, `event_order`, `begin_time`, `is_out_of_race`, `is_autofilled`, `notes`, `meeting_session_id`, `event_type_id`, `heat_type_id`, `user_id`, `has_separate_gender_start_list`, `has_separate_category_start_list`)
  VALUES (10547, '2016-10-28 14:53:46', '2016-10-28 14:53:46', 9, '2000-01-01 13:08:00', 0, 1, NULL, 2041, 23, 3, 1, 1, 0);
INSERT INTO `meeting_events` (`id`, `created_at`, `updated_at`, `event_order`, `begin_time`, `is_out_of_race`, `is_autofilled`, `notes`, `meeting_session_id`, `event_type_id`, `heat_type_id`, `user_id`, `has_separate_gender_start_list`, `has_separate_category_start_list`)
  VALUES (10548, '2016-10-28 14:53:46', '2016-10-28 14:53:46', 10, '2000-01-01 13:50:00', 0, 1, NULL, 2041, 21, 3, 1, 1, 0);
INSERT INTO `meeting_events` (`id`, `created_at`, `updated_at`, `event_order`, `begin_time`, `is_out_of_race`, `is_autofilled`, `notes`, `meeting_session_id`, `event_type_id`, `heat_type_id`, `user_id`, `has_separate_gender_start_list`, `has_separate_category_start_list`)
  VALUES (10549, '2016-10-28 14:53:46', '2016-10-28 14:53:46', 11, '2000-01-01 14:30:00', 0, 1, NULL, 2041, 4, 3, 1, 1, 0);
INSERT INTO `meeting_events` (`id`, `created_at`, `updated_at`, `event_order`, `begin_time`, `is_out_of_race`, `is_autofilled`, `notes`, `meeting_session_id`, `event_type_id`, `heat_type_id`, `user_id`, `has_separate_gender_start_list`, `has_separate_category_start_list`)
  VALUES (10550, '2016-10-28 14:53:46', '2016-10-28 14:53:46', 12, '2000-01-01 15:08:00', 0, 1, NULL, 2041, 24, 3, 1, 1, 0);
INSERT INTO `meeting_events` (`id`, `created_at`, `updated_at`, `event_order`, `begin_time`, `is_out_of_race`, `is_autofilled`, `notes`, `meeting_session_id`, `event_type_id`, `heat_type_id`, `user_id`, `has_separate_gender_start_list`, `has_separate_category_start_list`)
  VALUES (10551, '2016-10-28 14:53:46', '2016-10-28 14:53:46', 13, '2000-01-01 15:44:00', 0, 1, NULL, 2041, 5, 3, 1, 1, 0);
INSERT INTO `meeting_events` (`id`, `created_at`, `updated_at`, `event_order`, `begin_time`, `is_out_of_race`, `is_autofilled`, `notes`, `meeting_session_id`, `event_type_id`, `heat_type_id`, `user_id`, `has_separate_gender_start_list`, `has_separate_category_start_list`)
  VALUES (10552, '2016-10-28 14:53:46', '2016-10-28 14:53:46', 14, '2000-01-01 16:24:00', 0, 1, NULL, 2041, 15, 3, 1, 1, 0);
INSERT INTO `meeting_events` (`id`, `created_at`, `updated_at`, `event_order`, `begin_time`, `is_out_of_race`, `is_autofilled`, `notes`, `meeting_session_id`, `event_type_id`, `heat_type_id`, `user_id`, `has_separate_gender_start_list`, `has_separate_category_start_list`)
  VALUES (10553, '2016-10-28 14:53:46', '2016-10-28 14:53:46', 15, '2000-01-01 17:08:00', 0, 1, NULL, 2041, 11, 3, 1, 1, 0);
INSERT INTO `meeting_events` (`id`, `created_at`, `updated_at`, `event_order`, `begin_time`, `is_out_of_race`, `is_autofilled`, `notes`, `meeting_session_id`, `event_type_id`, `heat_type_id`, `user_id`, `has_separate_gender_start_list`, `has_separate_category_start_list`)
  VALUES (10554, '2016-10-28 14:53:46', '2016-10-28 14:53:46', 16, '2000-01-01 17:46:00', 0, 1, NULL, 2041, 19, 3, 1, 1, 0);
INSERT INTO `meeting_events` (`id`, `created_at`, `updated_at`, `event_order`, `begin_time`, `is_out_of_race`, `is_autofilled`, `notes`, `meeting_session_id`, `event_type_id`, `heat_type_id`, `user_id`, `has_separate_gender_start_list`, `has_separate_category_start_list`)
  VALUES (10555, '2016-10-28 14:53:46', '2016-10-28 14:53:46', 17, '2000-01-01 18:30:00', 0, 1, NULL, 2041, 2, 3, 1, 1, 0);
INSERT INTO `meeting_events` (`id`, `created_at`, `updated_at`, `event_order`, `begin_time`, `is_out_of_race`, `is_autofilled`, `notes`, `meeting_session_id`, `event_type_id`, `heat_type_id`, `user_id`, `has_separate_gender_start_list`, `has_separate_category_start_list`)
  VALUES (10556, '2016-10-28 14:53:46', '2016-10-28 14:53:46', 18, '2000-01-01 19:18:00', 0, 1, NULL, 2041, 6, 3, 1, 1, 0);
INSERT INTO `meeting_events` (`id`, `created_at`, `updated_at`, `event_order`, `begin_time`, `is_out_of_race`, `is_autofilled`, `notes`, `meeting_session_id`, `event_type_id`, `heat_type_id`, `user_id`, `has_separate_gender_start_list`, `has_separate_category_start_list`)
  VALUES (10557, '2016-10-28 14:53:46', '2016-10-28 14:53:46', 19, '2000-01-01 20:03:49', 0, 1, NULL, 2041, 33, 3, 1, 1, 0);
INSERT INTO `meeting_events` (`id`, `created_at`, `updated_at`, `event_order`, `begin_time`, `is_out_of_race`, `is_autofilled`, `notes`, `meeting_session_id`, `event_type_id`, `heat_type_id`, `user_id`, `has_separate_gender_start_list`, `has_separate_category_start_list`)
  VALUES (10558, '2016-10-28 14:53:46', '2016-10-28 14:53:46', 20, '2000-01-01 20:24:11', 0, 1, NULL, 2041, 32, 3, 1, 1, 0);
INSERT INTO `meeting_events` (`id`, `created_at`, `updated_at`, `event_order`, `begin_time`, `is_out_of_race`, `is_autofilled`, `notes`, `meeting_session_id`, `event_type_id`, `heat_type_id`, `user_id`, `has_separate_gender_start_list`, `has_separate_category_start_list`)
  VALUES (10559, '2016-10-28 14:53:46', '2016-10-28 14:53:46', 21, '2000-01-01 20:01:11', 0, 1, NULL, 2041, 26, 3, 1, 1, 0);
INSERT INTO `meeting_events` (`id`, `created_at`, `updated_at`, `event_order`, `begin_time`, `is_out_of_race`, `is_autofilled`, `notes`, `meeting_session_id`, `event_type_id`, `heat_type_id`, `user_id`, `has_separate_gender_start_list`, `has_separate_category_start_list`)
  VALUES (10560, '2016-10-28 14:53:46', '2016-10-28 14:53:46', 22, '2000-01-01 19:15:11', 0, 1, NULL, 2041, 25, 3, 1, 1, 0);

-- 15273-cataniasagata TROFEO S. AGATA 2016-01-31
INSERT INTO `meetings` (`id`, `description`, `entry_deadline`, `has_warm_up_pool`, `is_under_25_admitted`, `reference_phone`, `reference_e_mail`, `reference_name`, `notes`, `has_invitation`, `has_start_list`, `are_results_acquired`, `max_individual_events`, `configuration_file`, `edition`, `season_id`, `user_id`, `created_at`, `updated_at`, `is_autofilled`, `header_date`, `code`, `header_year`, `max_individual_events_per_session`, `is_out_of_season`, `edition_type_id`, `timing_type_id`, `individual_score_computation_type_id`, `relay_score_computation_type_id`, `team_score_computation_type_id`, `meeting_score_computation_type_id`, `invitation`, `is_confirmed`)
  VALUES (16273, 'TROFEO S. AGATA', NULL, 0, 1, NULL, NULL, NULL, 'SC Catania', 0, 0, 0, 2, '?', 13, 162, 2, '2016-10-28 14:53:46', '2016-10-28 14:53:46', 1, '2017-01-29', 'cataniasagata', '2017', 0, 0, 2, 3, 1, 1, 12, 1, NULL, 0);
INSERT INTO `meeting_sessions` (`id`, `session_order`, `scheduled_date`, `warm_up_time`, `begin_time`, `notes`, `meeting_id`, `swimming_pool_id`, `user_id`, `created_at`, `updated_at`, `description`, `is_autofilled`, `day_part_type_id`)
  VALUES (2042, 1, '2017-01-29', '2000-01-01 00:00:00', '2000-01-01 00:00:00', '', 16273, 97, 2, '2016-10-28 14:53:46', '2016-10-28 14:53:46', 'FINALI', 1, 1);
INSERT INTO `meeting_events` (`id`, `created_at`, `updated_at`, `event_order`, `begin_time`, `is_out_of_race`, `is_autofilled`, `notes`, `meeting_session_id`, `event_type_id`, `heat_type_id`, `user_id`, `has_separate_gender_start_list`, `has_separate_category_start_list`)
  VALUES (10561, '2016-10-28 14:53:46', '2016-10-28 14:53:46', 1, '2000-01-01 08:02:00', 0, 1, NULL, 2042, 16, 3, 1, 1, 0);
INSERT INTO `meeting_events` (`id`, `created_at`, `updated_at`, `event_order`, `begin_time`, `is_out_of_race`, `is_autofilled`, `notes`, `meeting_session_id`, `event_type_id`, `heat_type_id`, `user_id`, `has_separate_gender_start_list`, `has_separate_category_start_list`)
  VALUES (10562, '2016-10-28 14:53:46', '2016-10-28 14:53:46', 2, '2000-01-01 08:38:00', 0, 1, NULL, 2042, 12, 3, 1, 1, 0);
INSERT INTO `meeting_events` (`id`, `created_at`, `updated_at`, `event_order`, `begin_time`, `is_out_of_race`, `is_autofilled`, `notes`, `meeting_session_id`, `event_type_id`, `heat_type_id`, `user_id`, `has_separate_gender_start_list`, `has_separate_category_start_list`)
  VALUES (10563, '2016-10-28 14:53:46', '2016-10-28 14:53:46', 3, '2000-01-01 09:00:00', 0, 1, NULL, 2042, 20, 3, 1, 1, 0);
INSERT INTO `meeting_events` (`id`, `created_at`, `updated_at`, `event_order`, `begin_time`, `is_out_of_race`, `is_autofilled`, `notes`, `meeting_session_id`, `event_type_id`, `heat_type_id`, `user_id`, `has_separate_gender_start_list`, `has_separate_category_start_list`)
  VALUES (10564, '2016-10-28 14:53:46', '2016-10-28 14:53:46', 4, '2000-01-01 09:38:00', 0, 1, NULL, 2042, 23, 3, 1, 1, 0);
INSERT INTO `meeting_events` (`id`, `created_at`, `updated_at`, `event_order`, `begin_time`, `is_out_of_race`, `is_autofilled`, `notes`, `meeting_session_id`, `event_type_id`, `heat_type_id`, `user_id`, `has_separate_gender_start_list`, `has_separate_category_start_list`)
  VALUES (10565, '2016-10-28 14:53:46', '2016-10-28 14:53:46', 5, '2000-01-01 10:04:00', 0, 1, NULL, 2042, 4, 3, 1, 1, 0);
INSERT INTO `meeting_events` (`id`, `created_at`, `updated_at`, `event_order`, `begin_time`, `is_out_of_race`, `is_autofilled`, `notes`, `meeting_session_id`, `event_type_id`, `heat_type_id`, `user_id`, `has_separate_gender_start_list`, `has_separate_category_start_list`)
  VALUES (10566, '2016-10-28 14:53:46', '2016-10-28 14:53:46', 6, '2000-01-01 10:40:00', 0, 1, NULL, 2042, 15, 3, 1, 1, 0);
INSERT INTO `meeting_events` (`id`, `created_at`, `updated_at`, `event_order`, `begin_time`, `is_out_of_race`, `is_autofilled`, `notes`, `meeting_session_id`, `event_type_id`, `heat_type_id`, `user_id`, `has_separate_gender_start_list`, `has_separate_category_start_list`)
  VALUES (10567, '2016-10-28 14:53:46', '2016-10-28 14:53:46', 7, '2000-01-01 11:20:00', 0, 1, NULL, 2042, 11, 3, 1, 1, 0);
INSERT INTO `meeting_events` (`id`, `created_at`, `updated_at`, `event_order`, `begin_time`, `is_out_of_race`, `is_autofilled`, `notes`, `meeting_session_id`, `event_type_id`, `heat_type_id`, `user_id`, `has_separate_gender_start_list`, `has_separate_category_start_list`)
  VALUES (10568, '2016-10-28 14:53:46', '2016-10-28 14:53:46', 8, '2000-01-01 11:52:00', 0, 1, NULL, 2042, 19, 3, 1, 1, 0);
INSERT INTO `meeting_events` (`id`, `created_at`, `updated_at`, `event_order`, `begin_time`, `is_out_of_race`, `is_autofilled`, `notes`, `meeting_session_id`, `event_type_id`, `heat_type_id`, `user_id`, `has_separate_gender_start_list`, `has_separate_category_start_list`)
  VALUES (10569, '2016-10-28 14:53:46', '2016-10-28 14:53:46', 9, '2000-01-01 12:26:00', 0, 1, NULL, 2042, 2, 3, 1, 1, 0);
INSERT INTO `meeting_events` (`id`, `created_at`, `updated_at`, `event_order`, `begin_time`, `is_out_of_race`, `is_autofilled`, `notes`, `meeting_session_id`, `event_type_id`, `heat_type_id`, `user_id`, `has_separate_gender_start_list`, `has_separate_category_start_list`)
  VALUES (10570, '2016-10-28 14:53:46', '2016-10-28 14:53:46', 10, '2000-01-01 13:06:30', 0, 1, NULL, 2042, 33, 3, 1, 1, 0);
INSERT INTO `meeting_events` (`id`, `created_at`, `updated_at`, `event_order`, `begin_time`, `is_out_of_race`, `is_autofilled`, `notes`, `meeting_session_id`, `event_type_id`, `heat_type_id`, `user_id`, `has_separate_gender_start_list`, `has_separate_category_start_list`)
  VALUES (10571, '2016-10-28 14:53:46', '2016-10-28 14:53:46', 11, '2000-01-01 13:05:30', 0, 1, NULL, 2042, 25, 3, 1, 1, 0);
INSERT INTO `meeting_sessions` (`id`, `session_order`, `scheduled_date`, `warm_up_time`, `begin_time`, `notes`, `meeting_id`, `swimming_pool_id`, `user_id`, `created_at`, `updated_at`, `description`, `is_autofilled`, `day_part_type_id`)
  VALUES (2043, 2, '2017-01-29', '2000-01-01 00:00:00', '2000-01-01 00:00:00', '', 16273, 97, 2, '2016-10-28 14:53:46', '2016-10-28 14:53:46', 'FINALI', 1, 2);

-- 15274-regpuglia REGIONALI PUGLIA 2016-02-07
INSERT INTO `meetings` (`id`, `description`, `entry_deadline`, `has_warm_up_pool`, `is_under_25_admitted`, `reference_phone`, `reference_e_mail`, `reference_name`, `notes`, `has_invitation`, `has_start_list`, `are_results_acquired`, `max_individual_events`, `configuration_file`, `edition`, `season_id`, `user_id`, `created_at`, `updated_at`, `is_autofilled`, `header_date`, `code`, `header_year`, `max_individual_events_per_session`, `is_out_of_season`, `edition_type_id`, `timing_type_id`, `individual_score_computation_type_id`, `relay_score_computation_type_id`, `team_score_computation_type_id`, `meeting_score_computation_type_id`, `invitation`, `is_confirmed`)
  VALUES (16274, 'REGIONALI PUGLIA', NULL, 0, 1, NULL, NULL, NULL, NULL, 0, 0, 0, 2, '?', 2, 162, 2, '2016-10-28 14:53:46', '2016-10-28 14:53:46', 1, '2017-02-05', 'regpuglia', '2017', 0, 0, 4, 3, 1, 1, 12, 1, NULL, 0);
INSERT INTO `meeting_sessions` (`id`, `session_order`, `scheduled_date`, `warm_up_time`, `begin_time`, `notes`, `meeting_id`, `swimming_pool_id`, `user_id`, `created_at`, `updated_at`, `description`, `is_autofilled`, `day_part_type_id`)
  VALUES (2044, 1, '2017-02-05', '2000-01-01 00:00:00', '2000-01-01 00:00:00', '', 16274, 135, 2, '2016-10-28 14:53:46', '2016-10-28 14:53:46', 'FINALI', 1, 1);
INSERT INTO `meeting_events` (`id`, `created_at`, `updated_at`, `event_order`, `begin_time`, `is_out_of_race`, `is_autofilled`, `notes`, `meeting_session_id`, `event_type_id`, `heat_type_id`, `user_id`, `has_separate_gender_start_list`, `has_separate_category_start_list`)
  VALUES (10572, '2016-10-28 14:53:46', '2016-10-28 14:53:46', 1, '2000-01-01 08:02:00', 0, 1, NULL, 2044, 16, 3, 1, 1, 0);
INSERT INTO `meeting_events` (`id`, `created_at`, `updated_at`, `event_order`, `begin_time`, `is_out_of_race`, `is_autofilled`, `notes`, `meeting_session_id`, `event_type_id`, `heat_type_id`, `user_id`, `has_separate_gender_start_list`, `has_separate_category_start_list`)
  VALUES (10573, '2016-10-28 14:53:46', '2016-10-28 14:53:46', 2, '2000-01-01 08:30:00', 0, 1, NULL, 2044, 12, 3, 1, 1, 0);
INSERT INTO `meeting_events` (`id`, `created_at`, `updated_at`, `event_order`, `begin_time`, `is_out_of_race`, `is_autofilled`, `notes`, `meeting_session_id`, `event_type_id`, `heat_type_id`, `user_id`, `has_separate_gender_start_list`, `has_separate_category_start_list`)
  VALUES (10574, '2016-10-28 14:53:46', '2016-10-28 14:53:46', 3, '2000-01-01 08:54:00', 0, 1, NULL, 2044, 22, 3, 1, 1, 0);
INSERT INTO `meeting_events` (`id`, `created_at`, `updated_at`, `event_order`, `begin_time`, `is_out_of_race`, `is_autofilled`, `notes`, `meeting_session_id`, `event_type_id`, `heat_type_id`, `user_id`, `has_separate_gender_start_list`, `has_separate_category_start_list`)
  VALUES (10575, '2016-10-28 14:53:46', '2016-10-28 14:53:46', 4, '2000-01-01 09:32:00', 0, 1, NULL, 2044, 20, 3, 1, 1, 0);
INSERT INTO `meeting_events` (`id`, `created_at`, `updated_at`, `event_order`, `begin_time`, `is_out_of_race`, `is_autofilled`, `notes`, `meeting_session_id`, `event_type_id`, `heat_type_id`, `user_id`, `has_separate_gender_start_list`, `has_separate_category_start_list`)
  VALUES (10576, '2016-10-28 14:53:46', '2016-10-28 14:53:46', 5, '2000-01-01 10:10:00', 0, 1, NULL, 2044, 3, 3, 1, 1, 0);
INSERT INTO `meeting_events` (`id`, `created_at`, `updated_at`, `event_order`, `begin_time`, `is_out_of_race`, `is_autofilled`, `notes`, `meeting_session_id`, `event_type_id`, `heat_type_id`, `user_id`, `has_separate_gender_start_list`, `has_separate_category_start_list`)
  VALUES (10577, '2016-10-28 14:53:46', '2016-10-28 14:53:46', 6, '2000-01-01 10:54:00', 0, 1, NULL, 2044, 7, 3, 1, 1, 0);
INSERT INTO `meeting_events` (`id`, `created_at`, `updated_at`, `event_order`, `begin_time`, `is_out_of_race`, `is_autofilled`, `notes`, `meeting_session_id`, `event_type_id`, `heat_type_id`, `user_id`, `has_separate_gender_start_list`, `has_separate_category_start_list`)
  VALUES (10578, '2016-10-28 14:53:46', '2016-10-28 14:53:46', 7, '2000-01-01 11:26:00', 0, 1, NULL, 2044, 17, 3, 1, 1, 0);
INSERT INTO `meeting_events` (`id`, `created_at`, `updated_at`, `event_order`, `begin_time`, `is_out_of_race`, `is_autofilled`, `notes`, `meeting_session_id`, `event_type_id`, `heat_type_id`, `user_id`, `has_separate_gender_start_list`, `has_separate_category_start_list`)
  VALUES (10579, '2016-10-28 14:53:46', '2016-10-28 14:53:46', 8, '2000-01-01 11:58:00', 0, 1, NULL, 2044, 13, 3, 1, 1, 0);
INSERT INTO `meeting_events` (`id`, `created_at`, `updated_at`, `event_order`, `begin_time`, `is_out_of_race`, `is_autofilled`, `notes`, `meeting_session_id`, `event_type_id`, `heat_type_id`, `user_id`, `has_separate_gender_start_list`, `has_separate_category_start_list`)
  VALUES (10580, '2016-10-28 14:53:46', '2016-10-28 14:53:46', 9, '2000-01-01 12:18:00', 0, 1, NULL, 2044, 23, 3, 1, 1, 0);
INSERT INTO `meeting_events` (`id`, `created_at`, `updated_at`, `event_order`, `begin_time`, `is_out_of_race`, `is_autofilled`, `notes`, `meeting_session_id`, `event_type_id`, `heat_type_id`, `user_id`, `has_separate_gender_start_list`, `has_separate_category_start_list`)
  VALUES (10581, '2016-10-28 14:53:46', '2016-10-28 14:53:46', 10, '2000-01-01 12:42:00', 0, 1, NULL, 2044, 21, 3, 1, 1, 0);
INSERT INTO `meeting_events` (`id`, `created_at`, `updated_at`, `event_order`, `begin_time`, `is_out_of_race`, `is_autofilled`, `notes`, `meeting_session_id`, `event_type_id`, `heat_type_id`, `user_id`, `has_separate_gender_start_list`, `has_separate_category_start_list`)
  VALUES (10582, '2016-10-28 14:53:46', '2016-10-28 14:53:46', 11, '2000-01-01 13:14:00', 0, 1, NULL, 2044, 4, 3, 1, 1, 0);
INSERT INTO `meeting_events` (`id`, `created_at`, `updated_at`, `event_order`, `begin_time`, `is_out_of_race`, `is_autofilled`, `notes`, `meeting_session_id`, `event_type_id`, `heat_type_id`, `user_id`, `has_separate_gender_start_list`, `has_separate_category_start_list`)
  VALUES (10583, '2016-10-28 14:53:46', '2016-10-28 14:53:46', 12, '2000-01-01 13:52:00', 0, 1, NULL, 2044, 24, 3, 1, 1, 0);
INSERT INTO `meeting_events` (`id`, `created_at`, `updated_at`, `event_order`, `begin_time`, `is_out_of_race`, `is_autofilled`, `notes`, `meeting_session_id`, `event_type_id`, `heat_type_id`, `user_id`, `has_separate_gender_start_list`, `has_separate_category_start_list`)
  VALUES (10584, '2016-10-28 14:53:46', '2016-10-28 14:53:46', 13, '2000-01-01 14:12:00', 0, 1, NULL, 2044, 5, 3, 1, 1, 0);
INSERT INTO `meeting_events` (`id`, `created_at`, `updated_at`, `event_order`, `begin_time`, `is_out_of_race`, `is_autofilled`, `notes`, `meeting_session_id`, `event_type_id`, `heat_type_id`, `user_id`, `has_separate_gender_start_list`, `has_separate_category_start_list`)
  VALUES (10585, '2016-10-28 14:53:47', '2016-10-28 14:53:47', 14, '2000-01-01 14:54:00', 0, 1, NULL, 2044, 15, 3, 1, 1, 0);
INSERT INTO `meeting_events` (`id`, `created_at`, `updated_at`, `event_order`, `begin_time`, `is_out_of_race`, `is_autofilled`, `notes`, `meeting_session_id`, `event_type_id`, `heat_type_id`, `user_id`, `has_separate_gender_start_list`, `has_separate_category_start_list`)
  VALUES (10586, '2016-10-28 14:53:47', '2016-10-28 14:53:47', 15, '2000-01-01 15:34:00', 0, 1, NULL, 2044, 11, 3, 1, 1, 0);
INSERT INTO `meeting_events` (`id`, `created_at`, `updated_at`, `event_order`, `begin_time`, `is_out_of_race`, `is_autofilled`, `notes`, `meeting_session_id`, `event_type_id`, `heat_type_id`, `user_id`, `has_separate_gender_start_list`, `has_separate_category_start_list`)
  VALUES (10587, '2016-10-28 14:53:47', '2016-10-28 14:53:47', 16, '2000-01-01 16:14:00', 0, 1, NULL, 2044, 19, 3, 1, 1, 0);
INSERT INTO `meeting_events` (`id`, `created_at`, `updated_at`, `event_order`, `begin_time`, `is_out_of_race`, `is_autofilled`, `notes`, `meeting_session_id`, `event_type_id`, `heat_type_id`, `user_id`, `has_separate_gender_start_list`, `has_separate_category_start_list`)
  VALUES (10588, '2016-10-28 14:53:47', '2016-10-28 14:53:47', 17, '2000-01-01 16:56:00', 0, 1, NULL, 2044, 2, 3, 1, 1, 0);
INSERT INTO `meeting_events` (`id`, `created_at`, `updated_at`, `event_order`, `begin_time`, `is_out_of_race`, `is_autofilled`, `notes`, `meeting_session_id`, `event_type_id`, `heat_type_id`, `user_id`, `has_separate_gender_start_list`, `has_separate_category_start_list`)
  VALUES (10589, '2016-10-28 14:53:47', '2016-10-28 14:53:47', 18, '2000-01-01 17:42:00', 0, 1, NULL, 2044, 6, 3, 1, 1, 0);
INSERT INTO `meeting_events` (`id`, `created_at`, `updated_at`, `event_order`, `begin_time`, `is_out_of_race`, `is_autofilled`, `notes`, `meeting_session_id`, `event_type_id`, `heat_type_id`, `user_id`, `has_separate_gender_start_list`, `has_separate_category_start_list`)
  VALUES (10590, '2016-10-28 14:53:47', '2016-10-28 14:53:47', 19, '2000-01-01 18:06:30', 0, 1, NULL, 2044, 33, 3, 1, 1, 0);
INSERT INTO `meeting_events` (`id`, `created_at`, `updated_at`, `event_order`, `begin_time`, `is_out_of_race`, `is_autofilled`, `notes`, `meeting_session_id`, `event_type_id`, `heat_type_id`, `user_id`, `has_separate_gender_start_list`, `has_separate_category_start_list`)
  VALUES (10591, '2016-10-28 14:53:47', '2016-10-28 14:53:47', 20, '2000-01-01 18:04:00', 0, 1, NULL, 2044, 32, 3, 1, 1, 0);
INSERT INTO `meeting_events` (`id`, `created_at`, `updated_at`, `event_order`, `begin_time`, `is_out_of_race`, `is_autofilled`, `notes`, `meeting_session_id`, `event_type_id`, `heat_type_id`, `user_id`, `has_separate_gender_start_list`, `has_separate_category_start_list`)
  VALUES (10592, '2016-10-28 14:53:47', '2016-10-28 14:53:47', 21, '2000-01-01 17:57:00', 0, 1, NULL, 2044, 26, 3, 1, 1, 0);
INSERT INTO `meeting_events` (`id`, `created_at`, `updated_at`, `event_order`, `begin_time`, `is_out_of_race`, `is_autofilled`, `notes`, `meeting_session_id`, `event_type_id`, `heat_type_id`, `user_id`, `has_separate_gender_start_list`, `has_separate_category_start_list`)
  VALUES (10593, '2016-10-28 14:53:47', '2016-10-28 14:53:47', 22, '2000-01-01 17:45:30', 0, 1, NULL, 2044, 25, 3, 1, 1, 0);

-- 15275-reglombardia REGIONALI LOMBARDIA 2016-02-13
INSERT INTO `meetings` (`id`, `description`, `entry_deadline`, `has_warm_up_pool`, `is_under_25_admitted`, `reference_phone`, `reference_e_mail`, `reference_name`, `notes`, `has_invitation`, `has_start_list`, `are_results_acquired`, `max_individual_events`, `configuration_file`, `edition`, `season_id`, `user_id`, `created_at`, `updated_at`, `is_autofilled`, `header_date`, `code`, `header_year`, `max_individual_events_per_session`, `is_out_of_season`, `edition_type_id`, `timing_type_id`, `individual_score_computation_type_id`, `relay_score_computation_type_id`, `team_score_computation_type_id`, `meeting_score_computation_type_id`, `invitation`, `is_confirmed`)
  VALUES (16275, 'REGIONALI LOMBARDIA', NULL, 0, 1, NULL, NULL, NULL, 'CR Lombardia', 0, 0, 0, 2, '?', 2, 162, 2, '2016-10-28 14:53:47', '2016-10-28 14:53:47', 1, '2017-02-11', 'reglombardia', '2017', 0, 0, 4, 3, 1, 1, 12, 1, NULL, 0);
INSERT INTO `meeting_sessions` (`id`, `session_order`, `scheduled_date`, `warm_up_time`, `begin_time`, `notes`, `meeting_id`, `swimming_pool_id`, `user_id`, `created_at`, `updated_at`, `description`, `is_autofilled`, `day_part_type_id`)
  VALUES (2045, 1, '2017-02-11', '2000-01-01 00:00:00', '2000-01-01 00:00:00', '', 16275, 161, 2, '2016-10-28 14:53:47', '2016-10-28 14:53:47', 'FINALI', 1, 1);
INSERT INTO `meeting_events` (`id`, `created_at`, `updated_at`, `event_order`, `begin_time`, `is_out_of_race`, `is_autofilled`, `notes`, `meeting_session_id`, `event_type_id`, `heat_type_id`, `user_id`, `has_separate_gender_start_list`, `has_separate_category_start_list`)
  VALUES (10594, '2016-10-28 14:53:47', '2016-10-28 14:53:47', 1, '2000-01-01 08:04:00', 0, 1, NULL, 2045, 16, 3, 1, 1, 0);
INSERT INTO `meeting_events` (`id`, `created_at`, `updated_at`, `event_order`, `begin_time`, `is_out_of_race`, `is_autofilled`, `notes`, `meeting_session_id`, `event_type_id`, `heat_type_id`, `user_id`, `has_separate_gender_start_list`, `has_separate_category_start_list`)
  VALUES (10595, '2016-10-28 14:53:47', '2016-10-28 14:53:47', 2, '2000-01-01 08:40:00', 0, 1, NULL, 2045, 12, 3, 1, 1, 0);
INSERT INTO `meeting_events` (`id`, `created_at`, `updated_at`, `event_order`, `begin_time`, `is_out_of_race`, `is_autofilled`, `notes`, `meeting_session_id`, `event_type_id`, `heat_type_id`, `user_id`, `has_separate_gender_start_list`, `has_separate_category_start_list`)
  VALUES (10596, '2016-10-28 14:53:47', '2016-10-28 14:53:47', 3, '2000-01-01 09:20:00', 0, 1, NULL, 2045, 22, 3, 1, 1, 0);
INSERT INTO `meeting_events` (`id`, `created_at`, `updated_at`, `event_order`, `begin_time`, `is_out_of_race`, `is_autofilled`, `notes`, `meeting_session_id`, `event_type_id`, `heat_type_id`, `user_id`, `has_separate_gender_start_list`, `has_separate_category_start_list`)
  VALUES (10597, '2016-10-28 14:53:47', '2016-10-28 14:53:47', 4, '2000-01-01 10:00:00', 0, 1, NULL, 2045, 20, 3, 1, 1, 0);
INSERT INTO `meeting_events` (`id`, `created_at`, `updated_at`, `event_order`, `begin_time`, `is_out_of_race`, `is_autofilled`, `notes`, `meeting_session_id`, `event_type_id`, `heat_type_id`, `user_id`, `has_separate_gender_start_list`, `has_separate_category_start_list`)
  VALUES (10598, '2016-10-28 14:53:47', '2016-10-28 14:53:47', 5, '2000-01-01 10:40:00', 0, 1, NULL, 2045, 3, 3, 1, 1, 0);
INSERT INTO `meeting_events` (`id`, `created_at`, `updated_at`, `event_order`, `begin_time`, `is_out_of_race`, `is_autofilled`, `notes`, `meeting_session_id`, `event_type_id`, `heat_type_id`, `user_id`, `has_separate_gender_start_list`, `has_separate_category_start_list`)
  VALUES (10599, '2016-10-28 14:53:47', '2016-10-28 14:53:47', 6, '2000-01-01 11:24:00', 0, 1, NULL, 2045, 7, 3, 1, 1, 0);
INSERT INTO `meeting_events` (`id`, `created_at`, `updated_at`, `event_order`, `begin_time`, `is_out_of_race`, `is_autofilled`, `notes`, `meeting_session_id`, `event_type_id`, `heat_type_id`, `user_id`, `has_separate_gender_start_list`, `has_separate_category_start_list`)
  VALUES (10600, '2016-10-28 14:53:47', '2016-10-28 14:53:47', 7, '2000-01-01 12:06:00', 0, 1, NULL, 2045, 17, 3, 1, 1, 0);
INSERT INTO `meeting_events` (`id`, `created_at`, `updated_at`, `event_order`, `begin_time`, `is_out_of_race`, `is_autofilled`, `notes`, `meeting_session_id`, `event_type_id`, `heat_type_id`, `user_id`, `has_separate_gender_start_list`, `has_separate_category_start_list`)
  VALUES (10601, '2016-10-28 14:53:47', '2016-10-28 14:53:47', 8, '2000-01-01 12:46:00', 0, 1, NULL, 2045, 13, 3, 1, 1, 0);
INSERT INTO `meeting_events` (`id`, `created_at`, `updated_at`, `event_order`, `begin_time`, `is_out_of_race`, `is_autofilled`, `notes`, `meeting_session_id`, `event_type_id`, `heat_type_id`, `user_id`, `has_separate_gender_start_list`, `has_separate_category_start_list`)
  VALUES (10602, '2016-10-28 14:53:47', '2016-10-28 14:53:47', 9, '2000-01-01 13:14:00', 0, 1, NULL, 2045, 23, 3, 1, 1, 0);
INSERT INTO `meeting_events` (`id`, `created_at`, `updated_at`, `event_order`, `begin_time`, `is_out_of_race`, `is_autofilled`, `notes`, `meeting_session_id`, `event_type_id`, `heat_type_id`, `user_id`, `has_separate_gender_start_list`, `has_separate_category_start_list`)
  VALUES (10603, '2016-10-28 14:53:47', '2016-10-28 14:53:47', 10, '2000-01-01 13:54:00', 0, 1, NULL, 2045, 21, 3, 1, 1, 0);
INSERT INTO `meeting_events` (`id`, `created_at`, `updated_at`, `event_order`, `begin_time`, `is_out_of_race`, `is_autofilled`, `notes`, `meeting_session_id`, `event_type_id`, `heat_type_id`, `user_id`, `has_separate_gender_start_list`, `has_separate_category_start_list`)
  VALUES (10604, '2016-10-28 14:53:47', '2016-10-28 14:53:47', 11, '2000-01-01 14:32:00', 0, 1, NULL, 2045, 4, 3, 1, 1, 0);
INSERT INTO `meeting_events` (`id`, `created_at`, `updated_at`, `event_order`, `begin_time`, `is_out_of_race`, `is_autofilled`, `notes`, `meeting_session_id`, `event_type_id`, `heat_type_id`, `user_id`, `has_separate_gender_start_list`, `has_separate_category_start_list`)
  VALUES (10605, '2016-10-28 14:53:47', '2016-10-28 14:53:47', 12, '2000-01-01 15:12:00', 0, 1, NULL, 2045, 24, 3, 1, 1, 0);
INSERT INTO `meeting_events` (`id`, `created_at`, `updated_at`, `event_order`, `begin_time`, `is_out_of_race`, `is_autofilled`, `notes`, `meeting_session_id`, `event_type_id`, `heat_type_id`, `user_id`, `has_separate_gender_start_list`, `has_separate_category_start_list`)
  VALUES (10606, '2016-10-28 14:53:47', '2016-10-28 14:53:47', 13, '2000-01-01 15:46:00', 0, 1, NULL, 2045, 5, 3, 1, 1, 0);
INSERT INTO `meeting_events` (`id`, `created_at`, `updated_at`, `event_order`, `begin_time`, `is_out_of_race`, `is_autofilled`, `notes`, `meeting_session_id`, `event_type_id`, `heat_type_id`, `user_id`, `has_separate_gender_start_list`, `has_separate_category_start_list`)
  VALUES (10607, '2016-10-28 14:53:47', '2016-10-28 14:53:47', 14, '2000-01-01 16:22:00', 0, 1, NULL, 2045, 15, 3, 1, 1, 0);
INSERT INTO `meeting_events` (`id`, `created_at`, `updated_at`, `event_order`, `begin_time`, `is_out_of_race`, `is_autofilled`, `notes`, `meeting_session_id`, `event_type_id`, `heat_type_id`, `user_id`, `has_separate_gender_start_list`, `has_separate_category_start_list`)
  VALUES (10608, '2016-10-28 14:53:47', '2016-10-28 14:53:47', 15, '2000-01-01 17:02:00', 0, 1, NULL, 2045, 11, 3, 1, 1, 0);
INSERT INTO `meeting_events` (`id`, `created_at`, `updated_at`, `event_order`, `begin_time`, `is_out_of_race`, `is_autofilled`, `notes`, `meeting_session_id`, `event_type_id`, `heat_type_id`, `user_id`, `has_separate_gender_start_list`, `has_separate_category_start_list`)
  VALUES (10609, '2016-10-28 14:53:47', '2016-10-28 14:53:47', 16, '2000-01-01 17:42:00', 0, 1, NULL, 2045, 19, 3, 1, 1, 0);
INSERT INTO `meeting_events` (`id`, `created_at`, `updated_at`, `event_order`, `begin_time`, `is_out_of_race`, `is_autofilled`, `notes`, `meeting_session_id`, `event_type_id`, `heat_type_id`, `user_id`, `has_separate_gender_start_list`, `has_separate_category_start_list`)
  VALUES (10610, '2016-10-28 14:53:47', '2016-10-28 14:53:47', 17, '2000-01-01 18:26:00', 0, 1, NULL, 2045, 2, 3, 1, 1, 0);
INSERT INTO `meeting_events` (`id`, `created_at`, `updated_at`, `event_order`, `begin_time`, `is_out_of_race`, `is_autofilled`, `notes`, `meeting_session_id`, `event_type_id`, `heat_type_id`, `user_id`, `has_separate_gender_start_list`, `has_separate_category_start_list`)
  VALUES (10611, '2016-10-28 14:53:47', '2016-10-28 14:53:47', 18, '2000-01-01 19:12:00', 0, 1, NULL, 2045, 6, 3, 1, 1, 0);
INSERT INTO `meeting_events` (`id`, `created_at`, `updated_at`, `event_order`, `begin_time`, `is_out_of_race`, `is_autofilled`, `notes`, `meeting_session_id`, `event_type_id`, `heat_type_id`, `user_id`, `has_separate_gender_start_list`, `has_separate_category_start_list`)
  VALUES (10612, '2016-10-28 14:53:47', '2016-10-28 14:53:47', 19, '2000-01-01 19:56:29', 0, 1, NULL, 2045, 33, 3, 1, 1, 0);
INSERT INTO `meeting_events` (`id`, `created_at`, `updated_at`, `event_order`, `begin_time`, `is_out_of_race`, `is_autofilled`, `notes`, `meeting_session_id`, `event_type_id`, `heat_type_id`, `user_id`, `has_separate_gender_start_list`, `has_separate_category_start_list`)
  VALUES (10613, '2016-10-28 14:53:47', '2016-10-28 14:53:47', 20, '2000-01-01 20:06:58', 0, 1, NULL, 2045, 32, 3, 1, 1, 0);
INSERT INTO `meeting_events` (`id`, `created_at`, `updated_at`, `event_order`, `begin_time`, `is_out_of_race`, `is_autofilled`, `notes`, `meeting_session_id`, `event_type_id`, `heat_type_id`, `user_id`, `has_separate_gender_start_list`, `has_separate_category_start_list`)
  VALUES (10614, '2016-10-28 14:53:47', '2016-10-28 14:53:47', 21, '2000-01-01 19:40:54', 0, 1, NULL, 2045, 26, 3, 1, 1, 0);
INSERT INTO `meeting_events` (`id`, `created_at`, `updated_at`, `event_order`, `begin_time`, `is_out_of_race`, `is_autofilled`, `notes`, `meeting_session_id`, `event_type_id`, `heat_type_id`, `user_id`, `has_separate_gender_start_list`, `has_separate_category_start_list`)
  VALUES (10615, '2016-10-28 14:53:47', '2016-10-28 14:53:47', 22, '2000-01-01 19:01:17', 0, 1, NULL, 2045, 25, 3, 1, 1, 0);

-- 15276-regvenetoefriuli REGIONALI VENETO E FRIULI 2016-02-07
INSERT INTO `meetings` (`id`, `description`, `entry_deadline`, `has_warm_up_pool`, `is_under_25_admitted`, `reference_phone`, `reference_e_mail`, `reference_name`, `notes`, `has_invitation`, `has_start_list`, `are_results_acquired`, `max_individual_events`, `configuration_file`, `edition`, `season_id`, `user_id`, `created_at`, `updated_at`, `is_autofilled`, `header_date`, `code`, `header_year`, `max_individual_events_per_session`, `is_out_of_season`, `edition_type_id`, `timing_type_id`, `individual_score_computation_type_id`, `relay_score_computation_type_id`, `team_score_computation_type_id`, `meeting_score_computation_type_id`, `invitation`, `is_confirmed`)
  VALUES (16276, 'REGIONALI VENETO E FRIULI', NULL, 0, 1, NULL, NULL, NULL, 'CR FVG', 0, 0, 0, 2, '?', 2, 162, 2, '2016-10-28 14:53:47', '2016-10-28 14:53:47', 1, '2017-02-05', 'regvenetoefriuli', '2017', 0, 0, 4, 3, 1, 1, 12, 1, NULL, 0);
INSERT INTO `meeting_sessions` (`id`, `session_order`, `scheduled_date`, `warm_up_time`, `begin_time`, `notes`, `meeting_id`, `swimming_pool_id`, `user_id`, `created_at`, `updated_at`, `description`, `is_autofilled`, `day_part_type_id`)
  VALUES (2046, 1, '2017-02-05', '2000-01-01 00:00:00', '2000-01-01 00:00:00', '', 16276, 191, 2, '2016-10-28 14:53:47', '2016-10-28 14:53:47', 'FINALI', 1, 1);
INSERT INTO `meeting_events` (`id`, `created_at`, `updated_at`, `event_order`, `begin_time`, `is_out_of_race`, `is_autofilled`, `notes`, `meeting_session_id`, `event_type_id`, `heat_type_id`, `user_id`, `has_separate_gender_start_list`, `has_separate_category_start_list`)
  VALUES (10616, '2016-10-28 14:53:47', '2016-10-28 14:53:47', 1, '2000-01-01 08:02:00', 0, 1, NULL, 2046, 16, 3, 1, 1, 0);
INSERT INTO `meeting_events` (`id`, `created_at`, `updated_at`, `event_order`, `begin_time`, `is_out_of_race`, `is_autofilled`, `notes`, `meeting_session_id`, `event_type_id`, `heat_type_id`, `user_id`, `has_separate_gender_start_list`, `has_separate_category_start_list`)
  VALUES (10617, '2016-10-28 14:53:47', '2016-10-28 14:53:47', 2, '2000-01-01 08:28:00', 0, 1, NULL, 2046, 12, 3, 1, 1, 0);
INSERT INTO `meeting_events` (`id`, `created_at`, `updated_at`, `event_order`, `begin_time`, `is_out_of_race`, `is_autofilled`, `notes`, `meeting_session_id`, `event_type_id`, `heat_type_id`, `user_id`, `has_separate_gender_start_list`, `has_separate_category_start_list`)
  VALUES (10618, '2016-10-28 14:53:47', '2016-10-28 14:53:47', 3, '2000-01-01 08:50:00', 0, 1, NULL, 2046, 22, 3, 1, 1, 0);
INSERT INTO `meeting_events` (`id`, `created_at`, `updated_at`, `event_order`, `begin_time`, `is_out_of_race`, `is_autofilled`, `notes`, `meeting_session_id`, `event_type_id`, `heat_type_id`, `user_id`, `has_separate_gender_start_list`, `has_separate_category_start_list`)
  VALUES (10619, '2016-10-28 14:53:47', '2016-10-28 14:53:47', 4, '2000-01-01 09:18:00', 0, 1, NULL, 2046, 20, 3, 1, 1, 0);
INSERT INTO `meeting_events` (`id`, `created_at`, `updated_at`, `event_order`, `begin_time`, `is_out_of_race`, `is_autofilled`, `notes`, `meeting_session_id`, `event_type_id`, `heat_type_id`, `user_id`, `has_separate_gender_start_list`, `has_separate_category_start_list`)
  VALUES (10620, '2016-10-28 14:53:47', '2016-10-28 14:53:47', 5, '2000-01-01 09:40:00', 0, 1, NULL, 2046, 3, 3, 1, 1, 0);
INSERT INTO `meeting_events` (`id`, `created_at`, `updated_at`, `event_order`, `begin_time`, `is_out_of_race`, `is_autofilled`, `notes`, `meeting_session_id`, `event_type_id`, `heat_type_id`, `user_id`, `has_separate_gender_start_list`, `has_separate_category_start_list`)
  VALUES (10621, '2016-10-28 14:53:47', '2016-10-28 14:53:47', 6, '2000-01-01 10:06:00', 0, 1, NULL, 2046, 17, 3, 1, 1, 0);
INSERT INTO `meeting_events` (`id`, `created_at`, `updated_at`, `event_order`, `begin_time`, `is_out_of_race`, `is_autofilled`, `notes`, `meeting_session_id`, `event_type_id`, `heat_type_id`, `user_id`, `has_separate_gender_start_list`, `has_separate_category_start_list`)
  VALUES (10622, '2016-10-28 14:53:47', '2016-10-28 14:53:47', 7, '2000-01-01 10:34:00', 0, 1, NULL, 2046, 13, 3, 1, 1, 0);
INSERT INTO `meeting_events` (`id`, `created_at`, `updated_at`, `event_order`, `begin_time`, `is_out_of_race`, `is_autofilled`, `notes`, `meeting_session_id`, `event_type_id`, `heat_type_id`, `user_id`, `has_separate_gender_start_list`, `has_separate_category_start_list`)
  VALUES (10623, '2016-10-28 14:53:47', '2016-10-28 14:53:47', 8, '2000-01-01 10:48:00', 0, 1, NULL, 2046, 23, 3, 1, 1, 0);
INSERT INTO `meeting_events` (`id`, `created_at`, `updated_at`, `event_order`, `begin_time`, `is_out_of_race`, `is_autofilled`, `notes`, `meeting_session_id`, `event_type_id`, `heat_type_id`, `user_id`, `has_separate_gender_start_list`, `has_separate_category_start_list`)
  VALUES (10624, '2016-10-28 14:53:47', '2016-10-28 14:53:47', 9, '2000-01-01 11:12:00', 0, 1, NULL, 2046, 21, 3, 1, 1, 0);
INSERT INTO `meeting_events` (`id`, `created_at`, `updated_at`, `event_order`, `begin_time`, `is_out_of_race`, `is_autofilled`, `notes`, `meeting_session_id`, `event_type_id`, `heat_type_id`, `user_id`, `has_separate_gender_start_list`, `has_separate_category_start_list`)
  VALUES (10625, '2016-10-28 14:53:47', '2016-10-28 14:53:47', 10, '2000-01-01 11:34:00', 0, 1, NULL, 2046, 4, 3, 1, 1, 0);
INSERT INTO `meeting_events` (`id`, `created_at`, `updated_at`, `event_order`, `begin_time`, `is_out_of_race`, `is_autofilled`, `notes`, `meeting_session_id`, `event_type_id`, `heat_type_id`, `user_id`, `has_separate_gender_start_list`, `has_separate_category_start_list`)
  VALUES (10626, '2016-10-28 14:53:47', '2016-10-28 14:53:47', 11, '2000-01-01 12:00:00', 0, 1, NULL, 2046, 24, 3, 1, 1, 0);
INSERT INTO `meeting_events` (`id`, `created_at`, `updated_at`, `event_order`, `begin_time`, `is_out_of_race`, `is_autofilled`, `notes`, `meeting_session_id`, `event_type_id`, `heat_type_id`, `user_id`, `has_separate_gender_start_list`, `has_separate_category_start_list`)
  VALUES (10627, '2016-10-28 14:53:47', '2016-10-28 14:53:47', 12, '2000-01-01 12:20:00', 0, 1, NULL, 2046, 5, 3, 1, 1, 0);
INSERT INTO `meeting_events` (`id`, `created_at`, `updated_at`, `event_order`, `begin_time`, `is_out_of_race`, `is_autofilled`, `notes`, `meeting_session_id`, `event_type_id`, `heat_type_id`, `user_id`, `has_separate_gender_start_list`, `has_separate_category_start_list`)
  VALUES (10628, '2016-10-28 14:53:47', '2016-10-28 14:53:47', 13, '2000-01-01 12:54:00', 0, 1, NULL, 2046, 15, 3, 1, 1, 0);
INSERT INTO `meeting_events` (`id`, `created_at`, `updated_at`, `event_order`, `begin_time`, `is_out_of_race`, `is_autofilled`, `notes`, `meeting_session_id`, `event_type_id`, `heat_type_id`, `user_id`, `has_separate_gender_start_list`, `has_separate_category_start_list`)
  VALUES (10629, '2016-10-28 14:53:47', '2016-10-28 14:53:47', 14, '2000-01-01 13:22:00', 0, 1, NULL, 2046, 11, 3, 1, 1, 0);
INSERT INTO `meeting_events` (`id`, `created_at`, `updated_at`, `event_order`, `begin_time`, `is_out_of_race`, `is_autofilled`, `notes`, `meeting_session_id`, `event_type_id`, `heat_type_id`, `user_id`, `has_separate_gender_start_list`, `has_separate_category_start_list`)
  VALUES (10630, '2016-10-28 14:53:47', '2016-10-28 14:53:47', 15, '2000-01-01 13:50:00', 0, 1, NULL, 2046, 19, 3, 1, 1, 0);
INSERT INTO `meeting_events` (`id`, `created_at`, `updated_at`, `event_order`, `begin_time`, `is_out_of_race`, `is_autofilled`, `notes`, `meeting_session_id`, `event_type_id`, `heat_type_id`, `user_id`, `has_separate_gender_start_list`, `has_separate_category_start_list`)
  VALUES (10631, '2016-10-28 14:53:47', '2016-10-28 14:53:47', 16, '2000-01-01 14:20:00', 0, 1, NULL, 2046, 2, 3, 1, 1, 0);
INSERT INTO `meeting_events` (`id`, `created_at`, `updated_at`, `event_order`, `begin_time`, `is_out_of_race`, `is_autofilled`, `notes`, `meeting_session_id`, `event_type_id`, `heat_type_id`, `user_id`, `has_separate_gender_start_list`, `has_separate_category_start_list`)
  VALUES (10632, '2016-10-28 14:53:47', '2016-10-28 14:53:47', 17, '2000-01-01 14:58:00', 0, 1, NULL, 2046, 6, 3, 1, 1, 0);
INSERT INTO `meeting_events` (`id`, `created_at`, `updated_at`, `event_order`, `begin_time`, `is_out_of_race`, `is_autofilled`, `notes`, `meeting_session_id`, `event_type_id`, `heat_type_id`, `user_id`, `has_separate_gender_start_list`, `has_separate_category_start_list`)
  VALUES (10633, '2016-10-28 14:53:47', '2016-10-28 14:53:47', 18, '2000-01-01 15:39:54', 0, 1, NULL, 2046, 33, 3, 1, 1, 0);
INSERT INTO `meeting_events` (`id`, `created_at`, `updated_at`, `event_order`, `begin_time`, `is_out_of_race`, `is_autofilled`, `notes`, `meeting_session_id`, `event_type_id`, `heat_type_id`, `user_id`, `has_separate_gender_start_list`, `has_separate_category_start_list`)
  VALUES (10634, '2016-10-28 14:53:47', '2016-10-28 14:53:47', 19, '2000-01-01 15:49:48', 0, 1, NULL, 2046, 32, 3, 1, 1, 0);
INSERT INTO `meeting_events` (`id`, `created_at`, `updated_at`, `event_order`, `begin_time`, `is_out_of_race`, `is_autofilled`, `notes`, `meeting_session_id`, `event_type_id`, `heat_type_id`, `user_id`, `has_separate_gender_start_list`, `has_separate_category_start_list`)
  VALUES (10635, '2016-10-28 14:53:47', '2016-10-28 14:53:47', 20, '2000-01-01 15:38:30', 0, 1, NULL, 2046, 26, 3, 1, 1, 0);
INSERT INTO `meeting_events` (`id`, `created_at`, `updated_at`, `event_order`, `begin_time`, `is_out_of_race`, `is_autofilled`, `notes`, `meeting_session_id`, `event_type_id`, `heat_type_id`, `user_id`, `has_separate_gender_start_list`, `has_separate_category_start_list`)
  VALUES (10636, '2016-10-28 14:53:47', '2016-10-28 14:53:47', 21, '2000-01-01 14:52:48', 0, 1, NULL, 2046, 25, 3, 1, 1, 0);

-- 15277-regsicilia REGIONALI SICILIA 2016-02-12
INSERT INTO `meetings` (`id`, `description`, `entry_deadline`, `has_warm_up_pool`, `is_under_25_admitted`, `reference_phone`, `reference_e_mail`, `reference_name`, `notes`, `has_invitation`, `has_start_list`, `are_results_acquired`, `max_individual_events`, `configuration_file`, `edition`, `season_id`, `user_id`, `created_at`, `updated_at`, `is_autofilled`, `header_date`, `code`, `header_year`, `max_individual_events_per_session`, `is_out_of_season`, `edition_type_id`, `timing_type_id`, `individual_score_computation_type_id`, `relay_score_computation_type_id`, `team_score_computation_type_id`, `meeting_score_computation_type_id`, `invitation`, `is_confirmed`)
  VALUES (16277, 'REGIONALI SICILIA', NULL, 0, 1, NULL, NULL, NULL, 'CR Sicilia', 0, 0, 0, 2, '?', 2, 162, 2, '2016-10-28 14:53:47', '2016-10-28 14:53:47', 1, '2017-02-10', 'regsicilia', '2017', 0, 0, 4, 3, 1, 1, 12, 1, NULL, 0);
INSERT INTO `meeting_sessions` (`id`, `session_order`, `scheduled_date`, `warm_up_time`, `begin_time`, `notes`, `meeting_id`, `swimming_pool_id`, `user_id`, `created_at`, `updated_at`, `description`, `is_autofilled`, `day_part_type_id`)
  VALUES (2047, 1, '2017-02-10', '2000-01-01 00:00:00', '2000-01-01 00:00:00', '', 16277, 163, 2, '2016-10-28 14:53:47', '2016-10-28 14:53:47', 'FINALI', 1, 1);
INSERT INTO `meeting_events` (`id`, `created_at`, `updated_at`, `event_order`, `begin_time`, `is_out_of_race`, `is_autofilled`, `notes`, `meeting_session_id`, `event_type_id`, `heat_type_id`, `user_id`, `has_separate_gender_start_list`, `has_separate_category_start_list`)
  VALUES (10637, '2016-10-28 14:53:47', '2016-10-28 14:53:47', 1, '2000-01-01 08:02:00', 0, 1, NULL, 2047, 16, 3, 1, 1, 0);
INSERT INTO `meeting_events` (`id`, `created_at`, `updated_at`, `event_order`, `begin_time`, `is_out_of_race`, `is_autofilled`, `notes`, `meeting_session_id`, `event_type_id`, `heat_type_id`, `user_id`, `has_separate_gender_start_list`, `has_separate_category_start_list`)
  VALUES (10638, '2016-10-28 14:53:47', '2016-10-28 14:53:47', 2, '2000-01-01 08:38:00', 0, 1, NULL, 2047, 12, 3, 1, 1, 0);
INSERT INTO `meeting_events` (`id`, `created_at`, `updated_at`, `event_order`, `begin_time`, `is_out_of_race`, `is_autofilled`, `notes`, `meeting_session_id`, `event_type_id`, `heat_type_id`, `user_id`, `has_separate_gender_start_list`, `has_separate_category_start_list`)
  VALUES (10639, '2016-10-28 14:53:47', '2016-10-28 14:53:47', 3, '2000-01-01 09:02:00', 0, 1, NULL, 2047, 20, 3, 1, 1, 0);
INSERT INTO `meeting_events` (`id`, `created_at`, `updated_at`, `event_order`, `begin_time`, `is_out_of_race`, `is_autofilled`, `notes`, `meeting_session_id`, `event_type_id`, `heat_type_id`, `user_id`, `has_separate_gender_start_list`, `has_separate_category_start_list`)
  VALUES (10640, '2016-10-28 14:53:47', '2016-10-28 14:53:47', 4, '2000-01-01 09:38:00', 0, 1, NULL, 2047, 3, 3, 1, 1, 0);
INSERT INTO `meeting_events` (`id`, `created_at`, `updated_at`, `event_order`, `begin_time`, `is_out_of_race`, `is_autofilled`, `notes`, `meeting_session_id`, `event_type_id`, `heat_type_id`, `user_id`, `has_separate_gender_start_list`, `has_separate_category_start_list`)
  VALUES (10641, '2016-10-28 14:53:47', '2016-10-28 14:53:47', 5, '2000-01-01 10:20:00', 0, 1, NULL, 2047, 17, 3, 1, 1, 0);
INSERT INTO `meeting_events` (`id`, `created_at`, `updated_at`, `event_order`, `begin_time`, `is_out_of_race`, `is_autofilled`, `notes`, `meeting_session_id`, `event_type_id`, `heat_type_id`, `user_id`, `has_separate_gender_start_list`, `has_separate_category_start_list`)
  VALUES (10642, '2016-10-28 14:53:47', '2016-10-28 14:53:47', 6, '2000-01-01 10:54:00', 0, 1, NULL, 2047, 13, 3, 1, 1, 0);
INSERT INTO `meeting_events` (`id`, `created_at`, `updated_at`, `event_order`, `begin_time`, `is_out_of_race`, `is_autofilled`, `notes`, `meeting_session_id`, `event_type_id`, `heat_type_id`, `user_id`, `has_separate_gender_start_list`, `has_separate_category_start_list`)
  VALUES (10643, '2016-10-28 14:53:47', '2016-10-28 14:53:47', 7, '2000-01-01 11:08:00', 0, 1, NULL, 2047, 23, 3, 1, 1, 0);
INSERT INTO `meeting_events` (`id`, `created_at`, `updated_at`, `event_order`, `begin_time`, `is_out_of_race`, `is_autofilled`, `notes`, `meeting_session_id`, `event_type_id`, `heat_type_id`, `user_id`, `has_separate_gender_start_list`, `has_separate_category_start_list`)
  VALUES (10644, '2016-10-28 14:53:47', '2016-10-28 14:53:47', 8, '2000-01-01 11:36:00', 0, 1, NULL, 2047, 21, 3, 1, 1, 0);
INSERT INTO `meeting_events` (`id`, `created_at`, `updated_at`, `event_order`, `begin_time`, `is_out_of_race`, `is_autofilled`, `notes`, `meeting_session_id`, `event_type_id`, `heat_type_id`, `user_id`, `has_separate_gender_start_list`, `has_separate_category_start_list`)
  VALUES (10645, '2016-10-28 14:53:47', '2016-10-28 14:53:47', 9, '2000-01-01 12:06:00', 0, 1, NULL, 2047, 4, 3, 1, 1, 0);
INSERT INTO `meeting_events` (`id`, `created_at`, `updated_at`, `event_order`, `begin_time`, `is_out_of_race`, `is_autofilled`, `notes`, `meeting_session_id`, `event_type_id`, `heat_type_id`, `user_id`, `has_separate_gender_start_list`, `has_separate_category_start_list`)
  VALUES (10646, '2016-10-28 14:53:47', '2016-10-28 14:53:47', 10, '2000-01-01 12:48:00', 0, 1, NULL, 2047, 24, 3, 1, 1, 0);
INSERT INTO `meeting_events` (`id`, `created_at`, `updated_at`, `event_order`, `begin_time`, `is_out_of_race`, `is_autofilled`, `notes`, `meeting_session_id`, `event_type_id`, `heat_type_id`, `user_id`, `has_separate_gender_start_list`, `has_separate_category_start_list`)
  VALUES (10647, '2016-10-28 14:53:47', '2016-10-28 14:53:47', 11, '2000-01-01 13:14:00', 0, 1, NULL, 2047, 5, 3, 1, 1, 0);
INSERT INTO `meeting_events` (`id`, `created_at`, `updated_at`, `event_order`, `begin_time`, `is_out_of_race`, `is_autofilled`, `notes`, `meeting_session_id`, `event_type_id`, `heat_type_id`, `user_id`, `has_separate_gender_start_list`, `has_separate_category_start_list`)
  VALUES (10648, '2016-10-28 14:53:47', '2016-10-28 14:53:47', 12, '2000-01-01 13:52:00', 0, 1, NULL, 2047, 15, 3, 1, 1, 0);
INSERT INTO `meeting_events` (`id`, `created_at`, `updated_at`, `event_order`, `begin_time`, `is_out_of_race`, `is_autofilled`, `notes`, `meeting_session_id`, `event_type_id`, `heat_type_id`, `user_id`, `has_separate_gender_start_list`, `has_separate_category_start_list`)
  VALUES (10649, '2016-10-28 14:53:47', '2016-10-28 14:53:47', 13, '2000-01-01 14:34:00', 0, 1, NULL, 2047, 11, 3, 1, 1, 0);
INSERT INTO `meeting_events` (`id`, `created_at`, `updated_at`, `event_order`, `begin_time`, `is_out_of_race`, `is_autofilled`, `notes`, `meeting_session_id`, `event_type_id`, `heat_type_id`, `user_id`, `has_separate_gender_start_list`, `has_separate_category_start_list`)
  VALUES (10650, '2016-10-28 14:53:47', '2016-10-28 14:53:47', 14, '2000-01-01 15:04:00', 0, 1, NULL, 2047, 19, 3, 1, 1, 0);
INSERT INTO `meeting_events` (`id`, `created_at`, `updated_at`, `event_order`, `begin_time`, `is_out_of_race`, `is_autofilled`, `notes`, `meeting_session_id`, `event_type_id`, `heat_type_id`, `user_id`, `has_separate_gender_start_list`, `has_separate_category_start_list`)
  VALUES (10651, '2016-10-28 14:53:47', '2016-10-28 14:53:47', 15, '2000-01-01 15:48:00', 0, 1, NULL, 2047, 2, 3, 1, 1, 0);
INSERT INTO `meeting_events` (`id`, `created_at`, `updated_at`, `event_order`, `begin_time`, `is_out_of_race`, `is_autofilled`, `notes`, `meeting_session_id`, `event_type_id`, `heat_type_id`, `user_id`, `has_separate_gender_start_list`, `has_separate_category_start_list`)
  VALUES (10652, '2016-10-28 14:53:47', '2016-10-28 14:53:47', 16, '2000-01-01 16:32:00', 0, 1, NULL, 2047, 6, 3, 1, 1, 0);
INSERT INTO `meeting_events` (`id`, `created_at`, `updated_at`, `event_order`, `begin_time`, `is_out_of_race`, `is_autofilled`, `notes`, `meeting_session_id`, `event_type_id`, `heat_type_id`, `user_id`, `has_separate_gender_start_list`, `has_separate_category_start_list`)
  VALUES (10653, '2016-10-28 14:53:47', '2016-10-28 14:53:47', 17, '2000-01-01 17:18:38', 0, 1, NULL, 2047, 33, 3, 1, 1, 0);
INSERT INTO `meeting_events` (`id`, `created_at`, `updated_at`, `event_order`, `begin_time`, `is_out_of_race`, `is_autofilled`, `notes`, `meeting_session_id`, `event_type_id`, `heat_type_id`, `user_id`, `has_separate_gender_start_list`, `has_separate_category_start_list`)
  VALUES (10654, '2016-10-28 14:53:48', '2016-10-28 14:53:48', 18, '2000-01-01 17:41:22', 0, 1, NULL, 2047, 32, 3, 1, 1, 0);
INSERT INTO `meeting_events` (`id`, `created_at`, `updated_at`, `event_order`, `begin_time`, `is_out_of_race`, `is_autofilled`, `notes`, `meeting_session_id`, `event_type_id`, `heat_type_id`, `user_id`, `has_separate_gender_start_list`, `has_separate_category_start_list`)
  VALUES (10655, '2016-10-28 14:53:48', '2016-10-28 14:53:48', 19, '2000-01-01 17:14:22', 0, 1, NULL, 2047, 26, 3, 1, 1, 0);
INSERT INTO `meeting_events` (`id`, `created_at`, `updated_at`, `event_order`, `begin_time`, `is_out_of_race`, `is_autofilled`, `notes`, `meeting_session_id`, `event_type_id`, `heat_type_id`, `user_id`, `has_separate_gender_start_list`, `has_separate_category_start_list`)
  VALUES (10656, '2016-10-28 14:53:48', '2016-10-28 14:53:48', 20, '2000-01-01 16:01:52', 0, 1, NULL, 2047, 25, 3, 1, 1, 0);

-- 15278-regcampania REGIONALI CAMPANIA 2016-02-13
INSERT INTO `meetings` (`id`, `description`, `entry_deadline`, `has_warm_up_pool`, `is_under_25_admitted`, `reference_phone`, `reference_e_mail`, `reference_name`, `notes`, `has_invitation`, `has_start_list`, `are_results_acquired`, `max_individual_events`, `configuration_file`, `edition`, `season_id`, `user_id`, `created_at`, `updated_at`, `is_autofilled`, `header_date`, `code`, `header_year`, `max_individual_events_per_session`, `is_out_of_season`, `edition_type_id`, `timing_type_id`, `individual_score_computation_type_id`, `relay_score_computation_type_id`, `team_score_computation_type_id`, `meeting_score_computation_type_id`, `invitation`, `is_confirmed`)
  VALUES (16278, 'REGIONALI CAMPANIA', NULL, 0, 1, NULL, NULL, NULL, NULL, 0, 0, 0, 2, '?', 2, 162, 2, '2016-10-28 14:53:48', '2016-10-28 14:53:48', 1, '2017-02-11', 'regcampania', '2017', 0, 0, 4, 3, 1, 1, 12, 1, NULL, 0);
INSERT INTO `meeting_sessions` (`id`, `session_order`, `scheduled_date`, `warm_up_time`, `begin_time`, `notes`, `meeting_id`, `swimming_pool_id`, `user_id`, `created_at`, `updated_at`, `description`, `is_autofilled`, `day_part_type_id`)
  VALUES (2048, 1, '2017-02-11', '2000-01-01 00:00:00', '2000-01-01 00:00:00', '', 16278, 124, 2, '2016-10-28 14:53:48', '2016-10-28 14:53:48', 'FINALI', 1, 1);
INSERT INTO `meeting_events` (`id`, `created_at`, `updated_at`, `event_order`, `begin_time`, `is_out_of_race`, `is_autofilled`, `notes`, `meeting_session_id`, `event_type_id`, `heat_type_id`, `user_id`, `has_separate_gender_start_list`, `has_separate_category_start_list`)
  VALUES (10657, '2016-10-28 14:53:48', '2016-10-28 14:53:48', 1, '2000-01-01 08:02:00', 0, 1, NULL, 2048, 16, 3, 1, 1, 0);
INSERT INTO `meeting_events` (`id`, `created_at`, `updated_at`, `event_order`, `begin_time`, `is_out_of_race`, `is_autofilled`, `notes`, `meeting_session_id`, `event_type_id`, `heat_type_id`, `user_id`, `has_separate_gender_start_list`, `has_separate_category_start_list`)
  VALUES (10658, '2016-10-28 14:53:48', '2016-10-28 14:53:48', 2, '2000-01-01 08:50:00', 0, 1, NULL, 2048, 12, 3, 1, 1, 0);
INSERT INTO `meeting_events` (`id`, `created_at`, `updated_at`, `event_order`, `begin_time`, `is_out_of_race`, `is_autofilled`, `notes`, `meeting_session_id`, `event_type_id`, `heat_type_id`, `user_id`, `has_separate_gender_start_list`, `has_separate_category_start_list`)
  VALUES (10659, '2016-10-28 14:53:48', '2016-10-28 14:53:48', 3, '2000-01-01 09:14:00', 0, 1, NULL, 2048, 22, 3, 1, 1, 0);
INSERT INTO `meeting_events` (`id`, `created_at`, `updated_at`, `event_order`, `begin_time`, `is_out_of_race`, `is_autofilled`, `notes`, `meeting_session_id`, `event_type_id`, `heat_type_id`, `user_id`, `has_separate_gender_start_list`, `has_separate_category_start_list`)
  VALUES (10660, '2016-10-28 14:53:48', '2016-10-28 14:53:48', 4, '2000-01-01 09:54:00', 0, 1, NULL, 2048, 20, 3, 1, 1, 0);
INSERT INTO `meeting_events` (`id`, `created_at`, `updated_at`, `event_order`, `begin_time`, `is_out_of_race`, `is_autofilled`, `notes`, `meeting_session_id`, `event_type_id`, `heat_type_id`, `user_id`, `has_separate_gender_start_list`, `has_separate_category_start_list`)
  VALUES (10661, '2016-10-28 14:53:48', '2016-10-28 14:53:48', 5, '2000-01-01 10:40:00', 0, 1, NULL, 2048, 3, 3, 1, 1, 0);
INSERT INTO `meeting_events` (`id`, `created_at`, `updated_at`, `event_order`, `begin_time`, `is_out_of_race`, `is_autofilled`, `notes`, `meeting_session_id`, `event_type_id`, `heat_type_id`, `user_id`, `has_separate_gender_start_list`, `has_separate_category_start_list`)
  VALUES (10662, '2016-10-28 14:53:48', '2016-10-28 14:53:48', 6, '2000-01-01 11:26:00', 0, 1, NULL, 2048, 7, 3, 1, 1, 0);
INSERT INTO `meeting_events` (`id`, `created_at`, `updated_at`, `event_order`, `begin_time`, `is_out_of_race`, `is_autofilled`, `notes`, `meeting_session_id`, `event_type_id`, `heat_type_id`, `user_id`, `has_separate_gender_start_list`, `has_separate_category_start_list`)
  VALUES (10663, '2016-10-28 14:53:48', '2016-10-28 14:53:48', 7, '2000-01-01 12:00:00', 0, 1, NULL, 2048, 17, 3, 1, 1, 0);
INSERT INTO `meeting_events` (`id`, `created_at`, `updated_at`, `event_order`, `begin_time`, `is_out_of_race`, `is_autofilled`, `notes`, `meeting_session_id`, `event_type_id`, `heat_type_id`, `user_id`, `has_separate_gender_start_list`, `has_separate_category_start_list`)
  VALUES (10664, '2016-10-28 14:53:48', '2016-10-28 14:53:48', 8, '2000-01-01 12:18:00', 0, 1, NULL, 2048, 13, 3, 1, 1, 0);
INSERT INTO `meeting_events` (`id`, `created_at`, `updated_at`, `event_order`, `begin_time`, `is_out_of_race`, `is_autofilled`, `notes`, `meeting_session_id`, `event_type_id`, `heat_type_id`, `user_id`, `has_separate_gender_start_list`, `has_separate_category_start_list`)
  VALUES (10665, '2016-10-28 14:53:48', '2016-10-28 14:53:48', 9, '2000-01-01 12:38:00', 0, 1, NULL, 2048, 23, 3, 1, 1, 0);
INSERT INTO `meeting_events` (`id`, `created_at`, `updated_at`, `event_order`, `begin_time`, `is_out_of_race`, `is_autofilled`, `notes`, `meeting_session_id`, `event_type_id`, `heat_type_id`, `user_id`, `has_separate_gender_start_list`, `has_separate_category_start_list`)
  VALUES (10666, '2016-10-28 14:53:48', '2016-10-28 14:53:48', 10, '2000-01-01 13:08:00', 0, 1, NULL, 2048, 21, 3, 1, 1, 0);
INSERT INTO `meeting_events` (`id`, `created_at`, `updated_at`, `event_order`, `begin_time`, `is_out_of_race`, `is_autofilled`, `notes`, `meeting_session_id`, `event_type_id`, `heat_type_id`, `user_id`, `has_separate_gender_start_list`, `has_separate_category_start_list`)
  VALUES (10667, '2016-10-28 14:53:48', '2016-10-28 14:53:48', 11, '2000-01-01 13:38:00', 0, 1, NULL, 2048, 4, 3, 1, 1, 0);
INSERT INTO `meeting_events` (`id`, `created_at`, `updated_at`, `event_order`, `begin_time`, `is_out_of_race`, `is_autofilled`, `notes`, `meeting_session_id`, `event_type_id`, `heat_type_id`, `user_id`, `has_separate_gender_start_list`, `has_separate_category_start_list`)
  VALUES (10668, '2016-10-28 14:53:48', '2016-10-28 14:53:48', 12, '2000-01-01 14:12:00', 0, 1, NULL, 2048, 24, 3, 1, 1, 0);
INSERT INTO `meeting_events` (`id`, `created_at`, `updated_at`, `event_order`, `begin_time`, `is_out_of_race`, `is_autofilled`, `notes`, `meeting_session_id`, `event_type_id`, `heat_type_id`, `user_id`, `has_separate_gender_start_list`, `has_separate_category_start_list`)
  VALUES (10669, '2016-10-28 14:53:48', '2016-10-28 14:53:48', 13, '2000-01-01 14:36:00', 0, 1, NULL, 2048, 5, 3, 1, 1, 0);
INSERT INTO `meeting_events` (`id`, `created_at`, `updated_at`, `event_order`, `begin_time`, `is_out_of_race`, `is_autofilled`, `notes`, `meeting_session_id`, `event_type_id`, `heat_type_id`, `user_id`, `has_separate_gender_start_list`, `has_separate_category_start_list`)
  VALUES (10670, '2016-10-28 14:53:48', '2016-10-28 14:53:48', 14, '2000-01-01 15:22:00', 0, 1, NULL, 2048, 15, 3, 1, 1, 0);
INSERT INTO `meeting_events` (`id`, `created_at`, `updated_at`, `event_order`, `begin_time`, `is_out_of_race`, `is_autofilled`, `notes`, `meeting_session_id`, `event_type_id`, `heat_type_id`, `user_id`, `has_separate_gender_start_list`, `has_separate_category_start_list`)
  VALUES (10671, '2016-10-28 14:53:48', '2016-10-28 14:53:48', 15, '2000-01-01 15:58:00', 0, 1, NULL, 2048, 11, 3, 1, 1, 0);
INSERT INTO `meeting_events` (`id`, `created_at`, `updated_at`, `event_order`, `begin_time`, `is_out_of_race`, `is_autofilled`, `notes`, `meeting_session_id`, `event_type_id`, `heat_type_id`, `user_id`, `has_separate_gender_start_list`, `has_separate_category_start_list`)
  VALUES (10672, '2016-10-28 14:53:48', '2016-10-28 14:53:48', 16, '2000-01-01 16:36:00', 0, 1, NULL, 2048, 19, 3, 1, 1, 0);
INSERT INTO `meeting_events` (`id`, `created_at`, `updated_at`, `event_order`, `begin_time`, `is_out_of_race`, `is_autofilled`, `notes`, `meeting_session_id`, `event_type_id`, `heat_type_id`, `user_id`, `has_separate_gender_start_list`, `has_separate_category_start_list`)
  VALUES (10673, '2016-10-28 14:53:48', '2016-10-28 14:53:48', 17, '2000-01-01 17:22:00', 0, 1, NULL, 2048, 2, 3, 1, 1, 0);
INSERT INTO `meeting_events` (`id`, `created_at`, `updated_at`, `event_order`, `begin_time`, `is_out_of_race`, `is_autofilled`, `notes`, `meeting_session_id`, `event_type_id`, `heat_type_id`, `user_id`, `has_separate_gender_start_list`, `has_separate_category_start_list`)
  VALUES (10674, '2016-10-28 14:53:48', '2016-10-28 14:53:48', 18, '2000-01-01 18:16:00', 0, 1, NULL, 2048, 6, 3, 1, 1, 0);
INSERT INTO `meeting_events` (`id`, `created_at`, `updated_at`, `event_order`, `begin_time`, `is_out_of_race`, `is_autofilled`, `notes`, `meeting_session_id`, `event_type_id`, `heat_type_id`, `user_id`, `has_separate_gender_start_list`, `has_separate_category_start_list`)
  VALUES (10675, '2016-10-28 14:53:48', '2016-10-28 14:53:48', 19, '2000-01-01 18:52:30', 0, 1, NULL, 2048, 33, 3, 1, 1, 0);
INSERT INTO `meeting_events` (`id`, `created_at`, `updated_at`, `event_order`, `begin_time`, `is_out_of_race`, `is_autofilled`, `notes`, `meeting_session_id`, `event_type_id`, `heat_type_id`, `user_id`, `has_separate_gender_start_list`, `has_separate_category_start_list`)
  VALUES (10676, '2016-10-28 14:53:48', '2016-10-28 14:53:48', 20, '2000-01-01 18:51:30', 0, 1, NULL, 2048, 32, 3, 1, 1, 0);
INSERT INTO `meeting_events` (`id`, `created_at`, `updated_at`, `event_order`, `begin_time`, `is_out_of_race`, `is_autofilled`, `notes`, `meeting_session_id`, `event_type_id`, `heat_type_id`, `user_id`, `has_separate_gender_start_list`, `has_separate_category_start_list`)
  VALUES (10677, '2016-10-28 14:53:48', '2016-10-28 14:53:48', 21, '2000-01-01 18:43:00', 0, 1, NULL, 2048, 26, 3, 1, 1, 0);
INSERT INTO `meeting_events` (`id`, `created_at`, `updated_at`, `event_order`, `begin_time`, `is_out_of_race`, `is_autofilled`, `notes`, `meeting_session_id`, `event_type_id`, `heat_type_id`, `user_id`, `has_separate_gender_start_list`, `has_separate_category_start_list`)
  VALUES (10678, '2016-10-28 14:53:48', '2016-10-28 14:53:48', 22, '2000-01-01 18:24:30', 0, 1, NULL, 2048, 25, 3, 1, 1, 0);

-- 15279-regliguria REGIONALI LIGURIA 2016-02-21
INSERT INTO `meetings` (`id`, `description`, `entry_deadline`, `has_warm_up_pool`, `is_under_25_admitted`, `reference_phone`, `reference_e_mail`, `reference_name`, `notes`, `has_invitation`, `has_start_list`, `are_results_acquired`, `max_individual_events`, `configuration_file`, `edition`, `season_id`, `user_id`, `created_at`, `updated_at`, `is_autofilled`, `header_date`, `code`, `header_year`, `max_individual_events_per_session`, `is_out_of_season`, `edition_type_id`, `timing_type_id`, `individual_score_computation_type_id`, `relay_score_computation_type_id`, `team_score_computation_type_id`, `meeting_score_computation_type_id`, `invitation`, `is_confirmed`)
  VALUES (16279, 'REGIONALI LIGURIA', NULL, 0, 1, NULL, NULL, NULL, 'CR Liguria', 0, 0, 0, 2, '?', 2, 162, 2, '2016-10-28 14:53:48', '2016-10-28 14:53:48', 1, '2017-02-19', 'regliguria', '2017', 0, 0, 4, 3, 1, 1, 12, 1, NULL, 0);
INSERT INTO `meeting_sessions` (`id`, `session_order`, `scheduled_date`, `warm_up_time`, `begin_time`, `notes`, `meeting_id`, `swimming_pool_id`, `user_id`, `created_at`, `updated_at`, `description`, `is_autofilled`, `day_part_type_id`)
  VALUES (2049, 1, '2017-02-19', '2000-01-01 00:00:00', '2000-01-01 00:00:00', '', 16279, 106, 2, '2016-10-28 14:53:48', '2016-10-28 14:53:48', 'FINALI', 1, 1);
INSERT INTO `meeting_events` (`id`, `created_at`, `updated_at`, `event_order`, `begin_time`, `is_out_of_race`, `is_autofilled`, `notes`, `meeting_session_id`, `event_type_id`, `heat_type_id`, `user_id`, `has_separate_gender_start_list`, `has_separate_category_start_list`)
  VALUES (10679, '2016-10-28 14:53:48', '2016-10-28 14:53:48', 1, '2000-01-01 08:02:00', 0, 1, NULL, 2049, 16, 3, 1, 1, 0);
INSERT INTO `meeting_events` (`id`, `created_at`, `updated_at`, `event_order`, `begin_time`, `is_out_of_race`, `is_autofilled`, `notes`, `meeting_session_id`, `event_type_id`, `heat_type_id`, `user_id`, `has_separate_gender_start_list`, `has_separate_category_start_list`)
  VALUES (10680, '2016-10-28 14:53:48', '2016-10-28 14:53:48', 2, '2000-01-01 08:30:00', 0, 1, NULL, 2049, 12, 3, 1, 1, 0);
INSERT INTO `meeting_events` (`id`, `created_at`, `updated_at`, `event_order`, `begin_time`, `is_out_of_race`, `is_autofilled`, `notes`, `meeting_session_id`, `event_type_id`, `heat_type_id`, `user_id`, `has_separate_gender_start_list`, `has_separate_category_start_list`)
  VALUES (10681, '2016-10-28 14:53:48', '2016-10-28 14:53:48', 3, '2000-01-01 08:50:00', 0, 1, NULL, 2049, 22, 3, 1, 1, 0);
INSERT INTO `meeting_events` (`id`, `created_at`, `updated_at`, `event_order`, `begin_time`, `is_out_of_race`, `is_autofilled`, `notes`, `meeting_session_id`, `event_type_id`, `heat_type_id`, `user_id`, `has_separate_gender_start_list`, `has_separate_category_start_list`)
  VALUES (10682, '2016-10-28 14:53:48', '2016-10-28 14:53:48', 4, '2000-01-01 09:20:00', 0, 1, NULL, 2049, 20, 3, 1, 1, 0);
INSERT INTO `meeting_events` (`id`, `created_at`, `updated_at`, `event_order`, `begin_time`, `is_out_of_race`, `is_autofilled`, `notes`, `meeting_session_id`, `event_type_id`, `heat_type_id`, `user_id`, `has_separate_gender_start_list`, `has_separate_category_start_list`)
  VALUES (10683, '2016-10-28 14:53:48', '2016-10-28 14:53:48', 5, '2000-01-01 09:52:00', 0, 1, NULL, 2049, 3, 3, 1, 1, 0);
INSERT INTO `meeting_events` (`id`, `created_at`, `updated_at`, `event_order`, `begin_time`, `is_out_of_race`, `is_autofilled`, `notes`, `meeting_session_id`, `event_type_id`, `heat_type_id`, `user_id`, `has_separate_gender_start_list`, `has_separate_category_start_list`)
  VALUES (10684, '2016-10-28 14:53:48', '2016-10-28 14:53:48', 6, '2000-01-01 10:26:00', 0, 1, NULL, 2049, 7, 3, 1, 1, 0);
INSERT INTO `meeting_events` (`id`, `created_at`, `updated_at`, `event_order`, `begin_time`, `is_out_of_race`, `is_autofilled`, `notes`, `meeting_session_id`, `event_type_id`, `heat_type_id`, `user_id`, `has_separate_gender_start_list`, `has_separate_category_start_list`)
  VALUES (10685, '2016-10-28 14:53:48', '2016-10-28 14:53:48', 7, '2000-01-01 11:02:00', 0, 1, NULL, 2049, 17, 3, 1, 1, 0);
INSERT INTO `meeting_events` (`id`, `created_at`, `updated_at`, `event_order`, `begin_time`, `is_out_of_race`, `is_autofilled`, `notes`, `meeting_session_id`, `event_type_id`, `heat_type_id`, `user_id`, `has_separate_gender_start_list`, `has_separate_category_start_list`)
  VALUES (10686, '2016-10-28 14:53:48', '2016-10-28 14:53:48', 8, '2000-01-01 11:26:00', 0, 1, NULL, 2049, 13, 3, 1, 1, 0);
INSERT INTO `meeting_events` (`id`, `created_at`, `updated_at`, `event_order`, `begin_time`, `is_out_of_race`, `is_autofilled`, `notes`, `meeting_session_id`, `event_type_id`, `heat_type_id`, `user_id`, `has_separate_gender_start_list`, `has_separate_category_start_list`)
  VALUES (10687, '2016-10-28 14:53:48', '2016-10-28 14:53:48', 9, '2000-01-01 11:50:00', 0, 1, NULL, 2049, 23, 3, 1, 1, 0);
INSERT INTO `meeting_events` (`id`, `created_at`, `updated_at`, `event_order`, `begin_time`, `is_out_of_race`, `is_autofilled`, `notes`, `meeting_session_id`, `event_type_id`, `heat_type_id`, `user_id`, `has_separate_gender_start_list`, `has_separate_category_start_list`)
  VALUES (10688, '2016-10-28 14:53:48', '2016-10-28 14:53:48', 10, '2000-01-01 12:14:00', 0, 1, NULL, 2049, 21, 3, 1, 1, 0);
INSERT INTO `meeting_events` (`id`, `created_at`, `updated_at`, `event_order`, `begin_time`, `is_out_of_race`, `is_autofilled`, `notes`, `meeting_session_id`, `event_type_id`, `heat_type_id`, `user_id`, `has_separate_gender_start_list`, `has_separate_category_start_list`)
  VALUES (10689, '2016-10-28 14:53:48', '2016-10-28 14:53:48', 11, '2000-01-01 12:36:00', 0, 1, NULL, 2049, 4, 3, 1, 1, 0);
INSERT INTO `meeting_events` (`id`, `created_at`, `updated_at`, `event_order`, `begin_time`, `is_out_of_race`, `is_autofilled`, `notes`, `meeting_session_id`, `event_type_id`, `heat_type_id`, `user_id`, `has_separate_gender_start_list`, `has_separate_category_start_list`)
  VALUES (10690, '2016-10-28 14:53:48', '2016-10-28 14:53:48', 12, '2000-01-01 13:08:00', 0, 1, NULL, 2049, 24, 3, 1, 1, 0);
INSERT INTO `meeting_events` (`id`, `created_at`, `updated_at`, `event_order`, `begin_time`, `is_out_of_race`, `is_autofilled`, `notes`, `meeting_session_id`, `event_type_id`, `heat_type_id`, `user_id`, `has_separate_gender_start_list`, `has_separate_category_start_list`)
  VALUES (10691, '2016-10-28 14:53:48', '2016-10-28 14:53:48', 13, '2000-01-01 13:20:00', 0, 1, NULL, 2049, 5, 3, 1, 1, 0);
INSERT INTO `meeting_events` (`id`, `created_at`, `updated_at`, `event_order`, `begin_time`, `is_out_of_race`, `is_autofilled`, `notes`, `meeting_session_id`, `event_type_id`, `heat_type_id`, `user_id`, `has_separate_gender_start_list`, `has_separate_category_start_list`)
  VALUES (10692, '2016-10-28 14:53:48', '2016-10-28 14:53:48', 14, '2000-01-01 14:00:00', 0, 1, NULL, 2049, 15, 3, 1, 1, 0);
INSERT INTO `meeting_events` (`id`, `created_at`, `updated_at`, `event_order`, `begin_time`, `is_out_of_race`, `is_autofilled`, `notes`, `meeting_session_id`, `event_type_id`, `heat_type_id`, `user_id`, `has_separate_gender_start_list`, `has_separate_category_start_list`)
  VALUES (10693, '2016-10-28 14:53:48', '2016-10-28 14:53:48', 15, '2000-01-01 14:34:00', 0, 1, NULL, 2049, 11, 3, 1, 1, 0);
INSERT INTO `meeting_events` (`id`, `created_at`, `updated_at`, `event_order`, `begin_time`, `is_out_of_race`, `is_autofilled`, `notes`, `meeting_session_id`, `event_type_id`, `heat_type_id`, `user_id`, `has_separate_gender_start_list`, `has_separate_category_start_list`)
  VALUES (10694, '2016-10-28 14:53:48', '2016-10-28 14:53:48', 16, '2000-01-01 15:08:00', 0, 1, NULL, 2049, 19, 3, 1, 1, 0);
INSERT INTO `meeting_events` (`id`, `created_at`, `updated_at`, `event_order`, `begin_time`, `is_out_of_race`, `is_autofilled`, `notes`, `meeting_session_id`, `event_type_id`, `heat_type_id`, `user_id`, `has_separate_gender_start_list`, `has_separate_category_start_list`)
  VALUES (10695, '2016-10-28 14:53:48', '2016-10-28 14:53:48', 17, '2000-01-01 15:50:00', 0, 1, NULL, 2049, 2, 3, 1, 1, 0);
INSERT INTO `meeting_events` (`id`, `created_at`, `updated_at`, `event_order`, `begin_time`, `is_out_of_race`, `is_autofilled`, `notes`, `meeting_session_id`, `event_type_id`, `heat_type_id`, `user_id`, `has_separate_gender_start_list`, `has_separate_category_start_list`)
  VALUES (10696, '2016-10-28 14:53:48', '2016-10-28 14:53:48', 18, '2000-01-01 16:34:00', 0, 1, NULL, 2049, 6, 3, 1, 1, 0);
INSERT INTO `meeting_sessions` (`id`, `session_order`, `scheduled_date`, `warm_up_time`, `begin_time`, `notes`, `meeting_id`, `swimming_pool_id`, `user_id`, `created_at`, `updated_at`, `description`, `is_autofilled`, `day_part_type_id`)
  VALUES (2050, 2, '2017-02-19', '2000-01-01 00:00:00', '2000-01-01 00:00:00', '', 16279, 106, 2, '2016-10-28 14:53:48', '2016-10-28 14:53:48', 'FINALI', 1, 2);

-- 15280-regabruzzo REGIONALI ABRUZZO 2016-02-20
INSERT INTO `meetings` (`id`, `description`, `entry_deadline`, `has_warm_up_pool`, `is_under_25_admitted`, `reference_phone`, `reference_e_mail`, `reference_name`, `notes`, `has_invitation`, `has_start_list`, `are_results_acquired`, `max_individual_events`, `configuration_file`, `edition`, `season_id`, `user_id`, `created_at`, `updated_at`, `is_autofilled`, `header_date`, `code`, `header_year`, `max_individual_events_per_session`, `is_out_of_season`, `edition_type_id`, `timing_type_id`, `individual_score_computation_type_id`, `relay_score_computation_type_id`, `team_score_computation_type_id`, `meeting_score_computation_type_id`, `invitation`, `is_confirmed`)
  VALUES (16280, 'REGIONALI ABRUZZO', NULL, 0, 1, NULL, NULL, NULL, 'CR Abruzzo', 0, 0, 0, 2, '?', 2, 162, 2, '2016-10-28 14:53:48', '2016-10-28 14:53:48', 1, '2017-02-18', 'regabruzzo', '2017', 0, 0, 4, 3, 1, 1, 12, 1, NULL, 0);
INSERT INTO `meeting_sessions` (`id`, `session_order`, `scheduled_date`, `warm_up_time`, `begin_time`, `notes`, `meeting_id`, `swimming_pool_id`, `user_id`, `created_at`, `updated_at`, `description`, `is_autofilled`, `day_part_type_id`)
  VALUES (2051, 1, '2017-02-18', '2000-01-01 00:00:00', '2000-01-01 00:00:00', '', 16280, 164, 2, '2016-10-28 14:53:48', '2016-10-28 14:53:48', 'FINALI', 1, 1);
INSERT INTO `meeting_events` (`id`, `created_at`, `updated_at`, `event_order`, `begin_time`, `is_out_of_race`, `is_autofilled`, `notes`, `meeting_session_id`, `event_type_id`, `heat_type_id`, `user_id`, `has_separate_gender_start_list`, `has_separate_category_start_list`)
  VALUES (10697, '2016-10-28 14:53:48', '2016-10-28 14:53:48', 1, '2000-01-01 08:02:00', 0, 1, NULL, 2051, 16, 3, 1, 1, 0);
INSERT INTO `meeting_events` (`id`, `created_at`, `updated_at`, `event_order`, `begin_time`, `is_out_of_race`, `is_autofilled`, `notes`, `meeting_session_id`, `event_type_id`, `heat_type_id`, `user_id`, `has_separate_gender_start_list`, `has_separate_category_start_list`)
  VALUES (10698, '2016-10-28 14:53:48', '2016-10-28 14:53:48', 2, '2000-01-01 08:12:00', 0, 1, NULL, 2051, 12, 3, 1, 1, 0);
INSERT INTO `meeting_events` (`id`, `created_at`, `updated_at`, `event_order`, `begin_time`, `is_out_of_race`, `is_autofilled`, `notes`, `meeting_session_id`, `event_type_id`, `heat_type_id`, `user_id`, `has_separate_gender_start_list`, `has_separate_category_start_list`)
  VALUES (10699, '2016-10-28 14:53:48', '2016-10-28 14:53:48', 3, '2000-01-01 08:26:00', 0, 1, NULL, 2051, 22, 3, 1, 1, 0);
INSERT INTO `meeting_events` (`id`, `created_at`, `updated_at`, `event_order`, `begin_time`, `is_out_of_race`, `is_autofilled`, `notes`, `meeting_session_id`, `event_type_id`, `heat_type_id`, `user_id`, `has_separate_gender_start_list`, `has_separate_category_start_list`)
  VALUES (10700, '2016-10-28 14:53:48', '2016-10-28 14:53:48', 4, '2000-01-01 08:38:00', 0, 1, NULL, 2051, 20, 3, 1, 1, 0);
INSERT INTO `meeting_events` (`id`, `created_at`, `updated_at`, `event_order`, `begin_time`, `is_out_of_race`, `is_autofilled`, `notes`, `meeting_session_id`, `event_type_id`, `heat_type_id`, `user_id`, `has_separate_gender_start_list`, `has_separate_category_start_list`)
  VALUES (10701, '2016-10-28 14:53:48', '2016-10-28 14:53:48', 5, '2000-01-01 09:00:00', 0, 1, NULL, 2051, 3, 3, 1, 1, 0);
INSERT INTO `meeting_events` (`id`, `created_at`, `updated_at`, `event_order`, `begin_time`, `is_out_of_race`, `is_autofilled`, `notes`, `meeting_session_id`, `event_type_id`, `heat_type_id`, `user_id`, `has_separate_gender_start_list`, `has_separate_category_start_list`)
  VALUES (10702, '2016-10-28 14:53:48', '2016-10-28 14:53:48', 6, '2000-01-01 09:28:00', 0, 1, NULL, 2051, 7, 3, 1, 1, 0);
INSERT INTO `meeting_events` (`id`, `created_at`, `updated_at`, `event_order`, `begin_time`, `is_out_of_race`, `is_autofilled`, `notes`, `meeting_session_id`, `event_type_id`, `heat_type_id`, `user_id`, `has_separate_gender_start_list`, `has_separate_category_start_list`)
  VALUES (10703, '2016-10-28 14:53:48', '2016-10-28 14:53:48', 7, '2000-01-01 09:50:00', 0, 1, NULL, 2051, 17, 3, 1, 1, 0);
INSERT INTO `meeting_events` (`id`, `created_at`, `updated_at`, `event_order`, `begin_time`, `is_out_of_race`, `is_autofilled`, `notes`, `meeting_session_id`, `event_type_id`, `heat_type_id`, `user_id`, `has_separate_gender_start_list`, `has_separate_category_start_list`)
  VALUES (10704, '2016-10-28 14:53:48', '2016-10-28 14:53:48', 8, '2000-01-01 10:00:00', 0, 1, NULL, 2051, 13, 3, 1, 1, 0);
INSERT INTO `meeting_events` (`id`, `created_at`, `updated_at`, `event_order`, `begin_time`, `is_out_of_race`, `is_autofilled`, `notes`, `meeting_session_id`, `event_type_id`, `heat_type_id`, `user_id`, `has_separate_gender_start_list`, `has_separate_category_start_list`)
  VALUES (10705, '2016-10-28 14:53:48', '2016-10-28 14:53:48', 9, '2000-01-01 10:12:00', 0, 1, NULL, 2051, 23, 3, 1, 1, 0);
INSERT INTO `meeting_events` (`id`, `created_at`, `updated_at`, `event_order`, `begin_time`, `is_out_of_race`, `is_autofilled`, `notes`, `meeting_session_id`, `event_type_id`, `heat_type_id`, `user_id`, `has_separate_gender_start_list`, `has_separate_category_start_list`)
  VALUES (10706, '2016-10-28 14:53:48', '2016-10-28 14:53:48', 10, '2000-01-01 10:22:00', 0, 1, NULL, 2051, 21, 3, 1, 1, 0);
INSERT INTO `meeting_events` (`id`, `created_at`, `updated_at`, `event_order`, `begin_time`, `is_out_of_race`, `is_autofilled`, `notes`, `meeting_session_id`, `event_type_id`, `heat_type_id`, `user_id`, `has_separate_gender_start_list`, `has_separate_category_start_list`)
  VALUES (10707, '2016-10-28 14:53:48', '2016-10-28 14:53:48', 11, '2000-01-01 10:30:00', 0, 1, NULL, 2051, 4, 3, 1, 1, 0);
INSERT INTO `meeting_events` (`id`, `created_at`, `updated_at`, `event_order`, `begin_time`, `is_out_of_race`, `is_autofilled`, `notes`, `meeting_session_id`, `event_type_id`, `heat_type_id`, `user_id`, `has_separate_gender_start_list`, `has_separate_category_start_list`)
  VALUES (10708, '2016-10-28 14:53:48', '2016-10-28 14:53:48', 12, '2000-01-01 10:50:00', 0, 1, NULL, 2051, 24, 3, 1, 1, 0);
INSERT INTO `meeting_events` (`id`, `created_at`, `updated_at`, `event_order`, `begin_time`, `is_out_of_race`, `is_autofilled`, `notes`, `meeting_session_id`, `event_type_id`, `heat_type_id`, `user_id`, `has_separate_gender_start_list`, `has_separate_category_start_list`)
  VALUES (10709, '2016-10-28 14:53:48', '2016-10-28 14:53:48', 13, '2000-01-01 10:58:00', 0, 1, NULL, 2051, 5, 3, 1, 1, 0);
INSERT INTO `meeting_events` (`id`, `created_at`, `updated_at`, `event_order`, `begin_time`, `is_out_of_race`, `is_autofilled`, `notes`, `meeting_session_id`, `event_type_id`, `heat_type_id`, `user_id`, `has_separate_gender_start_list`, `has_separate_category_start_list`)
  VALUES (10710, '2016-10-28 14:53:48', '2016-10-28 14:53:48', 14, '2000-01-01 11:18:00', 0, 1, NULL, 2051, 15, 3, 1, 1, 0);
INSERT INTO `meeting_events` (`id`, `created_at`, `updated_at`, `event_order`, `begin_time`, `is_out_of_race`, `is_autofilled`, `notes`, `meeting_session_id`, `event_type_id`, `heat_type_id`, `user_id`, `has_separate_gender_start_list`, `has_separate_category_start_list`)
  VALUES (10711, '2016-10-28 14:53:48', '2016-10-28 14:53:48', 15, '2000-01-01 11:36:00', 0, 1, NULL, 2051, 11, 3, 1, 1, 0);
INSERT INTO `meeting_events` (`id`, `created_at`, `updated_at`, `event_order`, `begin_time`, `is_out_of_race`, `is_autofilled`, `notes`, `meeting_session_id`, `event_type_id`, `heat_type_id`, `user_id`, `has_separate_gender_start_list`, `has_separate_category_start_list`)
  VALUES (10712, '2016-10-28 14:53:48', '2016-10-28 14:53:48', 16, '2000-01-01 11:58:00', 0, 1, NULL, 2051, 19, 3, 1, 1, 0);
INSERT INTO `meeting_events` (`id`, `created_at`, `updated_at`, `event_order`, `begin_time`, `is_out_of_race`, `is_autofilled`, `notes`, `meeting_session_id`, `event_type_id`, `heat_type_id`, `user_id`, `has_separate_gender_start_list`, `has_separate_category_start_list`)
  VALUES (10713, '2016-10-28 14:53:48', '2016-10-28 14:53:48', 17, '2000-01-01 12:22:00', 0, 1, NULL, 2051, 2, 3, 1, 1, 0);
INSERT INTO `meeting_events` (`id`, `created_at`, `updated_at`, `event_order`, `begin_time`, `is_out_of_race`, `is_autofilled`, `notes`, `meeting_session_id`, `event_type_id`, `heat_type_id`, `user_id`, `has_separate_gender_start_list`, `has_separate_category_start_list`)
  VALUES (10714, '2016-10-28 14:53:48', '2016-10-28 14:53:48', 18, '2000-01-01 12:50:00', 0, 1, NULL, 2051, 6, 3, 1, 1, 0);
INSERT INTO `meeting_events` (`id`, `created_at`, `updated_at`, `event_order`, `begin_time`, `is_out_of_race`, `is_autofilled`, `notes`, `meeting_session_id`, `event_type_id`, `heat_type_id`, `user_id`, `has_separate_gender_start_list`, `has_separate_category_start_list`)
  VALUES (10715, '2016-10-28 14:53:48', '2016-10-28 14:53:48', 19, '2000-01-01 13:17:50', 0, 1, NULL, 2051, 33, 3, 1, 1, 0);
INSERT INTO `meeting_events` (`id`, `created_at`, `updated_at`, `event_order`, `begin_time`, `is_out_of_race`, `is_autofilled`, `notes`, `meeting_session_id`, `event_type_id`, `heat_type_id`, `user_id`, `has_separate_gender_start_list`, `has_separate_category_start_list`)
  VALUES (10716, '2016-10-28 14:53:48', '2016-10-28 14:53:48', 20, '2000-01-01 13:43:10', 0, 1, NULL, 2051, 32, 3, 1, 1, 0);
INSERT INTO `meeting_events` (`id`, `created_at`, `updated_at`, `event_order`, `begin_time`, `is_out_of_race`, `is_autofilled`, `notes`, `meeting_session_id`, `event_type_id`, `heat_type_id`, `user_id`, `has_separate_gender_start_list`, `has_separate_category_start_list`)
  VALUES (10717, '2016-10-28 14:53:49', '2016-10-28 14:53:49', 21, '2000-01-01 13:25:40', 0, 1, NULL, 2051, 26, 3, 1, 1, 0);
INSERT INTO `meeting_events` (`id`, `created_at`, `updated_at`, `event_order`, `begin_time`, `is_out_of_race`, `is_autofilled`, `notes`, `meeting_session_id`, `event_type_id`, `heat_type_id`, `user_id`, `has_separate_gender_start_list`, `has_separate_category_start_list`)
  VALUES (10718, '2016-10-28 14:53:49', '2016-10-28 14:53:49', 22, '2000-01-01 13:16:10', 0, 1, NULL, 2051, 25, 3, 1, 1, 0);

-- 15281-regpiemonte REGIONALI DEL PIEMONTE 2016-02-20
INSERT INTO `meetings` (`id`, `description`, `entry_deadline`, `has_warm_up_pool`, `is_under_25_admitted`, `reference_phone`, `reference_e_mail`, `reference_name`, `notes`, `has_invitation`, `has_start_list`, `are_results_acquired`, `max_individual_events`, `configuration_file`, `edition`, `season_id`, `user_id`, `created_at`, `updated_at`, `is_autofilled`, `header_date`, `code`, `header_year`, `max_individual_events_per_session`, `is_out_of_season`, `edition_type_id`, `timing_type_id`, `individual_score_computation_type_id`, `relay_score_computation_type_id`, `team_score_computation_type_id`, `meeting_score_computation_type_id`, `invitation`, `is_confirmed`)
  VALUES (16281, 'REGIONALI DEL PIEMONTE', NULL, 0, 1, NULL, NULL, NULL, 'CR Piemonte', 0, 0, 0, 2, '?', 2, 162, 2, '2016-10-28 14:53:49', '2016-10-28 14:53:49', 1, '2017-02-18', 'regpiemonte', '2017', 0, 0, 4, 3, 1, 1, 12, 1, NULL, 0);
INSERT INTO `meeting_sessions` (`id`, `session_order`, `scheduled_date`, `warm_up_time`, `begin_time`, `notes`, `meeting_id`, `swimming_pool_id`, `user_id`, `created_at`, `updated_at`, `description`, `is_autofilled`, `day_part_type_id`)
  VALUES (2052, 1, '2017-02-18', '2000-01-01 00:00:00', '2000-01-01 00:00:00', '', 16281, 165, 2, '2016-10-28 14:53:49', '2016-10-28 14:53:49', 'FINALI', 1, 1);
INSERT INTO `meeting_events` (`id`, `created_at`, `updated_at`, `event_order`, `begin_time`, `is_out_of_race`, `is_autofilled`, `notes`, `meeting_session_id`, `event_type_id`, `heat_type_id`, `user_id`, `has_separate_gender_start_list`, `has_separate_category_start_list`)
  VALUES (10719, '2016-10-28 14:53:49', '2016-10-28 14:53:49', 1, '2000-01-01 08:02:00', 0, 1, NULL, 2052, 16, 3, 1, 1, 0);
INSERT INTO `meeting_events` (`id`, `created_at`, `updated_at`, `event_order`, `begin_time`, `is_out_of_race`, `is_autofilled`, `notes`, `meeting_session_id`, `event_type_id`, `heat_type_id`, `user_id`, `has_separate_gender_start_list`, `has_separate_category_start_list`)
  VALUES (10720, '2016-10-28 14:53:49', '2016-10-28 14:53:49', 2, '2000-01-01 08:30:00', 0, 1, NULL, 2052, 12, 3, 1, 1, 0);
INSERT INTO `meeting_events` (`id`, `created_at`, `updated_at`, `event_order`, `begin_time`, `is_out_of_race`, `is_autofilled`, `notes`, `meeting_session_id`, `event_type_id`, `heat_type_id`, `user_id`, `has_separate_gender_start_list`, `has_separate_category_start_list`)
  VALUES (10721, '2016-10-28 14:53:49', '2016-10-28 14:53:49', 3, '2000-01-01 08:54:00', 0, 1, NULL, 2052, 22, 3, 1, 1, 0);
INSERT INTO `meeting_events` (`id`, `created_at`, `updated_at`, `event_order`, `begin_time`, `is_out_of_race`, `is_autofilled`, `notes`, `meeting_session_id`, `event_type_id`, `heat_type_id`, `user_id`, `has_separate_gender_start_list`, `has_separate_category_start_list`)
  VALUES (10722, '2016-10-28 14:53:49', '2016-10-28 14:53:49', 4, '2000-01-01 09:32:00', 0, 1, NULL, 2052, 20, 3, 1, 1, 0);
INSERT INTO `meeting_events` (`id`, `created_at`, `updated_at`, `event_order`, `begin_time`, `is_out_of_race`, `is_autofilled`, `notes`, `meeting_session_id`, `event_type_id`, `heat_type_id`, `user_id`, `has_separate_gender_start_list`, `has_separate_category_start_list`)
  VALUES (10723, '2016-10-28 14:53:49', '2016-10-28 14:53:49', 5, '2000-01-01 10:14:00', 0, 1, NULL, 2052, 3, 3, 1, 1, 0);
INSERT INTO `meeting_events` (`id`, `created_at`, `updated_at`, `event_order`, `begin_time`, `is_out_of_race`, `is_autofilled`, `notes`, `meeting_session_id`, `event_type_id`, `heat_type_id`, `user_id`, `has_separate_gender_start_list`, `has_separate_category_start_list`)
  VALUES (10724, '2016-10-28 14:53:49', '2016-10-28 14:53:49', 6, '2000-01-01 10:50:00', 0, 1, NULL, 2052, 7, 3, 1, 1, 0);
INSERT INTO `meeting_events` (`id`, `created_at`, `updated_at`, `event_order`, `begin_time`, `is_out_of_race`, `is_autofilled`, `notes`, `meeting_session_id`, `event_type_id`, `heat_type_id`, `user_id`, `has_separate_gender_start_list`, `has_separate_category_start_list`)
  VALUES (10725, '2016-10-28 14:53:49', '2016-10-28 14:53:49', 7, '2000-01-01 11:20:00', 0, 1, NULL, 2052, 17, 3, 1, 1, 0);
INSERT INTO `meeting_events` (`id`, `created_at`, `updated_at`, `event_order`, `begin_time`, `is_out_of_race`, `is_autofilled`, `notes`, `meeting_session_id`, `event_type_id`, `heat_type_id`, `user_id`, `has_separate_gender_start_list`, `has_separate_category_start_list`)
  VALUES (10726, '2016-10-28 14:53:49', '2016-10-28 14:53:49', 8, '2000-01-01 11:50:00', 0, 1, NULL, 2052, 13, 3, 1, 1, 0);
INSERT INTO `meeting_events` (`id`, `created_at`, `updated_at`, `event_order`, `begin_time`, `is_out_of_race`, `is_autofilled`, `notes`, `meeting_session_id`, `event_type_id`, `heat_type_id`, `user_id`, `has_separate_gender_start_list`, `has_separate_category_start_list`)
  VALUES (10727, '2016-10-28 14:53:49', '2016-10-28 14:53:49', 9, '2000-01-01 12:02:00', 0, 1, NULL, 2052, 23, 3, 1, 1, 0);
INSERT INTO `meeting_events` (`id`, `created_at`, `updated_at`, `event_order`, `begin_time`, `is_out_of_race`, `is_autofilled`, `notes`, `meeting_session_id`, `event_type_id`, `heat_type_id`, `user_id`, `has_separate_gender_start_list`, `has_separate_category_start_list`)
  VALUES (10728, '2016-10-28 14:53:49', '2016-10-28 14:53:49', 10, '2000-01-01 12:22:00', 0, 1, NULL, 2052, 21, 3, 1, 1, 0);
INSERT INTO `meeting_events` (`id`, `created_at`, `updated_at`, `event_order`, `begin_time`, `is_out_of_race`, `is_autofilled`, `notes`, `meeting_session_id`, `event_type_id`, `heat_type_id`, `user_id`, `has_separate_gender_start_list`, `has_separate_category_start_list`)
  VALUES (10729, '2016-10-28 14:53:49', '2016-10-28 14:53:49', 11, '2000-01-01 12:52:00', 0, 1, NULL, 2052, 4, 3, 1, 1, 0);
INSERT INTO `meeting_events` (`id`, `created_at`, `updated_at`, `event_order`, `begin_time`, `is_out_of_race`, `is_autofilled`, `notes`, `meeting_session_id`, `event_type_id`, `heat_type_id`, `user_id`, `has_separate_gender_start_list`, `has_separate_category_start_list`)
  VALUES (10730, '2016-10-28 14:53:49', '2016-10-28 14:53:49', 12, '2000-01-01 13:30:00', 0, 1, NULL, 2052, 24, 3, 1, 1, 0);
INSERT INTO `meeting_events` (`id`, `created_at`, `updated_at`, `event_order`, `begin_time`, `is_out_of_race`, `is_autofilled`, `notes`, `meeting_session_id`, `event_type_id`, `heat_type_id`, `user_id`, `has_separate_gender_start_list`, `has_separate_category_start_list`)
  VALUES (10731, '2016-10-28 14:53:49', '2016-10-28 14:53:49', 13, '2000-01-01 13:50:00', 0, 1, NULL, 2052, 5, 3, 1, 1, 0);
INSERT INTO `meeting_events` (`id`, `created_at`, `updated_at`, `event_order`, `begin_time`, `is_out_of_race`, `is_autofilled`, `notes`, `meeting_session_id`, `event_type_id`, `heat_type_id`, `user_id`, `has_separate_gender_start_list`, `has_separate_category_start_list`)
  VALUES (10732, '2016-10-28 14:53:49', '2016-10-28 14:53:49', 14, '2000-01-01 14:26:00', 0, 1, NULL, 2052, 15, 3, 1, 1, 0);
INSERT INTO `meeting_events` (`id`, `created_at`, `updated_at`, `event_order`, `begin_time`, `is_out_of_race`, `is_autofilled`, `notes`, `meeting_session_id`, `event_type_id`, `heat_type_id`, `user_id`, `has_separate_gender_start_list`, `has_separate_category_start_list`)
  VALUES (10733, '2016-10-28 14:53:49', '2016-10-28 14:53:49', 15, '2000-01-01 15:10:00', 0, 1, NULL, 2052, 11, 3, 1, 1, 0);
INSERT INTO `meeting_events` (`id`, `created_at`, `updated_at`, `event_order`, `begin_time`, `is_out_of_race`, `is_autofilled`, `notes`, `meeting_session_id`, `event_type_id`, `heat_type_id`, `user_id`, `has_separate_gender_start_list`, `has_separate_category_start_list`)
  VALUES (10734, '2016-10-28 14:53:49', '2016-10-28 14:53:49', 16, '2000-01-01 15:44:00', 0, 1, NULL, 2052, 19, 3, 1, 1, 0);
INSERT INTO `meeting_events` (`id`, `created_at`, `updated_at`, `event_order`, `begin_time`, `is_out_of_race`, `is_autofilled`, `notes`, `meeting_session_id`, `event_type_id`, `heat_type_id`, `user_id`, `has_separate_gender_start_list`, `has_separate_category_start_list`)
  VALUES (10735, '2016-10-28 14:53:49', '2016-10-28 14:53:49', 17, '2000-01-01 16:24:00', 0, 1, NULL, 2052, 2, 3, 1, 1, 0);
INSERT INTO `meeting_events` (`id`, `created_at`, `updated_at`, `event_order`, `begin_time`, `is_out_of_race`, `is_autofilled`, `notes`, `meeting_session_id`, `event_type_id`, `heat_type_id`, `user_id`, `has_separate_gender_start_list`, `has_separate_category_start_list`)
  VALUES (10736, '2016-10-28 14:53:49', '2016-10-28 14:53:49', 18, '2000-01-01 17:02:00', 0, 1, NULL, 2052, 6, 3, 1, 1, 0);
INSERT INTO `meeting_events` (`id`, `created_at`, `updated_at`, `event_order`, `begin_time`, `is_out_of_race`, `is_autofilled`, `notes`, `meeting_session_id`, `event_type_id`, `heat_type_id`, `user_id`, `has_separate_gender_start_list`, `has_separate_category_start_list`)
  VALUES (10737, '2016-10-28 14:53:49', '2016-10-28 14:53:49', 19, '2000-01-01 17:42:30', 0, 1, NULL, 2052, 33, 3, 1, 1, 0);
INSERT INTO `meeting_events` (`id`, `created_at`, `updated_at`, `event_order`, `begin_time`, `is_out_of_race`, `is_autofilled`, `notes`, `meeting_session_id`, `event_type_id`, `heat_type_id`, `user_id`, `has_separate_gender_start_list`, `has_separate_category_start_list`)
  VALUES (10738, '2016-10-28 14:53:49', '2016-10-28 14:53:49', 20, '2000-01-01 17:40:00', 0, 1, NULL, 2052, 32, 3, 1, 1, 0);
INSERT INTO `meeting_events` (`id`, `created_at`, `updated_at`, `event_order`, `begin_time`, `is_out_of_race`, `is_autofilled`, `notes`, `meeting_session_id`, `event_type_id`, `heat_type_id`, `user_id`, `has_separate_gender_start_list`, `has_separate_category_start_list`)
  VALUES (10739, '2016-10-28 14:53:49', '2016-10-28 14:53:49', 21, '2000-01-01 17:36:30', 0, 1, NULL, 2052, 26, 3, 1, 1, 0);
INSERT INTO `meeting_events` (`id`, `created_at`, `updated_at`, `event_order`, `begin_time`, `is_out_of_race`, `is_autofilled`, `notes`, `meeting_session_id`, `event_type_id`, `heat_type_id`, `user_id`, `has_separate_gender_start_list`, `has_separate_category_start_list`)
  VALUES (10740, '2016-10-28 14:53:49', '2016-10-28 14:53:49', 22, '2000-01-01 17:21:30', 0, 1, NULL, 2052, 25, 3, 1, 1, 0);
INSERT INTO `meeting_sessions` (`id`, `session_order`, `scheduled_date`, `warm_up_time`, `begin_time`, `notes`, `meeting_id`, `swimming_pool_id`, `user_id`, `created_at`, `updated_at`, `description`, `is_autofilled`, `day_part_type_id`)
  VALUES (2053, 2, '2017-02-18', '2000-01-01 00:00:00', '2000-01-01 00:00:00', '', 16281, 165, 2, '2016-10-28 14:53:49', '2016-10-28 14:53:49', 'FINALI', 1, 2);
INSERT INTO `meeting_sessions` (`id`, `session_order`, `scheduled_date`, `warm_up_time`, `begin_time`, `notes`, `meeting_id`, `swimming_pool_id`, `user_id`, `created_at`, `updated_at`, `description`, `is_autofilled`, `day_part_type_id`)
  VALUES (2054, 3, '2017-02-19', '2000-01-01 00:00:00', '2000-01-01 00:00:00', '', 16281, 165, 2, '2016-10-28 14:53:49', '2016-10-28 14:53:49', 'FINALI', 1, 1);
INSERT INTO `meeting_sessions` (`id`, `session_order`, `scheduled_date`, `warm_up_time`, `begin_time`, `notes`, `meeting_id`, `swimming_pool_id`, `user_id`, `created_at`, `updated_at`, `description`, `is_autofilled`, `day_part_type_id`)
  VALUES (2055, 4, '2017-02-19', '2000-01-01 00:00:00', '2000-01-01 00:00:00', '', 16281, 165, 2, '2016-10-28 14:53:49', '2016-10-28 14:53:49', 'FINALI', 1, 2);

-- 15282-regtoscana REGIONALI TOSCANA 2016-02-20
INSERT INTO `meetings` (`id`, `description`, `entry_deadline`, `has_warm_up_pool`, `is_under_25_admitted`, `reference_phone`, `reference_e_mail`, `reference_name`, `notes`, `has_invitation`, `has_start_list`, `are_results_acquired`, `max_individual_events`, `configuration_file`, `edition`, `season_id`, `user_id`, `created_at`, `updated_at`, `is_autofilled`, `header_date`, `code`, `header_year`, `max_individual_events_per_session`, `is_out_of_season`, `edition_type_id`, `timing_type_id`, `individual_score_computation_type_id`, `relay_score_computation_type_id`, `team_score_computation_type_id`, `meeting_score_computation_type_id`, `invitation`, `is_confirmed`)
  VALUES (16282, 'REGIONALI TOSCANA', NULL, 0, 1, NULL, NULL, NULL, NULL, 0, 0, 0, 2, '?', 2, 162, 2, '2016-10-28 14:53:49', '2016-10-28 14:53:49', 1, '2017-02-18', 'regtoscana', '2017', 0, 0, 4, 3, 1, 1, 12, 1, NULL, 0);
INSERT INTO `meeting_sessions` (`id`, `session_order`, `scheduled_date`, `warm_up_time`, `begin_time`, `notes`, `meeting_id`, `swimming_pool_id`, `user_id`, `created_at`, `updated_at`, `description`, `is_autofilled`, `day_part_type_id`)
  VALUES (2056, 1, '2017-02-18', '2000-01-01 00:00:00', '2000-01-01 00:00:00', '', 16282, 100, 2, '2016-10-28 14:53:49', '2016-10-28 14:53:49', 'FINALI', 1, 1);
INSERT INTO `meeting_sessions` (`id`, `session_order`, `scheduled_date`, `warm_up_time`, `begin_time`, `notes`, `meeting_id`, `swimming_pool_id`, `user_id`, `created_at`, `updated_at`, `description`, `is_autofilled`, `day_part_type_id`)
  VALUES (2057, 2, '2017-02-18', '2000-01-01 00:00:00', '2000-01-01 00:00:00', '', 16282, 100, 2, '2016-10-28 14:53:49', '2016-10-28 14:53:49', 'FINALI', 1, 2);
INSERT INTO `meeting_sessions` (`id`, `session_order`, `scheduled_date`, `warm_up_time`, `begin_time`, `notes`, `meeting_id`, `swimming_pool_id`, `user_id`, `created_at`, `updated_at`, `description`, `is_autofilled`, `day_part_type_id`)
  VALUES (2058, 3, '2017-02-19', '2000-01-01 00:00:00', '2000-01-01 00:00:00', '', 16282, 100, 2, '2016-10-28 14:53:49', '2016-10-28 14:53:49', 'FINALI', 1, 1);
INSERT INTO `meeting_sessions` (`id`, `session_order`, `scheduled_date`, `warm_up_time`, `begin_time`, `notes`, `meeting_id`, `swimming_pool_id`, `user_id`, `created_at`, `updated_at`, `description`, `is_autofilled`, `day_part_type_id`)
  VALUES (2059, 4, '2017-02-19', '2000-01-01 00:00:00', '2000-01-01 00:00:00', '', 16282, 100, 2, '2016-10-28 14:53:49', '2016-10-28 14:53:49', 'FINALI', 1, 2);

-- 15283-regtrentinoaltoadige REGIONALI TRENTINO-ALTO ADIGE 2016-02-21
INSERT INTO `meetings` (`id`, `description`, `entry_deadline`, `has_warm_up_pool`, `is_under_25_admitted`, `reference_phone`, `reference_e_mail`, `reference_name`, `notes`, `has_invitation`, `has_start_list`, `are_results_acquired`, `max_individual_events`, `configuration_file`, `edition`, `season_id`, `user_id`, `created_at`, `updated_at`, `is_autofilled`, `header_date`, `code`, `header_year`, `max_individual_events_per_session`, `is_out_of_season`, `edition_type_id`, `timing_type_id`, `individual_score_computation_type_id`, `relay_score_computation_type_id`, `team_score_computation_type_id`, `meeting_score_computation_type_id`, `invitation`, `is_confirmed`)
  VALUES (16283, 'REGIONALI TRENTINO-ALTO ADIGE', NULL, 0, 1, NULL, NULL, NULL, 'CR Alto Adige', 0, 0, 0, 2, '?', 2, 162, 2, '2016-10-28 14:53:49', '2016-10-28 14:53:49', 1, '2017-02-19', 'regtrentinoaltoadige', '2017', 0, 0, 4, 3, 1, 1, 12, 1, NULL, 0);
INSERT INTO `meeting_sessions` (`id`, `session_order`, `scheduled_date`, `warm_up_time`, `begin_time`, `notes`, `meeting_id`, `swimming_pool_id`, `user_id`, `created_at`, `updated_at`, `description`, `is_autofilled`, `day_part_type_id`)
  VALUES (2060, 1, '2017-02-19', '2000-01-01 00:00:00', '2000-01-01 00:00:00', '', 16283, 166, 2, '2016-10-28 14:53:49', '2016-10-28 14:53:49', 'FINALI', 1, 1);
INSERT INTO `meeting_events` (`id`, `created_at`, `updated_at`, `event_order`, `begin_time`, `is_out_of_race`, `is_autofilled`, `notes`, `meeting_session_id`, `event_type_id`, `heat_type_id`, `user_id`, `has_separate_gender_start_list`, `has_separate_category_start_list`)
  VALUES (10741, '2016-10-28 14:53:49', '2016-10-28 14:53:49', 1, '2000-01-01 08:02:00', 0, 1, NULL, 2060, 16, 3, 1, 1, 0);
INSERT INTO `meeting_events` (`id`, `created_at`, `updated_at`, `event_order`, `begin_time`, `is_out_of_race`, `is_autofilled`, `notes`, `meeting_session_id`, `event_type_id`, `heat_type_id`, `user_id`, `has_separate_gender_start_list`, `has_separate_category_start_list`)
  VALUES (10742, '2016-10-28 14:53:49', '2016-10-28 14:53:49', 2, '2000-01-01 08:10:00', 0, 1, NULL, 2060, 12, 3, 1, 1, 0);
INSERT INTO `meeting_events` (`id`, `created_at`, `updated_at`, `event_order`, `begin_time`, `is_out_of_race`, `is_autofilled`, `notes`, `meeting_session_id`, `event_type_id`, `heat_type_id`, `user_id`, `has_separate_gender_start_list`, `has_separate_category_start_list`)
  VALUES (10743, '2016-10-28 14:53:49', '2016-10-28 14:53:49', 3, '2000-01-01 08:18:00', 0, 1, NULL, 2060, 20, 3, 1, 1, 0);
INSERT INTO `meeting_events` (`id`, `created_at`, `updated_at`, `event_order`, `begin_time`, `is_out_of_race`, `is_autofilled`, `notes`, `meeting_session_id`, `event_type_id`, `heat_type_id`, `user_id`, `has_separate_gender_start_list`, `has_separate_category_start_list`)
  VALUES (10744, '2016-10-28 14:53:49', '2016-10-28 14:53:49', 4, '2000-01-01 08:46:00', 0, 1, NULL, 2060, 3, 3, 1, 1, 0);
INSERT INTO `meeting_events` (`id`, `created_at`, `updated_at`, `event_order`, `begin_time`, `is_out_of_race`, `is_autofilled`, `notes`, `meeting_session_id`, `event_type_id`, `heat_type_id`, `user_id`, `has_separate_gender_start_list`, `has_separate_category_start_list`)
  VALUES (10745, '2016-10-28 14:53:49', '2016-10-28 14:53:49', 5, '2000-01-01 09:16:00', 0, 1, NULL, 2060, 17, 3, 1, 1, 0);
INSERT INTO `meeting_events` (`id`, `created_at`, `updated_at`, `event_order`, `begin_time`, `is_out_of_race`, `is_autofilled`, `notes`, `meeting_session_id`, `event_type_id`, `heat_type_id`, `user_id`, `has_separate_gender_start_list`, `has_separate_category_start_list`)
  VALUES (10746, '2016-10-28 14:53:49', '2016-10-28 14:53:49', 6, '2000-01-01 09:24:00', 0, 1, NULL, 2060, 23, 3, 1, 1, 0);
INSERT INTO `meeting_events` (`id`, `created_at`, `updated_at`, `event_order`, `begin_time`, `is_out_of_race`, `is_autofilled`, `notes`, `meeting_session_id`, `event_type_id`, `heat_type_id`, `user_id`, `has_separate_gender_start_list`, `has_separate_category_start_list`)
  VALUES (10747, '2016-10-28 14:53:49', '2016-10-28 14:53:49', 7, '2000-01-01 09:38:00', 0, 1, NULL, 2060, 21, 3, 1, 1, 0);
INSERT INTO `meeting_events` (`id`, `created_at`, `updated_at`, `event_order`, `begin_time`, `is_out_of_race`, `is_autofilled`, `notes`, `meeting_session_id`, `event_type_id`, `heat_type_id`, `user_id`, `has_separate_gender_start_list`, `has_separate_category_start_list`)
  VALUES (10748, '2016-10-28 14:53:49', '2016-10-28 14:53:49', 8, '2000-01-01 09:54:00', 0, 1, NULL, 2060, 5, 3, 1, 1, 0);
INSERT INTO `meeting_events` (`id`, `created_at`, `updated_at`, `event_order`, `begin_time`, `is_out_of_race`, `is_autofilled`, `notes`, `meeting_session_id`, `event_type_id`, `heat_type_id`, `user_id`, `has_separate_gender_start_list`, `has_separate_category_start_list`)
  VALUES (10749, '2016-10-28 14:53:49', '2016-10-28 14:53:49', 9, '2000-01-01 10:20:00', 0, 1, NULL, 2060, 15, 3, 1, 1, 0);
INSERT INTO `meeting_events` (`id`, `created_at`, `updated_at`, `event_order`, `begin_time`, `is_out_of_race`, `is_autofilled`, `notes`, `meeting_session_id`, `event_type_id`, `heat_type_id`, `user_id`, `has_separate_gender_start_list`, `has_separate_category_start_list`)
  VALUES (10750, '2016-10-28 14:53:49', '2016-10-28 14:53:49', 10, '2000-01-01 10:38:00', 0, 1, NULL, 2060, 11, 3, 1, 1, 0);
INSERT INTO `meeting_events` (`id`, `created_at`, `updated_at`, `event_order`, `begin_time`, `is_out_of_race`, `is_autofilled`, `notes`, `meeting_session_id`, `event_type_id`, `heat_type_id`, `user_id`, `has_separate_gender_start_list`, `has_separate_category_start_list`)
  VALUES (10751, '2016-10-28 14:53:49', '2016-10-28 14:53:49', 11, '2000-01-01 11:02:00', 0, 1, NULL, 2060, 19, 3, 1, 1, 0);
INSERT INTO `meeting_events` (`id`, `created_at`, `updated_at`, `event_order`, `begin_time`, `is_out_of_race`, `is_autofilled`, `notes`, `meeting_session_id`, `event_type_id`, `heat_type_id`, `user_id`, `has_separate_gender_start_list`, `has_separate_category_start_list`)
  VALUES (10752, '2016-10-28 14:53:49', '2016-10-28 14:53:49', 12, '2000-01-01 11:40:00', 0, 1, NULL, 2060, 2, 3, 1, 1, 0);
INSERT INTO `meeting_events` (`id`, `created_at`, `updated_at`, `event_order`, `begin_time`, `is_out_of_race`, `is_autofilled`, `notes`, `meeting_session_id`, `event_type_id`, `heat_type_id`, `user_id`, `has_separate_gender_start_list`, `has_separate_category_start_list`)
  VALUES (10753, '2016-10-28 14:53:49', '2016-10-28 14:53:49', 13, '2000-01-01 12:17:03', 0, 1, NULL, 2060, 32, 3, 1, 1, 0);
INSERT INTO `meeting_events` (`id`, `created_at`, `updated_at`, `event_order`, `begin_time`, `is_out_of_race`, `is_autofilled`, `notes`, `meeting_session_id`, `event_type_id`, `heat_type_id`, `user_id`, `has_separate_gender_start_list`, `has_separate_category_start_list`)
  VALUES (10754, '2016-10-28 14:53:49', '2016-10-28 14:53:49', 14, '2000-01-01 12:18:03', 0, 1, NULL, 2060, 26, 3, 1, 1, 0);

-- 15284-regumbria REGIONALI UMBRIA 2016-02-21
INSERT INTO `meetings` (`id`, `description`, `entry_deadline`, `has_warm_up_pool`, `is_under_25_admitted`, `reference_phone`, `reference_e_mail`, `reference_name`, `notes`, `has_invitation`, `has_start_list`, `are_results_acquired`, `max_individual_events`, `configuration_file`, `edition`, `season_id`, `user_id`, `created_at`, `updated_at`, `is_autofilled`, `header_date`, `code`, `header_year`, `max_individual_events_per_session`, `is_out_of_season`, `edition_type_id`, `timing_type_id`, `individual_score_computation_type_id`, `relay_score_computation_type_id`, `team_score_computation_type_id`, `meeting_score_computation_type_id`, `invitation`, `is_confirmed`)
  VALUES (16284, 'REGIONALI UMBRIA', NULL, 0, 1, NULL, NULL, NULL, 'CR Umbria', 0, 0, 0, 2, '?', 2, 162, 2, '2016-10-28 14:53:49', '2016-10-28 14:53:49', 1, '2017-02-19', 'regumbria', '2017', 0, 0, 4, 3, 1, 1, 12, 1, NULL, 0);
INSERT INTO `meeting_sessions` (`id`, `session_order`, `scheduled_date`, `warm_up_time`, `begin_time`, `notes`, `meeting_id`, `swimming_pool_id`, `user_id`, `created_at`, `updated_at`, `description`, `is_autofilled`, `day_part_type_id`)
  VALUES (2061, 1, '2017-02-19', '2000-01-01 00:00:00', '2000-01-01 00:00:00', '', 16284, 167, 2, '2016-10-28 14:53:49', '2016-10-28 14:53:49', 'FINALI', 1, 1);
INSERT INTO `meeting_events` (`id`, `created_at`, `updated_at`, `event_order`, `begin_time`, `is_out_of_race`, `is_autofilled`, `notes`, `meeting_session_id`, `event_type_id`, `heat_type_id`, `user_id`, `has_separate_gender_start_list`, `has_separate_category_start_list`)
  VALUES (10755, '2016-10-28 14:53:49', '2016-10-28 14:53:49', 1, '2000-01-01 08:02:00', 0, 1, NULL, 2061, 16, 3, 1, 1, 0);
INSERT INTO `meeting_events` (`id`, `created_at`, `updated_at`, `event_order`, `begin_time`, `is_out_of_race`, `is_autofilled`, `notes`, `meeting_session_id`, `event_type_id`, `heat_type_id`, `user_id`, `has_separate_gender_start_list`, `has_separate_category_start_list`)
  VALUES (10756, '2016-10-28 14:53:49', '2016-10-28 14:53:49', 2, '2000-01-01 08:28:00', 0, 1, NULL, 2061, 12, 3, 1, 1, 0);
INSERT INTO `meeting_events` (`id`, `created_at`, `updated_at`, `event_order`, `begin_time`, `is_out_of_race`, `is_autofilled`, `notes`, `meeting_session_id`, `event_type_id`, `heat_type_id`, `user_id`, `has_separate_gender_start_list`, `has_separate_category_start_list`)
  VALUES (10757, '2016-10-28 14:53:49', '2016-10-28 14:53:49', 3, '2000-01-01 08:38:00', 0, 1, NULL, 2061, 22, 3, 1, 1, 0);
INSERT INTO `meeting_events` (`id`, `created_at`, `updated_at`, `event_order`, `begin_time`, `is_out_of_race`, `is_autofilled`, `notes`, `meeting_session_id`, `event_type_id`, `heat_type_id`, `user_id`, `has_separate_gender_start_list`, `has_separate_category_start_list`)
  VALUES (10758, '2016-10-28 14:53:49', '2016-10-28 14:53:49', 4, '2000-01-01 09:08:00', 0, 1, NULL, 2061, 20, 3, 1, 1, 0);
INSERT INTO `meeting_events` (`id`, `created_at`, `updated_at`, `event_order`, `begin_time`, `is_out_of_race`, `is_autofilled`, `notes`, `meeting_session_id`, `event_type_id`, `heat_type_id`, `user_id`, `has_separate_gender_start_list`, `has_separate_category_start_list`)
  VALUES (10759, '2016-10-28 14:53:49', '2016-10-28 14:53:49', 5, '2000-01-01 09:36:00', 0, 1, NULL, 2061, 3, 3, 1, 1, 0);
INSERT INTO `meeting_events` (`id`, `created_at`, `updated_at`, `event_order`, `begin_time`, `is_out_of_race`, `is_autofilled`, `notes`, `meeting_session_id`, `event_type_id`, `heat_type_id`, `user_id`, `has_separate_gender_start_list`, `has_separate_category_start_list`)
  VALUES (10760, '2016-10-28 14:53:49', '2016-10-28 14:53:49', 6, '2000-01-01 10:12:00', 0, 1, NULL, 2061, 17, 3, 1, 1, 0);
INSERT INTO `meeting_events` (`id`, `created_at`, `updated_at`, `event_order`, `begin_time`, `is_out_of_race`, `is_autofilled`, `notes`, `meeting_session_id`, `event_type_id`, `heat_type_id`, `user_id`, `has_separate_gender_start_list`, `has_separate_category_start_list`)
  VALUES (10761, '2016-10-28 14:53:49', '2016-10-28 14:53:49', 7, '2000-01-01 10:30:00', 0, 1, NULL, 2061, 13, 3, 1, 1, 0);
INSERT INTO `meeting_events` (`id`, `created_at`, `updated_at`, `event_order`, `begin_time`, `is_out_of_race`, `is_autofilled`, `notes`, `meeting_session_id`, `event_type_id`, `heat_type_id`, `user_id`, `has_separate_gender_start_list`, `has_separate_category_start_list`)
  VALUES (10762, '2016-10-28 14:53:49', '2016-10-28 14:53:49', 8, '2000-01-01 10:38:00', 0, 1, NULL, 2061, 23, 3, 1, 1, 0);
INSERT INTO `meeting_events` (`id`, `created_at`, `updated_at`, `event_order`, `begin_time`, `is_out_of_race`, `is_autofilled`, `notes`, `meeting_session_id`, `event_type_id`, `heat_type_id`, `user_id`, `has_separate_gender_start_list`, `has_separate_category_start_list`)
  VALUES (10763, '2016-10-28 14:53:49', '2016-10-28 14:53:49', 9, '2000-01-01 10:50:00', 0, 1, NULL, 2061, 21, 3, 1, 1, 0);
INSERT INTO `meeting_events` (`id`, `created_at`, `updated_at`, `event_order`, `begin_time`, `is_out_of_race`, `is_autofilled`, `notes`, `meeting_session_id`, `event_type_id`, `heat_type_id`, `user_id`, `has_separate_gender_start_list`, `has_separate_category_start_list`)
  VALUES (10764, '2016-10-28 14:53:49', '2016-10-28 14:53:49', 10, '2000-01-01 11:08:00', 0, 1, NULL, 2061, 4, 3, 1, 1, 0);
INSERT INTO `meeting_events` (`id`, `created_at`, `updated_at`, `event_order`, `begin_time`, `is_out_of_race`, `is_autofilled`, `notes`, `meeting_session_id`, `event_type_id`, `heat_type_id`, `user_id`, `has_separate_gender_start_list`, `has_separate_category_start_list`)
  VALUES (10765, '2016-10-28 14:53:49', '2016-10-28 14:53:49', 11, '2000-01-01 11:44:00', 0, 1, NULL, 2061, 24, 3, 1, 1, 0);
INSERT INTO `meeting_events` (`id`, `created_at`, `updated_at`, `event_order`, `begin_time`, `is_out_of_race`, `is_autofilled`, `notes`, `meeting_session_id`, `event_type_id`, `heat_type_id`, `user_id`, `has_separate_gender_start_list`, `has_separate_category_start_list`)
  VALUES (10766, '2016-10-28 14:53:49', '2016-10-28 14:53:49', 12, '2000-01-01 11:56:00', 0, 1, NULL, 2061, 5, 3, 1, 1, 0);
INSERT INTO `meeting_events` (`id`, `created_at`, `updated_at`, `event_order`, `begin_time`, `is_out_of_race`, `is_autofilled`, `notes`, `meeting_session_id`, `event_type_id`, `heat_type_id`, `user_id`, `has_separate_gender_start_list`, `has_separate_category_start_list`)
  VALUES (10767, '2016-10-28 14:53:49', '2016-10-28 14:53:49', 13, '2000-01-01 12:26:00', 0, 1, NULL, 2061, 15, 3, 1, 1, 0);
INSERT INTO `meeting_events` (`id`, `created_at`, `updated_at`, `event_order`, `begin_time`, `is_out_of_race`, `is_autofilled`, `notes`, `meeting_session_id`, `event_type_id`, `heat_type_id`, `user_id`, `has_separate_gender_start_list`, `has_separate_category_start_list`)
  VALUES (10768, '2016-10-28 14:53:49', '2016-10-28 14:53:49', 14, '2000-01-01 13:02:00', 0, 1, NULL, 2061, 11, 3, 1, 1, 0);
INSERT INTO `meeting_events` (`id`, `created_at`, `updated_at`, `event_order`, `begin_time`, `is_out_of_race`, `is_autofilled`, `notes`, `meeting_session_id`, `event_type_id`, `heat_type_id`, `user_id`, `has_separate_gender_start_list`, `has_separate_category_start_list`)
  VALUES (10769, '2016-10-28 14:53:49', '2016-10-28 14:53:49', 15, '2000-01-01 13:34:00', 0, 1, NULL, 2061, 19, 3, 1, 1, 0);
INSERT INTO `meeting_events` (`id`, `created_at`, `updated_at`, `event_order`, `begin_time`, `is_out_of_race`, `is_autofilled`, `notes`, `meeting_session_id`, `event_type_id`, `heat_type_id`, `user_id`, `has_separate_gender_start_list`, `has_separate_category_start_list`)
  VALUES (10770, '2016-10-28 14:53:49', '2016-10-28 14:53:49', 16, '2000-01-01 14:02:00', 0, 1, NULL, 2061, 2, 3, 1, 1, 0);
INSERT INTO `meeting_events` (`id`, `created_at`, `updated_at`, `event_order`, `begin_time`, `is_out_of_race`, `is_autofilled`, `notes`, `meeting_session_id`, `event_type_id`, `heat_type_id`, `user_id`, `has_separate_gender_start_list`, `has_separate_category_start_list`)
  VALUES (10771, '2016-10-28 14:53:49', '2016-10-28 14:53:49', 17, '2000-01-01 14:40:30', 0, 1, NULL, 2061, 33, 3, 1, 1, 0);
INSERT INTO `meeting_events` (`id`, `created_at`, `updated_at`, `event_order`, `begin_time`, `is_out_of_race`, `is_autofilled`, `notes`, `meeting_session_id`, `event_type_id`, `heat_type_id`, `user_id`, `has_separate_gender_start_list`, `has_separate_category_start_list`)
  VALUES (10772, '2016-10-28 14:53:49', '2016-10-28 14:53:49', 18, '2000-01-01 14:38:00', 0, 1, NULL, 2061, 32, 3, 1, 1, 0);
INSERT INTO `meeting_events` (`id`, `created_at`, `updated_at`, `event_order`, `begin_time`, `is_out_of_race`, `is_autofilled`, `notes`, `meeting_session_id`, `event_type_id`, `heat_type_id`, `user_id`, `has_separate_gender_start_list`, `has_separate_category_start_list`)
  VALUES (10773, '2016-10-28 14:53:49', '2016-10-28 14:53:49', 19, '2000-01-01 14:34:30', 0, 1, NULL, 2061, 26, 3, 1, 1, 0);
INSERT INTO `meeting_events` (`id`, `created_at`, `updated_at`, `event_order`, `begin_time`, `is_out_of_race`, `is_autofilled`, `notes`, `meeting_session_id`, `event_type_id`, `heat_type_id`, `user_id`, `has_separate_gender_start_list`, `has_separate_category_start_list`)
  VALUES (10774, '2016-10-28 14:53:50', '2016-10-28 14:53:50', 20, '2000-01-01 14:19:30', 0, 1, NULL, 2061, 25, 3, 1, 1, 0);
INSERT INTO `meeting_sessions` (`id`, `session_order`, `scheduled_date`, `warm_up_time`, `begin_time`, `notes`, `meeting_id`, `swimming_pool_id`, `user_id`, `created_at`, `updated_at`, `description`, `is_autofilled`, `day_part_type_id`)
  VALUES (2062, 2, '2017-02-19', '2000-01-01 00:00:00', '2000-01-01 00:00:00', '', 16284, 167, 2, '2016-10-28 14:53:50', '2016-10-28 14:53:50', 'FINALI', 1, 2);

-- 15285-regmarche REGIONALI MARCHE 2016-02-06
INSERT INTO `meetings` (`id`, `description`, `entry_deadline`, `has_warm_up_pool`, `is_under_25_admitted`, `reference_phone`, `reference_e_mail`, `reference_name`, `notes`, `has_invitation`, `has_start_list`, `are_results_acquired`, `max_individual_events`, `configuration_file`, `edition`, `season_id`, `user_id`, `created_at`, `updated_at`, `is_autofilled`, `header_date`, `code`, `header_year`, `max_individual_events_per_session`, `is_out_of_season`, `edition_type_id`, `timing_type_id`, `individual_score_computation_type_id`, `relay_score_computation_type_id`, `team_score_computation_type_id`, `meeting_score_computation_type_id`, `invitation`, `is_confirmed`)
  VALUES (16285, 'REGIONALI MARCHE', NULL, 0, 1, NULL, NULL, NULL, 'CR Marche', 0, 0, 0, 2, '?', 2, 162, 2, '2016-10-28 14:53:50', '2016-10-28 14:53:50', 1, '2017-02-04', 'regmarche', '2017', 0, 0, 4, 3, 1, 1, 12, 1, NULL, 0);
INSERT INTO `meeting_sessions` (`id`, `session_order`, `scheduled_date`, `warm_up_time`, `begin_time`, `notes`, `meeting_id`, `swimming_pool_id`, `user_id`, `created_at`, `updated_at`, `description`, `is_autofilled`, `day_part_type_id`)
  VALUES (2063, 1, '2017-02-04', '2000-01-01 00:00:00', '2000-01-01 00:00:00', '', 16285, 168, 2, '2016-10-28 14:53:50', '2016-10-28 14:53:50', 'FINALI', 1, 1);
INSERT INTO `meeting_events` (`id`, `created_at`, `updated_at`, `event_order`, `begin_time`, `is_out_of_race`, `is_autofilled`, `notes`, `meeting_session_id`, `event_type_id`, `heat_type_id`, `user_id`, `has_separate_gender_start_list`, `has_separate_category_start_list`)
  VALUES (10775, '2016-10-28 14:53:50', '2016-10-28 14:53:50', 1, '2000-01-01 08:02:00', 0, 1, NULL, 2063, 16, 3, 1, 1, 0);
INSERT INTO `meeting_events` (`id`, `created_at`, `updated_at`, `event_order`, `begin_time`, `is_out_of_race`, `is_autofilled`, `notes`, `meeting_session_id`, `event_type_id`, `heat_type_id`, `user_id`, `has_separate_gender_start_list`, `has_separate_category_start_list`)
  VALUES (10776, '2016-10-28 14:53:50', '2016-10-28 14:53:50', 2, '2000-01-01 08:28:00', 0, 1, NULL, 2063, 12, 3, 1, 1, 0);
INSERT INTO `meeting_events` (`id`, `created_at`, `updated_at`, `event_order`, `begin_time`, `is_out_of_race`, `is_autofilled`, `notes`, `meeting_session_id`, `event_type_id`, `heat_type_id`, `user_id`, `has_separate_gender_start_list`, `has_separate_category_start_list`)
  VALUES (10777, '2016-10-28 14:53:50', '2016-10-28 14:53:50', 3, '2000-01-01 08:44:00', 0, 1, NULL, 2063, 22, 3, 1, 1, 0);
INSERT INTO `meeting_events` (`id`, `created_at`, `updated_at`, `event_order`, `begin_time`, `is_out_of_race`, `is_autofilled`, `notes`, `meeting_session_id`, `event_type_id`, `heat_type_id`, `user_id`, `has_separate_gender_start_list`, `has_separate_category_start_list`)
  VALUES (10778, '2016-10-28 14:53:50', '2016-10-28 14:53:50', 4, '2000-01-01 09:12:00', 0, 1, NULL, 2063, 20, 3, 1, 1, 0);
INSERT INTO `meeting_events` (`id`, `created_at`, `updated_at`, `event_order`, `begin_time`, `is_out_of_race`, `is_autofilled`, `notes`, `meeting_session_id`, `event_type_id`, `heat_type_id`, `user_id`, `has_separate_gender_start_list`, `has_separate_category_start_list`)
  VALUES (10779, '2016-10-28 14:53:50', '2016-10-28 14:53:50', 5, '2000-01-01 09:40:00', 0, 1, NULL, 2063, 3, 3, 1, 1, 0);
INSERT INTO `meeting_events` (`id`, `created_at`, `updated_at`, `event_order`, `begin_time`, `is_out_of_race`, `is_autofilled`, `notes`, `meeting_session_id`, `event_type_id`, `heat_type_id`, `user_id`, `has_separate_gender_start_list`, `has_separate_category_start_list`)
  VALUES (10780, '2016-10-28 14:53:50', '2016-10-28 14:53:50', 6, '2000-01-01 10:18:00', 0, 1, NULL, 2063, 7, 3, 1, 1, 0);
INSERT INTO `meeting_events` (`id`, `created_at`, `updated_at`, `event_order`, `begin_time`, `is_out_of_race`, `is_autofilled`, `notes`, `meeting_session_id`, `event_type_id`, `heat_type_id`, `user_id`, `has_separate_gender_start_list`, `has_separate_category_start_list`)
  VALUES (10781, '2016-10-28 14:53:50', '2016-10-28 14:53:50', 7, '2000-01-01 10:42:00', 0, 1, NULL, 2063, 17, 3, 1, 1, 0);
INSERT INTO `meeting_events` (`id`, `created_at`, `updated_at`, `event_order`, `begin_time`, `is_out_of_race`, `is_autofilled`, `notes`, `meeting_session_id`, `event_type_id`, `heat_type_id`, `user_id`, `has_separate_gender_start_list`, `has_separate_category_start_list`)
  VALUES (10782, '2016-10-28 14:53:50', '2016-10-28 14:53:50', 8, '2000-01-01 11:08:00', 0, 1, NULL, 2063, 13, 3, 1, 1, 0);
INSERT INTO `meeting_events` (`id`, `created_at`, `updated_at`, `event_order`, `begin_time`, `is_out_of_race`, `is_autofilled`, `notes`, `meeting_session_id`, `event_type_id`, `heat_type_id`, `user_id`, `has_separate_gender_start_list`, `has_separate_category_start_list`)
  VALUES (10783, '2016-10-28 14:53:50', '2016-10-28 14:53:50', 9, '2000-01-01 11:18:00', 0, 1, NULL, 2063, 23, 3, 1, 1, 0);
INSERT INTO `meeting_events` (`id`, `created_at`, `updated_at`, `event_order`, `begin_time`, `is_out_of_race`, `is_autofilled`, `notes`, `meeting_session_id`, `event_type_id`, `heat_type_id`, `user_id`, `has_separate_gender_start_list`, `has_separate_category_start_list`)
  VALUES (10784, '2016-10-28 14:53:50', '2016-10-28 14:53:50', 10, '2000-01-01 11:34:00', 0, 1, NULL, 2063, 21, 3, 1, 1, 0);
INSERT INTO `meeting_events` (`id`, `created_at`, `updated_at`, `event_order`, `begin_time`, `is_out_of_race`, `is_autofilled`, `notes`, `meeting_session_id`, `event_type_id`, `heat_type_id`, `user_id`, `has_separate_gender_start_list`, `has_separate_category_start_list`)
  VALUES (10785, '2016-10-28 14:53:50', '2016-10-28 14:53:50', 11, '2000-01-01 11:52:00', 0, 1, NULL, 2063, 4, 3, 1, 1, 0);
INSERT INTO `meeting_events` (`id`, `created_at`, `updated_at`, `event_order`, `begin_time`, `is_out_of_race`, `is_autofilled`, `notes`, `meeting_session_id`, `event_type_id`, `heat_type_id`, `user_id`, `has_separate_gender_start_list`, `has_separate_category_start_list`)
  VALUES (10786, '2016-10-28 14:53:50', '2016-10-28 14:53:50', 12, '2000-01-01 12:24:00', 0, 1, NULL, 2063, 24, 3, 1, 1, 0);
INSERT INTO `meeting_events` (`id`, `created_at`, `updated_at`, `event_order`, `begin_time`, `is_out_of_race`, `is_autofilled`, `notes`, `meeting_session_id`, `event_type_id`, `heat_type_id`, `user_id`, `has_separate_gender_start_list`, `has_separate_category_start_list`)
  VALUES (10787, '2016-10-28 14:53:50', '2016-10-28 14:53:50', 13, '2000-01-01 12:32:00', 0, 1, NULL, 2063, 5, 3, 1, 1, 0);
INSERT INTO `meeting_events` (`id`, `created_at`, `updated_at`, `event_order`, `begin_time`, `is_out_of_race`, `is_autofilled`, `notes`, `meeting_session_id`, `event_type_id`, `heat_type_id`, `user_id`, `has_separate_gender_start_list`, `has_separate_category_start_list`)
  VALUES (10788, '2016-10-28 14:53:50', '2016-10-28 14:53:50', 14, '2000-01-01 13:00:00', 0, 1, NULL, 2063, 15, 3, 1, 1, 0);
INSERT INTO `meeting_events` (`id`, `created_at`, `updated_at`, `event_order`, `begin_time`, `is_out_of_race`, `is_autofilled`, `notes`, `meeting_session_id`, `event_type_id`, `heat_type_id`, `user_id`, `has_separate_gender_start_list`, `has_separate_category_start_list`)
  VALUES (10789, '2016-10-28 14:53:50', '2016-10-28 14:53:50', 15, '2000-01-01 13:34:00', 0, 1, NULL, 2063, 11, 3, 1, 1, 0);
INSERT INTO `meeting_events` (`id`, `created_at`, `updated_at`, `event_order`, `begin_time`, `is_out_of_race`, `is_autofilled`, `notes`, `meeting_session_id`, `event_type_id`, `heat_type_id`, `user_id`, `has_separate_gender_start_list`, `has_separate_category_start_list`)
  VALUES (10790, '2016-10-28 14:53:50', '2016-10-28 14:53:50', 16, '2000-01-01 14:08:00', 0, 1, NULL, 2063, 19, 3, 1, 1, 0);
INSERT INTO `meeting_events` (`id`, `created_at`, `updated_at`, `event_order`, `begin_time`, `is_out_of_race`, `is_autofilled`, `notes`, `meeting_session_id`, `event_type_id`, `heat_type_id`, `user_id`, `has_separate_gender_start_list`, `has_separate_category_start_list`)
  VALUES (10791, '2016-10-28 14:53:50', '2016-10-28 14:53:50', 17, '2000-01-01 14:42:00', 0, 1, NULL, 2063, 2, 3, 1, 1, 0);
INSERT INTO `meeting_events` (`id`, `created_at`, `updated_at`, `event_order`, `begin_time`, `is_out_of_race`, `is_autofilled`, `notes`, `meeting_session_id`, `event_type_id`, `heat_type_id`, `user_id`, `has_separate_gender_start_list`, `has_separate_category_start_list`)
  VALUES (10792, '2016-10-28 14:53:50', '2016-10-28 14:53:50', 18, '2000-01-01 15:22:00', 0, 1, NULL, 2063, 6, 3, 1, 1, 0);
INSERT INTO `meeting_events` (`id`, `created_at`, `updated_at`, `event_order`, `begin_time`, `is_out_of_race`, `is_autofilled`, `notes`, `meeting_session_id`, `event_type_id`, `heat_type_id`, `user_id`, `has_separate_gender_start_list`, `has_separate_category_start_list`)
  VALUES (10793, '2016-10-28 14:53:50', '2016-10-28 14:53:50', 19, '2000-01-01 15:52:57', 0, 1, NULL, 2063, 33, 3, 1, 1, 0);
INSERT INTO `meeting_events` (`id`, `created_at`, `updated_at`, `event_order`, `begin_time`, `is_out_of_race`, `is_autofilled`, `notes`, `meeting_session_id`, `event_type_id`, `heat_type_id`, `user_id`, `has_separate_gender_start_list`, `has_separate_category_start_list`)
  VALUES (10794, '2016-10-28 14:53:50', '2016-10-28 14:53:50', 20, '2000-01-01 16:01:54', 0, 1, NULL, 2063, 32, 3, 1, 1, 0);
INSERT INTO `meeting_events` (`id`, `created_at`, `updated_at`, `event_order`, `begin_time`, `is_out_of_race`, `is_autofilled`, `notes`, `meeting_session_id`, `event_type_id`, `heat_type_id`, `user_id`, `has_separate_gender_start_list`, `has_separate_category_start_list`)
  VALUES (10795, '2016-10-28 14:53:50', '2016-10-28 14:53:50', 21, '2000-01-01 16:01:03', 0, 1, NULL, 2063, 26, 3, 1, 1, 0);
INSERT INTO `meeting_events` (`id`, `created_at`, `updated_at`, `event_order`, `begin_time`, `is_out_of_race`, `is_autofilled`, `notes`, `meeting_session_id`, `event_type_id`, `heat_type_id`, `user_id`, `has_separate_gender_start_list`, `has_separate_category_start_list`)
  VALUES (10796, '2016-10-28 14:53:50', '2016-10-28 14:53:50', 22, '2000-01-01 15:21:30', 0, 1, NULL, 2063, 25, 3, 1, 1, 0);
INSERT INTO `meeting_sessions` (`id`, `session_order`, `scheduled_date`, `warm_up_time`, `begin_time`, `notes`, `meeting_id`, `swimming_pool_id`, `user_id`, `created_at`, `updated_at`, `description`, `is_autofilled`, `day_part_type_id`)
  VALUES (2064, 2, '2017-02-04', '2000-01-01 00:00:00', '2000-01-01 00:00:00', '', 16285, 168, 2, '2016-10-28 14:53:50', '2016-10-28 14:53:50', 'FINALI', 1, 2);

-- 15286-regsardegna REGIONALI SARDEGNA 2016-02-06
INSERT INTO `meetings` (`id`, `description`, `entry_deadline`, `has_warm_up_pool`, `is_under_25_admitted`, `reference_phone`, `reference_e_mail`, `reference_name`, `notes`, `has_invitation`, `has_start_list`, `are_results_acquired`, `max_individual_events`, `configuration_file`, `edition`, `season_id`, `user_id`, `created_at`, `updated_at`, `is_autofilled`, `header_date`, `code`, `header_year`, `max_individual_events_per_session`, `is_out_of_season`, `edition_type_id`, `timing_type_id`, `individual_score_computation_type_id`, `relay_score_computation_type_id`, `team_score_computation_type_id`, `meeting_score_computation_type_id`, `invitation`, `is_confirmed`)
  VALUES (16286, 'REGIONALI SARDEGNA', NULL, 0, 1, NULL, NULL, NULL, 'CR Sardegna', 0, 0, 0, 2, '?', 2, 162, 2, '2016-10-28 14:53:50', '2016-10-28 14:53:50', 1, '2017-02-04', 'regsardegna', '2017', 0, 0, 4, 3, 1, 1, 12, 1, NULL, 0);
INSERT INTO `meeting_sessions` (`id`, `session_order`, `scheduled_date`, `warm_up_time`, `begin_time`, `notes`, `meeting_id`, `swimming_pool_id`, `user_id`, `created_at`, `updated_at`, `description`, `is_autofilled`, `day_part_type_id`)
  VALUES (2065, 1, '2017-02-04', '2000-01-01 00:00:00', '2000-01-01 00:00:00', '', 16286, 157, 2, '2016-10-28 14:53:50', '2016-10-28 14:53:50', 'FINALI', 1, 1);
INSERT INTO `meeting_events` (`id`, `created_at`, `updated_at`, `event_order`, `begin_time`, `is_out_of_race`, `is_autofilled`, `notes`, `meeting_session_id`, `event_type_id`, `heat_type_id`, `user_id`, `has_separate_gender_start_list`, `has_separate_category_start_list`)
  VALUES (10797, '2016-10-28 14:53:50', '2016-10-28 14:53:50', 1, '2000-01-01 08:02:00', 0, 1, NULL, 2065, 16, 3, 1, 1, 0);
INSERT INTO `meeting_events` (`id`, `created_at`, `updated_at`, `event_order`, `begin_time`, `is_out_of_race`, `is_autofilled`, `notes`, `meeting_session_id`, `event_type_id`, `heat_type_id`, `user_id`, `has_separate_gender_start_list`, `has_separate_category_start_list`)
  VALUES (10798, '2016-10-28 14:53:50', '2016-10-28 14:53:50', 2, '2000-01-01 08:34:00', 0, 1, NULL, 2065, 12, 3, 1, 1, 0);
INSERT INTO `meeting_events` (`id`, `created_at`, `updated_at`, `event_order`, `begin_time`, `is_out_of_race`, `is_autofilled`, `notes`, `meeting_session_id`, `event_type_id`, `heat_type_id`, `user_id`, `has_separate_gender_start_list`, `has_separate_category_start_list`)
  VALUES (10799, '2016-10-28 14:53:50', '2016-10-28 14:53:50', 3, '2000-01-01 08:48:00', 0, 1, NULL, 2065, 22, 3, 1, 1, 0);
INSERT INTO `meeting_events` (`id`, `created_at`, `updated_at`, `event_order`, `begin_time`, `is_out_of_race`, `is_autofilled`, `notes`, `meeting_session_id`, `event_type_id`, `heat_type_id`, `user_id`, `has_separate_gender_start_list`, `has_separate_category_start_list`)
  VALUES (10800, '2016-10-28 14:53:50', '2016-10-28 14:53:50', 4, '2000-01-01 09:18:00', 0, 1, NULL, 2065, 20, 3, 1, 1, 0);
INSERT INTO `meeting_events` (`id`, `created_at`, `updated_at`, `event_order`, `begin_time`, `is_out_of_race`, `is_autofilled`, `notes`, `meeting_session_id`, `event_type_id`, `heat_type_id`, `user_id`, `has_separate_gender_start_list`, `has_separate_category_start_list`)
  VALUES (10801, '2016-10-28 14:53:50', '2016-10-28 14:53:50', 5, '2000-01-01 09:56:00', 0, 1, NULL, 2065, 3, 3, 1, 1, 0);
INSERT INTO `meeting_events` (`id`, `created_at`, `updated_at`, `event_order`, `begin_time`, `is_out_of_race`, `is_autofilled`, `notes`, `meeting_session_id`, `event_type_id`, `heat_type_id`, `user_id`, `has_separate_gender_start_list`, `has_separate_category_start_list`)
  VALUES (10802, '2016-10-28 14:53:50', '2016-10-28 14:53:50', 6, '2000-01-01 10:42:00', 0, 1, NULL, 2065, 7, 3, 1, 1, 0);
INSERT INTO `meeting_events` (`id`, `created_at`, `updated_at`, `event_order`, `begin_time`, `is_out_of_race`, `is_autofilled`, `notes`, `meeting_session_id`, `event_type_id`, `heat_type_id`, `user_id`, `has_separate_gender_start_list`, `has_separate_category_start_list`)
  VALUES (10803, '2016-10-28 14:53:50', '2016-10-28 14:53:50', 7, '2000-01-01 11:10:00', 0, 1, NULL, 2065, 17, 3, 1, 1, 0);
INSERT INTO `meeting_events` (`id`, `created_at`, `updated_at`, `event_order`, `begin_time`, `is_out_of_race`, `is_autofilled`, `notes`, `meeting_session_id`, `event_type_id`, `heat_type_id`, `user_id`, `has_separate_gender_start_list`, `has_separate_category_start_list`)
  VALUES (10804, '2016-10-28 14:53:50', '2016-10-28 14:53:50', 8, '2000-01-01 11:28:00', 0, 1, NULL, 2065, 13, 3, 1, 1, 0);
INSERT INTO `meeting_events` (`id`, `created_at`, `updated_at`, `event_order`, `begin_time`, `is_out_of_race`, `is_autofilled`, `notes`, `meeting_session_id`, `event_type_id`, `heat_type_id`, `user_id`, `has_separate_gender_start_list`, `has_separate_category_start_list`)
  VALUES (10805, '2016-10-28 14:53:50', '2016-10-28 14:53:50', 9, '2000-01-01 11:36:00', 0, 1, NULL, 2065, 23, 3, 1, 1, 0);
INSERT INTO `meeting_events` (`id`, `created_at`, `updated_at`, `event_order`, `begin_time`, `is_out_of_race`, `is_autofilled`, `notes`, `meeting_session_id`, `event_type_id`, `heat_type_id`, `user_id`, `has_separate_gender_start_list`, `has_separate_category_start_list`)
  VALUES (10806, '2016-10-28 14:53:50', '2016-10-28 14:53:50', 10, '2000-01-01 11:58:00', 0, 1, NULL, 2065, 21, 3, 1, 1, 0);
INSERT INTO `meeting_events` (`id`, `created_at`, `updated_at`, `event_order`, `begin_time`, `is_out_of_race`, `is_autofilled`, `notes`, `meeting_session_id`, `event_type_id`, `heat_type_id`, `user_id`, `has_separate_gender_start_list`, `has_separate_category_start_list`)
  VALUES (10807, '2016-10-28 14:53:50', '2016-10-28 14:53:50', 11, '2000-01-01 12:28:00', 0, 1, NULL, 2065, 4, 3, 1, 1, 0);
INSERT INTO `meeting_events` (`id`, `created_at`, `updated_at`, `event_order`, `begin_time`, `is_out_of_race`, `is_autofilled`, `notes`, `meeting_session_id`, `event_type_id`, `heat_type_id`, `user_id`, `has_separate_gender_start_list`, `has_separate_category_start_list`)
  VALUES (10808, '2016-10-28 14:53:50', '2016-10-28 14:53:50', 12, '2000-01-01 12:52:00', 0, 1, NULL, 2065, 24, 3, 1, 1, 0);
INSERT INTO `meeting_events` (`id`, `created_at`, `updated_at`, `event_order`, `begin_time`, `is_out_of_race`, `is_autofilled`, `notes`, `meeting_session_id`, `event_type_id`, `heat_type_id`, `user_id`, `has_separate_gender_start_list`, `has_separate_category_start_list`)
  VALUES (10809, '2016-10-28 14:53:50', '2016-10-28 14:53:50', 13, '2000-01-01 13:00:00', 0, 1, NULL, 2065, 5, 3, 1, 1, 0);
INSERT INTO `meeting_events` (`id`, `created_at`, `updated_at`, `event_order`, `begin_time`, `is_out_of_race`, `is_autofilled`, `notes`, `meeting_session_id`, `event_type_id`, `heat_type_id`, `user_id`, `has_separate_gender_start_list`, `has_separate_category_start_list`)
  VALUES (10810, '2016-10-28 14:53:50', '2016-10-28 14:53:50', 14, '2000-01-01 13:30:00', 0, 1, NULL, 2065, 15, 3, 1, 1, 0);
INSERT INTO `meeting_events` (`id`, `created_at`, `updated_at`, `event_order`, `begin_time`, `is_out_of_race`, `is_autofilled`, `notes`, `meeting_session_id`, `event_type_id`, `heat_type_id`, `user_id`, `has_separate_gender_start_list`, `has_separate_category_start_list`)
  VALUES (10811, '2016-10-28 14:53:50', '2016-10-28 14:53:50', 15, '2000-01-01 13:52:00', 0, 1, NULL, 2065, 11, 3, 1, 1, 0);
INSERT INTO `meeting_events` (`id`, `created_at`, `updated_at`, `event_order`, `begin_time`, `is_out_of_race`, `is_autofilled`, `notes`, `meeting_session_id`, `event_type_id`, `heat_type_id`, `user_id`, `has_separate_gender_start_list`, `has_separate_category_start_list`)
  VALUES (10812, '2016-10-28 14:53:50', '2016-10-28 14:53:50', 16, '2000-01-01 14:22:00', 0, 1, NULL, 2065, 19, 3, 1, 1, 0);
INSERT INTO `meeting_events` (`id`, `created_at`, `updated_at`, `event_order`, `begin_time`, `is_out_of_race`, `is_autofilled`, `notes`, `meeting_session_id`, `event_type_id`, `heat_type_id`, `user_id`, `has_separate_gender_start_list`, `has_separate_category_start_list`)
  VALUES (10813, '2016-10-28 14:53:50', '2016-10-28 14:53:50', 17, '2000-01-01 15:00:00', 0, 1, NULL, 2065, 2, 3, 1, 1, 0);
INSERT INTO `meeting_events` (`id`, `created_at`, `updated_at`, `event_order`, `begin_time`, `is_out_of_race`, `is_autofilled`, `notes`, `meeting_session_id`, `event_type_id`, `heat_type_id`, `user_id`, `has_separate_gender_start_list`, `has_separate_category_start_list`)
  VALUES (10814, '2016-10-28 14:53:50', '2016-10-28 14:53:50', 18, '2000-01-01 15:38:00', 0, 1, NULL, 2065, 6, 3, 1, 1, 0);
INSERT INTO `meeting_sessions` (`id`, `session_order`, `scheduled_date`, `warm_up_time`, `begin_time`, `notes`, `meeting_id`, `swimming_pool_id`, `user_id`, `created_at`, `updated_at`, `description`, `is_autofilled`, `day_part_type_id`)
  VALUES (2066, 2, '2017-02-04', '2000-01-01 00:00:00', '2000-01-01 00:00:00', '', 16286, 157, 2, '2016-10-28 14:53:50', '2016-10-28 14:53:50', 'FINALI', 1, 2);

-- 15287-regmolise REGIONALI MOLISE 2016-03-13
INSERT INTO `meetings` (`id`, `description`, `entry_deadline`, `has_warm_up_pool`, `is_under_25_admitted`, `reference_phone`, `reference_e_mail`, `reference_name`, `notes`, `has_invitation`, `has_start_list`, `are_results_acquired`, `max_individual_events`, `configuration_file`, `edition`, `season_id`, `user_id`, `created_at`, `updated_at`, `is_autofilled`, `header_date`, `code`, `header_year`, `max_individual_events_per_session`, `is_out_of_season`, `edition_type_id`, `timing_type_id`, `individual_score_computation_type_id`, `relay_score_computation_type_id`, `team_score_computation_type_id`, `meeting_score_computation_type_id`, `invitation`, `is_confirmed`)
  VALUES (16287, 'REGIONALI MOLISE', NULL, 0, 1, NULL, NULL, NULL, 'CR Molise', 0, 0, 0, 2, '?', 2, 162, 2, '2016-10-28 14:53:50', '2016-10-28 14:53:50', 1, '2017-03-12', 'regmolise', '2017', 0, 0, 4, 3, 1, 1, 12, 1, NULL, 0);
INSERT INTO `meeting_sessions` (`id`, `session_order`, `scheduled_date`, `warm_up_time`, `begin_time`, `notes`, `meeting_id`, `swimming_pool_id`, `user_id`, `created_at`, `updated_at`, `description`, `is_autofilled`, `day_part_type_id`)
  VALUES (2067, 1, '2017-03-12', '2000-01-01 00:00:00', '2000-01-01 00:00:00', '', 16287, 169, 2, '2016-10-28 14:53:50', '2016-10-28 14:53:50', 'FINALI', 1, 1);
INSERT INTO `meeting_events` (`id`, `created_at`, `updated_at`, `event_order`, `begin_time`, `is_out_of_race`, `is_autofilled`, `notes`, `meeting_session_id`, `event_type_id`, `heat_type_id`, `user_id`, `has_separate_gender_start_list`, `has_separate_category_start_list`)
  VALUES (10815, '2016-10-28 14:53:50', '2016-10-28 14:53:50', 1, '2000-01-01 08:02:00', 0, 1, NULL, 2067, 16, 3, 1, 1, 0);
INSERT INTO `meeting_events` (`id`, `created_at`, `updated_at`, `event_order`, `begin_time`, `is_out_of_race`, `is_autofilled`, `notes`, `meeting_session_id`, `event_type_id`, `heat_type_id`, `user_id`, `has_separate_gender_start_list`, `has_separate_category_start_list`)
  VALUES (10816, '2016-10-28 14:53:50', '2016-10-28 14:53:50', 2, '2000-01-01 08:10:00', 0, 1, NULL, 2067, 12, 3, 1, 1, 0);
INSERT INTO `meeting_events` (`id`, `created_at`, `updated_at`, `event_order`, `begin_time`, `is_out_of_race`, `is_autofilled`, `notes`, `meeting_session_id`, `event_type_id`, `heat_type_id`, `user_id`, `has_separate_gender_start_list`, `has_separate_category_start_list`)
  VALUES (10817, '2016-10-28 14:53:50', '2016-10-28 14:53:50', 3, '2000-01-01 08:16:00', 0, 1, NULL, 2067, 22, 3, 1, 1, 0);
INSERT INTO `meeting_events` (`id`, `created_at`, `updated_at`, `event_order`, `begin_time`, `is_out_of_race`, `is_autofilled`, `notes`, `meeting_session_id`, `event_type_id`, `heat_type_id`, `user_id`, `has_separate_gender_start_list`, `has_separate_category_start_list`)
  VALUES (10818, '2016-10-28 14:53:50', '2016-10-28 14:53:50', 4, '2000-01-01 08:24:00', 0, 1, NULL, 2067, 20, 3, 1, 1, 0);
INSERT INTO `meeting_events` (`id`, `created_at`, `updated_at`, `event_order`, `begin_time`, `is_out_of_race`, `is_autofilled`, `notes`, `meeting_session_id`, `event_type_id`, `heat_type_id`, `user_id`, `has_separate_gender_start_list`, `has_separate_category_start_list`)
  VALUES (10819, '2016-10-28 14:53:50', '2016-10-28 14:53:50', 5, '2000-01-01 08:30:00', 0, 1, NULL, 2067, 3, 3, 1, 1, 0);
INSERT INTO `meeting_events` (`id`, `created_at`, `updated_at`, `event_order`, `begin_time`, `is_out_of_race`, `is_autofilled`, `notes`, `meeting_session_id`, `event_type_id`, `heat_type_id`, `user_id`, `has_separate_gender_start_list`, `has_separate_category_start_list`)
  VALUES (10820, '2016-10-28 14:53:50', '2016-10-28 14:53:50', 6, '2000-01-01 08:48:00', 0, 1, NULL, 2067, 7, 3, 1, 1, 0);
INSERT INTO `meeting_events` (`id`, `created_at`, `updated_at`, `event_order`, `begin_time`, `is_out_of_race`, `is_autofilled`, `notes`, `meeting_session_id`, `event_type_id`, `heat_type_id`, `user_id`, `has_separate_gender_start_list`, `has_separate_category_start_list`)
  VALUES (10821, '2016-10-28 14:53:50', '2016-10-28 14:53:50', 7, '2000-01-01 08:58:00', 0, 1, NULL, 2067, 17, 3, 1, 1, 0);
INSERT INTO `meeting_events` (`id`, `created_at`, `updated_at`, `event_order`, `begin_time`, `is_out_of_race`, `is_autofilled`, `notes`, `meeting_session_id`, `event_type_id`, `heat_type_id`, `user_id`, `has_separate_gender_start_list`, `has_separate_category_start_list`)
  VALUES (10822, '2016-10-28 14:53:50', '2016-10-28 14:53:50', 8, '2000-01-01 09:04:00', 0, 1, NULL, 2067, 13, 3, 1, 1, 0);
INSERT INTO `meeting_events` (`id`, `created_at`, `updated_at`, `event_order`, `begin_time`, `is_out_of_race`, `is_autofilled`, `notes`, `meeting_session_id`, `event_type_id`, `heat_type_id`, `user_id`, `has_separate_gender_start_list`, `has_separate_category_start_list`)
  VALUES (10823, '2016-10-28 14:53:50', '2016-10-28 14:53:50', 9, '2000-01-01 09:06:00', 0, 1, NULL, 2067, 23, 3, 1, 1, 0);
INSERT INTO `meeting_events` (`id`, `created_at`, `updated_at`, `event_order`, `begin_time`, `is_out_of_race`, `is_autofilled`, `notes`, `meeting_session_id`, `event_type_id`, `heat_type_id`, `user_id`, `has_separate_gender_start_list`, `has_separate_category_start_list`)
  VALUES (10824, '2016-10-28 14:53:50', '2016-10-28 14:53:50', 10, '2000-01-01 09:14:00', 0, 1, NULL, 2067, 21, 3, 1, 1, 0);
INSERT INTO `meeting_events` (`id`, `created_at`, `updated_at`, `event_order`, `begin_time`, `is_out_of_race`, `is_autofilled`, `notes`, `meeting_session_id`, `event_type_id`, `heat_type_id`, `user_id`, `has_separate_gender_start_list`, `has_separate_category_start_list`)
  VALUES (10825, '2016-10-28 14:53:50', '2016-10-28 14:53:50', 11, '2000-01-01 09:22:00', 0, 1, NULL, 2067, 4, 3, 1, 1, 0);
INSERT INTO `meeting_events` (`id`, `created_at`, `updated_at`, `event_order`, `begin_time`, `is_out_of_race`, `is_autofilled`, `notes`, `meeting_session_id`, `event_type_id`, `heat_type_id`, `user_id`, `has_separate_gender_start_list`, `has_separate_category_start_list`)
  VALUES (10826, '2016-10-28 14:53:50', '2016-10-28 14:53:50', 12, '2000-01-01 09:38:00', 0, 1, NULL, 2067, 24, 3, 1, 1, 0);
INSERT INTO `meeting_events` (`id`, `created_at`, `updated_at`, `event_order`, `begin_time`, `is_out_of_race`, `is_autofilled`, `notes`, `meeting_session_id`, `event_type_id`, `heat_type_id`, `user_id`, `has_separate_gender_start_list`, `has_separate_category_start_list`)
  VALUES (10827, '2016-10-28 14:53:50', '2016-10-28 14:53:50', 13, '2000-01-01 09:46:00', 0, 1, NULL, 2067, 5, 3, 1, 1, 0);
INSERT INTO `meeting_events` (`id`, `created_at`, `updated_at`, `event_order`, `begin_time`, `is_out_of_race`, `is_autofilled`, `notes`, `meeting_session_id`, `event_type_id`, `heat_type_id`, `user_id`, `has_separate_gender_start_list`, `has_separate_category_start_list`)
  VALUES (10828, '2016-10-28 14:53:50', '2016-10-28 14:53:50', 14, '2000-01-01 09:52:00', 0, 1, NULL, 2067, 15, 3, 1, 1, 0);
INSERT INTO `meeting_events` (`id`, `created_at`, `updated_at`, `event_order`, `begin_time`, `is_out_of_race`, `is_autofilled`, `notes`, `meeting_session_id`, `event_type_id`, `heat_type_id`, `user_id`, `has_separate_gender_start_list`, `has_separate_category_start_list`)
  VALUES (10829, '2016-10-28 14:53:50', '2016-10-28 14:53:50', 15, '2000-01-01 10:00:00', 0, 1, NULL, 2067, 11, 3, 1, 1, 0);
INSERT INTO `meeting_events` (`id`, `created_at`, `updated_at`, `event_order`, `begin_time`, `is_out_of_race`, `is_autofilled`, `notes`, `meeting_session_id`, `event_type_id`, `heat_type_id`, `user_id`, `has_separate_gender_start_list`, `has_separate_category_start_list`)
  VALUES (10830, '2016-10-28 14:53:50', '2016-10-28 14:53:50', 16, '2000-01-01 10:12:00', 0, 1, NULL, 2067, 19, 3, 1, 1, 0);
INSERT INTO `meeting_events` (`id`, `created_at`, `updated_at`, `event_order`, `begin_time`, `is_out_of_race`, `is_autofilled`, `notes`, `meeting_session_id`, `event_type_id`, `heat_type_id`, `user_id`, `has_separate_gender_start_list`, `has_separate_category_start_list`)
  VALUES (10831, '2016-10-28 14:53:50', '2016-10-28 14:53:50', 17, '2000-01-01 10:28:00', 0, 1, NULL, 2067, 2, 3, 1, 1, 0);
INSERT INTO `meeting_events` (`id`, `created_at`, `updated_at`, `event_order`, `begin_time`, `is_out_of_race`, `is_autofilled`, `notes`, `meeting_session_id`, `event_type_id`, `heat_type_id`, `user_id`, `has_separate_gender_start_list`, `has_separate_category_start_list`)
  VALUES (10832, '2016-10-28 14:53:50', '2016-10-28 14:53:50', 18, '2000-01-01 10:54:00', 0, 1, NULL, 2067, 6, 3, 1, 1, 0);
INSERT INTO `meeting_events` (`id`, `created_at`, `updated_at`, `event_order`, `begin_time`, `is_out_of_race`, `is_autofilled`, `notes`, `meeting_session_id`, `event_type_id`, `heat_type_id`, `user_id`, `has_separate_gender_start_list`, `has_separate_category_start_list`)
  VALUES (10833, '2016-10-28 14:53:50', '2016-10-28 14:53:50', 19, '2000-01-01 11:12:22', 0, 1, NULL, 2067, 33, 3, 1, 1, 0);
INSERT INTO `meeting_events` (`id`, `created_at`, `updated_at`, `event_order`, `begin_time`, `is_out_of_race`, `is_autofilled`, `notes`, `meeting_session_id`, `event_type_id`, `heat_type_id`, `user_id`, `has_separate_gender_start_list`, `has_separate_category_start_list`)
  VALUES (10834, '2016-10-28 14:53:50', '2016-10-28 14:53:50', 20, '2000-01-01 11:20:06', 0, 1, NULL, 2067, 32, 3, 1, 1, 0);
INSERT INTO `meeting_events` (`id`, `created_at`, `updated_at`, `event_order`, `begin_time`, `is_out_of_race`, `is_autofilled`, `notes`, `meeting_session_id`, `event_type_id`, `heat_type_id`, `user_id`, `has_separate_gender_start_list`, `has_separate_category_start_list`)
  VALUES (10835, '2016-10-28 14:53:50', '2016-10-28 14:53:50', 21, '2000-01-01 10:55:38', 0, 1, NULL, 2067, 26, 3, 1, 1, 0);
INSERT INTO `meeting_events` (`id`, `created_at`, `updated_at`, `event_order`, `begin_time`, `is_out_of_race`, `is_autofilled`, `notes`, `meeting_session_id`, `event_type_id`, `heat_type_id`, `user_id`, `has_separate_gender_start_list`, `has_separate_category_start_list`)
  VALUES (10836, '2016-10-28 14:53:51', '2016-10-28 14:53:51', 22, '2000-01-01 10:17:24', 0, 1, NULL, 2067, 25, 3, 1, 1, 0);
INSERT INTO `meeting_sessions` (`id`, `session_order`, `scheduled_date`, `warm_up_time`, `begin_time`, `notes`, `meeting_id`, `swimming_pool_id`, `user_id`, `created_at`, `updated_at`, `description`, `is_autofilled`, `day_part_type_id`)
  VALUES (2068, 2, '2017-03-12', '2000-01-01 00:00:00', '2000-01-01 00:00:00', '', 16287, 169, 2, '2016-10-28 14:53:51', '2016-10-28 14:53:51', 'FINALI', 1, 2);

-- 15288-seregnomaster TROFEO MASTER 2016-02-28
INSERT INTO `meetings` (`id`, `description`, `entry_deadline`, `has_warm_up_pool`, `is_under_25_admitted`, `reference_phone`, `reference_e_mail`, `reference_name`, `notes`, `has_invitation`, `has_start_list`, `are_results_acquired`, `max_individual_events`, `configuration_file`, `edition`, `season_id`, `user_id`, `created_at`, `updated_at`, `is_autofilled`, `header_date`, `code`, `header_year`, `max_individual_events_per_session`, `is_out_of_season`, `edition_type_id`, `timing_type_id`, `individual_score_computation_type_id`, `relay_score_computation_type_id`, `team_score_computation_type_id`, `meeting_score_computation_type_id`, `invitation`, `is_confirmed`)
  VALUES (16288, 'TROFEO MASTER', NULL, 0, 1, NULL, NULL, NULL, 'NC Seregno', 0, 0, 0, 2, '?', 12, 162, 2, '2016-10-28 14:53:51', '2016-10-28 14:53:51', 1, '2017-02-26', 'seregnomaster', '2017', 0, 0, 2, 3, 1, 1, 12, 1, NULL, 0);
INSERT INTO `meeting_sessions` (`id`, `session_order`, `scheduled_date`, `warm_up_time`, `begin_time`, `notes`, `meeting_id`, `swimming_pool_id`, `user_id`, `created_at`, `updated_at`, `description`, `is_autofilled`, `day_part_type_id`)
  VALUES (2069, 1, '2017-02-26', '2000-01-01 00:00:00', '2000-01-01 00:00:00', '', 16288, 105, 2, '2016-10-28 14:53:51', '2016-10-28 14:53:51', 'FINALI', 1, 1);
INSERT INTO `meeting_events` (`id`, `created_at`, `updated_at`, `event_order`, `begin_time`, `is_out_of_race`, `is_autofilled`, `notes`, `meeting_session_id`, `event_type_id`, `heat_type_id`, `user_id`, `has_separate_gender_start_list`, `has_separate_category_start_list`)
  VALUES (10837, '2016-10-28 14:53:51', '2016-10-28 14:53:51', 1, '2000-01-01 08:02:00', 0, 1, NULL, 2069, 16, 3, 1, 1, 0);
INSERT INTO `meeting_events` (`id`, `created_at`, `updated_at`, `event_order`, `begin_time`, `is_out_of_race`, `is_autofilled`, `notes`, `meeting_session_id`, `event_type_id`, `heat_type_id`, `user_id`, `has_separate_gender_start_list`, `has_separate_category_start_list`)
  VALUES (10838, '2016-10-28 14:53:51', '2016-10-28 14:53:51', 2, '2000-01-01 08:42:00', 0, 1, NULL, 2069, 20, 3, 1, 1, 0);
INSERT INTO `meeting_events` (`id`, `created_at`, `updated_at`, `event_order`, `begin_time`, `is_out_of_race`, `is_autofilled`, `notes`, `meeting_session_id`, `event_type_id`, `heat_type_id`, `user_id`, `has_separate_gender_start_list`, `has_separate_category_start_list`)
  VALUES (10839, '2016-10-28 14:53:51', '2016-10-28 14:53:51', 3, '2000-01-01 09:32:00', 0, 1, NULL, 2069, 3, 3, 1, 1, 0);
INSERT INTO `meeting_events` (`id`, `created_at`, `updated_at`, `event_order`, `begin_time`, `is_out_of_race`, `is_autofilled`, `notes`, `meeting_session_id`, `event_type_id`, `heat_type_id`, `user_id`, `has_separate_gender_start_list`, `has_separate_category_start_list`)
  VALUES (10840, '2016-10-28 14:53:51', '2016-10-28 14:53:51', 4, '2000-01-01 10:20:00', 0, 1, NULL, 2069, 17, 3, 1, 1, 0);
INSERT INTO `meeting_events` (`id`, `created_at`, `updated_at`, `event_order`, `begin_time`, `is_out_of_race`, `is_autofilled`, `notes`, `meeting_session_id`, `event_type_id`, `heat_type_id`, `user_id`, `has_separate_gender_start_list`, `has_separate_category_start_list`)
  VALUES (10841, '2016-10-28 14:53:51', '2016-10-28 14:53:51', 5, '2000-01-01 11:00:00', 0, 1, NULL, 2069, 23, 3, 1, 1, 0);
INSERT INTO `meeting_events` (`id`, `created_at`, `updated_at`, `event_order`, `begin_time`, `is_out_of_race`, `is_autofilled`, `notes`, `meeting_session_id`, `event_type_id`, `heat_type_id`, `user_id`, `has_separate_gender_start_list`, `has_separate_category_start_list`)
  VALUES (10842, '2016-10-28 14:53:51', '2016-10-28 14:53:51', 6, '2000-01-01 11:34:00', 0, 1, NULL, 2069, 4, 3, 1, 1, 0);
INSERT INTO `meeting_events` (`id`, `created_at`, `updated_at`, `event_order`, `begin_time`, `is_out_of_race`, `is_autofilled`, `notes`, `meeting_session_id`, `event_type_id`, `heat_type_id`, `user_id`, `has_separate_gender_start_list`, `has_separate_category_start_list`)
  VALUES (10843, '2016-10-28 14:53:51', '2016-10-28 14:53:51', 7, '2000-01-01 12:18:00', 0, 1, NULL, 2069, 11, 3, 1, 1, 0);
INSERT INTO `meeting_events` (`id`, `created_at`, `updated_at`, `event_order`, `begin_time`, `is_out_of_race`, `is_autofilled`, `notes`, `meeting_session_id`, `event_type_id`, `heat_type_id`, `user_id`, `has_separate_gender_start_list`, `has_separate_category_start_list`)
  VALUES (10844, '2016-10-28 14:53:51', '2016-10-28 14:53:51', 8, '2000-01-01 13:02:00', 0, 1, NULL, 2069, 19, 3, 1, 1, 0);
INSERT INTO `meeting_events` (`id`, `created_at`, `updated_at`, `event_order`, `begin_time`, `is_out_of_race`, `is_autofilled`, `notes`, `meeting_session_id`, `event_type_id`, `heat_type_id`, `user_id`, `has_separate_gender_start_list`, `has_separate_category_start_list`)
  VALUES (10845, '2016-10-28 14:53:51', '2016-10-28 14:53:51', 9, '2000-01-01 13:46:00', 0, 1, NULL, 2069, 2, 3, 1, 1, 0);
INSERT INTO `meeting_sessions` (`id`, `session_order`, `scheduled_date`, `warm_up_time`, `begin_time`, `notes`, `meeting_id`, `swimming_pool_id`, `user_id`, `created_at`, `updated_at`, `description`, `is_autofilled`, `day_part_type_id`)
  VALUES (2070, 2, '2017-02-26', '2000-01-01 00:00:00', '2000-01-01 00:00:00', '', 16288, 105, 2, '2016-10-28 14:53:51', '2016-10-28 14:53:51', 'FINALI', 1, 2);

-- 15289-lignanosabbiadoromarco MEMORIAL MARCO 2015-12-13
INSERT INTO `meetings` (`id`, `description`, `entry_deadline`, `has_warm_up_pool`, `is_under_25_admitted`, `reference_phone`, `reference_e_mail`, `reference_name`, `notes`, `has_invitation`, `has_start_list`, `are_results_acquired`, `max_individual_events`, `configuration_file`, `edition`, `season_id`, `user_id`, `created_at`, `updated_at`, `is_autofilled`, `header_date`, `code`, `header_year`, `max_individual_events_per_session`, `is_out_of_season`, `edition_type_id`, `timing_type_id`, `individual_score_computation_type_id`, `relay_score_computation_type_id`, `team_score_computation_type_id`, `meeting_score_computation_type_id`, `invitation`, `is_confirmed`)
  VALUES (16289, 'MEMORIAL MARCO', NULL, 0, 1, NULL, NULL, NULL, NULL, 0, 0, 0, 2, '?', 12, 162, 2, '2016-10-28 14:53:51', '2016-10-28 14:53:51', 1, '2016-12-11', 'lignanosabbiadoromarco', '2017', 0, 0, 2, 3, 1, 1, 12, 1, NULL, 0);
INSERT INTO `meeting_sessions` (`id`, `session_order`, `scheduled_date`, `warm_up_time`, `begin_time`, `notes`, `meeting_id`, `swimming_pool_id`, `user_id`, `created_at`, `updated_at`, `description`, `is_autofilled`, `day_part_type_id`)
  VALUES (2071, 1, '2016-12-11', '2000-01-01 00:00:00', '2000-01-01 00:00:00', '', 16289, 13, 2, '2016-10-28 14:53:51', '2016-10-28 14:53:51', 'FINALI', 1, 1);
INSERT INTO `meeting_events` (`id`, `created_at`, `updated_at`, `event_order`, `begin_time`, `is_out_of_race`, `is_autofilled`, `notes`, `meeting_session_id`, `event_type_id`, `heat_type_id`, `user_id`, `has_separate_gender_start_list`, `has_separate_category_start_list`)
  VALUES (10846, '2016-10-28 14:53:51', '2016-10-28 14:53:51', 1, '2000-01-01 08:04:00', 0, 1, NULL, 2071, 16, 3, 1, 1, 0);
INSERT INTO `meeting_events` (`id`, `created_at`, `updated_at`, `event_order`, `begin_time`, `is_out_of_race`, `is_autofilled`, `notes`, `meeting_session_id`, `event_type_id`, `heat_type_id`, `user_id`, `has_separate_gender_start_list`, `has_separate_category_start_list`)
  VALUES (10847, '2016-10-28 14:53:51', '2016-10-28 14:53:51', 2, '2000-01-01 08:42:00', 0, 1, NULL, 2071, 3, 3, 1, 1, 0);
INSERT INTO `meeting_events` (`id`, `created_at`, `updated_at`, `event_order`, `begin_time`, `is_out_of_race`, `is_autofilled`, `notes`, `meeting_session_id`, `event_type_id`, `heat_type_id`, `user_id`, `has_separate_gender_start_list`, `has_separate_category_start_list`)
  VALUES (10848, '2016-10-28 14:53:51', '2016-10-28 14:53:51', 3, '2000-01-01 09:26:00', 0, 1, NULL, 2071, 23, 3, 1, 1, 0);
INSERT INTO `meeting_events` (`id`, `created_at`, `updated_at`, `event_order`, `begin_time`, `is_out_of_race`, `is_autofilled`, `notes`, `meeting_session_id`, `event_type_id`, `heat_type_id`, `user_id`, `has_separate_gender_start_list`, `has_separate_category_start_list`)
  VALUES (10849, '2016-10-28 14:53:51', '2016-10-28 14:53:51', 4, '2000-01-01 10:00:00', 0, 1, NULL, 2071, 21, 3, 1, 1, 0);
INSERT INTO `meeting_events` (`id`, `created_at`, `updated_at`, `event_order`, `begin_time`, `is_out_of_race`, `is_autofilled`, `notes`, `meeting_session_id`, `event_type_id`, `heat_type_id`, `user_id`, `has_separate_gender_start_list`, `has_separate_category_start_list`)
  VALUES (10850, '2016-10-28 14:53:51', '2016-10-28 14:53:51', 5, '2000-01-01 10:38:00', 0, 1, NULL, 2071, 5, 3, 1, 1, 0);
INSERT INTO `meeting_events` (`id`, `created_at`, `updated_at`, `event_order`, `begin_time`, `is_out_of_race`, `is_autofilled`, `notes`, `meeting_session_id`, `event_type_id`, `heat_type_id`, `user_id`, `has_separate_gender_start_list`, `has_separate_category_start_list`)
  VALUES (10851, '2016-10-28 14:53:51', '2016-10-28 14:53:51', 6, '2000-01-01 11:14:00', 0, 1, NULL, 2071, 11, 3, 1, 1, 0);
INSERT INTO `meeting_events` (`id`, `created_at`, `updated_at`, `event_order`, `begin_time`, `is_out_of_race`, `is_autofilled`, `notes`, `meeting_session_id`, `event_type_id`, `heat_type_id`, `user_id`, `has_separate_gender_start_list`, `has_separate_category_start_list`)
  VALUES (10852, '2016-10-28 14:53:51', '2016-10-28 14:53:51', 7, '2000-01-01 11:52:00', 0, 1, NULL, 2071, 19, 3, 1, 1, 0);
INSERT INTO `meeting_sessions` (`id`, `session_order`, `scheduled_date`, `warm_up_time`, `begin_time`, `notes`, `meeting_id`, `swimming_pool_id`, `user_id`, `created_at`, `updated_at`, `description`, `is_autofilled`, `day_part_type_id`)
  VALUES (2072, 2, '2016-12-11', '2000-01-01 00:00:00', '2000-01-01 00:00:00', '', 16289, 13, 2, '2016-10-28 14:53:51', '2016-10-28 14:53:51', 'FINALI', 1, 2);

-- 15290-livornonuotopiuswimfestival NUOTOPI SWIM FESTIVAL 2016-04-03
INSERT INTO `meetings` (`id`, `description`, `entry_deadline`, `has_warm_up_pool`, `is_under_25_admitted`, `reference_phone`, `reference_e_mail`, `reference_name`, `notes`, `has_invitation`, `has_start_list`, `are_results_acquired`, `max_individual_events`, `configuration_file`, `edition`, `season_id`, `user_id`, `created_at`, `updated_at`, `is_autofilled`, `header_date`, `code`, `header_year`, `max_individual_events_per_session`, `is_out_of_season`, `edition_type_id`, `timing_type_id`, `individual_score_computation_type_id`, `relay_score_computation_type_id`, `team_score_computation_type_id`, `meeting_score_computation_type_id`, `invitation`, `is_confirmed`)
  VALUES (16290, 'NUOTOPI SWIM FESTIVAL', NULL, 0, 1, NULL, NULL, NULL, NULL, 0, 0, 0, 2, '?', 3, 162, 2, '2016-10-28 14:53:51', '2016-10-28 14:53:51', 1, '2017-04-02', 'livornonuotopiuswimfestival', '2017', 0, 0, 2, 3, 1, 1, 12, 1, NULL, 0);
INSERT INTO `meeting_sessions` (`id`, `session_order`, `scheduled_date`, `warm_up_time`, `begin_time`, `notes`, `meeting_id`, `swimming_pool_id`, `user_id`, `created_at`, `updated_at`, `description`, `is_autofilled`, `day_part_type_id`)
  VALUES (2073, 1, '2017-04-02', '2000-01-01 00:00:00', '2000-01-01 00:00:00', '', 16290, 170, 2, '2016-10-28 14:53:51', '2016-10-28 14:53:51', 'FINALI', 1, 1);
INSERT INTO `meeting_sessions` (`id`, `session_order`, `scheduled_date`, `warm_up_time`, `begin_time`, `notes`, `meeting_id`, `swimming_pool_id`, `user_id`, `created_at`, `updated_at`, `description`, `is_autofilled`, `day_part_type_id`)
  VALUES (2074, 2, '2017-04-02', '2000-01-01 00:00:00', '2000-01-01 00:00:00', '', 16290, 170, 2, '2016-10-28 14:53:51', '2016-10-28 14:53:51', 'FINALI', 1, 2);

-- 15291-laquilaimmotamanet TROFEO IMMOTA MANET 2016-03-06
INSERT INTO `meetings` (`id`, `description`, `entry_deadline`, `has_warm_up_pool`, `is_under_25_admitted`, `reference_phone`, `reference_e_mail`, `reference_name`, `notes`, `has_invitation`, `has_start_list`, `are_results_acquired`, `max_individual_events`, `configuration_file`, `edition`, `season_id`, `user_id`, `created_at`, `updated_at`, `is_autofilled`, `header_date`, `code`, `header_year`, `max_individual_events_per_session`, `is_out_of_season`, `edition_type_id`, `timing_type_id`, `individual_score_computation_type_id`, `relay_score_computation_type_id`, `team_score_computation_type_id`, `meeting_score_computation_type_id`, `invitation`, `is_confirmed`)
  VALUES (16291, 'TROFEO IMMOTA MANET', NULL, 0, 1, NULL, NULL, NULL, 'Club l`Aquila Nuoto', 0, 0, 0, 2, '?', 16, 162, 2, '2016-10-28 14:53:51', '2016-10-28 14:53:51', 1, '2017-03-05', 'laquilaimmotamanet', '2017', 0, 0, 2, 3, 1, 1, 12, 1, NULL, 0);
INSERT INTO `meeting_sessions` (`id`, `session_order`, `scheduled_date`, `warm_up_time`, `begin_time`, `notes`, `meeting_id`, `swimming_pool_id`, `user_id`, `created_at`, `updated_at`, `description`, `is_autofilled`, `day_part_type_id`)
  VALUES (2075, 1, '2017-03-05', '2000-01-01 00:00:00', '2000-01-01 00:00:00', '', 16291, 66, 2, '2016-10-28 14:53:51', '2016-10-28 14:53:51', 'FINALI', 1, 1);
INSERT INTO `meeting_events` (`id`, `created_at`, `updated_at`, `event_order`, `begin_time`, `is_out_of_race`, `is_autofilled`, `notes`, `meeting_session_id`, `event_type_id`, `heat_type_id`, `user_id`, `has_separate_gender_start_list`, `has_separate_category_start_list`)
  VALUES (10853, '2016-10-28 14:53:51', '2016-10-28 14:53:51', 1, '2000-01-01 08:02:00', 0, 1, NULL, 2075, 22, 3, 1, 1, 0);
INSERT INTO `meeting_events` (`id`, `created_at`, `updated_at`, `event_order`, `begin_time`, `is_out_of_race`, `is_autofilled`, `notes`, `meeting_session_id`, `event_type_id`, `heat_type_id`, `user_id`, `has_separate_gender_start_list`, `has_separate_category_start_list`)
  VALUES (10854, '2016-10-28 14:53:51', '2016-10-28 14:53:51', 2, '2000-01-01 08:40:00', 0, 1, NULL, 2075, 3, 3, 1, 1, 0);
INSERT INTO `meeting_events` (`id`, `created_at`, `updated_at`, `event_order`, `begin_time`, `is_out_of_race`, `is_autofilled`, `notes`, `meeting_session_id`, `event_type_id`, `heat_type_id`, `user_id`, `has_separate_gender_start_list`, `has_separate_category_start_list`)
  VALUES (10855, '2016-10-28 14:53:51', '2016-10-28 14:53:51', 3, '2000-01-01 09:12:00', 0, 1, NULL, 2075, 23, 3, 1, 1, 0);
INSERT INTO `meeting_events` (`id`, `created_at`, `updated_at`, `event_order`, `begin_time`, `is_out_of_race`, `is_autofilled`, `notes`, `meeting_session_id`, `event_type_id`, `heat_type_id`, `user_id`, `has_separate_gender_start_list`, `has_separate_category_start_list`)
  VALUES (10856, '2016-10-28 14:53:51', '2016-10-28 14:53:51', 4, '2000-01-01 09:46:00', 0, 1, NULL, 2075, 4, 3, 1, 1, 0);
INSERT INTO `meeting_events` (`id`, `created_at`, `updated_at`, `event_order`, `begin_time`, `is_out_of_race`, `is_autofilled`, `notes`, `meeting_session_id`, `event_type_id`, `heat_type_id`, `user_id`, `has_separate_gender_start_list`, `has_separate_category_start_list`)
  VALUES (10857, '2016-10-28 14:53:51', '2016-10-28 14:53:51', 5, '2000-01-01 10:24:00', 0, 1, NULL, 2075, 15, 3, 1, 1, 0);
INSERT INTO `meeting_events` (`id`, `created_at`, `updated_at`, `event_order`, `begin_time`, `is_out_of_race`, `is_autofilled`, `notes`, `meeting_session_id`, `event_type_id`, `heat_type_id`, `user_id`, `has_separate_gender_start_list`, `has_separate_category_start_list`)
  VALUES (10858, '2016-10-28 14:53:51', '2016-10-28 14:53:51', 6, '2000-01-01 10:56:00', 0, 1, NULL, 2075, 11, 3, 1, 1, 0);
INSERT INTO `meeting_events` (`id`, `created_at`, `updated_at`, `event_order`, `begin_time`, `is_out_of_race`, `is_autofilled`, `notes`, `meeting_session_id`, `event_type_id`, `heat_type_id`, `user_id`, `has_separate_gender_start_list`, `has_separate_category_start_list`)
  VALUES (10859, '2016-10-28 14:53:51', '2016-10-28 14:53:51', 7, '2000-01-01 11:34:00', 0, 1, NULL, 2075, 19, 3, 1, 1, 0);
INSERT INTO `meeting_events` (`id`, `created_at`, `updated_at`, `event_order`, `begin_time`, `is_out_of_race`, `is_autofilled`, `notes`, `meeting_session_id`, `event_type_id`, `heat_type_id`, `user_id`, `has_separate_gender_start_list`, `has_separate_category_start_list`)
  VALUES (10860, '2016-10-28 14:53:51', '2016-10-28 14:53:51', 8, '2000-01-01 12:16:00', 0, 1, NULL, 2075, 2, 3, 1, 1, 0);
INSERT INTO `meeting_events` (`id`, `created_at`, `updated_at`, `event_order`, `begin_time`, `is_out_of_race`, `is_autofilled`, `notes`, `meeting_session_id`, `event_type_id`, `heat_type_id`, `user_id`, `has_separate_gender_start_list`, `has_separate_category_start_list`)
  VALUES (10861, '2016-10-28 14:53:51', '2016-10-28 14:53:51', 9, '2000-01-01 13:00:30', 0, 1, NULL, 2075, 32, 3, 1, 1, 0);

-- 15292-molfettaframaros MEETING FRAMAROS 2016-03-06
INSERT INTO `meetings` (`id`, `description`, `entry_deadline`, `has_warm_up_pool`, `is_under_25_admitted`, `reference_phone`, `reference_e_mail`, `reference_name`, `notes`, `has_invitation`, `has_start_list`, `are_results_acquired`, `max_individual_events`, `configuration_file`, `edition`, `season_id`, `user_id`, `created_at`, `updated_at`, `is_autofilled`, `header_date`, `code`, `header_year`, `max_individual_events_per_session`, `is_out_of_season`, `edition_type_id`, `timing_type_id`, `individual_score_computation_type_id`, `relay_score_computation_type_id`, `team_score_computation_type_id`, `meeting_score_computation_type_id`, `invitation`, `is_confirmed`)
  VALUES (16292, 'MEETING FRAMAROS', NULL, 0, 1, NULL, NULL, NULL, 'FramarosSport SSD a r.l.', 0, 0, 0, 2, '?', 6, 162, 2, '2016-10-28 14:53:51', '2016-10-28 14:53:51', 1, '2017-03-05', 'molfettaframaros', '2017', 0, 0, 2, 3, 1, 1, 12, 1, NULL, 0);
INSERT INTO `meeting_sessions` (`id`, `session_order`, `scheduled_date`, `warm_up_time`, `begin_time`, `notes`, `meeting_id`, `swimming_pool_id`, `user_id`, `created_at`, `updated_at`, `description`, `is_autofilled`, `day_part_type_id`)
  VALUES (2076, 1, '2017-03-05', '2000-01-01 00:00:00', '2000-01-01 00:00:00', '', 16292, 171, 2, '2016-10-28 14:53:51', '2016-10-28 14:53:51', 'FINALI', 1, 1);
INSERT INTO `meeting_events` (`id`, `created_at`, `updated_at`, `event_order`, `begin_time`, `is_out_of_race`, `is_autofilled`, `notes`, `meeting_session_id`, `event_type_id`, `heat_type_id`, `user_id`, `has_separate_gender_start_list`, `has_separate_category_start_list`)
  VALUES (10862, '2016-10-28 14:53:51', '2016-10-28 14:53:51', 1, '2000-01-01 08:02:00', 0, 1, NULL, 2076, 16, 3, 1, 1, 0);
INSERT INTO `meeting_events` (`id`, `created_at`, `updated_at`, `event_order`, `begin_time`, `is_out_of_race`, `is_autofilled`, `notes`, `meeting_session_id`, `event_type_id`, `heat_type_id`, `user_id`, `has_separate_gender_start_list`, `has_separate_category_start_list`)
  VALUES (10863, '2016-10-28 14:53:51', '2016-10-28 14:53:51', 2, '2000-01-01 08:24:00', 0, 1, NULL, 2076, 12, 3, 1, 1, 0);
INSERT INTO `meeting_events` (`id`, `created_at`, `updated_at`, `event_order`, `begin_time`, `is_out_of_race`, `is_autofilled`, `notes`, `meeting_session_id`, `event_type_id`, `heat_type_id`, `user_id`, `has_separate_gender_start_list`, `has_separate_category_start_list`)
  VALUES (10864, '2016-10-28 14:53:51', '2016-10-28 14:53:51', 3, '2000-01-01 08:42:00', 0, 1, NULL, 2076, 22, 3, 1, 1, 0);
INSERT INTO `meeting_events` (`id`, `created_at`, `updated_at`, `event_order`, `begin_time`, `is_out_of_race`, `is_autofilled`, `notes`, `meeting_session_id`, `event_type_id`, `heat_type_id`, `user_id`, `has_separate_gender_start_list`, `has_separate_category_start_list`)
  VALUES (10865, '2016-10-28 14:53:51', '2016-10-28 14:53:51', 4, '2000-01-01 09:14:00', 0, 1, NULL, 2076, 20, 3, 1, 1, 0);
INSERT INTO `meeting_events` (`id`, `created_at`, `updated_at`, `event_order`, `begin_time`, `is_out_of_race`, `is_autofilled`, `notes`, `meeting_session_id`, `event_type_id`, `heat_type_id`, `user_id`, `has_separate_gender_start_list`, `has_separate_category_start_list`)
  VALUES (10866, '2016-10-28 14:53:51', '2016-10-28 14:53:51', 5, '2000-01-01 09:38:00', 0, 1, NULL, 2076, 3, 3, 1, 1, 0);
INSERT INTO `meeting_events` (`id`, `created_at`, `updated_at`, `event_order`, `begin_time`, `is_out_of_race`, `is_autofilled`, `notes`, `meeting_session_id`, `event_type_id`, `heat_type_id`, `user_id`, `has_separate_gender_start_list`, `has_separate_category_start_list`)
  VALUES (10867, '2016-10-28 14:53:51', '2016-10-28 14:53:51', 6, '2000-01-01 10:06:00', 0, 1, NULL, 2076, 17, 3, 1, 1, 0);
INSERT INTO `meeting_events` (`id`, `created_at`, `updated_at`, `event_order`, `begin_time`, `is_out_of_race`, `is_autofilled`, `notes`, `meeting_session_id`, `event_type_id`, `heat_type_id`, `user_id`, `has_separate_gender_start_list`, `has_separate_category_start_list`)
  VALUES (10868, '2016-10-28 14:53:51', '2016-10-28 14:53:51', 7, '2000-01-01 10:32:00', 0, 1, NULL, 2076, 13, 3, 1, 1, 0);
INSERT INTO `meeting_events` (`id`, `created_at`, `updated_at`, `event_order`, `begin_time`, `is_out_of_race`, `is_autofilled`, `notes`, `meeting_session_id`, `event_type_id`, `heat_type_id`, `user_id`, `has_separate_gender_start_list`, `has_separate_category_start_list`)
  VALUES (10869, '2016-10-28 14:53:51', '2016-10-28 14:53:51', 8, '2000-01-01 10:54:00', 0, 1, NULL, 2076, 23, 3, 1, 1, 0);
INSERT INTO `meeting_events` (`id`, `created_at`, `updated_at`, `event_order`, `begin_time`, `is_out_of_race`, `is_autofilled`, `notes`, `meeting_session_id`, `event_type_id`, `heat_type_id`, `user_id`, `has_separate_gender_start_list`, `has_separate_category_start_list`)
  VALUES (10870, '2016-10-28 14:53:51', '2016-10-28 14:53:51', 9, '2000-01-01 11:12:00', 0, 1, NULL, 2076, 4, 3, 1, 1, 0);
INSERT INTO `meeting_events` (`id`, `created_at`, `updated_at`, `event_order`, `begin_time`, `is_out_of_race`, `is_autofilled`, `notes`, `meeting_session_id`, `event_type_id`, `heat_type_id`, `user_id`, `has_separate_gender_start_list`, `has_separate_category_start_list`)
  VALUES (10871, '2016-10-28 14:53:51', '2016-10-28 14:53:51', 10, '2000-01-01 11:46:00', 0, 1, NULL, 2076, 15, 3, 1, 1, 0);
INSERT INTO `meeting_events` (`id`, `created_at`, `updated_at`, `event_order`, `begin_time`, `is_out_of_race`, `is_autofilled`, `notes`, `meeting_session_id`, `event_type_id`, `heat_type_id`, `user_id`, `has_separate_gender_start_list`, `has_separate_category_start_list`)
  VALUES (10872, '2016-10-28 14:53:51', '2016-10-28 14:53:51', 11, '2000-01-01 12:16:00', 0, 1, NULL, 2076, 11, 3, 1, 1, 0);
INSERT INTO `meeting_events` (`id`, `created_at`, `updated_at`, `event_order`, `begin_time`, `is_out_of_race`, `is_autofilled`, `notes`, `meeting_session_id`, `event_type_id`, `heat_type_id`, `user_id`, `has_separate_gender_start_list`, `has_separate_category_start_list`)
  VALUES (10873, '2016-10-28 14:53:51', '2016-10-28 14:53:51', 12, '2000-01-01 12:32:00', 0, 1, NULL, 2076, 19, 3, 1, 1, 0);
INSERT INTO `meeting_events` (`id`, `created_at`, `updated_at`, `event_order`, `begin_time`, `is_out_of_race`, `is_autofilled`, `notes`, `meeting_session_id`, `event_type_id`, `heat_type_id`, `user_id`, `has_separate_gender_start_list`, `has_separate_category_start_list`)
  VALUES (10874, '2016-10-28 14:53:51', '2016-10-28 14:53:51', 13, '2000-01-01 12:50:00', 0, 1, NULL, 2076, 2, 3, 1, 1, 0);
INSERT INTO `meeting_sessions` (`id`, `session_order`, `scheduled_date`, `warm_up_time`, `begin_time`, `notes`, `meeting_id`, `swimming_pool_id`, `user_id`, `created_at`, `updated_at`, `description`, `is_autofilled`, `day_part_type_id`)
  VALUES (2077, 2, '2017-03-05', '2000-01-01 00:00:00', '2000-01-01 00:00:00', '', 16292, 171, 2, '2016-10-28 14:53:51', '2016-10-28 14:53:51', 'FINALI', 1, 2);

-- 15293-nibionnolarioebrianza TROFEO LARIO E BRIANZA 2016-03-13
INSERT INTO `meetings` (`id`, `description`, `entry_deadline`, `has_warm_up_pool`, `is_under_25_admitted`, `reference_phone`, `reference_e_mail`, `reference_name`, `notes`, `has_invitation`, `has_start_list`, `are_results_acquired`, `max_individual_events`, `configuration_file`, `edition`, `season_id`, `user_id`, `created_at`, `updated_at`, `is_autofilled`, `header_date`, `code`, `header_year`, `max_individual_events_per_session`, `is_out_of_season`, `edition_type_id`, `timing_type_id`, `individual_score_computation_type_id`, `relay_score_computation_type_id`, `team_score_computation_type_id`, `meeting_score_computation_type_id`, `invitation`, `is_confirmed`)
  VALUES (16293, 'TROFEO LARIO E BRIANZA', NULL, 0, 1, NULL, NULL, NULL, 'LIB Merate', 0, 0, 0, 2, '?', 20, 162, 2, '2016-10-28 14:53:51', '2016-10-28 14:53:51', 1, '2017-03-12', 'nibionnolarioebrianza', '2017', 0, 0, 2, 3, 1, 1, 12, 1, NULL, 0);
INSERT INTO `meeting_sessions` (`id`, `session_order`, `scheduled_date`, `warm_up_time`, `begin_time`, `notes`, `meeting_id`, `swimming_pool_id`, `user_id`, `created_at`, `updated_at`, `description`, `is_autofilled`, `day_part_type_id`)
  VALUES (2078, 1, '2017-03-12', '2000-01-01 00:00:00', '2000-01-01 00:00:00', '', 16293, 116, 2, '2016-10-28 14:53:51', '2016-10-28 14:53:51', 'FINALI', 1, 1);
INSERT INTO `meeting_events` (`id`, `created_at`, `updated_at`, `event_order`, `begin_time`, `is_out_of_race`, `is_autofilled`, `notes`, `meeting_session_id`, `event_type_id`, `heat_type_id`, `user_id`, `has_separate_gender_start_list`, `has_separate_category_start_list`)
  VALUES (10875, '2016-10-28 14:53:51', '2016-10-28 14:53:51', 1, '2000-01-01 08:02:00', 0, 1, NULL, 2078, 20, 3, 1, 1, 0);
INSERT INTO `meeting_events` (`id`, `created_at`, `updated_at`, `event_order`, `begin_time`, `is_out_of_race`, `is_autofilled`, `notes`, `meeting_session_id`, `event_type_id`, `heat_type_id`, `user_id`, `has_separate_gender_start_list`, `has_separate_category_start_list`)
  VALUES (10876, '2016-10-28 14:53:51', '2016-10-28 14:53:51', 2, '2000-01-01 08:42:00', 0, 1, NULL, 2078, 3, 3, 1, 1, 0);
INSERT INTO `meeting_events` (`id`, `created_at`, `updated_at`, `event_order`, `begin_time`, `is_out_of_race`, `is_autofilled`, `notes`, `meeting_session_id`, `event_type_id`, `heat_type_id`, `user_id`, `has_separate_gender_start_list`, `has_separate_category_start_list`)
  VALUES (10877, '2016-10-28 14:53:51', '2016-10-28 14:53:51', 3, '2000-01-01 09:24:00', 0, 1, NULL, 2078, 13, 3, 1, 1, 0);
INSERT INTO `meeting_events` (`id`, `created_at`, `updated_at`, `event_order`, `begin_time`, `is_out_of_race`, `is_autofilled`, `notes`, `meeting_session_id`, `event_type_id`, `heat_type_id`, `user_id`, `has_separate_gender_start_list`, `has_separate_category_start_list`)
  VALUES (10878, '2016-10-28 14:53:51', '2016-10-28 14:53:51', 4, '2000-01-01 10:00:00', 0, 1, NULL, 2078, 5, 3, 1, 1, 0);
INSERT INTO `meeting_events` (`id`, `created_at`, `updated_at`, `event_order`, `begin_time`, `is_out_of_race`, `is_autofilled`, `notes`, `meeting_session_id`, `event_type_id`, `heat_type_id`, `user_id`, `has_separate_gender_start_list`, `has_separate_category_start_list`)
  VALUES (10879, '2016-10-28 14:53:51', '2016-10-28 14:53:51', 5, '2000-01-01 10:42:00', 0, 1, NULL, 2078, 15, 3, 1, 1, 0);
INSERT INTO `meeting_events` (`id`, `created_at`, `updated_at`, `event_order`, `begin_time`, `is_out_of_race`, `is_autofilled`, `notes`, `meeting_session_id`, `event_type_id`, `heat_type_id`, `user_id`, `has_separate_gender_start_list`, `has_separate_category_start_list`)
  VALUES (10880, '2016-10-28 14:53:51', '2016-10-28 14:53:51', 6, '2000-01-01 11:26:00', 0, 1, NULL, 2078, 19, 3, 1, 1, 0);
INSERT INTO `meeting_sessions` (`id`, `session_order`, `scheduled_date`, `warm_up_time`, `begin_time`, `notes`, `meeting_id`, `swimming_pool_id`, `user_id`, `created_at`, `updated_at`, `description`, `is_autofilled`, `day_part_type_id`)
  VALUES (2079, 2, '2017-03-12', '2000-01-01 00:00:00', '2000-01-01 00:00:00', '', 16293, 116, 2, '2016-10-28 14:53:51', '2016-10-28 14:53:51', 'FINALI', 1, 2);

-- 15294-trentobuonconsiglionuoto TROFEO BUONCONSIGLIO NUOTO 2016-03-13
INSERT INTO `meetings` (`id`, `description`, `entry_deadline`, `has_warm_up_pool`, `is_under_25_admitted`, `reference_phone`, `reference_e_mail`, `reference_name`, `notes`, `has_invitation`, `has_start_list`, `are_results_acquired`, `max_individual_events`, `configuration_file`, `edition`, `season_id`, `user_id`, `created_at`, `updated_at`, `is_autofilled`, `header_date`, `code`, `header_year`, `max_individual_events_per_session`, `is_out_of_season`, `edition_type_id`, `timing_type_id`, `individual_score_computation_type_id`, `relay_score_computation_type_id`, `team_score_computation_type_id`, `meeting_score_computation_type_id`, `invitation`, `is_confirmed`)
  VALUES (16294, 'TROFEO BUONCONSIGLIO NUOTO', NULL, 0, 1, NULL, NULL, NULL, 'Buonconsiglio Nuoto', 0, 0, 0, 2, '?', 7, 162, 2, '2016-10-28 14:53:51', '2016-10-28 14:53:51', 1, '2017-03-12', 'trentobuonconsiglionuoto', '2017', 0, 0, 2, 3, 1, 1, 12, 1, NULL, 0);
INSERT INTO `meeting_sessions` (`id`, `session_order`, `scheduled_date`, `warm_up_time`, `begin_time`, `notes`, `meeting_id`, `swimming_pool_id`, `user_id`, `created_at`, `updated_at`, `description`, `is_autofilled`, `day_part_type_id`)
  VALUES (2080, 1, '2017-03-12', '2000-01-01 00:00:00', '2000-01-01 00:00:00', '', 16294, 172, 2, '2016-10-28 14:53:51', '2016-10-28 14:53:51', 'FINALI', 1, 1);
INSERT INTO `meeting_events` (`id`, `created_at`, `updated_at`, `event_order`, `begin_time`, `is_out_of_race`, `is_autofilled`, `notes`, `meeting_session_id`, `event_type_id`, `heat_type_id`, `user_id`, `has_separate_gender_start_list`, `has_separate_category_start_list`)
  VALUES (10881, '2016-10-28 14:53:51', '2016-10-28 14:53:51', 1, '2000-01-01 08:02:00', 0, 1, NULL, 2080, 16, 3, 1, 1, 0);
INSERT INTO `meeting_events` (`id`, `created_at`, `updated_at`, `event_order`, `begin_time`, `is_out_of_race`, `is_autofilled`, `notes`, `meeting_session_id`, `event_type_id`, `heat_type_id`, `user_id`, `has_separate_gender_start_list`, `has_separate_category_start_list`)
  VALUES (10882, '2016-10-28 14:53:51', '2016-10-28 14:53:51', 2, '2000-01-01 08:28:00', 0, 1, NULL, 2080, 12, 3, 1, 1, 0);
INSERT INTO `meeting_events` (`id`, `created_at`, `updated_at`, `event_order`, `begin_time`, `is_out_of_race`, `is_autofilled`, `notes`, `meeting_session_id`, `event_type_id`, `heat_type_id`, `user_id`, `has_separate_gender_start_list`, `has_separate_category_start_list`)
  VALUES (10883, '2016-10-28 14:53:51', '2016-10-28 14:53:51', 3, '2000-01-01 08:46:00', 0, 1, NULL, 2080, 22, 3, 1, 1, 0);
INSERT INTO `meeting_events` (`id`, `created_at`, `updated_at`, `event_order`, `begin_time`, `is_out_of_race`, `is_autofilled`, `notes`, `meeting_session_id`, `event_type_id`, `heat_type_id`, `user_id`, `has_separate_gender_start_list`, `has_separate_category_start_list`)
  VALUES (10884, '2016-10-28 14:53:52', '2016-10-28 14:53:52', 4, '2000-01-01 09:20:00', 0, 1, NULL, 2080, 20, 3, 1, 1, 0);
INSERT INTO `meeting_events` (`id`, `created_at`, `updated_at`, `event_order`, `begin_time`, `is_out_of_race`, `is_autofilled`, `notes`, `meeting_session_id`, `event_type_id`, `heat_type_id`, `user_id`, `has_separate_gender_start_list`, `has_separate_category_start_list`)
  VALUES (10885, '2016-10-28 14:53:52', '2016-10-28 14:53:52', 5, '2000-01-01 09:58:00', 0, 1, NULL, 2080, 3, 3, 1, 1, 0);
INSERT INTO `meeting_events` (`id`, `created_at`, `updated_at`, `event_order`, `begin_time`, `is_out_of_race`, `is_autofilled`, `notes`, `meeting_session_id`, `event_type_id`, `heat_type_id`, `user_id`, `has_separate_gender_start_list`, `has_separate_category_start_list`)
  VALUES (10886, '2016-10-28 14:53:52', '2016-10-28 14:53:52', 6, '2000-01-01 10:30:00', 0, 1, NULL, 2080, 17, 3, 1, 1, 0);
INSERT INTO `meeting_events` (`id`, `created_at`, `updated_at`, `event_order`, `begin_time`, `is_out_of_race`, `is_autofilled`, `notes`, `meeting_session_id`, `event_type_id`, `heat_type_id`, `user_id`, `has_separate_gender_start_list`, `has_separate_category_start_list`)
  VALUES (10887, '2016-10-28 14:53:52', '2016-10-28 14:53:52', 7, '2000-01-01 10:42:00', 0, 1, NULL, 2080, 4, 3, 1, 1, 0);
INSERT INTO `meeting_events` (`id`, `created_at`, `updated_at`, `event_order`, `begin_time`, `is_out_of_race`, `is_autofilled`, `notes`, `meeting_session_id`, `event_type_id`, `heat_type_id`, `user_id`, `has_separate_gender_start_list`, `has_separate_category_start_list`)
  VALUES (10888, '2016-10-28 14:53:52', '2016-10-28 14:53:52', 8, '2000-01-01 11:20:00', 0, 1, NULL, 2080, 15, 3, 1, 1, 0);
INSERT INTO `meeting_events` (`id`, `created_at`, `updated_at`, `event_order`, `begin_time`, `is_out_of_race`, `is_autofilled`, `notes`, `meeting_session_id`, `event_type_id`, `heat_type_id`, `user_id`, `has_separate_gender_start_list`, `has_separate_category_start_list`)
  VALUES (10889, '2016-10-28 14:53:52', '2016-10-28 14:53:52', 9, '2000-01-01 11:50:00', 0, 1, NULL, 2080, 11, 3, 1, 1, 0);
INSERT INTO `meeting_events` (`id`, `created_at`, `updated_at`, `event_order`, `begin_time`, `is_out_of_race`, `is_autofilled`, `notes`, `meeting_session_id`, `event_type_id`, `heat_type_id`, `user_id`, `has_separate_gender_start_list`, `has_separate_category_start_list`)
  VALUES (10890, '2016-10-28 14:53:52', '2016-10-28 14:53:52', 10, '2000-01-01 12:14:00', 0, 1, NULL, 2080, 19, 3, 1, 1, 0);
INSERT INTO `meeting_events` (`id`, `created_at`, `updated_at`, `event_order`, `begin_time`, `is_out_of_race`, `is_autofilled`, `notes`, `meeting_session_id`, `event_type_id`, `heat_type_id`, `user_id`, `has_separate_gender_start_list`, `has_separate_category_start_list`)
  VALUES (10891, '2016-10-28 14:53:52', '2016-10-28 14:53:52', 11, '2000-01-01 12:56:00', 0, 1, NULL, 2080, 2, 3, 1, 1, 0);
INSERT INTO `meeting_events` (`id`, `created_at`, `updated_at`, `event_order`, `begin_time`, `is_out_of_race`, `is_autofilled`, `notes`, `meeting_session_id`, `event_type_id`, `heat_type_id`, `user_id`, `has_separate_gender_start_list`, `has_separate_category_start_list`)
  VALUES (10892, '2016-10-28 14:53:52', '2016-10-28 14:53:52', 12, '2000-01-01 13:34:30', 0, 1, NULL, 2080, 32, 3, 1, 1, 0);
INSERT INTO `meeting_sessions` (`id`, `session_order`, `scheduled_date`, `warm_up_time`, `begin_time`, `notes`, `meeting_id`, `swimming_pool_id`, `user_id`, `created_at`, `updated_at`, `description`, `is_autofilled`, `day_part_type_id`)
  VALUES (2081, 2, '2017-03-12', '2000-01-01 00:00:00', '2000-01-01 00:00:00', '', 16294, 172, 2, '2016-10-28 14:53:52', '2016-10-28 14:53:52', 'FINALI', 1, 2);

-- 15295-battipagliatorneomasterbalnaea TORNEO MASTER BALNAEA 2016-03-13
INSERT INTO `meetings` (`id`, `description`, `entry_deadline`, `has_warm_up_pool`, `is_under_25_admitted`, `reference_phone`, `reference_e_mail`, `reference_name`, `notes`, `has_invitation`, `has_start_list`, `are_results_acquired`, `max_individual_events`, `configuration_file`, `edition`, `season_id`, `user_id`, `created_at`, `updated_at`, `is_autofilled`, `header_date`, `code`, `header_year`, `max_individual_events_per_session`, `is_out_of_season`, `edition_type_id`, `timing_type_id`, `individual_score_computation_type_id`, `relay_score_computation_type_id`, `team_score_computation_type_id`, `meeting_score_computation_type_id`, `invitation`, `is_confirmed`)
  VALUES (16295, 'TORNEO MASTER BALNAEA', NULL, 0, 1, NULL, NULL, NULL, 'Polisportiva Balnaea', 0, 0, 0, 2, '?', 11, 162, 2, '2016-10-28 14:53:52', '2016-10-28 14:53:52', 1, '2017-03-12', 'battipagliatorneomasterbalnaea', '2017', 0, 0, 2, 3, 1, 1, 12, 1, NULL, 0);
INSERT INTO `meeting_sessions` (`id`, `session_order`, `scheduled_date`, `warm_up_time`, `begin_time`, `notes`, `meeting_id`, `swimming_pool_id`, `user_id`, `created_at`, `updated_at`, `description`, `is_autofilled`, `day_part_type_id`)
  VALUES (2082, 1, '2017-03-12', '2000-01-01 00:00:00', '2000-01-01 00:00:00', '', 16295, 114, 2, '2016-10-28 14:53:52', '2016-10-28 14:53:52', 'FINALI', 1, 1);
INSERT INTO `meeting_events` (`id`, `created_at`, `updated_at`, `event_order`, `begin_time`, `is_out_of_race`, `is_autofilled`, `notes`, `meeting_session_id`, `event_type_id`, `heat_type_id`, `user_id`, `has_separate_gender_start_list`, `has_separate_category_start_list`)
  VALUES (10893, '2016-10-28 14:53:52', '2016-10-28 14:53:52', 1, '2000-01-01 08:02:00', 0, 1, NULL, 2082, 16, 3, 1, 1, 0);
INSERT INTO `meeting_events` (`id`, `created_at`, `updated_at`, `event_order`, `begin_time`, `is_out_of_race`, `is_autofilled`, `notes`, `meeting_session_id`, `event_type_id`, `heat_type_id`, `user_id`, `has_separate_gender_start_list`, `has_separate_category_start_list`)
  VALUES (10894, '2016-10-28 14:53:52', '2016-10-28 14:53:52', 2, '2000-01-01 08:36:00', 0, 1, NULL, 2082, 22, 3, 1, 1, 0);
INSERT INTO `meeting_events` (`id`, `created_at`, `updated_at`, `event_order`, `begin_time`, `is_out_of_race`, `is_autofilled`, `notes`, `meeting_session_id`, `event_type_id`, `heat_type_id`, `user_id`, `has_separate_gender_start_list`, `has_separate_category_start_list`)
  VALUES (10895, '2016-10-28 14:53:52', '2016-10-28 14:53:52', 3, '2000-01-01 09:22:00', 0, 1, NULL, 2082, 20, 3, 1, 1, 0);
INSERT INTO `meeting_events` (`id`, `created_at`, `updated_at`, `event_order`, `begin_time`, `is_out_of_race`, `is_autofilled`, `notes`, `meeting_session_id`, `event_type_id`, `heat_type_id`, `user_id`, `has_separate_gender_start_list`, `has_separate_category_start_list`)
  VALUES (10896, '2016-10-28 14:53:52', '2016-10-28 14:53:52', 4, '2000-01-01 10:08:00', 0, 1, NULL, 2082, 3, 3, 1, 1, 0);
INSERT INTO `meeting_events` (`id`, `created_at`, `updated_at`, `event_order`, `begin_time`, `is_out_of_race`, `is_autofilled`, `notes`, `meeting_session_id`, `event_type_id`, `heat_type_id`, `user_id`, `has_separate_gender_start_list`, `has_separate_category_start_list`)
  VALUES (10897, '2016-10-28 14:53:52', '2016-10-28 14:53:52', 5, '2000-01-01 10:54:00', 0, 1, NULL, 2082, 4, 3, 1, 1, 0);
INSERT INTO `meeting_events` (`id`, `created_at`, `updated_at`, `event_order`, `begin_time`, `is_out_of_race`, `is_autofilled`, `notes`, `meeting_session_id`, `event_type_id`, `heat_type_id`, `user_id`, `has_separate_gender_start_list`, `has_separate_category_start_list`)
  VALUES (10898, '2016-10-28 14:53:52', '2016-10-28 14:53:52', 6, '2000-01-01 11:36:00', 0, 1, NULL, 2082, 15, 3, 1, 1, 0);
INSERT INTO `meeting_events` (`id`, `created_at`, `updated_at`, `event_order`, `begin_time`, `is_out_of_race`, `is_autofilled`, `notes`, `meeting_session_id`, `event_type_id`, `heat_type_id`, `user_id`, `has_separate_gender_start_list`, `has_separate_category_start_list`)
  VALUES (10899, '2016-10-28 14:53:52', '2016-10-28 14:53:52', 7, '2000-01-01 12:26:00', 0, 1, NULL, 2082, 11, 3, 1, 1, 0);
INSERT INTO `meeting_events` (`id`, `created_at`, `updated_at`, `event_order`, `begin_time`, `is_out_of_race`, `is_autofilled`, `notes`, `meeting_session_id`, `event_type_id`, `heat_type_id`, `user_id`, `has_separate_gender_start_list`, `has_separate_category_start_list`)
  VALUES (10900, '2016-10-28 14:53:52', '2016-10-28 14:53:52', 8, '2000-01-01 12:58:00', 0, 1, NULL, 2082, 19, 3, 1, 1, 0);
INSERT INTO `meeting_events` (`id`, `created_at`, `updated_at`, `event_order`, `begin_time`, `is_out_of_race`, `is_autofilled`, `notes`, `meeting_session_id`, `event_type_id`, `heat_type_id`, `user_id`, `has_separate_gender_start_list`, `has_separate_category_start_list`)
  VALUES (10901, '2016-10-28 14:53:52', '2016-10-28 14:53:52', 9, '2000-01-01 13:36:00', 0, 1, NULL, 2082, 2, 3, 1, 1, 0);
INSERT INTO `meeting_sessions` (`id`, `session_order`, `scheduled_date`, `warm_up_time`, `begin_time`, `notes`, `meeting_id`, `swimming_pool_id`, `user_id`, `created_at`, `updated_at`, `description`, `is_autofilled`, `day_part_type_id`)
  VALUES (2083, 2, '2017-03-12', '2000-01-01 00:00:00', '2000-01-01 00:00:00', '', 16295, 114, 2, '2016-10-28 14:53:52', '2016-10-28 14:53:52', 'FINALI', 1, 2);

-- 15296-pomezialatinaacquateam TROFEO LATINA ACQUATEAM 2016-03-13
INSERT INTO `meetings` (`id`, `description`, `entry_deadline`, `has_warm_up_pool`, `is_under_25_admitted`, `reference_phone`, `reference_e_mail`, `reference_name`, `notes`, `has_invitation`, `has_start_list`, `are_results_acquired`, `max_individual_events`, `configuration_file`, `edition`, `season_id`, `user_id`, `created_at`, `updated_at`, `is_autofilled`, `header_date`, `code`, `header_year`, `max_individual_events_per_session`, `is_out_of_season`, `edition_type_id`, `timing_type_id`, `individual_score_computation_type_id`, `relay_score_computation_type_id`, `team_score_computation_type_id`, `meeting_score_computation_type_id`, `invitation`, `is_confirmed`)
  VALUES (16296, 'TROFEO LATINA ACQUATEAM', NULL, 0, 1, NULL, NULL, NULL, 'Latina Aquateam', 0, 0, 0, 2, '?', 6, 162, 2, '2016-10-28 14:53:52', '2016-10-28 14:53:52', 1, '2017-03-12', 'pomezialatinaacquateam', '2017', 0, 0, 2, 3, 1, 1, 12, 1, NULL, 0);
INSERT INTO `meeting_sessions` (`id`, `session_order`, `scheduled_date`, `warm_up_time`, `begin_time`, `notes`, `meeting_id`, `swimming_pool_id`, `user_id`, `created_at`, `updated_at`, `description`, `is_autofilled`, `day_part_type_id`)
  VALUES (2084, 1, '2017-03-12', '2000-01-01 00:00:00', '2000-01-01 00:00:00', '', 16296, 115, 2, '2016-10-28 14:53:52', '2016-10-28 14:53:52', 'FINALI', 1, 1);
INSERT INTO `meeting_events` (`id`, `created_at`, `updated_at`, `event_order`, `begin_time`, `is_out_of_race`, `is_autofilled`, `notes`, `meeting_session_id`, `event_type_id`, `heat_type_id`, `user_id`, `has_separate_gender_start_list`, `has_separate_category_start_list`)
  VALUES (10902, '2016-10-28 14:53:52', '2016-10-28 14:53:52', 1, '2000-01-01 08:02:00', 0, 1, NULL, 2084, 16, 3, 1, 1, 0);
INSERT INTO `meeting_events` (`id`, `created_at`, `updated_at`, `event_order`, `begin_time`, `is_out_of_race`, `is_autofilled`, `notes`, `meeting_session_id`, `event_type_id`, `heat_type_id`, `user_id`, `has_separate_gender_start_list`, `has_separate_category_start_list`)
  VALUES (10903, '2016-10-28 14:53:52', '2016-10-28 14:53:52', 2, '2000-01-01 08:46:00', 0, 1, NULL, 2084, 12, 3, 1, 1, 0);
INSERT INTO `meeting_events` (`id`, `created_at`, `updated_at`, `event_order`, `begin_time`, `is_out_of_race`, `is_autofilled`, `notes`, `meeting_session_id`, `event_type_id`, `heat_type_id`, `user_id`, `has_separate_gender_start_list`, `has_separate_category_start_list`)
  VALUES (10904, '2016-10-28 14:53:52', '2016-10-28 14:53:52', 3, '2000-01-01 09:20:00', 0, 1, NULL, 2084, 22, 3, 1, 1, 0);
INSERT INTO `meeting_events` (`id`, `created_at`, `updated_at`, `event_order`, `begin_time`, `is_out_of_race`, `is_autofilled`, `notes`, `meeting_session_id`, `event_type_id`, `heat_type_id`, `user_id`, `has_separate_gender_start_list`, `has_separate_category_start_list`)
  VALUES (10905, '2016-10-28 14:53:52', '2016-10-28 14:53:52', 4, '2000-01-01 10:08:00', 0, 1, NULL, 2084, 20, 3, 1, 1, 0);
INSERT INTO `meeting_events` (`id`, `created_at`, `updated_at`, `event_order`, `begin_time`, `is_out_of_race`, `is_autofilled`, `notes`, `meeting_session_id`, `event_type_id`, `heat_type_id`, `user_id`, `has_separate_gender_start_list`, `has_separate_category_start_list`)
  VALUES (10906, '2016-10-28 14:53:52', '2016-10-28 14:53:52', 5, '2000-01-01 10:50:00', 0, 1, NULL, 2084, 4, 3, 1, 1, 0);
INSERT INTO `meeting_events` (`id`, `created_at`, `updated_at`, `event_order`, `begin_time`, `is_out_of_race`, `is_autofilled`, `notes`, `meeting_session_id`, `event_type_id`, `heat_type_id`, `user_id`, `has_separate_gender_start_list`, `has_separate_category_start_list`)
  VALUES (10907, '2016-10-28 14:53:52', '2016-10-28 14:53:52', 6, '2000-01-01 11:32:00', 0, 1, NULL, 2084, 5, 3, 1, 1, 0);
INSERT INTO `meeting_events` (`id`, `created_at`, `updated_at`, `event_order`, `begin_time`, `is_out_of_race`, `is_autofilled`, `notes`, `meeting_session_id`, `event_type_id`, `heat_type_id`, `user_id`, `has_separate_gender_start_list`, `has_separate_category_start_list`)
  VALUES (10908, '2016-10-28 14:53:52', '2016-10-28 14:53:52', 7, '2000-01-01 12:14:00', 0, 1, NULL, 2084, 11, 3, 1, 1, 0);
INSERT INTO `meeting_events` (`id`, `created_at`, `updated_at`, `event_order`, `begin_time`, `is_out_of_race`, `is_autofilled`, `notes`, `meeting_session_id`, `event_type_id`, `heat_type_id`, `user_id`, `has_separate_gender_start_list`, `has_separate_category_start_list`)
  VALUES (10909, '2016-10-28 14:53:52', '2016-10-28 14:53:52', 8, '2000-01-01 12:54:00', 0, 1, NULL, 2084, 2, 3, 1, 1, 0);
INSERT INTO `meeting_events` (`id`, `created_at`, `updated_at`, `event_order`, `begin_time`, `is_out_of_race`, `is_autofilled`, `notes`, `meeting_session_id`, `event_type_id`, `heat_type_id`, `user_id`, `has_separate_gender_start_list`, `has_separate_category_start_list`)
  VALUES (10910, '2016-10-28 14:53:52', '2016-10-28 14:53:52', 9, '2000-01-01 13:42:30', 0, 1, NULL, 2084, 35, 3, 1, 1, 0);
INSERT INTO `meeting_events` (`id`, `created_at`, `updated_at`, `event_order`, `begin_time`, `is_out_of_race`, `is_autofilled`, `notes`, `meeting_session_id`, `event_type_id`, `heat_type_id`, `user_id`, `has_separate_gender_start_list`, `has_separate_category_start_list`)
  VALUES (10911, '2016-10-28 14:53:52', '2016-10-28 14:53:52', 10, '2000-01-01 13:42:30', 0, 1, NULL, 2084, 34, 3, 1, 1, 0);
INSERT INTO `meeting_events` (`id`, `created_at`, `updated_at`, `event_order`, `begin_time`, `is_out_of_race`, `is_autofilled`, `notes`, `meeting_session_id`, `event_type_id`, `heat_type_id`, `user_id`, `has_separate_gender_start_list`, `has_separate_category_start_list`)
  VALUES (10912, '2016-10-28 14:53:52', '2016-10-28 14:53:52', 11, '2000-01-01 13:42:00', 0, 1, NULL, 2084, 36, 3, 1, 1, 0);
INSERT INTO `meeting_events` (`id`, `created_at`, `updated_at`, `event_order`, `begin_time`, `is_out_of_race`, `is_autofilled`, `notes`, `meeting_session_id`, `event_type_id`, `heat_type_id`, `user_id`, `has_separate_gender_start_list`, `has_separate_category_start_list`)
  VALUES (10913, '2016-10-28 14:53:52', '2016-10-28 14:53:52', 12, '2000-01-01 13:40:00', 0, 1, NULL, 2084, 33, 3, 1, 1, 0);
INSERT INTO `meeting_events` (`id`, `created_at`, `updated_at`, `event_order`, `begin_time`, `is_out_of_race`, `is_autofilled`, `notes`, `meeting_session_id`, `event_type_id`, `heat_type_id`, `user_id`, `has_separate_gender_start_list`, `has_separate_category_start_list`)
  VALUES (10914, '2016-10-28 14:53:52', '2016-10-28 14:53:52', 13, '2000-01-01 13:36:30', 0, 1, NULL, 2084, 28, 3, 1, 1, 0);
INSERT INTO `meeting_events` (`id`, `created_at`, `updated_at`, `event_order`, `begin_time`, `is_out_of_race`, `is_autofilled`, `notes`, `meeting_session_id`, `event_type_id`, `heat_type_id`, `user_id`, `has_separate_gender_start_list`, `has_separate_category_start_list`)
  VALUES (10915, '2016-10-28 14:53:52', '2016-10-28 14:53:52', 14, '2000-01-01 13:33:00', 0, 1, NULL, 2084, 27, 3, 1, 1, 0);
INSERT INTO `meeting_events` (`id`, `created_at`, `updated_at`, `event_order`, `begin_time`, `is_out_of_race`, `is_autofilled`, `notes`, `meeting_session_id`, `event_type_id`, `heat_type_id`, `user_id`, `has_separate_gender_start_list`, `has_separate_category_start_list`)
  VALUES (10916, '2016-10-28 14:53:52', '2016-10-28 14:53:52', 15, '2000-01-01 13:32:30', 0, 1, NULL, 2084, 29, 3, 1, 1, 0);
INSERT INTO `meeting_sessions` (`id`, `session_order`, `scheduled_date`, `warm_up_time`, `begin_time`, `notes`, `meeting_id`, `swimming_pool_id`, `user_id`, `created_at`, `updated_at`, `description`, `is_autofilled`, `day_part_type_id`)
  VALUES (2085, 2, '2017-03-12', '2000-01-01 00:00:00', '2000-01-01 00:00:00', '', 16296, 115, 2, '2016-10-28 14:53:52', '2016-10-28 14:53:52', 'FINALI', 1, 2);

-- 15297-regcalabri REGIONALI CALABRI 2016-02-21
INSERT INTO `meetings` (`id`, `description`, `entry_deadline`, `has_warm_up_pool`, `is_under_25_admitted`, `reference_phone`, `reference_e_mail`, `reference_name`, `notes`, `has_invitation`, `has_start_list`, `are_results_acquired`, `max_individual_events`, `configuration_file`, `edition`, `season_id`, `user_id`, `created_at`, `updated_at`, `is_autofilled`, `header_date`, `code`, `header_year`, `max_individual_events_per_session`, `is_out_of_season`, `edition_type_id`, `timing_type_id`, `individual_score_computation_type_id`, `relay_score_computation_type_id`, `team_score_computation_type_id`, `meeting_score_computation_type_id`, `invitation`, `is_confirmed`)
  VALUES (16297, 'REGIONALI CALABRI', NULL, 0, 1, NULL, NULL, NULL, NULL, 0, 0, 0, 2, '?', 2, 162, 2, '2016-10-28 14:53:52', '2016-10-28 14:53:52', 1, '2017-02-19', 'regcalabri', '2017', 0, 0, 4, 3, 1, 1, 12, 1, NULL, 0);
INSERT INTO `meeting_sessions` (`id`, `session_order`, `scheduled_date`, `warm_up_time`, `begin_time`, `notes`, `meeting_id`, `swimming_pool_id`, `user_id`, `created_at`, `updated_at`, `description`, `is_autofilled`, `day_part_type_id`)
  VALUES (2086, 1, '2017-02-19', '2000-01-01 00:00:00', '2000-01-01 00:00:00', '', 16297, 173, 2, '2016-10-28 14:53:52', '2016-10-28 14:53:52', 'FINALI', 1, 1);
INSERT INTO `meeting_events` (`id`, `created_at`, `updated_at`, `event_order`, `begin_time`, `is_out_of_race`, `is_autofilled`, `notes`, `meeting_session_id`, `event_type_id`, `heat_type_id`, `user_id`, `has_separate_gender_start_list`, `has_separate_category_start_list`)
  VALUES (10917, '2016-10-28 14:53:52', '2016-10-28 14:53:52', 1, '2000-01-01 08:02:00', 0, 1, NULL, 2086, 16, 3, 1, 1, 0);
INSERT INTO `meeting_events` (`id`, `created_at`, `updated_at`, `event_order`, `begin_time`, `is_out_of_race`, `is_autofilled`, `notes`, `meeting_session_id`, `event_type_id`, `heat_type_id`, `user_id`, `has_separate_gender_start_list`, `has_separate_category_start_list`)
  VALUES (10918, '2016-10-28 14:53:52', '2016-10-28 14:53:52', 2, '2000-01-01 08:30:00', 0, 1, NULL, 2086, 12, 3, 1, 1, 0);
INSERT INTO `meeting_events` (`id`, `created_at`, `updated_at`, `event_order`, `begin_time`, `is_out_of_race`, `is_autofilled`, `notes`, `meeting_session_id`, `event_type_id`, `heat_type_id`, `user_id`, `has_separate_gender_start_list`, `has_separate_category_start_list`)
  VALUES (10919, '2016-10-28 14:53:52', '2016-10-28 14:53:52', 3, '2000-01-01 08:46:00', 0, 1, NULL, 2086, 22, 3, 1, 1, 0);
INSERT INTO `meeting_events` (`id`, `created_at`, `updated_at`, `event_order`, `begin_time`, `is_out_of_race`, `is_autofilled`, `notes`, `meeting_session_id`, `event_type_id`, `heat_type_id`, `user_id`, `has_separate_gender_start_list`, `has_separate_category_start_list`)
  VALUES (10920, '2016-10-28 14:53:52', '2016-10-28 14:53:52', 4, '2000-01-01 09:04:00', 0, 1, NULL, 2086, 20, 3, 1, 1, 0);
INSERT INTO `meeting_events` (`id`, `created_at`, `updated_at`, `event_order`, `begin_time`, `is_out_of_race`, `is_autofilled`, `notes`, `meeting_session_id`, `event_type_id`, `heat_type_id`, `user_id`, `has_separate_gender_start_list`, `has_separate_category_start_list`)
  VALUES (10921, '2016-10-28 14:53:52', '2016-10-28 14:53:52', 5, '2000-01-01 09:36:00', 0, 1, NULL, 2086, 3, 3, 1, 1, 0);
INSERT INTO `meeting_events` (`id`, `created_at`, `updated_at`, `event_order`, `begin_time`, `is_out_of_race`, `is_autofilled`, `notes`, `meeting_session_id`, `event_type_id`, `heat_type_id`, `user_id`, `has_separate_gender_start_list`, `has_separate_category_start_list`)
  VALUES (10922, '2016-10-28 14:53:52', '2016-10-28 14:53:52', 6, '2000-01-01 10:12:00', 0, 1, NULL, 2086, 7, 3, 1, 1, 0);
INSERT INTO `meeting_events` (`id`, `created_at`, `updated_at`, `event_order`, `begin_time`, `is_out_of_race`, `is_autofilled`, `notes`, `meeting_session_id`, `event_type_id`, `heat_type_id`, `user_id`, `has_separate_gender_start_list`, `has_separate_category_start_list`)
  VALUES (10923, '2016-10-28 14:53:52', '2016-10-28 14:53:52', 7, '2000-01-01 10:32:00', 0, 1, NULL, 2086, 17, 3, 1, 1, 0);
INSERT INTO `meeting_events` (`id`, `created_at`, `updated_at`, `event_order`, `begin_time`, `is_out_of_race`, `is_autofilled`, `notes`, `meeting_session_id`, `event_type_id`, `heat_type_id`, `user_id`, `has_separate_gender_start_list`, `has_separate_category_start_list`)
  VALUES (10924, '2016-10-28 14:53:52', '2016-10-28 14:53:52', 8, '2000-01-01 10:42:00', 0, 1, NULL, 2086, 13, 3, 1, 1, 0);
INSERT INTO `meeting_events` (`id`, `created_at`, `updated_at`, `event_order`, `begin_time`, `is_out_of_race`, `is_autofilled`, `notes`, `meeting_session_id`, `event_type_id`, `heat_type_id`, `user_id`, `has_separate_gender_start_list`, `has_separate_category_start_list`)
  VALUES (10925, '2016-10-28 14:53:52', '2016-10-28 14:53:52', 9, '2000-01-01 10:46:00', 0, 1, NULL, 2086, 23, 3, 1, 1, 0);
INSERT INTO `meeting_events` (`id`, `created_at`, `updated_at`, `event_order`, `begin_time`, `is_out_of_race`, `is_autofilled`, `notes`, `meeting_session_id`, `event_type_id`, `heat_type_id`, `user_id`, `has_separate_gender_start_list`, `has_separate_category_start_list`)
  VALUES (10926, '2016-10-28 14:53:52', '2016-10-28 14:53:52', 10, '2000-01-01 11:02:00', 0, 1, NULL, 2086, 21, 3, 1, 1, 0);
INSERT INTO `meeting_events` (`id`, `created_at`, `updated_at`, `event_order`, `begin_time`, `is_out_of_race`, `is_autofilled`, `notes`, `meeting_session_id`, `event_type_id`, `heat_type_id`, `user_id`, `has_separate_gender_start_list`, `has_separate_category_start_list`)
  VALUES (10927, '2016-10-28 14:53:52', '2016-10-28 14:53:52', 11, '2000-01-01 11:22:00', 0, 1, NULL, 2086, 4, 3, 1, 1, 0);
INSERT INTO `meeting_events` (`id`, `created_at`, `updated_at`, `event_order`, `begin_time`, `is_out_of_race`, `is_autofilled`, `notes`, `meeting_session_id`, `event_type_id`, `heat_type_id`, `user_id`, `has_separate_gender_start_list`, `has_separate_category_start_list`)
  VALUES (10928, '2016-10-28 14:53:52', '2016-10-28 14:53:52', 12, '2000-01-01 11:48:00', 0, 1, NULL, 2086, 24, 3, 1, 1, 0);
INSERT INTO `meeting_events` (`id`, `created_at`, `updated_at`, `event_order`, `begin_time`, `is_out_of_race`, `is_autofilled`, `notes`, `meeting_session_id`, `event_type_id`, `heat_type_id`, `user_id`, `has_separate_gender_start_list`, `has_separate_category_start_list`)
  VALUES (10929, '2016-10-28 14:53:52', '2016-10-28 14:53:52', 13, '2000-01-01 11:50:00', 0, 1, NULL, 2086, 5, 3, 1, 1, 0);
INSERT INTO `meeting_events` (`id`, `created_at`, `updated_at`, `event_order`, `begin_time`, `is_out_of_race`, `is_autofilled`, `notes`, `meeting_session_id`, `event_type_id`, `heat_type_id`, `user_id`, `has_separate_gender_start_list`, `has_separate_category_start_list`)
  VALUES (10930, '2016-10-28 14:53:52', '2016-10-28 14:53:52', 14, '2000-01-01 12:18:00', 0, 1, NULL, 2086, 15, 3, 1, 1, 0);
INSERT INTO `meeting_events` (`id`, `created_at`, `updated_at`, `event_order`, `begin_time`, `is_out_of_race`, `is_autofilled`, `notes`, `meeting_session_id`, `event_type_id`, `heat_type_id`, `user_id`, `has_separate_gender_start_list`, `has_separate_category_start_list`)
  VALUES (10931, '2016-10-28 14:53:52', '2016-10-28 14:53:52', 15, '2000-01-01 12:44:00', 0, 1, NULL, 2086, 11, 3, 1, 1, 0);
INSERT INTO `meeting_events` (`id`, `created_at`, `updated_at`, `event_order`, `begin_time`, `is_out_of_race`, `is_autofilled`, `notes`, `meeting_session_id`, `event_type_id`, `heat_type_id`, `user_id`, `has_separate_gender_start_list`, `has_separate_category_start_list`)
  VALUES (10932, '2016-10-28 14:53:52', '2016-10-28 14:53:52', 16, '2000-01-01 13:10:00', 0, 1, NULL, 2086, 19, 3, 1, 1, 0);
INSERT INTO `meeting_events` (`id`, `created_at`, `updated_at`, `event_order`, `begin_time`, `is_out_of_race`, `is_autofilled`, `notes`, `meeting_session_id`, `event_type_id`, `heat_type_id`, `user_id`, `has_separate_gender_start_list`, `has_separate_category_start_list`)
  VALUES (10933, '2016-10-28 14:53:52', '2016-10-28 14:53:52', 17, '2000-01-01 13:46:00', 0, 1, NULL, 2086, 2, 3, 1, 1, 0);
INSERT INTO `meeting_events` (`id`, `created_at`, `updated_at`, `event_order`, `begin_time`, `is_out_of_race`, `is_autofilled`, `notes`, `meeting_session_id`, `event_type_id`, `heat_type_id`, `user_id`, `has_separate_gender_start_list`, `has_separate_category_start_list`)
  VALUES (10934, '2016-10-28 14:53:52', '2016-10-28 14:53:52', 18, '2000-01-01 14:30:00', 0, 1, NULL, 2086, 6, 3, 1, 1, 0);
INSERT INTO `meeting_sessions` (`id`, `session_order`, `scheduled_date`, `warm_up_time`, `begin_time`, `notes`, `meeting_id`, `swimming_pool_id`, `user_id`, `created_at`, `updated_at`, `description`, `is_autofilled`, `day_part_type_id`)
  VALUES (2087, 2, '2017-02-19', '2000-01-01 00:00:00', '2000-01-01 00:00:00', '', 16297, 173, 2, '2016-10-28 14:53:52', '2016-10-28 14:53:52', 'FINALI', 1, 2);

-- 15298-padovamaxzuin MEMORIAL MAX ZUIN 2016-03-20
INSERT INTO `meetings` (`id`, `description`, `entry_deadline`, `has_warm_up_pool`, `is_under_25_admitted`, `reference_phone`, `reference_e_mail`, `reference_name`, `notes`, `has_invitation`, `has_start_list`, `are_results_acquired`, `max_individual_events`, `configuration_file`, `edition`, `season_id`, `user_id`, `created_at`, `updated_at`, `is_autofilled`, `header_date`, `code`, `header_year`, `max_individual_events_per_session`, `is_out_of_season`, `edition_type_id`, `timing_type_id`, `individual_score_computation_type_id`, `relay_score_computation_type_id`, `team_score_computation_type_id`, `meeting_score_computation_type_id`, `invitation`, `is_confirmed`)
  VALUES (16298, 'MEMORIAL MAX ZUIN', NULL, 0, 1, NULL, NULL, NULL, '2001 s.r.l. s.s.d', 0, 0, 0, 2, '?', 4, 162, 2, '2016-10-28 14:53:52', '2016-10-28 14:53:52', 1, '2017-03-19', 'padovamaxzuin', '2017', 0, 0, 2, 3, 1, 1, 12, 1, NULL, 0);
INSERT INTO `meeting_sessions` (`id`, `session_order`, `scheduled_date`, `warm_up_time`, `begin_time`, `notes`, `meeting_id`, `swimming_pool_id`, `user_id`, `created_at`, `updated_at`, `description`, `is_autofilled`, `day_part_type_id`)
  VALUES (2088, 1, '2017-03-19', '2000-01-01 00:00:00', '2000-01-01 00:00:00', '', 16298, 117, 2, '2016-10-28 14:53:52', '2016-10-28 14:53:52', 'FINALI', 1, 1);
INSERT INTO `meeting_events` (`id`, `created_at`, `updated_at`, `event_order`, `begin_time`, `is_out_of_race`, `is_autofilled`, `notes`, `meeting_session_id`, `event_type_id`, `heat_type_id`, `user_id`, `has_separate_gender_start_list`, `has_separate_category_start_list`)
  VALUES (10935, '2016-10-28 14:53:52', '2016-10-28 14:53:52', 1, '2000-01-01 08:02:00', 0, 1, NULL, 2088, 16, 3, 1, 1, 0);
INSERT INTO `meeting_events` (`id`, `created_at`, `updated_at`, `event_order`, `begin_time`, `is_out_of_race`, `is_autofilled`, `notes`, `meeting_session_id`, `event_type_id`, `heat_type_id`, `user_id`, `has_separate_gender_start_list`, `has_separate_category_start_list`)
  VALUES (10936, '2016-10-28 14:53:52', '2016-10-28 14:53:52', 2, '2000-01-01 08:40:00', 0, 1, NULL, 2088, 12, 3, 1, 1, 0);
INSERT INTO `meeting_events` (`id`, `created_at`, `updated_at`, `event_order`, `begin_time`, `is_out_of_race`, `is_autofilled`, `notes`, `meeting_session_id`, `event_type_id`, `heat_type_id`, `user_id`, `has_separate_gender_start_list`, `has_separate_category_start_list`)
  VALUES (10937, '2016-10-28 14:53:52', '2016-10-28 14:53:52', 3, '2000-01-01 09:14:00', 0, 1, NULL, 2088, 22, 3, 1, 1, 0);
INSERT INTO `meeting_events` (`id`, `created_at`, `updated_at`, `event_order`, `begin_time`, `is_out_of_race`, `is_autofilled`, `notes`, `meeting_session_id`, `event_type_id`, `heat_type_id`, `user_id`, `has_separate_gender_start_list`, `has_separate_category_start_list`)
  VALUES (10938, '2016-10-28 14:53:52', '2016-10-28 14:53:52', 4, '2000-01-01 09:52:00', 0, 1, NULL, 2088, 21, 3, 1, 1, 0);
INSERT INTO `meeting_events` (`id`, `created_at`, `updated_at`, `event_order`, `begin_time`, `is_out_of_race`, `is_autofilled`, `notes`, `meeting_session_id`, `event_type_id`, `heat_type_id`, `user_id`, `has_separate_gender_start_list`, `has_separate_category_start_list`)
  VALUES (10939, '2016-10-28 14:53:52', '2016-10-28 14:53:52', 5, '2000-01-01 10:28:00', 0, 1, NULL, 2088, 15, 3, 1, 1, 0);
INSERT INTO `meeting_events` (`id`, `created_at`, `updated_at`, `event_order`, `begin_time`, `is_out_of_race`, `is_autofilled`, `notes`, `meeting_session_id`, `event_type_id`, `heat_type_id`, `user_id`, `has_separate_gender_start_list`, `has_separate_category_start_list`)
  VALUES (10940, '2016-10-28 14:53:53', '2016-10-28 14:53:53', 6, '2000-01-01 11:16:00', 0, 1, NULL, 2088, 11, 3, 1, 1, 0);
INSERT INTO `meeting_events` (`id`, `created_at`, `updated_at`, `event_order`, `begin_time`, `is_out_of_race`, `is_autofilled`, `notes`, `meeting_session_id`, `event_type_id`, `heat_type_id`, `user_id`, `has_separate_gender_start_list`, `has_separate_category_start_list`)
  VALUES (10941, '2016-10-28 14:53:53', '2016-10-28 14:53:53', 7, '2000-01-01 11:52:00', 0, 1, NULL, 2088, 19, 3, 1, 1, 0);
INSERT INTO `meeting_events` (`id`, `created_at`, `updated_at`, `event_order`, `begin_time`, `is_out_of_race`, `is_autofilled`, `notes`, `meeting_session_id`, `event_type_id`, `heat_type_id`, `user_id`, `has_separate_gender_start_list`, `has_separate_category_start_list`)
  VALUES (10942, '2016-10-28 14:53:53', '2016-10-28 14:53:53', 8, '2000-01-01 12:36:00', 0, 1, NULL, 2088, 2, 3, 1, 1, 0);
INSERT INTO `meeting_events` (`id`, `created_at`, `updated_at`, `event_order`, `begin_time`, `is_out_of_race`, `is_autofilled`, `notes`, `meeting_session_id`, `event_type_id`, `heat_type_id`, `user_id`, `has_separate_gender_start_list`, `has_separate_category_start_list`)
  VALUES (10943, '2016-10-28 14:53:53', '2016-10-28 14:53:53', 9, '2000-01-01 13:22:30', 0, 1, NULL, 2088, 33, 3, 1, 1, 0);
INSERT INTO `meeting_events` (`id`, `created_at`, `updated_at`, `event_order`, `begin_time`, `is_out_of_race`, `is_autofilled`, `notes`, `meeting_session_id`, `event_type_id`, `heat_type_id`, `user_id`, `has_separate_gender_start_list`, `has_separate_category_start_list`)
  VALUES (10944, '2016-10-28 14:53:53', '2016-10-28 14:53:53', 10, '2000-01-01 13:20:00', 0, 1, NULL, 2088, 28, 3, 1, 1, 0);
INSERT INTO `meeting_sessions` (`id`, `session_order`, `scheduled_date`, `warm_up_time`, `begin_time`, `notes`, `meeting_id`, `swimming_pool_id`, `user_id`, `created_at`, `updated_at`, `description`, `is_autofilled`, `day_part_type_id`)
  VALUES (2089, 2, '2017-03-19', '2000-01-01 00:00:00', '2000-01-01 00:00:00', '', 16298, 117, 2, '2016-10-28 14:53:53', '2016-10-28 14:53:53', 'FINALI', 1, 2);

-- 15299-rapallomasterdiprimavera TROFEO MASTER DI PRIMAVERA 2016-03-20
INSERT INTO `meetings` (`id`, `description`, `entry_deadline`, `has_warm_up_pool`, `is_under_25_admitted`, `reference_phone`, `reference_e_mail`, `reference_name`, `notes`, `has_invitation`, `has_start_list`, `are_results_acquired`, `max_individual_events`, `configuration_file`, `edition`, `season_id`, `user_id`, `created_at`, `updated_at`, `is_autofilled`, `header_date`, `code`, `header_year`, `max_individual_events_per_session`, `is_out_of_season`, `edition_type_id`, `timing_type_id`, `individual_score_computation_type_id`, `relay_score_computation_type_id`, `team_score_computation_type_id`, `meeting_score_computation_type_id`, `invitation`, `is_confirmed`)
  VALUES (16299, 'TROFEO MASTER DI PRIMAVERA', NULL, 0, 1, NULL, NULL, NULL, 'Rapallo Pallanuoto', 0, 0, 0, 2, '?', 4, 162, 2, '2016-10-28 14:53:53', '2016-10-28 14:53:53', 1, '2017-03-19', 'rapallomasterdiprimavera', '2017', 0, 0, 2, 3, 1, 1, 12, 1, NULL, 0);
INSERT INTO `meeting_sessions` (`id`, `session_order`, `scheduled_date`, `warm_up_time`, `begin_time`, `notes`, `meeting_id`, `swimming_pool_id`, `user_id`, `created_at`, `updated_at`, `description`, `is_autofilled`, `day_part_type_id`)
  VALUES (2090, 1, '2017-03-19', '2000-01-01 00:00:00', '2000-01-01 00:00:00', '', 16299, 50, 2, '2016-10-28 14:53:53', '2016-10-28 14:53:53', 'FINALI', 1, 1);
INSERT INTO `meeting_events` (`id`, `created_at`, `updated_at`, `event_order`, `begin_time`, `is_out_of_race`, `is_autofilled`, `notes`, `meeting_session_id`, `event_type_id`, `heat_type_id`, `user_id`, `has_separate_gender_start_list`, `has_separate_category_start_list`)
  VALUES (10945, '2016-10-28 14:53:53', '2016-10-28 14:53:53', 1, '2000-01-01 08:02:00', 0, 1, NULL, 2090, 16, 3, 1, 1, 0);
INSERT INTO `meeting_events` (`id`, `created_at`, `updated_at`, `event_order`, `begin_time`, `is_out_of_race`, `is_autofilled`, `notes`, `meeting_session_id`, `event_type_id`, `heat_type_id`, `user_id`, `has_separate_gender_start_list`, `has_separate_category_start_list`)
  VALUES (10946, '2016-10-28 14:53:53', '2016-10-28 14:53:53', 2, '2000-01-01 08:24:00', 0, 1, NULL, 2090, 3, 3, 1, 1, 0);
INSERT INTO `meeting_events` (`id`, `created_at`, `updated_at`, `event_order`, `begin_time`, `is_out_of_race`, `is_autofilled`, `notes`, `meeting_session_id`, `event_type_id`, `heat_type_id`, `user_id`, `has_separate_gender_start_list`, `has_separate_category_start_list`)
  VALUES (10947, '2016-10-28 14:53:53', '2016-10-28 14:53:53', 3, '2000-01-01 09:04:00', 0, 1, NULL, 2090, 23, 3, 1, 1, 0);
INSERT INTO `meeting_events` (`id`, `created_at`, `updated_at`, `event_order`, `begin_time`, `is_out_of_race`, `is_autofilled`, `notes`, `meeting_session_id`, `event_type_id`, `heat_type_id`, `user_id`, `has_separate_gender_start_list`, `has_separate_category_start_list`)
  VALUES (10948, '2016-10-28 14:53:53', '2016-10-28 14:53:53', 4, '2000-01-01 09:42:00', 0, 1, NULL, 2090, 21, 3, 1, 1, 0);
INSERT INTO `meeting_events` (`id`, `created_at`, `updated_at`, `event_order`, `begin_time`, `is_out_of_race`, `is_autofilled`, `notes`, `meeting_session_id`, `event_type_id`, `heat_type_id`, `user_id`, `has_separate_gender_start_list`, `has_separate_category_start_list`)
  VALUES (10949, '2016-10-28 14:53:53', '2016-10-28 14:53:53', 5, '2000-01-01 10:10:00', 0, 1, NULL, 2090, 4, 3, 1, 1, 0);
INSERT INTO `meeting_events` (`id`, `created_at`, `updated_at`, `event_order`, `begin_time`, `is_out_of_race`, `is_autofilled`, `notes`, `meeting_session_id`, `event_type_id`, `heat_type_id`, `user_id`, `has_separate_gender_start_list`, `has_separate_category_start_list`)
  VALUES (10950, '2016-10-28 14:53:53', '2016-10-28 14:53:53', 6, '2000-01-01 10:48:00', 0, 1, NULL, 2090, 15, 3, 1, 1, 0);
INSERT INTO `meeting_events` (`id`, `created_at`, `updated_at`, `event_order`, `begin_time`, `is_out_of_race`, `is_autofilled`, `notes`, `meeting_session_id`, `event_type_id`, `heat_type_id`, `user_id`, `has_separate_gender_start_list`, `has_separate_category_start_list`)
  VALUES (10951, '2016-10-28 14:53:53', '2016-10-28 14:53:53', 7, '2000-01-01 11:28:00', 0, 1, NULL, 2090, 11, 3, 1, 1, 0);
INSERT INTO `meeting_events` (`id`, `created_at`, `updated_at`, `event_order`, `begin_time`, `is_out_of_race`, `is_autofilled`, `notes`, `meeting_session_id`, `event_type_id`, `heat_type_id`, `user_id`, `has_separate_gender_start_list`, `has_separate_category_start_list`)
  VALUES (10952, '2016-10-28 14:53:53', '2016-10-28 14:53:53', 8, '2000-01-01 12:02:00', 0, 1, NULL, 2090, 19, 3, 1, 1, 0);
INSERT INTO `meeting_events` (`id`, `created_at`, `updated_at`, `event_order`, `begin_time`, `is_out_of_race`, `is_autofilled`, `notes`, `meeting_session_id`, `event_type_id`, `heat_type_id`, `user_id`, `has_separate_gender_start_list`, `has_separate_category_start_list`)
  VALUES (10953, '2016-10-28 14:53:53', '2016-10-28 14:53:53', 9, '2000-01-01 12:40:00', 0, 1, NULL, 2090, 2, 3, 1, 1, 0);
INSERT INTO `meeting_events` (`id`, `created_at`, `updated_at`, `event_order`, `begin_time`, `is_out_of_race`, `is_autofilled`, `notes`, `meeting_session_id`, `event_type_id`, `heat_type_id`, `user_id`, `has_separate_gender_start_list`, `has_separate_category_start_list`)
  VALUES (10954, '2016-10-28 14:53:53', '2016-10-28 14:53:53', 10, '2000-01-01 13:24:00', 0, 1, NULL, 2090, 6, 3, 1, 1, 0);
INSERT INTO `meeting_events` (`id`, `created_at`, `updated_at`, `event_order`, `begin_time`, `is_out_of_race`, `is_autofilled`, `notes`, `meeting_session_id`, `event_type_id`, `heat_type_id`, `user_id`, `has_separate_gender_start_list`, `has_separate_category_start_list`)
  VALUES (10955, '2016-10-28 14:53:53', '2016-10-28 14:53:53', 11, '2000-01-01 14:06:29', 0, 1, NULL, 2090, 33, 3, 1, 1, 0);
INSERT INTO `meeting_events` (`id`, `created_at`, `updated_at`, `event_order`, `begin_time`, `is_out_of_race`, `is_autofilled`, `notes`, `meeting_session_id`, `event_type_id`, `heat_type_id`, `user_id`, `has_separate_gender_start_list`, `has_separate_category_start_list`)
  VALUES (10956, '2016-10-28 14:53:53', '2016-10-28 14:53:53', 12, '2000-01-01 14:16:58', 0, 1, NULL, 2090, 32, 3, 1, 1, 0);
INSERT INTO `meeting_events` (`id`, `created_at`, `updated_at`, `event_order`, `begin_time`, `is_out_of_race`, `is_autofilled`, `notes`, `meeting_session_id`, `event_type_id`, `heat_type_id`, `user_id`, `has_separate_gender_start_list`, `has_separate_category_start_list`)
  VALUES (10957, '2016-10-28 14:53:53', '2016-10-28 14:53:53', 13, '2000-01-01 14:03:25', 0, 1, NULL, 2090, 26, 3, 1, 1, 0);
INSERT INTO `meeting_events` (`id`, `created_at`, `updated_at`, `event_order`, `begin_time`, `is_out_of_race`, `is_autofilled`, `notes`, `meeting_session_id`, `event_type_id`, `heat_type_id`, `user_id`, `has_separate_gender_start_list`, `has_separate_category_start_list`)
  VALUES (10958, '2016-10-28 14:53:53', '2016-10-28 14:53:53', 14, '2000-01-01 13:36:31', 0, 1, NULL, 2090, 25, 3, 1, 1, 0);
INSERT INTO `meeting_sessions` (`id`, `session_order`, `scheduled_date`, `warm_up_time`, `begin_time`, `notes`, `meeting_id`, `swimming_pool_id`, `user_id`, `created_at`, `updated_at`, `description`, `is_autofilled`, `day_part_type_id`)
  VALUES (2091, 2, '2017-03-19', '2000-01-01 00:00:00', '2000-01-01 00:00:00', '', 16299, 50, 2, '2016-10-28 14:53:53', '2016-10-28 14:53:53', 'FINALI', 1, 2);

-- 15300-lumezzanesprintalbatros TROFEO SPRINT ALBATROS 2016-04-03
INSERT INTO `meetings` (`id`, `description`, `entry_deadline`, `has_warm_up_pool`, `is_under_25_admitted`, `reference_phone`, `reference_e_mail`, `reference_name`, `notes`, `has_invitation`, `has_start_list`, `are_results_acquired`, `max_individual_events`, `configuration_file`, `edition`, `season_id`, `user_id`, `created_at`, `updated_at`, `is_autofilled`, `header_date`, `code`, `header_year`, `max_individual_events_per_session`, `is_out_of_season`, `edition_type_id`, `timing_type_id`, `individual_score_computation_type_id`, `relay_score_computation_type_id`, `team_score_computation_type_id`, `meeting_score_computation_type_id`, `invitation`, `is_confirmed`)
  VALUES (16300, 'TROFEO SPRINT ALBATROS', NULL, 0, 1, NULL, NULL, NULL, 'Albatros Asd', 0, 0, 0, 2, '?', 3, 162, 2, '2016-10-28 14:53:53', '2016-10-28 14:53:53', 1, '2017-04-02', 'lumezzanesprintalbatros', '2017', 0, 0, 2, 3, 1, 1, 12, 1, NULL, 0);
INSERT INTO `meeting_sessions` (`id`, `session_order`, `scheduled_date`, `warm_up_time`, `begin_time`, `notes`, `meeting_id`, `swimming_pool_id`, `user_id`, `created_at`, `updated_at`, `description`, `is_autofilled`, `day_part_type_id`)
  VALUES (2092, 1, '2017-04-02', '2000-01-01 00:00:00', '2000-01-01 00:00:00', '', 16300, 174, 2, '2016-10-28 14:53:53', '2016-10-28 14:53:53', 'FINALI', 1, 1);
INSERT INTO `meeting_events` (`id`, `created_at`, `updated_at`, `event_order`, `begin_time`, `is_out_of_race`, `is_autofilled`, `notes`, `meeting_session_id`, `event_type_id`, `heat_type_id`, `user_id`, `has_separate_gender_start_list`, `has_separate_category_start_list`)
  VALUES (10959, '2016-10-28 14:53:53', '2016-10-28 14:53:53', 1, '2000-01-01 08:02:00', 0, 1, NULL, 2092, 16, 3, 1, 1, 0);
INSERT INTO `meeting_events` (`id`, `created_at`, `updated_at`, `event_order`, `begin_time`, `is_out_of_race`, `is_autofilled`, `notes`, `meeting_session_id`, `event_type_id`, `heat_type_id`, `user_id`, `has_separate_gender_start_list`, `has_separate_category_start_list`)
  VALUES (10960, '2016-10-28 14:53:53', '2016-10-28 14:53:53', 2, '2000-01-01 08:18:00', 0, 1, NULL, 2092, 12, 3, 1, 1, 0);
INSERT INTO `meeting_events` (`id`, `created_at`, `updated_at`, `event_order`, `begin_time`, `is_out_of_race`, `is_autofilled`, `notes`, `meeting_session_id`, `event_type_id`, `heat_type_id`, `user_id`, `has_separate_gender_start_list`, `has_separate_category_start_list`)
  VALUES (10961, '2016-10-28 14:53:53', '2016-10-28 14:53:53', 3, '2000-01-01 08:46:00', 0, 1, NULL, 2092, 22, 3, 1, 1, 0);
INSERT INTO `meeting_events` (`id`, `created_at`, `updated_at`, `event_order`, `begin_time`, `is_out_of_race`, `is_autofilled`, `notes`, `meeting_session_id`, `event_type_id`, `heat_type_id`, `user_id`, `has_separate_gender_start_list`, `has_separate_category_start_list`)
  VALUES (10962, '2016-10-28 14:53:53', '2016-10-28 14:53:53', 4, '2000-01-01 09:16:00', 0, 1, NULL, 2092, 20, 3, 1, 1, 0);
INSERT INTO `meeting_events` (`id`, `created_at`, `updated_at`, `event_order`, `begin_time`, `is_out_of_race`, `is_autofilled`, `notes`, `meeting_session_id`, `event_type_id`, `heat_type_id`, `user_id`, `has_separate_gender_start_list`, `has_separate_category_start_list`)
  VALUES (10963, '2016-10-28 14:53:53', '2016-10-28 14:53:53', 5, '2000-01-01 09:48:00', 0, 1, NULL, 2092, 3, 3, 1, 1, 0);
INSERT INTO `meeting_events` (`id`, `created_at`, `updated_at`, `event_order`, `begin_time`, `is_out_of_race`, `is_autofilled`, `notes`, `meeting_session_id`, `event_type_id`, `heat_type_id`, `user_id`, `has_separate_gender_start_list`, `has_separate_category_start_list`)
  VALUES (10964, '2016-10-28 14:53:53', '2016-10-28 14:53:53', 6, '2000-01-01 10:28:00', 0, 1, NULL, 2092, 4, 3, 1, 1, 0);
INSERT INTO `meeting_events` (`id`, `created_at`, `updated_at`, `event_order`, `begin_time`, `is_out_of_race`, `is_autofilled`, `notes`, `meeting_session_id`, `event_type_id`, `heat_type_id`, `user_id`, `has_separate_gender_start_list`, `has_separate_category_start_list`)
  VALUES (10965, '2016-10-28 14:53:53', '2016-10-28 14:53:53', 7, '2000-01-01 11:00:00', 0, 1, NULL, 2092, 15, 3, 1, 1, 0);
INSERT INTO `meeting_events` (`id`, `created_at`, `updated_at`, `event_order`, `begin_time`, `is_out_of_race`, `is_autofilled`, `notes`, `meeting_session_id`, `event_type_id`, `heat_type_id`, `user_id`, `has_separate_gender_start_list`, `has_separate_category_start_list`)
  VALUES (10966, '2016-10-28 14:53:53', '2016-10-28 14:53:53', 8, '2000-01-01 11:34:00', 0, 1, NULL, 2092, 11, 3, 1, 1, 0);
INSERT INTO `meeting_events` (`id`, `created_at`, `updated_at`, `event_order`, `begin_time`, `is_out_of_race`, `is_autofilled`, `notes`, `meeting_session_id`, `event_type_id`, `heat_type_id`, `user_id`, `has_separate_gender_start_list`, `has_separate_category_start_list`)
  VALUES (10967, '2016-10-28 14:53:53', '2016-10-28 14:53:53', 9, '2000-01-01 12:04:00', 0, 1, NULL, 2092, 19, 3, 1, 1, 0);
INSERT INTO `meeting_events` (`id`, `created_at`, `updated_at`, `event_order`, `begin_time`, `is_out_of_race`, `is_autofilled`, `notes`, `meeting_session_id`, `event_type_id`, `heat_type_id`, `user_id`, `has_separate_gender_start_list`, `has_separate_category_start_list`)
  VALUES (10968, '2016-10-28 14:53:53', '2016-10-28 14:53:53', 10, '2000-01-01 12:42:00', 0, 1, NULL, 2092, 2, 3, 1, 1, 0);
INSERT INTO `meeting_events` (`id`, `created_at`, `updated_at`, `event_order`, `begin_time`, `is_out_of_race`, `is_autofilled`, `notes`, `meeting_session_id`, `event_type_id`, `heat_type_id`, `user_id`, `has_separate_gender_start_list`, `has_separate_category_start_list`)
  VALUES (10969, '2016-10-28 14:53:53', '2016-10-28 14:53:53', 11, '2000-01-01 13:20:30', 0, 1, NULL, 2092, 33, 3, 1, 1, 0);
INSERT INTO `meeting_events` (`id`, `created_at`, `updated_at`, `event_order`, `begin_time`, `is_out_of_race`, `is_autofilled`, `notes`, `meeting_session_id`, `event_type_id`, `heat_type_id`, `user_id`, `has_separate_gender_start_list`, `has_separate_category_start_list`)
  VALUES (10970, '2016-10-28 14:53:53', '2016-10-28 14:53:53', 12, '2000-01-01 13:19:30', 0, 1, NULL, 2092, 32, 3, 1, 1, 0);
INSERT INTO `meeting_sessions` (`id`, `session_order`, `scheduled_date`, `warm_up_time`, `begin_time`, `notes`, `meeting_id`, `swimming_pool_id`, `user_id`, `created_at`, `updated_at`, `description`, `is_autofilled`, `day_part_type_id`)
  VALUES (2093, 2, '2017-04-02', '2000-01-01 00:00:00', '2000-01-01 00:00:00', '', 16300, 174, 2, '2016-10-28 14:53:53', '2016-10-28 14:53:53', 'FINALI', 1, 2);

-- 15301-baridiprimavera TROFEO DI PRIMAVERA 2016-03-13
INSERT INTO `meetings` (`id`, `description`, `entry_deadline`, `has_warm_up_pool`, `is_under_25_admitted`, `reference_phone`, `reference_e_mail`, `reference_name`, `notes`, `has_invitation`, `has_start_list`, `are_results_acquired`, `max_individual_events`, `configuration_file`, `edition`, `season_id`, `user_id`, `created_at`, `updated_at`, `is_autofilled`, `header_date`, `code`, `header_year`, `max_individual_events_per_session`, `is_out_of_season`, `edition_type_id`, `timing_type_id`, `individual_score_computation_type_id`, `relay_score_computation_type_id`, `team_score_computation_type_id`, `meeting_score_computation_type_id`, `invitation`, `is_confirmed`)
  VALUES (16301, 'TROFEO DI PRIMAVERA', NULL, 0, 1, NULL, NULL, NULL, 'S.S.D. Sport Project', 0, 0, 0, 2, '?', 7, 162, 2, '2016-10-28 14:53:53', '2016-10-28 14:53:53', 1, '2017-03-12', 'baridiprimavera', '2017', 0, 0, 2, 3, 1, 1, 12, 1, NULL, 0);
INSERT INTO `meeting_sessions` (`id`, `session_order`, `scheduled_date`, `warm_up_time`, `begin_time`, `notes`, `meeting_id`, `swimming_pool_id`, `user_id`, `created_at`, `updated_at`, `description`, `is_autofilled`, `day_part_type_id`)
  VALUES (2094, 1, '2017-03-12', '2000-01-01 00:00:00', '2000-01-01 00:00:00', '', 16301, 120, 2, '2016-10-28 14:53:53', '2016-10-28 14:53:53', 'FINALI', 1, 1);
INSERT INTO `meeting_events` (`id`, `created_at`, `updated_at`, `event_order`, `begin_time`, `is_out_of_race`, `is_autofilled`, `notes`, `meeting_session_id`, `event_type_id`, `heat_type_id`, `user_id`, `has_separate_gender_start_list`, `has_separate_category_start_list`)
  VALUES (10971, '2016-10-28 14:53:53', '2016-10-28 14:53:53', 1, '2000-01-01 08:02:00', 0, 1, NULL, 2094, 16, 3, 1, 1, 0);
INSERT INTO `meeting_events` (`id`, `created_at`, `updated_at`, `event_order`, `begin_time`, `is_out_of_race`, `is_autofilled`, `notes`, `meeting_session_id`, `event_type_id`, `heat_type_id`, `user_id`, `has_separate_gender_start_list`, `has_separate_category_start_list`)
  VALUES (10972, '2016-10-28 14:53:53', '2016-10-28 14:53:53', 2, '2000-01-01 08:38:00', 0, 1, NULL, 2094, 13, 3, 1, 1, 0);
INSERT INTO `meeting_events` (`id`, `created_at`, `updated_at`, `event_order`, `begin_time`, `is_out_of_race`, `is_autofilled`, `notes`, `meeting_session_id`, `event_type_id`, `heat_type_id`, `user_id`, `has_separate_gender_start_list`, `has_separate_category_start_list`)
  VALUES (10973, '2016-10-28 14:53:53', '2016-10-28 14:53:53', 3, '2000-01-01 08:58:00', 0, 1, NULL, 2094, 23, 3, 1, 1, 0);
INSERT INTO `meeting_events` (`id`, `created_at`, `updated_at`, `event_order`, `begin_time`, `is_out_of_race`, `is_autofilled`, `notes`, `meeting_session_id`, `event_type_id`, `heat_type_id`, `user_id`, `has_separate_gender_start_list`, `has_separate_category_start_list`)
  VALUES (10974, '2016-10-28 14:53:53', '2016-10-28 14:53:53', 4, '2000-01-01 09:30:00', 0, 1, NULL, 2094, 21, 3, 1, 1, 0);
INSERT INTO `meeting_events` (`id`, `created_at`, `updated_at`, `event_order`, `begin_time`, `is_out_of_race`, `is_autofilled`, `notes`, `meeting_session_id`, `event_type_id`, `heat_type_id`, `user_id`, `has_separate_gender_start_list`, `has_separate_category_start_list`)
  VALUES (10975, '2016-10-28 14:53:53', '2016-10-28 14:53:53', 5, '2000-01-01 10:02:00', 0, 1, NULL, 2094, 4, 3, 1, 1, 0);
INSERT INTO `meeting_events` (`id`, `created_at`, `updated_at`, `event_order`, `begin_time`, `is_out_of_race`, `is_autofilled`, `notes`, `meeting_session_id`, `event_type_id`, `heat_type_id`, `user_id`, `has_separate_gender_start_list`, `has_separate_category_start_list`)
  VALUES (10976, '2016-10-28 14:53:53', '2016-10-28 14:53:53', 6, '2000-01-01 10:40:00', 0, 1, NULL, 2094, 24, 3, 1, 1, 0);
INSERT INTO `meeting_events` (`id`, `created_at`, `updated_at`, `event_order`, `begin_time`, `is_out_of_race`, `is_autofilled`, `notes`, `meeting_session_id`, `event_type_id`, `heat_type_id`, `user_id`, `has_separate_gender_start_list`, `has_separate_category_start_list`)
  VALUES (10977, '2016-10-28 14:53:53', '2016-10-28 14:53:53', 7, '2000-01-01 11:02:00', 0, 1, NULL, 2094, 5, 3, 1, 1, 0);
INSERT INTO `meeting_events` (`id`, `created_at`, `updated_at`, `event_order`, `begin_time`, `is_out_of_race`, `is_autofilled`, `notes`, `meeting_session_id`, `event_type_id`, `heat_type_id`, `user_id`, `has_separate_gender_start_list`, `has_separate_category_start_list`)
  VALUES (10978, '2016-10-28 14:53:53', '2016-10-28 14:53:53', 8, '2000-01-01 11:36:00', 0, 1, NULL, 2094, 15, 3, 1, 1, 0);
INSERT INTO `meeting_events` (`id`, `created_at`, `updated_at`, `event_order`, `begin_time`, `is_out_of_race`, `is_autofilled`, `notes`, `meeting_session_id`, `event_type_id`, `heat_type_id`, `user_id`, `has_separate_gender_start_list`, `has_separate_category_start_list`)
  VALUES (10979, '2016-10-28 14:53:53', '2016-10-28 14:53:53', 9, '2000-01-01 12:10:00', 0, 1, NULL, 2094, 11, 3, 1, 1, 0);
INSERT INTO `meeting_events` (`id`, `created_at`, `updated_at`, `event_order`, `begin_time`, `is_out_of_race`, `is_autofilled`, `notes`, `meeting_session_id`, `event_type_id`, `heat_type_id`, `user_id`, `has_separate_gender_start_list`, `has_separate_category_start_list`)
  VALUES (10980, '2016-10-28 14:53:53', '2016-10-28 14:53:53', 10, '2000-01-01 12:46:00', 0, 1, NULL, 2094, 19, 3, 1, 1, 0);
INSERT INTO `meeting_events` (`id`, `created_at`, `updated_at`, `event_order`, `begin_time`, `is_out_of_race`, `is_autofilled`, `notes`, `meeting_session_id`, `event_type_id`, `heat_type_id`, `user_id`, `has_separate_gender_start_list`, `has_separate_category_start_list`)
  VALUES (10981, '2016-10-28 14:53:53', '2016-10-28 14:53:53', 11, '2000-01-01 13:22:00', 0, 1, NULL, 2094, 2, 3, 1, 1, 0);
INSERT INTO `meeting_events` (`id`, `created_at`, `updated_at`, `event_order`, `begin_time`, `is_out_of_race`, `is_autofilled`, `notes`, `meeting_session_id`, `event_type_id`, `heat_type_id`, `user_id`, `has_separate_gender_start_list`, `has_separate_category_start_list`)
  VALUES (10982, '2016-10-28 14:53:53', '2016-10-28 14:53:53', 12, '2000-01-01 14:00:30', 0, 1, NULL, 2094, 33, 3, 1, 1, 0);
INSERT INTO `meeting_events` (`id`, `created_at`, `updated_at`, `event_order`, `begin_time`, `is_out_of_race`, `is_autofilled`, `notes`, `meeting_session_id`, `event_type_id`, `heat_type_id`, `user_id`, `has_separate_gender_start_list`, `has_separate_category_start_list`)
  VALUES (10983, '2016-10-28 14:53:53', '2016-10-28 14:53:53', 13, '2000-01-01 13:59:30', 0, 1, NULL, 2094, 32, 3, 1, 1, 0);
INSERT INTO `meeting_sessions` (`id`, `session_order`, `scheduled_date`, `warm_up_time`, `begin_time`, `notes`, `meeting_id`, `swimming_pool_id`, `user_id`, `created_at`, `updated_at`, `description`, `is_autofilled`, `day_part_type_id`)
  VALUES (2095, 2, '2017-03-12', '2000-01-01 00:00:00', '2000-01-01 00:00:00', '', 16301, 120, 2, '2016-10-28 14:53:53', '2016-10-28 14:53:53', 'FINALI', 1, 2);

-- 15302-cataniaetnanuoto TROFEO ETNA NUOTO 2016-03-20
INSERT INTO `meetings` (`id`, `description`, `entry_deadline`, `has_warm_up_pool`, `is_under_25_admitted`, `reference_phone`, `reference_e_mail`, `reference_name`, `notes`, `has_invitation`, `has_start_list`, `are_results_acquired`, `max_individual_events`, `configuration_file`, `edition`, `season_id`, `user_id`, `created_at`, `updated_at`, `is_autofilled`, `header_date`, `code`, `header_year`, `max_individual_events_per_session`, `is_out_of_season`, `edition_type_id`, `timing_type_id`, `individual_score_computation_type_id`, `relay_score_computation_type_id`, `team_score_computation_type_id`, `meeting_score_computation_type_id`, `invitation`, `is_confirmed`)
  VALUES (16302, 'TROFEO ETNA NUOTO', NULL, 0, 1, NULL, NULL, NULL, 'Etna Nuoto ASD', 0, 0, 0, 2, '?', 4, 162, 2, '2016-10-28 14:53:53', '2016-10-28 14:53:53', 1, '2017-03-19', 'cataniaetnanuoto', '2017', 0, 0, 2, 3, 1, 1, 12, 1, NULL, 0);
INSERT INTO `meeting_sessions` (`id`, `session_order`, `scheduled_date`, `warm_up_time`, `begin_time`, `notes`, `meeting_id`, `swimming_pool_id`, `user_id`, `created_at`, `updated_at`, `description`, `is_autofilled`, `day_part_type_id`)
  VALUES (2096, 1, '2017-03-19', '2000-01-01 00:00:00', '2000-01-01 00:00:00', '', 16302, 97, 2, '2016-10-28 14:53:53', '2016-10-28 14:53:53', 'FINALI', 1, 1);
INSERT INTO `meeting_events` (`id`, `created_at`, `updated_at`, `event_order`, `begin_time`, `is_out_of_race`, `is_autofilled`, `notes`, `meeting_session_id`, `event_type_id`, `heat_type_id`, `user_id`, `has_separate_gender_start_list`, `has_separate_category_start_list`)
  VALUES (10984, '2016-10-28 14:53:53', '2016-10-28 14:53:53', 1, '2000-01-01 08:02:00', 0, 1, NULL, 2096, 12, 3, 1, 1, 0);
INSERT INTO `meeting_events` (`id`, `created_at`, `updated_at`, `event_order`, `begin_time`, `is_out_of_race`, `is_autofilled`, `notes`, `meeting_session_id`, `event_type_id`, `heat_type_id`, `user_id`, `has_separate_gender_start_list`, `has_separate_category_start_list`)
  VALUES (10985, '2016-10-28 14:53:53', '2016-10-28 14:53:53', 2, '2000-01-01 08:22:00', 0, 1, NULL, 2096, 3, 3, 1, 1, 0);
INSERT INTO `meeting_events` (`id`, `created_at`, `updated_at`, `event_order`, `begin_time`, `is_out_of_race`, `is_autofilled`, `notes`, `meeting_session_id`, `event_type_id`, `heat_type_id`, `user_id`, `has_separate_gender_start_list`, `has_separate_category_start_list`)
  VALUES (10986, '2016-10-28 14:53:53', '2016-10-28 14:53:53', 3, '2000-01-01 09:00:00', 0, 1, NULL, 2096, 17, 3, 1, 1, 0);
INSERT INTO `meeting_events` (`id`, `created_at`, `updated_at`, `event_order`, `begin_time`, `is_out_of_race`, `is_autofilled`, `notes`, `meeting_session_id`, `event_type_id`, `heat_type_id`, `user_id`, `has_separate_gender_start_list`, `has_separate_category_start_list`)
  VALUES (10987, '2016-10-28 14:53:53', '2016-10-28 14:53:53', 4, '2000-01-01 09:32:00', 0, 1, NULL, 2096, 23, 3, 1, 1, 0);
INSERT INTO `meeting_events` (`id`, `created_at`, `updated_at`, `event_order`, `begin_time`, `is_out_of_race`, `is_autofilled`, `notes`, `meeting_session_id`, `event_type_id`, `heat_type_id`, `user_id`, `has_separate_gender_start_list`, `has_separate_category_start_list`)
  VALUES (10988, '2016-10-28 14:53:53', '2016-10-28 14:53:53', 5, '2000-01-01 10:04:00', 0, 1, NULL, 2096, 21, 3, 1, 1, 0);
INSERT INTO `meeting_events` (`id`, `created_at`, `updated_at`, `event_order`, `begin_time`, `is_out_of_race`, `is_autofilled`, `notes`, `meeting_session_id`, `event_type_id`, `heat_type_id`, `user_id`, `has_separate_gender_start_list`, `has_separate_category_start_list`)
  VALUES (10989, '2016-10-28 14:53:53', '2016-10-28 14:53:53', 6, '2000-01-01 10:38:00', 0, 1, NULL, 2096, 4, 3, 1, 1, 0);
INSERT INTO `meeting_events` (`id`, `created_at`, `updated_at`, `event_order`, `begin_time`, `is_out_of_race`, `is_autofilled`, `notes`, `meeting_session_id`, `event_type_id`, `heat_type_id`, `user_id`, `has_separate_gender_start_list`, `has_separate_category_start_list`)
  VALUES (10990, '2016-10-28 14:53:53', '2016-10-28 14:53:53', 7, '2000-01-01 11:06:00', 0, 1, NULL, 2096, 5, 3, 1, 1, 0);
INSERT INTO `meeting_events` (`id`, `created_at`, `updated_at`, `event_order`, `begin_time`, `is_out_of_race`, `is_autofilled`, `notes`, `meeting_session_id`, `event_type_id`, `heat_type_id`, `user_id`, `has_separate_gender_start_list`, `has_separate_category_start_list`)
  VALUES (10991, '2016-10-28 14:53:53', '2016-10-28 14:53:53', 8, '2000-01-01 11:36:00', 0, 1, NULL, 2096, 15, 3, 1, 1, 0);
INSERT INTO `meeting_events` (`id`, `created_at`, `updated_at`, `event_order`, `begin_time`, `is_out_of_race`, `is_autofilled`, `notes`, `meeting_session_id`, `event_type_id`, `heat_type_id`, `user_id`, `has_separate_gender_start_list`, `has_separate_category_start_list`)
  VALUES (10992, '2016-10-28 14:53:53', '2016-10-28 14:53:53', 9, '2000-01-01 12:18:00', 0, 1, NULL, 2096, 11, 3, 1, 1, 0);
INSERT INTO `meeting_events` (`id`, `created_at`, `updated_at`, `event_order`, `begin_time`, `is_out_of_race`, `is_autofilled`, `notes`, `meeting_session_id`, `event_type_id`, `heat_type_id`, `user_id`, `has_separate_gender_start_list`, `has_separate_category_start_list`)
  VALUES (10993, '2016-10-28 14:53:53', '2016-10-28 14:53:53', 10, '2000-01-01 12:50:00', 0, 1, NULL, 2096, 19, 3, 1, 1, 0);
INSERT INTO `meeting_events` (`id`, `created_at`, `updated_at`, `event_order`, `begin_time`, `is_out_of_race`, `is_autofilled`, `notes`, `meeting_session_id`, `event_type_id`, `heat_type_id`, `user_id`, `has_separate_gender_start_list`, `has_separate_category_start_list`)
  VALUES (10994, '2016-10-28 14:53:53', '2016-10-28 14:53:53', 11, '2000-01-01 13:30:00', 0, 1, NULL, 2096, 2, 3, 1, 1, 0);
INSERT INTO `meeting_events` (`id`, `created_at`, `updated_at`, `event_order`, `begin_time`, `is_out_of_race`, `is_autofilled`, `notes`, `meeting_session_id`, `event_type_id`, `heat_type_id`, `user_id`, `has_separate_gender_start_list`, `has_separate_category_start_list`)
  VALUES (10995, '2016-10-28 14:53:53', '2016-10-28 14:53:53', 12, '2000-01-01 14:12:30', 0, 1, NULL, 2096, 35, 3, 1, 1, 0);
INSERT INTO `meeting_events` (`id`, `created_at`, `updated_at`, `event_order`, `begin_time`, `is_out_of_race`, `is_autofilled`, `notes`, `meeting_session_id`, `event_type_id`, `heat_type_id`, `user_id`, `has_separate_gender_start_list`, `has_separate_category_start_list`)
  VALUES (10996, '2016-10-28 14:53:54', '2016-10-28 14:53:54', 13, '2000-01-01 14:12:30', 0, 1, NULL, 2096, 34, 3, 1, 1, 0);
INSERT INTO `meeting_events` (`id`, `created_at`, `updated_at`, `event_order`, `begin_time`, `is_out_of_race`, `is_autofilled`, `notes`, `meeting_session_id`, `event_type_id`, `heat_type_id`, `user_id`, `has_separate_gender_start_list`, `has_separate_category_start_list`)
  VALUES (10997, '2016-10-28 14:53:54', '2016-10-28 14:53:54', 14, '2000-01-01 14:12:30', 0, 1, NULL, 2096, 27, 3, 1, 1, 0);
INSERT INTO `meeting_events` (`id`, `created_at`, `updated_at`, `event_order`, `begin_time`, `is_out_of_race`, `is_autofilled`, `notes`, `meeting_session_id`, `event_type_id`, `heat_type_id`, `user_id`, `has_separate_gender_start_list`, `has_separate_category_start_list`)
  VALUES (10998, '2016-10-28 14:53:54', '2016-10-28 14:53:54', 15, '2000-01-01 14:09:30', 0, 1, NULL, 2096, 26, 3, 1, 1, 0);
INSERT INTO `meeting_sessions` (`id`, `session_order`, `scheduled_date`, `warm_up_time`, `begin_time`, `notes`, `meeting_id`, `swimming_pool_id`, `user_id`, `created_at`, `updated_at`, `description`, `is_autofilled`, `day_part_type_id`)
  VALUES (2097, 2, '2017-03-19', '2000-01-01 00:00:00', '2000-01-01 00:00:00', '', 16302, 97, 2, '2016-10-28 14:53:54', '2016-10-28 14:53:54', 'FINALI', 1, 2);

-- 15303-cagliarisardegnanuota SARDEGNA NUOTA 2016-03-20
INSERT INTO `meetings` (`id`, `description`, `entry_deadline`, `has_warm_up_pool`, `is_under_25_admitted`, `reference_phone`, `reference_e_mail`, `reference_name`, `notes`, `has_invitation`, `has_start_list`, `are_results_acquired`, `max_individual_events`, `configuration_file`, `edition`, `season_id`, `user_id`, `created_at`, `updated_at`, `is_autofilled`, `header_date`, `code`, `header_year`, `max_individual_events_per_session`, `is_out_of_season`, `edition_type_id`, `timing_type_id`, `individual_score_computation_type_id`, `relay_score_computation_type_id`, `team_score_computation_type_id`, `meeting_score_computation_type_id`, `invitation`, `is_confirmed`)
  VALUES (16303, 'SARDEGNA NUOTA', NULL, 0, 1, NULL, NULL, NULL, NULL, 0, 0, 0, 2, '?', 2, 162, 2, '2016-10-28 14:53:54', '2016-10-28 14:53:54', 1, '2017-03-19', 'cagliarisardegnanuota', '2017', 0, 0, 4, 3, 1, 1, 12, 1, NULL, 0);
INSERT INTO `meeting_sessions` (`id`, `session_order`, `scheduled_date`, `warm_up_time`, `begin_time`, `notes`, `meeting_id`, `swimming_pool_id`, `user_id`, `created_at`, `updated_at`, `description`, `is_autofilled`, `day_part_type_id`)
  VALUES (2098, 1, '2017-03-19', '2000-01-01 00:00:00', '2000-01-01 00:00:00', '', 16303, 157, 2, '2016-10-28 14:53:54', '2016-10-28 14:53:54', 'FINALI', 1, 1);
INSERT INTO `meeting_events` (`id`, `created_at`, `updated_at`, `event_order`, `begin_time`, `is_out_of_race`, `is_autofilled`, `notes`, `meeting_session_id`, `event_type_id`, `heat_type_id`, `user_id`, `has_separate_gender_start_list`, `has_separate_category_start_list`)
  VALUES (10999, '2016-10-28 14:53:54', '2016-10-28 14:53:54', 1, '2000-01-01 08:02:00', 0, 1, NULL, 2098, 16, 3, 1, 1, 0);
INSERT INTO `meeting_events` (`id`, `created_at`, `updated_at`, `event_order`, `begin_time`, `is_out_of_race`, `is_autofilled`, `notes`, `meeting_session_id`, `event_type_id`, `heat_type_id`, `user_id`, `has_separate_gender_start_list`, `has_separate_category_start_list`)
  VALUES (11000, '2016-10-28 14:53:54', '2016-10-28 14:53:54', 2, '2000-01-01 08:32:00', 0, 1, NULL, 2098, 12, 3, 1, 1, 0);
INSERT INTO `meeting_events` (`id`, `created_at`, `updated_at`, `event_order`, `begin_time`, `is_out_of_race`, `is_autofilled`, `notes`, `meeting_session_id`, `event_type_id`, `heat_type_id`, `user_id`, `has_separate_gender_start_list`, `has_separate_category_start_list`)
  VALUES (11001, '2016-10-28 14:53:54', '2016-10-28 14:53:54', 3, '2000-01-01 08:52:00', 0, 1, NULL, 2098, 20, 3, 1, 1, 0);
INSERT INTO `meeting_events` (`id`, `created_at`, `updated_at`, `event_order`, `begin_time`, `is_out_of_race`, `is_autofilled`, `notes`, `meeting_session_id`, `event_type_id`, `heat_type_id`, `user_id`, `has_separate_gender_start_list`, `has_separate_category_start_list`)
  VALUES (11002, '2016-10-28 14:53:54', '2016-10-28 14:53:54', 4, '2000-01-01 09:26:00', 0, 1, NULL, 2098, 3, 3, 1, 1, 0);
INSERT INTO `meeting_events` (`id`, `created_at`, `updated_at`, `event_order`, `begin_time`, `is_out_of_race`, `is_autofilled`, `notes`, `meeting_session_id`, `event_type_id`, `heat_type_id`, `user_id`, `has_separate_gender_start_list`, `has_separate_category_start_list`)
  VALUES (11003, '2016-10-28 14:53:54', '2016-10-28 14:53:54', 5, '2000-01-01 10:02:00', 0, 1, NULL, 2098, 23, 3, 1, 1, 0);
INSERT INTO `meeting_events` (`id`, `created_at`, `updated_at`, `event_order`, `begin_time`, `is_out_of_race`, `is_autofilled`, `notes`, `meeting_session_id`, `event_type_id`, `heat_type_id`, `user_id`, `has_separate_gender_start_list`, `has_separate_category_start_list`)
  VALUES (11004, '2016-10-28 14:53:54', '2016-10-28 14:53:54', 6, '2000-01-01 10:20:00', 0, 1, NULL, 2098, 5, 3, 1, 1, 0);
INSERT INTO `meeting_events` (`id`, `created_at`, `updated_at`, `event_order`, `begin_time`, `is_out_of_race`, `is_autofilled`, `notes`, `meeting_session_id`, `event_type_id`, `heat_type_id`, `user_id`, `has_separate_gender_start_list`, `has_separate_category_start_list`)
  VALUES (11005, '2016-10-28 14:53:54', '2016-10-28 14:53:54', 7, '2000-01-01 10:56:00', 0, 1, NULL, 2098, 15, 3, 1, 1, 0);
INSERT INTO `meeting_events` (`id`, `created_at`, `updated_at`, `event_order`, `begin_time`, `is_out_of_race`, `is_autofilled`, `notes`, `meeting_session_id`, `event_type_id`, `heat_type_id`, `user_id`, `has_separate_gender_start_list`, `has_separate_category_start_list`)
  VALUES (11006, '2016-10-28 14:53:54', '2016-10-28 14:53:54', 8, '2000-01-01 11:28:00', 0, 1, NULL, 2098, 11, 3, 1, 1, 0);
INSERT INTO `meeting_events` (`id`, `created_at`, `updated_at`, `event_order`, `begin_time`, `is_out_of_race`, `is_autofilled`, `notes`, `meeting_session_id`, `event_type_id`, `heat_type_id`, `user_id`, `has_separate_gender_start_list`, `has_separate_category_start_list`)
  VALUES (11007, '2016-10-28 14:53:54', '2016-10-28 14:53:54', 9, '2000-01-01 12:02:00', 0, 1, NULL, 2098, 19, 3, 1, 1, 0);
INSERT INTO `meeting_events` (`id`, `created_at`, `updated_at`, `event_order`, `begin_time`, `is_out_of_race`, `is_autofilled`, `notes`, `meeting_session_id`, `event_type_id`, `heat_type_id`, `user_id`, `has_separate_gender_start_list`, `has_separate_category_start_list`)
  VALUES (11008, '2016-10-28 14:53:54', '2016-10-28 14:53:54', 10, '2000-01-01 12:36:00', 0, 1, NULL, 2098, 2, 3, 1, 1, 0);
INSERT INTO `meeting_events` (`id`, `created_at`, `updated_at`, `event_order`, `begin_time`, `is_out_of_race`, `is_autofilled`, `notes`, `meeting_session_id`, `event_type_id`, `heat_type_id`, `user_id`, `has_separate_gender_start_list`, `has_separate_category_start_list`)
  VALUES (11009, '2016-10-28 14:53:54', '2016-10-28 14:53:54', 11, '2000-01-01 13:14:30', 0, 1, NULL, 2098, 25, 3, 1, 1, 0);
INSERT INTO `meeting_sessions` (`id`, `session_order`, `scheduled_date`, `warm_up_time`, `begin_time`, `notes`, `meeting_id`, `swimming_pool_id`, `user_id`, `created_at`, `updated_at`, `description`, `is_autofilled`, `day_part_type_id`)
  VALUES (2099, 2, '2017-03-19', '2000-01-01 00:00:00', '2000-01-01 00:00:00', '', 16303, 157, 2, '2016-10-28 14:53:54', '2016-10-28 14:53:54', 'FINALI', 1, 2);

-- 15304-romanantesostiensis TROFEO NANTES OSTIENSIS 2016-04-02
INSERT INTO `meetings` (`id`, `description`, `entry_deadline`, `has_warm_up_pool`, `is_under_25_admitted`, `reference_phone`, `reference_e_mail`, `reference_name`, `notes`, `has_invitation`, `has_start_list`, `are_results_acquired`, `max_individual_events`, `configuration_file`, `edition`, `season_id`, `user_id`, `created_at`, `updated_at`, `is_autofilled`, `header_date`, `code`, `header_year`, `max_individual_events_per_session`, `is_out_of_season`, `edition_type_id`, `timing_type_id`, `individual_score_computation_type_id`, `relay_score_computation_type_id`, `team_score_computation_type_id`, `meeting_score_computation_type_id`, `invitation`, `is_confirmed`)
  VALUES (16304, 'TROFEO NANTES OSTIENSIS', NULL, 0, 1, NULL, NULL, NULL, 'Nantes Ostiensis', 0, 0, 0, 2, '?', 10, 162, 2, '2016-10-28 14:53:54', '2016-10-28 14:53:54', 1, '2017-04-01', 'romanantesostiensis', '2017', 0, 0, 2, 3, 1, 1, 12, 1, NULL, 0);
INSERT INTO `meeting_sessions` (`id`, `session_order`, `scheduled_date`, `warm_up_time`, `begin_time`, `notes`, `meeting_id`, `swimming_pool_id`, `user_id`, `created_at`, `updated_at`, `description`, `is_autofilled`, `day_part_type_id`)
  VALUES (2100, 1, '2017-04-01', '2000-01-01 00:00:00', '2000-01-01 00:00:00', '', 16304, 83, 2, '2016-10-28 14:53:54', '2016-10-28 14:53:54', 'FINALI', 1, 2);
INSERT INTO `meeting_events` (`id`, `created_at`, `updated_at`, `event_order`, `begin_time`, `is_out_of_race`, `is_autofilled`, `notes`, `meeting_session_id`, `event_type_id`, `heat_type_id`, `user_id`, `has_separate_gender_start_list`, `has_separate_category_start_list`)
  VALUES (11010, '2016-10-28 14:53:54', '2016-10-28 14:53:54', 1, '2000-01-01 08:02:00', 0, 1, NULL, 2100, 16, 3, 1, 1, 0);
INSERT INTO `meeting_events` (`id`, `created_at`, `updated_at`, `event_order`, `begin_time`, `is_out_of_race`, `is_autofilled`, `notes`, `meeting_session_id`, `event_type_id`, `heat_type_id`, `user_id`, `has_separate_gender_start_list`, `has_separate_category_start_list`)
  VALUES (11011, '2016-10-28 14:53:54', '2016-10-28 14:53:54', 2, '2000-01-01 08:50:00', 0, 1, NULL, 2100, 12, 3, 1, 1, 0);
INSERT INTO `meeting_events` (`id`, `created_at`, `updated_at`, `event_order`, `begin_time`, `is_out_of_race`, `is_autofilled`, `notes`, `meeting_session_id`, `event_type_id`, `heat_type_id`, `user_id`, `has_separate_gender_start_list`, `has_separate_category_start_list`)
  VALUES (11012, '2016-10-28 14:53:54', '2016-10-28 14:53:54', 3, '2000-01-01 09:26:00', 0, 1, NULL, 2100, 20, 3, 1, 1, 0);
INSERT INTO `meeting_events` (`id`, `created_at`, `updated_at`, `event_order`, `begin_time`, `is_out_of_race`, `is_autofilled`, `notes`, `meeting_session_id`, `event_type_id`, `heat_type_id`, `user_id`, `has_separate_gender_start_list`, `has_separate_category_start_list`)
  VALUES (11013, '2016-10-28 14:53:54', '2016-10-28 14:53:54', 4, '2000-01-01 10:12:00', 0, 1, NULL, 2100, 3, 3, 1, 1, 0);
INSERT INTO `meeting_events` (`id`, `created_at`, `updated_at`, `event_order`, `begin_time`, `is_out_of_race`, `is_autofilled`, `notes`, `meeting_session_id`, `event_type_id`, `heat_type_id`, `user_id`, `has_separate_gender_start_list`, `has_separate_category_start_list`)
  VALUES (11014, '2016-10-28 14:53:54', '2016-10-28 14:53:54', 5, '2000-01-01 10:58:00', 0, 1, NULL, 2100, 17, 3, 1, 1, 0);
INSERT INTO `meeting_events` (`id`, `created_at`, `updated_at`, `event_order`, `begin_time`, `is_out_of_race`, `is_autofilled`, `notes`, `meeting_session_id`, `event_type_id`, `heat_type_id`, `user_id`, `has_separate_gender_start_list`, `has_separate_category_start_list`)
  VALUES (11015, '2016-10-28 14:53:54', '2016-10-28 14:53:54', 6, '2000-01-01 11:42:00', 0, 1, NULL, 2100, 23, 3, 1, 1, 0);
INSERT INTO `meeting_events` (`id`, `created_at`, `updated_at`, `event_order`, `begin_time`, `is_out_of_race`, `is_autofilled`, `notes`, `meeting_session_id`, `event_type_id`, `heat_type_id`, `user_id`, `has_separate_gender_start_list`, `has_separate_category_start_list`)
  VALUES (11016, '2016-10-28 14:53:54', '2016-10-28 14:53:54', 7, '2000-01-01 12:22:00', 0, 1, NULL, 2100, 21, 3, 1, 1, 0);
INSERT INTO `meeting_events` (`id`, `created_at`, `updated_at`, `event_order`, `begin_time`, `is_out_of_race`, `is_autofilled`, `notes`, `meeting_session_id`, `event_type_id`, `heat_type_id`, `user_id`, `has_separate_gender_start_list`, `has_separate_category_start_list`)
  VALUES (11017, '2016-10-28 14:53:54', '2016-10-28 14:53:54', 8, '2000-01-01 13:02:00', 0, 1, NULL, 2100, 4, 3, 1, 1, 0);
INSERT INTO `meeting_events` (`id`, `created_at`, `updated_at`, `event_order`, `begin_time`, `is_out_of_race`, `is_autofilled`, `notes`, `meeting_session_id`, `event_type_id`, `heat_type_id`, `user_id`, `has_separate_gender_start_list`, `has_separate_category_start_list`)
  VALUES (11018, '2016-10-28 14:53:54', '2016-10-28 14:53:54', 9, '2000-01-01 13:46:00', 0, 1, NULL, 2100, 15, 3, 1, 1, 0);
INSERT INTO `meeting_events` (`id`, `created_at`, `updated_at`, `event_order`, `begin_time`, `is_out_of_race`, `is_autofilled`, `notes`, `meeting_session_id`, `event_type_id`, `heat_type_id`, `user_id`, `has_separate_gender_start_list`, `has_separate_category_start_list`)
  VALUES (11019, '2016-10-28 14:53:54', '2016-10-28 14:53:54', 10, '2000-01-01 14:28:00', 0, 1, NULL, 2100, 11, 3, 1, 1, 0);
INSERT INTO `meeting_events` (`id`, `created_at`, `updated_at`, `event_order`, `begin_time`, `is_out_of_race`, `is_autofilled`, `notes`, `meeting_session_id`, `event_type_id`, `heat_type_id`, `user_id`, `has_separate_gender_start_list`, `has_separate_category_start_list`)
  VALUES (11020, '2016-10-28 14:53:54', '2016-10-28 14:53:54', 11, '2000-01-01 15:10:00', 0, 1, NULL, 2100, 19, 3, 1, 1, 0);
INSERT INTO `meeting_events` (`id`, `created_at`, `updated_at`, `event_order`, `begin_time`, `is_out_of_race`, `is_autofilled`, `notes`, `meeting_session_id`, `event_type_id`, `heat_type_id`, `user_id`, `has_separate_gender_start_list`, `has_separate_category_start_list`)
  VALUES (11021, '2016-10-28 14:53:54', '2016-10-28 14:53:54', 12, '2000-01-01 15:54:00', 0, 1, NULL, 2100, 2, 3, 1, 1, 0);
INSERT INTO `meeting_events` (`id`, `created_at`, `updated_at`, `event_order`, `begin_time`, `is_out_of_race`, `is_autofilled`, `notes`, `meeting_session_id`, `event_type_id`, `heat_type_id`, `user_id`, `has_separate_gender_start_list`, `has_separate_category_start_list`)
  VALUES (11022, '2016-10-28 14:53:54', '2016-10-28 14:53:54', 13, '2000-01-01 16:38:30', 0, 1, NULL, 2100, 33, 3, 1, 1, 0);
INSERT INTO `meeting_sessions` (`id`, `session_order`, `scheduled_date`, `warm_up_time`, `begin_time`, `notes`, `meeting_id`, `swimming_pool_id`, `user_id`, `created_at`, `updated_at`, `description`, `is_autofilled`, `day_part_type_id`)
  VALUES (2101, 2, '2017-04-02', '2000-01-01 00:00:00', '2000-01-01 00:00:00', '', 16304, 83, 2, '2016-10-28 14:53:54', '2016-10-28 14:53:54', 'FINALI', 1, 1);
INSERT INTO `meeting_sessions` (`id`, `session_order`, `scheduled_date`, `warm_up_time`, `begin_time`, `notes`, `meeting_id`, `swimming_pool_id`, `user_id`, `created_at`, `updated_at`, `description`, `is_autofilled`, `day_part_type_id`)
  VALUES (2102, 3, '2017-04-02', '2000-01-01 00:00:00', '2000-01-01 00:00:00', '', 16304, 83, 2, '2016-10-28 14:53:54', '2016-10-28 14:53:54', 'FINALI', 1, 2);

-- 15305-pavia TROFEO CITT DI PAVIA 2016-03-27
INSERT INTO `meetings` (`id`, `description`, `entry_deadline`, `has_warm_up_pool`, `is_under_25_admitted`, `reference_phone`, `reference_e_mail`, `reference_name`, `notes`, `has_invitation`, `has_start_list`, `are_results_acquired`, `max_individual_events`, `configuration_file`, `edition`, `season_id`, `user_id`, `created_at`, `updated_at`, `is_autofilled`, `header_date`, `code`, `header_year`, `max_individual_events_per_session`, `is_out_of_season`, `edition_type_id`, `timing_type_id`, `individual_score_computation_type_id`, `relay_score_computation_type_id`, `team_score_computation_type_id`, `meeting_score_computation_type_id`, `invitation`, `is_confirmed`)
  VALUES (16305, 'TROFEO CITT DI PAVIA', NULL, 0, 1, NULL, NULL, NULL, NULL, 0, 0, 0, 2, '?', 7, 162, 2, '2016-10-28 14:53:54', '2016-10-28 14:53:54', 1, '2017-03-26', 'pavia', '2017', 0, 0, 2, 3, 1, 1, 12, 1, NULL, 0);
INSERT INTO `meeting_sessions` (`id`, `session_order`, `scheduled_date`, `warm_up_time`, `begin_time`, `notes`, `meeting_id`, `swimming_pool_id`, `user_id`, `created_at`, `updated_at`, `description`, `is_autofilled`, `day_part_type_id`)
  VALUES (2103, 1, '2017-03-26', '2000-01-01 00:00:00', '2000-01-01 00:00:00', '', 16305, 122, 2, '2016-10-28 14:53:54', '2016-10-28 14:53:54', 'FINALI', 1, 1);
INSERT INTO `meeting_sessions` (`id`, `session_order`, `scheduled_date`, `warm_up_time`, `begin_time`, `notes`, `meeting_id`, `swimming_pool_id`, `user_id`, `created_at`, `updated_at`, `description`, `is_autofilled`, `day_part_type_id`)
  VALUES (2104, 2, '2017-03-26', '2000-01-01 00:00:00', '2000-01-01 00:00:00', '', 16305, 122, 2, '2016-10-28 14:53:54', '2016-10-28 14:53:54', 'FINALI', 1, 2);

-- 15306-luccailariadelcarretto TROFEO ILARIA DEL CARRETTO 2016-03-27
INSERT INTO `meetings` (`id`, `description`, `entry_deadline`, `has_warm_up_pool`, `is_under_25_admitted`, `reference_phone`, `reference_e_mail`, `reference_name`, `notes`, `has_invitation`, `has_start_list`, `are_results_acquired`, `max_individual_events`, `configuration_file`, `edition`, `season_id`, `user_id`, `created_at`, `updated_at`, `is_autofilled`, `header_date`, `code`, `header_year`, `max_individual_events_per_session`, `is_out_of_season`, `edition_type_id`, `timing_type_id`, `individual_score_computation_type_id`, `relay_score_computation_type_id`, `team_score_computation_type_id`, `meeting_score_computation_type_id`, `invitation`, `is_confirmed`)
  VALUES (16306, 'TROFEO ILARIA DEL CARRETTO', NULL, 0, 1, NULL, NULL, NULL, NULL, 0, 0, 0, 2, '?', 10, 162, 2, '2016-10-28 14:53:54', '2016-10-28 14:53:54', 1, '2017-03-26', 'luccailariadelcarretto', '2017', 0, 0, 2, 3, 1, 1, 12, 1, NULL, 0);
INSERT INTO `meeting_sessions` (`id`, `session_order`, `scheduled_date`, `warm_up_time`, `begin_time`, `notes`, `meeting_id`, `swimming_pool_id`, `user_id`, `created_at`, `updated_at`, `description`, `is_autofilled`, `day_part_type_id`)
  VALUES (2105, 1, '2017-03-26', '2000-01-01 00:00:00', '2000-01-01 00:00:00', '', 16306, 123, 2, '2016-10-28 14:53:54', '2016-10-28 14:53:54', 'FINALI', 1, 1);
INSERT INTO `meeting_sessions` (`id`, `session_order`, `scheduled_date`, `warm_up_time`, `begin_time`, `notes`, `meeting_id`, `swimming_pool_id`, `user_id`, `created_at`, `updated_at`, `description`, `is_autofilled`, `day_part_type_id`)
  VALUES (2106, 2, '2017-03-26', '2000-01-01 00:00:00', '2000-01-01 00:00:00', '', 16306, 123, 2, '2016-10-28 14:53:54', '2016-10-28 14:53:54', 'FINALI', 1, 2);

-- 15307-calimeraaquapool TROFEO AQUAPOOL 2016-03-27
INSERT INTO `meetings` (`id`, `description`, `entry_deadline`, `has_warm_up_pool`, `is_under_25_admitted`, `reference_phone`, `reference_e_mail`, `reference_name`, `notes`, `has_invitation`, `has_start_list`, `are_results_acquired`, `max_individual_events`, `configuration_file`, `edition`, `season_id`, `user_id`, `created_at`, `updated_at`, `is_autofilled`, `header_date`, `code`, `header_year`, `max_individual_events_per_session`, `is_out_of_season`, `edition_type_id`, `timing_type_id`, `individual_score_computation_type_id`, `relay_score_computation_type_id`, `team_score_computation_type_id`, `meeting_score_computation_type_id`, `invitation`, `is_confirmed`)
  VALUES (16307, 'TROFEO AQUAPOOL', NULL, 0, 1, NULL, NULL, NULL, NULL, 0, 0, 0, 2, '?', 4, 162, 2, '2016-10-28 14:53:54', '2016-10-28 14:53:54', 1, '2017-03-26', 'calimeraaquapool', '2017', 0, 0, 2, 3, 1, 1, 12, 1, NULL, 0);
INSERT INTO `meeting_sessions` (`id`, `session_order`, `scheduled_date`, `warm_up_time`, `begin_time`, `notes`, `meeting_id`, `swimming_pool_id`, `user_id`, `created_at`, `updated_at`, `description`, `is_autofilled`, `day_part_type_id`)
  VALUES (2107, 1, '2017-03-26', '2000-01-01 00:00:00', '2000-01-01 00:00:00', '', 16307, 175, 2, '2016-10-28 14:53:54', '2016-10-28 14:53:54', 'FINALI', 1, 1);
INSERT INTO `meeting_sessions` (`id`, `session_order`, `scheduled_date`, `warm_up_time`, `begin_time`, `notes`, `meeting_id`, `swimming_pool_id`, `user_id`, `created_at`, `updated_at`, `description`, `is_autofilled`, `day_part_type_id`)
  VALUES (2108, 2, '2017-03-26', '2000-01-01 00:00:00', '2000-01-01 00:00:00', '', 16307, 175, 2, '2016-10-28 14:53:54', '2016-10-28 14:53:54', 'FINALI', 1, 2);

-- 15308-legnano TROFEO CITT DI LEGNANO 2016-04-10
INSERT INTO `meetings` (`id`, `description`, `entry_deadline`, `has_warm_up_pool`, `is_under_25_admitted`, `reference_phone`, `reference_e_mail`, `reference_name`, `notes`, `has_invitation`, `has_start_list`, `are_results_acquired`, `max_individual_events`, `configuration_file`, `edition`, `season_id`, `user_id`, `created_at`, `updated_at`, `is_autofilled`, `header_date`, `code`, `header_year`, `max_individual_events_per_session`, `is_out_of_season`, `edition_type_id`, `timing_type_id`, `individual_score_computation_type_id`, `relay_score_computation_type_id`, `team_score_computation_type_id`, `meeting_score_computation_type_id`, `invitation`, `is_confirmed`)
  VALUES (16308, 'TROFEO CITT DI LEGNANO', NULL, 0, 1, NULL, NULL, NULL, 'Rari Nantes Legnano', 0, 0, 0, 2, '?', 11, 162, 2, '2016-10-28 14:53:54', '2016-10-28 14:53:54', 1, '2017-04-09', 'legnano', '2017', 0, 0, 2, 3, 1, 1, 12, 1, NULL, 0);
INSERT INTO `meeting_sessions` (`id`, `session_order`, `scheduled_date`, `warm_up_time`, `begin_time`, `notes`, `meeting_id`, `swimming_pool_id`, `user_id`, `created_at`, `updated_at`, `description`, `is_autofilled`, `day_part_type_id`)
  VALUES (2109, 1, '2017-04-09', '2000-01-01 00:00:00', '2000-01-01 00:00:00', '', 16308, 128, 2, '2016-10-28 14:53:54', '2016-10-28 14:53:54', 'FINALI', 1, 1);
INSERT INTO `meeting_events` (`id`, `created_at`, `updated_at`, `event_order`, `begin_time`, `is_out_of_race`, `is_autofilled`, `notes`, `meeting_session_id`, `event_type_id`, `heat_type_id`, `user_id`, `has_separate_gender_start_list`, `has_separate_category_start_list`)
  VALUES (11023, '2016-10-28 14:53:54', '2016-10-28 14:53:54', 1, '2000-01-01 08:04:00', 0, 1, NULL, 2109, 16, 3, 1, 1, 0);
INSERT INTO `meeting_events` (`id`, `created_at`, `updated_at`, `event_order`, `begin_time`, `is_out_of_race`, `is_autofilled`, `notes`, `meeting_session_id`, `event_type_id`, `heat_type_id`, `user_id`, `has_separate_gender_start_list`, `has_separate_category_start_list`)
  VALUES (11024, '2016-10-28 14:53:54', '2016-10-28 14:53:54', 2, '2000-01-01 08:44:00', 0, 1, NULL, 2109, 22, 3, 1, 1, 0);
INSERT INTO `meeting_events` (`id`, `created_at`, `updated_at`, `event_order`, `begin_time`, `is_out_of_race`, `is_autofilled`, `notes`, `meeting_session_id`, `event_type_id`, `heat_type_id`, `user_id`, `has_separate_gender_start_list`, `has_separate_category_start_list`)
  VALUES (11025, '2016-10-28 14:53:54', '2016-10-28 14:53:54', 3, '2000-01-01 09:28:00', 0, 1, NULL, 2109, 3, 3, 1, 1, 0);
INSERT INTO `meeting_events` (`id`, `created_at`, `updated_at`, `event_order`, `begin_time`, `is_out_of_race`, `is_autofilled`, `notes`, `meeting_session_id`, `event_type_id`, `heat_type_id`, `user_id`, `has_separate_gender_start_list`, `has_separate_category_start_list`)
  VALUES (11026, '2016-10-28 14:53:54', '2016-10-28 14:53:54', 4, '2000-01-01 10:14:00', 0, 1, NULL, 2109, 23, 3, 1, 1, 0);
INSERT INTO `meeting_events` (`id`, `created_at`, `updated_at`, `event_order`, `begin_time`, `is_out_of_race`, `is_autofilled`, `notes`, `meeting_session_id`, `event_type_id`, `heat_type_id`, `user_id`, `has_separate_gender_start_list`, `has_separate_category_start_list`)
  VALUES (11027, '2016-10-28 14:53:54', '2016-10-28 14:53:54', 5, '2000-01-01 10:48:00', 0, 1, NULL, 2109, 21, 3, 1, 1, 0);
INSERT INTO `meeting_events` (`id`, `created_at`, `updated_at`, `event_order`, `begin_time`, `is_out_of_race`, `is_autofilled`, `notes`, `meeting_session_id`, `event_type_id`, `heat_type_id`, `user_id`, `has_separate_gender_start_list`, `has_separate_category_start_list`)
  VALUES (11028, '2016-10-28 14:53:54', '2016-10-28 14:53:54', 6, '2000-01-01 11:32:00', 0, 1, NULL, 2109, 11, 3, 1, 1, 0);
INSERT INTO `meeting_events` (`id`, `created_at`, `updated_at`, `event_order`, `begin_time`, `is_out_of_race`, `is_autofilled`, `notes`, `meeting_session_id`, `event_type_id`, `heat_type_id`, `user_id`, `has_separate_gender_start_list`, `has_separate_category_start_list`)
  VALUES (11029, '2016-10-28 14:53:54', '2016-10-28 14:53:54', 7, '2000-01-01 12:14:00', 0, 1, NULL, 2109, 19, 3, 1, 1, 0);
INSERT INTO `meeting_events` (`id`, `created_at`, `updated_at`, `event_order`, `begin_time`, `is_out_of_race`, `is_autofilled`, `notes`, `meeting_session_id`, `event_type_id`, `heat_type_id`, `user_id`, `has_separate_gender_start_list`, `has_separate_category_start_list`)
  VALUES (11030, '2016-10-28 14:53:54', '2016-10-28 14:53:54', 8, '2000-01-01 13:00:00', 0, 1, NULL, 2109, 2, 3, 1, 1, 0);
INSERT INTO `meeting_events` (`id`, `created_at`, `updated_at`, `event_order`, `begin_time`, `is_out_of_race`, `is_autofilled`, `notes`, `meeting_session_id`, `event_type_id`, `heat_type_id`, `user_id`, `has_separate_gender_start_list`, `has_separate_category_start_list`)
  VALUES (11031, '2016-10-28 14:53:54', '2016-10-28 14:53:54', 9, '2000-01-01 13:42:30', 0, 1, NULL, 2109, 33, 3, 1, 1, 0);
INSERT INTO `meeting_events` (`id`, `created_at`, `updated_at`, `event_order`, `begin_time`, `is_out_of_race`, `is_autofilled`, `notes`, `meeting_session_id`, `event_type_id`, `heat_type_id`, `user_id`, `has_separate_gender_start_list`, `has_separate_category_start_list`)
  VALUES (11032, '2016-10-28 14:53:54', '2016-10-28 14:53:54', 10, '2000-01-01 13:40:00', 0, 1, NULL, 2109, 25, 3, 1, 1, 0);
INSERT INTO `meeting_sessions` (`id`, `session_order`, `scheduled_date`, `warm_up_time`, `begin_time`, `notes`, `meeting_id`, `swimming_pool_id`, `user_id`, `created_at`, `updated_at`, `description`, `is_autofilled`, `day_part_type_id`)
  VALUES (2110, 2, '2017-04-09', '2000-01-01 00:00:00', '2000-01-01 00:00:00', '', 16308, 128, 2, '2016-10-28 14:53:54', '2016-10-28 14:53:54', 'FINALI', 1, 2);

-- 15309-follonica COPPA CITT DI FOLLONICA 2016-04-10
INSERT INTO `meetings` (`id`, `description`, `entry_deadline`, `has_warm_up_pool`, `is_under_25_admitted`, `reference_phone`, `reference_e_mail`, `reference_name`, `notes`, `has_invitation`, `has_start_list`, `are_results_acquired`, `max_individual_events`, `configuration_file`, `edition`, `season_id`, `user_id`, `created_at`, `updated_at`, `is_autofilled`, `header_date`, `code`, `header_year`, `max_individual_events_per_session`, `is_out_of_season`, `edition_type_id`, `timing_type_id`, `individual_score_computation_type_id`, `relay_score_computation_type_id`, `team_score_computation_type_id`, `meeting_score_computation_type_id`, `invitation`, `is_confirmed`)
  VALUES (16309, 'COPPA CITT DI FOLLONICA', NULL, 0, 1, NULL, NULL, NULL, NULL, 0, 0, 0, 2, '?', 6, 162, 2, '2016-10-28 14:53:54', '2016-10-28 14:53:54', 1, '2017-04-09', 'follonica', '2017', 0, 0, 2, 3, 1, 1, 12, 1, NULL, 0);
INSERT INTO `meeting_sessions` (`id`, `session_order`, `scheduled_date`, `warm_up_time`, `begin_time`, `notes`, `meeting_id`, `swimming_pool_id`, `user_id`, `created_at`, `updated_at`, `description`, `is_autofilled`, `day_part_type_id`)
  VALUES (2111, 1, '2017-04-09', '2000-01-01 00:00:00', '2000-01-01 00:00:00', '', 16309, 118, 2, '2016-10-28 14:53:54', '2016-10-28 14:53:54', 'FINALI', 1, 1);
INSERT INTO `meeting_sessions` (`id`, `session_order`, `scheduled_date`, `warm_up_time`, `begin_time`, `notes`, `meeting_id`, `swimming_pool_id`, `user_id`, `created_at`, `updated_at`, `description`, `is_autofilled`, `day_part_type_id`)
  VALUES (2112, 2, '2017-04-09', '2000-01-01 00:00:00', '2000-01-01 00:00:00', '', 16309, 118, 2, '2016-10-28 14:53:54', '2016-10-28 14:53:54', 'FINALI', 1, 2);

-- 15310-striano MEETING CITTA' DI STRIANO 2016-04-17
INSERT INTO `meetings` (`id`, `description`, `entry_deadline`, `has_warm_up_pool`, `is_under_25_admitted`, `reference_phone`, `reference_e_mail`, `reference_name`, `notes`, `has_invitation`, `has_start_list`, `are_results_acquired`, `max_individual_events`, `configuration_file`, `edition`, `season_id`, `user_id`, `created_at`, `updated_at`, `is_autofilled`, `header_date`, `code`, `header_year`, `max_individual_events_per_session`, `is_out_of_season`, `edition_type_id`, `timing_type_id`, `individual_score_computation_type_id`, `relay_score_computation_type_id`, `team_score_computation_type_id`, `meeting_score_computation_type_id`, `invitation`, `is_confirmed`)
  VALUES (16310, 'MEETING CITTA'' DI STRIANO', NULL, 0, 1, NULL, NULL, NULL, 'SSD Sintesi', 0, 0, 0, 2, '?', 4, 162, 2, '2016-10-28 14:53:54', '2016-10-28 14:53:54', 1, '2017-04-16', 'striano', '2017', 0, 0, 2, 3, 1, 1, 12, 1, NULL, 0);
INSERT INTO `meeting_sessions` (`id`, `session_order`, `scheduled_date`, `warm_up_time`, `begin_time`, `notes`, `meeting_id`, `swimming_pool_id`, `user_id`, `created_at`, `updated_at`, `description`, `is_autofilled`, `day_part_type_id`)
  VALUES (2113, 1, '2017-04-16', '2000-01-01 00:00:00', '2000-01-01 00:00:00', '', 16310, 62, 2, '2016-10-28 14:53:54', '2016-10-28 14:53:54', 'FINALI', 1, 1);
INSERT INTO `meeting_events` (`id`, `created_at`, `updated_at`, `event_order`, `begin_time`, `is_out_of_race`, `is_autofilled`, `notes`, `meeting_session_id`, `event_type_id`, `heat_type_id`, `user_id`, `has_separate_gender_start_list`, `has_separate_category_start_list`)
  VALUES (11033, '2016-10-28 14:53:54', '2016-10-28 14:53:54', 1, '2000-01-01 08:02:00', 0, 1, NULL, 2113, 16, 3, 1, 1, 0);
INSERT INTO `meeting_events` (`id`, `created_at`, `updated_at`, `event_order`, `begin_time`, `is_out_of_race`, `is_autofilled`, `notes`, `meeting_session_id`, `event_type_id`, `heat_type_id`, `user_id`, `has_separate_gender_start_list`, `has_separate_category_start_list`)
  VALUES (11034, '2016-10-28 14:53:54', '2016-10-28 14:53:54', 2, '2000-01-01 08:48:00', 0, 1, NULL, 2113, 22, 3, 1, 1, 0);
INSERT INTO `meeting_events` (`id`, `created_at`, `updated_at`, `event_order`, `begin_time`, `is_out_of_race`, `is_autofilled`, `notes`, `meeting_session_id`, `event_type_id`, `heat_type_id`, `user_id`, `has_separate_gender_start_list`, `has_separate_category_start_list`)
  VALUES (11035, '2016-10-28 14:53:54', '2016-10-28 14:53:54', 3, '2000-01-01 09:30:00', 0, 1, NULL, 2113, 3, 3, 1, 1, 0);
INSERT INTO `meeting_events` (`id`, `created_at`, `updated_at`, `event_order`, `begin_time`, `is_out_of_race`, `is_autofilled`, `notes`, `meeting_session_id`, `event_type_id`, `heat_type_id`, `user_id`, `has_separate_gender_start_list`, `has_separate_category_start_list`)
  VALUES (11036, '2016-10-28 14:53:54', '2016-10-28 14:53:54', 4, '2000-01-01 10:06:00', 0, 1, NULL, 2113, 13, 3, 1, 1, 0);
INSERT INTO `meeting_events` (`id`, `created_at`, `updated_at`, `event_order`, `begin_time`, `is_out_of_race`, `is_autofilled`, `notes`, `meeting_session_id`, `event_type_id`, `heat_type_id`, `user_id`, `has_separate_gender_start_list`, `has_separate_category_start_list`)
  VALUES (11037, '2016-10-28 14:53:54', '2016-10-28 14:53:54', 5, '2000-01-01 10:28:00', 0, 1, NULL, 2113, 4, 3, 1, 1, 0);
INSERT INTO `meeting_events` (`id`, `created_at`, `updated_at`, `event_order`, `begin_time`, `is_out_of_race`, `is_autofilled`, `notes`, `meeting_session_id`, `event_type_id`, `heat_type_id`, `user_id`, `has_separate_gender_start_list`, `has_separate_category_start_list`)
  VALUES (11038, '2016-10-28 14:53:54', '2016-10-28 14:53:54', 6, '2000-01-01 11:08:00', 0, 1, NULL, 2113, 11, 3, 1, 1, 0);
INSERT INTO `meeting_events` (`id`, `created_at`, `updated_at`, `event_order`, `begin_time`, `is_out_of_race`, `is_autofilled`, `notes`, `meeting_session_id`, `event_type_id`, `heat_type_id`, `user_id`, `has_separate_gender_start_list`, `has_separate_category_start_list`)
  VALUES (11039, '2016-10-28 14:53:54', '2016-10-28 14:53:54', 7, '2000-01-01 11:48:00', 0, 1, NULL, 2113, 19, 3, 1, 1, 0);
INSERT INTO `meeting_events` (`id`, `created_at`, `updated_at`, `event_order`, `begin_time`, `is_out_of_race`, `is_autofilled`, `notes`, `meeting_session_id`, `event_type_id`, `heat_type_id`, `user_id`, `has_separate_gender_start_list`, `has_separate_category_start_list`)
  VALUES (11040, '2016-10-28 14:53:54', '2016-10-28 14:53:54', 8, '2000-01-01 12:36:00', 0, 1, NULL, 2113, 2, 3, 1, 1, 0);
INSERT INTO `meeting_events` (`id`, `created_at`, `updated_at`, `event_order`, `begin_time`, `is_out_of_race`, `is_autofilled`, `notes`, `meeting_session_id`, `event_type_id`, `heat_type_id`, `user_id`, `has_separate_gender_start_list`, `has_separate_category_start_list`)
  VALUES (11041, '2016-10-28 14:53:54', '2016-10-28 14:53:54', 9, '2000-01-01 13:24:30', 0, 1, NULL, 2113, 33, 3, 1, 1, 0);
INSERT INTO `meeting_events` (`id`, `created_at`, `updated_at`, `event_order`, `begin_time`, `is_out_of_race`, `is_autofilled`, `notes`, `meeting_session_id`, `event_type_id`, `heat_type_id`, `user_id`, `has_separate_gender_start_list`, `has_separate_category_start_list`)
  VALUES (11042, '2016-10-28 14:53:54', '2016-10-28 14:53:54', 10, '2000-01-01 13:23:30', 0, 1, NULL, 2113, 32, 3, 1, 1, 0);
INSERT INTO `meeting_events` (`id`, `created_at`, `updated_at`, `event_order`, `begin_time`, `is_out_of_race`, `is_autofilled`, `notes`, `meeting_session_id`, `event_type_id`, `heat_type_id`, `user_id`, `has_separate_gender_start_list`, `has_separate_category_start_list`)
  VALUES (11043, '2016-10-28 14:53:54', '2016-10-28 14:53:54', 11, '2000-01-01 13:21:30', 0, 1, NULL, 2113, 26, 3, 1, 1, 0);
INSERT INTO `meeting_events` (`id`, `created_at`, `updated_at`, `event_order`, `begin_time`, `is_out_of_race`, `is_autofilled`, `notes`, `meeting_session_id`, `event_type_id`, `heat_type_id`, `user_id`, `has_separate_gender_start_list`, `has_separate_category_start_list`)
  VALUES (11044, '2016-10-28 14:53:54', '2016-10-28 14:53:54', 12, '2000-01-01 13:09:30', 0, 1, NULL, 2113, 25, 3, 1, 1, 0);
INSERT INTO `meeting_sessions` (`id`, `session_order`, `scheduled_date`, `warm_up_time`, `begin_time`, `notes`, `meeting_id`, `swimming_pool_id`, `user_id`, `created_at`, `updated_at`, `description`, `is_autofilled`, `day_part_type_id`)
  VALUES (2114, 2, '2017-04-16', '2000-01-01 00:00:00', '2000-01-01 00:00:00', '', 16310, 62, 2, '2016-10-28 14:53:54', '2016-10-28 14:53:54', 'FINALI', 1, 2);

-- 15311-castellanagrotteswimonthecaves TROFEO SWIM ON THE CAVES 2016-04-10
INSERT INTO `meetings` (`id`, `description`, `entry_deadline`, `has_warm_up_pool`, `is_under_25_admitted`, `reference_phone`, `reference_e_mail`, `reference_name`, `notes`, `has_invitation`, `has_start_list`, `are_results_acquired`, `max_individual_events`, `configuration_file`, `edition`, `season_id`, `user_id`, `created_at`, `updated_at`, `is_autofilled`, `header_date`, `code`, `header_year`, `max_individual_events_per_session`, `is_out_of_season`, `edition_type_id`, `timing_type_id`, `individual_score_computation_type_id`, `relay_score_computation_type_id`, `team_score_computation_type_id`, `meeting_score_computation_type_id`, `invitation`, `is_confirmed`)
  VALUES (16311, 'TROFEO SWIM ON THE CAVES', NULL, 0, 1, NULL, NULL, NULL, 'Nuoto Castellana', 0, 0, 0, 2, '?', 3, 162, 2, '2016-10-28 14:53:54', '2016-10-28 14:53:54', 1, '2017-04-09', 'castellanagrotteswimonthecaves', '2017', 0, 0, 2, 3, 1, 1, 12, 1, NULL, 0);
INSERT INTO `meeting_sessions` (`id`, `session_order`, `scheduled_date`, `warm_up_time`, `begin_time`, `notes`, `meeting_id`, `swimming_pool_id`, `user_id`, `created_at`, `updated_at`, `description`, `is_autofilled`, `day_part_type_id`)
  VALUES (2115, 1, '2017-04-09', '2000-01-01 00:00:00', '2000-01-01 00:00:00', '', 16311, 125, 2, '2016-10-28 14:53:54', '2016-10-28 14:53:54', 'FINALI', 1, 1);
INSERT INTO `meeting_events` (`id`, `created_at`, `updated_at`, `event_order`, `begin_time`, `is_out_of_race`, `is_autofilled`, `notes`, `meeting_session_id`, `event_type_id`, `heat_type_id`, `user_id`, `has_separate_gender_start_list`, `has_separate_category_start_list`)
  VALUES (11045, '2016-10-28 14:53:54', '2016-10-28 14:53:54', 1, '2000-01-01 08:02:00', 0, 1, NULL, 2115, 16, 3, 1, 1, 0);
INSERT INTO `meeting_events` (`id`, `created_at`, `updated_at`, `event_order`, `begin_time`, `is_out_of_race`, `is_autofilled`, `notes`, `meeting_session_id`, `event_type_id`, `heat_type_id`, `user_id`, `has_separate_gender_start_list`, `has_separate_category_start_list`)
  VALUES (11046, '2016-10-28 14:53:54', '2016-10-28 14:53:54', 2, '2000-01-01 08:32:00', 0, 1, NULL, 2115, 12, 3, 1, 1, 0);
INSERT INTO `meeting_events` (`id`, `created_at`, `updated_at`, `event_order`, `begin_time`, `is_out_of_race`, `is_autofilled`, `notes`, `meeting_session_id`, `event_type_id`, `heat_type_id`, `user_id`, `has_separate_gender_start_list`, `has_separate_category_start_list`)
  VALUES (11047, '2016-10-28 14:53:55', '2016-10-28 14:53:55', 3, '2000-01-01 09:00:00', 0, 1, NULL, 2115, 20, 3, 1, 1, 0);
INSERT INTO `meeting_events` (`id`, `created_at`, `updated_at`, `event_order`, `begin_time`, `is_out_of_race`, `is_autofilled`, `notes`, `meeting_session_id`, `event_type_id`, `heat_type_id`, `user_id`, `has_separate_gender_start_list`, `has_separate_category_start_list`)
  VALUES (11048, '2016-10-28 14:53:55', '2016-10-28 14:53:55', 4, '2000-01-01 09:28:00', 0, 1, NULL, 2115, 3, 3, 1, 1, 0);
INSERT INTO `meeting_events` (`id`, `created_at`, `updated_at`, `event_order`, `begin_time`, `is_out_of_race`, `is_autofilled`, `notes`, `meeting_session_id`, `event_type_id`, `heat_type_id`, `user_id`, `has_separate_gender_start_list`, `has_separate_category_start_list`)
  VALUES (11049, '2016-10-28 14:53:55', '2016-10-28 14:53:55', 5, '2000-01-01 10:02:00', 0, 1, NULL, 2115, 5, 3, 1, 1, 0);
INSERT INTO `meeting_events` (`id`, `created_at`, `updated_at`, `event_order`, `begin_time`, `is_out_of_race`, `is_autofilled`, `notes`, `meeting_session_id`, `event_type_id`, `heat_type_id`, `user_id`, `has_separate_gender_start_list`, `has_separate_category_start_list`)
  VALUES (11050, '2016-10-28 14:53:55', '2016-10-28 14:53:55', 6, '2000-01-01 10:34:00', 0, 1, NULL, 2115, 15, 3, 1, 1, 0);
INSERT INTO `meeting_events` (`id`, `created_at`, `updated_at`, `event_order`, `begin_time`, `is_out_of_race`, `is_autofilled`, `notes`, `meeting_session_id`, `event_type_id`, `heat_type_id`, `user_id`, `has_separate_gender_start_list`, `has_separate_category_start_list`)
  VALUES (11051, '2016-10-28 14:53:55', '2016-10-28 14:53:55', 7, '2000-01-01 11:10:00', 0, 1, NULL, 2115, 11, 3, 1, 1, 0);
INSERT INTO `meeting_events` (`id`, `created_at`, `updated_at`, `event_order`, `begin_time`, `is_out_of_race`, `is_autofilled`, `notes`, `meeting_session_id`, `event_type_id`, `heat_type_id`, `user_id`, `has_separate_gender_start_list`, `has_separate_category_start_list`)
  VALUES (11052, '2016-10-28 14:53:55', '2016-10-28 14:53:55', 8, '2000-01-01 11:46:00', 0, 1, NULL, 2115, 19, 3, 1, 1, 0);
INSERT INTO `meeting_events` (`id`, `created_at`, `updated_at`, `event_order`, `begin_time`, `is_out_of_race`, `is_autofilled`, `notes`, `meeting_session_id`, `event_type_id`, `heat_type_id`, `user_id`, `has_separate_gender_start_list`, `has_separate_category_start_list`)
  VALUES (11053, '2016-10-28 14:53:55', '2016-10-28 14:53:55', 9, '2000-01-01 12:18:00', 0, 1, NULL, 2115, 2, 3, 1, 1, 0);
INSERT INTO `meeting_events` (`id`, `created_at`, `updated_at`, `event_order`, `begin_time`, `is_out_of_race`, `is_autofilled`, `notes`, `meeting_session_id`, `event_type_id`, `heat_type_id`, `user_id`, `has_separate_gender_start_list`, `has_separate_category_start_list`)
  VALUES (11054, '2016-10-28 14:53:55', '2016-10-28 14:53:55', 10, '2000-01-01 12:54:00', 0, 1, NULL, 2115, 6, 3, 1, 1, 0);
INSERT INTO `meeting_sessions` (`id`, `session_order`, `scheduled_date`, `warm_up_time`, `begin_time`, `notes`, `meeting_id`, `swimming_pool_id`, `user_id`, `created_at`, `updated_at`, `description`, `is_autofilled`, `day_part_type_id`)
  VALUES (2116, 2, '2017-04-09', '2000-01-01 00:00:00', '2000-01-01 00:00:00', '', 16311, 125, 2, '2016-10-28 14:53:55', '2016-10-28 14:53:55', 'FINALI', 1, 2);

-- 15312-campodipietraokmasterm2 TROFEO OK MASTER M2 2016-04-10
INSERT INTO `meetings` (`id`, `description`, `entry_deadline`, `has_warm_up_pool`, `is_under_25_admitted`, `reference_phone`, `reference_e_mail`, `reference_name`, `notes`, `has_invitation`, `has_start_list`, `are_results_acquired`, `max_individual_events`, `configuration_file`, `edition`, `season_id`, `user_id`, `created_at`, `updated_at`, `is_autofilled`, `header_date`, `code`, `header_year`, `max_individual_events_per_session`, `is_out_of_season`, `edition_type_id`, `timing_type_id`, `individual_score_computation_type_id`, `relay_score_computation_type_id`, `team_score_computation_type_id`, `meeting_score_computation_type_id`, `invitation`, `is_confirmed`)
  VALUES (16312, 'TROFEO OK MASTER M2', NULL, 0, 1, NULL, NULL, NULL, NULL, 0, 0, 0, 2, '?', 5, 162, 2, '2016-10-28 14:53:55', '2016-10-28 14:53:55', 1, '2017-04-09', 'campodipietraokmasterm2', '2017', 0, 0, 2, 3, 1, 1, 12, 1, NULL, 0);
INSERT INTO `meeting_sessions` (`id`, `session_order`, `scheduled_date`, `warm_up_time`, `begin_time`, `notes`, `meeting_id`, `swimming_pool_id`, `user_id`, `created_at`, `updated_at`, `description`, `is_autofilled`, `day_part_type_id`)
  VALUES (2117, 1, '2017-04-09', '2000-01-01 00:00:00', '2000-01-01 00:00:00', '', 16312, 119, 2, '2016-10-28 14:53:55', '2016-10-28 14:53:55', 'FINALI', 1, 1);
INSERT INTO `meeting_sessions` (`id`, `session_order`, `scheduled_date`, `warm_up_time`, `begin_time`, `notes`, `meeting_id`, `swimming_pool_id`, `user_id`, `created_at`, `updated_at`, `description`, `is_autofilled`, `day_part_type_id`)
  VALUES (2118, 2, '2017-04-09', '2000-01-01 00:00:00', '2000-01-01 00:00:00', '', 16312, 119, 2, '2016-10-28 14:53:55', '2016-10-28 14:53:55', 'FINALI', 1, 2);

-- 15313-trentotrentinomaster MEETING TRENTINO MASTER 2016-04-09
INSERT INTO `meetings` (`id`, `description`, `entry_deadline`, `has_warm_up_pool`, `is_under_25_admitted`, `reference_phone`, `reference_e_mail`, `reference_name`, `notes`, `has_invitation`, `has_start_list`, `are_results_acquired`, `max_individual_events`, `configuration_file`, `edition`, `season_id`, `user_id`, `created_at`, `updated_at`, `is_autofilled`, `header_date`, `code`, `header_year`, `max_individual_events_per_session`, `is_out_of_season`, `edition_type_id`, `timing_type_id`, `individual_score_computation_type_id`, `relay_score_computation_type_id`, `team_score_computation_type_id`, `meeting_score_computation_type_id`, `invitation`, `is_confirmed`)
  VALUES (16313, 'MEETING TRENTINO MASTER', NULL, 0, 1, NULL, NULL, NULL, 'RN Trento', 0, 0, 0, 2, '?', 30, 162, 2, '2016-10-28 14:53:55', '2016-10-28 14:53:55', 1, '2017-04-08', 'trentotrentinomaster', '2017', 0, 0, 2, 3, 1, 1, 12, 1, NULL, 0);
INSERT INTO `meeting_sessions` (`id`, `session_order`, `scheduled_date`, `warm_up_time`, `begin_time`, `notes`, `meeting_id`, `swimming_pool_id`, `user_id`, `created_at`, `updated_at`, `description`, `is_autofilled`, `day_part_type_id`)
  VALUES (2119, 1, '2017-04-08', '2000-01-01 00:00:00', '2000-01-01 00:00:00', '', 16313, 112, 2, '2016-10-28 14:53:55', '2016-10-28 14:53:55', 'FINALI', 1, 1);
INSERT INTO `meeting_events` (`id`, `created_at`, `updated_at`, `event_order`, `begin_time`, `is_out_of_race`, `is_autofilled`, `notes`, `meeting_session_id`, `event_type_id`, `heat_type_id`, `user_id`, `has_separate_gender_start_list`, `has_separate_category_start_list`)
  VALUES (11055, '2016-10-28 14:53:55', '2016-10-28 14:53:55', 1, '2000-01-01 08:02:00', 0, 1, NULL, 2119, 16, 3, 1, 1, 0);
INSERT INTO `meeting_events` (`id`, `created_at`, `updated_at`, `event_order`, `begin_time`, `is_out_of_race`, `is_autofilled`, `notes`, `meeting_session_id`, `event_type_id`, `heat_type_id`, `user_id`, `has_separate_gender_start_list`, `has_separate_category_start_list`)
  VALUES (11056, '2016-10-28 14:53:55', '2016-10-28 14:53:55', 2, '2000-01-01 08:14:00', 0, 1, NULL, 2119, 12, 3, 1, 1, 0);
INSERT INTO `meeting_events` (`id`, `created_at`, `updated_at`, `event_order`, `begin_time`, `is_out_of_race`, `is_autofilled`, `notes`, `meeting_session_id`, `event_type_id`, `heat_type_id`, `user_id`, `has_separate_gender_start_list`, `has_separate_category_start_list`)
  VALUES (11057, '2016-10-28 14:53:55', '2016-10-28 14:53:55', 3, '2000-01-01 08:40:00', 0, 1, NULL, 2119, 22, 3, 1, 1, 0);
INSERT INTO `meeting_events` (`id`, `created_at`, `updated_at`, `event_order`, `begin_time`, `is_out_of_race`, `is_autofilled`, `notes`, `meeting_session_id`, `event_type_id`, `heat_type_id`, `user_id`, `has_separate_gender_start_list`, `has_separate_category_start_list`)
  VALUES (11058, '2016-10-28 14:53:55', '2016-10-28 14:53:55', 4, '2000-01-01 09:16:00', 0, 1, NULL, 2119, 20, 3, 1, 1, 0);
INSERT INTO `meeting_events` (`id`, `created_at`, `updated_at`, `event_order`, `begin_time`, `is_out_of_race`, `is_autofilled`, `notes`, `meeting_session_id`, `event_type_id`, `heat_type_id`, `user_id`, `has_separate_gender_start_list`, `has_separate_category_start_list`)
  VALUES (11059, '2016-10-28 14:53:55', '2016-10-28 14:53:55', 5, '2000-01-01 09:48:00', 0, 1, NULL, 2119, 3, 3, 1, 1, 0);
INSERT INTO `meeting_events` (`id`, `created_at`, `updated_at`, `event_order`, `begin_time`, `is_out_of_race`, `is_autofilled`, `notes`, `meeting_session_id`, `event_type_id`, `heat_type_id`, `user_id`, `has_separate_gender_start_list`, `has_separate_category_start_list`)
  VALUES (11060, '2016-10-28 14:53:55', '2016-10-28 14:53:55', 6, '2000-01-01 10:30:00', 0, 1, NULL, 2119, 17, 3, 1, 1, 0);
INSERT INTO `meeting_events` (`id`, `created_at`, `updated_at`, `event_order`, `begin_time`, `is_out_of_race`, `is_autofilled`, `notes`, `meeting_session_id`, `event_type_id`, `heat_type_id`, `user_id`, `has_separate_gender_start_list`, `has_separate_category_start_list`)
  VALUES (11061, '2016-10-28 14:53:55', '2016-10-28 14:53:55', 7, '2000-01-01 10:54:00', 0, 1, NULL, 2119, 15, 3, 1, 1, 0);
INSERT INTO `meeting_events` (`id`, `created_at`, `updated_at`, `event_order`, `begin_time`, `is_out_of_race`, `is_autofilled`, `notes`, `meeting_session_id`, `event_type_id`, `heat_type_id`, `user_id`, `has_separate_gender_start_list`, `has_separate_category_start_list`)
  VALUES (11062, '2016-10-28 14:53:55', '2016-10-28 14:53:55', 8, '2000-01-01 11:26:00', 0, 1, NULL, 2119, 11, 3, 1, 1, 0);
INSERT INTO `meeting_events` (`id`, `created_at`, `updated_at`, `event_order`, `begin_time`, `is_out_of_race`, `is_autofilled`, `notes`, `meeting_session_id`, `event_type_id`, `heat_type_id`, `user_id`, `has_separate_gender_start_list`, `has_separate_category_start_list`)
  VALUES (11063, '2016-10-28 14:53:55', '2016-10-28 14:53:55', 9, '2000-01-01 11:52:00', 0, 1, NULL, 2119, 19, 3, 1, 1, 0);
INSERT INTO `meeting_events` (`id`, `created_at`, `updated_at`, `event_order`, `begin_time`, `is_out_of_race`, `is_autofilled`, `notes`, `meeting_session_id`, `event_type_id`, `heat_type_id`, `user_id`, `has_separate_gender_start_list`, `has_separate_category_start_list`)
  VALUES (11064, '2016-10-28 14:53:55', '2016-10-28 14:53:55', 10, '2000-01-01 12:34:00', 0, 1, NULL, 2119, 2, 3, 1, 1, 0);
INSERT INTO `meeting_events` (`id`, `created_at`, `updated_at`, `event_order`, `begin_time`, `is_out_of_race`, `is_autofilled`, `notes`, `meeting_session_id`, `event_type_id`, `heat_type_id`, `user_id`, `has_separate_gender_start_list`, `has_separate_category_start_list`)
  VALUES (11065, '2016-10-28 14:53:55', '2016-10-28 14:53:55', 11, '2000-01-01 13:14:30', 0, 1, NULL, 2119, 33, 3, 1, 1, 0);
INSERT INTO `meeting_events` (`id`, `created_at`, `updated_at`, `event_order`, `begin_time`, `is_out_of_race`, `is_autofilled`, `notes`, `meeting_session_id`, `event_type_id`, `heat_type_id`, `user_id`, `has_separate_gender_start_list`, `has_separate_category_start_list`)
  VALUES (11066, '2016-10-28 14:53:55', '2016-10-28 14:53:55', 12, '2000-01-01 13:13:30', 0, 1, NULL, 2119, 25, 3, 1, 1, 0);
INSERT INTO `meeting_sessions` (`id`, `session_order`, `scheduled_date`, `warm_up_time`, `begin_time`, `notes`, `meeting_id`, `swimming_pool_id`, `user_id`, `created_at`, `updated_at`, `description`, `is_autofilled`, `day_part_type_id`)
  VALUES (2120, 2, '2017-04-08', '2000-01-01 00:00:00', '2000-01-01 00:00:00', '', 16313, 112, 2, '2016-10-28 14:53:55', '2016-10-28 14:53:55', 'FINALI', 1, 2);

-- 15314-gualdotadinorolandopinacoli TROFEO ROLANDO PINACOLI 2016-04-09
INSERT INTO `meetings` (`id`, `description`, `entry_deadline`, `has_warm_up_pool`, `is_under_25_admitted`, `reference_phone`, `reference_e_mail`, `reference_name`, `notes`, `has_invitation`, `has_start_list`, `are_results_acquired`, `max_individual_events`, `configuration_file`, `edition`, `season_id`, `user_id`, `created_at`, `updated_at`, `is_autofilled`, `header_date`, `code`, `header_year`, `max_individual_events_per_session`, `is_out_of_season`, `edition_type_id`, `timing_type_id`, `individual_score_computation_type_id`, `relay_score_computation_type_id`, `team_score_computation_type_id`, `meeting_score_computation_type_id`, `invitation`, `is_confirmed`)
  VALUES (16314, 'TROFEO ROLANDO PINACOLI', NULL, 0, 1, NULL, NULL, NULL, 'Azzurra Race Team', 0, 0, 0, 2, '?', 10, 162, 2, '2016-10-28 14:53:55', '2016-10-28 14:53:55', 1, '2017-04-08', 'gualdotadinorolandopinacoli', '2017', 0, 0, 2, 3, 1, 1, 12, 1, NULL, 0);
INSERT INTO `meeting_sessions` (`id`, `session_order`, `scheduled_date`, `warm_up_time`, `begin_time`, `notes`, `meeting_id`, `swimming_pool_id`, `user_id`, `created_at`, `updated_at`, `description`, `is_autofilled`, `day_part_type_id`)
  VALUES (2121, 1, '2017-04-08', '2000-01-01 00:00:00', '2000-01-01 00:00:00', '', 16314, 127, 2, '2016-10-28 14:53:55', '2016-10-28 14:53:55', 'FINALI', 1, 2);
INSERT INTO `meeting_events` (`id`, `created_at`, `updated_at`, `event_order`, `begin_time`, `is_out_of_race`, `is_autofilled`, `notes`, `meeting_session_id`, `event_type_id`, `heat_type_id`, `user_id`, `has_separate_gender_start_list`, `has_separate_category_start_list`)
  VALUES (11067, '2016-10-28 14:53:55', '2016-10-28 14:53:55', 1, '2000-01-01 08:02:00', 0, 1, NULL, 2121, 16, 3, 1, 1, 0);
INSERT INTO `meeting_events` (`id`, `created_at`, `updated_at`, `event_order`, `begin_time`, `is_out_of_race`, `is_autofilled`, `notes`, `meeting_session_id`, `event_type_id`, `heat_type_id`, `user_id`, `has_separate_gender_start_list`, `has_separate_category_start_list`)
  VALUES (11068, '2016-10-28 14:53:55', '2016-10-28 14:53:55', 2, '2000-01-01 08:34:00', 0, 1, NULL, 2121, 12, 3, 1, 1, 0);
INSERT INTO `meeting_events` (`id`, `created_at`, `updated_at`, `event_order`, `begin_time`, `is_out_of_race`, `is_autofilled`, `notes`, `meeting_session_id`, `event_type_id`, `heat_type_id`, `user_id`, `has_separate_gender_start_list`, `has_separate_category_start_list`)
  VALUES (11069, '2016-10-28 14:53:55', '2016-10-28 14:53:55', 3, '2000-01-01 08:48:00', 0, 1, NULL, 2121, 22, 3, 1, 1, 0);
INSERT INTO `meeting_events` (`id`, `created_at`, `updated_at`, `event_order`, `begin_time`, `is_out_of_race`, `is_autofilled`, `notes`, `meeting_session_id`, `event_type_id`, `heat_type_id`, `user_id`, `has_separate_gender_start_list`, `has_separate_category_start_list`)
  VALUES (11070, '2016-10-28 14:53:55', '2016-10-28 14:53:55', 4, '2000-01-01 09:24:00', 0, 1, NULL, 2121, 20, 3, 1, 1, 0);
INSERT INTO `meeting_events` (`id`, `created_at`, `updated_at`, `event_order`, `begin_time`, `is_out_of_race`, `is_autofilled`, `notes`, `meeting_session_id`, `event_type_id`, `heat_type_id`, `user_id`, `has_separate_gender_start_list`, `has_separate_category_start_list`)
  VALUES (11071, '2016-10-28 14:53:55', '2016-10-28 14:53:55', 5, '2000-01-01 10:00:00', 0, 1, NULL, 2121, 3, 3, 1, 1, 0);
INSERT INTO `meeting_events` (`id`, `created_at`, `updated_at`, `event_order`, `begin_time`, `is_out_of_race`, `is_autofilled`, `notes`, `meeting_session_id`, `event_type_id`, `heat_type_id`, `user_id`, `has_separate_gender_start_list`, `has_separate_category_start_list`)
  VALUES (11072, '2016-10-28 14:53:55', '2016-10-28 14:53:55', 6, '2000-01-01 10:34:00', 0, 1, NULL, 2121, 7, 3, 1, 1, 0);
INSERT INTO `meeting_events` (`id`, `created_at`, `updated_at`, `event_order`, `begin_time`, `is_out_of_race`, `is_autofilled`, `notes`, `meeting_session_id`, `event_type_id`, `heat_type_id`, `user_id`, `has_separate_gender_start_list`, `has_separate_category_start_list`)
  VALUES (11073, '2016-10-28 14:53:55', '2016-10-28 14:53:55', 7, '2000-01-01 11:08:00', 0, 1, NULL, 2121, 17, 3, 1, 1, 0);
INSERT INTO `meeting_events` (`id`, `created_at`, `updated_at`, `event_order`, `begin_time`, `is_out_of_race`, `is_autofilled`, `notes`, `meeting_session_id`, `event_type_id`, `heat_type_id`, `user_id`, `has_separate_gender_start_list`, `has_separate_category_start_list`)
  VALUES (11074, '2016-10-28 14:53:55', '2016-10-28 14:53:55', 8, '2000-01-01 11:30:00', 0, 1, NULL, 2121, 13, 3, 1, 1, 0);
INSERT INTO `meeting_events` (`id`, `created_at`, `updated_at`, `event_order`, `begin_time`, `is_out_of_race`, `is_autofilled`, `notes`, `meeting_session_id`, `event_type_id`, `heat_type_id`, `user_id`, `has_separate_gender_start_list`, `has_separate_category_start_list`)
  VALUES (11075, '2016-10-28 14:53:55', '2016-10-28 14:53:55', 9, '2000-01-01 11:48:00', 0, 1, NULL, 2121, 23, 3, 1, 1, 0);
INSERT INTO `meeting_events` (`id`, `created_at`, `updated_at`, `event_order`, `begin_time`, `is_out_of_race`, `is_autofilled`, `notes`, `meeting_session_id`, `event_type_id`, `heat_type_id`, `user_id`, `has_separate_gender_start_list`, `has_separate_category_start_list`)
  VALUES (11076, '2016-10-28 14:53:55', '2016-10-28 14:53:55', 10, '2000-01-01 12:10:00', 0, 1, NULL, 2121, 21, 3, 1, 1, 0);
INSERT INTO `meeting_events` (`id`, `created_at`, `updated_at`, `event_order`, `begin_time`, `is_out_of_race`, `is_autofilled`, `notes`, `meeting_session_id`, `event_type_id`, `heat_type_id`, `user_id`, `has_separate_gender_start_list`, `has_separate_category_start_list`)
  VALUES (11077, '2016-10-28 14:53:55', '2016-10-28 14:53:55', 11, '2000-01-01 12:36:00', 0, 1, NULL, 2121, 4, 3, 1, 1, 0);
INSERT INTO `meeting_events` (`id`, `created_at`, `updated_at`, `event_order`, `begin_time`, `is_out_of_race`, `is_autofilled`, `notes`, `meeting_session_id`, `event_type_id`, `heat_type_id`, `user_id`, `has_separate_gender_start_list`, `has_separate_category_start_list`)
  VALUES (11078, '2016-10-28 14:53:55', '2016-10-28 14:53:55', 12, '2000-01-01 13:16:00', 0, 1, NULL, 2121, 24, 3, 1, 1, 0);
INSERT INTO `meeting_events` (`id`, `created_at`, `updated_at`, `event_order`, `begin_time`, `is_out_of_race`, `is_autofilled`, `notes`, `meeting_session_id`, `event_type_id`, `heat_type_id`, `user_id`, `has_separate_gender_start_list`, `has_separate_category_start_list`)
  VALUES (11079, '2016-10-28 14:53:55', '2016-10-28 14:53:55', 13, '2000-01-01 13:36:00', 0, 1, NULL, 2121, 5, 3, 1, 1, 0);
INSERT INTO `meeting_events` (`id`, `created_at`, `updated_at`, `event_order`, `begin_time`, `is_out_of_race`, `is_autofilled`, `notes`, `meeting_session_id`, `event_type_id`, `heat_type_id`, `user_id`, `has_separate_gender_start_list`, `has_separate_category_start_list`)
  VALUES (11080, '2016-10-28 14:53:55', '2016-10-28 14:53:55', 14, '2000-01-01 14:04:00', 0, 1, NULL, 2121, 15, 3, 1, 1, 0);
INSERT INTO `meeting_events` (`id`, `created_at`, `updated_at`, `event_order`, `begin_time`, `is_out_of_race`, `is_autofilled`, `notes`, `meeting_session_id`, `event_type_id`, `heat_type_id`, `user_id`, `has_separate_gender_start_list`, `has_separate_category_start_list`)
  VALUES (11081, '2016-10-28 14:53:55', '2016-10-28 14:53:55', 15, '2000-01-01 14:36:00', 0, 1, NULL, 2121, 11, 3, 1, 1, 0);
INSERT INTO `meeting_events` (`id`, `created_at`, `updated_at`, `event_order`, `begin_time`, `is_out_of_race`, `is_autofilled`, `notes`, `meeting_session_id`, `event_type_id`, `heat_type_id`, `user_id`, `has_separate_gender_start_list`, `has_separate_category_start_list`)
  VALUES (11082, '2016-10-28 14:53:55', '2016-10-28 14:53:55', 16, '2000-01-01 15:04:00', 0, 1, NULL, 2121, 19, 3, 1, 1, 0);
INSERT INTO `meeting_events` (`id`, `created_at`, `updated_at`, `event_order`, `begin_time`, `is_out_of_race`, `is_autofilled`, `notes`, `meeting_session_id`, `event_type_id`, `heat_type_id`, `user_id`, `has_separate_gender_start_list`, `has_separate_category_start_list`)
  VALUES (11083, '2016-10-28 14:53:55', '2016-10-28 14:53:55', 17, '2000-01-01 15:36:00', 0, 1, NULL, 2121, 2, 3, 1, 1, 0);
INSERT INTO `meeting_sessions` (`id`, `session_order`, `scheduled_date`, `warm_up_time`, `begin_time`, `notes`, `meeting_id`, `swimming_pool_id`, `user_id`, `created_at`, `updated_at`, `description`, `is_autofilled`, `day_part_type_id`)
  VALUES (2122, 2, '2017-04-09', '2000-01-01 00:00:00', '2000-01-01 00:00:00', '', 16314, 127, 2, '2016-10-28 14:53:55', '2016-10-28 14:53:55', 'FINALI', 1, 1);

-- 15315-baripaolopinto TROFEO PAOLO PINTO 2016-04-16
INSERT INTO `meetings` (`id`, `description`, `entry_deadline`, `has_warm_up_pool`, `is_under_25_admitted`, `reference_phone`, `reference_e_mail`, `reference_name`, `notes`, `has_invitation`, `has_start_list`, `are_results_acquired`, `max_individual_events`, `configuration_file`, `edition`, `season_id`, `user_id`, `created_at`, `updated_at`, `is_autofilled`, `header_date`, `code`, `header_year`, `max_individual_events_per_session`, `is_out_of_season`, `edition_type_id`, `timing_type_id`, `individual_score_computation_type_id`, `relay_score_computation_type_id`, `team_score_computation_type_id`, `meeting_score_computation_type_id`, `invitation`, `is_confirmed`)
  VALUES (16315, 'TROFEO PAOLO PINTO', NULL, 0, 1, NULL, NULL, NULL, 'CUS Bari', 0, 0, 0, 2, '?', 8, 162, 2, '2016-10-28 14:53:55', '2016-10-28 14:53:55', 1, '2017-04-15', 'baripaolopinto', '2017', 0, 0, 2, 3, 1, 1, 12, 1, NULL, 0);
INSERT INTO `meeting_sessions` (`id`, `session_order`, `scheduled_date`, `warm_up_time`, `begin_time`, `notes`, `meeting_id`, `swimming_pool_id`, `user_id`, `created_at`, `updated_at`, `description`, `is_autofilled`, `day_part_type_id`)
  VALUES (2123, 1, '2017-04-15', '2000-01-01 00:00:00', '2000-01-01 00:00:00', '', 16315, 130, 2, '2016-10-28 14:53:55', '2016-10-28 14:53:55', 'FINALI', 1, 2);
INSERT INTO `meeting_events` (`id`, `created_at`, `updated_at`, `event_order`, `begin_time`, `is_out_of_race`, `is_autofilled`, `notes`, `meeting_session_id`, `event_type_id`, `heat_type_id`, `user_id`, `has_separate_gender_start_list`, `has_separate_category_start_list`)
  VALUES (11084, '2016-10-28 14:53:55', '2016-10-28 14:53:55', 1, '2000-01-01 08:02:00', 0, 1, NULL, 2123, 16, 3, 1, 1, 0);
INSERT INTO `meeting_events` (`id`, `created_at`, `updated_at`, `event_order`, `begin_time`, `is_out_of_race`, `is_autofilled`, `notes`, `meeting_session_id`, `event_type_id`, `heat_type_id`, `user_id`, `has_separate_gender_start_list`, `has_separate_category_start_list`)
  VALUES (11085, '2016-10-28 14:53:55', '2016-10-28 14:53:55', 2, '2000-01-01 08:40:00', 0, 1, NULL, 2123, 12, 3, 1, 1, 0);
INSERT INTO `meeting_events` (`id`, `created_at`, `updated_at`, `event_order`, `begin_time`, `is_out_of_race`, `is_autofilled`, `notes`, `meeting_session_id`, `event_type_id`, `heat_type_id`, `user_id`, `has_separate_gender_start_list`, `has_separate_category_start_list`)
  VALUES (11086, '2016-10-28 14:53:55', '2016-10-28 14:53:55', 3, '2000-01-01 09:10:00', 0, 1, NULL, 2123, 20, 3, 1, 1, 0);
INSERT INTO `meeting_events` (`id`, `created_at`, `updated_at`, `event_order`, `begin_time`, `is_out_of_race`, `is_autofilled`, `notes`, `meeting_session_id`, `event_type_id`, `heat_type_id`, `user_id`, `has_separate_gender_start_list`, `has_separate_category_start_list`)
  VALUES (11087, '2016-10-28 14:53:55', '2016-10-28 14:53:55', 4, '2000-01-01 09:46:00', 0, 1, NULL, 2123, 3, 3, 1, 1, 0);
INSERT INTO `meeting_events` (`id`, `created_at`, `updated_at`, `event_order`, `begin_time`, `is_out_of_race`, `is_autofilled`, `notes`, `meeting_session_id`, `event_type_id`, `heat_type_id`, `user_id`, `has_separate_gender_start_list`, `has_separate_category_start_list`)
  VALUES (11088, '2016-10-28 14:53:55', '2016-10-28 14:53:55', 5, '2000-01-01 10:26:00', 0, 1, NULL, 2123, 7, 3, 1, 1, 0);
INSERT INTO `meeting_events` (`id`, `created_at`, `updated_at`, `event_order`, `begin_time`, `is_out_of_race`, `is_autofilled`, `notes`, `meeting_session_id`, `event_type_id`, `heat_type_id`, `user_id`, `has_separate_gender_start_list`, `has_separate_category_start_list`)
  VALUES (11089, '2016-10-28 14:53:55', '2016-10-28 14:53:55', 6, '2000-01-01 11:02:00', 0, 1, NULL, 2123, 23, 3, 1, 1, 0);
INSERT INTO `meeting_events` (`id`, `created_at`, `updated_at`, `event_order`, `begin_time`, `is_out_of_race`, `is_autofilled`, `notes`, `meeting_session_id`, `event_type_id`, `heat_type_id`, `user_id`, `has_separate_gender_start_list`, `has_separate_category_start_list`)
  VALUES (11090, '2016-10-28 14:53:55', '2016-10-28 14:53:55', 7, '2000-01-01 11:34:00', 0, 1, NULL, 2123, 21, 3, 1, 1, 0);
INSERT INTO `meeting_events` (`id`, `created_at`, `updated_at`, `event_order`, `begin_time`, `is_out_of_race`, `is_autofilled`, `notes`, `meeting_session_id`, `event_type_id`, `heat_type_id`, `user_id`, `has_separate_gender_start_list`, `has_separate_category_start_list`)
  VALUES (11091, '2016-10-28 14:53:55', '2016-10-28 14:53:55', 8, '2000-01-01 12:02:00', 0, 1, NULL, 2123, 4, 3, 1, 1, 0);
INSERT INTO `meeting_events` (`id`, `created_at`, `updated_at`, `event_order`, `begin_time`, `is_out_of_race`, `is_autofilled`, `notes`, `meeting_session_id`, `event_type_id`, `heat_type_id`, `user_id`, `has_separate_gender_start_list`, `has_separate_category_start_list`)
  VALUES (11092, '2016-10-28 14:53:55', '2016-10-28 14:53:55', 9, '2000-01-01 12:42:00', 0, 1, NULL, 2123, 15, 3, 1, 1, 0);
INSERT INTO `meeting_events` (`id`, `created_at`, `updated_at`, `event_order`, `begin_time`, `is_out_of_race`, `is_autofilled`, `notes`, `meeting_session_id`, `event_type_id`, `heat_type_id`, `user_id`, `has_separate_gender_start_list`, `has_separate_category_start_list`)
  VALUES (11093, '2016-10-28 14:53:55', '2016-10-28 14:53:55', 10, '2000-01-01 13:26:00', 0, 1, NULL, 2123, 11, 3, 1, 1, 0);
INSERT INTO `meeting_events` (`id`, `created_at`, `updated_at`, `event_order`, `begin_time`, `is_out_of_race`, `is_autofilled`, `notes`, `meeting_session_id`, `event_type_id`, `heat_type_id`, `user_id`, `has_separate_gender_start_list`, `has_separate_category_start_list`)
  VALUES (11094, '2016-10-28 14:53:55', '2016-10-28 14:53:55', 11, '2000-01-01 14:02:00', 0, 1, NULL, 2123, 19, 3, 1, 1, 0);
INSERT INTO `meeting_events` (`id`, `created_at`, `updated_at`, `event_order`, `begin_time`, `is_out_of_race`, `is_autofilled`, `notes`, `meeting_session_id`, `event_type_id`, `heat_type_id`, `user_id`, `has_separate_gender_start_list`, `has_separate_category_start_list`)
  VALUES (11095, '2016-10-28 14:53:55', '2016-10-28 14:53:55', 12, '2000-01-01 14:46:00', 0, 1, NULL, 2123, 2, 3, 1, 1, 0);
INSERT INTO `meeting_events` (`id`, `created_at`, `updated_at`, `event_order`, `begin_time`, `is_out_of_race`, `is_autofilled`, `notes`, `meeting_session_id`, `event_type_id`, `heat_type_id`, `user_id`, `has_separate_gender_start_list`, `has_separate_category_start_list`)
  VALUES (11096, '2016-10-28 14:53:55', '2016-10-28 14:53:55', 13, '2000-01-01 15:22:30', 0, 1, NULL, 2123, 28, 3, 1, 1, 0);
INSERT INTO `meeting_sessions` (`id`, `session_order`, `scheduled_date`, `warm_up_time`, `begin_time`, `notes`, `meeting_id`, `swimming_pool_id`, `user_id`, `created_at`, `updated_at`, `description`, `is_autofilled`, `day_part_type_id`)
  VALUES (2124, 2, '2017-04-16', '2000-01-01 00:00:00', '2000-01-01 00:00:00', '', 16315, 130, 2, '2016-10-28 14:53:55', '2016-10-28 14:53:55', 'FINALI', 1, 1);
INSERT INTO `meeting_sessions` (`id`, `session_order`, `scheduled_date`, `warm_up_time`, `begin_time`, `notes`, `meeting_id`, `swimming_pool_id`, `user_id`, `created_at`, `updated_at`, `description`, `is_autofilled`, `day_part_type_id`)
  VALUES (2125, 3, '2017-04-16', '2000-01-01 00:00:00', '2000-01-01 00:00:00', '', 16315, 130, 2, '2016-10-28 14:53:55', '2016-10-28 14:53:55', 'FINALI', 1, 2);

-- 15316-palermopolisportivapalermo TROFEO POLISPORTIVA PALERMO 2015-11-14
INSERT INTO `meetings` (`id`, `description`, `entry_deadline`, `has_warm_up_pool`, `is_under_25_admitted`, `reference_phone`, `reference_e_mail`, `reference_name`, `notes`, `has_invitation`, `has_start_list`, `are_results_acquired`, `max_individual_events`, `configuration_file`, `edition`, `season_id`, `user_id`, `created_at`, `updated_at`, `is_autofilled`, `header_date`, `code`, `header_year`, `max_individual_events_per_session`, `is_out_of_season`, `edition_type_id`, `timing_type_id`, `individual_score_computation_type_id`, `relay_score_computation_type_id`, `team_score_computation_type_id`, `meeting_score_computation_type_id`, `invitation`, `is_confirmed`)
  VALUES (16316, 'TROFEO POLISPORTIVA PALERMO', NULL, 0, 1, NULL, NULL, NULL, 'Polisportiva Mimmo Ferrito', 0, 0, 0, 2, '?', 13, 162, 2, '2016-10-28 14:53:55', '2016-10-28 14:53:55', 1, '2016-11-12', 'palermopolisportivapalermo', '2017', 0, 0, 2, 3, 1, 1, 12, 1, NULL, 0);
INSERT INTO `meeting_sessions` (`id`, `session_order`, `scheduled_date`, `warm_up_time`, `begin_time`, `notes`, `meeting_id`, `swimming_pool_id`, `user_id`, `created_at`, `updated_at`, `description`, `is_autofilled`, `day_part_type_id`)
  VALUES (2126, 1, '2016-11-12', '2000-01-01 00:00:00', '2000-01-01 00:00:00', '', 16316, 126, 2, '2016-10-28 14:53:55', '2016-10-28 14:53:55', 'FINALI', 1, 1);
INSERT INTO `meeting_events` (`id`, `created_at`, `updated_at`, `event_order`, `begin_time`, `is_out_of_race`, `is_autofilled`, `notes`, `meeting_session_id`, `event_type_id`, `heat_type_id`, `user_id`, `has_separate_gender_start_list`, `has_separate_category_start_list`)
  VALUES (11097, '2016-10-28 14:53:55', '2016-10-28 14:53:55', 1, '2000-01-01 08:02:00', 0, 1, NULL, 2126, 16, 3, 1, 1, 0);
INSERT INTO `meeting_events` (`id`, `created_at`, `updated_at`, `event_order`, `begin_time`, `is_out_of_race`, `is_autofilled`, `notes`, `meeting_session_id`, `event_type_id`, `heat_type_id`, `user_id`, `has_separate_gender_start_list`, `has_separate_category_start_list`)
  VALUES (11098, '2016-10-28 14:53:55', '2016-10-28 14:53:55', 2, '2000-01-01 08:24:00', 0, 1, NULL, 2126, 12, 3, 1, 1, 0);
INSERT INTO `meeting_events` (`id`, `created_at`, `updated_at`, `event_order`, `begin_time`, `is_out_of_race`, `is_autofilled`, `notes`, `meeting_session_id`, `event_type_id`, `heat_type_id`, `user_id`, `has_separate_gender_start_list`, `has_separate_category_start_list`)
  VALUES (11099, '2016-10-28 14:53:55', '2016-10-28 14:53:55', 3, '2000-01-01 08:42:00', 0, 1, NULL, 2126, 22, 3, 1, 1, 0);
INSERT INTO `meeting_events` (`id`, `created_at`, `updated_at`, `event_order`, `begin_time`, `is_out_of_race`, `is_autofilled`, `notes`, `meeting_session_id`, `event_type_id`, `heat_type_id`, `user_id`, `has_separate_gender_start_list`, `has_separate_category_start_list`)
  VALUES (11100, '2016-10-28 14:53:56', '2016-10-28 14:53:56', 4, '2000-01-01 09:22:00', 0, 1, NULL, 2126, 20, 3, 1, 1, 0);
INSERT INTO `meeting_events` (`id`, `created_at`, `updated_at`, `event_order`, `begin_time`, `is_out_of_race`, `is_autofilled`, `notes`, `meeting_session_id`, `event_type_id`, `heat_type_id`, `user_id`, `has_separate_gender_start_list`, `has_separate_category_start_list`)
  VALUES (11101, '2016-10-28 14:53:56', '2016-10-28 14:53:56', 5, '2000-01-01 09:56:00', 0, 1, NULL, 2126, 3, 3, 1, 1, 0);
INSERT INTO `meeting_events` (`id`, `created_at`, `updated_at`, `event_order`, `begin_time`, `is_out_of_race`, `is_autofilled`, `notes`, `meeting_session_id`, `event_type_id`, `heat_type_id`, `user_id`, `has_separate_gender_start_list`, `has_separate_category_start_list`)
  VALUES (11102, '2016-10-28 14:53:56', '2016-10-28 14:53:56', 6, '2000-01-01 10:32:00', 0, 1, NULL, 2126, 17, 3, 1, 1, 0);
INSERT INTO `meeting_events` (`id`, `created_at`, `updated_at`, `event_order`, `begin_time`, `is_out_of_race`, `is_autofilled`, `notes`, `meeting_session_id`, `event_type_id`, `heat_type_id`, `user_id`, `has_separate_gender_start_list`, `has_separate_category_start_list`)
  VALUES (11103, '2016-10-28 14:53:56', '2016-10-28 14:53:56', 7, '2000-01-01 10:48:00', 0, 1, NULL, 2126, 23, 3, 1, 1, 0);
INSERT INTO `meeting_events` (`id`, `created_at`, `updated_at`, `event_order`, `begin_time`, `is_out_of_race`, `is_autofilled`, `notes`, `meeting_session_id`, `event_type_id`, `heat_type_id`, `user_id`, `has_separate_gender_start_list`, `has_separate_category_start_list`)
  VALUES (11104, '2016-10-28 14:53:56', '2016-10-28 14:53:56', 8, '2000-01-01 11:10:00', 0, 1, NULL, 2126, 21, 3, 1, 1, 0);
INSERT INTO `meeting_events` (`id`, `created_at`, `updated_at`, `event_order`, `begin_time`, `is_out_of_race`, `is_autofilled`, `notes`, `meeting_session_id`, `event_type_id`, `heat_type_id`, `user_id`, `has_separate_gender_start_list`, `has_separate_category_start_list`)
  VALUES (11105, '2016-10-28 14:53:56', '2016-10-28 14:53:56', 9, '2000-01-01 11:34:00', 0, 1, NULL, 2126, 4, 3, 1, 1, 0);
INSERT INTO `meeting_events` (`id`, `created_at`, `updated_at`, `event_order`, `begin_time`, `is_out_of_race`, `is_autofilled`, `notes`, `meeting_session_id`, `event_type_id`, `heat_type_id`, `user_id`, `has_separate_gender_start_list`, `has_separate_category_start_list`)
  VALUES (11106, '2016-10-28 14:53:56', '2016-10-28 14:53:56', 10, '2000-01-01 12:10:00', 0, 1, NULL, 2126, 5, 3, 1, 1, 0);
INSERT INTO `meeting_events` (`id`, `created_at`, `updated_at`, `event_order`, `begin_time`, `is_out_of_race`, `is_autofilled`, `notes`, `meeting_session_id`, `event_type_id`, `heat_type_id`, `user_id`, `has_separate_gender_start_list`, `has_separate_category_start_list`)
  VALUES (11107, '2016-10-28 14:53:56', '2016-10-28 14:53:56', 11, '2000-01-01 12:42:00', 0, 1, NULL, 2126, 15, 3, 1, 1, 0);
INSERT INTO `meeting_events` (`id`, `created_at`, `updated_at`, `event_order`, `begin_time`, `is_out_of_race`, `is_autofilled`, `notes`, `meeting_session_id`, `event_type_id`, `heat_type_id`, `user_id`, `has_separate_gender_start_list`, `has_separate_category_start_list`)
  VALUES (11108, '2016-10-28 14:53:56', '2016-10-28 14:53:56', 12, '2000-01-01 13:16:00', 0, 1, NULL, 2126, 11, 3, 1, 1, 0);
INSERT INTO `meeting_events` (`id`, `created_at`, `updated_at`, `event_order`, `begin_time`, `is_out_of_race`, `is_autofilled`, `notes`, `meeting_session_id`, `event_type_id`, `heat_type_id`, `user_id`, `has_separate_gender_start_list`, `has_separate_category_start_list`)
  VALUES (11109, '2016-10-28 14:53:56', '2016-10-28 14:53:56', 13, '2000-01-01 13:54:00', 0, 1, NULL, 2126, 19, 3, 1, 1, 0);
INSERT INTO `meeting_events` (`id`, `created_at`, `updated_at`, `event_order`, `begin_time`, `is_out_of_race`, `is_autofilled`, `notes`, `meeting_session_id`, `event_type_id`, `heat_type_id`, `user_id`, `has_separate_gender_start_list`, `has_separate_category_start_list`)
  VALUES (11110, '2016-10-28 14:53:56', '2016-10-28 14:53:56', 14, '2000-01-01 14:32:00', 0, 1, NULL, 2126, 2, 3, 1, 1, 0);
INSERT INTO `meeting_events` (`id`, `created_at`, `updated_at`, `event_order`, `begin_time`, `is_out_of_race`, `is_autofilled`, `notes`, `meeting_session_id`, `event_type_id`, `heat_type_id`, `user_id`, `has_separate_gender_start_list`, `has_separate_category_start_list`)
  VALUES (11111, '2016-10-28 14:53:56', '2016-10-28 14:53:56', 15, '2000-01-01 15:12:00', 0, 1, NULL, 2126, 6, 3, 1, 1, 0);
INSERT INTO `meeting_events` (`id`, `created_at`, `updated_at`, `event_order`, `begin_time`, `is_out_of_race`, `is_autofilled`, `notes`, `meeting_session_id`, `event_type_id`, `heat_type_id`, `user_id`, `has_separate_gender_start_list`, `has_separate_category_start_list`)
  VALUES (11112, '2016-10-28 14:53:56', '2016-10-28 14:53:56', 16, '2000-01-01 15:59:43', 0, 1, NULL, 2126, 33, 3, 1, 1, 0);
INSERT INTO `meeting_events` (`id`, `created_at`, `updated_at`, `event_order`, `begin_time`, `is_out_of_race`, `is_autofilled`, `notes`, `meeting_session_id`, `event_type_id`, `heat_type_id`, `user_id`, `has_separate_gender_start_list`, `has_separate_category_start_list`)
  VALUES (11113, '2016-10-28 14:53:56', '2016-10-28 14:53:56', 17, '2000-01-01 16:11:26', 0, 1, NULL, 2126, 26, 3, 1, 1, 0);
INSERT INTO `meeting_events` (`id`, `created_at`, `updated_at`, `event_order`, `begin_time`, `is_out_of_race`, `is_autofilled`, `notes`, `meeting_session_id`, `event_type_id`, `heat_type_id`, `user_id`, `has_separate_gender_start_list`, `has_separate_category_start_list`)
  VALUES (11114, '2016-10-28 14:53:56', '2016-10-28 14:53:56', 18, '2000-01-01 15:43:17', 0, 1, NULL, 2126, 25, 3, 1, 1, 0);
INSERT INTO `meeting_sessions` (`id`, `session_order`, `scheduled_date`, `warm_up_time`, `begin_time`, `notes`, `meeting_id`, `swimming_pool_id`, `user_id`, `created_at`, `updated_at`, `description`, `is_autofilled`, `day_part_type_id`)
  VALUES (2127, 2, '2016-11-12', '2000-01-01 00:00:00', '2000-01-01 00:00:00', '', 16316, 126, 2, '2016-10-28 14:53:56', '2016-10-28 14:53:56', 'FINALI', 1, 2);
INSERT INTO `meeting_sessions` (`id`, `session_order`, `scheduled_date`, `warm_up_time`, `begin_time`, `notes`, `meeting_id`, `swimming_pool_id`, `user_id`, `created_at`, `updated_at`, `description`, `is_autofilled`, `day_part_type_id`)
  VALUES (2128, 3, '2016-11-13', '2000-01-01 00:00:00', '2000-01-01 00:00:00', '', 16316, 126, 2, '2016-10-28 14:53:56', '2016-10-28 14:53:56', 'FINALI', 1, 1);
INSERT INTO `meeting_sessions` (`id`, `session_order`, `scheduled_date`, `warm_up_time`, `begin_time`, `notes`, `meeting_id`, `swimming_pool_id`, `user_id`, `created_at`, `updated_at`, `description`, `is_autofilled`, `day_part_type_id`)
  VALUES (2129, 4, '2016-11-13', '2000-01-01 00:00:00', '2000-01-01 00:00:00', '', 16316, 126, 2, '2016-10-28 14:53:56', '2016-10-28 14:53:56', 'FINALI', 1, 2);

-- 15317-genovanuotoponente TROFEO NUOTO PONENTE 2016-04-17
INSERT INTO `meetings` (`id`, `description`, `entry_deadline`, `has_warm_up_pool`, `is_under_25_admitted`, `reference_phone`, `reference_e_mail`, `reference_name`, `notes`, `has_invitation`, `has_start_list`, `are_results_acquired`, `max_individual_events`, `configuration_file`, `edition`, `season_id`, `user_id`, `created_at`, `updated_at`, `is_autofilled`, `header_date`, `code`, `header_year`, `max_individual_events_per_session`, `is_out_of_season`, `edition_type_id`, `timing_type_id`, `individual_score_computation_type_id`, `relay_score_computation_type_id`, `team_score_computation_type_id`, `meeting_score_computation_type_id`, `invitation`, `is_confirmed`)
  VALUES (16317, 'TROFEO NUOTO PONENTE', NULL, 0, 1, NULL, NULL, NULL, 'Nuotatori Rivarolesi', 0, 0, 0, 2, '?', 5, 162, 2, '2016-10-28 14:53:56', '2016-10-28 14:53:56', 1, '2017-04-16', 'genovanuotoponente', '2017', 0, 0, 2, 3, 1, 1, 12, 1, NULL, 0);
INSERT INTO `meeting_sessions` (`id`, `session_order`, `scheduled_date`, `warm_up_time`, `begin_time`, `notes`, `meeting_id`, `swimming_pool_id`, `user_id`, `created_at`, `updated_at`, `description`, `is_autofilled`, `day_part_type_id`)
  VALUES (2130, 1, '2017-04-16', '2000-01-01 00:00:00', '2000-01-01 00:00:00', '', 16317, 176, 2, '2016-10-28 14:53:56', '2016-10-28 14:53:56', 'FINALI', 1, 1);
INSERT INTO `meeting_events` (`id`, `created_at`, `updated_at`, `event_order`, `begin_time`, `is_out_of_race`, `is_autofilled`, `notes`, `meeting_session_id`, `event_type_id`, `heat_type_id`, `user_id`, `has_separate_gender_start_list`, `has_separate_category_start_list`)
  VALUES (11115, '2016-10-28 14:53:56', '2016-10-28 14:53:56', 1, '2000-01-01 08:02:00', 0, 1, NULL, 2130, 16, 3, 1, 1, 0);
INSERT INTO `meeting_events` (`id`, `created_at`, `updated_at`, `event_order`, `begin_time`, `is_out_of_race`, `is_autofilled`, `notes`, `meeting_session_id`, `event_type_id`, `heat_type_id`, `user_id`, `has_separate_gender_start_list`, `has_separate_category_start_list`)
  VALUES (11116, '2016-10-28 14:53:56', '2016-10-28 14:53:56', 2, '2000-01-01 08:30:00', 0, 1, NULL, 2130, 12, 3, 1, 1, 0);
INSERT INTO `meeting_events` (`id`, `created_at`, `updated_at`, `event_order`, `begin_time`, `is_out_of_race`, `is_autofilled`, `notes`, `meeting_session_id`, `event_type_id`, `heat_type_id`, `user_id`, `has_separate_gender_start_list`, `has_separate_category_start_list`)
  VALUES (11117, '2016-10-28 14:53:56', '2016-10-28 14:53:56', 3, '2000-01-01 08:56:00', 0, 1, NULL, 2130, 20, 3, 1, 1, 0);
INSERT INTO `meeting_events` (`id`, `created_at`, `updated_at`, `event_order`, `begin_time`, `is_out_of_race`, `is_autofilled`, `notes`, `meeting_session_id`, `event_type_id`, `heat_type_id`, `user_id`, `has_separate_gender_start_list`, `has_separate_category_start_list`)
  VALUES (11118, '2016-10-28 14:53:56', '2016-10-28 14:53:56', 4, '2000-01-01 09:28:00', 0, 1, NULL, 2130, 3, 3, 1, 1, 0);
INSERT INTO `meeting_events` (`id`, `created_at`, `updated_at`, `event_order`, `begin_time`, `is_out_of_race`, `is_autofilled`, `notes`, `meeting_session_id`, `event_type_id`, `heat_type_id`, `user_id`, `has_separate_gender_start_list`, `has_separate_category_start_list`)
  VALUES (11119, '2016-10-28 14:53:56', '2016-10-28 14:53:56', 5, '2000-01-01 10:08:00', 0, 1, NULL, 2130, 23, 3, 1, 1, 0);
INSERT INTO `meeting_events` (`id`, `created_at`, `updated_at`, `event_order`, `begin_time`, `is_out_of_race`, `is_autofilled`, `notes`, `meeting_session_id`, `event_type_id`, `heat_type_id`, `user_id`, `has_separate_gender_start_list`, `has_separate_category_start_list`)
  VALUES (11120, '2016-10-28 14:53:56', '2016-10-28 14:53:56', 6, '2000-01-01 10:38:00', 0, 1, NULL, 2130, 21, 3, 1, 1, 0);
INSERT INTO `meeting_events` (`id`, `created_at`, `updated_at`, `event_order`, `begin_time`, `is_out_of_race`, `is_autofilled`, `notes`, `meeting_session_id`, `event_type_id`, `heat_type_id`, `user_id`, `has_separate_gender_start_list`, `has_separate_category_start_list`)
  VALUES (11121, '2016-10-28 14:53:56', '2016-10-28 14:53:56', 7, '2000-01-01 11:02:00', 0, 1, NULL, 2130, 4, 3, 1, 1, 0);
INSERT INTO `meeting_events` (`id`, `created_at`, `updated_at`, `event_order`, `begin_time`, `is_out_of_race`, `is_autofilled`, `notes`, `meeting_session_id`, `event_type_id`, `heat_type_id`, `user_id`, `has_separate_gender_start_list`, `has_separate_category_start_list`)
  VALUES (11122, '2016-10-28 14:53:56', '2016-10-28 14:53:56', 8, '2000-01-01 11:30:00', 0, 1, NULL, 2130, 5, 3, 1, 1, 0);
INSERT INTO `meeting_events` (`id`, `created_at`, `updated_at`, `event_order`, `begin_time`, `is_out_of_race`, `is_autofilled`, `notes`, `meeting_session_id`, `event_type_id`, `heat_type_id`, `user_id`, `has_separate_gender_start_list`, `has_separate_category_start_list`)
  VALUES (11123, '2016-10-28 14:53:56', '2016-10-28 14:53:56', 9, '2000-01-01 12:04:00', 0, 1, NULL, 2130, 15, 3, 1, 1, 0);
INSERT INTO `meeting_events` (`id`, `created_at`, `updated_at`, `event_order`, `begin_time`, `is_out_of_race`, `is_autofilled`, `notes`, `meeting_session_id`, `event_type_id`, `heat_type_id`, `user_id`, `has_separate_gender_start_list`, `has_separate_category_start_list`)
  VALUES (11124, '2016-10-28 14:53:56', '2016-10-28 14:53:56', 10, '2000-01-01 12:40:00', 0, 1, NULL, 2130, 11, 3, 1, 1, 0);
INSERT INTO `meeting_events` (`id`, `created_at`, `updated_at`, `event_order`, `begin_time`, `is_out_of_race`, `is_autofilled`, `notes`, `meeting_session_id`, `event_type_id`, `heat_type_id`, `user_id`, `has_separate_gender_start_list`, `has_separate_category_start_list`)
  VALUES (11125, '2016-10-28 14:53:56', '2016-10-28 14:53:56', 11, '2000-01-01 13:12:00', 0, 1, NULL, 2130, 19, 3, 1, 1, 0);
INSERT INTO `meeting_events` (`id`, `created_at`, `updated_at`, `event_order`, `begin_time`, `is_out_of_race`, `is_autofilled`, `notes`, `meeting_session_id`, `event_type_id`, `heat_type_id`, `user_id`, `has_separate_gender_start_list`, `has_separate_category_start_list`)
  VALUES (11126, '2016-10-28 14:53:56', '2016-10-28 14:53:56', 12, '2000-01-01 13:48:00', 0, 1, NULL, 2130, 2, 3, 1, 1, 0);
INSERT INTO `meeting_events` (`id`, `created_at`, `updated_at`, `event_order`, `begin_time`, `is_out_of_race`, `is_autofilled`, `notes`, `meeting_session_id`, `event_type_id`, `heat_type_id`, `user_id`, `has_separate_gender_start_list`, `has_separate_category_start_list`)
  VALUES (11127, '2016-10-28 14:53:56', '2016-10-28 14:53:56', 13, '2000-01-01 14:30:30', 0, 1, NULL, 2130, 33, 3, 1, 1, 0);
INSERT INTO `meeting_events` (`id`, `created_at`, `updated_at`, `event_order`, `begin_time`, `is_out_of_race`, `is_autofilled`, `notes`, `meeting_session_id`, `event_type_id`, `heat_type_id`, `user_id`, `has_separate_gender_start_list`, `has_separate_category_start_list`)
  VALUES (11128, '2016-10-28 14:53:56', '2016-10-28 14:53:56', 14, '2000-01-01 14:29:30', 0, 1, NULL, 2130, 25, 3, 1, 1, 0);

-- 15318-cagliarikikkomontisci MEMORIAL KIKKO MONTISCI 2016-04-24
INSERT INTO `meetings` (`id`, `description`, `entry_deadline`, `has_warm_up_pool`, `is_under_25_admitted`, `reference_phone`, `reference_e_mail`, `reference_name`, `notes`, `has_invitation`, `has_start_list`, `are_results_acquired`, `max_individual_events`, `configuration_file`, `edition`, `season_id`, `user_id`, `created_at`, `updated_at`, `is_autofilled`, `header_date`, `code`, `header_year`, `max_individual_events_per_session`, `is_out_of_season`, `edition_type_id`, `timing_type_id`, `individual_score_computation_type_id`, `relay_score_computation_type_id`, `team_score_computation_type_id`, `meeting_score_computation_type_id`, `invitation`, `is_confirmed`)
  VALUES (16318, 'MEMORIAL KIKKO MONTISCI', NULL, 0, 1, NULL, NULL, NULL, 'Dolphin - Delfino Asd', 0, 0, 0, 2, '?', 5, 162, 2, '2016-10-28 14:53:56', '2016-10-28 14:53:56', 1, '2017-04-23', 'cagliarikikkomontisci', '2017', 0, 0, 2, 3, 1, 1, 12, 1, NULL, 0);
INSERT INTO `meeting_sessions` (`id`, `session_order`, `scheduled_date`, `warm_up_time`, `begin_time`, `notes`, `meeting_id`, `swimming_pool_id`, `user_id`, `created_at`, `updated_at`, `description`, `is_autofilled`, `day_part_type_id`)
  VALUES (2131, 1, '2017-04-23', '2000-01-01 00:00:00', '2000-01-01 00:00:00', '', 16318, 157, 2, '2016-10-28 14:53:56', '2016-10-28 14:53:56', 'FINALI', 1, 1);
INSERT INTO `meeting_events` (`id`, `created_at`, `updated_at`, `event_order`, `begin_time`, `is_out_of_race`, `is_autofilled`, `notes`, `meeting_session_id`, `event_type_id`, `heat_type_id`, `user_id`, `has_separate_gender_start_list`, `has_separate_category_start_list`)
  VALUES (11129, '2016-10-28 14:53:56', '2016-10-28 14:53:56', 1, '2000-01-01 08:02:00', 0, 1, NULL, 2131, 22, 3, 1, 1, 0);
INSERT INTO `meeting_events` (`id`, `created_at`, `updated_at`, `event_order`, `begin_time`, `is_out_of_race`, `is_autofilled`, `notes`, `meeting_session_id`, `event_type_id`, `heat_type_id`, `user_id`, `has_separate_gender_start_list`, `has_separate_category_start_list`)
  VALUES (11130, '2016-10-28 14:53:56', '2016-10-28 14:53:56', 2, '2000-01-01 08:32:00', 0, 1, NULL, 2131, 15, 3, 1, 1, 0);
INSERT INTO `meeting_events` (`id`, `created_at`, `updated_at`, `event_order`, `begin_time`, `is_out_of_race`, `is_autofilled`, `notes`, `meeting_session_id`, `event_type_id`, `heat_type_id`, `user_id`, `has_separate_gender_start_list`, `has_separate_category_start_list`)
  VALUES (11131, '2016-10-28 14:53:56', '2016-10-28 14:53:56', 3, '2000-01-01 09:06:00', 0, 1, NULL, 2131, 11, 3, 1, 1, 0);
INSERT INTO `meeting_events` (`id`, `created_at`, `updated_at`, `event_order`, `begin_time`, `is_out_of_race`, `is_autofilled`, `notes`, `meeting_session_id`, `event_type_id`, `heat_type_id`, `user_id`, `has_separate_gender_start_list`, `has_separate_category_start_list`)
  VALUES (11132, '2016-10-28 14:53:56', '2016-10-28 14:53:56', 4, '2000-01-01 09:44:00', 0, 1, NULL, 2131, 19, 3, 1, 1, 0);
INSERT INTO `meeting_events` (`id`, `created_at`, `updated_at`, `event_order`, `begin_time`, `is_out_of_race`, `is_autofilled`, `notes`, `meeting_session_id`, `event_type_id`, `heat_type_id`, `user_id`, `has_separate_gender_start_list`, `has_separate_category_start_list`)
  VALUES (11133, '2016-10-28 14:53:56', '2016-10-28 14:53:56', 5, '2000-01-01 10:26:00', 0, 1, NULL, 2131, 2, 3, 1, 1, 0);
INSERT INTO `meeting_events` (`id`, `created_at`, `updated_at`, `event_order`, `begin_time`, `is_out_of_race`, `is_autofilled`, `notes`, `meeting_session_id`, `event_type_id`, `heat_type_id`, `user_id`, `has_separate_gender_start_list`, `has_separate_category_start_list`)
  VALUES (11134, '2016-10-28 14:53:56', '2016-10-28 14:53:56', 6, '2000-01-01 11:10:30', 0, 1, NULL, 2131, 25, 3, 1, 1, 0);

-- 15320-romaacqaniene TROFEO ACQANIENE 2016-04-23
INSERT INTO `meetings` (`id`, `description`, `entry_deadline`, `has_warm_up_pool`, `is_under_25_admitted`, `reference_phone`, `reference_e_mail`, `reference_name`, `notes`, `has_invitation`, `has_start_list`, `are_results_acquired`, `max_individual_events`, `configuration_file`, `edition`, `season_id`, `user_id`, `created_at`, `updated_at`, `is_autofilled`, `header_date`, `code`, `header_year`, `max_individual_events_per_session`, `is_out_of_season`, `edition_type_id`, `timing_type_id`, `individual_score_computation_type_id`, `relay_score_computation_type_id`, `team_score_computation_type_id`, `meeting_score_computation_type_id`, `invitation`, `is_confirmed`)
  VALUES (16320, 'TROFEO ACQANIENE', NULL, 0, 1, NULL, NULL, NULL, 'Circolo Canottieri Aniene', 0, 0, 0, 2, '?', 5, 162, 2, '2016-10-28 14:53:56', '2016-10-28 14:53:56', 1, '2017-04-22', 'romaacqaniene', '2017', 0, 0, 2, 3, 1, 1, 12, 1, NULL, 0);
INSERT INTO `meeting_sessions` (`id`, `session_order`, `scheduled_date`, `warm_up_time`, `begin_time`, `notes`, `meeting_id`, `swimming_pool_id`, `user_id`, `created_at`, `updated_at`, `description`, `is_autofilled`, `day_part_type_id`)
  VALUES (2132, 1, '2017-04-22', '2000-01-01 00:00:00', '2000-01-01 00:00:00', '', 16320, 178, 2, '2016-10-28 14:53:56', '2016-10-28 14:53:56', 'FINALI', 1, 2);
INSERT INTO `meeting_events` (`id`, `created_at`, `updated_at`, `event_order`, `begin_time`, `is_out_of_race`, `is_autofilled`, `notes`, `meeting_session_id`, `event_type_id`, `heat_type_id`, `user_id`, `has_separate_gender_start_list`, `has_separate_category_start_list`)
  VALUES (11135, '2016-10-28 14:53:56', '2016-10-28 14:53:56', 1, '2000-01-01 08:06:00', 0, 1, NULL, 2132, 3, 3, 1, 1, 0);
INSERT INTO `meeting_events` (`id`, `created_at`, `updated_at`, `event_order`, `begin_time`, `is_out_of_race`, `is_autofilled`, `notes`, `meeting_session_id`, `event_type_id`, `heat_type_id`, `user_id`, `has_separate_gender_start_list`, `has_separate_category_start_list`)
  VALUES (11136, '2016-10-28 14:53:56', '2016-10-28 14:53:56', 2, '2000-01-01 08:50:00', 0, 1, NULL, 2132, 17, 3, 1, 1, 0);
INSERT INTO `meeting_events` (`id`, `created_at`, `updated_at`, `event_order`, `begin_time`, `is_out_of_race`, `is_autofilled`, `notes`, `meeting_session_id`, `event_type_id`, `heat_type_id`, `user_id`, `has_separate_gender_start_list`, `has_separate_category_start_list`)
  VALUES (11137, '2016-10-28 14:53:56', '2016-10-28 14:53:56', 3, '2000-01-01 09:22:00', 0, 1, NULL, 2132, 13, 3, 1, 1, 0);
INSERT INTO `meeting_events` (`id`, `created_at`, `updated_at`, `event_order`, `begin_time`, `is_out_of_race`, `is_autofilled`, `notes`, `meeting_session_id`, `event_type_id`, `heat_type_id`, `user_id`, `has_separate_gender_start_list`, `has_separate_category_start_list`)
  VALUES (11138, '2016-10-28 14:53:56', '2016-10-28 14:53:56', 4, '2000-01-01 09:52:00', 0, 1, NULL, 2132, 21, 3, 1, 1, 0);
INSERT INTO `meeting_events` (`id`, `created_at`, `updated_at`, `event_order`, `begin_time`, `is_out_of_race`, `is_autofilled`, `notes`, `meeting_session_id`, `event_type_id`, `heat_type_id`, `user_id`, `has_separate_gender_start_list`, `has_separate_category_start_list`)
  VALUES (11139, '2016-10-28 14:53:56', '2016-10-28 14:53:56', 5, '2000-01-01 10:28:00', 0, 1, NULL, 2132, 4, 3, 1, 1, 0);
INSERT INTO `meeting_events` (`id`, `created_at`, `updated_at`, `event_order`, `begin_time`, `is_out_of_race`, `is_autofilled`, `notes`, `meeting_session_id`, `event_type_id`, `heat_type_id`, `user_id`, `has_separate_gender_start_list`, `has_separate_category_start_list`)
  VALUES (11140, '2016-10-28 14:53:56', '2016-10-28 14:53:56', 6, '2000-01-01 11:08:00', 0, 1, NULL, 2132, 5, 3, 1, 1, 0);
INSERT INTO `meeting_events` (`id`, `created_at`, `updated_at`, `event_order`, `begin_time`, `is_out_of_race`, `is_autofilled`, `notes`, `meeting_session_id`, `event_type_id`, `heat_type_id`, `user_id`, `has_separate_gender_start_list`, `has_separate_category_start_list`)
  VALUES (11141, '2016-10-28 14:53:56', '2016-10-28 14:53:56', 7, '2000-01-01 11:50:00', 0, 1, NULL, 2132, 15, 3, 1, 1, 0);
INSERT INTO `meeting_events` (`id`, `created_at`, `updated_at`, `event_order`, `begin_time`, `is_out_of_race`, `is_autofilled`, `notes`, `meeting_session_id`, `event_type_id`, `heat_type_id`, `user_id`, `has_separate_gender_start_list`, `has_separate_category_start_list`)
  VALUES (11142, '2016-10-28 14:53:56', '2016-10-28 14:53:56', 8, '2000-01-01 12:34:00', 0, 1, NULL, 2132, 11, 3, 1, 1, 0);
INSERT INTO `meeting_events` (`id`, `created_at`, `updated_at`, `event_order`, `begin_time`, `is_out_of_race`, `is_autofilled`, `notes`, `meeting_session_id`, `event_type_id`, `heat_type_id`, `user_id`, `has_separate_gender_start_list`, `has_separate_category_start_list`)
  VALUES (11143, '2016-10-28 14:53:56', '2016-10-28 14:53:56', 9, '2000-01-01 13:14:00', 0, 1, NULL, 2132, 19, 3, 1, 1, 0);
INSERT INTO `meeting_events` (`id`, `created_at`, `updated_at`, `event_order`, `begin_time`, `is_out_of_race`, `is_autofilled`, `notes`, `meeting_session_id`, `event_type_id`, `heat_type_id`, `user_id`, `has_separate_gender_start_list`, `has_separate_category_start_list`)
  VALUES (11144, '2016-10-28 14:53:56', '2016-10-28 14:53:56', 10, '2000-01-01 13:58:00', 0, 1, NULL, 2132, 2, 3, 1, 1, 0);
INSERT INTO `meeting_sessions` (`id`, `session_order`, `scheduled_date`, `warm_up_time`, `begin_time`, `notes`, `meeting_id`, `swimming_pool_id`, `user_id`, `created_at`, `updated_at`, `description`, `is_autofilled`, `day_part_type_id`)
  VALUES (2133, 2, '2017-04-23', '2000-01-01 00:00:00', '2000-01-01 00:00:00', '', 16320, 178, 2, '2016-10-28 14:53:56', '2016-10-28 14:53:56', 'FINALI', 1, 1);

-- 15321-civitanovamarche TROFEO CITT DI CIVITANOVA MARCHE 2016-04-17
INSERT INTO `meetings` (`id`, `description`, `entry_deadline`, `has_warm_up_pool`, `is_under_25_admitted`, `reference_phone`, `reference_e_mail`, `reference_name`, `notes`, `has_invitation`, `has_start_list`, `are_results_acquired`, `max_individual_events`, `configuration_file`, `edition`, `season_id`, `user_id`, `created_at`, `updated_at`, `is_autofilled`, `header_date`, `code`, `header_year`, `max_individual_events_per_session`, `is_out_of_season`, `edition_type_id`, `timing_type_id`, `individual_score_computation_type_id`, `relay_score_computation_type_id`, `team_score_computation_type_id`, `meeting_score_computation_type_id`, `invitation`, `is_confirmed`)
  VALUES (16321, 'TROFEO CITT DI CIVITANOVA MARCHE', NULL, 0, 1, NULL, NULL, NULL, 'Il Grillo Soc. Coop. S.D.', 0, 0, 0, 2, '?', 4, 162, 2, '2016-10-28 14:53:56', '2016-10-28 14:53:56', 1, '2017-04-16', 'civitanovamarche', '2017', 0, 0, 2, 3, 1, 1, 12, 1, NULL, 0);
INSERT INTO `meeting_sessions` (`id`, `session_order`, `scheduled_date`, `warm_up_time`, `begin_time`, `notes`, `meeting_id`, `swimming_pool_id`, `user_id`, `created_at`, `updated_at`, `description`, `is_autofilled`, `day_part_type_id`)
  VALUES (2134, 1, '2017-04-16', '2000-01-01 00:00:00', '2000-01-01 00:00:00', '', 16321, 150, 2, '2016-10-28 14:53:56', '2016-10-28 14:53:56', 'FINALI', 1, 2);
INSERT INTO `meeting_events` (`id`, `created_at`, `updated_at`, `event_order`, `begin_time`, `is_out_of_race`, `is_autofilled`, `notes`, `meeting_session_id`, `event_type_id`, `heat_type_id`, `user_id`, `has_separate_gender_start_list`, `has_separate_category_start_list`)
  VALUES (11145, '2016-10-28 14:53:56', '2016-10-28 14:53:56', 1, '2000-01-01 08:02:00', 0, 1, NULL, 2134, 16, 3, 1, 1, 0);
INSERT INTO `meeting_events` (`id`, `created_at`, `updated_at`, `event_order`, `begin_time`, `is_out_of_race`, `is_autofilled`, `notes`, `meeting_session_id`, `event_type_id`, `heat_type_id`, `user_id`, `has_separate_gender_start_list`, `has_separate_category_start_list`)
  VALUES (11146, '2016-10-28 14:53:56', '2016-10-28 14:53:56', 2, '2000-01-01 08:28:00', 0, 1, NULL, 2134, 12, 3, 1, 1, 0);
INSERT INTO `meeting_events` (`id`, `created_at`, `updated_at`, `event_order`, `begin_time`, `is_out_of_race`, `is_autofilled`, `notes`, `meeting_session_id`, `event_type_id`, `heat_type_id`, `user_id`, `has_separate_gender_start_list`, `has_separate_category_start_list`)
  VALUES (11147, '2016-10-28 14:53:56', '2016-10-28 14:53:56', 3, '2000-01-01 08:48:00', 0, 1, NULL, 2134, 22, 3, 1, 1, 0);
INSERT INTO `meeting_events` (`id`, `created_at`, `updated_at`, `event_order`, `begin_time`, `is_out_of_race`, `is_autofilled`, `notes`, `meeting_session_id`, `event_type_id`, `heat_type_id`, `user_id`, `has_separate_gender_start_list`, `has_separate_category_start_list`)
  VALUES (11148, '2016-10-28 14:53:56', '2016-10-28 14:53:56', 4, '2000-01-01 09:22:00', 0, 1, NULL, 2134, 20, 3, 1, 1, 0);
INSERT INTO `meeting_events` (`id`, `created_at`, `updated_at`, `event_order`, `begin_time`, `is_out_of_race`, `is_autofilled`, `notes`, `meeting_session_id`, `event_type_id`, `heat_type_id`, `user_id`, `has_separate_gender_start_list`, `has_separate_category_start_list`)
  VALUES (11149, '2016-10-28 14:53:56', '2016-10-28 14:53:56', 5, '2000-01-01 09:48:00', 0, 1, NULL, 2134, 3, 3, 1, 1, 0);
INSERT INTO `meeting_events` (`id`, `created_at`, `updated_at`, `event_order`, `begin_time`, `is_out_of_race`, `is_autofilled`, `notes`, `meeting_session_id`, `event_type_id`, `heat_type_id`, `user_id`, `has_separate_gender_start_list`, `has_separate_category_start_list`)
  VALUES (11150, '2016-10-28 14:53:56', '2016-10-28 14:53:56', 6, '2000-01-01 10:16:00', 0, 1, NULL, 2134, 4, 3, 1, 1, 0);
INSERT INTO `meeting_events` (`id`, `created_at`, `updated_at`, `event_order`, `begin_time`, `is_out_of_race`, `is_autofilled`, `notes`, `meeting_session_id`, `event_type_id`, `heat_type_id`, `user_id`, `has_separate_gender_start_list`, `has_separate_category_start_list`)
  VALUES (11151, '2016-10-28 14:53:56', '2016-10-28 14:53:56', 7, '2000-01-01 10:46:00', 0, 1, NULL, 2134, 5, 3, 1, 1, 0);
INSERT INTO `meeting_events` (`id`, `created_at`, `updated_at`, `event_order`, `begin_time`, `is_out_of_race`, `is_autofilled`, `notes`, `meeting_session_id`, `event_type_id`, `heat_type_id`, `user_id`, `has_separate_gender_start_list`, `has_separate_category_start_list`)
  VALUES (11152, '2016-10-28 14:53:56', '2016-10-28 14:53:56', 8, '2000-01-01 11:20:00', 0, 1, NULL, 2134, 15, 3, 1, 1, 0);
INSERT INTO `meeting_events` (`id`, `created_at`, `updated_at`, `event_order`, `begin_time`, `is_out_of_race`, `is_autofilled`, `notes`, `meeting_session_id`, `event_type_id`, `heat_type_id`, `user_id`, `has_separate_gender_start_list`, `has_separate_category_start_list`)
  VALUES (11153, '2016-10-28 14:53:57', '2016-10-28 14:53:57', 9, '2000-01-01 11:46:00', 0, 1, NULL, 2134, 11, 3, 1, 1, 0);
INSERT INTO `meeting_events` (`id`, `created_at`, `updated_at`, `event_order`, `begin_time`, `is_out_of_race`, `is_autofilled`, `notes`, `meeting_session_id`, `event_type_id`, `heat_type_id`, `user_id`, `has_separate_gender_start_list`, `has_separate_category_start_list`)
  VALUES (11154, '2016-10-28 14:53:57', '2016-10-28 14:53:57', 10, '2000-01-01 12:12:00', 0, 1, NULL, 2134, 19, 3, 1, 1, 0);
INSERT INTO `meeting_events` (`id`, `created_at`, `updated_at`, `event_order`, `begin_time`, `is_out_of_race`, `is_autofilled`, `notes`, `meeting_session_id`, `event_type_id`, `heat_type_id`, `user_id`, `has_separate_gender_start_list`, `has_separate_category_start_list`)
  VALUES (11155, '2016-10-28 14:53:57', '2016-10-28 14:53:57', 11, '2000-01-01 12:44:00', 0, 1, NULL, 2134, 2, 3, 1, 1, 0);
INSERT INTO `meeting_events` (`id`, `created_at`, `updated_at`, `event_order`, `begin_time`, `is_out_of_race`, `is_autofilled`, `notes`, `meeting_session_id`, `event_type_id`, `heat_type_id`, `user_id`, `has_separate_gender_start_list`, `has_separate_category_start_list`)
  VALUES (11156, '2016-10-28 14:53:57', '2016-10-28 14:53:57', 12, '2000-01-01 13:16:30', 0, 1, NULL, 2134, 26, 3, 1, 1, 0);
INSERT INTO `meeting_events` (`id`, `created_at`, `updated_at`, `event_order`, `begin_time`, `is_out_of_race`, `is_autofilled`, `notes`, `meeting_session_id`, `event_type_id`, `heat_type_id`, `user_id`, `has_separate_gender_start_list`, `has_separate_category_start_list`)
  VALUES (11157, '2016-10-28 14:53:57', '2016-10-28 14:53:57', 13, '2000-01-01 13:13:30', 0, 1, NULL, 2134, 25, 3, 1, 1, 0);
INSERT INTO `meeting_sessions` (`id`, `session_order`, `scheduled_date`, `warm_up_time`, `begin_time`, `notes`, `meeting_id`, `swimming_pool_id`, `user_id`, `created_at`, `updated_at`, `description`, `is_autofilled`, `day_part_type_id`)
  VALUES (2135, 2, '2017-04-17', '2000-01-01 00:00:00', '2000-01-01 00:00:00', '', 16321, 150, 2, '2016-10-28 14:53:57', '2016-10-28 14:53:57', 'FINALI', 1, 1);

-- 15322-massarosagiovanniciuffrida MEMORIAL GIOVANNI CIUFFRIDA 2016-04-24
INSERT INTO `meetings` (`id`, `description`, `entry_deadline`, `has_warm_up_pool`, `is_under_25_admitted`, `reference_phone`, `reference_e_mail`, `reference_name`, `notes`, `has_invitation`, `has_start_list`, `are_results_acquired`, `max_individual_events`, `configuration_file`, `edition`, `season_id`, `user_id`, `created_at`, `updated_at`, `is_autofilled`, `header_date`, `code`, `header_year`, `max_individual_events_per_session`, `is_out_of_season`, `edition_type_id`, `timing_type_id`, `individual_score_computation_type_id`, `relay_score_computation_type_id`, `team_score_computation_type_id`, `meeting_score_computation_type_id`, `invitation`, `is_confirmed`)
  VALUES (16322, 'MEMORIAL GIOVANNI CIUFFRIDA', NULL, 0, 1, NULL, NULL, NULL, NULL, 0, 0, 0, 2, '?', 17, 162, 2, '2016-10-28 14:53:57', '2016-10-28 14:53:57', 1, '2017-04-23', 'massarosagiovanniciuffrida', '2017', 0, 0, 2, 3, 1, 1, 12, 1, NULL, 0);
INSERT INTO `meeting_sessions` (`id`, `session_order`, `scheduled_date`, `warm_up_time`, `begin_time`, `notes`, `meeting_id`, `swimming_pool_id`, `user_id`, `created_at`, `updated_at`, `description`, `is_autofilled`, `day_part_type_id`)
  VALUES (2136, 1, '2017-04-23', '2000-01-01 00:00:00', '2000-01-01 00:00:00', '', 16322, 81, 2, '2016-10-28 14:53:57', '2016-10-28 14:53:57', 'FINALI', 1, 1);
INSERT INTO `meeting_sessions` (`id`, `session_order`, `scheduled_date`, `warm_up_time`, `begin_time`, `notes`, `meeting_id`, `swimming_pool_id`, `user_id`, `created_at`, `updated_at`, `description`, `is_autofilled`, `day_part_type_id`)
  VALUES (2137, 2, '2017-04-23', '2000-01-01 00:00:00', '2000-01-01 00:00:00', '', 16322, 81, 2, '2016-10-28 14:53:57', '2016-10-28 14:53:57', 'FINALI', 1, 2);

-- 15324-bustogarolfo TROFEO DELLA CITT 2016-04-29
INSERT INTO `meetings` (`id`, `description`, `entry_deadline`, `has_warm_up_pool`, `is_under_25_admitted`, `reference_phone`, `reference_e_mail`, `reference_name`, `notes`, `has_invitation`, `has_start_list`, `are_results_acquired`, `max_individual_events`, `configuration_file`, `edition`, `season_id`, `user_id`, `created_at`, `updated_at`, `is_autofilled`, `header_date`, `code`, `header_year`, `max_individual_events_per_session`, `is_out_of_season`, `edition_type_id`, `timing_type_id`, `individual_score_computation_type_id`, `relay_score_computation_type_id`, `team_score_computation_type_id`, `meeting_score_computation_type_id`, `invitation`, `is_confirmed`)
  VALUES (16324, 'TROFEO DELLA CITT', NULL, 0, 1, NULL, NULL, NULL, 'Lombardia Nuoto', 0, 0, 0, 2, '?', 4, 162, 2, '2016-10-28 14:53:57', '2016-10-28 14:53:57', 1, '2017-04-28', 'bustogarolfo', '2017', 0, 0, 2, 3, 1, 1, 12, 1, NULL, 0);
INSERT INTO `meeting_sessions` (`id`, `session_order`, `scheduled_date`, `warm_up_time`, `begin_time`, `notes`, `meeting_id`, `swimming_pool_id`, `user_id`, `created_at`, `updated_at`, `description`, `is_autofilled`, `day_part_type_id`)
  VALUES (2138, 1, '2017-04-28', '2000-01-01 00:00:00', '2000-01-01 00:00:00', '', 16324, 132, 2, '2016-10-28 14:53:57', '2016-10-28 14:53:57', 'FINALI', 1, 1);
INSERT INTO `meeting_events` (`id`, `created_at`, `updated_at`, `event_order`, `begin_time`, `is_out_of_race`, `is_autofilled`, `notes`, `meeting_session_id`, `event_type_id`, `heat_type_id`, `user_id`, `has_separate_gender_start_list`, `has_separate_category_start_list`)
  VALUES (11158, '2016-10-28 14:53:57', '2016-10-28 14:53:57', 1, '2000-01-01 08:02:00', 0, 1, NULL, 2138, 16, 3, 1, 1, 0);
INSERT INTO `meeting_events` (`id`, `created_at`, `updated_at`, `event_order`, `begin_time`, `is_out_of_race`, `is_autofilled`, `notes`, `meeting_session_id`, `event_type_id`, `heat_type_id`, `user_id`, `has_separate_gender_start_list`, `has_separate_category_start_list`)
  VALUES (11159, '2016-10-28 14:53:57', '2016-10-28 14:53:57', 2, '2000-01-01 08:34:00', 0, 1, NULL, 2138, 12, 3, 1, 1, 0);
INSERT INTO `meeting_events` (`id`, `created_at`, `updated_at`, `event_order`, `begin_time`, `is_out_of_race`, `is_autofilled`, `notes`, `meeting_session_id`, `event_type_id`, `heat_type_id`, `user_id`, `has_separate_gender_start_list`, `has_separate_category_start_list`)
  VALUES (11160, '2016-10-28 14:53:57', '2016-10-28 14:53:57', 3, '2000-01-01 09:02:00', 0, 1, NULL, 2138, 20, 3, 1, 1, 0);
INSERT INTO `meeting_events` (`id`, `created_at`, `updated_at`, `event_order`, `begin_time`, `is_out_of_race`, `is_autofilled`, `notes`, `meeting_session_id`, `event_type_id`, `heat_type_id`, `user_id`, `has_separate_gender_start_list`, `has_separate_category_start_list`)
  VALUES (11161, '2016-10-28 14:53:57', '2016-10-28 14:53:57', 4, '2000-01-01 09:34:00', 0, 1, NULL, 2138, 3, 3, 1, 1, 0);
INSERT INTO `meeting_events` (`id`, `created_at`, `updated_at`, `event_order`, `begin_time`, `is_out_of_race`, `is_autofilled`, `notes`, `meeting_session_id`, `event_type_id`, `heat_type_id`, `user_id`, `has_separate_gender_start_list`, `has_separate_category_start_list`)
  VALUES (11162, '2016-10-28 14:53:57', '2016-10-28 14:53:57', 5, '2000-01-01 10:10:00', 0, 1, NULL, 2138, 23, 3, 1, 1, 0);
INSERT INTO `meeting_events` (`id`, `created_at`, `updated_at`, `event_order`, `begin_time`, `is_out_of_race`, `is_autofilled`, `notes`, `meeting_session_id`, `event_type_id`, `heat_type_id`, `user_id`, `has_separate_gender_start_list`, `has_separate_category_start_list`)
  VALUES (11163, '2016-10-28 14:53:57', '2016-10-28 14:53:57', 6, '2000-01-01 10:32:00', 0, 1, NULL, 2138, 5, 3, 1, 1, 0);
INSERT INTO `meeting_events` (`id`, `created_at`, `updated_at`, `event_order`, `begin_time`, `is_out_of_race`, `is_autofilled`, `notes`, `meeting_session_id`, `event_type_id`, `heat_type_id`, `user_id`, `has_separate_gender_start_list`, `has_separate_category_start_list`)
  VALUES (11164, '2016-10-28 14:53:57', '2016-10-28 14:53:57', 7, '2000-01-01 11:08:00', 0, 1, NULL, 2138, 15, 3, 1, 1, 0);
INSERT INTO `meeting_events` (`id`, `created_at`, `updated_at`, `event_order`, `begin_time`, `is_out_of_race`, `is_autofilled`, `notes`, `meeting_session_id`, `event_type_id`, `heat_type_id`, `user_id`, `has_separate_gender_start_list`, `has_separate_category_start_list`)
  VALUES (11165, '2016-10-28 14:53:57', '2016-10-28 14:53:57', 8, '2000-01-01 11:42:00', 0, 1, NULL, 2138, 11, 3, 1, 1, 0);
INSERT INTO `meeting_events` (`id`, `created_at`, `updated_at`, `event_order`, `begin_time`, `is_out_of_race`, `is_autofilled`, `notes`, `meeting_session_id`, `event_type_id`, `heat_type_id`, `user_id`, `has_separate_gender_start_list`, `has_separate_category_start_list`)
  VALUES (11166, '2016-10-28 14:53:57', '2016-10-28 14:53:57', 9, '2000-01-01 12:22:00', 0, 1, NULL, 2138, 19, 3, 1, 1, 0);
INSERT INTO `meeting_events` (`id`, `created_at`, `updated_at`, `event_order`, `begin_time`, `is_out_of_race`, `is_autofilled`, `notes`, `meeting_session_id`, `event_type_id`, `heat_type_id`, `user_id`, `has_separate_gender_start_list`, `has_separate_category_start_list`)
  VALUES (11167, '2016-10-28 14:53:57', '2016-10-28 14:53:57', 10, '2000-01-01 13:00:00', 0, 1, NULL, 2138, 2, 3, 1, 1, 0);

-- 15325-bastiaumbra TROFEO DELLA CITT 2016-05-01
INSERT INTO `meetings` (`id`, `description`, `entry_deadline`, `has_warm_up_pool`, `is_under_25_admitted`, `reference_phone`, `reference_e_mail`, `reference_name`, `notes`, `has_invitation`, `has_start_list`, `are_results_acquired`, `max_individual_events`, `configuration_file`, `edition`, `season_id`, `user_id`, `created_at`, `updated_at`, `is_autofilled`, `header_date`, `code`, `header_year`, `max_individual_events_per_session`, `is_out_of_season`, `edition_type_id`, `timing_type_id`, `individual_score_computation_type_id`, `relay_score_computation_type_id`, `team_score_computation_type_id`, `meeting_score_computation_type_id`, `invitation`, `is_confirmed`)
  VALUES (16325, 'TROFEO DELLA CITT', NULL, 0, 1, NULL, NULL, NULL, 'CN Bastia', 0, 0, 0, 2, '?', 12, 162, 2, '2016-10-28 14:53:57', '2016-10-28 14:53:57', 1, '2017-04-30', 'bastiaumbra', '2017', 0, 0, 2, 3, 1, 1, 12, 1, NULL, 0);
INSERT INTO `meeting_sessions` (`id`, `session_order`, `scheduled_date`, `warm_up_time`, `begin_time`, `notes`, `meeting_id`, `swimming_pool_id`, `user_id`, `created_at`, `updated_at`, `description`, `is_autofilled`, `day_part_type_id`)
  VALUES (2139, 1, '2017-04-30', '2000-01-01 00:00:00', '2000-01-01 00:00:00', '', 16325, 113, 2, '2016-10-28 14:53:57', '2016-10-28 14:53:57', 'FINALI', 1, 2);
INSERT INTO `meeting_events` (`id`, `created_at`, `updated_at`, `event_order`, `begin_time`, `is_out_of_race`, `is_autofilled`, `notes`, `meeting_session_id`, `event_type_id`, `heat_type_id`, `user_id`, `has_separate_gender_start_list`, `has_separate_category_start_list`)
  VALUES (11168, '2016-10-28 14:53:57', '2016-10-28 14:53:57', 2, '2000-01-01 08:16:00', 0, 1, NULL, 2139, 22, 3, 1, 1, 0);
INSERT INTO `meeting_events` (`id`, `created_at`, `updated_at`, `event_order`, `begin_time`, `is_out_of_race`, `is_autofilled`, `notes`, `meeting_session_id`, `event_type_id`, `heat_type_id`, `user_id`, `has_separate_gender_start_list`, `has_separate_category_start_list`)
  VALUES (11169, '2016-10-28 14:53:57', '2016-10-28 14:53:57', 3, '2000-01-01 08:46:00', 0, 1, NULL, 2139, 3, 3, 1, 1, 0);
INSERT INTO `meeting_events` (`id`, `created_at`, `updated_at`, `event_order`, `begin_time`, `is_out_of_race`, `is_autofilled`, `notes`, `meeting_session_id`, `event_type_id`, `heat_type_id`, `user_id`, `has_separate_gender_start_list`, `has_separate_category_start_list`)
  VALUES (11170, '2016-10-28 14:53:57', '2016-10-28 14:53:57', 4, '2000-01-01 09:26:00', 0, 1, NULL, 2139, 13, 3, 1, 1, 0);
INSERT INTO `meeting_events` (`id`, `created_at`, `updated_at`, `event_order`, `begin_time`, `is_out_of_race`, `is_autofilled`, `notes`, `meeting_session_id`, `event_type_id`, `heat_type_id`, `user_id`, `has_separate_gender_start_list`, `has_separate_category_start_list`)
  VALUES (11171, '2016-10-28 14:53:57', '2016-10-28 14:53:57', 5, '2000-01-01 09:44:00', 0, 1, NULL, 2139, 23, 3, 1, 1, 0);
INSERT INTO `meeting_events` (`id`, `created_at`, `updated_at`, `event_order`, `begin_time`, `is_out_of_race`, `is_autofilled`, `notes`, `meeting_session_id`, `event_type_id`, `heat_type_id`, `user_id`, `has_separate_gender_start_list`, `has_separate_category_start_list`)
  VALUES (11172, '2016-10-28 14:53:57', '2016-10-28 14:53:57', 6, '2000-01-01 10:00:00', 0, 1, NULL, 2139, 21, 3, 1, 1, 0);
INSERT INTO `meeting_events` (`id`, `created_at`, `updated_at`, `event_order`, `begin_time`, `is_out_of_race`, `is_autofilled`, `notes`, `meeting_session_id`, `event_type_id`, `heat_type_id`, `user_id`, `has_separate_gender_start_list`, `has_separate_category_start_list`)
  VALUES (11173, '2016-10-28 14:53:57', '2016-10-28 14:53:57', 8, '2000-01-01 10:56:00', 0, 1, NULL, 2139, 15, 3, 1, 1, 0);
INSERT INTO `meeting_events` (`id`, `created_at`, `updated_at`, `event_order`, `begin_time`, `is_out_of_race`, `is_autofilled`, `notes`, `meeting_session_id`, `event_type_id`, `heat_type_id`, `user_id`, `has_separate_gender_start_list`, `has_separate_category_start_list`)
  VALUES (11174, '2016-10-28 14:53:57', '2016-10-28 14:53:57', 9, '2000-01-01 11:22:00', 0, 1, NULL, 2139, 11, 3, 1, 1, 0);
INSERT INTO `meeting_events` (`id`, `created_at`, `updated_at`, `event_order`, `begin_time`, `is_out_of_race`, `is_autofilled`, `notes`, `meeting_session_id`, `event_type_id`, `heat_type_id`, `user_id`, `has_separate_gender_start_list`, `has_separate_category_start_list`)
  VALUES (11175, '2016-10-28 14:53:57', '2016-10-28 14:53:57', 10, '2000-01-01 11:54:00', 0, 1, NULL, 2139, 19, 3, 1, 1, 0);
INSERT INTO `meeting_events` (`id`, `created_at`, `updated_at`, `event_order`, `begin_time`, `is_out_of_race`, `is_autofilled`, `notes`, `meeting_session_id`, `event_type_id`, `heat_type_id`, `user_id`, `has_separate_gender_start_list`, `has_separate_category_start_list`)
  VALUES (11176, '2016-10-28 14:53:57', '2016-10-28 14:53:57', 11, '2000-01-01 12:26:00', 0, 1, NULL, 2139, 2, 3, 1, 1, 0);
INSERT INTO `meeting_events` (`id`, `created_at`, `updated_at`, `event_order`, `begin_time`, `is_out_of_race`, `is_autofilled`, `notes`, `meeting_session_id`, `event_type_id`, `heat_type_id`, `user_id`, `has_separate_gender_start_list`, `has_separate_category_start_list`)
  VALUES (11177, '2016-10-28 14:53:57', '2016-10-28 14:53:57', 13, '2000-01-01 13:50:35', 0, 1, NULL, 2139, 33, 3, 1, 1, 0);
INSERT INTO `meeting_events` (`id`, `created_at`, `updated_at`, `event_order`, `begin_time`, `is_out_of_race`, `is_autofilled`, `notes`, `meeting_session_id`, `event_type_id`, `heat_type_id`, `user_id`, `has_separate_gender_start_list`, `has_separate_category_start_list`)
  VALUES (11178, '2016-10-28 14:53:57', '2016-10-28 14:53:57', 14, '2000-01-01 14:13:35', 0, 1, NULL, 2139, 29, 3, 1, 1, 0);
INSERT INTO `meeting_events` (`id`, `created_at`, `updated_at`, `event_order`, `begin_time`, `is_out_of_race`, `is_autofilled`, `notes`, `meeting_session_id`, `event_type_id`, `heat_type_id`, `user_id`, `has_separate_gender_start_list`, `has_separate_category_start_list`)
  VALUES (11179, '2016-10-28 14:53:57', '2016-10-28 14:53:57', 15, '2000-01-01 08:02:00', 0, 1, NULL, 2139, 12, 3, 1, 1, 0);
INSERT INTO `meeting_events` (`id`, `created_at`, `updated_at`, `event_order`, `begin_time`, `is_out_of_race`, `is_autofilled`, `notes`, `meeting_session_id`, `event_type_id`, `heat_type_id`, `user_id`, `has_separate_gender_start_list`, `has_separate_category_start_list`)
  VALUES (11180, '2016-10-28 14:53:57', '2016-10-28 14:53:57', 16, '2000-01-01 09:48:00', 0, 1, NULL, 2139, 17, 3, 1, 1, 0);
INSERT INTO `meeting_events` (`id`, `created_at`, `updated_at`, `event_order`, `begin_time`, `is_out_of_race`, `is_autofilled`, `notes`, `meeting_session_id`, `event_type_id`, `heat_type_id`, `user_id`, `has_separate_gender_start_list`, `has_separate_category_start_list`)
  VALUES (11181, '2016-10-28 14:53:57', '2016-10-28 14:53:57', 17, '2000-01-01 11:28:00', 0, 1, NULL, 2139, 5, 3, 1, 1, 0);
INSERT INTO `meeting_sessions` (`id`, `session_order`, `scheduled_date`, `warm_up_time`, `begin_time`, `notes`, `meeting_id`, `swimming_pool_id`, `user_id`, `created_at`, `updated_at`, `description`, `is_autofilled`, `day_part_type_id`)
  VALUES (2140, 2, '2017-04-30', '2000-01-01 00:00:00', '2000-01-01 00:00:00', '', 16325, 113, 2, '2016-10-28 14:53:57', '2016-10-28 14:53:57', 'FINALI', 1, 1);

-- 15326-giulianoswim4life TROFEO SWIM4LIFE 2016-05-07
INSERT INTO `meetings` (`id`, `description`, `entry_deadline`, `has_warm_up_pool`, `is_under_25_admitted`, `reference_phone`, `reference_e_mail`, `reference_name`, `notes`, `has_invitation`, `has_start_list`, `are_results_acquired`, `max_individual_events`, `configuration_file`, `edition`, `season_id`, `user_id`, `created_at`, `updated_at`, `is_autofilled`, `header_date`, `code`, `header_year`, `max_individual_events_per_session`, `is_out_of_season`, `edition_type_id`, `timing_type_id`, `individual_score_computation_type_id`, `relay_score_computation_type_id`, `team_score_computation_type_id`, `meeting_score_computation_type_id`, `invitation`, `is_confirmed`)
  VALUES (16326, 'TROFEO SWIM4LIFE', NULL, 0, 1, NULL, NULL, NULL, 'ASD Swim4life', 0, 0, 0, 2, '?', 5, 162, 2, '2016-10-28 14:53:57', '2016-10-28 14:53:57', 1, '2017-05-06', 'giulianoswim4life', '2017', 0, 0, 2, 3, 1, 1, 12, 1, NULL, 0);
INSERT INTO `meeting_sessions` (`id`, `session_order`, `scheduled_date`, `warm_up_time`, `begin_time`, `notes`, `meeting_id`, `swimming_pool_id`, `user_id`, `created_at`, `updated_at`, `description`, `is_autofilled`, `day_part_type_id`)
  VALUES (2141, 1, '2017-05-06', '2000-01-01 00:00:00', '2000-01-01 00:00:00', '', 16326, 77, 2, '2016-10-28 14:53:57', '2016-10-28 14:53:57', 'FINALI', 1, 1);
INSERT INTO `meeting_events` (`id`, `created_at`, `updated_at`, `event_order`, `begin_time`, `is_out_of_race`, `is_autofilled`, `notes`, `meeting_session_id`, `event_type_id`, `heat_type_id`, `user_id`, `has_separate_gender_start_list`, `has_separate_category_start_list`)
  VALUES (11182, '2016-10-28 14:53:57', '2016-10-28 14:53:57', 1, '2000-01-01 08:04:00', 0, 1, NULL, 2141, 22, 3, 1, 1, 0);
INSERT INTO `meeting_events` (`id`, `created_at`, `updated_at`, `event_order`, `begin_time`, `is_out_of_race`, `is_autofilled`, `notes`, `meeting_session_id`, `event_type_id`, `heat_type_id`, `user_id`, `has_separate_gender_start_list`, `has_separate_category_start_list`)
  VALUES (11183, '2016-10-28 14:53:57', '2016-10-28 14:53:57', 2, '2000-01-01 08:46:00', 0, 1, NULL, 2141, 3, 3, 1, 1, 0);
INSERT INTO `meeting_events` (`id`, `created_at`, `updated_at`, `event_order`, `begin_time`, `is_out_of_race`, `is_autofilled`, `notes`, `meeting_session_id`, `event_type_id`, `heat_type_id`, `user_id`, `has_separate_gender_start_list`, `has_separate_category_start_list`)
  VALUES (11184, '2016-10-28 14:53:57', '2016-10-28 14:53:57', 3, '2000-01-01 09:28:00', 0, 1, NULL, 2141, 17, 3, 1, 1, 0);
INSERT INTO `meeting_events` (`id`, `created_at`, `updated_at`, `event_order`, `begin_time`, `is_out_of_race`, `is_autofilled`, `notes`, `meeting_session_id`, `event_type_id`, `heat_type_id`, `user_id`, `has_separate_gender_start_list`, `has_separate_category_start_list`)
  VALUES (11185, '2016-10-28 14:53:57', '2016-10-28 14:53:57', 5, '2000-01-01 10:44:00', 0, 1, NULL, 2141, 5, 3, 1, 1, 0);
INSERT INTO `meeting_events` (`id`, `created_at`, `updated_at`, `event_order`, `begin_time`, `is_out_of_race`, `is_autofilled`, `notes`, `meeting_session_id`, `event_type_id`, `heat_type_id`, `user_id`, `has_separate_gender_start_list`, `has_separate_category_start_list`)
  VALUES (11186, '2016-10-28 14:53:57', '2016-10-28 14:53:57', 6, '2000-01-01 11:24:00', 0, 1, NULL, 2141, 15, 3, 1, 1, 0);
INSERT INTO `meeting_events` (`id`, `created_at`, `updated_at`, `event_order`, `begin_time`, `is_out_of_race`, `is_autofilled`, `notes`, `meeting_session_id`, `event_type_id`, `heat_type_id`, `user_id`, `has_separate_gender_start_list`, `has_separate_category_start_list`)
  VALUES (11187, '2016-10-28 14:53:57', '2016-10-28 14:53:57', 7, '2000-01-01 12:08:00', 0, 1, NULL, 2141, 11, 3, 1, 1, 0);
INSERT INTO `meeting_events` (`id`, `created_at`, `updated_at`, `event_order`, `begin_time`, `is_out_of_race`, `is_autofilled`, `notes`, `meeting_session_id`, `event_type_id`, `heat_type_id`, `user_id`, `has_separate_gender_start_list`, `has_separate_category_start_list`)
  VALUES (11188, '2016-10-28 14:53:57', '2016-10-28 14:53:57', 8, '2000-01-01 12:42:00', 0, 1, NULL, 2141, 19, 3, 1, 1, 0);
INSERT INTO `meeting_events` (`id`, `created_at`, `updated_at`, `event_order`, `begin_time`, `is_out_of_race`, `is_autofilled`, `notes`, `meeting_session_id`, `event_type_id`, `heat_type_id`, `user_id`, `has_separate_gender_start_list`, `has_separate_category_start_list`)
  VALUES (11189, '2016-10-28 14:53:57', '2016-10-28 14:53:57', 9, '2000-01-01 13:28:00', 0, 1, NULL, 2141, 2, 3, 1, 1, 0);
INSERT INTO `meeting_events` (`id`, `created_at`, `updated_at`, `event_order`, `begin_time`, `is_out_of_race`, `is_autofilled`, `notes`, `meeting_session_id`, `event_type_id`, `heat_type_id`, `user_id`, `has_separate_gender_start_list`, `has_separate_category_start_list`)
  VALUES (11190, '2016-10-28 14:53:57', '2016-10-28 14:53:57', 10, '2000-01-01 14:12:30', 0, 1, NULL, 2141, 25, 3, 1, 1, 0);
INSERT INTO `meeting_events` (`id`, `created_at`, `updated_at`, `event_order`, `begin_time`, `is_out_of_race`, `is_autofilled`, `notes`, `meeting_session_id`, `event_type_id`, `heat_type_id`, `user_id`, `has_separate_gender_start_list`, `has_separate_category_start_list`)
  VALUES (11191, '2016-10-28 14:53:57', '2016-10-28 14:53:57', 11, '2000-01-01 08:48:00', 0, 1, NULL, 2141, 20, 3, 1, 1, 0);
INSERT INTO `meeting_events` (`id`, `created_at`, `updated_at`, `event_order`, `begin_time`, `is_out_of_race`, `is_autofilled`, `notes`, `meeting_session_id`, `event_type_id`, `heat_type_id`, `user_id`, `has_separate_gender_start_list`, `has_separate_category_start_list`)
  VALUES (11192, '2016-10-28 14:53:57', '2016-10-28 14:53:57', 12, '2000-01-01 11:02:00', 0, 1, NULL, 2141, 21, 3, 1, 1, 0);
INSERT INTO `meeting_events` (`id`, `created_at`, `updated_at`, `event_order`, `begin_time`, `is_out_of_race`, `is_autofilled`, `notes`, `meeting_session_id`, `event_type_id`, `heat_type_id`, `user_id`, `has_separate_gender_start_list`, `has_separate_category_start_list`)
  VALUES (11193, '2016-10-28 14:53:57', '2016-10-28 14:53:57', 13, '2000-01-01 15:18:30', 0, 1, NULL, 2141, 34, 3, 1, 1, 0);
INSERT INTO `meeting_sessions` (`id`, `session_order`, `scheduled_date`, `warm_up_time`, `begin_time`, `notes`, `meeting_id`, `swimming_pool_id`, `user_id`, `created_at`, `updated_at`, `description`, `is_autofilled`, `day_part_type_id`)
  VALUES (2142, 2, '2017-05-06', '2000-01-01 00:00:00', '2000-01-01 00:00:00', '', 16326, 77, 2, '2016-10-28 14:53:57', '2016-10-28 14:53:57', 'FINALI', 1, 2);

-- 15327-siracusasluciadellequaglie S.LUCIA DELLE QUAGLIE 2016-05-21
INSERT INTO `meetings` (`id`, `description`, `entry_deadline`, `has_warm_up_pool`, `is_under_25_admitted`, `reference_phone`, `reference_e_mail`, `reference_name`, `notes`, `has_invitation`, `has_start_list`, `are_results_acquired`, `max_individual_events`, `configuration_file`, `edition`, `season_id`, `user_id`, `created_at`, `updated_at`, `is_autofilled`, `header_date`, `code`, `header_year`, `max_individual_events_per_session`, `is_out_of_season`, `edition_type_id`, `timing_type_id`, `individual_score_computation_type_id`, `relay_score_computation_type_id`, `team_score_computation_type_id`, `meeting_score_computation_type_id`, `invitation`, `is_confirmed`)
  VALUES (16327, 'S.LUCIA DELLE QUAGLIE', NULL, 0, 1, NULL, NULL, NULL, 'Ortigia', 0, 0, 0, 2, '?', 15, 162, 2, '2016-10-28 14:53:57', '2016-10-28 14:53:57', 1, '2017-05-20', 'siracusasluciadellequaglie', '2017', 0, 0, 2, 3, 1, 1, 12, 1, NULL, 0);
INSERT INTO `meeting_sessions` (`id`, `session_order`, `scheduled_date`, `warm_up_time`, `begin_time`, `notes`, `meeting_id`, `swimming_pool_id`, `user_id`, `created_at`, `updated_at`, `description`, `is_autofilled`, `day_part_type_id`)
  VALUES (2143, 1, '2017-05-20', '2000-01-01 08:30:00', '2000-01-01 09:15:00', '', 16327, 179, 2, '2016-10-28 14:53:57', '2016-10-28 14:53:57', 'FINALI', 1, 1);
INSERT INTO `meeting_events` (`id`, `created_at`, `updated_at`, `event_order`, `begin_time`, `is_out_of_race`, `is_autofilled`, `notes`, `meeting_session_id`, `event_type_id`, `heat_type_id`, `user_id`, `has_separate_gender_start_list`, `has_separate_category_start_list`)
  VALUES (11194, '2016-10-28 14:53:57', '2016-10-28 14:53:57', 1, '2000-01-01 08:02:00', 0, 1, NULL, 2143, 12, 3, 1, 1, 0);
INSERT INTO `meeting_events` (`id`, `created_at`, `updated_at`, `event_order`, `begin_time`, `is_out_of_race`, `is_autofilled`, `notes`, `meeting_session_id`, `event_type_id`, `heat_type_id`, `user_id`, `has_separate_gender_start_list`, `has_separate_category_start_list`)
  VALUES (11195, '2016-10-28 14:53:57', '2016-10-28 14:53:57', 2, '2000-01-01 08:18:00', 0, 1, NULL, 2143, 17, 3, 1, 1, 0);
INSERT INTO `meeting_events` (`id`, `created_at`, `updated_at`, `event_order`, `begin_time`, `is_out_of_race`, `is_autofilled`, `notes`, `meeting_session_id`, `event_type_id`, `heat_type_id`, `user_id`, `has_separate_gender_start_list`, `has_separate_category_start_list`)
  VALUES (11196, '2016-10-28 14:53:57', '2016-10-28 14:53:57', 3, '2000-01-01 08:42:00', 0, 1, NULL, 2143, 21, 3, 1, 1, 0);
INSERT INTO `meeting_events` (`id`, `created_at`, `updated_at`, `event_order`, `begin_time`, `is_out_of_race`, `is_autofilled`, `notes`, `meeting_session_id`, `event_type_id`, `heat_type_id`, `user_id`, `has_separate_gender_start_list`, `has_separate_category_start_list`)
  VALUES (11197, '2016-10-28 14:53:57', '2016-10-28 14:53:57', 4, '2000-01-01 09:12:00', 0, 1, NULL, 2143, 5, 3, 1, 1, 0);
INSERT INTO `meeting_events` (`id`, `created_at`, `updated_at`, `event_order`, `begin_time`, `is_out_of_race`, `is_autofilled`, `notes`, `meeting_session_id`, `event_type_id`, `heat_type_id`, `user_id`, `has_separate_gender_start_list`, `has_separate_category_start_list`)
  VALUES (11198, '2016-10-28 14:53:57', '2016-10-28 14:53:57', 5, '2000-01-01 09:42:00', 0, 1, NULL, 2143, 15, 3, 1, 1, 0);
INSERT INTO `meeting_sessions` (`id`, `session_order`, `scheduled_date`, `warm_up_time`, `begin_time`, `notes`, `meeting_id`, `swimming_pool_id`, `user_id`, `created_at`, `updated_at`, `description`, `is_autofilled`, `day_part_type_id`)
  VALUES (2144, 2, '2017-05-20', '2000-01-01 14:00:00', '2000-01-01 14:45:00', '', 16327, 179, 2, '2016-10-28 14:53:57', '2016-10-28 14:53:57', 'FINALI', 1, 2);
INSERT INTO `meeting_events` (`id`, `created_at`, `updated_at`, `event_order`, `begin_time`, `is_out_of_race`, `is_autofilled`, `notes`, `meeting_session_id`, `event_type_id`, `heat_type_id`, `user_id`, `has_separate_gender_start_list`, `has_separate_category_start_list`)
  VALUES (11199, '2016-10-28 14:53:57', '2016-10-28 14:53:57', 6, '2000-01-01 10:14:00', 0, 1, NULL, 2144, 11, 3, 1, 1, 0);
INSERT INTO `meeting_events` (`id`, `created_at`, `updated_at`, `event_order`, `begin_time`, `is_out_of_race`, `is_autofilled`, `notes`, `meeting_session_id`, `event_type_id`, `heat_type_id`, `user_id`, `has_separate_gender_start_list`, `has_separate_category_start_list`)
  VALUES (11200, '2016-10-28 14:53:57', '2016-10-28 14:53:57', 7, '2000-01-01 10:46:00', 0, 1, NULL, 2144, 19, 3, 1, 1, 0);
INSERT INTO `meeting_events` (`id`, `created_at`, `updated_at`, `event_order`, `begin_time`, `is_out_of_race`, `is_autofilled`, `notes`, `meeting_session_id`, `event_type_id`, `heat_type_id`, `user_id`, `has_separate_gender_start_list`, `has_separate_category_start_list`)
  VALUES (11201, '2016-10-28 14:53:57', '2016-10-28 14:53:57', 8, '2000-01-01 11:24:00', 0, 1, NULL, 2144, 2, 3, 1, 1, 0);
INSERT INTO `meeting_events` (`id`, `created_at`, `updated_at`, `event_order`, `begin_time`, `is_out_of_race`, `is_autofilled`, `notes`, `meeting_session_id`, `event_type_id`, `heat_type_id`, `user_id`, `has_separate_gender_start_list`, `has_separate_category_start_list`)
  VALUES (11202, '2016-10-28 14:53:57', '2016-10-28 14:53:57', 9, '2000-01-01 12:02:30', 0, 1, NULL, 2144, 12, 3, 1, 1, 0);
INSERT INTO `meeting_events` (`id`, `created_at`, `updated_at`, `event_order`, `begin_time`, `is_out_of_race`, `is_autofilled`, `notes`, `meeting_session_id`, `event_type_id`, `heat_type_id`, `user_id`, `has_separate_gender_start_list`, `has_separate_category_start_list`)
  VALUES (11203, '2016-10-28 14:53:57', '2016-10-28 14:53:57', 10, '2000-01-01 08:20:00', 0, 1, NULL, 2144, 3, 3, 1, 1, 0);
INSERT INTO `meeting_events` (`id`, `created_at`, `updated_at`, `event_order`, `begin_time`, `is_out_of_race`, `is_autofilled`, `notes`, `meeting_session_id`, `event_type_id`, `heat_type_id`, `user_id`, `has_separate_gender_start_list`, `has_separate_category_start_list`)
  VALUES (11204, '2016-10-28 14:53:57', '2016-10-28 14:53:57', 11, '2000-01-01 09:30:00', 0, 1, NULL, 2144, 23, 3, 1, 1, 0);

-- 15329-siracusa MEETING CITTA' DI SIRACUSA 2016-05-22
INSERT INTO `meetings` (`id`, `description`, `entry_deadline`, `has_warm_up_pool`, `is_under_25_admitted`, `reference_phone`, `reference_e_mail`, `reference_name`, `notes`, `has_invitation`, `has_start_list`, `are_results_acquired`, `max_individual_events`, `configuration_file`, `edition`, `season_id`, `user_id`, `created_at`, `updated_at`, `is_autofilled`, `header_date`, `code`, `header_year`, `max_individual_events_per_session`, `is_out_of_season`, `edition_type_id`, `timing_type_id`, `individual_score_computation_type_id`, `relay_score_computation_type_id`, `team_score_computation_type_id`, `meeting_score_computation_type_id`, `invitation`, `is_confirmed`)
  VALUES (16329, 'MEETING CITTA'' DI SIRACUSA', NULL, 0, 1, NULL, NULL, NULL, 'Syracusa Syncro A.S.D.', 0, 0, 0, 2, '?', 21, 162, 2, '2016-10-28 14:53:57', '2016-10-28 14:53:57', 1, '2017-05-21', 'siracusa', '2017', 0, 0, 2, 3, 1, 1, 12, 1, NULL, 0);
INSERT INTO `meeting_sessions` (`id`, `session_order`, `scheduled_date`, `warm_up_time`, `begin_time`, `notes`, `meeting_id`, `swimming_pool_id`, `user_id`, `created_at`, `updated_at`, `description`, `is_autofilled`, `day_part_type_id`)
  VALUES (2145, 1, '2017-05-21', '2000-01-01 08:30:00', '2000-01-01 09:30:00', '', 16329, 179, 2, '2016-10-28 14:53:57', '2016-10-28 14:53:57', 'FINALI', 1, 1);
INSERT INTO `meeting_events` (`id`, `created_at`, `updated_at`, `event_order`, `begin_time`, `is_out_of_race`, `is_autofilled`, `notes`, `meeting_session_id`, `event_type_id`, `heat_type_id`, `user_id`, `has_separate_gender_start_list`, `has_separate_category_start_list`)
  VALUES (11205, '2016-10-28 14:53:57', '2016-10-28 14:53:57', 1, '2000-01-01 08:02:00', 0, 1, NULL, 2145, 16, 3, 1, 1, 0);
INSERT INTO `meeting_events` (`id`, `created_at`, `updated_at`, `event_order`, `begin_time`, `is_out_of_race`, `is_autofilled`, `notes`, `meeting_session_id`, `event_type_id`, `heat_type_id`, `user_id`, `has_separate_gender_start_list`, `has_separate_category_start_list`)
  VALUES (11206, '2016-10-28 14:53:57', '2016-10-28 14:53:57', 2, '2000-01-01 08:32:00', 0, 1, NULL, 2145, 20, 3, 1, 1, 0);
INSERT INTO `meeting_events` (`id`, `created_at`, `updated_at`, `event_order`, `begin_time`, `is_out_of_race`, `is_autofilled`, `notes`, `meeting_session_id`, `event_type_id`, `heat_type_id`, `user_id`, `has_separate_gender_start_list`, `has_separate_category_start_list`)
  VALUES (11207, '2016-10-28 14:53:57', '2016-10-28 14:53:57', 4, '2000-01-01 09:28:00', 0, 1, NULL, 2145, 7, 3, 1, 1, 0);
INSERT INTO `meeting_events` (`id`, `created_at`, `updated_at`, `event_order`, `begin_time`, `is_out_of_race`, `is_autofilled`, `notes`, `meeting_session_id`, `event_type_id`, `heat_type_id`, `user_id`, `has_separate_gender_start_list`, `has_separate_category_start_list`)
  VALUES (11208, '2016-10-28 14:53:57', '2016-10-28 14:53:57', 5, '2000-01-01 09:54:00', 0, 1, NULL, 2145, 15, 3, 1, 1, 0);
INSERT INTO `meeting_sessions` (`id`, `session_order`, `scheduled_date`, `warm_up_time`, `begin_time`, `notes`, `meeting_id`, `swimming_pool_id`, `user_id`, `created_at`, `updated_at`, `description`, `is_autofilled`, `day_part_type_id`)
  VALUES (2146, 2, '2017-05-21', '2000-01-01 14:30:00', '2000-01-01 15:30:00', '', 16329, 179, 2, '2016-10-28 14:53:57', '2016-10-28 14:53:57', 'FINALI', 1, 2);
INSERT INTO `meeting_events` (`id`, `created_at`, `updated_at`, `event_order`, `begin_time`, `is_out_of_race`, `is_autofilled`, `notes`, `meeting_session_id`, `event_type_id`, `heat_type_id`, `user_id`, `has_separate_gender_start_list`, `has_separate_category_start_list`)
  VALUES (11209, '2016-10-28 14:53:57', '2016-10-28 14:53:57', 6, '2000-01-01 10:30:00', 0, 1, NULL, 2146, 11, 3, 1, 1, 0);
INSERT INTO `meeting_events` (`id`, `created_at`, `updated_at`, `event_order`, `begin_time`, `is_out_of_race`, `is_autofilled`, `notes`, `meeting_session_id`, `event_type_id`, `heat_type_id`, `user_id`, `has_separate_gender_start_list`, `has_separate_category_start_list`)
  VALUES (11210, '2016-10-28 14:53:57', '2016-10-28 14:53:57', 7, '2000-01-01 11:00:00', 0, 1, NULL, 2146, 19, 3, 1, 1, 0);
INSERT INTO `meeting_events` (`id`, `created_at`, `updated_at`, `event_order`, `begin_time`, `is_out_of_race`, `is_autofilled`, `notes`, `meeting_session_id`, `event_type_id`, `heat_type_id`, `user_id`, `has_separate_gender_start_list`, `has_separate_category_start_list`)
  VALUES (11211, '2016-10-28 14:53:57', '2016-10-28 14:53:57', 8, '2000-01-01 11:32:00', 0, 1, NULL, 2146, 2, 3, 1, 1, 0);
INSERT INTO `meeting_events` (`id`, `created_at`, `updated_at`, `event_order`, `begin_time`, `is_out_of_race`, `is_autofilled`, `notes`, `meeting_session_id`, `event_type_id`, `heat_type_id`, `user_id`, `has_separate_gender_start_list`, `has_separate_category_start_list`)
  VALUES (11212, '2016-10-28 14:53:57', '2016-10-28 14:53:57', 9, '2000-01-01 12:02:30', 0, 1, NULL, 2146, 25, 3, 1, 1, 0);
INSERT INTO `meeting_events` (`id`, `created_at`, `updated_at`, `event_order`, `begin_time`, `is_out_of_race`, `is_autofilled`, `notes`, `meeting_session_id`, `event_type_id`, `heat_type_id`, `user_id`, `has_separate_gender_start_list`, `has_separate_category_start_list`)
  VALUES (11213, '2016-10-28 14:53:57', '2016-10-28 14:53:57', 10, '2000-01-01 09:38:00', 0, 1, NULL, 2146, 4, 3, 1, 1, 0);

-- 15330-trevisoabettiol MEMORIAL A. BETTIOL 2016-05-20
INSERT INTO `meetings` (`id`, `description`, `entry_deadline`, `has_warm_up_pool`, `is_under_25_admitted`, `reference_phone`, `reference_e_mail`, `reference_name`, `notes`, `has_invitation`, `has_start_list`, `are_results_acquired`, `max_individual_events`, `configuration_file`, `edition`, `season_id`, `user_id`, `created_at`, `updated_at`, `is_autofilled`, `header_date`, `code`, `header_year`, `max_individual_events_per_session`, `is_out_of_season`, `edition_type_id`, `timing_type_id`, `individual_score_computation_type_id`, `relay_score_computation_type_id`, `team_score_computation_type_id`, `meeting_score_computation_type_id`, `invitation`, `is_confirmed`)
  VALUES (16330, 'MEMORIAL A. BETTIOL', NULL, 0, 1, NULL, NULL, NULL, 'Natatorium Treviso', 0, 0, 0, 2, '?', 17, 162, 2, '2016-10-28 14:53:57', '2016-10-28 14:53:57', 1, '2017-05-19', 'trevisoabettiol', '2017', 0, 0, 2, 3, 1, 1, 12, 1, NULL, 0);
INSERT INTO `meeting_sessions` (`id`, `session_order`, `scheduled_date`, `warm_up_time`, `begin_time`, `notes`, `meeting_id`, `swimming_pool_id`, `user_id`, `created_at`, `updated_at`, `description`, `is_autofilled`, `day_part_type_id`)
  VALUES (2147, 1, '2017-05-19', '2000-01-01 00:00:00', '2000-01-01 00:00:00', '', 16330, 134, 2, '2016-10-28 14:53:58', '2016-10-28 14:53:58', 'FINALI', 1, 2);
INSERT INTO `meeting_events` (`id`, `created_at`, `updated_at`, `event_order`, `begin_time`, `is_out_of_race`, `is_autofilled`, `notes`, `meeting_session_id`, `event_type_id`, `heat_type_id`, `user_id`, `has_separate_gender_start_list`, `has_separate_category_start_list`)
  VALUES (11214, '2016-10-28 14:53:58', '2016-10-28 14:53:58', 1, '2000-01-01 08:02:00', 0, 1, NULL, 2147, 16, 3, 1, 1, 0);
INSERT INTO `meeting_events` (`id`, `created_at`, `updated_at`, `event_order`, `begin_time`, `is_out_of_race`, `is_autofilled`, `notes`, `meeting_session_id`, `event_type_id`, `heat_type_id`, `user_id`, `has_separate_gender_start_list`, `has_separate_category_start_list`)
  VALUES (11215, '2016-10-28 14:53:58', '2016-10-28 14:53:58', 2, '2000-01-01 08:38:00', 0, 1, NULL, 2147, 12, 3, 1, 1, 0);
INSERT INTO `meeting_events` (`id`, `created_at`, `updated_at`, `event_order`, `begin_time`, `is_out_of_race`, `is_autofilled`, `notes`, `meeting_session_id`, `event_type_id`, `heat_type_id`, `user_id`, `has_separate_gender_start_list`, `has_separate_category_start_list`)
  VALUES (11216, '2016-10-28 14:53:58', '2016-10-28 14:53:58', 3, '2000-01-01 09:10:00', 0, 1, NULL, 2147, 7, 3, 1, 1, 0);
INSERT INTO `meeting_events` (`id`, `created_at`, `updated_at`, `event_order`, `begin_time`, `is_out_of_race`, `is_autofilled`, `notes`, `meeting_session_id`, `event_type_id`, `heat_type_id`, `user_id`, `has_separate_gender_start_list`, `has_separate_category_start_list`)
  VALUES (11217, '2016-10-28 14:53:58', '2016-10-28 14:53:58', 4, '2000-01-01 09:44:00', 0, 1, NULL, 2147, 23, 3, 1, 1, 0);
INSERT INTO `meeting_events` (`id`, `created_at`, `updated_at`, `event_order`, `begin_time`, `is_out_of_race`, `is_autofilled`, `notes`, `meeting_session_id`, `event_type_id`, `heat_type_id`, `user_id`, `has_separate_gender_start_list`, `has_separate_category_start_list`)
  VALUES (11218, '2016-10-28 14:53:58', '2016-10-28 14:53:58', 5, '2000-01-01 10:20:00', 0, 1, NULL, 2147, 21, 3, 1, 1, 0);
INSERT INTO `meeting_events` (`id`, `created_at`, `updated_at`, `event_order`, `begin_time`, `is_out_of_race`, `is_autofilled`, `notes`, `meeting_session_id`, `event_type_id`, `heat_type_id`, `user_id`, `has_separate_gender_start_list`, `has_separate_category_start_list`)
  VALUES (11219, '2016-10-28 14:53:58', '2016-10-28 14:53:58', 6, '2000-01-01 10:56:00', 0, 1, NULL, 2147, 4, 3, 1, 1, 0);
INSERT INTO `meeting_events` (`id`, `created_at`, `updated_at`, `event_order`, `begin_time`, `is_out_of_race`, `is_autofilled`, `notes`, `meeting_session_id`, `event_type_id`, `heat_type_id`, `user_id`, `has_separate_gender_start_list`, `has_separate_category_start_list`)
  VALUES (11220, '2016-10-28 14:53:58', '2016-10-28 14:53:58', 7, '2000-01-01 11:36:00', 0, 1, NULL, 2147, 24, 3, 1, 1, 0);
INSERT INTO `meeting_events` (`id`, `created_at`, `updated_at`, `event_order`, `begin_time`, `is_out_of_race`, `is_autofilled`, `notes`, `meeting_session_id`, `event_type_id`, `heat_type_id`, `user_id`, `has_separate_gender_start_list`, `has_separate_category_start_list`)
  VALUES (11221, '2016-10-28 14:53:58', '2016-10-28 14:53:58', 8, '2000-01-01 12:06:00', 0, 1, NULL, 2147, 5, 3, 1, 1, 0);
INSERT INTO `meeting_events` (`id`, `created_at`, `updated_at`, `event_order`, `begin_time`, `is_out_of_race`, `is_autofilled`, `notes`, `meeting_session_id`, `event_type_id`, `heat_type_id`, `user_id`, `has_separate_gender_start_list`, `has_separate_category_start_list`)
  VALUES (11222, '2016-10-28 14:53:58', '2016-10-28 14:53:58', 9, '2000-01-01 12:44:00', 0, 1, NULL, 2147, 15, 3, 1, 1, 0);
INSERT INTO `meeting_events` (`id`, `created_at`, `updated_at`, `event_order`, `begin_time`, `is_out_of_race`, `is_autofilled`, `notes`, `meeting_session_id`, `event_type_id`, `heat_type_id`, `user_id`, `has_separate_gender_start_list`, `has_separate_category_start_list`)
  VALUES (11223, '2016-10-28 14:53:58', '2016-10-28 14:53:58', 10, '2000-01-01 13:24:00', 0, 1, NULL, 2147, 11, 3, 1, 1, 0);
INSERT INTO `meeting_events` (`id`, `created_at`, `updated_at`, `event_order`, `begin_time`, `is_out_of_race`, `is_autofilled`, `notes`, `meeting_session_id`, `event_type_id`, `heat_type_id`, `user_id`, `has_separate_gender_start_list`, `has_separate_category_start_list`)
  VALUES (11224, '2016-10-28 14:53:58', '2016-10-28 14:53:58', 11, '2000-01-01 14:00:00', 0, 1, NULL, 2147, 19, 3, 1, 1, 0);
INSERT INTO `meeting_events` (`id`, `created_at`, `updated_at`, `event_order`, `begin_time`, `is_out_of_race`, `is_autofilled`, `notes`, `meeting_session_id`, `event_type_id`, `heat_type_id`, `user_id`, `has_separate_gender_start_list`, `has_separate_category_start_list`)
  VALUES (11225, '2016-10-28 14:53:58', '2016-10-28 14:53:58', 12, '2000-01-01 14:46:00', 0, 1, NULL, 2147, 2, 3, 1, 1, 0);
INSERT INTO `meeting_events` (`id`, `created_at`, `updated_at`, `event_order`, `begin_time`, `is_out_of_race`, `is_autofilled`, `notes`, `meeting_session_id`, `event_type_id`, `heat_type_id`, `user_id`, `has_separate_gender_start_list`, `has_separate_category_start_list`)
  VALUES (11226, '2016-10-28 14:53:58', '2016-10-28 14:53:58', 13, '2000-01-01 15:32:00', 0, 1, NULL, 2147, 6, 3, 1, 1, 0);
INSERT INTO `meeting_events` (`id`, `created_at`, `updated_at`, `event_order`, `begin_time`, `is_out_of_race`, `is_autofilled`, `notes`, `meeting_session_id`, `event_type_id`, `heat_type_id`, `user_id`, `has_separate_gender_start_list`, `has_separate_category_start_list`)
  VALUES (11227, '2016-10-28 14:53:58', '2016-10-28 14:53:58', 14, '2000-01-01 16:08:30', 0, 1, NULL, 2147, 34, 3, 1, 1, 0);
INSERT INTO `meeting_events` (`id`, `created_at`, `updated_at`, `event_order`, `begin_time`, `is_out_of_race`, `is_autofilled`, `notes`, `meeting_session_id`, `event_type_id`, `heat_type_id`, `user_id`, `has_separate_gender_start_list`, `has_separate_category_start_list`)
  VALUES (11228, '2016-10-28 14:53:58', '2016-10-28 14:53:58', 15, '2000-01-01 16:06:00', 0, 1, NULL, 2147, 33, 3, 1, 1, 0);

-- 15331-genovapiscinedialbaro TROFEO PISCINE DI ALBARO 2016-06-04
INSERT INTO `meetings` (`id`, `description`, `entry_deadline`, `has_warm_up_pool`, `is_under_25_admitted`, `reference_phone`, `reference_e_mail`, `reference_name`, `notes`, `has_invitation`, `has_start_list`, `are_results_acquired`, `max_individual_events`, `configuration_file`, `edition`, `season_id`, `user_id`, `created_at`, `updated_at`, `is_autofilled`, `header_date`, `code`, `header_year`, `max_individual_events_per_session`, `is_out_of_season`, `edition_type_id`, `timing_type_id`, `individual_score_computation_type_id`, `relay_score_computation_type_id`, `team_score_computation_type_id`, `meeting_score_computation_type_id`, `invitation`, `is_confirmed`)
  VALUES (16331, 'TROFEO PISCINE DI ALBARO', NULL, 0, 1, NULL, NULL, NULL, 'Nuotatori Genovesi', 0, 0, 0, 2, '?', 6, 162, 2, '2016-10-28 14:53:58', '2016-10-28 14:53:58', 1, '2017-06-03', 'genovapiscinedialbaro', '2017', 0, 0, 2, 3, 1, 1, 12, 1, NULL, 0);
INSERT INTO `meeting_sessions` (`id`, `session_order`, `scheduled_date`, `warm_up_time`, `begin_time`, `notes`, `meeting_id`, `swimming_pool_id`, `user_id`, `created_at`, `updated_at`, `description`, `is_autofilled`, `day_part_type_id`)
  VALUES (2148, 1, '2017-06-03', '2000-01-01 08:15:00', '2000-01-01 09:00:00', '', 16331, 138, 2, '2016-10-28 14:53:58', '2016-10-28 14:53:58', 'FINALI', 1, 1);
INSERT INTO `meeting_events` (`id`, `created_at`, `updated_at`, `event_order`, `begin_time`, `is_out_of_race`, `is_autofilled`, `notes`, `meeting_session_id`, `event_type_id`, `heat_type_id`, `user_id`, `has_separate_gender_start_list`, `has_separate_category_start_list`)
  VALUES (11229, '2016-10-28 14:53:58', '2016-10-28 14:53:58', 1, '2000-01-01 08:02:00', 0, 1, NULL, 2148, 5, 3, 1, 1, 0);
INSERT INTO `meeting_events` (`id`, `created_at`, `updated_at`, `event_order`, `begin_time`, `is_out_of_race`, `is_autofilled`, `notes`, `meeting_session_id`, `event_type_id`, `heat_type_id`, `user_id`, `has_separate_gender_start_list`, `has_separate_category_start_list`)
  VALUES (11230, '2016-10-28 14:53:58', '2016-10-28 14:53:58', 2, '2000-01-01 08:24:00', 0, 1, NULL, 2148, 16, 3, 1, 1, 0);
INSERT INTO `meeting_events` (`id`, `created_at`, `updated_at`, `event_order`, `begin_time`, `is_out_of_race`, `is_autofilled`, `notes`, `meeting_session_id`, `event_type_id`, `heat_type_id`, `user_id`, `has_separate_gender_start_list`, `has_separate_category_start_list`)
  VALUES (11231, '2016-10-28 14:53:58', '2016-10-28 14:53:58', 3, '2000-01-01 08:40:00', 0, 1, NULL, 2148, 20, 3, 1, 1, 0);
INSERT INTO `meeting_events` (`id`, `created_at`, `updated_at`, `event_order`, `begin_time`, `is_out_of_race`, `is_autofilled`, `notes`, `meeting_session_id`, `event_type_id`, `heat_type_id`, `user_id`, `has_separate_gender_start_list`, `has_separate_category_start_list`)
  VALUES (11232, '2016-10-28 14:53:58', '2016-10-28 14:53:58', 4, '2000-01-01 09:08:00', 0, 1, NULL, 2148, 12, 3, 1, 1, 0);
INSERT INTO `meeting_events` (`id`, `created_at`, `updated_at`, `event_order`, `begin_time`, `is_out_of_race`, `is_autofilled`, `notes`, `meeting_session_id`, `event_type_id`, `heat_type_id`, `user_id`, `has_separate_gender_start_list`, `has_separate_category_start_list`)
  VALUES (11233, '2016-10-28 14:53:58', '2016-10-28 14:53:58', 5, '2000-01-01 09:46:00', 0, 1, NULL, 2148, 3, 3, 1, 1, 0);
INSERT INTO `meeting_events` (`id`, `created_at`, `updated_at`, `event_order`, `begin_time`, `is_out_of_race`, `is_autofilled`, `notes`, `meeting_session_id`, `event_type_id`, `heat_type_id`, `user_id`, `has_separate_gender_start_list`, `has_separate_category_start_list`)
  VALUES (11234, '2016-10-28 14:53:58', '2016-10-28 14:53:58', 6, '2000-01-01 10:10:00', 0, 1, NULL, 2148, 23, 3, 1, 1, 0);
INSERT INTO `meeting_events` (`id`, `created_at`, `updated_at`, `event_order`, `begin_time`, `is_out_of_race`, `is_autofilled`, `notes`, `meeting_session_id`, `event_type_id`, `heat_type_id`, `user_id`, `has_separate_gender_start_list`, `has_separate_category_start_list`)
  VALUES (11235, '2016-10-28 14:53:58', '2016-10-28 14:53:58', 7, '2000-01-01 10:42:00', 0, 1, NULL, 2148, 15, 3, 1, 1, 0);
INSERT INTO `meeting_events` (`id`, `created_at`, `updated_at`, `event_order`, `begin_time`, `is_out_of_race`, `is_autofilled`, `notes`, `meeting_session_id`, `event_type_id`, `heat_type_id`, `user_id`, `has_separate_gender_start_list`, `has_separate_category_start_list`)
  VALUES (11236, '2016-10-28 14:53:58', '2016-10-28 14:53:58', 8, '2000-01-01 11:06:00', 0, 1, NULL, 2148, 19, 3, 1, 1, 0);
INSERT INTO `meeting_events` (`id`, `created_at`, `updated_at`, `event_order`, `begin_time`, `is_out_of_race`, `is_autofilled`, `notes`, `meeting_session_id`, `event_type_id`, `heat_type_id`, `user_id`, `has_separate_gender_start_list`, `has_separate_category_start_list`)
  VALUES (11237, '2016-10-28 14:53:58', '2016-10-28 14:53:58', 9, '2000-01-01 11:34:00', 0, 1, NULL, 2148, 11, 3, 1, 1, 0);
INSERT INTO `meeting_events` (`id`, `created_at`, `updated_at`, `event_order`, `begin_time`, `is_out_of_race`, `is_autofilled`, `notes`, `meeting_session_id`, `event_type_id`, `heat_type_id`, `user_id`, `has_separate_gender_start_list`, `has_separate_category_start_list`)
  VALUES (11238, '2016-10-28 14:53:58', '2016-10-28 14:53:58', 10, '2000-01-01 12:04:00', 0, 1, NULL, 2148, 2, 3, 1, 1, 0);
INSERT INTO `meeting_events` (`id`, `created_at`, `updated_at`, `event_order`, `begin_time`, `is_out_of_race`, `is_autofilled`, `notes`, `meeting_session_id`, `event_type_id`, `heat_type_id`, `user_id`, `has_separate_gender_start_list`, `has_separate_category_start_list`)
  VALUES (11239, '2016-10-28 14:53:58', '2016-10-28 14:53:58', 11, '2000-01-01 12:44:30', 0, 1, NULL, 2148, 33, 3, 1, 1, 0);

-- 15332-cremonacanottieribaldesio MEETING CANOTTIERI BALDESIO 2016-05-21
INSERT INTO `meetings` (`id`, `description`, `entry_deadline`, `has_warm_up_pool`, `is_under_25_admitted`, `reference_phone`, `reference_e_mail`, `reference_name`, `notes`, `has_invitation`, `has_start_list`, `are_results_acquired`, `max_individual_events`, `configuration_file`, `edition`, `season_id`, `user_id`, `created_at`, `updated_at`, `is_autofilled`, `header_date`, `code`, `header_year`, `max_individual_events_per_session`, `is_out_of_season`, `edition_type_id`, `timing_type_id`, `individual_score_computation_type_id`, `relay_score_computation_type_id`, `team_score_computation_type_id`, `meeting_score_computation_type_id`, `invitation`, `is_confirmed`)
  VALUES (16332, 'MEETING CANOTTIERI BALDESIO', NULL, 0, 1, NULL, NULL, NULL, 'Canottieri Baldesio ASD', 0, 0, 0, 2, '?', 4, 162, 2, '2016-10-28 14:53:58', '2016-10-28 14:53:58', 1, '2017-05-20', 'cremonacanottieribaldesio', '2017', 0, 0, 2, 3, 1, 1, 12, 1, NULL, 0);
INSERT INTO `meeting_sessions` (`id`, `session_order`, `scheduled_date`, `warm_up_time`, `begin_time`, `notes`, `meeting_id`, `swimming_pool_id`, `user_id`, `created_at`, `updated_at`, `description`, `is_autofilled`, `day_part_type_id`)
  VALUES (2149, 1, '2017-05-20', '2000-01-01 13:00:00', '2000-01-01 14:00:00', '', 16332, 56, 2, '2016-10-28 14:53:58', '2016-10-28 14:53:58', 'FINALI', 1, 2);
INSERT INTO `meeting_events` (`id`, `created_at`, `updated_at`, `event_order`, `begin_time`, `is_out_of_race`, `is_autofilled`, `notes`, `meeting_session_id`, `event_type_id`, `heat_type_id`, `user_id`, `has_separate_gender_start_list`, `has_separate_category_start_list`)
  VALUES (11240, '2016-10-28 14:53:58', '2016-10-28 14:53:58', 1, '2000-01-01 08:02:00', 0, 1, NULL, 2149, 16, 3, 1, 1, 0);
INSERT INTO `meeting_events` (`id`, `created_at`, `updated_at`, `event_order`, `begin_time`, `is_out_of_race`, `is_autofilled`, `notes`, `meeting_session_id`, `event_type_id`, `heat_type_id`, `user_id`, `has_separate_gender_start_list`, `has_separate_category_start_list`)
  VALUES (11241, '2016-10-28 14:53:58', '2016-10-28 14:53:58', 2, '2000-01-01 08:24:00', 0, 1, NULL, 2149, 12, 3, 1, 1, 0);
INSERT INTO `meeting_events` (`id`, `created_at`, `updated_at`, `event_order`, `begin_time`, `is_out_of_race`, `is_autofilled`, `notes`, `meeting_session_id`, `event_type_id`, `heat_type_id`, `user_id`, `has_separate_gender_start_list`, `has_separate_category_start_list`)
  VALUES (11242, '2016-10-28 14:53:58', '2016-10-28 14:53:58', 3, '2000-01-01 08:50:00', 0, 1, NULL, 2149, 20, 3, 1, 1, 0);
INSERT INTO `meeting_events` (`id`, `created_at`, `updated_at`, `event_order`, `begin_time`, `is_out_of_race`, `is_autofilled`, `notes`, `meeting_session_id`, `event_type_id`, `heat_type_id`, `user_id`, `has_separate_gender_start_list`, `has_separate_category_start_list`)
  VALUES (11243, '2016-10-28 14:53:58', '2016-10-28 14:53:58', 4, '2000-01-01 09:24:00', 0, 1, NULL, 2149, 3, 3, 1, 1, 0);
INSERT INTO `meeting_events` (`id`, `created_at`, `updated_at`, `event_order`, `begin_time`, `is_out_of_race`, `is_autofilled`, `notes`, `meeting_session_id`, `event_type_id`, `heat_type_id`, `user_id`, `has_separate_gender_start_list`, `has_separate_category_start_list`)
  VALUES (11244, '2016-10-28 14:53:58', '2016-10-28 14:53:58', 5, '2000-01-01 10:06:00', 0, 1, NULL, 2149, 23, 3, 1, 1, 0);
INSERT INTO `meeting_sessions` (`id`, `session_order`, `scheduled_date`, `warm_up_time`, `begin_time`, `notes`, `meeting_id`, `swimming_pool_id`, `user_id`, `created_at`, `updated_at`, `description`, `is_autofilled`, `day_part_type_id`)
  VALUES (2150, 2, '2017-05-21', '2000-01-01 08:00:00', '2000-01-01 09:00:00', '', 16332, 56, 2, '2016-10-28 14:53:58', '2016-10-28 14:53:58', 'FINALI', 1, 1);
INSERT INTO `meeting_events` (`id`, `created_at`, `updated_at`, `event_order`, `begin_time`, `is_out_of_race`, `is_autofilled`, `notes`, `meeting_session_id`, `event_type_id`, `heat_type_id`, `user_id`, `has_separate_gender_start_list`, `has_separate_category_start_list`)
  VALUES (11245, '2016-10-28 14:53:58', '2016-10-28 14:53:58', 6, '2000-01-01 10:38:00', 0, 1, NULL, 2150, 4, 3, 1, 1, 0);
INSERT INTO `meeting_events` (`id`, `created_at`, `updated_at`, `event_order`, `begin_time`, `is_out_of_race`, `is_autofilled`, `notes`, `meeting_session_id`, `event_type_id`, `heat_type_id`, `user_id`, `has_separate_gender_start_list`, `has_separate_category_start_list`)
  VALUES (11246, '2016-10-28 14:53:58', '2016-10-28 14:53:58', 7, '2000-01-01 11:16:00', 0, 1, NULL, 2150, 15, 3, 1, 1, 0);
INSERT INTO `meeting_events` (`id`, `created_at`, `updated_at`, `event_order`, `begin_time`, `is_out_of_race`, `is_autofilled`, `notes`, `meeting_session_id`, `event_type_id`, `heat_type_id`, `user_id`, `has_separate_gender_start_list`, `has_separate_category_start_list`)
  VALUES (11247, '2016-10-28 14:53:58', '2016-10-28 14:53:58', 8, '2000-01-01 12:02:00', 0, 1, NULL, 2150, 11, 3, 1, 1, 0);
INSERT INTO `meeting_events` (`id`, `created_at`, `updated_at`, `event_order`, `begin_time`, `is_out_of_race`, `is_autofilled`, `notes`, `meeting_session_id`, `event_type_id`, `heat_type_id`, `user_id`, `has_separate_gender_start_list`, `has_separate_category_start_list`)
  VALUES (11248, '2016-10-28 14:53:58', '2016-10-28 14:53:58', 9, '2000-01-01 12:44:00', 0, 1, NULL, 2150, 19, 3, 1, 1, 0);
INSERT INTO `meeting_events` (`id`, `created_at`, `updated_at`, `event_order`, `begin_time`, `is_out_of_race`, `is_autofilled`, `notes`, `meeting_session_id`, `event_type_id`, `heat_type_id`, `user_id`, `has_separate_gender_start_list`, `has_separate_category_start_list`)
  VALUES (11249, '2016-10-28 14:53:58', '2016-10-28 14:53:58', 10, '2000-01-01 13:22:00', 0, 1, NULL, 2150, 2, 3, 1, 1, 0);
INSERT INTO `meeting_events` (`id`, `created_at`, `updated_at`, `event_order`, `begin_time`, `is_out_of_race`, `is_autofilled`, `notes`, `meeting_session_id`, `event_type_id`, `heat_type_id`, `user_id`, `has_separate_gender_start_list`, `has_separate_category_start_list`)
  VALUES (11250, '2016-10-28 14:53:58', '2016-10-28 14:53:58', 11, '2000-01-01 14:04:30', 0, 1, NULL, 2150, 28, 3, 1, 1, 0);
INSERT INTO `meeting_events` (`id`, `created_at`, `updated_at`, `event_order`, `begin_time`, `is_out_of_race`, `is_autofilled`, `notes`, `meeting_session_id`, `event_type_id`, `heat_type_id`, `user_id`, `has_separate_gender_start_list`, `has_separate_category_start_list`)
  VALUES (11251, '2016-10-28 14:53:58', '2016-10-28 14:53:58', 12, '2000-01-01 14:03:30', 0, 1, NULL, 2150, 27, 3, 1, 1, 0);

-- 15333-putignanospeedonadir TROFEO SPEEDO NADIR 2016-05-21
INSERT INTO `meetings` (`id`, `description`, `entry_deadline`, `has_warm_up_pool`, `is_under_25_admitted`, `reference_phone`, `reference_e_mail`, `reference_name`, `notes`, `has_invitation`, `has_start_list`, `are_results_acquired`, `max_individual_events`, `configuration_file`, `edition`, `season_id`, `user_id`, `created_at`, `updated_at`, `is_autofilled`, `header_date`, `code`, `header_year`, `max_individual_events_per_session`, `is_out_of_season`, `edition_type_id`, `timing_type_id`, `individual_score_computation_type_id`, `relay_score_computation_type_id`, `team_score_computation_type_id`, `meeting_score_computation_type_id`, `invitation`, `is_confirmed`)
  VALUES (16333, 'TROFEO SPEEDO NADIR', NULL, 0, 1, NULL, NULL, NULL, 'DNA Nadir SSD', 0, 0, 0, 2, '?', 10, 162, 2, '2016-10-28 14:53:58', '2016-10-28 14:53:58', 1, '2017-05-20', 'putignanospeedonadir', '2017', 0, 0, 2, 3, 1, 1, 12, 1, NULL, 0);
INSERT INTO `meeting_sessions` (`id`, `session_order`, `scheduled_date`, `warm_up_time`, `begin_time`, `notes`, `meeting_id`, `swimming_pool_id`, `user_id`, `created_at`, `updated_at`, `description`, `is_autofilled`, `day_part_type_id`)
  VALUES (2151, 1, '2017-05-20', '2000-01-01 07:45:00', '2000-01-01 08:30:00', '', 16333, 135, 2, '2016-10-28 14:53:58', '2016-10-28 14:53:58', 'FINALI', 1, 2);
INSERT INTO `meeting_events` (`id`, `created_at`, `updated_at`, `event_order`, `begin_time`, `is_out_of_race`, `is_autofilled`, `notes`, `meeting_session_id`, `event_type_id`, `heat_type_id`, `user_id`, `has_separate_gender_start_list`, `has_separate_category_start_list`)
  VALUES (11252, '2016-10-28 14:53:58', '2016-10-28 14:53:58', 1, '2000-01-01 08:02:00', 0, 1, NULL, 2151, 16, 3, 1, 1, 0);
INSERT INTO `meeting_events` (`id`, `created_at`, `updated_at`, `event_order`, `begin_time`, `is_out_of_race`, `is_autofilled`, `notes`, `meeting_session_id`, `event_type_id`, `heat_type_id`, `user_id`, `has_separate_gender_start_list`, `has_separate_category_start_list`)
  VALUES (11253, '2016-10-28 14:53:58', '2016-10-28 14:53:58', 2, '2000-01-01 08:38:00', 0, 1, NULL, 2151, 22, 3, 1, 1, 0);
INSERT INTO `meeting_events` (`id`, `created_at`, `updated_at`, `event_order`, `begin_time`, `is_out_of_race`, `is_autofilled`, `notes`, `meeting_session_id`, `event_type_id`, `heat_type_id`, `user_id`, `has_separate_gender_start_list`, `has_separate_category_start_list`)
  VALUES (11254, '2016-10-28 14:53:58', '2016-10-28 14:53:58', 3, '2000-01-01 09:14:00', 0, 1, NULL, 2151, 20, 3, 1, 1, 0);
INSERT INTO `meeting_sessions` (`id`, `session_order`, `scheduled_date`, `warm_up_time`, `begin_time`, `notes`, `meeting_id`, `swimming_pool_id`, `user_id`, `created_at`, `updated_at`, `description`, `is_autofilled`, `day_part_type_id`)
  VALUES (2152, 2, '2017-05-20', '2000-01-01 14:30:00', '2000-01-01 15:00:00', '', 16333, 135, 2, '2016-10-28 14:53:58', '2016-10-28 14:53:58', 'FINALI', 1, 1);
INSERT INTO `meeting_events` (`id`, `created_at`, `updated_at`, `event_order`, `begin_time`, `is_out_of_race`, `is_autofilled`, `notes`, `meeting_session_id`, `event_type_id`, `heat_type_id`, `user_id`, `has_separate_gender_start_list`, `has_separate_category_start_list`)
  VALUES (11255, '2016-10-28 14:53:58', '2016-10-28 14:53:58', 4, '2000-01-01 09:50:00', 0, 1, NULL, 2152, 3, 3, 1, 1, 0);
INSERT INTO `meeting_events` (`id`, `created_at`, `updated_at`, `event_order`, `begin_time`, `is_out_of_race`, `is_autofilled`, `notes`, `meeting_session_id`, `event_type_id`, `heat_type_id`, `user_id`, `has_separate_gender_start_list`, `has_separate_category_start_list`)
  VALUES (11256, '2016-10-28 14:53:58', '2016-10-28 14:53:58', 5, '2000-01-01 10:34:00', 0, 1, NULL, 2152, 7, 3, 1, 1, 0);
INSERT INTO `meeting_sessions` (`id`, `session_order`, `scheduled_date`, `warm_up_time`, `begin_time`, `notes`, `meeting_id`, `swimming_pool_id`, `user_id`, `created_at`, `updated_at`, `description`, `is_autofilled`, `day_part_type_id`)
  VALUES (2153, 3, '2017-05-21', '2000-01-01 08:30:00', '2000-01-01 09:00:00', '', 16333, 135, 2, '2016-10-28 14:53:58', '2016-10-28 14:53:58', 'FINALI', 1, 2);
INSERT INTO `meeting_events` (`id`, `created_at`, `updated_at`, `event_order`, `begin_time`, `is_out_of_race`, `is_autofilled`, `notes`, `meeting_session_id`, `event_type_id`, `heat_type_id`, `user_id`, `has_separate_gender_start_list`, `has_separate_category_start_list`)
  VALUES (11257, '2016-10-28 14:53:58', '2016-10-28 14:53:58', 9, '2000-01-01 12:24:00', 0, 1, NULL, 2153, 15, 3, 1, 1, 0);
INSERT INTO `meeting_events` (`id`, `created_at`, `updated_at`, `event_order`, `begin_time`, `is_out_of_race`, `is_autofilled`, `notes`, `meeting_session_id`, `event_type_id`, `heat_type_id`, `user_id`, `has_separate_gender_start_list`, `has_separate_category_start_list`)
  VALUES (11258, '2016-10-28 14:53:58', '2016-10-28 14:53:58', 10, '2000-01-01 13:02:00', 0, 1, NULL, 2153, 11, 3, 1, 1, 0);
INSERT INTO `meeting_events` (`id`, `created_at`, `updated_at`, `event_order`, `begin_time`, `is_out_of_race`, `is_autofilled`, `notes`, `meeting_session_id`, `event_type_id`, `heat_type_id`, `user_id`, `has_separate_gender_start_list`, `has_separate_category_start_list`)
  VALUES (11259, '2016-10-28 14:53:58', '2016-10-28 14:53:58', 11, '2000-01-01 13:42:00', 0, 1, NULL, 2153, 19, 3, 1, 1, 0);
INSERT INTO `meeting_events` (`id`, `created_at`, `updated_at`, `event_order`, `begin_time`, `is_out_of_race`, `is_autofilled`, `notes`, `meeting_session_id`, `event_type_id`, `heat_type_id`, `user_id`, `has_separate_gender_start_list`, `has_separate_category_start_list`)
  VALUES (11260, '2016-10-28 14:53:58', '2016-10-28 14:53:58', 12, '2000-01-01 14:26:00', 0, 1, NULL, 2153, 2, 3, 1, 1, 0);
INSERT INTO `meeting_sessions` (`id`, `session_order`, `scheduled_date`, `warm_up_time`, `begin_time`, `notes`, `meeting_id`, `swimming_pool_id`, `user_id`, `created_at`, `updated_at`, `description`, `is_autofilled`, `day_part_type_id`)
  VALUES (2154, 4, '2017-05-21', '2000-01-01 15:00:00', '2000-01-01 15:30:00', '', 16333, 135, 2, '2016-10-28 14:53:58', '2016-10-28 14:53:58', 'FINALI', 1, 2);
INSERT INTO `meeting_events` (`id`, `created_at`, `updated_at`, `event_order`, `begin_time`, `is_out_of_race`, `is_autofilled`, `notes`, `meeting_session_id`, `event_type_id`, `heat_type_id`, `user_id`, `has_separate_gender_start_list`, `has_separate_category_start_list`)
  VALUES (11261, '2016-10-28 14:53:58', '2016-10-28 14:53:58', 13, '2000-01-01 15:14:00', 0, 1, NULL, 2154, 6, 3, 1, 1, 0);
INSERT INTO `meeting_events` (`id`, `created_at`, `updated_at`, `event_order`, `begin_time`, `is_out_of_race`, `is_autofilled`, `notes`, `meeting_session_id`, `event_type_id`, `heat_type_id`, `user_id`, `has_separate_gender_start_list`, `has_separate_category_start_list`)
  VALUES (11262, '2016-10-28 14:53:58', '2016-10-28 14:53:58', 14, '2000-01-01 15:52:30', 0, 1, NULL, 2154, 22, 3, 1, 1, 0);
INSERT INTO `meeting_events` (`id`, `created_at`, `updated_at`, `event_order`, `begin_time`, `is_out_of_race`, `is_autofilled`, `notes`, `meeting_session_id`, `event_type_id`, `heat_type_id`, `user_id`, `has_separate_gender_start_list`, `has_separate_category_start_list`)
  VALUES (11263, '2016-10-28 14:53:58', '2016-10-28 14:53:58', 15, '2000-01-01 15:52:00', 0, 1, NULL, 2154, 15, 3, 1, 1, 0);
INSERT INTO `meeting_events` (`id`, `created_at`, `updated_at`, `event_order`, `begin_time`, `is_out_of_race`, `is_autofilled`, `notes`, `meeting_session_id`, `event_type_id`, `heat_type_id`, `user_id`, `has_separate_gender_start_list`, `has_separate_category_start_list`)
  VALUES (11264, '2016-10-28 14:53:58', '2016-10-28 14:53:58', 16, '2000-01-01 15:51:30', 0, 1, NULL, 2154, 20, 3, 1, 1, 0);
INSERT INTO `meeting_events` (`id`, `created_at`, `updated_at`, `event_order`, `begin_time`, `is_out_of_race`, `is_autofilled`, `notes`, `meeting_session_id`, `event_type_id`, `heat_type_id`, `user_id`, `has_separate_gender_start_list`, `has_separate_category_start_list`)
  VALUES (11265, '2016-10-28 14:53:58', '2016-10-28 14:53:58', 17, '2000-01-01 15:47:00', 0, 1, NULL, 2154, 25, 3, 1, 1, 0);

-- 15334-napoliilgabbiano TROFEO IL GABBIANO 2016-05-29
INSERT INTO `meetings` (`id`, `description`, `entry_deadline`, `has_warm_up_pool`, `is_under_25_admitted`, `reference_phone`, `reference_e_mail`, `reference_name`, `notes`, `has_invitation`, `has_start_list`, `are_results_acquired`, `max_individual_events`, `configuration_file`, `edition`, `season_id`, `user_id`, `created_at`, `updated_at`, `is_autofilled`, `header_date`, `code`, `header_year`, `max_individual_events_per_session`, `is_out_of_season`, `edition_type_id`, `timing_type_id`, `individual_score_computation_type_id`, `relay_score_computation_type_id`, `team_score_computation_type_id`, `meeting_score_computation_type_id`, `invitation`, `is_confirmed`)
  VALUES (16334, 'TROFEO IL GABBIANO', NULL, 0, 1, NULL, NULL, NULL, 'Il Gabbiano Napoli', 0, 0, 0, 2, '?', 9, 162, 2, '2016-10-28 14:53:58', '2016-10-28 14:53:58', 1, '2017-05-28', 'napoliilgabbiano', '2017', 0, 0, 2, 3, 1, 1, 12, 1, NULL, 0);
INSERT INTO `meeting_sessions` (`id`, `session_order`, `scheduled_date`, `warm_up_time`, `begin_time`, `notes`, `meeting_id`, `swimming_pool_id`, `user_id`, `created_at`, `updated_at`, `description`, `is_autofilled`, `day_part_type_id`)
  VALUES (2155, 1, '2017-05-28', '2000-01-01 07:45:00', '2000-01-01 08:30:00', '', 16334, 101, 2, '2016-10-28 14:53:58', '2016-10-28 14:53:58', 'FINALI', 1, 1);
INSERT INTO `meeting_events` (`id`, `created_at`, `updated_at`, `event_order`, `begin_time`, `is_out_of_race`, `is_autofilled`, `notes`, `meeting_session_id`, `event_type_id`, `heat_type_id`, `user_id`, `has_separate_gender_start_list`, `has_separate_category_start_list`)
  VALUES (11266, '2016-10-28 14:53:58', '2016-10-28 14:53:58', 1, '2000-01-01 08:02:00', 0, 1, NULL, 2155, 6, 3, 1, 1, 0);
INSERT INTO `meeting_events` (`id`, `created_at`, `updated_at`, `event_order`, `begin_time`, `is_out_of_race`, `is_autofilled`, `notes`, `meeting_session_id`, `event_type_id`, `heat_type_id`, `user_id`, `has_separate_gender_start_list`, `has_separate_category_start_list`)
  VALUES (11267, '2016-10-28 14:53:58', '2016-10-28 14:53:58', 2, '2000-01-01 08:32:00', 0, 1, NULL, 2155, 24, 3, 1, 1, 0);
INSERT INTO `meeting_events` (`id`, `created_at`, `updated_at`, `event_order`, `begin_time`, `is_out_of_race`, `is_autofilled`, `notes`, `meeting_session_id`, `event_type_id`, `heat_type_id`, `user_id`, `has_separate_gender_start_list`, `has_separate_category_start_list`)
  VALUES (11268, '2016-10-28 14:53:58', '2016-10-28 14:53:58', 3, '2000-01-01 09:00:00', 0, 1, NULL, 2155, 16, 3, 1, 1, 0);
INSERT INTO `meeting_events` (`id`, `created_at`, `updated_at`, `event_order`, `begin_time`, `is_out_of_race`, `is_autofilled`, `notes`, `meeting_session_id`, `event_type_id`, `heat_type_id`, `user_id`, `has_separate_gender_start_list`, `has_separate_category_start_list`)
  VALUES (11269, '2016-10-28 14:53:58', '2016-10-28 14:53:58', 4, '2000-01-01 09:30:00', 0, 1, NULL, 2155, 3, 3, 1, 1, 0);
INSERT INTO `meeting_events` (`id`, `created_at`, `updated_at`, `event_order`, `begin_time`, `is_out_of_race`, `is_autofilled`, `notes`, `meeting_session_id`, `event_type_id`, `heat_type_id`, `user_id`, `has_separate_gender_start_list`, `has_separate_category_start_list`)
  VALUES (11270, '2016-10-28 14:53:58', '2016-10-28 14:53:58', 5, '2000-01-01 10:10:00', 0, 1, NULL, 2155, 11, 3, 1, 1, 0);
INSERT INTO `meeting_events` (`id`, `created_at`, `updated_at`, `event_order`, `begin_time`, `is_out_of_race`, `is_autofilled`, `notes`, `meeting_session_id`, `event_type_id`, `heat_type_id`, `user_id`, `has_separate_gender_start_list`, `has_separate_category_start_list`)
  VALUES (11271, '2016-10-28 14:53:58', '2016-10-28 14:53:58', 6, '2000-01-01 10:52:00', 0, 1, NULL, 2155, 19, 3, 1, 1, 0);
INSERT INTO `meeting_sessions` (`id`, `session_order`, `scheduled_date`, `warm_up_time`, `begin_time`, `notes`, `meeting_id`, `swimming_pool_id`, `user_id`, `created_at`, `updated_at`, `description`, `is_autofilled`, `day_part_type_id`)
  VALUES (2156, 2, '2017-05-28', '2000-01-01 14:15:00', '2000-01-01 15:00:00', '', 16334, 101, 2, '2016-10-28 14:53:58', '2016-10-28 14:53:58', 'FINALI', 1, 2);
INSERT INTO `meeting_events` (`id`, `created_at`, `updated_at`, `event_order`, `begin_time`, `is_out_of_race`, `is_autofilled`, `notes`, `meeting_session_id`, `event_type_id`, `heat_type_id`, `user_id`, `has_separate_gender_start_list`, `has_separate_category_start_list`)
  VALUES (11272, '2016-10-28 14:53:58', '2016-10-28 14:53:58', 7, '2000-01-01 11:24:00', 0, 1, NULL, 2156, 2, 3, 1, 1, 0);
INSERT INTO `meeting_events` (`id`, `created_at`, `updated_at`, `event_order`, `begin_time`, `is_out_of_race`, `is_autofilled`, `notes`, `meeting_session_id`, `event_type_id`, `heat_type_id`, `user_id`, `has_separate_gender_start_list`, `has_separate_category_start_list`)
  VALUES (11273, '2016-10-28 14:53:58', '2016-10-28 14:53:58', 8, '2000-01-01 12:04:00', 0, 1, NULL, 2156, 15, 3, 1, 1, 0);
INSERT INTO `meeting_events` (`id`, `created_at`, `updated_at`, `event_order`, `begin_time`, `is_out_of_race`, `is_autofilled`, `notes`, `meeting_session_id`, `event_type_id`, `heat_type_id`, `user_id`, `has_separate_gender_start_list`, `has_separate_category_start_list`)
  VALUES (11274, '2016-10-28 14:53:58', '2016-10-28 14:53:58', 9, '2000-01-01 12:24:00', 0, 1, NULL, 2156, 20, 3, 1, 1, 0);
INSERT INTO `meeting_events` (`id`, `created_at`, `updated_at`, `event_order`, `begin_time`, `is_out_of_race`, `is_autofilled`, `notes`, `meeting_session_id`, `event_type_id`, `heat_type_id`, `user_id`, `has_separate_gender_start_list`, `has_separate_category_start_list`)
  VALUES (11275, '2016-10-28 14:53:59', '2016-10-28 14:53:59', 10, '2000-01-01 12:54:00', 0, 1, NULL, 2156, 12, 3, 1, 1, 0);
INSERT INTO `meeting_events` (`id`, `created_at`, `updated_at`, `event_order`, `begin_time`, `is_out_of_race`, `is_autofilled`, `notes`, `meeting_session_id`, `event_type_id`, `heat_type_id`, `user_id`, `has_separate_gender_start_list`, `has_separate_category_start_list`)
  VALUES (11276, '2016-10-28 14:53:59', '2016-10-28 14:53:59', 11, '2000-01-01 13:26:00', 0, 1, NULL, 2156, 23, 3, 1, 1, 0);
INSERT INTO `meeting_events` (`id`, `created_at`, `updated_at`, `event_order`, `begin_time`, `is_out_of_race`, `is_autofilled`, `notes`, `meeting_session_id`, `event_type_id`, `heat_type_id`, `user_id`, `has_separate_gender_start_list`, `has_separate_category_start_list`)
  VALUES (11277, '2016-10-28 14:53:59', '2016-10-28 14:53:59', 12, '2000-01-01 14:12:00', 0, 1, NULL, 2156, 26, 3, 1, 1, 0);

-- 15335-palermopinacattarinich TROFEO PINA CATTARINICH 2016-04-17
INSERT INTO `meetings` (`id`, `description`, `entry_deadline`, `has_warm_up_pool`, `is_under_25_admitted`, `reference_phone`, `reference_e_mail`, `reference_name`, `notes`, `has_invitation`, `has_start_list`, `are_results_acquired`, `max_individual_events`, `configuration_file`, `edition`, `season_id`, `user_id`, `created_at`, `updated_at`, `is_autofilled`, `header_date`, `code`, `header_year`, `max_individual_events_per_session`, `is_out_of_season`, `edition_type_id`, `timing_type_id`, `individual_score_computation_type_id`, `relay_score_computation_type_id`, `team_score_computation_type_id`, `meeting_score_computation_type_id`, `invitation`, `is_confirmed`)
  VALUES (16335, 'TROFEO PINA CATTARINICH', NULL, 0, 1, NULL, NULL, NULL, 'Polisportiva Nadir', 0, 0, 0, 2, '?', 8, 162, 2, '2016-10-28 14:53:59', '2016-10-28 14:53:59', 1, '2017-04-16', 'palermopinacattarinich', '2017', 0, 0, 2, 3, 1, 1, 12, 1, NULL, 0);
INSERT INTO `meeting_sessions` (`id`, `session_order`, `scheduled_date`, `warm_up_time`, `begin_time`, `notes`, `meeting_id`, `swimming_pool_id`, `user_id`, `created_at`, `updated_at`, `description`, `is_autofilled`, `day_part_type_id`)
  VALUES (2157, 1, '2017-04-16', '2000-01-01 00:00:00', '2000-01-01 00:00:00', '', 16335, 80, 2, '2016-10-28 14:53:59', '2016-10-28 14:53:59', 'FINALI', 1, 1);
INSERT INTO `meeting_events` (`id`, `created_at`, `updated_at`, `event_order`, `begin_time`, `is_out_of_race`, `is_autofilled`, `notes`, `meeting_session_id`, `event_type_id`, `heat_type_id`, `user_id`, `has_separate_gender_start_list`, `has_separate_category_start_list`)
  VALUES (11278, '2016-10-28 14:53:59', '2016-10-28 14:53:59', 1, '2000-01-01 08:02:00', 0, 1, NULL, 2157, 12, 3, 1, 1, 0);
INSERT INTO `meeting_events` (`id`, `created_at`, `updated_at`, `event_order`, `begin_time`, `is_out_of_race`, `is_autofilled`, `notes`, `meeting_session_id`, `event_type_id`, `heat_type_id`, `user_id`, `has_separate_gender_start_list`, `has_separate_category_start_list`)
  VALUES (11279, '2016-10-28 14:53:59', '2016-10-28 14:53:59', 2, '2000-01-01 08:16:00', 0, 1, NULL, 2157, 20, 3, 1, 1, 0);
INSERT INTO `meeting_events` (`id`, `created_at`, `updated_at`, `event_order`, `begin_time`, `is_out_of_race`, `is_autofilled`, `notes`, `meeting_session_id`, `event_type_id`, `heat_type_id`, `user_id`, `has_separate_gender_start_list`, `has_separate_category_start_list`)
  VALUES (11280, '2016-10-28 14:53:59', '2016-10-28 14:53:59', 3, '2000-01-01 08:52:00', 0, 1, NULL, 2157, 3, 3, 1, 1, 0);
INSERT INTO `meeting_events` (`id`, `created_at`, `updated_at`, `event_order`, `begin_time`, `is_out_of_race`, `is_autofilled`, `notes`, `meeting_session_id`, `event_type_id`, `heat_type_id`, `user_id`, `has_separate_gender_start_list`, `has_separate_category_start_list`)
  VALUES (11281, '2016-10-28 14:53:59', '2016-10-28 14:53:59', 4, '2000-01-01 09:38:00', 0, 1, NULL, 2157, 17, 3, 1, 1, 0);
INSERT INTO `meeting_events` (`id`, `created_at`, `updated_at`, `event_order`, `begin_time`, `is_out_of_race`, `is_autofilled`, `notes`, `meeting_session_id`, `event_type_id`, `heat_type_id`, `user_id`, `has_separate_gender_start_list`, `has_separate_category_start_list`)
  VALUES (11282, '2016-10-28 14:53:59', '2016-10-28 14:53:59', 5, '2000-01-01 10:10:00', 0, 1, NULL, 2157, 24, 3, 1, 1, 0);
INSERT INTO `meeting_events` (`id`, `created_at`, `updated_at`, `event_order`, `begin_time`, `is_out_of_race`, `is_autofilled`, `notes`, `meeting_session_id`, `event_type_id`, `heat_type_id`, `user_id`, `has_separate_gender_start_list`, `has_separate_category_start_list`)
  VALUES (11283, '2016-10-28 14:53:59', '2016-10-28 14:53:59', 6, '2000-01-01 10:22:00', 0, 1, NULL, 2157, 5, 3, 1, 1, 0);
INSERT INTO `meeting_events` (`id`, `created_at`, `updated_at`, `event_order`, `begin_time`, `is_out_of_race`, `is_autofilled`, `notes`, `meeting_session_id`, `event_type_id`, `heat_type_id`, `user_id`, `has_separate_gender_start_list`, `has_separate_category_start_list`)
  VALUES (11284, '2016-10-28 14:53:59', '2016-10-28 14:53:59', 7, '2000-01-01 10:58:00', 0, 1, NULL, 2157, 15, 3, 1, 1, 0);
INSERT INTO `meeting_events` (`id`, `created_at`, `updated_at`, `event_order`, `begin_time`, `is_out_of_race`, `is_autofilled`, `notes`, `meeting_session_id`, `event_type_id`, `heat_type_id`, `user_id`, `has_separate_gender_start_list`, `has_separate_category_start_list`)
  VALUES (11285, '2016-10-28 14:53:59', '2016-10-28 14:53:59', 8, '2000-01-01 11:40:00', 0, 1, NULL, 2157, 11, 3, 1, 1, 0);
INSERT INTO `meeting_events` (`id`, `created_at`, `updated_at`, `event_order`, `begin_time`, `is_out_of_race`, `is_autofilled`, `notes`, `meeting_session_id`, `event_type_id`, `heat_type_id`, `user_id`, `has_separate_gender_start_list`, `has_separate_category_start_list`)
  VALUES (11286, '2016-10-28 14:53:59', '2016-10-28 14:53:59', 9, '2000-01-01 12:16:00', 0, 1, NULL, 2157, 19, 3, 1, 1, 0);
INSERT INTO `meeting_events` (`id`, `created_at`, `updated_at`, `event_order`, `begin_time`, `is_out_of_race`, `is_autofilled`, `notes`, `meeting_session_id`, `event_type_id`, `heat_type_id`, `user_id`, `has_separate_gender_start_list`, `has_separate_category_start_list`)
  VALUES (11287, '2016-10-28 14:53:59', '2016-10-28 14:53:59', 10, '2000-01-01 12:40:00', 0, 1, NULL, 2157, 2, 3, 1, 1, 0);
INSERT INTO `meeting_sessions` (`id`, `session_order`, `scheduled_date`, `warm_up_time`, `begin_time`, `notes`, `meeting_id`, `swimming_pool_id`, `user_id`, `created_at`, `updated_at`, `description`, `is_autofilled`, `day_part_type_id`)
  VALUES (2158, 2, '2017-04-16', '2000-01-01 00:00:00', '2000-01-01 00:00:00', '', 16335, 80, 2, '2016-10-28 14:53:59', '2016-10-28 14:53:59', 'FINALI', 1, 2);

-- 15336-caldierodelleterme TROFEO DELLE TERME 2016-05-28
INSERT INTO `meetings` (`id`, `description`, `entry_deadline`, `has_warm_up_pool`, `is_under_25_admitted`, `reference_phone`, `reference_e_mail`, `reference_name`, `notes`, `has_invitation`, `has_start_list`, `are_results_acquired`, `max_individual_events`, `configuration_file`, `edition`, `season_id`, `user_id`, `created_at`, `updated_at`, `is_autofilled`, `header_date`, `code`, `header_year`, `max_individual_events_per_session`, `is_out_of_season`, `edition_type_id`, `timing_type_id`, `individual_score_computation_type_id`, `relay_score_computation_type_id`, `team_score_computation_type_id`, `meeting_score_computation_type_id`, `invitation`, `is_confirmed`)
  VALUES (16336, 'TROFEO DELLE TERME', NULL, 0, 1, NULL, NULL, NULL, 'Nuoto Giunone', 0, 0, 0, 2, '?', 27, 162, 2, '2016-10-28 14:53:59', '2016-10-28 14:53:59', 1, '2017-05-27', 'caldierodelleterme', '2017', 0, 0, 2, 3, 1, 1, 12, 1, NULL, 0);
INSERT INTO `meeting_sessions` (`id`, `session_order`, `scheduled_date`, `warm_up_time`, `begin_time`, `notes`, `meeting_id`, `swimming_pool_id`, `user_id`, `created_at`, `updated_at`, `description`, `is_autofilled`, `day_part_type_id`)
  VALUES (2159, 1, '2017-05-27', '2000-01-01 00:00:00', '2000-01-01 00:00:00', '', 16336, 137, 2, '2016-10-28 14:53:59', '2016-10-28 14:53:59', 'FINALI', 1, 1);
INSERT INTO `meeting_events` (`id`, `created_at`, `updated_at`, `event_order`, `begin_time`, `is_out_of_race`, `is_autofilled`, `notes`, `meeting_session_id`, `event_type_id`, `heat_type_id`, `user_id`, `has_separate_gender_start_list`, `has_separate_category_start_list`)
  VALUES (11288, '2016-10-28 14:53:59', '2016-10-28 14:53:59', 1, '2000-01-01 08:04:00', 0, 1, NULL, 2159, 16, 3, 1, 1, 0);
INSERT INTO `meeting_events` (`id`, `created_at`, `updated_at`, `event_order`, `begin_time`, `is_out_of_race`, `is_autofilled`, `notes`, `meeting_session_id`, `event_type_id`, `heat_type_id`, `user_id`, `has_separate_gender_start_list`, `has_separate_category_start_list`)
  VALUES (11289, '2016-10-28 14:53:59', '2016-10-28 14:53:59', 2, '2000-01-01 08:44:00', 0, 1, NULL, 2159, 12, 3, 1, 1, 0);
INSERT INTO `meeting_events` (`id`, `created_at`, `updated_at`, `event_order`, `begin_time`, `is_out_of_race`, `is_autofilled`, `notes`, `meeting_session_id`, `event_type_id`, `heat_type_id`, `user_id`, `has_separate_gender_start_list`, `has_separate_category_start_list`)
  VALUES (11290, '2016-10-28 14:53:59', '2016-10-28 14:53:59', 3, '2000-01-01 09:16:00', 0, 1, NULL, 2159, 20, 3, 1, 1, 0);
INSERT INTO `meeting_events` (`id`, `created_at`, `updated_at`, `event_order`, `begin_time`, `is_out_of_race`, `is_autofilled`, `notes`, `meeting_session_id`, `event_type_id`, `heat_type_id`, `user_id`, `has_separate_gender_start_list`, `has_separate_category_start_list`)
  VALUES (11291, '2016-10-28 14:53:59', '2016-10-28 14:53:59', 4, '2000-01-01 09:58:00', 0, 1, NULL, 2159, 3, 3, 1, 1, 0);
INSERT INTO `meeting_events` (`id`, `created_at`, `updated_at`, `event_order`, `begin_time`, `is_out_of_race`, `is_autofilled`, `notes`, `meeting_session_id`, `event_type_id`, `heat_type_id`, `user_id`, `has_separate_gender_start_list`, `has_separate_category_start_list`)
  VALUES (11292, '2016-10-28 14:53:59', '2016-10-28 14:53:59', 5, '2000-01-01 10:40:00', 0, 1, NULL, 2159, 23, 3, 1, 1, 0);
INSERT INTO `meeting_events` (`id`, `created_at`, `updated_at`, `event_order`, `begin_time`, `is_out_of_race`, `is_autofilled`, `notes`, `meeting_session_id`, `event_type_id`, `heat_type_id`, `user_id`, `has_separate_gender_start_list`, `has_separate_category_start_list`)
  VALUES (11293, '2016-10-28 14:53:59', '2016-10-28 14:53:59', 6, '2000-01-01 11:18:00', 0, 1, NULL, 2159, 19, 3, 1, 1, 0);
INSERT INTO `meeting_events` (`id`, `created_at`, `updated_at`, `event_order`, `begin_time`, `is_out_of_race`, `is_autofilled`, `notes`, `meeting_session_id`, `event_type_id`, `heat_type_id`, `user_id`, `has_separate_gender_start_list`, `has_separate_category_start_list`)
  VALUES (11294, '2016-10-28 14:53:59', '2016-10-28 14:53:59', 7, '2000-01-01 12:00:00', 0, 1, NULL, 2159, 2, 3, 1, 1, 0);
INSERT INTO `meeting_events` (`id`, `created_at`, `updated_at`, `event_order`, `begin_time`, `is_out_of_race`, `is_autofilled`, `notes`, `meeting_session_id`, `event_type_id`, `heat_type_id`, `user_id`, `has_separate_gender_start_list`, `has_separate_category_start_list`)
  VALUES (11295, '2016-10-28 14:53:59', '2016-10-28 14:53:59', 8, '2000-01-01 12:38:30', 0, 1, NULL, 2159, 25, 3, 1, 1, 0);

-- 15337-gallarate MEETING CITT DI GALLARATE 2016-05-28
INSERT INTO `meetings` (`id`, `description`, `entry_deadline`, `has_warm_up_pool`, `is_under_25_admitted`, `reference_phone`, `reference_e_mail`, `reference_name`, `notes`, `has_invitation`, `has_start_list`, `are_results_acquired`, `max_individual_events`, `configuration_file`, `edition`, `season_id`, `user_id`, `created_at`, `updated_at`, `is_autofilled`, `header_date`, `code`, `header_year`, `max_individual_events_per_session`, `is_out_of_season`, `edition_type_id`, `timing_type_id`, `individual_score_computation_type_id`, `relay_score_computation_type_id`, `team_score_computation_type_id`, `meeting_score_computation_type_id`, `invitation`, `is_confirmed`)
  VALUES (16337, 'MEETING CITT DI GALLARATE', NULL, 0, 1, NULL, NULL, NULL, 'NC Gallarate', 0, 0, 0, 2, '?', 25, 162, 2, '2016-10-28 14:53:59', '2016-10-28 14:53:59', 1, '2017-05-27', 'gallarate', '2017', 0, 0, 2, 3, 1, 1, 12, 1, NULL, 0);
INSERT INTO `meeting_sessions` (`id`, `session_order`, `scheduled_date`, `warm_up_time`, `begin_time`, `notes`, `meeting_id`, `swimming_pool_id`, `user_id`, `created_at`, `updated_at`, `description`, `is_autofilled`, `day_part_type_id`)
  VALUES (2160, 1, '2017-05-27', '2000-01-01 08:30:00', '2000-01-01 09:30:00', '', 16337, 141, 2, '2016-10-28 14:53:59', '2016-10-28 14:53:59', 'FINALI', 1, 1);
INSERT INTO `meeting_events` (`id`, `created_at`, `updated_at`, `event_order`, `begin_time`, `is_out_of_race`, `is_autofilled`, `notes`, `meeting_session_id`, `event_type_id`, `heat_type_id`, `user_id`, `has_separate_gender_start_list`, `has_separate_category_start_list`)
  VALUES (11296, '2016-10-28 14:53:59', '2016-10-28 14:53:59', 1, '2000-01-01 08:02:00', 0, 1, NULL, 2160, 5, 3, 1, 1, 0);
INSERT INTO `meeting_events` (`id`, `created_at`, `updated_at`, `event_order`, `begin_time`, `is_out_of_race`, `is_autofilled`, `notes`, `meeting_session_id`, `event_type_id`, `heat_type_id`, `user_id`, `has_separate_gender_start_list`, `has_separate_category_start_list`)
  VALUES (11297, '2016-10-28 14:53:59', '2016-10-28 14:53:59', 2, '2000-01-01 08:38:00', 0, 1, NULL, 2160, 20, 3, 1, 1, 0);
INSERT INTO `meeting_events` (`id`, `created_at`, `updated_at`, `event_order`, `begin_time`, `is_out_of_race`, `is_autofilled`, `notes`, `meeting_session_id`, `event_type_id`, `heat_type_id`, `user_id`, `has_separate_gender_start_list`, `has_separate_category_start_list`)
  VALUES (11298, '2016-10-28 14:53:59', '2016-10-28 14:53:59', 3, '2000-01-01 09:20:00', 0, 1, NULL, 2160, 16, 3, 1, 1, 0);
INSERT INTO `meeting_events` (`id`, `created_at`, `updated_at`, `event_order`, `begin_time`, `is_out_of_race`, `is_autofilled`, `notes`, `meeting_session_id`, `event_type_id`, `heat_type_id`, `user_id`, `has_separate_gender_start_list`, `has_separate_category_start_list`)
  VALUES (11299, '2016-10-28 14:53:59', '2016-10-28 14:53:59', 4, '2000-01-01 10:00:00', 0, 1, NULL, 2160, 23, 3, 1, 1, 0);
INSERT INTO `meeting_events` (`id`, `created_at`, `updated_at`, `event_order`, `begin_time`, `is_out_of_race`, `is_autofilled`, `notes`, `meeting_session_id`, `event_type_id`, `heat_type_id`, `user_id`, `has_separate_gender_start_list`, `has_separate_category_start_list`)
  VALUES (11300, '2016-10-28 14:53:59', '2016-10-28 14:53:59', 5, '2000-01-01 10:36:00', 0, 1, NULL, 2160, 5, 3, 1, 1, 0);
INSERT INTO `meeting_events` (`id`, `created_at`, `updated_at`, `event_order`, `begin_time`, `is_out_of_race`, `is_autofilled`, `notes`, `meeting_session_id`, `event_type_id`, `heat_type_id`, `user_id`, `has_separate_gender_start_list`, `has_separate_category_start_list`)
  VALUES (11301, '2016-10-28 14:53:59', '2016-10-28 14:53:59', 6, '2000-01-01 11:12:00', 0, 1, NULL, 2160, 23, 3, 1, 1, 0);

-- 15338-canosadipugliasottolestelle TROFEO SOTTO LE STELLE 2016-05-28
INSERT INTO `meetings` (`id`, `description`, `entry_deadline`, `has_warm_up_pool`, `is_under_25_admitted`, `reference_phone`, `reference_e_mail`, `reference_name`, `notes`, `has_invitation`, `has_start_list`, `are_results_acquired`, `max_individual_events`, `configuration_file`, `edition`, `season_id`, `user_id`, `created_at`, `updated_at`, `is_autofilled`, `header_date`, `code`, `header_year`, `max_individual_events_per_session`, `is_out_of_season`, `edition_type_id`, `timing_type_id`, `individual_score_computation_type_id`, `relay_score_computation_type_id`, `team_score_computation_type_id`, `meeting_score_computation_type_id`, `invitation`, `is_confirmed`)
  VALUES (16338, 'TROFEO SOTTO LE STELLE', NULL, 0, 1, NULL, NULL, NULL, NULL, 0, 0, 0, 2, '?', 10, 162, 2, '2016-10-28 14:53:59', '2016-10-28 14:53:59', 1, '2017-05-27', 'canosadipugliasottolestelle', '2016', 0, 0, 2, 3, 1, 1, 12, 1, NULL, 0);
INSERT INTO `meeting_sessions` (`id`, `session_order`, `scheduled_date`, `warm_up_time`, `begin_time`, `notes`, `meeting_id`, `swimming_pool_id`, `user_id`, `created_at`, `updated_at`, `description`, `is_autofilled`, `day_part_type_id`)
  VALUES (2161, 1, '2017-05-27', '2000-01-01 00:00:00', '2000-01-01 00:00:00', '', 16338, 181, 2, '2016-10-28 14:53:59', '2016-10-28 14:53:59', 'FINALI', 1, 1);
INSERT INTO `meeting_events` (`id`, `created_at`, `updated_at`, `event_order`, `begin_time`, `is_out_of_race`, `is_autofilled`, `notes`, `meeting_session_id`, `event_type_id`, `heat_type_id`, `user_id`, `has_separate_gender_start_list`, `has_separate_category_start_list`)
  VALUES (11302, '2016-10-28 14:53:59', '2016-10-28 14:53:59', 1, '2000-01-01 08:02:00', 0, 1, NULL, 2161, 16, 3, 1, 1, 0);
INSERT INTO `meeting_events` (`id`, `created_at`, `updated_at`, `event_order`, `begin_time`, `is_out_of_race`, `is_autofilled`, `notes`, `meeting_session_id`, `event_type_id`, `heat_type_id`, `user_id`, `has_separate_gender_start_list`, `has_separate_category_start_list`)
  VALUES (11303, '2016-10-28 14:53:59', '2016-10-28 14:53:59', 2, '2000-01-01 08:20:00', 0, 1, NULL, 2161, 22, 3, 1, 1, 0);
INSERT INTO `meeting_events` (`id`, `created_at`, `updated_at`, `event_order`, `begin_time`, `is_out_of_race`, `is_autofilled`, `notes`, `meeting_session_id`, `event_type_id`, `heat_type_id`, `user_id`, `has_separate_gender_start_list`, `has_separate_category_start_list`)
  VALUES (11304, '2016-10-28 14:53:59', '2016-10-28 14:53:59', 3, '2000-01-01 08:46:00', 0, 1, NULL, 2161, 5, 3, 1, 1, 0);
INSERT INTO `meeting_events` (`id`, `created_at`, `updated_at`, `event_order`, `begin_time`, `is_out_of_race`, `is_autofilled`, `notes`, `meeting_session_id`, `event_type_id`, `heat_type_id`, `user_id`, `has_separate_gender_start_list`, `has_separate_category_start_list`)
  VALUES (11305, '2016-10-28 14:53:59', '2016-10-28 14:53:59', 4, '2000-01-01 09:12:00', 0, 1, NULL, 2161, 11, 3, 1, 1, 0);
INSERT INTO `meeting_events` (`id`, `created_at`, `updated_at`, `event_order`, `begin_time`, `is_out_of_race`, `is_autofilled`, `notes`, `meeting_session_id`, `event_type_id`, `heat_type_id`, `user_id`, `has_separate_gender_start_list`, `has_separate_category_start_list`)
  VALUES (11306, '2016-10-28 14:53:59', '2016-10-28 14:53:59', 5, '2000-01-01 09:36:00', 0, 1, NULL, 2161, 19, 3, 1, 1, 0);
INSERT INTO `meeting_events` (`id`, `created_at`, `updated_at`, `event_order`, `begin_time`, `is_out_of_race`, `is_autofilled`, `notes`, `meeting_session_id`, `event_type_id`, `heat_type_id`, `user_id`, `has_separate_gender_start_list`, `has_separate_category_start_list`)
  VALUES (11307, '2016-10-28 14:53:59', '2016-10-28 14:53:59', 6, '2000-01-01 10:04:00', 0, 1, NULL, 2161, 2, 3, 1, 1, 0);

-- 15339-romaflaminiosc MEETING FLAMINIO SC 2016-05-28
INSERT INTO `meetings` (`id`, `description`, `entry_deadline`, `has_warm_up_pool`, `is_under_25_admitted`, `reference_phone`, `reference_e_mail`, `reference_name`, `notes`, `has_invitation`, `has_start_list`, `are_results_acquired`, `max_individual_events`, `configuration_file`, `edition`, `season_id`, `user_id`, `created_at`, `updated_at`, `is_autofilled`, `header_date`, `code`, `header_year`, `max_individual_events_per_session`, `is_out_of_season`, `edition_type_id`, `timing_type_id`, `individual_score_computation_type_id`, `relay_score_computation_type_id`, `team_score_computation_type_id`, `meeting_score_computation_type_id`, `invitation`, `is_confirmed`)
  VALUES (16339, 'MEETING FLAMINIO SC', NULL, 0, 1, NULL, NULL, NULL, 'Flaminio SC', 0, 0, 0, 2, '?', 17, 162, 2, '2016-10-28 14:53:59', '2016-10-28 14:53:59', 1, '2017-05-27', 'romaflaminiosc', '2017', 0, 0, 2, 3, 1, 1, 12, 1, NULL, 0);
INSERT INTO `meeting_sessions` (`id`, `session_order`, `scheduled_date`, `warm_up_time`, `begin_time`, `notes`, `meeting_id`, `swimming_pool_id`, `user_id`, `created_at`, `updated_at`, `description`, `is_autofilled`, `day_part_type_id`)
  VALUES (2162, 1, '2017-05-27', '2000-01-01 08:30:00', '2000-01-01 09:30:00', '', 16339, 182, 2, '2016-10-28 14:53:59', '2016-10-28 14:53:59', 'FINALI', 1, 1);
INSERT INTO `meeting_events` (`id`, `created_at`, `updated_at`, `event_order`, `begin_time`, `is_out_of_race`, `is_autofilled`, `notes`, `meeting_session_id`, `event_type_id`, `heat_type_id`, `user_id`, `has_separate_gender_start_list`, `has_separate_category_start_list`)
  VALUES (11308, '2016-10-28 14:53:59', '2016-10-28 14:53:59', 1, '2000-01-01 08:02:00', 0, 1, NULL, 2162, 16, 3, 1, 1, 0);
INSERT INTO `meeting_events` (`id`, `created_at`, `updated_at`, `event_order`, `begin_time`, `is_out_of_race`, `is_autofilled`, `notes`, `meeting_session_id`, `event_type_id`, `heat_type_id`, `user_id`, `has_separate_gender_start_list`, `has_separate_category_start_list`)
  VALUES (11309, '2016-10-28 14:53:59', '2016-10-28 14:53:59', 2, '2000-01-01 08:40:00', 0, 1, NULL, 2162, 12, 3, 1, 1, 0);
INSERT INTO `meeting_events` (`id`, `created_at`, `updated_at`, `event_order`, `begin_time`, `is_out_of_race`, `is_autofilled`, `notes`, `meeting_session_id`, `event_type_id`, `heat_type_id`, `user_id`, `has_separate_gender_start_list`, `has_separate_category_start_list`)
  VALUES (11310, '2016-10-28 14:53:59', '2016-10-28 14:53:59', 3, '2000-01-01 09:10:00', 0, 1, NULL, 2162, 20, 3, 1, 1, 0);
INSERT INTO `meeting_events` (`id`, `created_at`, `updated_at`, `event_order`, `begin_time`, `is_out_of_race`, `is_autofilled`, `notes`, `meeting_session_id`, `event_type_id`, `heat_type_id`, `user_id`, `has_separate_gender_start_list`, `has_separate_category_start_list`)
  VALUES (11311, '2016-10-28 14:53:59', '2016-10-28 14:53:59', 4, '2000-01-01 09:56:00', 0, 1, NULL, 2162, 3, 3, 1, 1, 0);
INSERT INTO `meeting_sessions` (`id`, `session_order`, `scheduled_date`, `warm_up_time`, `begin_time`, `notes`, `meeting_id`, `swimming_pool_id`, `user_id`, `created_at`, `updated_at`, `description`, `is_autofilled`, `day_part_type_id`)
  VALUES (2163, 2, '2017-05-27', '2000-01-01 14:00:00', '2000-01-01 15:00:00', '', 16339, 182, 2, '2016-10-28 14:53:59', '2016-10-28 14:53:59', 'FINALI', 1, 2);
INSERT INTO `meeting_events` (`id`, `created_at`, `updated_at`, `event_order`, `begin_time`, `is_out_of_race`, `is_autofilled`, `notes`, `meeting_session_id`, `event_type_id`, `heat_type_id`, `user_id`, `has_separate_gender_start_list`, `has_separate_category_start_list`)
  VALUES (11312, '2016-10-28 14:53:59', '2016-10-28 14:53:59', 5, '2000-01-01 10:40:00', 0, 1, NULL, 2163, 23, 3, 1, 1, 0);
INSERT INTO `meeting_events` (`id`, `created_at`, `updated_at`, `event_order`, `begin_time`, `is_out_of_race`, `is_autofilled`, `notes`, `meeting_session_id`, `event_type_id`, `heat_type_id`, `user_id`, `has_separate_gender_start_list`, `has_separate_category_start_list`)
  VALUES (11313, '2016-10-28 14:53:59', '2016-10-28 14:53:59', 6, '2000-01-01 11:24:00', 0, 1, NULL, 2163, 15, 3, 1, 1, 0);
INSERT INTO `meeting_events` (`id`, `created_at`, `updated_at`, `event_order`, `begin_time`, `is_out_of_race`, `is_autofilled`, `notes`, `meeting_session_id`, `event_type_id`, `heat_type_id`, `user_id`, `has_separate_gender_start_list`, `has_separate_category_start_list`)
  VALUES (11314, '2016-10-28 14:53:59', '2016-10-28 14:53:59', 7, '2000-01-01 12:08:00', 0, 1, NULL, 2163, 11, 3, 1, 1, 0);
INSERT INTO `meeting_events` (`id`, `created_at`, `updated_at`, `event_order`, `begin_time`, `is_out_of_race`, `is_autofilled`, `notes`, `meeting_session_id`, `event_type_id`, `heat_type_id`, `user_id`, `has_separate_gender_start_list`, `has_separate_category_start_list`)
  VALUES (11315, '2016-10-28 14:53:59', '2016-10-28 14:53:59', 8, '2000-01-01 12:50:00', 0, 1, NULL, 2163, 19, 3, 1, 1, 0);
INSERT INTO `meeting_sessions` (`id`, `session_order`, `scheduled_date`, `warm_up_time`, `begin_time`, `notes`, `meeting_id`, `swimming_pool_id`, `user_id`, `created_at`, `updated_at`, `description`, `is_autofilled`, `day_part_type_id`)
  VALUES (2164, 3, '2017-05-28', '2000-01-01 08:00:00', '2000-01-01 09:00:00', '', 16339, 182, 2, '2016-10-28 14:53:59', '2016-10-28 14:53:59', 'FINALI', 1, 1);
INSERT INTO `meeting_events` (`id`, `created_at`, `updated_at`, `event_order`, `begin_time`, `is_out_of_race`, `is_autofilled`, `notes`, `meeting_session_id`, `event_type_id`, `heat_type_id`, `user_id`, `has_separate_gender_start_list`, `has_separate_category_start_list`)
  VALUES (11316, '2016-10-28 14:53:59', '2016-10-28 14:53:59', 9, '2000-01-01 13:40:00', 0, 1, NULL, 2164, 2, 3, 1, 1, 0);
INSERT INTO `meeting_events` (`id`, `created_at`, `updated_at`, `event_order`, `begin_time`, `is_out_of_race`, `is_autofilled`, `notes`, `meeting_session_id`, `event_type_id`, `heat_type_id`, `user_id`, `has_separate_gender_start_list`, `has_separate_category_start_list`)
  VALUES (11317, '2016-10-28 14:53:59', '2016-10-28 14:53:59', 10, '2000-01-01 10:04:00', 0, 1, NULL, 2164, 17, 3, 1, 1, 0);
INSERT INTO `meeting_events` (`id`, `created_at`, `updated_at`, `event_order`, `begin_time`, `is_out_of_race`, `is_autofilled`, `notes`, `meeting_session_id`, `event_type_id`, `heat_type_id`, `user_id`, `has_separate_gender_start_list`, `has_separate_category_start_list`)
  VALUES (11318, '2016-10-28 14:53:59', '2016-10-28 14:53:59', 11, '2000-01-01 10:24:00', 0, 1, NULL, 2164, 13, 3, 1, 1, 0);
INSERT INTO `meeting_events` (`id`, `created_at`, `updated_at`, `event_order`, `begin_time`, `is_out_of_race`, `is_autofilled`, `notes`, `meeting_session_id`, `event_type_id`, `heat_type_id`, `user_id`, `has_separate_gender_start_list`, `has_separate_category_start_list`)
  VALUES (11319, '2016-10-28 14:53:59', '2016-10-28 14:53:59', 12, '2000-01-01 11:08:00', 0, 1, NULL, 2164, 21, 3, 1, 1, 0);
INSERT INTO `meeting_sessions` (`id`, `session_order`, `scheduled_date`, `warm_up_time`, `begin_time`, `notes`, `meeting_id`, `swimming_pool_id`, `user_id`, `created_at`, `updated_at`, `description`, `is_autofilled`, `day_part_type_id`)
  VALUES (2165, 4, '2017-05-28', '2000-01-01 13:30:00', '2000-01-01 14:30:00', '', 16339, 182, 2, '2016-10-28 14:53:59', '2016-10-28 14:53:59', 'FINALI', 1, 2);
INSERT INTO `meeting_events` (`id`, `created_at`, `updated_at`, `event_order`, `begin_time`, `is_out_of_race`, `is_autofilled`, `notes`, `meeting_session_id`, `event_type_id`, `heat_type_id`, `user_id`, `has_separate_gender_start_list`, `has_separate_category_start_list`)
  VALUES (11320, '2016-10-28 14:53:59', '2016-10-28 14:53:59', 13, '2000-01-01 11:32:00', 0, 1, NULL, 2165, 4, 3, 1, 1, 0);
INSERT INTO `meeting_events` (`id`, `created_at`, `updated_at`, `event_order`, `begin_time`, `is_out_of_race`, `is_autofilled`, `notes`, `meeting_session_id`, `event_type_id`, `heat_type_id`, `user_id`, `has_separate_gender_start_list`, `has_separate_category_start_list`)
  VALUES (11321, '2016-10-28 14:53:59', '2016-10-28 14:53:59', 14, '2000-01-01 12:00:00', 0, 1, NULL, 2165, 24, 3, 1, 1, 0);
INSERT INTO `meeting_events` (`id`, `created_at`, `updated_at`, `event_order`, `begin_time`, `is_out_of_race`, `is_autofilled`, `notes`, `meeting_session_id`, `event_type_id`, `heat_type_id`, `user_id`, `has_separate_gender_start_list`, `has_separate_category_start_list`)
  VALUES (11322, '2016-10-28 14:53:59', '2016-10-28 14:53:59', 15, '2000-01-01 12:14:00', 0, 1, NULL, 2165, 5, 3, 1, 1, 0);
INSERT INTO `meeting_events` (`id`, `created_at`, `updated_at`, `event_order`, `begin_time`, `is_out_of_race`, `is_autofilled`, `notes`, `meeting_session_id`, `event_type_id`, `heat_type_id`, `user_id`, `has_separate_gender_start_list`, `has_separate_category_start_list`)
  VALUES (11323, '2016-10-28 14:53:59', '2016-10-28 14:53:59', 16, '2000-01-01 15:00:30', 0, 1, NULL, 2165, 25, 3, 1, 1, 0);

-- 15340-nociotre TROFEO OTRE' 2016-06-02
INSERT INTO `meetings` (`id`, `description`, `entry_deadline`, `has_warm_up_pool`, `is_under_25_admitted`, `reference_phone`, `reference_e_mail`, `reference_name`, `notes`, `has_invitation`, `has_start_list`, `are_results_acquired`, `max_individual_events`, `configuration_file`, `edition`, `season_id`, `user_id`, `created_at`, `updated_at`, `is_autofilled`, `header_date`, `code`, `header_year`, `max_individual_events_per_session`, `is_out_of_season`, `edition_type_id`, `timing_type_id`, `individual_score_computation_type_id`, `relay_score_computation_type_id`, `team_score_computation_type_id`, `meeting_score_computation_type_id`, `invitation`, `is_confirmed`)
  VALUES (16340, 'TROFEO OTRE''', NULL, 0, 1, NULL, NULL, NULL, 'OTRE S.S.D.a.R.L', 0, 0, 0, 2, '?', 3, 162, 2, '2016-10-28 14:53:59', '2016-10-28 14:53:59', 1, '2017-06-01', 'nociotre', '2017', 0, 0, 2, 3, 1, 1, 12, 1, NULL, 0);
INSERT INTO `meeting_sessions` (`id`, `session_order`, `scheduled_date`, `warm_up_time`, `begin_time`, `notes`, `meeting_id`, `swimming_pool_id`, `user_id`, `created_at`, `updated_at`, `description`, `is_autofilled`, `day_part_type_id`)
  VALUES (2166, 1, '2017-06-01', '2000-01-01 08:00:00', '2000-01-01 09:00:00', '', 16340, 183, 2, '2016-10-28 14:53:59', '2016-10-28 14:53:59', 'FINALI', 1, 1);
INSERT INTO `meeting_events` (`id`, `created_at`, `updated_at`, `event_order`, `begin_time`, `is_out_of_race`, `is_autofilled`, `notes`, `meeting_session_id`, `event_type_id`, `heat_type_id`, `user_id`, `has_separate_gender_start_list`, `has_separate_category_start_list`)
  VALUES (11324, '2016-10-28 14:53:59', '2016-10-28 14:53:59', 1, '2000-01-01 08:02:00', 0, 1, NULL, 2166, 23, 3, 1, 1, 0);
INSERT INTO `meeting_events` (`id`, `created_at`, `updated_at`, `event_order`, `begin_time`, `is_out_of_race`, `is_autofilled`, `notes`, `meeting_session_id`, `event_type_id`, `heat_type_id`, `user_id`, `has_separate_gender_start_list`, `has_separate_category_start_list`)
  VALUES (11325, '2016-10-28 14:53:59', '2016-10-28 14:53:59', 2, '2000-01-01 08:30:00', 0, 1, NULL, 2166, 16, 3, 1, 1, 0);
INSERT INTO `meeting_events` (`id`, `created_at`, `updated_at`, `event_order`, `begin_time`, `is_out_of_race`, `is_autofilled`, `notes`, `meeting_session_id`, `event_type_id`, `heat_type_id`, `user_id`, `has_separate_gender_start_list`, `has_separate_category_start_list`)
  VALUES (11326, '2016-10-28 14:53:59', '2016-10-28 14:53:59', 3, '2000-01-01 09:04:00', 0, 1, NULL, 2166, 11, 3, 1, 1, 0);
INSERT INTO `meeting_events` (`id`, `created_at`, `updated_at`, `event_order`, `begin_time`, `is_out_of_race`, `is_autofilled`, `notes`, `meeting_session_id`, `event_type_id`, `heat_type_id`, `user_id`, `has_separate_gender_start_list`, `has_separate_category_start_list`)
  VALUES (11327, '2016-10-28 14:53:59', '2016-10-28 14:53:59', 4, '2000-01-01 09:42:00', 0, 1, NULL, 2166, 3, 3, 1, 1, 0);
INSERT INTO `meeting_sessions` (`id`, `session_order`, `scheduled_date`, `warm_up_time`, `begin_time`, `notes`, `meeting_id`, `swimming_pool_id`, `user_id`, `created_at`, `updated_at`, `description`, `is_autofilled`, `day_part_type_id`)
  VALUES (2167, 2, '2017-06-01', '2000-01-01 14:30:00', '2000-01-01 15:30:00', '', 16340, 183, 2, '2016-10-28 14:53:59', '2016-10-28 14:53:59', 'FINALI', 1, 2);
INSERT INTO `meeting_events` (`id`, `created_at`, `updated_at`, `event_order`, `begin_time`, `is_out_of_race`, `is_autofilled`, `notes`, `meeting_session_id`, `event_type_id`, `heat_type_id`, `user_id`, `has_separate_gender_start_list`, `has_separate_category_start_list`)
  VALUES (11328, '2016-10-28 14:53:59', '2016-10-28 14:53:59', 5, '2000-01-01 10:16:00', 0, 1, NULL, 2167, 5, 3, 1, 1, 0);
INSERT INTO `meeting_events` (`id`, `created_at`, `updated_at`, `event_order`, `begin_time`, `is_out_of_race`, `is_autofilled`, `notes`, `meeting_session_id`, `event_type_id`, `heat_type_id`, `user_id`, `has_separate_gender_start_list`, `has_separate_category_start_list`)
  VALUES (11329, '2016-10-28 14:53:59', '2016-10-28 14:53:59', 6, '2000-01-01 10:50:00', 0, 1, NULL, 2167, 15, 3, 1, 1, 0);
INSERT INTO `meeting_events` (`id`, `created_at`, `updated_at`, `event_order`, `begin_time`, `is_out_of_race`, `is_autofilled`, `notes`, `meeting_session_id`, `event_type_id`, `heat_type_id`, `user_id`, `has_separate_gender_start_list`, `has_separate_category_start_list`)
  VALUES (11330, '2016-10-28 14:53:59', '2016-10-28 14:53:59', 7, '2000-01-01 11:22:00', 0, 1, NULL, 2167, 20, 3, 1, 1, 0);
INSERT INTO `meeting_events` (`id`, `created_at`, `updated_at`, `event_order`, `begin_time`, `is_out_of_race`, `is_autofilled`, `notes`, `meeting_session_id`, `event_type_id`, `heat_type_id`, `user_id`, `has_separate_gender_start_list`, `has_separate_category_start_list`)
  VALUES (11331, '2016-10-28 14:54:00', '2016-10-28 14:54:00', 8, '2000-01-01 11:54:00', 0, 1, NULL, 2167, 2, 3, 1, 1, 0);
INSERT INTO `meeting_events` (`id`, `created_at`, `updated_at`, `event_order`, `begin_time`, `is_out_of_race`, `is_autofilled`, `notes`, `meeting_session_id`, `event_type_id`, `heat_type_id`, `user_id`, `has_separate_gender_start_list`, `has_separate_category_start_list`)
  VALUES (11332, '2016-10-28 14:54:00', '2016-10-28 14:54:00', 9, NULL, 0, 1, NULL, 2167, 32, 3, 2, 1, 0);

-- 15342-trentonuotatoritrentini TROFEO NUOTATORI TRENTINI 2016-06-04
INSERT INTO `meetings` (`id`, `description`, `entry_deadline`, `has_warm_up_pool`, `is_under_25_admitted`, `reference_phone`, `reference_e_mail`, `reference_name`, `notes`, `has_invitation`, `has_start_list`, `are_results_acquired`, `max_individual_events`, `configuration_file`, `edition`, `season_id`, `user_id`, `created_at`, `updated_at`, `is_autofilled`, `header_date`, `code`, `header_year`, `max_individual_events_per_session`, `is_out_of_season`, `edition_type_id`, `timing_type_id`, `individual_score_computation_type_id`, `relay_score_computation_type_id`, `team_score_computation_type_id`, `meeting_score_computation_type_id`, `invitation`, `is_confirmed`)
  VALUES (16342, 'TROFEO NUOTATORI TRENTINI', NULL, 0, 1, NULL, NULL, NULL, 'Nuotatori Trentini a.s.d.', 0, 0, 0, 2, '?', 3, 162, 2, '2016-10-28 14:54:00', '2016-10-28 14:54:00', 1, '2017-06-03', 'trentonuotatoritrentini', '2017', 0, 0, 2, 3, 1, 1, 12, 1, NULL, 0);
INSERT INTO `meeting_sessions` (`id`, `session_order`, `scheduled_date`, `warm_up_time`, `begin_time`, `notes`, `meeting_id`, `swimming_pool_id`, `user_id`, `created_at`, `updated_at`, `description`, `is_autofilled`, `day_part_type_id`)
  VALUES (2168, 1, '2017-06-03', '2000-01-01 08:30:00', '2000-01-01 09:30:00', '', 16342, 185, 2, '2016-10-28 14:54:00', '2016-10-28 14:54:00', 'FINALI', 1, 1);
INSERT INTO `meeting_events` (`id`, `created_at`, `updated_at`, `event_order`, `begin_time`, `is_out_of_race`, `is_autofilled`, `notes`, `meeting_session_id`, `event_type_id`, `heat_type_id`, `user_id`, `has_separate_gender_start_list`, `has_separate_category_start_list`)
  VALUES (11333, '2016-10-28 14:54:00', '2016-10-28 14:54:00', 1, '2000-01-01 08:02:00', 0, 1, NULL, 2168, 5, 3, 1, 1, 0);
INSERT INTO `meeting_events` (`id`, `created_at`, `updated_at`, `event_order`, `begin_time`, `is_out_of_race`, `is_autofilled`, `notes`, `meeting_session_id`, `event_type_id`, `heat_type_id`, `user_id`, `has_separate_gender_start_list`, `has_separate_category_start_list`)
  VALUES (11334, '2016-10-28 14:54:00', '2016-10-28 14:54:00', 2, '2000-01-01 08:22:00', 0, 1, NULL, 2168, 21, 3, 1, 1, 0);
INSERT INTO `meeting_events` (`id`, `created_at`, `updated_at`, `event_order`, `begin_time`, `is_out_of_race`, `is_autofilled`, `notes`, `meeting_session_id`, `event_type_id`, `heat_type_id`, `user_id`, `has_separate_gender_start_list`, `has_separate_category_start_list`)
  VALUES (11335, '2016-10-28 14:54:00', '2016-10-28 14:54:00', 3, '2000-01-01 09:02:00', 0, 1, NULL, 2168, 23, 3, 1, 1, 0);
INSERT INTO `meeting_events` (`id`, `created_at`, `updated_at`, `event_order`, `begin_time`, `is_out_of_race`, `is_autofilled`, `notes`, `meeting_session_id`, `event_type_id`, `heat_type_id`, `user_id`, `has_separate_gender_start_list`, `has_separate_category_start_list`)
  VALUES (11336, '2016-10-28 14:54:00', '2016-10-28 14:54:00', 4, '2000-01-01 09:18:00', 0, 1, NULL, 2168, 17, 3, 1, 1, 0);
INSERT INTO `meeting_events` (`id`, `created_at`, `updated_at`, `event_order`, `begin_time`, `is_out_of_race`, `is_autofilled`, `notes`, `meeting_session_id`, `event_type_id`, `heat_type_id`, `user_id`, `has_separate_gender_start_list`, `has_separate_category_start_list`)
  VALUES (11337, '2016-10-28 14:54:00', '2016-10-28 14:54:00', 5, '2000-01-01 09:42:00', 0, 1, NULL, 2168, 3, 3, 1, 1, 0);
INSERT INTO `meeting_events` (`id`, `created_at`, `updated_at`, `event_order`, `begin_time`, `is_out_of_race`, `is_autofilled`, `notes`, `meeting_session_id`, `event_type_id`, `heat_type_id`, `user_id`, `has_separate_gender_start_list`, `has_separate_category_start_list`)
  VALUES (11338, '2016-10-28 14:54:00', '2016-10-28 14:54:00', 6, '2000-01-01 10:14:00', 0, 1, NULL, 2168, 20, 3, 1, 1, 0);
INSERT INTO `meeting_events` (`id`, `created_at`, `updated_at`, `event_order`, `begin_time`, `is_out_of_race`, `is_autofilled`, `notes`, `meeting_session_id`, `event_type_id`, `heat_type_id`, `user_id`, `has_separate_gender_start_list`, `has_separate_category_start_list`)
  VALUES (11339, '2016-10-28 14:54:00', '2016-10-28 14:54:00', 7, '2000-01-01 10:42:00', 0, 1, NULL, 2168, 16, 3, 1, 1, 0);
INSERT INTO `meeting_events` (`id`, `created_at`, `updated_at`, `event_order`, `begin_time`, `is_out_of_race`, `is_autofilled`, `notes`, `meeting_session_id`, `event_type_id`, `heat_type_id`, `user_id`, `has_separate_gender_start_list`, `has_separate_category_start_list`)
  VALUES (11340, '2016-10-28 14:54:00', '2016-10-28 14:54:00', 8, '2000-01-01 11:16:00', 0, 1, NULL, 2168, 12, 3, 1, 1, 0);
INSERT INTO `meeting_events` (`id`, `created_at`, `updated_at`, `event_order`, `begin_time`, `is_out_of_race`, `is_autofilled`, `notes`, `meeting_session_id`, `event_type_id`, `heat_type_id`, `user_id`, `has_separate_gender_start_list`, `has_separate_category_start_list`)
  VALUES (11341, '2016-10-28 14:54:00', '2016-10-28 14:54:00', 9, NULL, 0, 1, NULL, 2168, 15, 3, 2, 1, 0);
INSERT INTO `meeting_events` (`id`, `created_at`, `updated_at`, `event_order`, `begin_time`, `is_out_of_race`, `is_autofilled`, `notes`, `meeting_session_id`, `event_type_id`, `heat_type_id`, `user_id`, `has_separate_gender_start_list`, `has_separate_category_start_list`)
  VALUES (11342, '2016-10-28 14:54:00', '2016-10-28 14:54:00', 10, NULL, 0, 1, NULL, 2168, 11, 3, 2, 1, 0);
INSERT INTO `meeting_events` (`id`, `created_at`, `updated_at`, `event_order`, `begin_time`, `is_out_of_race`, `is_autofilled`, `notes`, `meeting_session_id`, `event_type_id`, `heat_type_id`, `user_id`, `has_separate_gender_start_list`, `has_separate_category_start_list`)
  VALUES (11343, '2016-10-28 14:54:00', '2016-10-28 14:54:00', 11, NULL, 0, 1, NULL, 2168, 19, 3, 2, 1, 0);
INSERT INTO `meeting_events` (`id`, `created_at`, `updated_at`, `event_order`, `begin_time`, `is_out_of_race`, `is_autofilled`, `notes`, `meeting_session_id`, `event_type_id`, `heat_type_id`, `user_id`, `has_separate_gender_start_list`, `has_separate_category_start_list`)
  VALUES (11344, '2016-10-28 14:54:00', '2016-10-28 14:54:00', 12, NULL, 0, 1, NULL, 2168, 2, 3, 2, 1, 0);

-- 15344-cittadicastelloitalogalluzzi TROFEO ITALO GALLUZZI 2016-06-04
INSERT INTO `meetings` (`id`, `description`, `entry_deadline`, `has_warm_up_pool`, `is_under_25_admitted`, `reference_phone`, `reference_e_mail`, `reference_name`, `notes`, `has_invitation`, `has_start_list`, `are_results_acquired`, `max_individual_events`, `configuration_file`, `edition`, `season_id`, `user_id`, `created_at`, `updated_at`, `is_autofilled`, `header_date`, `code`, `header_year`, `max_individual_events_per_session`, `is_out_of_season`, `edition_type_id`, `timing_type_id`, `individual_score_computation_type_id`, `relay_score_computation_type_id`, `team_score_computation_type_id`, `meeting_score_computation_type_id`, `invitation`, `is_confirmed`)
  VALUES (16344, 'TROFEO ITALO GALLUZZI', NULL, 0, 1, NULL, NULL, NULL, 'Polisport', 0, 0, 0, 2, '?', 32, 162, 2, '2016-10-28 14:54:00', '2016-10-28 14:54:00', 1, '2017-06-03', 'cittadicastelloitalogalluzzi', '2017', 0, 0, 2, 3, 1, 1, 12, 1, NULL, 0);
INSERT INTO `meeting_sessions` (`id`, `session_order`, `scheduled_date`, `warm_up_time`, `begin_time`, `notes`, `meeting_id`, `swimming_pool_id`, `user_id`, `created_at`, `updated_at`, `description`, `is_autofilled`, `day_part_type_id`)
  VALUES (2169, 1, '2017-06-03', '2000-01-01 08:00:00', '2000-01-01 08:30:00', '', 16344, 142, 2, '2016-10-28 14:54:00', '2016-10-28 14:54:00', 'FINALI', 1, 1);
INSERT INTO `meeting_events` (`id`, `created_at`, `updated_at`, `event_order`, `begin_time`, `is_out_of_race`, `is_autofilled`, `notes`, `meeting_session_id`, `event_type_id`, `heat_type_id`, `user_id`, `has_separate_gender_start_list`, `has_separate_category_start_list`)
  VALUES (11345, '2016-10-28 14:54:00', '2016-10-28 14:54:00', 1, '2000-01-01 08:02:00', 0, 1, NULL, 2169, 7, 3, 1, 1, 0);
INSERT INTO `meeting_events` (`id`, `created_at`, `updated_at`, `event_order`, `begin_time`, `is_out_of_race`, `is_autofilled`, `notes`, `meeting_session_id`, `event_type_id`, `heat_type_id`, `user_id`, `has_separate_gender_start_list`, `has_separate_category_start_list`)
  VALUES (11346, '2016-10-28 14:54:00', '2016-10-28 14:54:00', 13, '2000-01-01 13:33:30', 0, 1, NULL, 2169, 26, 3, 1, 1, 0);
INSERT INTO `meeting_sessions` (`id`, `session_order`, `scheduled_date`, `warm_up_time`, `begin_time`, `notes`, `meeting_id`, `swimming_pool_id`, `user_id`, `created_at`, `updated_at`, `description`, `is_autofilled`, `day_part_type_id`)
  VALUES (2170, 2, '2017-06-03', '2000-01-01 14:00:00', '2000-01-01 14:30:00', '', 16344, 142, 2, '2016-10-28 14:54:00', '2016-10-28 14:54:00', 'FINALI', 1, 2);
INSERT INTO `meeting_events` (`id`, `created_at`, `updated_at`, `event_order`, `begin_time`, `is_out_of_race`, `is_autofilled`, `notes`, `meeting_session_id`, `event_type_id`, `heat_type_id`, `user_id`, `has_separate_gender_start_list`, `has_separate_category_start_list`)
  VALUES (11347, '2016-10-28 14:54:00', '2016-10-28 14:54:00', 2, '2000-01-01 08:34:00', 0, 1, NULL, 2170, 23, 3, 1, 1, 0);
INSERT INTO `meeting_events` (`id`, `created_at`, `updated_at`, `event_order`, `begin_time`, `is_out_of_race`, `is_autofilled`, `notes`, `meeting_session_id`, `event_type_id`, `heat_type_id`, `user_id`, `has_separate_gender_start_list`, `has_separate_category_start_list`)
  VALUES (11348, '2016-10-28 14:54:00', '2016-10-28 14:54:00', 3, '2000-01-01 09:10:00', 0, 1, NULL, 2170, 4, 3, 1, 1, 0);
INSERT INTO `meeting_events` (`id`, `created_at`, `updated_at`, `event_order`, `begin_time`, `is_out_of_race`, `is_autofilled`, `notes`, `meeting_session_id`, `event_type_id`, `heat_type_id`, `user_id`, `has_separate_gender_start_list`, `has_separate_category_start_list`)
  VALUES (11349, '2016-10-28 14:54:00', '2016-10-28 14:54:00', 4, '2000-01-01 09:46:00', 0, 1, NULL, 2170, 19, 3, 1, 1, 0);
INSERT INTO `meeting_events` (`id`, `created_at`, `updated_at`, `event_order`, `begin_time`, `is_out_of_race`, `is_autofilled`, `notes`, `meeting_session_id`, `event_type_id`, `heat_type_id`, `user_id`, `has_separate_gender_start_list`, `has_separate_category_start_list`)
  VALUES (11350, '2016-10-28 14:54:00', '2016-10-28 14:54:00', 5, '2000-01-01 10:14:00', 0, 1, NULL, 2170, 11, 3, 1, 1, 0);
INSERT INTO `meeting_events` (`id`, `created_at`, `updated_at`, `event_order`, `begin_time`, `is_out_of_race`, `is_autofilled`, `notes`, `meeting_session_id`, `event_type_id`, `heat_type_id`, `user_id`, `has_separate_gender_start_list`, `has_separate_category_start_list`)
  VALUES (11351, '2016-10-28 14:54:00', '2016-10-28 14:54:00', 6, '2000-01-01 10:46:00', 0, 1, NULL, 2170, 25, 3, 1, 1, 0);
INSERT INTO `meeting_events` (`id`, `created_at`, `updated_at`, `event_order`, `begin_time`, `is_out_of_race`, `is_autofilled`, `notes`, `meeting_session_id`, `event_type_id`, `heat_type_id`, `user_id`, `has_separate_gender_start_list`, `has_separate_category_start_list`)
  VALUES (11352, '2016-10-28 14:54:00', '2016-10-28 14:54:00', 7, '2000-01-01 11:02:00', 0, 1, NULL, 2170, 32, 3, 1, 1, 0);
INSERT INTO `meeting_sessions` (`id`, `session_order`, `scheduled_date`, `warm_up_time`, `begin_time`, `notes`, `meeting_id`, `swimming_pool_id`, `user_id`, `created_at`, `updated_at`, `description`, `is_autofilled`, `day_part_type_id`)
  VALUES (2171, 3, '2017-06-04', '2000-01-01 08:00:00', '2000-01-01 08:30:00', '', 16344, 142, 2, '2016-10-28 14:54:00', '2016-10-28 14:54:00', 'FINALI', 1, 1);
INSERT INTO `meeting_events` (`id`, `created_at`, `updated_at`, `event_order`, `begin_time`, `is_out_of_race`, `is_autofilled`, `notes`, `meeting_session_id`, `event_type_id`, `heat_type_id`, `user_id`, `has_separate_gender_start_list`, `has_separate_category_start_list`)
  VALUES (11353, '2016-10-28 14:54:00', '2016-10-28 14:54:00', 8, '2000-01-01 11:36:00', 0, 1, NULL, 2171, 3, 3, 1, 1, 0);
INSERT INTO `meeting_events` (`id`, `created_at`, `updated_at`, `event_order`, `begin_time`, `is_out_of_race`, `is_autofilled`, `notes`, `meeting_session_id`, `event_type_id`, `heat_type_id`, `user_id`, `has_separate_gender_start_list`, `has_separate_category_start_list`)
  VALUES (11354, '2016-10-28 14:54:00', '2016-10-28 14:54:00', 9, '2000-01-01 12:08:00', 0, 1, NULL, 2171, 20, 3, 1, 1, 0);
INSERT INTO `meeting_events` (`id`, `created_at`, `updated_at`, `event_order`, `begin_time`, `is_out_of_race`, `is_autofilled`, `notes`, `meeting_session_id`, `event_type_id`, `heat_type_id`, `user_id`, `has_separate_gender_start_list`, `has_separate_category_start_list`)
  VALUES (11355, '2016-10-28 14:54:00', '2016-10-28 14:54:00', 10, '2000-01-01 12:44:00', 0, 1, NULL, 2171, 24, 3, 1, 1, 0);
INSERT INTO `meeting_events` (`id`, `created_at`, `updated_at`, `event_order`, `begin_time`, `is_out_of_race`, `is_autofilled`, `notes`, `meeting_session_id`, `event_type_id`, `heat_type_id`, `user_id`, `has_separate_gender_start_list`, `has_separate_category_start_list`)
  VALUES (11356, '2016-10-28 14:54:00', '2016-10-28 14:54:00', 11, '2000-01-01 13:20:30', 0, 1, NULL, 2171, 15, 3, 1, 1, 0);
INSERT INTO `meeting_events` (`id`, `created_at`, `updated_at`, `event_order`, `begin_time`, `is_out_of_race`, `is_autofilled`, `notes`, `meeting_session_id`, `event_type_id`, `heat_type_id`, `user_id`, `has_separate_gender_start_list`, `has_separate_category_start_list`)
  VALUES (11357, '2016-10-28 14:54:00', '2016-10-28 14:54:00', 12, '2000-01-01 13:17:30', 0, 1, NULL, 2171, 2, 3, 1, 1, 0);

-- 15345-comognovaticittadicomo MEMORIAL G NOVATI CITTA' DI COMO 2016-06-05
INSERT INTO `meetings` (`id`, `description`, `entry_deadline`, `has_warm_up_pool`, `is_under_25_admitted`, `reference_phone`, `reference_e_mail`, `reference_name`, `notes`, `has_invitation`, `has_start_list`, `are_results_acquired`, `max_individual_events`, `configuration_file`, `edition`, `season_id`, `user_id`, `created_at`, `updated_at`, `is_autofilled`, `header_date`, `code`, `header_year`, `max_individual_events_per_session`, `is_out_of_season`, `edition_type_id`, `timing_type_id`, `individual_score_computation_type_id`, `relay_score_computation_type_id`, `team_score_computation_type_id`, `meeting_score_computation_type_id`, `invitation`, `is_confirmed`)
  VALUES (16345, 'MEMORIAL G NOVATI CITTA'' DI COMO', NULL, 0, 1, NULL, NULL, NULL, 'ICE CLUB COMO', 0, 0, 0, 2, '?', 9, 162, 2, '2016-10-28 14:54:00', '2016-10-28 14:54:00', 1, '2017-06-04', 'comognovaticittadicomo', '2017', 0, 0, 2, 3, 1, 1, 12, 1, NULL, 0);
INSERT INTO `meeting_sessions` (`id`, `session_order`, `scheduled_date`, `warm_up_time`, `begin_time`, `notes`, `meeting_id`, `swimming_pool_id`, `user_id`, `created_at`, `updated_at`, `description`, `is_autofilled`, `day_part_type_id`)
  VALUES (2172, 1, '2017-06-04', '2000-01-01 08:00:00', '2000-01-01 09:00:00', '', 16345, 143, 2, '2016-10-28 14:54:00', '2016-10-28 14:54:00', 'FINALI', 1, 1);
INSERT INTO `meeting_events` (`id`, `created_at`, `updated_at`, `event_order`, `begin_time`, `is_out_of_race`, `is_autofilled`, `notes`, `meeting_session_id`, `event_type_id`, `heat_type_id`, `user_id`, `has_separate_gender_start_list`, `has_separate_category_start_list`)
  VALUES (11358, '2016-10-28 14:54:00', '2016-10-28 14:54:00', 1, '2000-01-01 08:02:00', 0, 1, NULL, 2172, 4, 3, 1, 1, 0);
INSERT INTO `meeting_events` (`id`, `created_at`, `updated_at`, `event_order`, `begin_time`, `is_out_of_race`, `is_autofilled`, `notes`, `meeting_session_id`, `event_type_id`, `heat_type_id`, `user_id`, `has_separate_gender_start_list`, `has_separate_category_start_list`)
  VALUES (11359, '2016-10-28 14:54:00', '2016-10-28 14:54:00', 2, '2000-01-01 08:44:00', 0, 1, NULL, 2172, 20, 3, 1, 1, 0);
INSERT INTO `meeting_events` (`id`, `created_at`, `updated_at`, `event_order`, `begin_time`, `is_out_of_race`, `is_autofilled`, `notes`, `meeting_session_id`, `event_type_id`, `heat_type_id`, `user_id`, `has_separate_gender_start_list`, `has_separate_category_start_list`)
  VALUES (11360, '2016-10-28 14:54:00', '2016-10-28 14:54:00', 3, '2000-01-01 09:22:00', 0, 1, NULL, 2172, 16, 3, 1, 1, 0);
INSERT INTO `meeting_events` (`id`, `created_at`, `updated_at`, `event_order`, `begin_time`, `is_out_of_race`, `is_autofilled`, `notes`, `meeting_session_id`, `event_type_id`, `heat_type_id`, `user_id`, `has_separate_gender_start_list`, `has_separate_category_start_list`)
  VALUES (11361, '2016-10-28 14:54:00', '2016-10-28 14:54:00', 4, '2000-01-01 10:04:00', 0, 1, NULL, 2172, 23, 3, 1, 1, 0);
INSERT INTO `meeting_events` (`id`, `created_at`, `updated_at`, `event_order`, `begin_time`, `is_out_of_race`, `is_autofilled`, `notes`, `meeting_session_id`, `event_type_id`, `heat_type_id`, `user_id`, `has_separate_gender_start_list`, `has_separate_category_start_list`)
  VALUES (11362, '2016-10-28 14:54:00', '2016-10-28 14:54:00', 5, '2000-01-01 10:36:00', 0, 1, NULL, 2172, 32, 3, 1, 1, 0);
INSERT INTO `meeting_sessions` (`id`, `session_order`, `scheduled_date`, `warm_up_time`, `begin_time`, `notes`, `meeting_id`, `swimming_pool_id`, `user_id`, `created_at`, `updated_at`, `description`, `is_autofilled`, `day_part_type_id`)
  VALUES (2173, 2, '2017-06-04', '2000-01-01 13:30:00', '2000-01-01 14:30:00', '', 16345, 143, 2, '2016-10-28 14:54:00', '2016-10-28 14:54:00', 'FINALI', 1, 2);
INSERT INTO `meeting_events` (`id`, `created_at`, `updated_at`, `event_order`, `begin_time`, `is_out_of_race`, `is_autofilled`, `notes`, `meeting_session_id`, `event_type_id`, `heat_type_id`, `user_id`, `has_separate_gender_start_list`, `has_separate_category_start_list`)
  VALUES (11363, '2016-10-28 14:54:00', '2016-10-28 14:54:00', 6, '2000-01-01 11:14:00', 0, 1, NULL, 2173, 24, 3, 1, 1, 0);
INSERT INTO `meeting_events` (`id`, `created_at`, `updated_at`, `event_order`, `begin_time`, `is_out_of_race`, `is_autofilled`, `notes`, `meeting_session_id`, `event_type_id`, `heat_type_id`, `user_id`, `has_separate_gender_start_list`, `has_separate_category_start_list`)
  VALUES (11364, '2016-10-28 14:54:00', '2016-10-28 14:54:00', 7, '2000-01-01 11:36:00', 0, 1, NULL, 2173, 3, 3, 1, 1, 0);
INSERT INTO `meeting_events` (`id`, `created_at`, `updated_at`, `event_order`, `begin_time`, `is_out_of_race`, `is_autofilled`, `notes`, `meeting_session_id`, `event_type_id`, `heat_type_id`, `user_id`, `has_separate_gender_start_list`, `has_separate_category_start_list`)
  VALUES (11365, '2016-10-28 14:54:00', '2016-10-28 14:54:00', 8, '2000-01-01 12:10:00', 0, 1, NULL, 2173, 11, 3, 1, 1, 0);
INSERT INTO `meeting_events` (`id`, `created_at`, `updated_at`, `event_order`, `begin_time`, `is_out_of_race`, `is_autofilled`, `notes`, `meeting_session_id`, `event_type_id`, `heat_type_id`, `user_id`, `has_separate_gender_start_list`, `has_separate_category_start_list`)
  VALUES (11366, '2016-10-28 14:54:00', '2016-10-28 14:54:00', 9, '2000-01-01 12:52:00', 0, 1, NULL, 2173, 19, 3, 1, 1, 0);
INSERT INTO `meeting_events` (`id`, `created_at`, `updated_at`, `event_order`, `begin_time`, `is_out_of_race`, `is_autofilled`, `notes`, `meeting_session_id`, `event_type_id`, `heat_type_id`, `user_id`, `has_separate_gender_start_list`, `has_separate_category_start_list`)
  VALUES (11367, '2016-10-28 14:54:00', '2016-10-28 14:54:00', 10, '2000-01-01 13:30:30', 0, 1, NULL, 2173, 2, 3, 1, 1, 0);

-- 15346-romaromanuotomaster TROFEO ROMA NUOTO MASTER 2016-06-05
INSERT INTO `meetings` (`id`, `description`, `entry_deadline`, `has_warm_up_pool`, `is_under_25_admitted`, `reference_phone`, `reference_e_mail`, `reference_name`, `notes`, `has_invitation`, `has_start_list`, `are_results_acquired`, `max_individual_events`, `configuration_file`, `edition`, `season_id`, `user_id`, `created_at`, `updated_at`, `is_autofilled`, `header_date`, `code`, `header_year`, `max_individual_events_per_session`, `is_out_of_season`, `edition_type_id`, `timing_type_id`, `individual_score_computation_type_id`, `relay_score_computation_type_id`, `team_score_computation_type_id`, `meeting_score_computation_type_id`, `invitation`, `is_confirmed`)
  VALUES (16346, 'TROFEO ROMA NUOTO MASTER', NULL, 0, 1, NULL, NULL, NULL, NULL, 0, 0, 0, 2, '?', 3, 162, 2, '2016-10-28 14:54:00', '2016-10-28 14:54:00', 1, '2017-06-04', 'romaromanuotomaster', '2017', 0, 0, 2, 3, 1, 1, 12, 1, NULL, 0);
INSERT INTO `meeting_sessions` (`id`, `session_order`, `scheduled_date`, `warm_up_time`, `begin_time`, `notes`, `meeting_id`, `swimming_pool_id`, `user_id`, `created_at`, `updated_at`, `description`, `is_autofilled`, `day_part_type_id`)
  VALUES (2174, 1, '2017-06-04', '2000-01-01 07:30:00', '2000-01-01 08:15:00', '', 16346, 187, 2, '2016-10-28 14:54:00', '2016-10-28 14:54:00', 'FINALI', 1, 1);
INSERT INTO `meeting_events` (`id`, `created_at`, `updated_at`, `event_order`, `begin_time`, `is_out_of_race`, `is_autofilled`, `notes`, `meeting_session_id`, `event_type_id`, `heat_type_id`, `user_id`, `has_separate_gender_start_list`, `has_separate_category_start_list`)
  VALUES (11368, '2016-10-28 14:54:00', '2016-10-28 14:54:00', 1, '2000-01-01 08:02:00', 0, 1, NULL, 2174, 4, 3, 1, 1, 0);
INSERT INTO `meeting_events` (`id`, `created_at`, `updated_at`, `event_order`, `begin_time`, `is_out_of_race`, `is_autofilled`, `notes`, `meeting_session_id`, `event_type_id`, `heat_type_id`, `user_id`, `has_separate_gender_start_list`, `has_separate_category_start_list`)
  VALUES (11369, '2016-10-28 14:54:00', '2016-10-28 14:54:00', 2, '2000-01-01 08:40:00', 0, 1, NULL, 2174, 15, 3, 1, 1, 0);
INSERT INTO `meeting_events` (`id`, `created_at`, `updated_at`, `event_order`, `begin_time`, `is_out_of_race`, `is_autofilled`, `notes`, `meeting_session_id`, `event_type_id`, `heat_type_id`, `user_id`, `has_separate_gender_start_list`, `has_separate_category_start_list`)
  VALUES (11370, '2016-10-28 14:54:00', '2016-10-28 14:54:00', 3, '2000-01-01 09:02:00', 0, 1, NULL, 2174, 13, 3, 1, 1, 0);
INSERT INTO `meeting_events` (`id`, `created_at`, `updated_at`, `event_order`, `begin_time`, `is_out_of_race`, `is_autofilled`, `notes`, `meeting_session_id`, `event_type_id`, `heat_type_id`, `user_id`, `has_separate_gender_start_list`, `has_separate_category_start_list`)
  VALUES (11371, '2016-10-28 14:54:00', '2016-10-28 14:54:00', 4, '2000-01-01 09:40:00', 0, 1, NULL, 2174, 2, 3, 1, 1, 0);
INSERT INTO `meeting_events` (`id`, `created_at`, `updated_at`, `event_order`, `begin_time`, `is_out_of_race`, `is_autofilled`, `notes`, `meeting_session_id`, `event_type_id`, `heat_type_id`, `user_id`, `has_separate_gender_start_list`, `has_separate_category_start_list`)
  VALUES (11372, '2016-10-28 14:54:00', '2016-10-28 14:54:00', 5, '2000-01-01 10:24:00', 0, 1, NULL, 2174, 21, 3, 1, 1, 0);
INSERT INTO `meeting_sessions` (`id`, `session_order`, `scheduled_date`, `warm_up_time`, `begin_time`, `notes`, `meeting_id`, `swimming_pool_id`, `user_id`, `created_at`, `updated_at`, `description`, `is_autofilled`, `day_part_type_id`)
  VALUES (2175, 2, '2017-06-04', '2000-01-01 13:30:00', '2000-01-01 14:15:00', '', 16346, 187, 2, '2016-10-28 14:54:00', '2016-10-28 14:54:00', 'FINALI', 1, 2);
INSERT INTO `meeting_events` (`id`, `created_at`, `updated_at`, `event_order`, `begin_time`, `is_out_of_race`, `is_autofilled`, `notes`, `meeting_session_id`, `event_type_id`, `heat_type_id`, `user_id`, `has_separate_gender_start_list`, `has_separate_category_start_list`)
  VALUES (11373, '2016-10-28 14:54:00', '2016-10-28 14:54:00', 6, '2000-01-01 10:48:00', 0, 1, NULL, 2175, 24, 3, 1, 1, 0);
INSERT INTO `meeting_events` (`id`, `created_at`, `updated_at`, `event_order`, `begin_time`, `is_out_of_race`, `is_autofilled`, `notes`, `meeting_session_id`, `event_type_id`, `heat_type_id`, `user_id`, `has_separate_gender_start_list`, `has_separate_category_start_list`)
  VALUES (11374, '2016-10-28 14:54:00', '2016-10-28 14:54:00', 7, '2000-01-01 11:26:00', 0, 1, NULL, 2175, 19, 3, 1, 1, 0);
INSERT INTO `meeting_events` (`id`, `created_at`, `updated_at`, `event_order`, `begin_time`, `is_out_of_race`, `is_autofilled`, `notes`, `meeting_session_id`, `event_type_id`, `heat_type_id`, `user_id`, `has_separate_gender_start_list`, `has_separate_category_start_list`)
  VALUES (11375, '2016-10-28 14:54:00', '2016-10-28 14:54:00', 8, '2000-01-01 12:14:00', 0, 1, NULL, 2175, 3, 3, 1, 1, 0);
INSERT INTO `meeting_events` (`id`, `created_at`, `updated_at`, `event_order`, `begin_time`, `is_out_of_race`, `is_autofilled`, `notes`, `meeting_session_id`, `event_type_id`, `heat_type_id`, `user_id`, `has_separate_gender_start_list`, `has_separate_category_start_list`)
  VALUES (11376, '2016-10-28 14:54:00', '2016-10-28 14:54:00', 9, '2000-01-01 12:52:00', 0, 1, NULL, 2175, 11, 3, 1, 1, 0);
INSERT INTO `meeting_events` (`id`, `created_at`, `updated_at`, `event_order`, `begin_time`, `is_out_of_race`, `is_autofilled`, `notes`, `meeting_session_id`, `event_type_id`, `heat_type_id`, `user_id`, `has_separate_gender_start_list`, `has_separate_category_start_list`)
  VALUES (11377, '2016-10-28 14:54:00', '2016-10-28 14:54:00', 10, '2000-01-01 13:34:00', 0, 1, NULL, 2175, 17, 3, 1, 1, 0);
INSERT INTO `meeting_events` (`id`, `created_at`, `updated_at`, `event_order`, `begin_time`, `is_out_of_race`, `is_autofilled`, `notes`, `meeting_session_id`, `event_type_id`, `heat_type_id`, `user_id`, `has_separate_gender_start_list`, `has_separate_category_start_list`)
  VALUES (11378, '2016-10-28 14:54:00', '2016-10-28 14:54:00', 11, NULL, 0, 1, NULL, 2175, 35, 3, 2, 1, 0);

-- 15347-cataniadellaregione TROFEO DELLA REGIONE 2016-06-05
INSERT INTO `meetings` (`id`, `description`, `entry_deadline`, `has_warm_up_pool`, `is_under_25_admitted`, `reference_phone`, `reference_e_mail`, `reference_name`, `notes`, `has_invitation`, `has_start_list`, `are_results_acquired`, `max_individual_events`, `configuration_file`, `edition`, `season_id`, `user_id`, `created_at`, `updated_at`, `is_autofilled`, `header_date`, `code`, `header_year`, `max_individual_events_per_session`, `is_out_of_season`, `edition_type_id`, `timing_type_id`, `individual_score_computation_type_id`, `relay_score_computation_type_id`, `team_score_computation_type_id`, `meeting_score_computation_type_id`, `invitation`, `is_confirmed`)
  VALUES (16347, 'TROFEO DELLA REGIONE', NULL, 0, 1, NULL, NULL, NULL, 'Sicilia Nuoto', 0, 0, 0, 2, '?', 4, 162, 2, '2016-10-28 14:54:00', '2016-10-28 14:54:00', 1, '2017-06-04', 'cataniadellaregione', '2017', 0, 0, 2, 3, 1, 1, 12, 1, NULL, 0);
INSERT INTO `meeting_sessions` (`id`, `session_order`, `scheduled_date`, `warm_up_time`, `begin_time`, `notes`, `meeting_id`, `swimming_pool_id`, `user_id`, `created_at`, `updated_at`, `description`, `is_autofilled`, `day_part_type_id`)
  VALUES (2176, 1, '2017-06-04', '2000-01-01 08:15:00', '2000-01-01 09:00:00', '', 16347, 188, 2, '2016-10-28 14:54:00', '2016-10-28 14:54:00', 'FINALI', 1, 1);
INSERT INTO `meeting_events` (`id`, `created_at`, `updated_at`, `event_order`, `begin_time`, `is_out_of_race`, `is_autofilled`, `notes`, `meeting_session_id`, `event_type_id`, `heat_type_id`, `user_id`, `has_separate_gender_start_list`, `has_separate_category_start_list`)
  VALUES (11379, '2016-10-28 14:54:00', '2016-10-28 14:54:00', 1, '2000-01-01 08:02:00', 0, 1, NULL, 2176, 11, 3, 1, 1, 0);
INSERT INTO `meeting_events` (`id`, `created_at`, `updated_at`, `event_order`, `begin_time`, `is_out_of_race`, `is_autofilled`, `notes`, `meeting_session_id`, `event_type_id`, `heat_type_id`, `user_id`, `has_separate_gender_start_list`, `has_separate_category_start_list`)
  VALUES (11380, '2016-10-28 14:54:00', '2016-10-28 14:54:00', 2, '2000-01-01 08:36:00', 0, 1, NULL, 2176, 16, 3, 1, 1, 0);
INSERT INTO `meeting_events` (`id`, `created_at`, `updated_at`, `event_order`, `begin_time`, `is_out_of_race`, `is_autofilled`, `notes`, `meeting_session_id`, `event_type_id`, `heat_type_id`, `user_id`, `has_separate_gender_start_list`, `has_separate_category_start_list`)
  VALUES (11381, '2016-10-28 14:54:00', '2016-10-28 14:54:00', 3, '2000-01-01 09:12:00', 0, 1, NULL, 2176, 2, 3, 1, 1, 0);
INSERT INTO `meeting_events` (`id`, `created_at`, `updated_at`, `event_order`, `begin_time`, `is_out_of_race`, `is_autofilled`, `notes`, `meeting_session_id`, `event_type_id`, `heat_type_id`, `user_id`, `has_separate_gender_start_list`, `has_separate_category_start_list`)
  VALUES (11382, '2016-10-28 14:54:00', '2016-10-28 14:54:00', 4, '2000-01-01 09:44:00', 0, 1, NULL, 2176, 4, 3, 1, 1, 0);
INSERT INTO `meeting_events` (`id`, `created_at`, `updated_at`, `event_order`, `begin_time`, `is_out_of_race`, `is_autofilled`, `notes`, `meeting_session_id`, `event_type_id`, `heat_type_id`, `user_id`, `has_separate_gender_start_list`, `has_separate_category_start_list`)
  VALUES (11383, '2016-10-28 14:54:00', '2016-10-28 14:54:00', 5, '2000-01-01 09:48:00', 0, 1, NULL, 2176, 13, 3, 1, 1, 0);
INSERT INTO `meeting_events` (`id`, `created_at`, `updated_at`, `event_order`, `begin_time`, `is_out_of_race`, `is_autofilled`, `notes`, `meeting_session_id`, `event_type_id`, `heat_type_id`, `user_id`, `has_separate_gender_start_list`, `has_separate_category_start_list`)
  VALUES (11384, '2016-10-28 14:54:00', '2016-10-28 14:54:00', 6, '2000-01-01 10:16:00', 0, 1, NULL, 2176, 20, 3, 1, 1, 0);
INSERT INTO `meeting_events` (`id`, `created_at`, `updated_at`, `event_order`, `begin_time`, `is_out_of_race`, `is_autofilled`, `notes`, `meeting_session_id`, `event_type_id`, `heat_type_id`, `user_id`, `has_separate_gender_start_list`, `has_separate_category_start_list`)
  VALUES (11385, '2016-10-28 14:54:00', '2016-10-28 14:54:00', 7, '2000-01-01 10:40:00', 0, 1, NULL, 2176, 33, 3, 1, 1, 0);
INSERT INTO `meeting_events` (`id`, `created_at`, `updated_at`, `event_order`, `begin_time`, `is_out_of_race`, `is_autofilled`, `notes`, `meeting_session_id`, `event_type_id`, `heat_type_id`, `user_id`, `has_separate_gender_start_list`, `has_separate_category_start_list`)
  VALUES (11386, '2016-10-28 14:54:00', '2016-10-28 14:54:00', 14, '2000-01-01 13:43:30', 0, 1, NULL, 2176, 26, 3, 1, 1, 0);
INSERT INTO `meeting_sessions` (`id`, `session_order`, `scheduled_date`, `warm_up_time`, `begin_time`, `notes`, `meeting_id`, `swimming_pool_id`, `user_id`, `created_at`, `updated_at`, `description`, `is_autofilled`, `day_part_type_id`)
  VALUES (2177, 2, '2017-06-04', '2000-01-01 13:00:00', '2000-01-01 14:00:00', '', 16347, 188, 2, '2016-10-28 14:54:00', '2016-10-28 14:54:00', 'FINALI', 1, 2);
INSERT INTO `meeting_events` (`id`, `created_at`, `updated_at`, `event_order`, `begin_time`, `is_out_of_race`, `is_autofilled`, `notes`, `meeting_session_id`, `event_type_id`, `heat_type_id`, `user_id`, `has_separate_gender_start_list`, `has_separate_category_start_list`)
  VALUES (11387, '2016-10-28 14:54:00', '2016-10-28 14:54:00', 8, '2000-01-01 11:16:00', 0, 1, NULL, 2177, 19, 3, 1, 1, 0);
INSERT INTO `meeting_events` (`id`, `created_at`, `updated_at`, `event_order`, `begin_time`, `is_out_of_race`, `is_autofilled`, `notes`, `meeting_session_id`, `event_type_id`, `heat_type_id`, `user_id`, `has_separate_gender_start_list`, `has_separate_category_start_list`)
  VALUES (11388, '2016-10-28 14:54:00', '2016-10-28 14:54:00', 9, '2000-01-01 11:50:00', 0, 1, NULL, 2177, 3, 3, 1, 1, 0);
INSERT INTO `meeting_events` (`id`, `created_at`, `updated_at`, `event_order`, `begin_time`, `is_out_of_race`, `is_autofilled`, `notes`, `meeting_session_id`, `event_type_id`, `heat_type_id`, `user_id`, `has_separate_gender_start_list`, `has_separate_category_start_list`)
  VALUES (11389, '2016-10-28 14:54:00', '2016-10-28 14:54:00', 10, '2000-01-01 12:28:00', 0, 1, NULL, 2177, 15, 3, 1, 1, 0);
INSERT INTO `meeting_events` (`id`, `created_at`, `updated_at`, `event_order`, `begin_time`, `is_out_of_race`, `is_autofilled`, `notes`, `meeting_session_id`, `event_type_id`, `heat_type_id`, `user_id`, `has_separate_gender_start_list`, `has_separate_category_start_list`)
  VALUES (11390, '2016-10-28 14:54:00', '2016-10-28 14:54:00', 11, '2000-01-01 13:06:30', 0, 1, NULL, 2177, 23, 3, 1, 1, 0);
INSERT INTO `meeting_events` (`id`, `created_at`, `updated_at`, `event_order`, `begin_time`, `is_out_of_race`, `is_autofilled`, `notes`, `meeting_session_id`, `event_type_id`, `heat_type_id`, `user_id`, `has_separate_gender_start_list`, `has_separate_category_start_list`)
  VALUES (11391, '2016-10-28 14:54:00', '2016-10-28 14:54:00', 12, '2000-01-01 13:05:30', 0, 1, NULL, 2177, 12, 3, 1, 1, 0);
INSERT INTO `meeting_events` (`id`, `created_at`, `updated_at`, `event_order`, `begin_time`, `is_out_of_race`, `is_autofilled`, `notes`, `meeting_session_id`, `event_type_id`, `heat_type_id`, `user_id`, `has_separate_gender_start_list`, `has_separate_category_start_list`)
  VALUES (11392, '2016-10-28 14:54:01', '2016-10-28 14:54:01', 13, NULL, 0, 1, NULL, 2177, 32, 3, 2, 1, 0);

-- 15348-pietrelcinajollynuoto TROFEO JOLLY NUOTO 2016-06-04
INSERT INTO `meetings` (`id`, `description`, `entry_deadline`, `has_warm_up_pool`, `is_under_25_admitted`, `reference_phone`, `reference_e_mail`, `reference_name`, `notes`, `has_invitation`, `has_start_list`, `are_results_acquired`, `max_individual_events`, `configuration_file`, `edition`, `season_id`, `user_id`, `created_at`, `updated_at`, `is_autofilled`, `header_date`, `code`, `header_year`, `max_individual_events_per_session`, `is_out_of_season`, `edition_type_id`, `timing_type_id`, `individual_score_computation_type_id`, `relay_score_computation_type_id`, `team_score_computation_type_id`, `meeting_score_computation_type_id`, `invitation`, `is_confirmed`)
  VALUES (16348, 'TROFEO JOLLY NUOTO', NULL, 0, 1, NULL, NULL, NULL, 'Jolly Nuoto Club', 0, 0, 0, 2, '?', 4, 162, 2, '2016-10-28 14:54:01', '2016-10-28 14:54:01', 1, '2017-06-03', 'pietrelcinajollynuoto', '2017', 0, 0, 2, 3, 1, 1, 12, 1, NULL, 0);
INSERT INTO `meeting_sessions` (`id`, `session_order`, `scheduled_date`, `warm_up_time`, `begin_time`, `notes`, `meeting_id`, `swimming_pool_id`, `user_id`, `created_at`, `updated_at`, `description`, `is_autofilled`, `day_part_type_id`)
  VALUES (2178, 1, '2017-06-03', '2000-01-01 09:00:00', '2000-01-01 09:30:00', '', 16348, 189, 2, '2016-10-28 14:54:01', '2016-10-28 14:54:01', 'FINALI', 1, 1);
INSERT INTO `meeting_events` (`id`, `created_at`, `updated_at`, `event_order`, `begin_time`, `is_out_of_race`, `is_autofilled`, `notes`, `meeting_session_id`, `event_type_id`, `heat_type_id`, `user_id`, `has_separate_gender_start_list`, `has_separate_category_start_list`)
  VALUES (11393, '2016-10-28 14:54:01', '2016-10-28 14:54:01', 1, '2000-01-01 08:02:00', 0, 1, NULL, 2178, 5, 3, 1, 1, 0);
INSERT INTO `meeting_events` (`id`, `created_at`, `updated_at`, `event_order`, `begin_time`, `is_out_of_race`, `is_autofilled`, `notes`, `meeting_session_id`, `event_type_id`, `heat_type_id`, `user_id`, `has_separate_gender_start_list`, `has_separate_category_start_list`)
  VALUES (11394, '2016-10-28 14:54:01', '2016-10-28 14:54:01', 2, '2000-01-01 08:14:00', 0, 1, NULL, 2178, 22, 3, 1, 1, 0);
INSERT INTO `meeting_events` (`id`, `created_at`, `updated_at`, `event_order`, `begin_time`, `is_out_of_race`, `is_autofilled`, `notes`, `meeting_session_id`, `event_type_id`, `heat_type_id`, `user_id`, `has_separate_gender_start_list`, `has_separate_category_start_list`)
  VALUES (11395, '2016-10-28 14:54:01', '2016-10-28 14:54:01', 3, '2000-01-01 08:36:00', 0, 1, NULL, 2178, 15, 3, 1, 1, 0);
INSERT INTO `meeting_events` (`id`, `created_at`, `updated_at`, `event_order`, `begin_time`, `is_out_of_race`, `is_autofilled`, `notes`, `meeting_session_id`, `event_type_id`, `heat_type_id`, `user_id`, `has_separate_gender_start_list`, `has_separate_category_start_list`)
  VALUES (11396, '2016-10-28 14:54:01', '2016-10-28 14:54:01', 4, '2000-01-01 08:48:00', 0, 1, NULL, 2178, 25, 3, 1, 1, 0);
INSERT INTO `meeting_sessions` (`id`, `session_order`, `scheduled_date`, `warm_up_time`, `begin_time`, `notes`, `meeting_id`, `swimming_pool_id`, `user_id`, `created_at`, `updated_at`, `description`, `is_autofilled`, `day_part_type_id`)
  VALUES (2179, 2, '2017-06-03', '2000-01-01 14:30:00', '2000-01-01 15:00:00', '', 16348, 189, 2, '2016-10-28 14:54:01', '2016-10-28 14:54:01', 'FINALI', 1, 2);
INSERT INTO `meeting_events` (`id`, `created_at`, `updated_at`, `event_order`, `begin_time`, `is_out_of_race`, `is_autofilled`, `notes`, `meeting_session_id`, `event_type_id`, `heat_type_id`, `user_id`, `has_separate_gender_start_list`, `has_separate_category_start_list`)
  VALUES (11397, '2016-10-28 14:54:01', '2016-10-28 14:54:01', 5, '2000-01-01 09:12:00', 0, 1, NULL, 2179, 21, 3, 1, 1, 0);
INSERT INTO `meeting_events` (`id`, `created_at`, `updated_at`, `event_order`, `begin_time`, `is_out_of_race`, `is_autofilled`, `notes`, `meeting_session_id`, `event_type_id`, `heat_type_id`, `user_id`, `has_separate_gender_start_list`, `has_separate_category_start_list`)
  VALUES (11398, '2016-10-28 14:54:01', '2016-10-28 14:54:01', 6, '2000-01-01 09:32:00', 0, 1, NULL, 2179, 12, 3, 1, 1, 0);
INSERT INTO `meeting_events` (`id`, `created_at`, `updated_at`, `event_order`, `begin_time`, `is_out_of_race`, `is_autofilled`, `notes`, `meeting_session_id`, `event_type_id`, `heat_type_id`, `user_id`, `has_separate_gender_start_list`, `has_separate_category_start_list`)
  VALUES (11399, '2016-10-28 14:54:01', '2016-10-28 14:54:01', 7, '2000-01-01 09:54:00', 0, 1, NULL, 2179, 3, 3, 1, 1, 0);
INSERT INTO `meeting_events` (`id`, `created_at`, `updated_at`, `event_order`, `begin_time`, `is_out_of_race`, `is_autofilled`, `notes`, `meeting_session_id`, `event_type_id`, `heat_type_id`, `user_id`, `has_separate_gender_start_list`, `has_separate_category_start_list`)
  VALUES (11400, '2016-10-28 14:54:01', '2016-10-28 14:54:01', 8, '2000-01-01 10:20:00', 0, 1, NULL, 2179, 26, 3, 1, 1, 0);
INSERT INTO `meeting_sessions` (`id`, `session_order`, `scheduled_date`, `warm_up_time`, `begin_time`, `notes`, `meeting_id`, `swimming_pool_id`, `user_id`, `created_at`, `updated_at`, `description`, `is_autofilled`, `day_part_type_id`)
  VALUES (2180, 3, '2017-06-04', '2000-01-01 09:00:00', '2000-01-01 09:30:00', '', 16348, 189, 2, '2016-10-28 14:54:01', '2016-10-28 14:54:01', 'FINALI', 1, 1);
INSERT INTO `meeting_events` (`id`, `created_at`, `updated_at`, `event_order`, `begin_time`, `is_out_of_race`, `is_autofilled`, `notes`, `meeting_session_id`, `event_type_id`, `heat_type_id`, `user_id`, `has_separate_gender_start_list`, `has_separate_category_start_list`)
  VALUES (11401, '2016-10-28 14:54:01', '2016-10-28 14:54:01', 9, '2000-01-01 10:34:00', 0, 1, NULL, 2180, 24, 3, 1, 1, 0);
INSERT INTO `meeting_events` (`id`, `created_at`, `updated_at`, `event_order`, `begin_time`, `is_out_of_race`, `is_autofilled`, `notes`, `meeting_session_id`, `event_type_id`, `heat_type_id`, `user_id`, `has_separate_gender_start_list`, `has_separate_category_start_list`)
  VALUES (11402, '2016-10-28 14:54:01', '2016-10-28 14:54:01', 10, '2000-01-01 11:00:00', 0, 1, NULL, 2180, 4, 3, 1, 1, 0);
INSERT INTO `meeting_events` (`id`, `created_at`, `updated_at`, `event_order`, `begin_time`, `is_out_of_race`, `is_autofilled`, `notes`, `meeting_session_id`, `event_type_id`, `heat_type_id`, `user_id`, `has_separate_gender_start_list`, `has_separate_category_start_list`)
  VALUES (11403, '2016-10-28 14:54:01', '2016-10-28 14:54:01', 11, '2000-01-01 11:32:00', 0, 1, NULL, 2180, 19, 3, 1, 1, 0);
INSERT INTO `meeting_events` (`id`, `created_at`, `updated_at`, `event_order`, `begin_time`, `is_out_of_race`, `is_autofilled`, `notes`, `meeting_session_id`, `event_type_id`, `heat_type_id`, `user_id`, `has_separate_gender_start_list`, `has_separate_category_start_list`)
  VALUES (11404, '2016-10-28 14:54:01', '2016-10-28 14:54:01', 12, '2000-01-01 11:54:00', 0, 1, NULL, 2180, 32, 3, 1, 1, 0);
INSERT INTO `meeting_sessions` (`id`, `session_order`, `scheduled_date`, `warm_up_time`, `begin_time`, `notes`, `meeting_id`, `swimming_pool_id`, `user_id`, `created_at`, `updated_at`, `description`, `is_autofilled`, `day_part_type_id`)
  VALUES (2181, 4, '2017-06-04', '2000-01-01 14:30:00', '2000-01-01 15:00:00', '', 16348, 189, 2, '2016-10-28 14:54:01', '2016-10-28 14:54:01', 'FINALI', 1, 2);
INSERT INTO `meeting_events` (`id`, `created_at`, `updated_at`, `event_order`, `begin_time`, `is_out_of_race`, `is_autofilled`, `notes`, `meeting_session_id`, `event_type_id`, `heat_type_id`, `user_id`, `has_separate_gender_start_list`, `has_separate_category_start_list`)
  VALUES (11405, '2016-10-28 14:54:01', '2016-10-28 14:54:01', 13, '2000-01-01 12:26:00', 0, 1, NULL, 2181, 23, 3, 1, 1, 0);
INSERT INTO `meeting_events` (`id`, `created_at`, `updated_at`, `event_order`, `begin_time`, `is_out_of_race`, `is_autofilled`, `notes`, `meeting_session_id`, `event_type_id`, `heat_type_id`, `user_id`, `has_separate_gender_start_list`, `has_separate_category_start_list`)
  VALUES (11406, '2016-10-28 14:54:01', '2016-10-28 14:54:01', 14, '2000-01-01 12:56:58', 0, 1, NULL, 2181, 20, 3, 1, 1, 0);
INSERT INTO `meeting_events` (`id`, `created_at`, `updated_at`, `event_order`, `begin_time`, `is_out_of_race`, `is_autofilled`, `notes`, `meeting_session_id`, `event_type_id`, `heat_type_id`, `user_id`, `has_separate_gender_start_list`, `has_separate_category_start_list`)
  VALUES (11407, '2016-10-28 14:54:01', '2016-10-28 14:54:01', 15, '2000-01-01 12:55:02', 0, 1, NULL, 2181, 2, 3, 1, 1, 0);
INSERT INTO `meeting_events` (`id`, `created_at`, `updated_at`, `event_order`, `begin_time`, `is_out_of_race`, `is_autofilled`, `notes`, `meeting_session_id`, `event_type_id`, `heat_type_id`, `user_id`, `has_separate_gender_start_list`, `has_separate_category_start_list`)
  VALUES (11408, '2016-10-28 14:54:01', '2016-10-28 14:54:01', 16, NULL, 0, 1, NULL, 2181, 33, 3, 2, 1, 0);

-- 15349-lodidelbarbarossa TROFEO DEL BARBAROSSA 2016-03-20
INSERT INTO `meetings` (`id`, `description`, `entry_deadline`, `has_warm_up_pool`, `is_under_25_admitted`, `reference_phone`, `reference_e_mail`, `reference_name`, `notes`, `has_invitation`, `has_start_list`, `are_results_acquired`, `max_individual_events`, `configuration_file`, `edition`, `season_id`, `user_id`, `created_at`, `updated_at`, `is_autofilled`, `header_date`, `code`, `header_year`, `max_individual_events_per_session`, `is_out_of_season`, `edition_type_id`, `timing_type_id`, `individual_score_computation_type_id`, `relay_score_computation_type_id`, `team_score_computation_type_id`, `meeting_score_computation_type_id`, `invitation`, `is_confirmed`)
  VALUES (16349, 'TROFEO DEL BARBAROSSA', '2017-03-12', 0, 1, '', '', '', 'Sporting Lodi', 0, 0, 0, 2, 'FIN02', 2, 162, 2, '2016-10-28 14:54:01', '2016-10-28 14:54:01', 1, '2017-03-19', 'lodidelbarbarossa', '2017', 0, 0, 2, 3, 1, 1, 12, 1, NULL, 0);
INSERT INTO `meeting_sessions` (`id`, `session_order`, `scheduled_date`, `warm_up_time`, `begin_time`, `notes`, `meeting_id`, `swimming_pool_id`, `user_id`, `created_at`, `updated_at`, `description`, `is_autofilled`, `day_part_type_id`)
  VALUES (2182, 1, '2017-03-19', '2000-01-01 08:00:00', '2000-01-01 09:00:00', '', 16349, 190, 2, '2016-10-28 14:54:01', '2016-10-28 14:54:01', 'FINALI', 1, 1);
INSERT INTO `meeting_events` (`id`, `created_at`, `updated_at`, `event_order`, `begin_time`, `is_out_of_race`, `is_autofilled`, `notes`, `meeting_session_id`, `event_type_id`, `heat_type_id`, `user_id`, `has_separate_gender_start_list`, `has_separate_category_start_list`)
  VALUES (11409, '2016-10-28 14:54:01', '2016-10-28 14:54:01', 1, '2000-01-01 00:00:00', 0, 1, NULL, 2182, 16, 3, 2, 1, 0);
INSERT INTO `meeting_events` (`id`, `created_at`, `updated_at`, `event_order`, `begin_time`, `is_out_of_race`, `is_autofilled`, `notes`, `meeting_session_id`, `event_type_id`, `heat_type_id`, `user_id`, `has_separate_gender_start_list`, `has_separate_category_start_list`)
  VALUES (11410, '2016-10-28 14:54:01', '2016-10-28 14:54:01', 2, '2000-01-01 00:00:00', 0, 1, NULL, 2182, 4, 3, 2, 1, 0);
INSERT INTO `meeting_events` (`id`, `created_at`, `updated_at`, `event_order`, `begin_time`, `is_out_of_race`, `is_autofilled`, `notes`, `meeting_session_id`, `event_type_id`, `heat_type_id`, `user_id`, `has_separate_gender_start_list`, `has_separate_category_start_list`)
  VALUES (11411, '2016-10-28 14:54:01', '2016-10-28 14:54:01', 3, '2000-01-01 00:00:00', 0, 1, NULL, 2182, 19, 3, 2, 1, 0);
INSERT INTO `meeting_events` (`id`, `created_at`, `updated_at`, `event_order`, `begin_time`, `is_out_of_race`, `is_autofilled`, `notes`, `meeting_session_id`, `event_type_id`, `heat_type_id`, `user_id`, `has_separate_gender_start_list`, `has_separate_category_start_list`)
  VALUES (11412, '2016-10-28 14:54:01', '2016-10-28 14:54:01', 4, '2000-01-01 00:00:00', 0, 1, NULL, 2182, 22, 3, 2, 1, 0);
INSERT INTO `meeting_events` (`id`, `created_at`, `updated_at`, `event_order`, `begin_time`, `is_out_of_race`, `is_autofilled`, `notes`, `meeting_session_id`, `event_type_id`, `heat_type_id`, `user_id`, `has_separate_gender_start_list`, `has_separate_category_start_list`)
  VALUES (11413, '2016-10-28 14:54:01', '2016-10-28 14:54:01', 5, '2000-01-01 00:00:00', 0, 1, NULL, 2182, 2, 3, 2, 1, 0);
INSERT INTO `meeting_events` (`id`, `created_at`, `updated_at`, `event_order`, `begin_time`, `is_out_of_race`, `is_autofilled`, `notes`, `meeting_session_id`, `event_type_id`, `heat_type_id`, `user_id`, `has_separate_gender_start_list`, `has_separate_category_start_list`)
  VALUES (11414, '2016-10-28 14:54:01', '2016-10-28 14:54:01', 6, '2000-01-01 00:00:00', 0, 1, NULL, 2182, 20, 3, 2, 1, 0);
INSERT INTO `meeting_events` (`id`, `created_at`, `updated_at`, `event_order`, `begin_time`, `is_out_of_race`, `is_autofilled`, `notes`, `meeting_session_id`, `event_type_id`, `heat_type_id`, `user_id`, `has_separate_gender_start_list`, `has_separate_category_start_list`)
  VALUES (11415, '2016-10-28 14:54:01', '2016-10-28 14:54:01', 7, '2000-01-01 00:00:00', 0, 1, NULL, 2182, 5, 3, 2, 1, 0);
INSERT INTO `meeting_sessions` (`id`, `session_order`, `scheduled_date`, `warm_up_time`, `begin_time`, `notes`, `meeting_id`, `swimming_pool_id`, `user_id`, `created_at`, `updated_at`, `description`, `is_autofilled`, `day_part_type_id`)
  VALUES (2183, 2, '2017-03-19', '2000-01-01 14:00:00', '2000-01-01 15:00:00', '', 16349, 190, 2, '2016-10-28 14:54:01', '2016-10-28 14:54:01', 'FINALI', 1, 2);
INSERT INTO `meeting_events` (`id`, `created_at`, `updated_at`, `event_order`, `begin_time`, `is_out_of_race`, `is_autofilled`, `notes`, `meeting_session_id`, `event_type_id`, `heat_type_id`, `user_id`, `has_separate_gender_start_list`, `has_separate_category_start_list`)
  VALUES (11416, '2016-10-28 14:54:01', '2016-10-28 14:54:01', 8, '2000-01-01 00:00:00', 0, 1, NULL, 2183, 23, 3, 2, 1, 0);
INSERT INTO `meeting_events` (`id`, `created_at`, `updated_at`, `event_order`, `begin_time`, `is_out_of_race`, `is_autofilled`, `notes`, `meeting_session_id`, `event_type_id`, `heat_type_id`, `user_id`, `has_separate_gender_start_list`, `has_separate_category_start_list`)
  VALUES (11417, '2016-10-28 14:54:01', '2016-10-28 14:54:01', 9, '2000-01-01 00:00:00', 0, 1, NULL, 2183, 11, 3, 2, 1, 0);
INSERT INTO `meeting_events` (`id`, `created_at`, `updated_at`, `event_order`, `begin_time`, `is_out_of_race`, `is_autofilled`, `notes`, `meeting_session_id`, `event_type_id`, `heat_type_id`, `user_id`, `has_separate_gender_start_list`, `has_separate_category_start_list`)
  VALUES (11418, '2016-10-28 14:54:01', '2016-10-28 14:54:01', 10, '2000-01-01 00:00:00', 0, 1, NULL, 2183, 21, 3, 2, 1, 0);
INSERT INTO `meeting_events` (`id`, `created_at`, `updated_at`, `event_order`, `begin_time`, `is_out_of_race`, `is_autofilled`, `notes`, `meeting_session_id`, `event_type_id`, `heat_type_id`, `user_id`, `has_separate_gender_start_list`, `has_separate_category_start_list`)
  VALUES (11419, '2016-10-28 14:54:01', '2016-10-28 14:54:01', 11, '2000-01-01 00:00:00', 0, 1, NULL, 2183, 15, 3, 2, 1, 0);
INSERT INTO `meeting_events` (`id`, `created_at`, `updated_at`, `event_order`, `begin_time`, `is_out_of_race`, `is_autofilled`, `notes`, `meeting_session_id`, `event_type_id`, `heat_type_id`, `user_id`, `has_separate_gender_start_list`, `has_separate_category_start_list`)
  VALUES (11420, '2016-10-28 14:54:01', '2016-10-28 14:54:01', 12, '2000-01-01 00:00:00', 0, 1, NULL, 2183, 12, 3, 2, 1, 0);
INSERT INTO `meeting_events` (`id`, `created_at`, `updated_at`, `event_order`, `begin_time`, `is_out_of_race`, `is_autofilled`, `notes`, `meeting_session_id`, `event_type_id`, `heat_type_id`, `user_id`, `has_separate_gender_start_list`, `has_separate_category_start_list`)
  VALUES (11421, '2016-10-28 14:54:01', '2016-10-28 14:54:01', 13, '2000-01-01 00:00:00', 0, 1, NULL, 2183, 3, 3, 2, 1, 0);
INSERT INTO `meeting_events` (`id`, `created_at`, `updated_at`, `event_order`, `begin_time`, `is_out_of_race`, `is_autofilled`, `notes`, `meeting_session_id`, `event_type_id`, `heat_type_id`, `user_id`, `has_separate_gender_start_list`, `has_separate_category_start_list`)
  VALUES (11422, '2016-10-28 14:54:01', '2016-10-28 14:54:01', 14, '2000-01-01 00:00:00', 0, 1, NULL, 2183, 32, 3, 2, 1, 0);

-- 15350-lovadinaspresianolebandie TROFEO LE BANIDE 2016-04-17
INSERT INTO `meetings` (`id`, `description`, `entry_deadline`, `has_warm_up_pool`, `is_under_25_admitted`, `reference_phone`, `reference_e_mail`, `reference_name`, `notes`, `has_invitation`, `has_start_list`, `are_results_acquired`, `max_individual_events`, `configuration_file`, `edition`, `season_id`, `user_id`, `created_at`, `updated_at`, `is_autofilled`, `header_date`, `code`, `header_year`, `max_individual_events_per_session`, `is_out_of_season`, `edition_type_id`, `timing_type_id`, `individual_score_computation_type_id`, `relay_score_computation_type_id`, `team_score_computation_type_id`, `meeting_score_computation_type_id`, `invitation`, `is_confirmed`)
  VALUES (16350, 'TROFEO LE BANIDE', '2017-04-07', 1, 1, '', '', '', 'Centro Nuoto Le Bandie', 0, 0, 0, 2, 'FIN02', 2, 162, 2, '2016-10-28 14:54:01', '2016-10-28 14:54:01', 1, '2017-04-16', 'lovadinaspresianolebandie', '2017', 0, 0, 2, 3, 1, 1, 12, 1, NULL, 0);
INSERT INTO `meeting_sessions` (`id`, `session_order`, `scheduled_date`, `warm_up_time`, `begin_time`, `notes`, `meeting_id`, `swimming_pool_id`, `user_id`, `created_at`, `updated_at`, `description`, `is_autofilled`, `day_part_type_id`)
  VALUES (2184, 1, '2017-04-16', '2000-01-01 08:00:00', '2000-01-01 09:00:00', '', 16350, 192, 2, '2016-10-28 14:54:01', '2016-10-28 14:54:01', 'FINALI', 1, 1);
INSERT INTO `meeting_events` (`id`, `created_at`, `updated_at`, `event_order`, `begin_time`, `is_out_of_race`, `is_autofilled`, `notes`, `meeting_session_id`, `event_type_id`, `heat_type_id`, `user_id`, `has_separate_gender_start_list`, `has_separate_category_start_list`)
  VALUES (11423, '2016-10-28 14:54:01', '2016-10-28 14:54:01', 1, '2000-01-01 00:00:00', 0, 1, NULL, 2184, 3, 3, 2, 1, 0);
INSERT INTO `meeting_events` (`id`, `created_at`, `updated_at`, `event_order`, `begin_time`, `is_out_of_race`, `is_autofilled`, `notes`, `meeting_session_id`, `event_type_id`, `heat_type_id`, `user_id`, `has_separate_gender_start_list`, `has_separate_category_start_list`)
  VALUES (11424, '2016-10-28 14:54:01', '2016-10-28 14:54:01', 2, '2000-01-01 00:00:00', 0, 1, NULL, 2184, 17, 3, 2, 1, 0);
INSERT INTO `meeting_events` (`id`, `created_at`, `updated_at`, `event_order`, `begin_time`, `is_out_of_race`, `is_autofilled`, `notes`, `meeting_session_id`, `event_type_id`, `heat_type_id`, `user_id`, `has_separate_gender_start_list`, `has_separate_category_start_list`)
  VALUES (11425, '2016-10-28 14:54:01', '2016-10-28 14:54:01', 3, '2000-01-01 00:00:00', 0, 1, NULL, 2184, 20, 3, 2, 1, 0);
INSERT INTO `meeting_events` (`id`, `created_at`, `updated_at`, `event_order`, `begin_time`, `is_out_of_race`, `is_autofilled`, `notes`, `meeting_session_id`, `event_type_id`, `heat_type_id`, `user_id`, `has_separate_gender_start_list`, `has_separate_category_start_list`)
  VALUES (11426, '2016-10-28 14:54:01', '2016-10-28 14:54:01', 4, '2000-01-01 00:00:00', 0, 1, NULL, 2184, 11, 3, 2, 1, 0);
INSERT INTO `meeting_events` (`id`, `created_at`, `updated_at`, `event_order`, `begin_time`, `is_out_of_race`, `is_autofilled`, `notes`, `meeting_session_id`, `event_type_id`, `heat_type_id`, `user_id`, `has_separate_gender_start_list`, `has_separate_category_start_list`)
  VALUES (11427, '2016-10-28 14:54:01', '2016-10-28 14:54:01', 11, '2000-01-01 13:06:30', 0, 1, NULL, 2184, 34, 3, 1, 1, 0);
INSERT INTO `meeting_sessions` (`id`, `session_order`, `scheduled_date`, `warm_up_time`, `begin_time`, `notes`, `meeting_id`, `swimming_pool_id`, `user_id`, `created_at`, `updated_at`, `description`, `is_autofilled`, `day_part_type_id`)
  VALUES (2185, 2, '2017-04-16', '2000-01-01 13:30:00', '2000-01-01 14:00:00', '', 16350, 192, 2, '2016-10-28 14:54:01', '2016-10-28 14:54:01', 'FINALI', 1, 2);
INSERT INTO `meeting_events` (`id`, `created_at`, `updated_at`, `event_order`, `begin_time`, `is_out_of_race`, `is_autofilled`, `notes`, `meeting_session_id`, `event_type_id`, `heat_type_id`, `user_id`, `has_separate_gender_start_list`, `has_separate_category_start_list`)
  VALUES (11428, '2016-10-28 14:54:01', '2016-10-28 14:54:01', 5, '2000-01-01 00:00:00', 0, 1, NULL, 2185, 2, 3, 2, 1, 0);
INSERT INTO `meeting_events` (`id`, `created_at`, `updated_at`, `event_order`, `begin_time`, `is_out_of_race`, `is_autofilled`, `notes`, `meeting_session_id`, `event_type_id`, `heat_type_id`, `user_id`, `has_separate_gender_start_list`, `has_separate_category_start_list`)
  VALUES (11429, '2016-10-28 14:54:01', '2016-10-28 14:54:01', 6, '2000-01-01 00:00:00', 0, 1, NULL, 2185, 23, 3, 2, 1, 0);
INSERT INTO `meeting_events` (`id`, `created_at`, `updated_at`, `event_order`, `begin_time`, `is_out_of_race`, `is_autofilled`, `notes`, `meeting_session_id`, `event_type_id`, `heat_type_id`, `user_id`, `has_separate_gender_start_list`, `has_separate_category_start_list`)
  VALUES (11430, '2016-10-28 14:54:01', '2016-10-28 14:54:01', 7, '2000-01-01 00:00:00', 0, 1, NULL, 2185, 16, 3, 2, 1, 0);
INSERT INTO `meeting_events` (`id`, `created_at`, `updated_at`, `event_order`, `begin_time`, `is_out_of_race`, `is_autofilled`, `notes`, `meeting_session_id`, `event_type_id`, `heat_type_id`, `user_id`, `has_separate_gender_start_list`, `has_separate_category_start_list`)
  VALUES (11431, '2016-10-28 14:54:01', '2016-10-28 14:54:01', 8, '2000-01-01 00:00:00', 0, 1, NULL, 2185, 19, 3, 2, 1, 0);
INSERT INTO `meeting_events` (`id`, `created_at`, `updated_at`, `event_order`, `begin_time`, `is_out_of_race`, `is_autofilled`, `notes`, `meeting_session_id`, `event_type_id`, `heat_type_id`, `user_id`, `has_separate_gender_start_list`, `has_separate_category_start_list`)
  VALUES (11432, '2016-10-28 14:54:01', '2016-10-28 14:54:01', 9, '2000-01-01 00:00:00', 0, 1, NULL, 2185, 25, 3, 2, 1, 0);
INSERT INTO `meeting_events` (`id`, `created_at`, `updated_at`, `event_order`, `begin_time`, `is_out_of_race`, `is_autofilled`, `notes`, `meeting_session_id`, `event_type_id`, `heat_type_id`, `user_id`, `has_separate_gender_start_list`, `has_separate_category_start_list`)
  VALUES (11433, '2016-10-28 14:54:01', '2016-10-28 14:54:01', 10, '2000-01-01 00:00:00', 0, 1, NULL, 2185, 32, 3, 2, 1, 0);

-- 15351-santurbanoaquambiente TROFEO AQUAMBIENTE 2016-01-17
INSERT INTO `meetings` (`id`, `description`, `entry_deadline`, `has_warm_up_pool`, `is_under_25_admitted`, `reference_phone`, `reference_e_mail`, `reference_name`, `notes`, `has_invitation`, `has_start_list`, `are_results_acquired`, `max_individual_events`, `configuration_file`, `edition`, `season_id`, `user_id`, `created_at`, `updated_at`, `is_autofilled`, `header_date`, `code`, `header_year`, `max_individual_events_per_session`, `is_out_of_season`, `edition_type_id`, `timing_type_id`, `individual_score_computation_type_id`, `relay_score_computation_type_id`, `team_score_computation_type_id`, `meeting_score_computation_type_id`, `invitation`, `is_confirmed`)
  VALUES (16351, 'TROFEO AQUAMBIENTE', '2017-01-08', 1, 1, '', '', '', 'Acquambiente S.r.l. SSD', 0, 0, 0, 2, 'FIN02', 2, 162, 2, '2016-10-28 14:54:01', '2016-10-28 14:54:01', 1, '2017-01-15', 'santurbanoaquambiente', '2017', 0, 0, 2, 3, 1, 1, 12, 1, NULL, 0);
INSERT INTO `meeting_sessions` (`id`, `session_order`, `scheduled_date`, `warm_up_time`, `begin_time`, `notes`, `meeting_id`, `swimming_pool_id`, `user_id`, `created_at`, `updated_at`, `description`, `is_autofilled`, `day_part_type_id`)
  VALUES (2186, 1, '2017-01-15', '2000-01-01 08:30:00', '2000-01-01 09:30:00', '', 16351, 193, 2, '2016-10-28 14:54:01', '2016-10-28 14:54:01', 'FINALI', 1, 1);
INSERT INTO `meeting_events` (`id`, `created_at`, `updated_at`, `event_order`, `begin_time`, `is_out_of_race`, `is_autofilled`, `notes`, `meeting_session_id`, `event_type_id`, `heat_type_id`, `user_id`, `has_separate_gender_start_list`, `has_separate_category_start_list`)
  VALUES (11434, '2016-10-28 14:54:01', '2016-10-28 14:54:01', 1, '2000-01-01 00:00:00', 0, 1, NULL, 2186, 12, 3, 2, 1, 0);
INSERT INTO `meeting_events` (`id`, `created_at`, `updated_at`, `event_order`, `begin_time`, `is_out_of_race`, `is_autofilled`, `notes`, `meeting_session_id`, `event_type_id`, `heat_type_id`, `user_id`, `has_separate_gender_start_list`, `has_separate_category_start_list`)
  VALUES (11435, '2016-10-28 14:54:01', '2016-10-28 14:54:01', 2, '2000-01-01 00:00:00', 0, 1, NULL, 2186, 16, 3, 2, 1, 0);
INSERT INTO `meeting_events` (`id`, `created_at`, `updated_at`, `event_order`, `begin_time`, `is_out_of_race`, `is_autofilled`, `notes`, `meeting_session_id`, `event_type_id`, `heat_type_id`, `user_id`, `has_separate_gender_start_list`, `has_separate_category_start_list`)
  VALUES (11436, '2016-10-28 14:54:01', '2016-10-28 14:54:01', 3, '2000-01-01 00:00:00', 0, 1, NULL, 2186, 3, 3, 2, 1, 0);
INSERT INTO `meeting_events` (`id`, `created_at`, `updated_at`, `event_order`, `begin_time`, `is_out_of_race`, `is_autofilled`, `notes`, `meeting_session_id`, `event_type_id`, `heat_type_id`, `user_id`, `has_separate_gender_start_list`, `has_separate_category_start_list`)
  VALUES (11437, '2016-10-28 14:54:01', '2016-10-28 14:54:01', 4, '2000-01-01 00:00:00', 0, 1, NULL, 2186, 28, 3, 2, 1, 0);
INSERT INTO `meeting_events` (`id`, `created_at`, `updated_at`, `event_order`, `begin_time`, `is_out_of_race`, `is_autofilled`, `notes`, `meeting_session_id`, `event_type_id`, `heat_type_id`, `user_id`, `has_separate_gender_start_list`, `has_separate_category_start_list`)
  VALUES (11438, '2016-10-28 14:54:01', '2016-10-28 14:54:01', 8, '2000-01-01 11:14:30', 0, 1, NULL, 2186, 35, 3, 1, 1, 0);
INSERT INTO `meeting_sessions` (`id`, `session_order`, `scheduled_date`, `warm_up_time`, `begin_time`, `notes`, `meeting_id`, `swimming_pool_id`, `user_id`, `created_at`, `updated_at`, `description`, `is_autofilled`, `day_part_type_id`)
  VALUES (2187, 2, '2017-01-15', '2000-01-01 13:30:00', '2000-01-01 14:30:00', '', 16351, 193, 2, '2016-10-28 14:54:01', '2016-10-28 14:54:01', 'FINALI', 1, 2);
INSERT INTO `meeting_events` (`id`, `created_at`, `updated_at`, `event_order`, `begin_time`, `is_out_of_race`, `is_autofilled`, `notes`, `meeting_session_id`, `event_type_id`, `heat_type_id`, `user_id`, `has_separate_gender_start_list`, `has_separate_category_start_list`)
  VALUES (11439, '2016-10-28 14:54:01', '2016-10-28 14:54:01', 5, '2000-01-01 00:00:00', 0, 1, NULL, 2187, 20, 3, 2, 1, 0);
INSERT INTO `meeting_events` (`id`, `created_at`, `updated_at`, `event_order`, `begin_time`, `is_out_of_race`, `is_autofilled`, `notes`, `meeting_session_id`, `event_type_id`, `heat_type_id`, `user_id`, `has_separate_gender_start_list`, `has_separate_category_start_list`)
  VALUES (11440, '2016-10-28 14:54:01', '2016-10-28 14:54:01', 6, '2000-01-01 00:00:00', 0, 1, NULL, 2187, 22, 3, 2, 1, 0);
INSERT INTO `meeting_events` (`id`, `created_at`, `updated_at`, `event_order`, `begin_time`, `is_out_of_race`, `is_autofilled`, `notes`, `meeting_session_id`, `event_type_id`, `heat_type_id`, `user_id`, `has_separate_gender_start_list`, `has_separate_category_start_list`)
  VALUES (11441, '2016-10-28 14:54:01', '2016-10-28 14:54:01', 7, '2000-01-01 00:00:00', 0, 1, NULL, 2187, 34, 3, 2, 1, 0);

-- 15352-pozzuolileone MEMORIAL LEONE 2015-12-05
INSERT INTO `meetings` (`id`, `description`, `entry_deadline`, `has_warm_up_pool`, `is_under_25_admitted`, `reference_phone`, `reference_e_mail`, `reference_name`, `notes`, `has_invitation`, `has_start_list`, `are_results_acquired`, `max_individual_events`, `configuration_file`, `edition`, `season_id`, `user_id`, `created_at`, `updated_at`, `is_autofilled`, `header_date`, `code`, `header_year`, `max_individual_events_per_session`, `is_out_of_season`, `edition_type_id`, `timing_type_id`, `individual_score_computation_type_id`, `relay_score_computation_type_id`, `team_score_computation_type_id`, `meeting_score_computation_type_id`, `invitation`, `is_confirmed`)
  VALUES (16352, 'MEMORIAL LEONE', '2016-11-25', 1, 1, '', '', '', 'Sporting Club Flegreo', 0, 0, 0, 2, 'FIN02', 3, 162, 2, '2016-10-28 14:54:01', '2016-10-28 14:54:01', 1, '2016-12-03', 'pozzuolileone', '2017', 0, 0, 2, 3, 1, 1, 12, 1, NULL, 0);
INSERT INTO `meeting_sessions` (`id`, `session_order`, `scheduled_date`, `warm_up_time`, `begin_time`, `notes`, `meeting_id`, `swimming_pool_id`, `user_id`, `created_at`, `updated_at`, `description`, `is_autofilled`, `day_part_type_id`)
  VALUES (2188, 1, '2016-12-03', '2000-01-01 07:45:00', '2000-01-01 08:30:00', '', 16352, 194, 2, '2016-10-28 14:54:01', '2016-10-28 14:54:01', 'FINALI', 1, 1);
INSERT INTO `meeting_events` (`id`, `created_at`, `updated_at`, `event_order`, `begin_time`, `is_out_of_race`, `is_autofilled`, `notes`, `meeting_session_id`, `event_type_id`, `heat_type_id`, `user_id`, `has_separate_gender_start_list`, `has_separate_category_start_list`)
  VALUES (11442, '2016-10-28 14:54:01', '2016-10-28 14:54:01', 1, '2000-01-01 00:00:00', 0, 1, NULL, 2188, 17, 3, 2, 1, 0);
INSERT INTO `meeting_events` (`id`, `created_at`, `updated_at`, `event_order`, `begin_time`, `is_out_of_race`, `is_autofilled`, `notes`, `meeting_session_id`, `event_type_id`, `heat_type_id`, `user_id`, `has_separate_gender_start_list`, `has_separate_category_start_list`)
  VALUES (11443, '2016-10-28 14:54:01', '2016-10-28 14:54:01', 2, '2000-01-01 00:00:00', 0, 1, NULL, 2188, 20, 3, 2, 1, 0);
INSERT INTO `meeting_events` (`id`, `created_at`, `updated_at`, `event_order`, `begin_time`, `is_out_of_race`, `is_autofilled`, `notes`, `meeting_session_id`, `event_type_id`, `heat_type_id`, `user_id`, `has_separate_gender_start_list`, `has_separate_category_start_list`)
  VALUES (11444, '2016-10-28 14:54:01', '2016-10-28 14:54:01', 3, '2000-01-01 00:00:00', 0, 1, NULL, 2188, 23, 3, 2, 1, 0);
INSERT INTO `meeting_events` (`id`, `created_at`, `updated_at`, `event_order`, `begin_time`, `is_out_of_race`, `is_autofilled`, `notes`, `meeting_session_id`, `event_type_id`, `heat_type_id`, `user_id`, `has_separate_gender_start_list`, `has_separate_category_start_list`)
  VALUES (11445, '2016-10-28 14:54:01', '2016-10-28 14:54:01', 4, '2000-01-01 00:00:00', 0, 1, NULL, 2188, 3, 3, 2, 1, 0);
INSERT INTO `meeting_sessions` (`id`, `session_order`, `scheduled_date`, `warm_up_time`, `begin_time`, `notes`, `meeting_id`, `swimming_pool_id`, `user_id`, `created_at`, `updated_at`, `description`, `is_autofilled`, `day_part_type_id`)
  VALUES (2189, 2, '2016-12-03', '2000-01-01 14:45:00', '2000-01-01 15:30:00', '', 16352, 194, 2, '2016-10-28 14:54:01', '2016-10-28 14:54:01', 'FINALI', 1, 2);
INSERT INTO `meeting_events` (`id`, `created_at`, `updated_at`, `event_order`, `begin_time`, `is_out_of_race`, `is_autofilled`, `notes`, `meeting_session_id`, `event_type_id`, `heat_type_id`, `user_id`, `has_separate_gender_start_list`, `has_separate_category_start_list`)
  VALUES (11446, '2016-10-28 14:54:01', '2016-10-28 14:54:01', 5, '2000-01-01 00:00:00', 0, 1, NULL, 2189, 12, 3, 2, 1, 0);
INSERT INTO `meeting_events` (`id`, `created_at`, `updated_at`, `event_order`, `begin_time`, `is_out_of_race`, `is_autofilled`, `notes`, `meeting_session_id`, `event_type_id`, `heat_type_id`, `user_id`, `has_separate_gender_start_list`, `has_separate_category_start_list`)
  VALUES (11447, '2016-10-28 14:54:02', '2016-10-28 14:54:02', 6, '2000-01-01 00:00:00', 0, 1, NULL, 2189, 15, 3, 2, 1, 0);
INSERT INTO `meeting_events` (`id`, `created_at`, `updated_at`, `event_order`, `begin_time`, `is_out_of_race`, `is_autofilled`, `notes`, `meeting_session_id`, `event_type_id`, `heat_type_id`, `user_id`, `has_separate_gender_start_list`, `has_separate_category_start_list`)
  VALUES (11448, '2016-10-28 14:54:02', '2016-10-28 14:54:02', 7, '2000-01-01 00:00:00', 0, 1, NULL, 2189, 19, 3, 2, 1, 0);
INSERT INTO `meeting_events` (`id`, `created_at`, `updated_at`, `event_order`, `begin_time`, `is_out_of_race`, `is_autofilled`, `notes`, `meeting_session_id`, `event_type_id`, `heat_type_id`, `user_id`, `has_separate_gender_start_list`, `has_separate_category_start_list`)
  VALUES (11449, '2016-10-28 14:54:02', '2016-10-28 14:54:02', 8, '2000-01-01 00:00:00', 0, 1, NULL, 2189, 4, 3, 2, 1, 0);
INSERT INTO `meeting_sessions` (`id`, `session_order`, `scheduled_date`, `warm_up_time`, `begin_time`, `notes`, `meeting_id`, `swimming_pool_id`, `user_id`, `created_at`, `updated_at`, `description`, `is_autofilled`, `day_part_type_id`)
  VALUES (2190, 3, '2016-12-04', '2000-01-01 07:45:00', '2000-01-01 08:30:00', '', 16352, 194, 2, '2016-10-28 14:54:02', '2016-10-28 14:54:02', 'FINALI', 1, 1);
INSERT INTO `meeting_events` (`id`, `created_at`, `updated_at`, `event_order`, `begin_time`, `is_out_of_race`, `is_autofilled`, `notes`, `meeting_session_id`, `event_type_id`, `heat_type_id`, `user_id`, `has_separate_gender_start_list`, `has_separate_category_start_list`)
  VALUES (11450, '2016-10-28 14:54:02', '2016-10-28 14:54:02', 9, '2000-01-01 00:00:00', 0, 1, NULL, 2190, 2, 3, 2, 1, 0);
INSERT INTO `meeting_events` (`id`, `created_at`, `updated_at`, `event_order`, `begin_time`, `is_out_of_race`, `is_autofilled`, `notes`, `meeting_session_id`, `event_type_id`, `heat_type_id`, `user_id`, `has_separate_gender_start_list`, `has_separate_category_start_list`)
  VALUES (11451, '2016-10-28 14:54:02', '2016-10-28 14:54:02', 10, '2000-01-01 00:00:00', 0, 1, NULL, 2190, 11, 3, 2, 1, 0);
INSERT INTO `meeting_events` (`id`, `created_at`, `updated_at`, `event_order`, `begin_time`, `is_out_of_race`, `is_autofilled`, `notes`, `meeting_session_id`, `event_type_id`, `heat_type_id`, `user_id`, `has_separate_gender_start_list`, `has_separate_category_start_list`)
  VALUES (11452, '2016-10-28 14:54:02', '2016-10-28 14:54:02', 11, '2000-01-01 00:00:00', 0, 1, NULL, 2190, 21, 3, 2, 1, 0);
INSERT INTO `meeting_events` (`id`, `created_at`, `updated_at`, `event_order`, `begin_time`, `is_out_of_race`, `is_autofilled`, `notes`, `meeting_session_id`, `event_type_id`, `heat_type_id`, `user_id`, `has_separate_gender_start_list`, `has_separate_category_start_list`)
  VALUES (11453, '2016-10-28 14:54:02', '2016-10-28 14:54:02', 12, '2000-01-01 00:00:00', 0, 1, NULL, 2190, 16, 3, 2, 1, 0);

-- 15353-messinaulyssemasterspeed ULYSSE MASTER SPEED 2016-05-08
INSERT INTO `meetings` (`id`, `description`, `entry_deadline`, `has_warm_up_pool`, `is_under_25_admitted`, `reference_phone`, `reference_e_mail`, `reference_name`, `notes`, `has_invitation`, `has_start_list`, `are_results_acquired`, `max_individual_events`, `configuration_file`, `edition`, `season_id`, `user_id`, `created_at`, `updated_at`, `is_autofilled`, `header_date`, `code`, `header_year`, `max_individual_events_per_session`, `is_out_of_season`, `edition_type_id`, `timing_type_id`, `individual_score_computation_type_id`, `relay_score_computation_type_id`, `team_score_computation_type_id`, `meeting_score_computation_type_id`, `invitation`, `is_confirmed`)
  VALUES (16353, 'ULYSSE MASTER SPEED', '0217-04-27', 0, 1, '', '', '', 'A.S.D. ULYSSE', 0, 0, 0, 2, 'FIN02', 6, 162, 2, '2016-10-28 14:54:02', '2016-10-28 14:54:02', 1, '2017-05-07', 'messinaulyssemasterspeed', '2017', 0, 0, 2, 3, 1, 1, 12, 1, NULL, 0);
INSERT INTO `meeting_sessions` (`id`, `session_order`, `scheduled_date`, `warm_up_time`, `begin_time`, `notes`, `meeting_id`, `swimming_pool_id`, `user_id`, `created_at`, `updated_at`, `description`, `is_autofilled`, `day_part_type_id`)
  VALUES (2191, 1, '2017-05-07', '2000-01-01 08:15:00', '2000-01-01 09:00:00', '', 16353, 133, 2, '2016-10-28 14:54:02', '2016-10-28 14:54:02', 'FINALI', 1, 1);
INSERT INTO `meeting_events` (`id`, `created_at`, `updated_at`, `event_order`, `begin_time`, `is_out_of_race`, `is_autofilled`, `notes`, `meeting_session_id`, `event_type_id`, `heat_type_id`, `user_id`, `has_separate_gender_start_list`, `has_separate_category_start_list`)
  VALUES (11454, '2016-10-28 14:54:02', '2016-10-28 14:54:02', 1, '2000-01-01 00:00:00', 0, 1, NULL, 2191, 2, 3, 2, 1, 0);
INSERT INTO `meeting_events` (`id`, `created_at`, `updated_at`, `event_order`, `begin_time`, `is_out_of_race`, `is_autofilled`, `notes`, `meeting_session_id`, `event_type_id`, `heat_type_id`, `user_id`, `has_separate_gender_start_list`, `has_separate_category_start_list`)
  VALUES (11455, '2016-10-28 14:54:02', '2016-10-28 14:54:02', 2, '2000-01-01 00:00:00', 0, 1, NULL, 2191, 16, 3, 2, 1, 0);
INSERT INTO `meeting_events` (`id`, `created_at`, `updated_at`, `event_order`, `begin_time`, `is_out_of_race`, `is_autofilled`, `notes`, `meeting_session_id`, `event_type_id`, `heat_type_id`, `user_id`, `has_separate_gender_start_list`, `has_separate_category_start_list`)
  VALUES (11456, '2016-10-28 14:54:02', '2016-10-28 14:54:02', 3, '2000-01-01 00:00:00', 0, 1, NULL, 2191, 4, 3, 2, 1, 0);
INSERT INTO `meeting_events` (`id`, `created_at`, `updated_at`, `event_order`, `begin_time`, `is_out_of_race`, `is_autofilled`, `notes`, `meeting_session_id`, `event_type_id`, `heat_type_id`, `user_id`, `has_separate_gender_start_list`, `has_separate_category_start_list`)
  VALUES (11457, '2016-10-28 14:54:02', '2016-10-28 14:54:02', 4, '2000-01-01 00:00:00', 0, 1, NULL, 2191, 19, 3, 2, 1, 0);
INSERT INTO `meeting_events` (`id`, `created_at`, `updated_at`, `event_order`, `begin_time`, `is_out_of_race`, `is_autofilled`, `notes`, `meeting_session_id`, `event_type_id`, `heat_type_id`, `user_id`, `has_separate_gender_start_list`, `has_separate_category_start_list`)
  VALUES (11458, '2016-10-28 14:54:02', '2016-10-28 14:54:02', 5, '2000-01-01 00:00:00', 0, 1, NULL, 2191, 12, 3, 2, 1, 0);
INSERT INTO `meeting_events` (`id`, `created_at`, `updated_at`, `event_order`, `begin_time`, `is_out_of_race`, `is_autofilled`, `notes`, `meeting_session_id`, `event_type_id`, `heat_type_id`, `user_id`, `has_separate_gender_start_list`, `has_separate_category_start_list`)
  VALUES (11459, '2016-10-28 14:54:02', '2016-10-28 14:54:02', 12, '2000-01-01 11:02:00', 0, 1, NULL, 2191, 15, 3, 1, 1, 0);
INSERT INTO `meeting_sessions` (`id`, `session_order`, `scheduled_date`, `warm_up_time`, `begin_time`, `notes`, `meeting_id`, `swimming_pool_id`, `user_id`, `created_at`, `updated_at`, `description`, `is_autofilled`, `day_part_type_id`)
  VALUES (2192, 2, '2017-05-07', '2000-01-01 14:00:00', '2000-01-01 14:45:00', '', 16353, 133, 2, '2016-10-28 14:54:02', '2016-10-28 14:54:02', 'FINALI', 1, 2);
INSERT INTO `meeting_events` (`id`, `created_at`, `updated_at`, `event_order`, `begin_time`, `is_out_of_race`, `is_autofilled`, `notes`, `meeting_session_id`, `event_type_id`, `heat_type_id`, `user_id`, `has_separate_gender_start_list`, `has_separate_category_start_list`)
  VALUES (11460, '2016-10-28 14:54:02', '2016-10-28 14:54:02', 6, '2000-01-01 00:00:00', 0, 1, NULL, 2192, 5, 3, 2, 1, 0);
INSERT INTO `meeting_events` (`id`, `created_at`, `updated_at`, `event_order`, `begin_time`, `is_out_of_race`, `is_autofilled`, `notes`, `meeting_session_id`, `event_type_id`, `heat_type_id`, `user_id`, `has_separate_gender_start_list`, `has_separate_category_start_list`)
  VALUES (11461, '2016-10-28 14:54:02', '2016-10-28 14:54:02', 7, '2000-01-01 00:00:00', 0, 1, NULL, 2192, 11, 3, 2, 1, 0);
INSERT INTO `meeting_events` (`id`, `created_at`, `updated_at`, `event_order`, `begin_time`, `is_out_of_race`, `is_autofilled`, `notes`, `meeting_session_id`, `event_type_id`, `heat_type_id`, `user_id`, `has_separate_gender_start_list`, `has_separate_category_start_list`)
  VALUES (11462, '2016-10-28 14:54:02', '2016-10-28 14:54:02', 8, '2000-01-01 00:00:00', 0, 1, NULL, 2192, 20, 3, 2, 1, 0);
INSERT INTO `meeting_events` (`id`, `created_at`, `updated_at`, `event_order`, `begin_time`, `is_out_of_race`, `is_autofilled`, `notes`, `meeting_session_id`, `event_type_id`, `heat_type_id`, `user_id`, `has_separate_gender_start_list`, `has_separate_category_start_list`)
  VALUES (11463, '2016-10-28 14:54:02', '2016-10-28 14:54:02', 10, '2000-01-01 00:00:00', 0, 1, NULL, 2192, 3, 3, 2, 1, 0);
INSERT INTO `meeting_events` (`id`, `created_at`, `updated_at`, `event_order`, `begin_time`, `is_out_of_race`, `is_autofilled`, `notes`, `meeting_session_id`, `event_type_id`, `heat_type_id`, `user_id`, `has_separate_gender_start_list`, `has_separate_category_start_list`)
  VALUES (11464, '2016-10-28 14:54:02', '2016-10-28 14:54:02', 11, '2000-01-01 00:00:00', 0, 1, NULL, 2192, 27, 3, 2, 1, 0);

-- 15354-barracentroester MEETING CENTRO ESTER 2016-05-15
INSERT INTO `meetings` (`id`, `description`, `entry_deadline`, `has_warm_up_pool`, `is_under_25_admitted`, `reference_phone`, `reference_e_mail`, `reference_name`, `notes`, `has_invitation`, `has_start_list`, `are_results_acquired`, `max_individual_events`, `configuration_file`, `edition`, `season_id`, `user_id`, `created_at`, `updated_at`, `is_autofilled`, `header_date`, `code`, `header_year`, `max_individual_events_per_session`, `is_out_of_season`, `edition_type_id`, `timing_type_id`, `individual_score_computation_type_id`, `relay_score_computation_type_id`, `team_score_computation_type_id`, `meeting_score_computation_type_id`, `invitation`, `is_confirmed`)
  VALUES (16354, 'MEETING CENTRO ESTER', '2017-05-09', 0, 1, '', '', '', 'Centro Ester', 0, 0, 0, 2, 'FIN02', 6, 162, 2, '2016-10-28 14:54:02', '2016-10-28 14:54:02', 1, '2017-05-14', 'barracentroester', '2017', 0, 0, 2, 3, 1, 1, 12, 1, NULL, 0);
INSERT INTO `meeting_sessions` (`id`, `session_order`, `scheduled_date`, `warm_up_time`, `begin_time`, `notes`, `meeting_id`, `swimming_pool_id`, `user_id`, `created_at`, `updated_at`, `description`, `is_autofilled`, `day_part_type_id`)
  VALUES (2193, 1, '2017-05-14', '2000-01-01 08:15:00', '2000-01-01 09:00:00', '', 16354, 195, 2, '2016-10-28 14:54:02', '2016-10-28 14:54:02', 'FINALI', 1, 1);
INSERT INTO `meeting_events` (`id`, `created_at`, `updated_at`, `event_order`, `begin_time`, `is_out_of_race`, `is_autofilled`, `notes`, `meeting_session_id`, `event_type_id`, `heat_type_id`, `user_id`, `has_separate_gender_start_list`, `has_separate_category_start_list`)
  VALUES (11465, '2016-10-28 14:54:02', '2016-10-28 14:54:02', 1, '2000-01-01 00:00:00', 0, 1, NULL, 2193, 22, 3, 2, 1, 0);
INSERT INTO `meeting_events` (`id`, `created_at`, `updated_at`, `event_order`, `begin_time`, `is_out_of_race`, `is_autofilled`, `notes`, `meeting_session_id`, `event_type_id`, `heat_type_id`, `user_id`, `has_separate_gender_start_list`, `has_separate_category_start_list`)
  VALUES (11466, '2016-10-28 14:54:02', '2016-10-28 14:54:02', 2, '2000-01-01 00:00:00', 0, 1, NULL, 2193, 15, 3, 2, 1, 0);
INSERT INTO `meeting_events` (`id`, `created_at`, `updated_at`, `event_order`, `begin_time`, `is_out_of_race`, `is_autofilled`, `notes`, `meeting_session_id`, `event_type_id`, `heat_type_id`, `user_id`, `has_separate_gender_start_list`, `has_separate_category_start_list`)
  VALUES (11467, '2016-10-28 14:54:02', '2016-10-28 14:54:02', 3, '2000-01-01 00:00:00', 0, 1, NULL, 2193, 11, 3, 2, 1, 0);
INSERT INTO `meeting_events` (`id`, `created_at`, `updated_at`, `event_order`, `begin_time`, `is_out_of_race`, `is_autofilled`, `notes`, `meeting_session_id`, `event_type_id`, `heat_type_id`, `user_id`, `has_separate_gender_start_list`, `has_separate_category_start_list`)
  VALUES (11468, '2016-10-28 14:54:02', '2016-10-28 14:54:02', 4, '2000-01-01 00:00:00', 0, 1, NULL, 2193, 3, 3, 2, 1, 0);
INSERT INTO `meeting_events` (`id`, `created_at`, `updated_at`, `event_order`, `begin_time`, `is_out_of_race`, `is_autofilled`, `notes`, `meeting_session_id`, `event_type_id`, `heat_type_id`, `user_id`, `has_separate_gender_start_list`, `has_separate_category_start_list`)
  VALUES (11469, '2016-10-28 14:54:02', '2016-10-28 14:54:02', 5, '2000-01-01 00:00:00', 0, 1, NULL, 2193, 19, 3, 2, 1, 0);
INSERT INTO `meeting_events` (`id`, `created_at`, `updated_at`, `event_order`, `begin_time`, `is_out_of_race`, `is_autofilled`, `notes`, `meeting_session_id`, `event_type_id`, `heat_type_id`, `user_id`, `has_separate_gender_start_list`, `has_separate_category_start_list`)
  VALUES (11470, '2016-10-28 14:54:02', '2016-10-28 14:54:02', 6, '2000-01-01 00:00:00', 0, 1, NULL, 2193, 25, 3, 2, 1, 0);
INSERT INTO `meeting_events` (`id`, `created_at`, `updated_at`, `event_order`, `begin_time`, `is_out_of_race`, `is_autofilled`, `notes`, `meeting_session_id`, `event_type_id`, `heat_type_id`, `user_id`, `has_separate_gender_start_list`, `has_separate_category_start_list`)
  VALUES (11471, '2016-10-28 14:54:02', '2016-10-28 14:54:02', 12, '2000-01-01 12:04:00', 0, 1, NULL, 2193, 2, 3, 1, 1, 0);
INSERT INTO `meeting_sessions` (`id`, `session_order`, `scheduled_date`, `warm_up_time`, `begin_time`, `notes`, `meeting_id`, `swimming_pool_id`, `user_id`, `created_at`, `updated_at`, `description`, `is_autofilled`, `day_part_type_id`)
  VALUES (2194, 2, '2017-05-14', '2000-01-01 14:15:00', '2000-01-01 15:00:00', '', 16354, 195, 2, '2016-10-28 14:54:02', '2016-10-28 14:54:02', 'FINALI', 1, 2);
INSERT INTO `meeting_events` (`id`, `created_at`, `updated_at`, `event_order`, `begin_time`, `is_out_of_race`, `is_autofilled`, `notes`, `meeting_session_id`, `event_type_id`, `heat_type_id`, `user_id`, `has_separate_gender_start_list`, `has_separate_category_start_list`)
  VALUES (11472, '2016-10-28 14:54:02', '2016-10-28 14:54:02', 7, '2000-01-01 00:00:00', 0, 1, NULL, 2194, 4, 3, 2, 1, 0);
INSERT INTO `meeting_events` (`id`, `created_at`, `updated_at`, `event_order`, `begin_time`, `is_out_of_race`, `is_autofilled`, `notes`, `meeting_session_id`, `event_type_id`, `heat_type_id`, `user_id`, `has_separate_gender_start_list`, `has_separate_category_start_list`)
  VALUES (11473, '2016-10-28 14:54:02', '2016-10-28 14:54:02', 8, '2000-01-01 00:00:00', 0, 1, NULL, 2194, 16, 3, 2, 1, 0);
INSERT INTO `meeting_events` (`id`, `created_at`, `updated_at`, `event_order`, `begin_time`, `is_out_of_race`, `is_autofilled`, `notes`, `meeting_session_id`, `event_type_id`, `heat_type_id`, `user_id`, `has_separate_gender_start_list`, `has_separate_category_start_list`)
  VALUES (11474, '2016-10-28 14:54:02', '2016-10-28 14:54:02', 9, '2000-01-01 00:00:00', 0, 1, NULL, 2194, 20, 3, 2, 1, 0);
INSERT INTO `meeting_events` (`id`, `created_at`, `updated_at`, `event_order`, `begin_time`, `is_out_of_race`, `is_autofilled`, `notes`, `meeting_session_id`, `event_type_id`, `heat_type_id`, `user_id`, `has_separate_gender_start_list`, `has_separate_category_start_list`)
  VALUES (11475, '2016-10-28 14:54:02', '2016-10-28 14:54:02', 11, '2000-01-01 00:00:00', 0, 1, NULL, 2194, 26, 3, 3, 1, 0);

-- 15355-pesarodirossini TROFEO CITTA' DI ROSSINI 2016-05-21
INSERT INTO `meetings` (`id`, `description`, `entry_deadline`, `has_warm_up_pool`, `is_under_25_admitted`, `reference_phone`, `reference_e_mail`, `reference_name`, `notes`, `has_invitation`, `has_start_list`, `are_results_acquired`, `max_individual_events`, `configuration_file`, `edition`, `season_id`, `user_id`, `created_at`, `updated_at`, `is_autofilled`, `header_date`, `code`, `header_year`, `max_individual_events_per_session`, `is_out_of_season`, `edition_type_id`, `timing_type_id`, `individual_score_computation_type_id`, `relay_score_computation_type_id`, `team_score_computation_type_id`, `meeting_score_computation_type_id`, `invitation`, `is_confirmed`)
  VALUES (16355, 'TROFEO CITTA'' DI ROSSINI', '2017-05-13', 0, 1, '3384607290', 'info@sportvillagepesaro.it', 'Chiara', 'Sport Village Pesaro', 0, 0, 0, 2, 'FIN02', 2, 162, 2, '2016-10-28 14:54:02', '2016-10-28 14:54:02', 1, '2017-05-20', 'pesarodirossini', '2017', 0, 0, 2, 3, 1, 1, 12, 1, NULL, 0);
INSERT INTO `meeting_sessions` (`id`, `session_order`, `scheduled_date`, `warm_up_time`, `begin_time`, `notes`, `meeting_id`, `swimming_pool_id`, `user_id`, `created_at`, `updated_at`, `description`, `is_autofilled`, `day_part_type_id`)
  VALUES (2195, 1, '2017-05-20', '2000-01-01 14:00:00', '2000-01-01 15:00:00', '', 16355, 196, 2, '2016-10-28 14:54:02', '2016-10-28 14:54:02', 'FINALI', 1, 2);
INSERT INTO `meeting_events` (`id`, `created_at`, `updated_at`, `event_order`, `begin_time`, `is_out_of_race`, `is_autofilled`, `notes`, `meeting_session_id`, `event_type_id`, `heat_type_id`, `user_id`, `has_separate_gender_start_list`, `has_separate_category_start_list`)
  VALUES (11476, '2016-10-28 14:54:02', '2016-10-28 14:54:02', 1, '2000-01-01 00:00:00', 0, 1, NULL, 2195, 2, 3, 2, 1, 0);
INSERT INTO `meeting_events` (`id`, `created_at`, `updated_at`, `event_order`, `begin_time`, `is_out_of_race`, `is_autofilled`, `notes`, `meeting_session_id`, `event_type_id`, `heat_type_id`, `user_id`, `has_separate_gender_start_list`, `has_separate_category_start_list`)
  VALUES (11477, '2016-10-28 14:54:02', '2016-10-28 14:54:02', 2, '2000-01-01 00:00:00', 0, 1, NULL, 2195, 12, 3, 2, 1, 0);
INSERT INTO `meeting_events` (`id`, `created_at`, `updated_at`, `event_order`, `begin_time`, `is_out_of_race`, `is_autofilled`, `notes`, `meeting_session_id`, `event_type_id`, `heat_type_id`, `user_id`, `has_separate_gender_start_list`, `has_separate_category_start_list`)
  VALUES (11478, '2016-10-28 14:54:02', '2016-10-28 14:54:02', 3, '2000-01-01 00:00:00', 0, 1, NULL, 2195, 15, 3, 2, 1, 0);
INSERT INTO `meeting_events` (`id`, `created_at`, `updated_at`, `event_order`, `begin_time`, `is_out_of_race`, `is_autofilled`, `notes`, `meeting_session_id`, `event_type_id`, `heat_type_id`, `user_id`, `has_separate_gender_start_list`, `has_separate_category_start_list`)
  VALUES (11479, '2016-10-28 14:54:02', '2016-10-28 14:54:02', 4, '2000-01-01 00:00:00', 0, 1, NULL, 2195, 20, 3, 2, 1, 0);
INSERT INTO `meeting_events` (`id`, `created_at`, `updated_at`, `event_order`, `begin_time`, `is_out_of_race`, `is_autofilled`, `notes`, `meeting_session_id`, `event_type_id`, `heat_type_id`, `user_id`, `has_separate_gender_start_list`, `has_separate_category_start_list`)
  VALUES (11480, '2016-10-28 14:54:02', '2016-10-28 14:54:02', 5, '2000-01-01 00:00:00', 0, 1, NULL, 2195, 23, 3, 2, 1, 0);
INSERT INTO `meeting_events` (`id`, `created_at`, `updated_at`, `event_order`, `begin_time`, `is_out_of_race`, `is_autofilled`, `notes`, `meeting_session_id`, `event_type_id`, `heat_type_id`, `user_id`, `has_separate_gender_start_list`, `has_separate_category_start_list`)
  VALUES (11481, '2016-10-28 14:54:02', '2016-10-28 14:54:02', 6, '2000-01-01 00:00:00', 0, 1, NULL, 2195, 26, 3, 2, 1, 0);
INSERT INTO `meeting_sessions` (`id`, `session_order`, `scheduled_date`, `warm_up_time`, `begin_time`, `notes`, `meeting_id`, `swimming_pool_id`, `user_id`, `created_at`, `updated_at`, `description`, `is_autofilled`, `day_part_type_id`)
  VALUES (2196, 2, '2017-05-21', '2000-01-01 08:00:00', '2000-01-01 09:00:00', '', 16355, 196, 2, '2016-10-28 14:54:02', '2016-10-28 14:54:02', 'FINALI', 1, 1);
INSERT INTO `meeting_events` (`id`, `created_at`, `updated_at`, `event_order`, `begin_time`, `is_out_of_race`, `is_autofilled`, `notes`, `meeting_session_id`, `event_type_id`, `heat_type_id`, `user_id`, `has_separate_gender_start_list`, `has_separate_category_start_list`)
  VALUES (11482, '2016-10-28 14:54:02', '2016-10-28 14:54:02', 7, '2000-01-01 00:00:00', 0, 1, NULL, 2196, 3, 3, 2, 1, 0);
INSERT INTO `meeting_events` (`id`, `created_at`, `updated_at`, `event_order`, `begin_time`, `is_out_of_race`, `is_autofilled`, `notes`, `meeting_session_id`, `event_type_id`, `heat_type_id`, `user_id`, `has_separate_gender_start_list`, `has_separate_category_start_list`)
  VALUES (11483, '2016-10-28 14:54:02', '2016-10-28 14:54:02', 8, '2000-01-01 00:00:00', 0, 1, NULL, 2196, 11, 3, 2, 1, 0);
INSERT INTO `meeting_events` (`id`, `created_at`, `updated_at`, `event_order`, `begin_time`, `is_out_of_race`, `is_autofilled`, `notes`, `meeting_session_id`, `event_type_id`, `heat_type_id`, `user_id`, `has_separate_gender_start_list`, `has_separate_category_start_list`)
  VALUES (11484, '2016-10-28 14:54:02', '2016-10-28 14:54:02', 9, '2000-01-01 00:00:00', 0, 1, NULL, 2196, 16, 3, 2, 1, 0);
INSERT INTO `meeting_events` (`id`, `created_at`, `updated_at`, `event_order`, `begin_time`, `is_out_of_race`, `is_autofilled`, `notes`, `meeting_session_id`, `event_type_id`, `heat_type_id`, `user_id`, `has_separate_gender_start_list`, `has_separate_category_start_list`)
  VALUES (11485, '2016-10-28 14:54:02', '2016-10-28 14:54:02', 10, '2000-01-01 00:00:00', 0, 1, NULL, 2196, 19, 3, 2, 1, 0);
INSERT INTO `meeting_events` (`id`, `created_at`, `updated_at`, `event_order`, `begin_time`, `is_out_of_race`, `is_autofilled`, `notes`, `meeting_session_id`, `event_type_id`, `heat_type_id`, `user_id`, `has_separate_gender_start_list`, `has_separate_category_start_list`)
  VALUES (11486, '2016-10-28 14:54:02', '2016-10-28 14:54:02', 11, '2000-01-01 00:00:00', 0, 1, NULL, 2196, 4, 3, 2, 1, 0);
INSERT INTO `meeting_events` (`id`, `created_at`, `updated_at`, `event_order`, `begin_time`, `is_out_of_race`, `is_autofilled`, `notes`, `meeting_session_id`, `event_type_id`, `heat_type_id`, `user_id`, `has_separate_gender_start_list`, `has_separate_category_start_list`)
  VALUES (11487, '2016-10-28 14:54:02', '2016-10-28 14:54:02', 12, '2000-01-01 00:00:00', 0, 1, NULL, 2196, 25, 3, 2, 1, 0);

-- 15356-chiavarisprint TROFEO SPRINT DI CHIAVARI 2015-12-20
INSERT INTO `meetings` (`id`, `description`, `entry_deadline`, `has_warm_up_pool`, `is_under_25_admitted`, `reference_phone`, `reference_e_mail`, `reference_name`, `notes`, `has_invitation`, `has_start_list`, `are_results_acquired`, `max_individual_events`, `configuration_file`, `edition`, `season_id`, `user_id`, `created_at`, `updated_at`, `is_autofilled`, `header_date`, `code`, `header_year`, `max_individual_events_per_session`, `is_out_of_season`, `edition_type_id`, `timing_type_id`, `individual_score_computation_type_id`, `relay_score_computation_type_id`, `team_score_computation_type_id`, `meeting_score_computation_type_id`, `invitation`, `is_confirmed`)
  VALUES (16356, 'TROFEO SPRINT DI CHIAVARI', '2016-12-12', 1, 1, '3291480767', '', 'Valentina', '', 0, 0, 0, 2, 'FIN02', 2, 162, 2, '2016-10-28 14:54:02', '2016-10-28 14:54:02', 1, '2016-12-18', 'chiavarisprint', '2017', 0, 0, 2, 3, 1, 1, 12, 1, NULL, 0);
INSERT INTO `meeting_sessions` (`id`, `session_order`, `scheduled_date`, `warm_up_time`, `begin_time`, `notes`, `meeting_id`, `swimming_pool_id`, `user_id`, `created_at`, `updated_at`, `description`, `is_autofilled`, `day_part_type_id`)
  VALUES (2197, 1, '2016-12-18', '2000-01-01 09:00:00', '2000-01-01 10:00:00', '', 16356, 197, 2, '2016-10-28 14:54:02', '2016-10-28 14:54:02', 'FINALI', 1, 1);
INSERT INTO `meeting_events` (`id`, `created_at`, `updated_at`, `event_order`, `begin_time`, `is_out_of_race`, `is_autofilled`, `notes`, `meeting_session_id`, `event_type_id`, `heat_type_id`, `user_id`, `has_separate_gender_start_list`, `has_separate_category_start_list`)
  VALUES (11488, '2016-10-28 14:54:02', '2016-10-28 14:54:02', 2, '2000-01-01 00:00:00', 0, 1, NULL, 2197, 15, 3, 2, 1, 0);
INSERT INTO `meeting_events` (`id`, `created_at`, `updated_at`, `event_order`, `begin_time`, `is_out_of_race`, `is_autofilled`, `notes`, `meeting_session_id`, `event_type_id`, `heat_type_id`, `user_id`, `has_separate_gender_start_list`, `has_separate_category_start_list`)
  VALUES (11489, '2016-10-28 14:54:02', '2016-10-28 14:54:02', 3, '2000-01-01 00:00:00', 0, 1, NULL, 2197, 11, 3, 2, 1, 0);
INSERT INTO `meeting_events` (`id`, `created_at`, `updated_at`, `event_order`, `begin_time`, `is_out_of_race`, `is_autofilled`, `notes`, `meeting_session_id`, `event_type_id`, `heat_type_id`, `user_id`, `has_separate_gender_start_list`, `has_separate_category_start_list`)
  VALUES (11490, '2016-10-28 14:54:02', '2016-10-28 14:54:02', 4, '2000-01-01 00:00:00', 0, 1, NULL, 2197, 19, 3, 2, 1, 0);
INSERT INTO `meeting_events` (`id`, `created_at`, `updated_at`, `event_order`, `begin_time`, `is_out_of_race`, `is_autofilled`, `notes`, `meeting_session_id`, `event_type_id`, `heat_type_id`, `user_id`, `has_separate_gender_start_list`, `has_separate_category_start_list`)
  VALUES (11491, '2016-10-28 14:54:02', '2016-10-28 14:54:02', 5, '2000-01-01 00:00:00', 0, 1, NULL, 2197, 2, 3, 2, 1, 0);
INSERT INTO `meeting_events` (`id`, `created_at`, `updated_at`, `event_order`, `begin_time`, `is_out_of_race`, `is_autofilled`, `notes`, `meeting_session_id`, `event_type_id`, `heat_type_id`, `user_id`, `has_separate_gender_start_list`, `has_separate_category_start_list`)
  VALUES (11492, '2016-10-28 14:54:02', '2016-10-28 14:54:02', 6, '2000-01-01 00:00:00', 0, 1, NULL, 2197, 22, 3, 2, 1, 0);
INSERT INTO `meeting_events` (`id`, `created_at`, `updated_at`, `event_order`, `begin_time`, `is_out_of_race`, `is_autofilled`, `notes`, `meeting_session_id`, `event_type_id`, `heat_type_id`, `user_id`, `has_separate_gender_start_list`, `has_separate_category_start_list`)
  VALUES (11493, '2016-10-28 14:54:02', '2016-10-28 14:54:02', 1, '2000-01-01 00:00:00', 0, 1, NULL, 2197, 33, 3, 2, 1, 0);
INSERT INTO `meeting_sessions` (`id`, `session_order`, `scheduled_date`, `warm_up_time`, `begin_time`, `notes`, `meeting_id`, `swimming_pool_id`, `user_id`, `created_at`, `updated_at`, `description`, `is_autofilled`, `day_part_type_id`)
  VALUES (2198, 2, '2016-12-18', NULL, NULL, '', 16356, 197, 2, '2016-10-28 14:54:02', '2016-10-28 14:54:02', 'FINALI', 1, 2);
INSERT INTO `meeting_events` (`id`, `created_at`, `updated_at`, `event_order`, `begin_time`, `is_out_of_race`, `is_autofilled`, `notes`, `meeting_session_id`, `event_type_id`, `heat_type_id`, `user_id`, `has_separate_gender_start_list`, `has_separate_category_start_list`)
  VALUES (11494, '2016-10-28 14:54:02', '2016-10-28 14:54:02', 7, '2000-01-01 00:00:00', 0, 1, NULL, 2198, 12, 3, 2, 1, 0);
INSERT INTO `meeting_events` (`id`, `created_at`, `updated_at`, `event_order`, `begin_time`, `is_out_of_race`, `is_autofilled`, `notes`, `meeting_session_id`, `event_type_id`, `heat_type_id`, `user_id`, `has_separate_gender_start_list`, `has_separate_category_start_list`)
  VALUES (11495, '2016-10-28 14:54:02', '2016-10-28 14:54:02', 8, '2000-01-01 00:00:00', 0, 1, NULL, 2198, 16, 3, 2, 1, 0);
INSERT INTO `meeting_events` (`id`, `created_at`, `updated_at`, `event_order`, `begin_time`, `is_out_of_race`, `is_autofilled`, `notes`, `meeting_session_id`, `event_type_id`, `heat_type_id`, `user_id`, `has_separate_gender_start_list`, `has_separate_category_start_list`)
  VALUES (11496, '2016-10-28 14:54:02', '2016-10-28 14:54:02', 9, '2000-01-01 00:00:00', 0, 1, NULL, 2198, 20, 3, 2, 1, 0);
INSERT INTO `meeting_events` (`id`, `created_at`, `updated_at`, `event_order`, `begin_time`, `is_out_of_race`, `is_autofilled`, `notes`, `meeting_session_id`, `event_type_id`, `heat_type_id`, `user_id`, `has_separate_gender_start_list`, `has_separate_category_start_list`)
  VALUES (11497, '2016-10-28 14:54:02', '2016-10-28 14:54:02', 10, '2000-01-01 00:00:00', 0, 1, NULL, 2198, 3, 3, 2, 1, 0);
INSERT INTO `meeting_events` (`id`, `created_at`, `updated_at`, `event_order`, `begin_time`, `is_out_of_race`, `is_autofilled`, `notes`, `meeting_session_id`, `event_type_id`, `heat_type_id`, `user_id`, `has_separate_gender_start_list`, `has_separate_category_start_list`)
  VALUES (11498, '2016-10-28 14:54:02', '2016-10-28 14:54:02', 11, '2000-01-01 00:00:00', 0, 1, NULL, 2198, 26, 3, 2, 1, 0);

-- 15357-bariestivo TROFEO ESTIVO 2016-06-04
INSERT INTO `meetings` (`id`, `description`, `entry_deadline`, `has_warm_up_pool`, `is_under_25_admitted`, `reference_phone`, `reference_e_mail`, `reference_name`, `notes`, `has_invitation`, `has_start_list`, `are_results_acquired`, `max_individual_events`, `configuration_file`, `edition`, `season_id`, `user_id`, `created_at`, `updated_at`, `is_autofilled`, `header_date`, `code`, `header_year`, `max_individual_events_per_session`, `is_out_of_season`, `edition_type_id`, `timing_type_id`, `individual_score_computation_type_id`, `relay_score_computation_type_id`, `team_score_computation_type_id`, `meeting_score_computation_type_id`, `invitation`, `is_confirmed`)
  VALUES (16357, 'TROFEO ESTIVO', '2017-05-26', 0, 1, '3477479173', '', 'Domenico Caputo', 'CR Puglia', 0, 0, 0, 2, 'FIN02', 5, 162, 2, '2016-10-28 14:54:02', '2016-10-28 14:54:02', 1, '2017-06-03', 'bariestivo', '2017', 0, 0, 2, 3, 1, 1, 12, 1, NULL, 0);
INSERT INTO `meeting_sessions` (`id`, `session_order`, `scheduled_date`, `warm_up_time`, `begin_time`, `notes`, `meeting_id`, `swimming_pool_id`, `user_id`, `created_at`, `updated_at`, `description`, `is_autofilled`, `day_part_type_id`)
  VALUES (2199, 1, '2017-06-03', '2000-01-01 08:00:00', '2000-01-01 08:45:00', '', 16357, 102, 2, '2016-10-28 14:54:02', '2016-10-28 14:54:02', 'FINALI', 1, 1);
INSERT INTO `meeting_events` (`id`, `created_at`, `updated_at`, `event_order`, `begin_time`, `is_out_of_race`, `is_autofilled`, `notes`, `meeting_session_id`, `event_type_id`, `heat_type_id`, `user_id`, `has_separate_gender_start_list`, `has_separate_category_start_list`)
  VALUES (11499, '2016-10-28 14:54:02', '2016-10-28 14:54:02', 1, '2000-01-01 00:00:00', 0, 1, NULL, 2199, 20, 3, 2, 1, 0);
INSERT INTO `meeting_events` (`id`, `created_at`, `updated_at`, `event_order`, `begin_time`, `is_out_of_race`, `is_autofilled`, `notes`, `meeting_session_id`, `event_type_id`, `heat_type_id`, `user_id`, `has_separate_gender_start_list`, `has_separate_category_start_list`)
  VALUES (11500, '2016-10-28 14:54:02', '2016-10-28 14:54:02', 2, '2000-01-01 00:00:00', 0, 1, NULL, 2199, 16, 3, 2, 1, 0);
INSERT INTO `meeting_events` (`id`, `created_at`, `updated_at`, `event_order`, `begin_time`, `is_out_of_race`, `is_autofilled`, `notes`, `meeting_session_id`, `event_type_id`, `heat_type_id`, `user_id`, `has_separate_gender_start_list`, `has_separate_category_start_list`)
  VALUES (11501, '2016-10-28 14:54:02', '2016-10-28 14:54:02', 3, '2000-01-01 00:00:00', 0, 1, NULL, 2199, 3, 3, 2, 1, 0);
INSERT INTO `meeting_events` (`id`, `created_at`, `updated_at`, `event_order`, `begin_time`, `is_out_of_race`, `is_autofilled`, `notes`, `meeting_session_id`, `event_type_id`, `heat_type_id`, `user_id`, `has_separate_gender_start_list`, `has_separate_category_start_list`)
  VALUES (11502, '2016-10-28 14:54:02', '2016-10-28 14:54:02', 4, '2000-01-01 00:00:00', 0, 1, NULL, 2199, 12, 3, 2, 1, 0);
INSERT INTO `meeting_events` (`id`, `created_at`, `updated_at`, `event_order`, `begin_time`, `is_out_of_race`, `is_autofilled`, `notes`, `meeting_session_id`, `event_type_id`, `heat_type_id`, `user_id`, `has_separate_gender_start_list`, `has_separate_category_start_list`)
  VALUES (11503, '2016-10-28 14:54:02', '2016-10-28 14:54:02', 5, '2000-01-01 00:00:00', 0, 1, NULL, 2199, 19, 3, 2, 1, 0);
INSERT INTO `meeting_events` (`id`, `created_at`, `updated_at`, `event_order`, `begin_time`, `is_out_of_race`, `is_autofilled`, `notes`, `meeting_session_id`, `event_type_id`, `heat_type_id`, `user_id`, `has_separate_gender_start_list`, `has_separate_category_start_list`)
  VALUES (11504, '2016-10-28 14:54:02', '2016-10-28 14:54:02', 6, '2000-01-01 00:00:00', 0, 1, NULL, 2199, 33, 3, 2, 1, 0);
INSERT INTO `meeting_sessions` (`id`, `session_order`, `scheduled_date`, `warm_up_time`, `begin_time`, `notes`, `meeting_id`, `swimming_pool_id`, `user_id`, `created_at`, `updated_at`, `description`, `is_autofilled`, `day_part_type_id`)
  VALUES (2200, 2, '2017-06-04', '2000-01-01 08:00:00', '2000-01-01 08:45:00', '', 16357, 102, 2, '2016-10-28 14:54:02', '2016-10-28 14:54:02', 'FINALI', 1, 1);
INSERT INTO `meeting_events` (`id`, `created_at`, `updated_at`, `event_order`, `begin_time`, `is_out_of_race`, `is_autofilled`, `notes`, `meeting_session_id`, `event_type_id`, `heat_type_id`, `user_id`, `has_separate_gender_start_list`, `has_separate_category_start_list`)
  VALUES (11505, '2016-10-28 14:54:02', '2016-10-28 14:54:02', 7, '2000-01-01 00:00:00', 0, 1, NULL, 2200, 23, 3, 2, 1, 0);
INSERT INTO `meeting_events` (`id`, `created_at`, `updated_at`, `event_order`, `begin_time`, `is_out_of_race`, `is_autofilled`, `notes`, `meeting_session_id`, `event_type_id`, `heat_type_id`, `user_id`, `has_separate_gender_start_list`, `has_separate_category_start_list`)
  VALUES (11506, '2016-10-28 14:54:03', '2016-10-28 14:54:03', 8, '2000-01-01 00:00:00', 0, 1, NULL, 2200, 4, 3, 2, 1, 0);
INSERT INTO `meeting_events` (`id`, `created_at`, `updated_at`, `event_order`, `begin_time`, `is_out_of_race`, `is_autofilled`, `notes`, `meeting_session_id`, `event_type_id`, `heat_type_id`, `user_id`, `has_separate_gender_start_list`, `has_separate_category_start_list`)
  VALUES (11507, '2016-10-28 14:54:03', '2016-10-28 14:54:03', 9, '2000-01-01 00:00:00', 0, 1, NULL, 2200, 11, 3, 2, 1, 0);
INSERT INTO `meeting_events` (`id`, `created_at`, `updated_at`, `event_order`, `begin_time`, `is_out_of_race`, `is_autofilled`, `notes`, `meeting_session_id`, `event_type_id`, `heat_type_id`, `user_id`, `has_separate_gender_start_list`, `has_separate_category_start_list`)
  VALUES (11508, '2016-10-28 14:54:03', '2016-10-28 14:54:03', 10, '2000-01-01 00:00:00', 0, 1, NULL, 2200, 15, 3, 2, 1, 0);
INSERT INTO `meeting_events` (`id`, `created_at`, `updated_at`, `event_order`, `begin_time`, `is_out_of_race`, `is_autofilled`, `notes`, `meeting_session_id`, `event_type_id`, `heat_type_id`, `user_id`, `has_separate_gender_start_list`, `has_separate_category_start_list`)
  VALUES (11509, '2016-10-28 14:54:03', '2016-10-28 14:54:03', 11, '2000-01-01 00:00:00', 0, 1, NULL, 2200, 13, 3, 2, 1, 0);
INSERT INTO `meeting_events` (`id`, `created_at`, `updated_at`, `event_order`, `begin_time`, `is_out_of_race`, `is_autofilled`, `notes`, `meeting_session_id`, `event_type_id`, `heat_type_id`, `user_id`, `has_separate_gender_start_list`, `has_separate_category_start_list`)
  VALUES (11510, '2016-10-28 14:54:03', '2016-10-28 14:54:03', 12, '2000-01-01 00:00:00', 0, 1, NULL, 2200, 17, 3, 2, 1, 0);
INSERT INTO `meeting_events` (`id`, `created_at`, `updated_at`, `event_order`, `begin_time`, `is_out_of_race`, `is_autofilled`, `notes`, `meeting_session_id`, `event_type_id`, `heat_type_id`, `user_id`, `has_separate_gender_start_list`, `has_separate_category_start_list`)
  VALUES (11511, '2016-10-28 14:54:03', '2016-10-28 14:54:03', 13, '2000-01-01 00:00:00', 0, 1, NULL, 2200, 32, 3, 2, 1, 0);
INSERT INTO `meeting_sessions` (`id`, `session_order`, `scheduled_date`, `warm_up_time`, `begin_time`, `notes`, `meeting_id`, `swimming_pool_id`, `user_id`, `created_at`, `updated_at`, `description`, `is_autofilled`, `day_part_type_id`)
  VALUES (2201, 3, '2017-06-04', '2000-01-01 14:30:00', '2000-01-01 15:15:00', '', 16357, 102, 2, '2016-10-28 14:54:03', '2016-10-28 14:54:03', 'FINALI', 1, 2);
INSERT INTO `meeting_events` (`id`, `created_at`, `updated_at`, `event_order`, `begin_time`, `is_out_of_race`, `is_autofilled`, `notes`, `meeting_session_id`, `event_type_id`, `heat_type_id`, `user_id`, `has_separate_gender_start_list`, `has_separate_category_start_list`)
  VALUES (11512, '2016-10-28 14:54:03', '2016-10-28 14:54:03', 14, '2000-01-01 00:00:00', 0, 1, NULL, 2201, 21, 3, 2, 1, 0);
INSERT INTO `meeting_events` (`id`, `created_at`, `updated_at`, `event_order`, `begin_time`, `is_out_of_race`, `is_autofilled`, `notes`, `meeting_session_id`, `event_type_id`, `heat_type_id`, `user_id`, `has_separate_gender_start_list`, `has_separate_category_start_list`)
  VALUES (11513, '2016-10-28 14:54:03', '2016-10-28 14:54:03', 15, '2000-01-01 00:00:00', 0, 1, NULL, 2201, 2, 3, 2, 1, 0);
INSERT INTO `meeting_events` (`id`, `created_at`, `updated_at`, `event_order`, `begin_time`, `is_out_of_race`, `is_autofilled`, `notes`, `meeting_session_id`, `event_type_id`, `heat_type_id`, `user_id`, `has_separate_gender_start_list`, `has_separate_category_start_list`)
  VALUES (11514, '2016-10-28 14:54:03', '2016-10-28 14:54:03', 16, '2000-01-01 00:00:00', 0, 1, NULL, 2201, 25, 3, 2, 1, 0);



-- 162-Circuito italiano supermaster FIN 2016/2017 duplication done
-- Script ended
