--
-- Duplicating season 152-Circuito italiano supermaster FIN 2015/2016 into 162-Circuito italiano supermaster FIN 2016/2017
-- 26 October 2016 16:53:26
-- Begin script
--

-- Season
INSERT INTO `seasons` (`id`, `description`, `begin_date`, `end_date`, `season_type_id`, `created_at`, `updated_at`, `header_year`, `edition`, `edition_type_id`, `timing_type_id`, `rules`, `has_individual_rank`)
  VALUES (162, 'Circuito italiano supermaster FIN 2016/2017', '2016-10-01', '2017-09-30', 1, '2016-10-26 14:53:26', '2016-10-26 14:53:26', '2016/2017', 16, 5, 3, NULL, 1);

-- Categories
INSERT INTO `category_types` (`id`, `code`, `federation_code`, `description`, `short_name`, `group_name`, `age_begin`, `age_end`, `is_a_relay`, `created_at`, `updated_at`, `season_id`, `is_out_of_race`, `is_undivided`)
  VALUES (1013, 'M25', 'B', 'MASTER 25', 'M25', 'MASTER', 25, 29, 0, '2016-10-26 14:53:26', '2016-10-26 14:53:26', 162, 0, 0);
INSERT INTO `category_types` (`id`, `code`, `federation_code`, `description`, `short_name`, `group_name`, `age_begin`, `age_end`, `is_a_relay`, `created_at`, `updated_at`, `season_id`, `is_out_of_race`, `is_undivided`)
  VALUES (1014, 'M30', 'C', 'MASTER 30', 'M30', 'MASTER', 30, 34, 0, '2016-10-26 14:53:26', '2016-10-26 14:53:26', 162, 0, 0);
INSERT INTO `category_types` (`id`, `code`, `federation_code`, `description`, `short_name`, `group_name`, `age_begin`, `age_end`, `is_a_relay`, `created_at`, `updated_at`, `season_id`, `is_out_of_race`, `is_undivided`)
  VALUES (1015, 'M35', 'D', 'MASTER 35', 'M35', 'MASTER', 35, 39, 0, '2016-10-26 14:53:26', '2016-10-26 14:53:26', 162, 0, 0);
INSERT INTO `category_types` (`id`, `code`, `federation_code`, `description`, `short_name`, `group_name`, `age_begin`, `age_end`, `is_a_relay`, `created_at`, `updated_at`, `season_id`, `is_out_of_race`, `is_undivided`)
  VALUES (1016, 'M40', 'E', 'MASTER 40', 'M40', 'MASTER', 40, 44, 0, '2016-10-26 14:53:26', '2016-10-26 14:53:26', 162, 0, 0);
INSERT INTO `category_types` (`id`, `code`, `federation_code`, `description`, `short_name`, `group_name`, `age_begin`, `age_end`, `is_a_relay`, `created_at`, `updated_at`, `season_id`, `is_out_of_race`, `is_undivided`)
  VALUES (1017, 'M45', 'F', 'MASTER 45', 'M45', 'MASTER', 45, 49, 0, '2016-10-26 14:53:26', '2016-10-26 14:53:26', 162, 0, 0);
INSERT INTO `category_types` (`id`, `code`, `federation_code`, `description`, `short_name`, `group_name`, `age_begin`, `age_end`, `is_a_relay`, `created_at`, `updated_at`, `season_id`, `is_out_of_race`, `is_undivided`)
  VALUES (1018, 'M50', 'G', 'MASTER 50', 'M50', 'MASTER', 50, 54, 0, '2016-10-26 14:53:26', '2016-10-26 14:53:26', 162, 0, 0);
INSERT INTO `category_types` (`id`, `code`, `federation_code`, `description`, `short_name`, `group_name`, `age_begin`, `age_end`, `is_a_relay`, `created_at`, `updated_at`, `season_id`, `is_out_of_race`, `is_undivided`)
  VALUES (1019, 'M55', 'H', 'MASTER 55', 'M55', 'MASTER', 55, 59, 0, '2016-10-26 14:53:26', '2016-10-26 14:53:26', 162, 0, 0);
INSERT INTO `category_types` (`id`, `code`, `federation_code`, `description`, `short_name`, `group_name`, `age_begin`, `age_end`, `is_a_relay`, `created_at`, `updated_at`, `season_id`, `is_out_of_race`, `is_undivided`)
  VALUES (1020, 'M60', 'I', 'MASTER 60', 'M60', 'MASTER', 60, 64, 0, '2016-10-26 14:53:26', '2016-10-26 14:53:26', 162, 0, 0);
INSERT INTO `category_types` (`id`, `code`, `federation_code`, `description`, `short_name`, `group_name`, `age_begin`, `age_end`, `is_a_relay`, `created_at`, `updated_at`, `season_id`, `is_out_of_race`, `is_undivided`)
  VALUES (1021, 'M65', 'J', 'MASTER 65', 'M65', 'MASTER', 65, 69, 0, '2016-10-26 14:53:26', '2016-10-26 14:53:26', 162, 0, 0);
INSERT INTO `category_types` (`id`, `code`, `federation_code`, `description`, `short_name`, `group_name`, `age_begin`, `age_end`, `is_a_relay`, `created_at`, `updated_at`, `season_id`, `is_out_of_race`, `is_undivided`)
  VALUES (1022, 'M70', 'K', 'MASTER 70', 'M70', 'MASTER', 70, 74, 0, '2016-10-26 14:53:26', '2016-10-26 14:53:26', 162, 0, 0);
INSERT INTO `category_types` (`id`, `code`, `federation_code`, `description`, `short_name`, `group_name`, `age_begin`, `age_end`, `is_a_relay`, `created_at`, `updated_at`, `season_id`, `is_out_of_race`, `is_undivided`)
  VALUES (1023, 'M75', 'L', 'MASTER 75', 'M75', 'MASTER', 75, 79, 0, '2016-10-26 14:53:26', '2016-10-26 14:53:26', 162, 0, 0);
INSERT INTO `category_types` (`id`, `code`, `federation_code`, `description`, `short_name`, `group_name`, `age_begin`, `age_end`, `is_a_relay`, `created_at`, `updated_at`, `season_id`, `is_out_of_race`, `is_undivided`)
  VALUES (1024, 'M80', 'M', 'MASTER 80', 'M80', 'MASTER', 80, 84, 0, '2016-10-26 14:53:26', '2016-10-26 14:53:26', 162, 0, 0);
INSERT INTO `category_types` (`id`, `code`, `federation_code`, `description`, `short_name`, `group_name`, `age_begin`, `age_end`, `is_a_relay`, `created_at`, `updated_at`, `season_id`, `is_out_of_race`, `is_undivided`)
  VALUES (1025, 'M85', 'N', 'MASTER 85', 'M85', 'MASTER', 85, 89, 0, '2016-10-26 14:53:26', '2016-10-26 14:53:26', 162, 0, 0);
INSERT INTO `category_types` (`id`, `code`, `federation_code`, `description`, `short_name`, `group_name`, `age_begin`, `age_end`, `is_a_relay`, `created_at`, `updated_at`, `season_id`, `is_out_of_race`, `is_undivided`)
  VALUES (1026, 'M90', 'O', 'MASTER 90', 'M90', 'MASTER', 90, 94, 0, '2016-10-26 14:53:26', '2016-10-26 14:53:26', 162, 0, 0);
INSERT INTO `category_types` (`id`, `code`, `federation_code`, `description`, `short_name`, `group_name`, `age_begin`, `age_end`, `is_a_relay`, `created_at`, `updated_at`, `season_id`, `is_out_of_race`, `is_undivided`)
  VALUES (1027, 'M95', 'P', 'MASTER 95', 'M95', 'MASTER', 95, 99, 0, '2016-10-26 14:53:26', '2016-10-26 14:53:26', 162, 0, 0);
INSERT INTO `category_types` (`id`, `code`, `federation_code`, `description`, `short_name`, `group_name`, `age_begin`, `age_end`, `is_a_relay`, `created_at`, `updated_at`, `season_id`, `is_out_of_race`, `is_undivided`)
  VALUES (1028, 'MA0', 'Q', 'MASTER 100', 'MA0', 'MASTER', 100, 999, 0, '2016-10-26 14:53:26', '2016-10-26 14:53:26', 162, 0, 0);
INSERT INTO `category_types` (`id`, `code`, `federation_code`, `description`, `short_name`, `group_name`, `age_begin`, `age_end`, `is_a_relay`, `created_at`, `updated_at`, `season_id`, `is_out_of_race`, `is_undivided`)
  VALUES (1029, 'U25', 'A', 'UNDER 25', 'U25', 'MASTER', 16, 24, 0, '2016-10-26 14:53:26', '2016-10-26 14:53:26', 162, 0, 0);
INSERT INTO `category_types` (`id`, `code`, `federation_code`, `description`, `short_name`, `group_name`, `age_begin`, `age_end`, `is_a_relay`, `created_at`, `updated_at`, `season_id`, `is_out_of_race`, `is_undivided`)
  VALUES (1030, '000-999', 'xX', 'STAFF. ASSOLUTI', 'ASSOLUTI', 'MASTER', 1, 999, 1, '2016-10-26 14:53:26', '2016-10-26 14:53:26', 162, 0, 1);
INSERT INTO `category_types` (`id`, `code`, `federation_code`, `description`, `short_name`, `group_name`, `age_begin`, `age_end`, `is_a_relay`, `created_at`, `updated_at`, `season_id`, `is_out_of_race`, `is_undivided`)
  VALUES (1031, '100-119', 'xA', 'STAFF. M FINO A 119', '100-119', 'MASTER', 100, 119, 1, '2016-10-26 14:53:26', '2016-10-26 14:53:26', 162, 0, 0);
INSERT INTO `category_types` (`id`, `code`, `federation_code`, `description`, `short_name`, `group_name`, `age_begin`, `age_end`, `is_a_relay`, `created_at`, `updated_at`, `season_id`, `is_out_of_race`, `is_undivided`)
  VALUES (1032, '120-159', 'xB', 'STAFF. M 120-159', '120-159', 'MASTER', 120, 159, 1, '2016-10-26 14:53:26', '2016-10-26 14:53:26', 162, 0, 0);
INSERT INTO `category_types` (`id`, `code`, `federation_code`, `description`, `short_name`, `group_name`, `age_begin`, `age_end`, `is_a_relay`, `created_at`, `updated_at`, `season_id`, `is_out_of_race`, `is_undivided`)
  VALUES (1033, '160-199', 'xC', 'STAFF. M 160-199', '160-199', 'MASTER', 160, 199, 1, '2016-10-26 14:53:26', '2016-10-26 14:53:26', 162, 0, 0);
INSERT INTO `category_types` (`id`, `code`, `federation_code`, `description`, `short_name`, `group_name`, `age_begin`, `age_end`, `is_a_relay`, `created_at`, `updated_at`, `season_id`, `is_out_of_race`, `is_undivided`)
  VALUES (1034, '200-239', 'xD', 'STAFF. M 200-239', '200-239', 'MASTER', 200, 239, 1, '2016-10-26 14:53:26', '2016-10-26 14:53:26', 162, 0, 0);
INSERT INTO `category_types` (`id`, `code`, `federation_code`, `description`, `short_name`, `group_name`, `age_begin`, `age_end`, `is_a_relay`, `created_at`, `updated_at`, `season_id`, `is_out_of_race`, `is_undivided`)
  VALUES (1035, '240-279', 'xE', 'STAFF. M 240-279', '240-279', 'MASTER', 240, 279, 1, '2016-10-26 14:53:26', '2016-10-26 14:53:26', 162, 0, 0);
INSERT INTO `category_types` (`id`, `code`, `federation_code`, `description`, `short_name`, `group_name`, `age_begin`, `age_end`, `is_a_relay`, `created_at`, `updated_at`, `season_id`, `is_out_of_race`, `is_undivided`)
  VALUES (1036, '280-319', 'xF', 'STAFF. M 280-319', '280-319', 'MASTER', 280, 319, 1, '2016-10-26 14:53:26', '2016-10-26 14:53:26', 162, 0, 0);
INSERT INTO `category_types` (`id`, `code`, `federation_code`, `description`, `short_name`, `group_name`, `age_begin`, `age_end`, `is_a_relay`, `created_at`, `updated_at`, `season_id`, `is_out_of_race`, `is_undivided`)
  VALUES (1037, '320-359', 'xG', 'STAFF. M 320-359', '320-359', 'MASTER', 320, 359, 1, '2016-10-26 14:53:26', '2016-10-26 14:53:26', 162, 0, 0);
INSERT INTO `category_types` (`id`, `code`, `federation_code`, `description`, `short_name`, `group_name`, `age_begin`, `age_end`, `is_a_relay`, `created_at`, `updated_at`, `season_id`, `is_out_of_race`, `is_undivided`)
  VALUES (1038, '360-399', 'xH', 'STAFF. M 360-399', '360-399', 'MASTER', 360, 399, 1, '2016-10-26 14:53:26', '2016-10-26 14:53:26', 162, 0, 0);


-- Carmen Longo 50 meters new swimming pool
INSERT INTO swimming_pools (id,name,phone_number,lanes_number,address,nick_name,maps_uri,has_multiple_pools,has_open_area,has_bar,has_restaurant_service,has_gym_area,has_children_area,notes,zip,fax_number,e_mail,contact_name,user_id,city_id,pool_type_id,locker_cabinet_type_id,shower_type_id,hair_dryer_type_id,lock_version,created_at,updated_at) VALUES 
(199,'Carmen Longo','',10,'Via dello Sport 2','bolognastadio50','',0,0,0,0,0,0,'','','','','',2,(select t.id from cities t where t.name = 'BOLOGNA'),(select t.id from pool_types t where t.code = '50'),(select t.id from locker_cabinet_types t where t.code = ''),(select t.id from shower_types t where t.code = ''),(select t.id from hair_dryer_types t where t.code = ''),0,CURDATE(),CURDATE());

-- Meetings
-- 15201-bolognadeakker TROFEO DEAKKER ASI 2015-11-15
INSERT INTO `meetings` (`id`, `description`, `entry_deadline`, `has_warm_up_pool`, `is_under_25_admitted`, `reference_phone`, `reference_e_mail`, `reference_name`, `notes`, `has_invitation`, `has_start_list`, `are_results_acquired`, `max_individual_events`, `configuration_file`, `edition`, `season_id`, `user_id`, `created_at`, `updated_at`, `is_autofilled`, `header_date`, `code`, `header_year`, `max_individual_events_per_session`, `is_out_of_season`, `edition_type_id`, `timing_type_id`, `individual_score_computation_type_id`, `relay_score_computation_type_id`, `team_score_computation_type_id`, `meeting_score_computation_type_id`, `invitation`, `is_confirmed`)
  VALUES (16201, 'TROFEO DEAKKER ASI', '2016-10-30', 0, 1, '347 7878360', 'nuotodeakkergmail.com', 'Marina Mastrigli', 'De Akker Team Bologna', 0, 0, 0, 2, 'FIN04', 17, 162, 2, '2016-10-26 14:53:26', '2016-10-26 14:53:26', 1, '2016-11-06', 'bolognadeakker', '2016/2017', 0, 0, 2, 3, 1, 1, 12, 1, NULL, 0);
INSERT INTO `meeting_sessions` (`id`, `session_order`, `scheduled_date`, `warm_up_time`, `begin_time`, `notes`, `meeting_id`, `swimming_pool_id`, `user_id`, `created_at`, `updated_at`, `description`, `is_autofilled`, `day_part_type_id`)
  VALUES (1602, 1, '2016-11-06', '2000-01-01 08:15:00', '2000-01-01 09:00:00', '', 16201, 199, 2, '2016-10-26 14:53:26', '2016-10-26 14:53:26', 'FINALI', 1, 1);
INSERT INTO `meeting_events` (`id`, `created_at`, `updated_at`, `event_order`, `begin_time`, `is_out_of_race`, `is_autofilled`, `notes`, `meeting_session_id`, `event_type_id`, `heat_type_id`, `user_id`, `has_separate_gender_start_list`, `has_separate_category_start_list`)
  VALUES (8315, '2016-10-26 14:53:26', '2016-10-26 14:53:26', 1, '2000-01-01 00:00:00', 0, 1, NULL, 1602, 11, 3, 2, 1, 0);
INSERT INTO `meeting_events` (`id`, `created_at`, `updated_at`, `event_order`, `begin_time`, `is_out_of_race`, `is_autofilled`, `notes`, `meeting_session_id`, `event_type_id`, `heat_type_id`, `user_id`, `has_separate_gender_start_list`, `has_separate_category_start_list`)
  VALUES (8316, '2016-10-26 14:53:26', '2016-10-26 14:53:26', 2, '2000-01-01 00:00:00', 0, 1, NULL, 1602, 3, 3, 2, 1, 0);
INSERT INTO `meeting_events` (`id`, `created_at`, `updated_at`, `event_order`, `begin_time`, `is_out_of_race`, `is_autofilled`, `notes`, `meeting_session_id`, `event_type_id`, `heat_type_id`, `user_id`, `has_separate_gender_start_list`, `has_separate_category_start_list`)
  VALUES (8317, '2016-10-26 14:53:26', '2016-10-26 14:53:26', 3, '2000-01-01 00:00:00', 0, 1, NULL, 1602, 19, 3, 2, 1, 0);
INSERT INTO `meeting_events` (`id`, `created_at`, `updated_at`, `event_order`, `begin_time`, `is_out_of_race`, `is_autofilled`, `notes`, `meeting_session_id`, `event_type_id`, `heat_type_id`, `user_id`, `has_separate_gender_start_list`, `has_separate_category_start_list`)
  VALUES (8318, '2016-10-26 14:53:26', '2016-10-26 14:53:26', 4, '2000-01-01 04:00:30', 0, 1, NULL, 1602, 33, 3, 1, 1, 0);
INSERT INTO `meeting_sessions` (`id`, `session_order`, `scheduled_date`, `warm_up_time`, `begin_time`, `notes`, `meeting_id`, `swimming_pool_id`, `user_id`, `created_at`, `updated_at`, `description`, `is_autofilled`, `day_part_type_id`)
  VALUES (1603, 2, '2016-11-06', '2000-01-01 14:00:00', '2000-01-01 14:30:00', '', 16201, 199, 2, '2016-10-26 14:53:26', '2016-10-26 14:53:26', 'FINALI', 1, 2);
INSERT INTO `meeting_events` (`id`, `created_at`, `updated_at`, `event_order`, `begin_time`, `is_out_of_race`, `is_autofilled`, `notes`, `meeting_session_id`, `event_type_id`, `heat_type_id`, `user_id`, `has_separate_gender_start_list`, `has_separate_category_start_list`)
  VALUES (8319, '2016-10-26 14:53:26', '2016-10-26 14:53:26', 1, '2000-01-01 00:00:00', 0, 1, NULL, 1603, 15, 3, 2, 1, 0);
INSERT INTO `meeting_events` (`id`, `created_at`, `updated_at`, `event_order`, `begin_time`, `is_out_of_race`, `is_autofilled`, `notes`, `meeting_session_id`, `event_type_id`, `heat_type_id`, `user_id`, `has_separate_gender_start_list`, `has_separate_category_start_list`)
  VALUES (8320, '2016-10-26 14:53:26', '2016-10-26 14:53:26', 2, '2000-01-01 00:00:00', 0, 1, NULL, 1603, 2, 3, 2, 1, 0);
INSERT INTO `meeting_events` (`id`, `created_at`, `updated_at`, `event_order`, `begin_time`, `is_out_of_race`, `is_autofilled`, `notes`, `meeting_session_id`, `event_type_id`, `heat_type_id`, `user_id`, `has_separate_gender_start_list`, `has_separate_category_start_list`)
  VALUES (8321, '2016-10-26 14:53:26', '2016-10-26 14:53:26', 3, '2000-01-01 00:00:00', 0, 1, NULL, 1603, 23, 3, 2, 1, 0);

-- 15202-riccione TROFEO CITTA' DI RICCIONE 2015-12-05
INSERT INTO `meetings` (`id`, `description`, `entry_deadline`, `has_warm_up_pool`, `is_under_25_admitted`, `reference_phone`, `reference_e_mail`, `reference_name`, `notes`, `has_invitation`, `has_start_list`, `are_results_acquired`, `max_individual_events`, `configuration_file`, `edition`, `season_id`, `user_id`, `created_at`, `updated_at`, `is_autofilled`, `header_date`, `code`, `header_year`, `max_individual_events_per_session`, `is_out_of_season`, `edition_type_id`, `timing_type_id`, `individual_score_computation_type_id`, `relay_score_computation_type_id`, `team_score_computation_type_id`, `meeting_score_computation_type_id`, `invitation`, `is_confirmed`)
  VALUES (16202, 'TROFEO CITTA'' DI RICCIONE', '2016-11-28', 1, 1, '347 9804255', 'riccionemaster+iscrizioni@gmail.com', 'Marco Squadrani', 'Polisp. Comunale Riccione', 0, 0, 0, 2, 'FIN04', 17, 162, 2, '2016-10-26 14:53:26', '2016-10-26 14:53:26', 1, '2016-12-03', 'riccione', '2016/2017', 0, 0, 2, 3, 1, 1, 12, 1, NULL, 0);
INSERT INTO `meeting_sessions` (`id`, `session_order`, `scheduled_date`, `warm_up_time`, `begin_time`, `notes`, `meeting_id`, `swimming_pool_id`, `user_id`, `created_at`, `updated_at`, `description`, `is_autofilled`, `day_part_type_id`)
  VALUES (1604, 1, '2016-12-03', '2000-01-01 07:10:00', '2000-01-01 07:45:00', '', 16202, 22, 2, '2016-10-26 14:53:26', '2016-10-26 14:53:26', 'FINALI', 1, 1);
INSERT INTO `meeting_events` (`id`, `created_at`, `updated_at`, `event_order`, `begin_time`, `is_out_of_race`, `is_autofilled`, `notes`, `meeting_session_id`, `event_type_id`, `heat_type_id`, `user_id`, `has_separate_gender_start_list`, `has_separate_category_start_list`)
  VALUES (8322, '2016-10-26 14:53:26', '2016-10-26 14:53:26', 1, '2000-01-01 00:00:00', 0, 1, NULL, 1604, 7, 3, 2, 1, 0);
INSERT INTO `meeting_events` (`id`, `created_at`, `updated_at`, `event_order`, `begin_time`, `is_out_of_race`, `is_autofilled`, `notes`, `meeting_session_id`, `event_type_id`, `heat_type_id`, `user_id`, `has_separate_gender_start_list`, `has_separate_category_start_list`)
  VALUES (8323, '2016-10-26 14:53:26', '2016-10-26 14:53:26', 2, '2000-01-01 00:00:00', 0, 1, NULL, 1604, 12, 3, 2, 1, 0);
INSERT INTO `meeting_events` (`id`, `created_at`, `updated_at`, `event_order`, `begin_time`, `is_out_of_race`, `is_autofilled`, `notes`, `meeting_session_id`, `event_type_id`, `heat_type_id`, `user_id`, `has_separate_gender_start_list`, `has_separate_category_start_list`)
  VALUES (8324, '2016-10-26 14:53:26', '2016-10-26 14:53:26', 3, '2000-01-01 00:00:00', 0, 1, NULL, 1604, 21, 3, 2, 1, 0);
INSERT INTO `meeting_events` (`id`, `created_at`, `updated_at`, `event_order`, `begin_time`, `is_out_of_race`, `is_autofilled`, `notes`, `meeting_session_id`, `event_type_id`, `heat_type_id`, `user_id`, `has_separate_gender_start_list`, `has_separate_category_start_list`)
  VALUES (8325, '2016-10-26 14:53:26', '2016-10-26 14:53:26', 4, '2000-01-01 00:00:00', 0, 1, NULL, 1604, 25, 3, 2, 1, 0);
INSERT INTO `meeting_sessions` (`id`, `session_order`, `scheduled_date`, `warm_up_time`, `begin_time`, `notes`, `meeting_id`, `swimming_pool_id`, `user_id`, `created_at`, `updated_at`, `description`, `is_autofilled`, `day_part_type_id`)
  VALUES (1605, 2, '2016-12-03', '2000-01-01 13:25:00', '2000-01-01 14:00:00', '', 16202, 22, 2, '2016-10-26 14:53:26', '2016-10-26 14:53:26', 'FINALI', 1, 2);
INSERT INTO `meeting_events` (`id`, `created_at`, `updated_at`, `event_order`, `begin_time`, `is_out_of_race`, `is_autofilled`, `notes`, `meeting_session_id`, `event_type_id`, `heat_type_id`, `user_id`, `has_separate_gender_start_list`, `has_separate_category_start_list`)
  VALUES (8326, '2016-10-26 14:53:26', '2016-10-26 14:53:26', 1, '2000-01-01 00:00:00', 0, 1, NULL, 1605, 24, 3, 2, 1, 0);
INSERT INTO `meeting_events` (`id`, `created_at`, `updated_at`, `event_order`, `begin_time`, `is_out_of_race`, `is_autofilled`, `notes`, `meeting_session_id`, `event_type_id`, `heat_type_id`, `user_id`, `has_separate_gender_start_list`, `has_separate_category_start_list`)
  VALUES (8327, '2016-10-26 14:53:26', '2016-10-26 14:53:26', 2, '2000-01-01 00:00:00', 0, 1, NULL, 1605, 4, 3, 2, 1, 0);
INSERT INTO `meeting_events` (`id`, `created_at`, `updated_at`, `event_order`, `begin_time`, `is_out_of_race`, `is_autofilled`, `notes`, `meeting_session_id`, `event_type_id`, `heat_type_id`, `user_id`, `has_separate_gender_start_list`, `has_separate_category_start_list`)
  VALUES (8328, '2016-10-26 14:53:27', '2016-10-26 14:53:27', 3, '2000-01-01 00:00:00', 0, 1, NULL, 1605, 11, 3, 2, 1, 0);
INSERT INTO `meeting_events` (`id`, `created_at`, `updated_at`, `event_order`, `begin_time`, `is_out_of_race`, `is_autofilled`, `notes`, `meeting_session_id`, `event_type_id`, `heat_type_id`, `user_id`, `has_separate_gender_start_list`, `has_separate_category_start_list`)
  VALUES (8329, '2016-10-26 14:53:27', '2016-10-26 14:53:27', 4, '2000-01-01 00:00:00', 0, 1, NULL, 1605, 20, 3, 2, 1, 0);
INSERT INTO `meeting_events` (`id`, `created_at`, `updated_at`, `event_order`, `begin_time`, `is_out_of_race`, `is_autofilled`, `notes`, `meeting_session_id`, `event_type_id`, `heat_type_id`, `user_id`, `has_separate_gender_start_list`, `has_separate_category_start_list`)
  VALUES (8330, '2016-10-26 14:53:27', '2016-10-26 14:53:27', 5, '2000-01-01 00:00:00', 0, 1, NULL, 1605, 15, 3, 2, 1, 0);
INSERT INTO `meeting_events` (`id`, `created_at`, `updated_at`, `event_order`, `begin_time`, `is_out_of_race`, `is_autofilled`, `notes`, `meeting_session_id`, `event_type_id`, `heat_type_id`, `user_id`, `has_separate_gender_start_list`, `has_separate_category_start_list`)
  VALUES (8331, '2016-10-26 14:53:27', '2016-10-26 14:53:27', 6, '2000-01-01 00:00:00', 0, 1, NULL, 1605, 3, 3, 2, 1, 0);
INSERT INTO `meeting_events` (`id`, `created_at`, `updated_at`, `event_order`, `begin_time`, `is_out_of_race`, `is_autofilled`, `notes`, `meeting_session_id`, `event_type_id`, `heat_type_id`, `user_id`, `has_separate_gender_start_list`, `has_separate_category_start_list`)
  VALUES (8332, '2016-10-26 14:53:27', '2016-10-26 14:53:27', 7, '2000-01-01 00:00:00', 0, 1, NULL, 1605, 33, 3, 2, 1, 0);
INSERT INTO `meeting_sessions` (`id`, `session_order`, `scheduled_date`, `warm_up_time`, `begin_time`, `notes`, `meeting_id`, `swimming_pool_id`, `user_id`, `created_at`, `updated_at`, `description`, `is_autofilled`, `day_part_type_id`)
  VALUES (1606, 3, '2016-12-04', '2000-01-01 07:10:00', '2000-01-01 07:45:00', '', 16202, 22, 2, '2016-10-26 14:53:27', '2016-10-26 14:53:27', 'FINALI', 1, 1);
INSERT INTO `meeting_events` (`id`, `created_at`, `updated_at`, `event_order`, `begin_time`, `is_out_of_race`, `is_autofilled`, `notes`, `meeting_session_id`, `event_type_id`, `heat_type_id`, `user_id`, `has_separate_gender_start_list`, `has_separate_category_start_list`)
  VALUES (8333, '2016-10-26 14:53:27', '2016-10-26 14:53:27', 1, '2000-01-01 00:00:00', 0, 1, NULL, 1606, 6, 3, 2, 1, 0);
INSERT INTO `meeting_events` (`id`, `created_at`, `updated_at`, `event_order`, `begin_time`, `is_out_of_race`, `is_autofilled`, `notes`, `meeting_session_id`, `event_type_id`, `heat_type_id`, `user_id`, `has_separate_gender_start_list`, `has_separate_category_start_list`)
  VALUES (8334, '2016-10-26 14:53:27', '2016-10-26 14:53:27', 2, '2000-01-01 00:00:00', 0, 1, NULL, 1606, 13, 3, 2, 1, 0);
INSERT INTO `meeting_events` (`id`, `created_at`, `updated_at`, `event_order`, `begin_time`, `is_out_of_race`, `is_autofilled`, `notes`, `meeting_session_id`, `event_type_id`, `heat_type_id`, `user_id`, `has_separate_gender_start_list`, `has_separate_category_start_list`)
  VALUES (8335, '2016-10-26 14:53:27', '2016-10-26 14:53:27', 3, '2000-01-01 00:00:00', 0, 1, NULL, 1606, 16, 3, 2, 1, 0);
INSERT INTO `meeting_events` (`id`, `created_at`, `updated_at`, `event_order`, `begin_time`, `is_out_of_race`, `is_autofilled`, `notes`, `meeting_session_id`, `event_type_id`, `heat_type_id`, `user_id`, `has_separate_gender_start_list`, `has_separate_category_start_list`)
  VALUES (8336, '2016-10-26 14:53:27', '2016-10-26 14:53:27', 4, '2000-01-01 00:00:00', 0, 1, NULL, 1606, 26, 3, 2, 1, 0);
INSERT INTO `meeting_sessions` (`id`, `session_order`, `scheduled_date`, `warm_up_time`, `begin_time`, `notes`, `meeting_id`, `swimming_pool_id`, `user_id`, `created_at`, `updated_at`, `description`, `is_autofilled`, `day_part_type_id`)
  VALUES (1607, 4, '2016-12-04', '2000-01-01 13:25:00', '2000-01-01 14:00:00', '', 16202, 22, 2, '2016-10-26 14:53:27', '2016-10-26 14:53:27', 'FINALI', 1, 2);
INSERT INTO `meeting_events` (`id`, `created_at`, `updated_at`, `event_order`, `begin_time`, `is_out_of_race`, `is_autofilled`, `notes`, `meeting_session_id`, `event_type_id`, `heat_type_id`, `user_id`, `has_separate_gender_start_list`, `has_separate_category_start_list`)
  VALUES (8337, '2016-10-26 14:53:27', '2016-10-26 14:53:27', 1, '2000-01-01 00:00:00', 0, 1, NULL, 1607, 5, 3, 2, 1, 0);
INSERT INTO `meeting_events` (`id`, `created_at`, `updated_at`, `event_order`, `begin_time`, `is_out_of_race`, `is_autofilled`, `notes`, `meeting_session_id`, `event_type_id`, `heat_type_id`, `user_id`, `has_separate_gender_start_list`, `has_separate_category_start_list`)
  VALUES (8338, '2016-10-26 14:53:27', '2016-10-26 14:53:27', 2, '2000-01-01 00:00:00', 0, 1, NULL, 1607, 17, 3, 2, 1, 0);
INSERT INTO `meeting_events` (`id`, `created_at`, `updated_at`, `event_order`, `begin_time`, `is_out_of_race`, `is_autofilled`, `notes`, `meeting_session_id`, `event_type_id`, `heat_type_id`, `user_id`, `has_separate_gender_start_list`, `has_separate_category_start_list`)
  VALUES (8339, '2016-10-26 14:53:27', '2016-10-26 14:53:27', 3, '2000-01-01 00:00:00', 0, 1, NULL, 1607, 2, 3, 2, 1, 0);
INSERT INTO `meeting_events` (`id`, `created_at`, `updated_at`, `event_order`, `begin_time`, `is_out_of_race`, `is_autofilled`, `notes`, `meeting_session_id`, `event_type_id`, `heat_type_id`, `user_id`, `has_separate_gender_start_list`, `has_separate_category_start_list`)
  VALUES (8340, '2016-10-26 14:53:27', '2016-10-26 14:53:27', 4, '2000-01-01 00:00:00', 0, 1, NULL, 1607, 23, 3, 2, 1, 0);
INSERT INTO `meeting_events` (`id`, `created_at`, `updated_at`, `event_order`, `begin_time`, `is_out_of_race`, `is_autofilled`, `notes`, `meeting_session_id`, `event_type_id`, `heat_type_id`, `user_id`, `has_separate_gender_start_list`, `has_separate_category_start_list`)
  VALUES (8341, '2016-10-26 14:53:27', '2016-10-26 14:53:27', 5, '2000-01-01 00:00:00', 0, 1, NULL, 1607, 19, 3, 2, 1, 0);
INSERT INTO `meeting_events` (`id`, `created_at`, `updated_at`, `event_order`, `begin_time`, `is_out_of_race`, `is_autofilled`, `notes`, `meeting_session_id`, `event_type_id`, `heat_type_id`, `user_id`, `has_separate_gender_start_list`, `has_separate_category_start_list`)
  VALUES (8342, '2016-10-26 14:53:27', '2016-10-26 14:53:27', 6, '2000-01-01 00:00:00', 0, 1, NULL, 1607, 32, 3, 2, 1, 0);

-- 15203-livornoauguri MEETING DEGLI AUGURI 2015-12-13
INSERT INTO `meetings` (`id`, `description`, `entry_deadline`, `has_warm_up_pool`, `is_under_25_admitted`, `reference_phone`, `reference_e_mail`, `reference_name`, `notes`, `has_invitation`, `has_start_list`, `are_results_acquired`, `max_individual_events`, `configuration_file`, `edition`, `season_id`, `user_id`, `created_at`, `updated_at`, `is_autofilled`, `header_date`, `code`, `header_year`, `max_individual_events_per_session`, `is_out_of_season`, `edition_type_id`, `timing_type_id`, `individual_score_computation_type_id`, `relay_score_computation_type_id`, `team_score_computation_type_id`, `meeting_score_computation_type_id`, `invitation`, `is_confirmed`)
  VALUES (16203, 'MEETING DEGLI AUGURI', NULL, 1, 1, '', '', '', '', 0, 0, 0, 2, 'FIN02', 17, 162, 2, '2016-10-26 14:53:27', '2016-10-26 14:53:27', 1, '2016-12-11', 'livornoauguri', '2016/2017', 0, 0, 2, 3, 1, 1, 12, 1, NULL, 0);
INSERT INTO `meeting_sessions` (`id`, `session_order`, `scheduled_date`, `warm_up_time`, `begin_time`, `notes`, `meeting_id`, `swimming_pool_id`, `user_id`, `created_at`, `updated_at`, `description`, `is_autofilled`, `day_part_type_id`)
  VALUES (1608, 1, '2016-12-11', '2000-01-01 00:00:00', '2000-01-01 00:00:00', '', 16203, 23, 2, '2016-10-26 14:53:27', '2016-10-26 14:53:27', 'FINALI', 1, NULL);
INSERT INTO `meeting_events` (`id`, `created_at`, `updated_at`, `event_order`, `begin_time`, `is_out_of_race`, `is_autofilled`, `notes`, `meeting_session_id`, `event_type_id`, `heat_type_id`, `user_id`, `has_separate_gender_start_list`, `has_separate_category_start_list`)
  VALUES (8343, '2016-10-26 14:53:27', '2016-10-26 14:53:27', 1, '2000-01-01 00:00:00', 0, 1, NULL, 1608, 4, 3, 2, 1, 0);
INSERT INTO `meeting_events` (`id`, `created_at`, `updated_at`, `event_order`, `begin_time`, `is_out_of_race`, `is_autofilled`, `notes`, `meeting_session_id`, `event_type_id`, `heat_type_id`, `user_id`, `has_separate_gender_start_list`, `has_separate_category_start_list`)
  VALUES (8344, '2016-10-26 14:53:27', '2016-10-26 14:53:27', 2, '2000-01-01 00:00:00', 0, 1, NULL, 1608, 16, 3, 2, 1, 0);
INSERT INTO `meeting_events` (`id`, `created_at`, `updated_at`, `event_order`, `begin_time`, `is_out_of_race`, `is_autofilled`, `notes`, `meeting_session_id`, `event_type_id`, `heat_type_id`, `user_id`, `has_separate_gender_start_list`, `has_separate_category_start_list`)
  VALUES (8345, '2016-10-26 14:53:27', '2016-10-26 14:53:27', 3, '2000-01-01 00:00:00', 0, 1, NULL, 1608, 20, 3, 2, 1, 0);
INSERT INTO `meeting_events` (`id`, `created_at`, `updated_at`, `event_order`, `begin_time`, `is_out_of_race`, `is_autofilled`, `notes`, `meeting_session_id`, `event_type_id`, `heat_type_id`, `user_id`, `has_separate_gender_start_list`, `has_separate_category_start_list`)
  VALUES (8346, '2016-10-26 14:53:27', '2016-10-26 14:53:27', 4, '2000-01-01 00:00:00', 0, 1, NULL, 1608, 12, 3, 2, 1, 0);
INSERT INTO `meeting_events` (`id`, `created_at`, `updated_at`, `event_order`, `begin_time`, `is_out_of_race`, `is_autofilled`, `notes`, `meeting_session_id`, `event_type_id`, `heat_type_id`, `user_id`, `has_separate_gender_start_list`, `has_separate_category_start_list`)
  VALUES (8347, '2016-10-26 14:53:27', '2016-10-26 14:53:27', 5, '2000-01-01 00:00:00', 0, 1, NULL, 1608, 3, 3, 2, 1, 0);
INSERT INTO `meeting_sessions` (`id`, `session_order`, `scheduled_date`, `warm_up_time`, `begin_time`, `notes`, `meeting_id`, `swimming_pool_id`, `user_id`, `created_at`, `updated_at`, `description`, `is_autofilled`, `day_part_type_id`)
  VALUES (1609, 2, '2016-12-11', '2000-01-01 00:00:00', '2000-01-01 00:00:00', '', 16203, 23, 2, '2016-10-26 14:53:27', '2016-10-26 14:53:27', 'FINALI', 1, NULL);
INSERT INTO `meeting_events` (`id`, `created_at`, `updated_at`, `event_order`, `begin_time`, `is_out_of_race`, `is_autofilled`, `notes`, `meeting_session_id`, `event_type_id`, `heat_type_id`, `user_id`, `has_separate_gender_start_list`, `has_separate_category_start_list`)
  VALUES (8348, '2016-10-26 14:53:27', '2016-10-26 14:53:27', 6, '2000-01-01 00:00:00', 0, 1, NULL, 1609, 24, 3, 2, 1, 0);
INSERT INTO `meeting_events` (`id`, `created_at`, `updated_at`, `event_order`, `begin_time`, `is_out_of_race`, `is_autofilled`, `notes`, `meeting_session_id`, `event_type_id`, `heat_type_id`, `user_id`, `has_separate_gender_start_list`, `has_separate_category_start_list`)
  VALUES (8349, '2016-10-26 14:53:27', '2016-10-26 14:53:27', 7, '2000-01-01 00:00:00', 0, 1, NULL, 1609, 21, 3, 2, 1, 0);
INSERT INTO `meeting_events` (`id`, `created_at`, `updated_at`, `event_order`, `begin_time`, `is_out_of_race`, `is_autofilled`, `notes`, `meeting_session_id`, `event_type_id`, `heat_type_id`, `user_id`, `has_separate_gender_start_list`, `has_separate_category_start_list`)
  VALUES (8350, '2016-10-26 14:53:27', '2016-10-26 14:53:27', 8, '2000-01-01 00:00:00', 0, 1, NULL, 1609, 11, 3, 2, 1, 0);
INSERT INTO `meeting_events` (`id`, `created_at`, `updated_at`, `event_order`, `begin_time`, `is_out_of_race`, `is_autofilled`, `notes`, `meeting_session_id`, `event_type_id`, `heat_type_id`, `user_id`, `has_separate_gender_start_list`, `has_separate_category_start_list`)
  VALUES (8351, '2016-10-26 14:53:27', '2016-10-26 14:53:27', 9, '2000-01-01 00:00:00', 0, 1, NULL, 1609, 15, 3, 2, 1, 0);
INSERT INTO `meeting_events` (`id`, `created_at`, `updated_at`, `event_order`, `begin_time`, `is_out_of_race`, `is_autofilled`, `notes`, `meeting_session_id`, `event_type_id`, `heat_type_id`, `user_id`, `has_separate_gender_start_list`, `has_separate_category_start_list`)
  VALUES (8352, '2016-10-26 14:53:27', '2016-10-26 14:53:27', 10, '2000-01-01 00:00:00', 0, 1, NULL, 1609, 2, 3, 2, 1, 0);
INSERT INTO `meeting_events` (`id`, `created_at`, `updated_at`, `event_order`, `begin_time`, `is_out_of_race`, `is_autofilled`, `notes`, `meeting_session_id`, `event_type_id`, `heat_type_id`, `user_id`, `has_separate_gender_start_list`, `has_separate_category_start_list`)
  VALUES (8353, '2016-10-26 14:53:27', '2016-10-26 14:53:27', 11, '2000-01-01 00:00:00', 0, 1, NULL, 1609, 19, 3, 2, 1, 0);

-- 15204-viareggio TROFEO MUSSI-LOMBARDI-FEMIANO 2015-12-20
INSERT INTO `meetings` (`id`, `description`, `entry_deadline`, `has_warm_up_pool`, `is_under_25_admitted`, `reference_phone`, `reference_e_mail`, `reference_name`, `notes`, `has_invitation`, `has_start_list`, `are_results_acquired`, `max_individual_events`, `configuration_file`, `edition`, `season_id`, `user_id`, `created_at`, `updated_at`, `is_autofilled`, `header_date`, `code`, `header_year`, `max_individual_events_per_session`, `is_out_of_season`, `edition_type_id`, `timing_type_id`, `individual_score_computation_type_id`, `relay_score_computation_type_id`, `team_score_computation_type_id`, `meeting_score_computation_type_id`, `invitation`, `is_confirmed`)
  VALUES (16204, 'TROFEO MUSSI-LOMBARDI-FEMIANO', NULL, 0, 1, '', '', '', 'Versilia Nuoto', 0, 0, 0, 2, 'FIN04', 17, 162, 2, '2016-10-26 14:53:27', '2016-10-26 14:53:27', 1, '2016-12-18', 'viareggio', '2016/2017', 0, 0, 2, 3, 1, 1, 12, 1, NULL, 0);
INSERT INTO `meeting_sessions` (`id`, `session_order`, `scheduled_date`, `warm_up_time`, `begin_time`, `notes`, `meeting_id`, `swimming_pool_id`, `user_id`, `created_at`, `updated_at`, `description`, `is_autofilled`, `day_part_type_id`)
  VALUES (1610, 1, '2016-12-18', '2000-01-01 00:00:00', '2000-01-01 00:00:00', '', 16204, 24, 2, '2016-10-26 14:53:27', '2016-10-26 14:53:27', 'FINALI', 1, NULL);
INSERT INTO `meeting_events` (`id`, `created_at`, `updated_at`, `event_order`, `begin_time`, `is_out_of_race`, `is_autofilled`, `notes`, `meeting_session_id`, `event_type_id`, `heat_type_id`, `user_id`, `has_separate_gender_start_list`, `has_separate_category_start_list`)
  VALUES (8354, '2016-10-26 14:53:27', '2016-10-26 14:53:27', 1, '2000-01-01 00:00:00', 0, 1, NULL, 1610, 13, 3, 2, 1, 0);
INSERT INTO `meeting_events` (`id`, `created_at`, `updated_at`, `event_order`, `begin_time`, `is_out_of_race`, `is_autofilled`, `notes`, `meeting_session_id`, `event_type_id`, `heat_type_id`, `user_id`, `has_separate_gender_start_list`, `has_separate_category_start_list`)
  VALUES (8355, '2016-10-26 14:53:27', '2016-10-26 14:53:27', 2, '2000-01-01 00:00:00', 0, 1, NULL, 1610, 22, 3, 2, 1, 0);
INSERT INTO `meeting_events` (`id`, `created_at`, `updated_at`, `event_order`, `begin_time`, `is_out_of_race`, `is_autofilled`, `notes`, `meeting_session_id`, `event_type_id`, `heat_type_id`, `user_id`, `has_separate_gender_start_list`, `has_separate_category_start_list`)
  VALUES (8356, '2016-10-26 14:53:27', '2016-10-26 14:53:27', 3, '2000-01-01 00:00:00', 0, 1, NULL, 1610, 2, 3, 2, 1, 0);
INSERT INTO `meeting_events` (`id`, `created_at`, `updated_at`, `event_order`, `begin_time`, `is_out_of_race`, `is_autofilled`, `notes`, `meeting_session_id`, `event_type_id`, `heat_type_id`, `user_id`, `has_separate_gender_start_list`, `has_separate_category_start_list`)
  VALUES (8357, '2016-10-26 14:53:27', '2016-10-26 14:53:27', 4, '2000-01-01 00:00:00', 0, 1, NULL, 1610, 17, 3, 2, 1, 0);
INSERT INTO `meeting_sessions` (`id`, `session_order`, `scheduled_date`, `warm_up_time`, `begin_time`, `notes`, `meeting_id`, `swimming_pool_id`, `user_id`, `created_at`, `updated_at`, `description`, `is_autofilled`, `day_part_type_id`)
  VALUES (1611, 2, '2016-12-18', '2000-01-01 00:00:00', '2000-01-01 00:00:00', '', 16204, 24, 2, '2016-10-26 14:53:27', '2016-10-26 14:53:27', 'FINALI', 1, NULL);
INSERT INTO `meeting_events` (`id`, `created_at`, `updated_at`, `event_order`, `begin_time`, `is_out_of_race`, `is_autofilled`, `notes`, `meeting_session_id`, `event_type_id`, `heat_type_id`, `user_id`, `has_separate_gender_start_list`, `has_separate_category_start_list`)
  VALUES (8358, '2016-10-26 14:53:27', '2016-10-26 14:53:27', 5, '2000-01-01 00:00:00', 0, 1, NULL, 1611, 21, 3, 2, 1, 0);
INSERT INTO `meeting_events` (`id`, `created_at`, `updated_at`, `event_order`, `begin_time`, `is_out_of_race`, `is_autofilled`, `notes`, `meeting_session_id`, `event_type_id`, `heat_type_id`, `user_id`, `has_separate_gender_start_list`, `has_separate_category_start_list`)
  VALUES (8359, '2016-10-26 14:53:27', '2016-10-26 14:53:27', 6, '2000-01-01 00:00:00', 0, 1, NULL, 1611, 11, 3, 2, 1, 0);
INSERT INTO `meeting_events` (`id`, `created_at`, `updated_at`, `event_order`, `begin_time`, `is_out_of_race`, `is_autofilled`, `notes`, `meeting_session_id`, `event_type_id`, `heat_type_id`, `user_id`, `has_separate_gender_start_list`, `has_separate_category_start_list`)
  VALUES (8360, '2016-10-26 14:53:27', '2016-10-26 14:53:27', 7, '2000-01-01 00:00:00', 0, 1, NULL, 1611, 15, 3, 2, 1, 0);
INSERT INTO `meeting_events` (`id`, `created_at`, `updated_at`, `event_order`, `begin_time`, `is_out_of_race`, `is_autofilled`, `notes`, `meeting_session_id`, `event_type_id`, `heat_type_id`, `user_id`, `has_separate_gender_start_list`, `has_separate_category_start_list`)
  VALUES (8361, '2016-10-26 14:53:27', '2016-10-26 14:53:27', 8, '2000-01-01 00:00:00', 0, 1, NULL, 1611, 4, 3, 2, 1, 0);
INSERT INTO `meeting_events` (`id`, `created_at`, `updated_at`, `event_order`, `begin_time`, `is_out_of_race`, `is_autofilled`, `notes`, `meeting_session_id`, `event_type_id`, `heat_type_id`, `user_id`, `has_separate_gender_start_list`, `has_separate_category_start_list`)
  VALUES (8362, '2016-10-26 14:53:27', '2016-10-26 14:53:27', 9, '2000-01-01 00:00:00', 0, 1, NULL, 1611, 19, 3, 2, 1, 0);

-- 15205-gussago TROFEO CITTA' DI GUSSAGO 2016-01-30
INSERT INTO `meetings` (`id`, `description`, `entry_deadline`, `has_warm_up_pool`, `is_under_25_admitted`, `reference_phone`, `reference_e_mail`, `reference_name`, `notes`, `has_invitation`, `has_start_list`, `are_results_acquired`, `max_individual_events`, `configuration_file`, `edition`, `season_id`, `user_id`, `created_at`, `updated_at`, `is_autofilled`, `header_date`, `code`, `header_year`, `max_individual_events_per_session`, `is_out_of_season`, `edition_type_id`, `timing_type_id`, `individual_score_computation_type_id`, `relay_score_computation_type_id`, `team_score_computation_type_id`, `meeting_score_computation_type_id`, `invitation`, `is_confirmed`)
  VALUES (16205, 'TROFEO CITTA'' DI GUSSAGO', NULL, 1, 1, '349 5750276', 'trofeomasteraicsgmail.com', 'Mauro Zanetti', 'AICS Master - BS', 0, 0, 0, 2, 'FIN04', 17, 162, 2, '2016-10-26 14:53:27', '2016-10-26 14:53:27', 1, '2017-01-28', 'gussago', '2016/2017', 0, 0, 2, 3, 1, 1, 12, 1, NULL, 0);
INSERT INTO `meeting_sessions` (`id`, `session_order`, `scheduled_date`, `warm_up_time`, `begin_time`, `notes`, `meeting_id`, `swimming_pool_id`, `user_id`, `created_at`, `updated_at`, `description`, `is_autofilled`, `day_part_type_id`)
  VALUES (1612, 1, '2017-01-28', '2000-01-01 00:00:00', '2000-01-01 00:00:00', '', 16205, 35, 2, '2016-10-26 14:53:27', '2016-10-26 14:53:27', 'FINALI', 1, NULL);
INSERT INTO `meeting_events` (`id`, `created_at`, `updated_at`, `event_order`, `begin_time`, `is_out_of_race`, `is_autofilled`, `notes`, `meeting_session_id`, `event_type_id`, `heat_type_id`, `user_id`, `has_separate_gender_start_list`, `has_separate_category_start_list`)
  VALUES (8363, '2016-10-26 14:53:27', '2016-10-26 14:53:27', 1, '2000-01-01 00:00:00', 0, 1, NULL, 1612, 23, 3, 2, 1, 0);
INSERT INTO `meeting_events` (`id`, `created_at`, `updated_at`, `event_order`, `begin_time`, `is_out_of_race`, `is_autofilled`, `notes`, `meeting_session_id`, `event_type_id`, `heat_type_id`, `user_id`, `has_separate_gender_start_list`, `has_separate_category_start_list`)
  VALUES (8364, '2016-10-26 14:53:27', '2016-10-26 14:53:27', 2, '2000-01-01 00:00:00', 0, 1, NULL, 1612, 4, 3, 2, 1, 0);
INSERT INTO `meeting_events` (`id`, `created_at`, `updated_at`, `event_order`, `begin_time`, `is_out_of_race`, `is_autofilled`, `notes`, `meeting_session_id`, `event_type_id`, `heat_type_id`, `user_id`, `has_separate_gender_start_list`, `has_separate_category_start_list`)
  VALUES (8365, '2016-10-26 14:53:27', '2016-10-26 14:53:27', 3, '2000-01-01 00:00:00', 0, 1, NULL, 1612, 20, 3, 2, 1, 0);
INSERT INTO `meeting_events` (`id`, `created_at`, `updated_at`, `event_order`, `begin_time`, `is_out_of_race`, `is_autofilled`, `notes`, `meeting_session_id`, `event_type_id`, `heat_type_id`, `user_id`, `has_separate_gender_start_list`, `has_separate_category_start_list`)
  VALUES (8366, '2016-10-26 14:53:27', '2016-10-26 14:53:27', 16, '2000-01-01 16:56:30', 0, 1, NULL, 1612, 33, 3, 1, 1, 0);
INSERT INTO `meeting_events` (`id`, `created_at`, `updated_at`, `event_order`, `begin_time`, `is_out_of_race`, `is_autofilled`, `notes`, `meeting_session_id`, `event_type_id`, `heat_type_id`, `user_id`, `has_separate_gender_start_list`, `has_separate_category_start_list`)
  VALUES (8367, '2016-10-26 14:53:27', '2016-10-26 14:53:27', 17, '2000-01-01 16:55:30', 0, 1, NULL, 1612, 32, 3, 1, 1, 0);
INSERT INTO `meeting_events` (`id`, `created_at`, `updated_at`, `event_order`, `begin_time`, `is_out_of_race`, `is_autofilled`, `notes`, `meeting_session_id`, `event_type_id`, `heat_type_id`, `user_id`, `has_separate_gender_start_list`, `has_separate_category_start_list`)
  VALUES (8368, '2016-10-26 14:53:27', '2016-10-26 14:53:27', 18, '2000-01-01 16:51:00', 0, 1, NULL, 1612, 26, 3, 1, 1, 0);
INSERT INTO `meeting_events` (`id`, `created_at`, `updated_at`, `event_order`, `begin_time`, `is_out_of_race`, `is_autofilled`, `notes`, `meeting_session_id`, `event_type_id`, `heat_type_id`, `user_id`, `has_separate_gender_start_list`, `has_separate_category_start_list`)
  VALUES (8369, '2016-10-26 14:53:27', '2016-10-26 14:53:27', 19, '2000-01-01 16:46:30', 0, 1, NULL, 1612, 25, 3, 1, 1, 0);
INSERT INTO `meeting_sessions` (`id`, `session_order`, `scheduled_date`, `warm_up_time`, `begin_time`, `notes`, `meeting_id`, `swimming_pool_id`, `user_id`, `created_at`, `updated_at`, `description`, `is_autofilled`, `day_part_type_id`)
  VALUES (1613, 2, '2017-01-28', '2000-01-01 00:00:00', '2000-01-01 00:00:00', '', 16205, 35, 2, '2016-10-26 14:53:27', '2016-10-26 14:53:27', 'FINALI', 1, NULL);
INSERT INTO `meeting_events` (`id`, `created_at`, `updated_at`, `event_order`, `begin_time`, `is_out_of_race`, `is_autofilled`, `notes`, `meeting_session_id`, `event_type_id`, `heat_type_id`, `user_id`, `has_separate_gender_start_list`, `has_separate_category_start_list`)
  VALUES (8370, '2016-10-26 14:53:27', '2016-10-26 14:53:27', 4, '2000-01-01 00:00:00', 0, 1, NULL, 1613, 16, 3, 2, 1, 0);
INSERT INTO `meeting_events` (`id`, `created_at`, `updated_at`, `event_order`, `begin_time`, `is_out_of_race`, `is_autofilled`, `notes`, `meeting_session_id`, `event_type_id`, `heat_type_id`, `user_id`, `has_separate_gender_start_list`, `has_separate_category_start_list`)
  VALUES (8371, '2016-10-26 14:53:27', '2016-10-26 14:53:27', 5, '2000-01-01 00:00:00', 0, 1, NULL, 1613, 2, 3, 2, 1, 0);
INSERT INTO `meeting_events` (`id`, `created_at`, `updated_at`, `event_order`, `begin_time`, `is_out_of_race`, `is_autofilled`, `notes`, `meeting_session_id`, `event_type_id`, `heat_type_id`, `user_id`, `has_separate_gender_start_list`, `has_separate_category_start_list`)
  VALUES (8372, '2016-10-26 14:53:27', '2016-10-26 14:53:27', 6, '2000-01-01 00:00:00', 0, 1, NULL, 1613, 13, 3, 2, 1, 0);
INSERT INTO `meeting_events` (`id`, `created_at`, `updated_at`, `event_order`, `begin_time`, `is_out_of_race`, `is_autofilled`, `notes`, `meeting_session_id`, `event_type_id`, `heat_type_id`, `user_id`, `has_separate_gender_start_list`, `has_separate_category_start_list`)
  VALUES (8373, '2016-10-26 14:53:27', '2016-10-26 14:53:27', 7, '2000-01-01 00:00:00', 0, 1, NULL, 1613, 22, 3, 2, 1, 0);
INSERT INTO `meeting_sessions` (`id`, `session_order`, `scheduled_date`, `warm_up_time`, `begin_time`, `notes`, `meeting_id`, `swimming_pool_id`, `user_id`, `created_at`, `updated_at`, `description`, `is_autofilled`, `day_part_type_id`)
  VALUES (1614, 3, '2017-01-29', '2000-01-01 00:00:00', '2000-01-01 00:00:00', '', 16205, 35, 2, '2016-10-26 14:53:27', '2016-10-26 14:53:27', 'FINALI', 1, NULL);
INSERT INTO `meeting_events` (`id`, `created_at`, `updated_at`, `event_order`, `begin_time`, `is_out_of_race`, `is_autofilled`, `notes`, `meeting_session_id`, `event_type_id`, `heat_type_id`, `user_id`, `has_separate_gender_start_list`, `has_separate_category_start_list`)
  VALUES (8374, '2016-10-26 14:53:27', '2016-10-26 14:53:27', 9, '2000-01-01 00:00:00', 0, 1, NULL, 1614, 21, 3, 2, 1, 0);
INSERT INTO `meeting_events` (`id`, `created_at`, `updated_at`, `event_order`, `begin_time`, `is_out_of_race`, `is_autofilled`, `notes`, `meeting_session_id`, `event_type_id`, `heat_type_id`, `user_id`, `has_separate_gender_start_list`, `has_separate_category_start_list`)
  VALUES (8375, '2016-10-26 14:53:27', '2016-10-26 14:53:27', 10, '2000-01-01 00:00:00', 0, 1, NULL, 1614, 15, 3, 2, 1, 0);
INSERT INTO `meeting_events` (`id`, `created_at`, `updated_at`, `event_order`, `begin_time`, `is_out_of_race`, `is_autofilled`, `notes`, `meeting_session_id`, `event_type_id`, `heat_type_id`, `user_id`, `has_separate_gender_start_list`, `has_separate_category_start_list`)
  VALUES (8376, '2016-10-26 14:53:27', '2016-10-26 14:53:27', 11, '2000-01-01 00:00:00', 0, 1, NULL, 1614, 11, 3, 2, 1, 0);
INSERT INTO `meeting_events` (`id`, `created_at`, `updated_at`, `event_order`, `begin_time`, `is_out_of_race`, `is_autofilled`, `notes`, `meeting_session_id`, `event_type_id`, `heat_type_id`, `user_id`, `has_separate_gender_start_list`, `has_separate_category_start_list`)
  VALUES (8377, '2016-10-26 14:53:27', '2016-10-26 14:53:27', 12, '2000-01-01 00:00:00', 0, 1, NULL, 1614, 3, 3, 2, 1, 0);
INSERT INTO `meeting_sessions` (`id`, `session_order`, `scheduled_date`, `warm_up_time`, `begin_time`, `notes`, `meeting_id`, `swimming_pool_id`, `user_id`, `created_at`, `updated_at`, `description`, `is_autofilled`, `day_part_type_id`)
  VALUES (1615, 4, '2017-01-29', '2000-01-01 00:00:00', '2000-01-01 00:00:00', '', 16205, 35, 2, '2016-10-26 14:53:27', '2016-10-26 14:53:27', 'FINALI', 1, NULL);
INSERT INTO `meeting_events` (`id`, `created_at`, `updated_at`, `event_order`, `begin_time`, `is_out_of_race`, `is_autofilled`, `notes`, `meeting_session_id`, `event_type_id`, `heat_type_id`, `user_id`, `has_separate_gender_start_list`, `has_separate_category_start_list`)
  VALUES (8378, '2016-10-26 14:53:27', '2016-10-26 14:53:27', 13, '2000-01-01 00:00:00', 0, 1, NULL, 1615, 17, 3, 2, 1, 0);
INSERT INTO `meeting_events` (`id`, `created_at`, `updated_at`, `event_order`, `begin_time`, `is_out_of_race`, `is_autofilled`, `notes`, `meeting_session_id`, `event_type_id`, `heat_type_id`, `user_id`, `has_separate_gender_start_list`, `has_separate_category_start_list`)
  VALUES (8379, '2016-10-26 14:53:27', '2016-10-26 14:53:27', 14, '2000-01-01 00:00:00', 0, 1, NULL, 1615, 19, 3, 2, 1, 0);
INSERT INTO `meeting_events` (`id`, `created_at`, `updated_at`, `event_order`, `begin_time`, `is_out_of_race`, `is_autofilled`, `notes`, `meeting_session_id`, `event_type_id`, `heat_type_id`, `user_id`, `has_separate_gender_start_list`, `has_separate_category_start_list`)
  VALUES (8380, '2016-10-26 14:53:27', '2016-10-26 14:53:27', 15, '2000-01-01 00:00:00', 0, 1, NULL, 1615, 12, 3, 2, 1, 0);

-- 15206-ravenna TROFEO CITTA' DI RAVENNA 2016-01-16
INSERT INTO `meetings` (`id`, `description`, `entry_deadline`, `has_warm_up_pool`, `is_under_25_admitted`, `reference_phone`, `reference_e_mail`, `reference_name`, `notes`, `has_invitation`, `has_start_list`, `are_results_acquired`, `max_individual_events`, `configuration_file`, `edition`, `season_id`, `user_id`, `created_at`, `updated_at`, `is_autofilled`, `header_date`, `code`, `header_year`, `max_individual_events_per_session`, `is_out_of_season`, `edition_type_id`, `timing_type_id`, `individual_score_computation_type_id`, `relay_score_computation_type_id`, `team_score_computation_type_id`, `meeting_score_computation_type_id`, `invitation`, `is_confirmed`)
  VALUES (16206, 'TROFEO CITTA'' DI RAVENNA', NULL, 1, 1, '', 'vale.m@tin.it', 'Valeria Mazzotti', 'Rinascita Team Romagna', 0, 0, 0, 2, 'FIN04', 17, 162, 2, '2016-10-26 14:53:27', '2016-10-26 14:53:27', 1, '2017-01-14', 'ravenna', '2016/2017', 0, 0, 2, 3, 1, 1, 12, 1, NULL, 0);
INSERT INTO `meeting_sessions` (`id`, `session_order`, `scheduled_date`, `warm_up_time`, `begin_time`, `notes`, `meeting_id`, `swimming_pool_id`, `user_id`, `created_at`, `updated_at`, `description`, `is_autofilled`, `day_part_type_id`)
  VALUES (1616, 1, '2017-01-14', '2000-01-01 00:00:00', '2000-01-01 00:00:00', '', 16206, 18, 2, '2016-10-26 14:53:27', '2016-10-26 14:53:27', 'FINALI', 1, NULL);
INSERT INTO `meeting_events` (`id`, `created_at`, `updated_at`, `event_order`, `begin_time`, `is_out_of_race`, `is_autofilled`, `notes`, `meeting_session_id`, `event_type_id`, `heat_type_id`, `user_id`, `has_separate_gender_start_list`, `has_separate_category_start_list`)
  VALUES (8381, '2016-10-26 14:53:27', '2016-10-26 14:53:27', 1, '2000-01-01 00:00:00', 0, 1, NULL, 1616, 4, 3, 2, 1, 0);
INSERT INTO `meeting_events` (`id`, `created_at`, `updated_at`, `event_order`, `begin_time`, `is_out_of_race`, `is_autofilled`, `notes`, `meeting_session_id`, `event_type_id`, `heat_type_id`, `user_id`, `has_separate_gender_start_list`, `has_separate_category_start_list`)
  VALUES (8382, '2016-10-26 14:53:27', '2016-10-26 14:53:27', 2, '2000-01-01 00:00:00', 0, 1, NULL, 1616, 16, 3, 2, 1, 0);
INSERT INTO `meeting_events` (`id`, `created_at`, `updated_at`, `event_order`, `begin_time`, `is_out_of_race`, `is_autofilled`, `notes`, `meeting_session_id`, `event_type_id`, `heat_type_id`, `user_id`, `has_separate_gender_start_list`, `has_separate_category_start_list`)
  VALUES (8383, '2016-10-26 14:53:27', '2016-10-26 14:53:27', 3, '2000-01-01 00:00:00', 0, 1, NULL, 1616, 12, 3, 2, 1, 0);
INSERT INTO `meeting_events` (`id`, `created_at`, `updated_at`, `event_order`, `begin_time`, `is_out_of_race`, `is_autofilled`, `notes`, `meeting_session_id`, `event_type_id`, `heat_type_id`, `user_id`, `has_separate_gender_start_list`, `has_separate_category_start_list`)
  VALUES (8384, '2016-10-26 14:53:27', '2016-10-26 14:53:27', 4, '2000-01-01 00:00:00', 0, 1, NULL, 1616, 2, 3, 2, 1, 0);
INSERT INTO `meeting_events` (`id`, `created_at`, `updated_at`, `event_order`, `begin_time`, `is_out_of_race`, `is_autofilled`, `notes`, `meeting_session_id`, `event_type_id`, `heat_type_id`, `user_id`, `has_separate_gender_start_list`, `has_separate_category_start_list`)
  VALUES (8385, '2016-10-26 14:53:28', '2016-10-26 14:53:28', 5, '2000-01-01 00:00:00', 0, 1, NULL, 1616, 19, 3, 2, 1, 0);
INSERT INTO `meeting_events` (`id`, `created_at`, `updated_at`, `event_order`, `begin_time`, `is_out_of_race`, `is_autofilled`, `notes`, `meeting_session_id`, `event_type_id`, `heat_type_id`, `user_id`, `has_separate_gender_start_list`, `has_separate_category_start_list`)
  VALUES (8386, '2016-10-26 14:53:28', '2016-10-26 14:53:28', 11, '2000-01-01 11:26:00', 0, 1, NULL, 1616, 5, 3, 1, 1, 0);
INSERT INTO `meeting_sessions` (`id`, `session_order`, `scheduled_date`, `warm_up_time`, `begin_time`, `notes`, `meeting_id`, `swimming_pool_id`, `user_id`, `created_at`, `updated_at`, `description`, `is_autofilled`, `day_part_type_id`)
  VALUES (1617, 2, '2017-01-15', '2000-01-01 00:00:00', '2000-01-01 00:00:00', '', 16206, 18, 2, '2016-10-26 14:53:28', '2016-10-26 14:53:28', 'FINALI', 1, NULL);
INSERT INTO `meeting_events` (`id`, `created_at`, `updated_at`, `event_order`, `begin_time`, `is_out_of_race`, `is_autofilled`, `notes`, `meeting_session_id`, `event_type_id`, `heat_type_id`, `user_id`, `has_separate_gender_start_list`, `has_separate_category_start_list`)
  VALUES (8387, '2016-10-26 14:53:28', '2016-10-26 14:53:28', 6, '2000-01-01 00:00:00', 0, 1, NULL, 1617, 23, 3, 2, 1, 0);
INSERT INTO `meeting_events` (`id`, `created_at`, `updated_at`, `event_order`, `begin_time`, `is_out_of_race`, `is_autofilled`, `notes`, `meeting_session_id`, `event_type_id`, `heat_type_id`, `user_id`, `has_separate_gender_start_list`, `has_separate_category_start_list`)
  VALUES (8388, '2016-10-26 14:53:28', '2016-10-26 14:53:28', 7, '2000-01-01 00:00:00', 0, 1, NULL, 1617, 3, 3, 2, 1, 0);
INSERT INTO `meeting_events` (`id`, `created_at`, `updated_at`, `event_order`, `begin_time`, `is_out_of_race`, `is_autofilled`, `notes`, `meeting_session_id`, `event_type_id`, `heat_type_id`, `user_id`, `has_separate_gender_start_list`, `has_separate_category_start_list`)
  VALUES (8389, '2016-10-26 14:53:28', '2016-10-26 14:53:28', 8, '2000-01-01 00:00:00', 0, 1, NULL, 1617, 20, 3, 2, 1, 0);
INSERT INTO `meeting_events` (`id`, `created_at`, `updated_at`, `event_order`, `begin_time`, `is_out_of_race`, `is_autofilled`, `notes`, `meeting_session_id`, `event_type_id`, `heat_type_id`, `user_id`, `has_separate_gender_start_list`, `has_separate_category_start_list`)
  VALUES (8390, '2016-10-26 14:53:28', '2016-10-26 14:53:28', 9, '2000-01-01 00:00:00', 0, 1, NULL, 1617, 11, 3, 2, 1, 0);
INSERT INTO `meeting_events` (`id`, `created_at`, `updated_at`, `event_order`, `begin_time`, `is_out_of_race`, `is_autofilled`, `notes`, `meeting_session_id`, `event_type_id`, `heat_type_id`, `user_id`, `has_separate_gender_start_list`, `has_separate_category_start_list`)
  VALUES (8391, '2016-10-26 14:53:28', '2016-10-26 14:53:28', 10, '2000-01-01 00:00:00', 0, 1, NULL, 1617, 15, 3, 2, 1, 0);

-- 15207-regemilia REGIONALI FIN EMILIA 2016-02-14
INSERT INTO `meetings` (`id`, `description`, `entry_deadline`, `has_warm_up_pool`, `is_under_25_admitted`, `reference_phone`, `reference_e_mail`, `reference_name`, `notes`, `has_invitation`, `has_start_list`, `are_results_acquired`, `max_individual_events`, `configuration_file`, `edition`, `season_id`, `user_id`, `created_at`, `updated_at`, `is_autofilled`, `header_date`, `code`, `header_year`, `max_individual_events_per_session`, `is_out_of_season`, `edition_type_id`, `timing_type_id`, `individual_score_computation_type_id`, `relay_score_computation_type_id`, `team_score_computation_type_id`, `meeting_score_computation_type_id`, `invitation`, `is_confirmed`)
  VALUES (16207, 'REGIONALI FIN EMILIA', NULL, 1, 1, '', 'vincenzo_lodi@glfinishing.com', 'Vincenzo Lodi', 'CR Emilia', 0, 0, 0, 2, 'FIN04', 17, 162, 2, '2016-10-26 14:53:28', '2016-10-26 14:53:28', 1, '2017-02-12', 'regemilia', '2016/2017', 0, 0, 4, 3, 1, 1, 12, 1, NULL, 0);
INSERT INTO `meeting_sessions` (`id`, `session_order`, `scheduled_date`, `warm_up_time`, `begin_time`, `notes`, `meeting_id`, `swimming_pool_id`, `user_id`, `created_at`, `updated_at`, `description`, `is_autofilled`, `day_part_type_id`)
  VALUES (1618, 1, '2017-02-12', '2000-01-01 00:00:08', '2000-01-01 00:00:08', '', 16207, 49, 2, '2016-10-26 14:53:28', '2016-10-26 14:53:28', 'FINALI', 1, 1);
INSERT INTO `meeting_events` (`id`, `created_at`, `updated_at`, `event_order`, `begin_time`, `is_out_of_race`, `is_autofilled`, `notes`, `meeting_session_id`, `event_type_id`, `heat_type_id`, `user_id`, `has_separate_gender_start_list`, `has_separate_category_start_list`)
  VALUES (8392, '2016-10-26 14:53:28', '2016-10-26 14:53:28', 1, '2000-01-01 00:00:00', 0, 1, NULL, 1618, 6, 3, 2, 1, 0);
INSERT INTO `meeting_events` (`id`, `created_at`, `updated_at`, `event_order`, `begin_time`, `is_out_of_race`, `is_autofilled`, `notes`, `meeting_session_id`, `event_type_id`, `heat_type_id`, `user_id`, `has_separate_gender_start_list`, `has_separate_category_start_list`)
  VALUES (8393, '2016-10-26 14:53:28', '2016-10-26 14:53:28', 2, '2000-01-01 00:00:00', 0, 1, NULL, 1618, 24, 3, 2, 1, 0);
INSERT INTO `meeting_events` (`id`, `created_at`, `updated_at`, `event_order`, `begin_time`, `is_out_of_race`, `is_autofilled`, `notes`, `meeting_session_id`, `event_type_id`, `heat_type_id`, `user_id`, `has_separate_gender_start_list`, `has_separate_category_start_list`)
  VALUES (8394, '2016-10-26 14:53:28', '2016-10-26 14:53:28', 3, '2000-01-01 00:00:00', 0, 1, NULL, 1618, 19, 3, 2, 1, 0);
INSERT INTO `meeting_events` (`id`, `created_at`, `updated_at`, `event_order`, `begin_time`, `is_out_of_race`, `is_autofilled`, `notes`, `meeting_session_id`, `event_type_id`, `heat_type_id`, `user_id`, `has_separate_gender_start_list`, `has_separate_category_start_list`)
  VALUES (8395, '2016-10-26 14:53:28', '2016-10-26 14:53:28', 4, '2000-01-01 00:00:00', 0, 1, NULL, 1618, 16, 3, 2, 1, 0);
INSERT INTO `meeting_events` (`id`, `created_at`, `updated_at`, `event_order`, `begin_time`, `is_out_of_race`, `is_autofilled`, `notes`, `meeting_session_id`, `event_type_id`, `heat_type_id`, `user_id`, `has_separate_gender_start_list`, `has_separate_category_start_list`)
  VALUES (8396, '2016-10-26 14:53:28', '2016-10-26 14:53:28', 19, '2000-01-01 18:52:29', 0, 1, NULL, 1618, 33, 3, 1, 1, 0);
INSERT INTO `meeting_events` (`id`, `created_at`, `updated_at`, `event_order`, `begin_time`, `is_out_of_race`, `is_autofilled`, `notes`, `meeting_session_id`, `event_type_id`, `heat_type_id`, `user_id`, `has_separate_gender_start_list`, `has_separate_category_start_list`)
  VALUES (8397, '2016-10-26 14:53:28', '2016-10-26 14:53:28', 20, '2000-01-01 19:14:31', 0, 1, NULL, 1618, 32, 3, 1, 1, 0);
INSERT INTO `meeting_events` (`id`, `created_at`, `updated_at`, `event_order`, `begin_time`, `is_out_of_race`, `is_autofilled`, `notes`, `meeting_session_id`, `event_type_id`, `heat_type_id`, `user_id`, `has_separate_gender_start_list`, `has_separate_category_start_list`)
  VALUES (8398, '2016-10-26 14:53:28', '2016-10-26 14:53:28', 21, '2000-01-01 18:48:31', 0, 1, NULL, 1618, 26, 3, 1, 1, 0);
INSERT INTO `meeting_events` (`id`, `created_at`, `updated_at`, `event_order`, `begin_time`, `is_out_of_race`, `is_autofilled`, `notes`, `meeting_session_id`, `event_type_id`, `heat_type_id`, `user_id`, `has_separate_gender_start_list`, `has_separate_category_start_list`)
  VALUES (8399, '2016-10-26 14:53:28', '2016-10-26 14:53:28', 22, '2000-01-01 17:57:48', 0, 1, NULL, 1618, 25, 3, 1, 1, 0);
INSERT INTO `meeting_sessions` (`id`, `session_order`, `scheduled_date`, `warm_up_time`, `begin_time`, `notes`, `meeting_id`, `swimming_pool_id`, `user_id`, `created_at`, `updated_at`, `description`, `is_autofilled`, `day_part_type_id`)
  VALUES (1619, 2, '2017-02-12', '2000-01-01 00:00:14', '2000-01-01 00:00:14', '', 16207, 49, 2, '2016-10-26 14:53:28', '2016-10-26 14:53:28', 'FINALI', 1, 2);
INSERT INTO `meeting_events` (`id`, `created_at`, `updated_at`, `event_order`, `begin_time`, `is_out_of_race`, `is_autofilled`, `notes`, `meeting_session_id`, `event_type_id`, `heat_type_id`, `user_id`, `has_separate_gender_start_list`, `has_separate_category_start_list`)
  VALUES (8400, '2016-10-26 14:53:28', '2016-10-26 14:53:28', 5, '2000-01-01 00:00:00', 0, 1, NULL, 1619, 12, 3, 2, 1, 0);
INSERT INTO `meeting_events` (`id`, `created_at`, `updated_at`, `event_order`, `begin_time`, `is_out_of_race`, `is_autofilled`, `notes`, `meeting_session_id`, `event_type_id`, `heat_type_id`, `user_id`, `has_separate_gender_start_list`, `has_separate_category_start_list`)
  VALUES (8401, '2016-10-26 14:53:28', '2016-10-26 14:53:28', 6, '2000-01-01 00:00:00', 0, 1, NULL, 1619, 2, 3, 2, 1, 0);
INSERT INTO `meeting_events` (`id`, `created_at`, `updated_at`, `event_order`, `begin_time`, `is_out_of_race`, `is_autofilled`, `notes`, `meeting_session_id`, `event_type_id`, `heat_type_id`, `user_id`, `has_separate_gender_start_list`, `has_separate_category_start_list`)
  VALUES (8402, '2016-10-26 14:53:28', '2016-10-26 14:53:28', 7, '2000-01-01 00:00:00', 0, 1, NULL, 1619, 22, 3, 2, 1, 0);
INSERT INTO `meeting_events` (`id`, `created_at`, `updated_at`, `event_order`, `begin_time`, `is_out_of_race`, `is_autofilled`, `notes`, `meeting_session_id`, `event_type_id`, `heat_type_id`, `user_id`, `has_separate_gender_start_list`, `has_separate_category_start_list`)
  VALUES (8403, '2016-10-26 14:53:28', '2016-10-26 14:53:28', 8, '2000-01-01 00:00:00', 0, 1, NULL, 1619, 4, 3, 2, 1, 0);
INSERT INTO `meeting_events` (`id`, `created_at`, `updated_at`, `event_order`, `begin_time`, `is_out_of_race`, `is_autofilled`, `notes`, `meeting_session_id`, `event_type_id`, `heat_type_id`, `user_id`, `has_separate_gender_start_list`, `has_separate_category_start_list`)
  VALUES (8404, '2016-10-26 14:53:28', '2016-10-26 14:53:28', 9, '2000-01-01 00:00:00', 0, 1, NULL, 1619, 15, 3, 2, 1, 0);
INSERT INTO `meeting_events` (`id`, `created_at`, `updated_at`, `event_order`, `begin_time`, `is_out_of_race`, `is_autofilled`, `notes`, `meeting_session_id`, `event_type_id`, `heat_type_id`, `user_id`, `has_separate_gender_start_list`, `has_separate_category_start_list`)
  VALUES (8405, '2016-10-26 14:53:28', '2016-10-26 14:53:28', 10, '2000-01-01 00:00:00', 0, 1, NULL, 1619, 21, 3, 2, 1, 0);
INSERT INTO `meeting_sessions` (`id`, `session_order`, `scheduled_date`, `warm_up_time`, `begin_time`, `notes`, `meeting_id`, `swimming_pool_id`, `user_id`, `created_at`, `updated_at`, `description`, `is_autofilled`, `day_part_type_id`)
  VALUES (1620, 3, '2017-02-19', '2000-01-01 00:00:08', '2000-01-01 00:00:08', '', 16207, 49, 2, '2016-10-26 14:53:28', '2016-10-26 14:53:28', 'FINALI', 1, 1);
INSERT INTO `meeting_events` (`id`, `created_at`, `updated_at`, `event_order`, `begin_time`, `is_out_of_race`, `is_autofilled`, `notes`, `meeting_session_id`, `event_type_id`, `heat_type_id`, `user_id`, `has_separate_gender_start_list`, `has_separate_category_start_list`)
  VALUES (8406, '2016-10-26 14:53:28', '2016-10-26 14:53:28', 11, '2000-01-01 00:00:00', 0, 1, NULL, 1620, 5, 3, 2, 1, 0);
INSERT INTO `meeting_events` (`id`, `created_at`, `updated_at`, `event_order`, `begin_time`, `is_out_of_race`, `is_autofilled`, `notes`, `meeting_session_id`, `event_type_id`, `heat_type_id`, `user_id`, `has_separate_gender_start_list`, `has_separate_category_start_list`)
  VALUES (8407, '2016-10-26 14:53:28', '2016-10-26 14:53:28', 12, '2000-01-01 00:00:00', 0, 1, NULL, 1620, 11, 3, 2, 1, 0);
INSERT INTO `meeting_events` (`id`, `created_at`, `updated_at`, `event_order`, `begin_time`, `is_out_of_race`, `is_autofilled`, `notes`, `meeting_session_id`, `event_type_id`, `heat_type_id`, `user_id`, `has_separate_gender_start_list`, `has_separate_category_start_list`)
  VALUES (8408, '2016-10-26 14:53:28', '2016-10-26 14:53:28', 13, '2000-01-01 00:00:00', 0, 1, NULL, 1620, 20, 3, 2, 1, 0);
INSERT INTO `meeting_events` (`id`, `created_at`, `updated_at`, `event_order`, `begin_time`, `is_out_of_race`, `is_autofilled`, `notes`, `meeting_session_id`, `event_type_id`, `heat_type_id`, `user_id`, `has_separate_gender_start_list`, `has_separate_category_start_list`)
  VALUES (8409, '2016-10-26 14:53:28', '2016-10-26 14:53:28', 14, '2000-01-01 00:00:00', 0, 1, NULL, 1620, 3, 3, 2, 1, 0);
INSERT INTO `meeting_sessions` (`id`, `session_order`, `scheduled_date`, `warm_up_time`, `begin_time`, `notes`, `meeting_id`, `swimming_pool_id`, `user_id`, `created_at`, `updated_at`, `description`, `is_autofilled`, `day_part_type_id`)
  VALUES (1621, 4, '2017-02-19', '2000-01-01 00:00:14', '2000-01-01 00:00:14', '', 16207, 49, 2, '2016-10-26 14:53:28', '2016-10-26 14:53:28', 'FINALI', 1, 2);
INSERT INTO `meeting_events` (`id`, `created_at`, `updated_at`, `event_order`, `begin_time`, `is_out_of_race`, `is_autofilled`, `notes`, `meeting_session_id`, `event_type_id`, `heat_type_id`, `user_id`, `has_separate_gender_start_list`, `has_separate_category_start_list`)
  VALUES (8410, '2016-10-26 14:53:28', '2016-10-26 14:53:28', 15, '2000-01-01 00:00:00', 0, 1, NULL, 1621, 7, 3, 2, 1, 0);
INSERT INTO `meeting_events` (`id`, `created_at`, `updated_at`, `event_order`, `begin_time`, `is_out_of_race`, `is_autofilled`, `notes`, `meeting_session_id`, `event_type_id`, `heat_type_id`, `user_id`, `has_separate_gender_start_list`, `has_separate_category_start_list`)
  VALUES (8411, '2016-10-26 14:53:28', '2016-10-26 14:53:28', 16, '2000-01-01 00:00:00', 0, 1, NULL, 1621, 17, 3, 2, 1, 0);
INSERT INTO `meeting_events` (`id`, `created_at`, `updated_at`, `event_order`, `begin_time`, `is_out_of_race`, `is_autofilled`, `notes`, `meeting_session_id`, `event_type_id`, `heat_type_id`, `user_id`, `has_separate_gender_start_list`, `has_separate_category_start_list`)
  VALUES (8412, '2016-10-26 14:53:28', '2016-10-26 14:53:28', 17, '2000-01-01 00:00:00', 0, 1, NULL, 1621, 13, 3, 2, 1, 0);
INSERT INTO `meeting_events` (`id`, `created_at`, `updated_at`, `event_order`, `begin_time`, `is_out_of_race`, `is_autofilled`, `notes`, `meeting_session_id`, `event_type_id`, `heat_type_id`, `user_id`, `has_separate_gender_start_list`, `has_separate_category_start_list`)
  VALUES (8413, '2016-10-26 14:53:28', '2016-10-26 14:53:28', 18, '2000-01-01 00:00:00', 0, 1, NULL, 1621, 23, 3, 2, 1, 0);

-- 15208-bolognanuovonuoto TROFEO NUOVO NUOTO 2016-04-03
INSERT INTO `meetings` (`id`, `description`, `entry_deadline`, `has_warm_up_pool`, `is_under_25_admitted`, `reference_phone`, `reference_e_mail`, `reference_name`, `notes`, `has_invitation`, `has_start_list`, `are_results_acquired`, `max_individual_events`, `configuration_file`, `edition`, `season_id`, `user_id`, `created_at`, `updated_at`, `is_autofilled`, `header_date`, `code`, `header_year`, `max_individual_events_per_session`, `is_out_of_season`, `edition_type_id`, `timing_type_id`, `individual_score_computation_type_id`, `relay_score_computation_type_id`, `team_score_computation_type_id`, `meeting_score_computation_type_id`, `invitation`, `is_confirmed`)
  VALUES (16208, 'TROFEO NUOVO NUOTO', NULL, 1, 1, '347 4321509', 'info@nuovonuoto.it', 'Fabio Bettazzoni', '29 Marzo 2015\r\nNuovo Nuoto', 0, 0, 0, 2, 'FIN04', 17, 162, 2, '2016-10-26 14:53:28', '2016-10-26 14:53:28', 1, '2017-04-02', 'bolognanuovonuoto', '2016/2017', 0, 0, 2, 3, 1, 1, 12, 1, NULL, 0);
INSERT INTO `meeting_sessions` (`id`, `session_order`, `scheduled_date`, `warm_up_time`, `begin_time`, `notes`, `meeting_id`, `swimming_pool_id`, `user_id`, `created_at`, `updated_at`, `description`, `is_autofilled`, `day_part_type_id`)
  VALUES (1622, 1, '2017-04-02', '2000-01-01 00:00:00', '2000-01-01 00:00:00', '', 16208, 16, 2, '2016-10-26 14:53:28', '2016-10-26 14:53:28', 'FINALI', 1, NULL);
INSERT INTO `meeting_events` (`id`, `created_at`, `updated_at`, `event_order`, `begin_time`, `is_out_of_race`, `is_autofilled`, `notes`, `meeting_session_id`, `event_type_id`, `heat_type_id`, `user_id`, `has_separate_gender_start_list`, `has_separate_category_start_list`)
  VALUES (8414, '2016-10-26 14:53:28', '2016-10-26 14:53:28', 1, '2000-01-01 00:00:00', 0, 1, NULL, 1622, 19, 3, 2, 1, 0);
INSERT INTO `meeting_events` (`id`, `created_at`, `updated_at`, `event_order`, `begin_time`, `is_out_of_race`, `is_autofilled`, `notes`, `meeting_session_id`, `event_type_id`, `heat_type_id`, `user_id`, `has_separate_gender_start_list`, `has_separate_category_start_list`)
  VALUES (8415, '2016-10-26 14:53:28', '2016-10-26 14:53:28', 2, '2000-01-01 00:00:00', 0, 1, NULL, 1622, 3, 3, 2, 1, 0);
INSERT INTO `meeting_events` (`id`, `created_at`, `updated_at`, `event_order`, `begin_time`, `is_out_of_race`, `is_autofilled`, `notes`, `meeting_session_id`, `event_type_id`, `heat_type_id`, `user_id`, `has_separate_gender_start_list`, `has_separate_category_start_list`)
  VALUES (8416, '2016-10-26 14:53:28', '2016-10-26 14:53:28', 3, '2000-01-01 00:00:00', 0, 1, NULL, 1622, 17, 3, 2, 1, 0);
INSERT INTO `meeting_events` (`id`, `created_at`, `updated_at`, `event_order`, `begin_time`, `is_out_of_race`, `is_autofilled`, `notes`, `meeting_session_id`, `event_type_id`, `heat_type_id`, `user_id`, `has_separate_gender_start_list`, `has_separate_category_start_list`)
  VALUES (8417, '2016-10-26 14:53:28', '2016-10-26 14:53:28', 4, '2000-01-01 00:00:00', 0, 1, NULL, 1622, 23, 3, 2, 1, 0);
INSERT INTO `meeting_events` (`id`, `created_at`, `updated_at`, `event_order`, `begin_time`, `is_out_of_race`, `is_autofilled`, `notes`, `meeting_session_id`, `event_type_id`, `heat_type_id`, `user_id`, `has_separate_gender_start_list`, `has_separate_category_start_list`)
  VALUES (8418, '2016-10-26 14:53:28', '2016-10-26 14:53:28', 5, '2000-01-01 00:00:00', 0, 1, NULL, 1622, 12, 3, 2, 1, 0);
INSERT INTO `meeting_events` (`id`, `created_at`, `updated_at`, `event_order`, `begin_time`, `is_out_of_race`, `is_autofilled`, `notes`, `meeting_session_id`, `event_type_id`, `heat_type_id`, `user_id`, `has_separate_gender_start_list`, `has_separate_category_start_list`)
  VALUES (8419, '2016-10-26 14:53:28', '2016-10-26 14:53:28', 6, '2000-01-01 00:00:00', 0, 1, NULL, 1622, 2, 3, 2, 1, 0);
INSERT INTO `meeting_events` (`id`, `created_at`, `updated_at`, `event_order`, `begin_time`, `is_out_of_race`, `is_autofilled`, `notes`, `meeting_session_id`, `event_type_id`, `heat_type_id`, `user_id`, `has_separate_gender_start_list`, `has_separate_category_start_list`)
  VALUES (8420, '2016-10-26 14:53:28', '2016-10-26 14:53:28', 7, '2000-01-01 11:42:30', 0, 1, NULL, 1622, 33, 3, 1, 1, 0);
INSERT INTO `meeting_events` (`id`, `created_at`, `updated_at`, `event_order`, `begin_time`, `is_out_of_race`, `is_autofilled`, `notes`, `meeting_session_id`, `event_type_id`, `heat_type_id`, `user_id`, `has_separate_gender_start_list`, `has_separate_category_start_list`)
  VALUES (8421, '2016-10-26 14:53:28', '2016-10-26 14:53:28', 8, '2000-01-01 11:41:30', 0, 1, NULL, 1622, 32, 3, 1, 1, 0);
INSERT INTO `meeting_events` (`id`, `created_at`, `updated_at`, `event_order`, `begin_time`, `is_out_of_race`, `is_autofilled`, `notes`, `meeting_session_id`, `event_type_id`, `heat_type_id`, `user_id`, `has_separate_gender_start_list`, `has_separate_category_start_list`)
  VALUES (8422, '2016-10-26 14:53:28', '2016-10-26 14:53:28', 9, '2000-01-01 11:37:00', 0, 1, NULL, 1622, 26, 3, 1, 1, 0);
INSERT INTO `meeting_events` (`id`, `created_at`, `updated_at`, `event_order`, `begin_time`, `is_out_of_race`, `is_autofilled`, `notes`, `meeting_session_id`, `event_type_id`, `heat_type_id`, `user_id`, `has_separate_gender_start_list`, `has_separate_category_start_list`)
  VALUES (8423, '2016-10-26 14:53:28', '2016-10-26 14:53:28', 10, '2000-01-01 11:27:30', 0, 1, NULL, 1622, 25, 3, 1, 1, 0);

-- 15209-forlifanatik TROFEO FANATIK TEAM 2015-11-22
INSERT INTO `meetings` (`id`, `description`, `entry_deadline`, `has_warm_up_pool`, `is_under_25_admitted`, `reference_phone`, `reference_e_mail`, `reference_name`, `notes`, `has_invitation`, `has_start_list`, `are_results_acquired`, `max_individual_events`, `configuration_file`, `edition`, `season_id`, `user_id`, `created_at`, `updated_at`, `is_autofilled`, `header_date`, `code`, `header_year`, `max_individual_events_per_session`, `is_out_of_season`, `edition_type_id`, `timing_type_id`, `individual_score_computation_type_id`, `relay_score_computation_type_id`, `team_score_computation_type_id`, `meeting_score_computation_type_id`, `invitation`, `is_confirmed`)
  VALUES (16209, 'TROFEO FANATIK TEAM', '2016-11-13', 0, 1, '392 8139570', 'fanatik.forli@gmail.com', 'Mattia Bacciocchi', 'Fanatik Team', 0, 0, 0, 2, 'FIN04', 17, 162, 2, '2016-10-26 14:53:28', '2016-10-26 14:53:28', 1, '2016-11-20', 'forlifanatik', '2016/2017', 0, 0, 2, 3, 1, 1, 12, 1, NULL, 0);
INSERT INTO `meeting_sessions` (`id`, `session_order`, `scheduled_date`, `warm_up_time`, `begin_time`, `notes`, `meeting_id`, `swimming_pool_id`, `user_id`, `created_at`, `updated_at`, `description`, `is_autofilled`, `day_part_type_id`)
  VALUES (1623, 1, '2016-11-20', '2000-01-01 08:00:00', '2000-01-01 08:45:00', '', 16209, 11, 2, '2016-10-26 14:53:28', '2016-10-26 14:53:28', 'FINALI', 1, 1);
INSERT INTO `meeting_events` (`id`, `created_at`, `updated_at`, `event_order`, `begin_time`, `is_out_of_race`, `is_autofilled`, `notes`, `meeting_session_id`, `event_type_id`, `heat_type_id`, `user_id`, `has_separate_gender_start_list`, `has_separate_category_start_list`)
  VALUES (8424, '2016-10-26 14:53:28', '2016-10-26 14:53:28', 1, '2000-01-01 00:00:00', 0, 1, NULL, 1623, 5, 3, 2, 1, 0);
INSERT INTO `meeting_events` (`id`, `created_at`, `updated_at`, `event_order`, `begin_time`, `is_out_of_race`, `is_autofilled`, `notes`, `meeting_session_id`, `event_type_id`, `heat_type_id`, `user_id`, `has_separate_gender_start_list`, `has_separate_category_start_list`)
  VALUES (8425, '2016-10-26 14:53:28', '2016-10-26 14:53:28', 2, '2000-01-01 00:00:00', 0, 1, NULL, 1623, 22, 3, 2, 1, 0);
INSERT INTO `meeting_events` (`id`, `created_at`, `updated_at`, `event_order`, `begin_time`, `is_out_of_race`, `is_autofilled`, `notes`, `meeting_session_id`, `event_type_id`, `heat_type_id`, `user_id`, `has_separate_gender_start_list`, `has_separate_category_start_list`)
  VALUES (8426, '2016-10-26 14:53:28', '2016-10-26 14:53:28', 3, '2000-01-01 00:00:00', 0, 1, NULL, 1623, 20, 3, 2, 1, 0);
INSERT INTO `meeting_events` (`id`, `created_at`, `updated_at`, `event_order`, `begin_time`, `is_out_of_race`, `is_autofilled`, `notes`, `meeting_session_id`, `event_type_id`, `heat_type_id`, `user_id`, `has_separate_gender_start_list`, `has_separate_category_start_list`)
  VALUES (8427, '2016-10-26 14:53:28', '2016-10-26 14:53:28', 4, '2000-01-01 00:00:00', 0, 1, NULL, 1623, 11, 3, 2, 1, 0);
INSERT INTO `meeting_events` (`id`, `created_at`, `updated_at`, `event_order`, `begin_time`, `is_out_of_race`, `is_autofilled`, `notes`, `meeting_session_id`, `event_type_id`, `heat_type_id`, `user_id`, `has_separate_gender_start_list`, `has_separate_category_start_list`)
  VALUES (8428, '2016-10-26 14:53:28', '2016-10-26 14:53:28', 5, '2000-01-01 00:00:00', 0, 1, NULL, 1623, 4, 3, 2, 1, 0);
INSERT INTO `meeting_events` (`id`, `created_at`, `updated_at`, `event_order`, `begin_time`, `is_out_of_race`, `is_autofilled`, `notes`, `meeting_session_id`, `event_type_id`, `heat_type_id`, `user_id`, `has_separate_gender_start_list`, `has_separate_category_start_list`)
  VALUES (8429, '2016-10-26 14:53:28', '2016-10-26 14:53:28', 6, '2000-01-01 00:00:30', 0, 1, NULL, 1623, 32, 3, 1, 1, 0);
INSERT INTO `meeting_sessions` (`id`, `session_order`, `scheduled_date`, `warm_up_time`, `begin_time`, `notes`, `meeting_id`, `swimming_pool_id`, `user_id`, `created_at`, `updated_at`, `description`, `is_autofilled`, `day_part_type_id`)
  VALUES (1624, 2, '2016-11-20', '2000-01-01 12:00:00', '2000-01-01 13:00:00', '', 16209, 11, 2, '2016-10-26 14:53:28', '2016-10-26 14:53:28', 'FINALI', 1, 2);
INSERT INTO `meeting_events` (`id`, `created_at`, `updated_at`, `event_order`, `begin_time`, `is_out_of_race`, `is_autofilled`, `notes`, `meeting_session_id`, `event_type_id`, `heat_type_id`, `user_id`, `has_separate_gender_start_list`, `has_separate_category_start_list`)
  VALUES (8430, '2016-10-26 14:53:28', '2016-10-26 14:53:28', 1, '2000-01-01 00:00:00', 0, 1, NULL, 1624, 16, 3, 2, 1, 0);
INSERT INTO `meeting_events` (`id`, `created_at`, `updated_at`, `event_order`, `begin_time`, `is_out_of_race`, `is_autofilled`, `notes`, `meeting_session_id`, `event_type_id`, `heat_type_id`, `user_id`, `has_separate_gender_start_list`, `has_separate_category_start_list`)
  VALUES (8431, '2016-10-26 14:53:28', '2016-10-26 14:53:28', 2, '2000-01-01 00:00:00', 0, 1, NULL, 1624, 3, 3, 2, 1, 0);
INSERT INTO `meeting_events` (`id`, `created_at`, `updated_at`, `event_order`, `begin_time`, `is_out_of_race`, `is_autofilled`, `notes`, `meeting_session_id`, `event_type_id`, `heat_type_id`, `user_id`, `has_separate_gender_start_list`, `has_separate_category_start_list`)
  VALUES (8432, '2016-10-26 14:53:28', '2016-10-26 14:53:28', 3, '2000-01-01 00:00:00', 0, 1, NULL, 1624, 19, 3, 2, 1, 0);
INSERT INTO `meeting_events` (`id`, `created_at`, `updated_at`, `event_order`, `begin_time`, `is_out_of_race`, `is_autofilled`, `notes`, `meeting_session_id`, `event_type_id`, `heat_type_id`, `user_id`, `has_separate_gender_start_list`, `has_separate_category_start_list`)
  VALUES (8433, '2016-10-26 14:53:28', '2016-10-26 14:53:28', 4, '2000-01-01 00:00:00', 0, 1, NULL, 1624, 15, 3, 2, 1, 0);
INSERT INTO `meeting_events` (`id`, `created_at`, `updated_at`, `event_order`, `begin_time`, `is_out_of_race`, `is_autofilled`, `notes`, `meeting_session_id`, `event_type_id`, `heat_type_id`, `user_id`, `has_separate_gender_start_list`, `has_separate_category_start_list`)
  VALUES (8434, '2016-10-26 14:53:28', '2016-10-26 14:53:28', 5, '2000-01-01 00:00:00', 0, 1, NULL, 1624, 2, 3, 2, 1, 0);

-- 15210-piacenza TROFEO MASTER VITTORINO DA FELTRE 2016-06-04
INSERT INTO `meetings` (`id`, `description`, `entry_deadline`, `has_warm_up_pool`, `is_under_25_admitted`, `reference_phone`, `reference_e_mail`, `reference_name`, `notes`, `has_invitation`, `has_start_list`, `are_results_acquired`, `max_individual_events`, `configuration_file`, `edition`, `season_id`, `user_id`, `created_at`, `updated_at`, `is_autofilled`, `header_date`, `code`, `header_year`, `max_individual_events_per_session`, `is_out_of_season`, `edition_type_id`, `timing_type_id`, `individual_score_computation_type_id`, `relay_score_computation_type_id`, `team_score_computation_type_id`, `meeting_score_computation_type_id`, `invitation`, `is_confirmed`)
  VALUES (16210, 'TROFEO MASTER VITTORINO DA FELTRE', NULL, 1, 1, '348 2560152', 'sandrorizzoli@gmail.com', 'Sandro Rizzoli', 'CAN Vittorino da Feltre', 0, 0, 0, 2, 'FIN04', 17, 162, 2, '2016-10-26 14:53:28', '2016-10-26 14:53:28', 1, '2017-06-03', 'piacenza', '2016/2017', 0, 0, 2, 3, 1, 1, 12, 1, NULL, 0);
INSERT INTO `meeting_sessions` (`id`, `session_order`, `scheduled_date`, `warm_up_time`, `begin_time`, `notes`, `meeting_id`, `swimming_pool_id`, `user_id`, `created_at`, `updated_at`, `description`, `is_autofilled`, `day_part_type_id`)
  VALUES (1625, 1, '2017-06-03', '2000-01-01 08:30:00', '2000-01-01 09:30:00', '', 16210, 28, 2, '2016-10-26 14:53:28', '2016-10-26 14:53:28', 'FINALI', 1, NULL);
INSERT INTO `meeting_events` (`id`, `created_at`, `updated_at`, `event_order`, `begin_time`, `is_out_of_race`, `is_autofilled`, `notes`, `meeting_session_id`, `event_type_id`, `heat_type_id`, `user_id`, `has_separate_gender_start_list`, `has_separate_category_start_list`)
  VALUES (8435, '2016-10-26 14:53:28', '2016-10-26 14:53:28', 1, '2000-01-01 00:00:00', 0, 1, NULL, 1625, 5, 3, 2, 1, 0);
INSERT INTO `meeting_events` (`id`, `created_at`, `updated_at`, `event_order`, `begin_time`, `is_out_of_race`, `is_autofilled`, `notes`, `meeting_session_id`, `event_type_id`, `heat_type_id`, `user_id`, `has_separate_gender_start_list`, `has_separate_category_start_list`)
  VALUES (8436, '2016-10-26 14:53:28', '2016-10-26 14:53:28', 2, '2000-01-01 00:00:00', 0, 1, NULL, 1625, 16, 3, 2, 1, 0);
INSERT INTO `meeting_events` (`id`, `created_at`, `updated_at`, `event_order`, `begin_time`, `is_out_of_race`, `is_autofilled`, `notes`, `meeting_session_id`, `event_type_id`, `heat_type_id`, `user_id`, `has_separate_gender_start_list`, `has_separate_category_start_list`)
  VALUES (8437, '2016-10-26 14:53:28', '2016-10-26 14:53:28', 3, '2000-01-01 00:00:00', 0, 1, NULL, 1625, 3, 3, 2, 1, 0);
INSERT INTO `meeting_events` (`id`, `created_at`, `updated_at`, `event_order`, `begin_time`, `is_out_of_race`, `is_autofilled`, `notes`, `meeting_session_id`, `event_type_id`, `heat_type_id`, `user_id`, `has_separate_gender_start_list`, `has_separate_category_start_list`)
  VALUES (8438, '2016-10-26 14:53:28', '2016-10-26 14:53:28', 4, '2000-01-01 00:00:00', 0, 1, NULL, 1625, 13, 3, 2, 1, 0);
INSERT INTO `meeting_events` (`id`, `created_at`, `updated_at`, `event_order`, `begin_time`, `is_out_of_race`, `is_autofilled`, `notes`, `meeting_session_id`, `event_type_id`, `heat_type_id`, `user_id`, `has_separate_gender_start_list`, `has_separate_category_start_list`)
  VALUES (8439, '2016-10-26 14:53:28', '2016-10-26 14:53:28', 5, '2000-01-01 00:00:00', 0, 1, NULL, 1625, 20, 3, 2, 1, 0);
INSERT INTO `meeting_events` (`id`, `created_at`, `updated_at`, `event_order`, `begin_time`, `is_out_of_race`, `is_autofilled`, `notes`, `meeting_session_id`, `event_type_id`, `heat_type_id`, `user_id`, `has_separate_gender_start_list`, `has_separate_category_start_list`)
  VALUES (8440, '2016-10-26 14:53:28', '2016-10-26 14:53:28', 6, '2000-01-01 10:12:00', 0, 1, NULL, 1625, 12, 3, 1, 1, 0);
INSERT INTO `meeting_events` (`id`, `created_at`, `updated_at`, `event_order`, `begin_time`, `is_out_of_race`, `is_autofilled`, `notes`, `meeting_session_id`, `event_type_id`, `heat_type_id`, `user_id`, `has_separate_gender_start_list`, `has_separate_category_start_list`)
  VALUES (8441, '2016-10-26 14:53:28', '2016-10-26 14:53:28', 7, '2000-01-01 10:28:00', 0, 1, NULL, 1625, 4, 3, 1, 1, 0);
INSERT INTO `meeting_sessions` (`id`, `session_order`, `scheduled_date`, `warm_up_time`, `begin_time`, `notes`, `meeting_id`, `swimming_pool_id`, `user_id`, `created_at`, `updated_at`, `description`, `is_autofilled`, `day_part_type_id`)
  VALUES (1626, 2, '2017-06-03', '2000-01-01 13:30:00', '2000-01-01 14:30:00', '', 16210, 28, 2, '2016-10-26 14:53:28', '2016-10-26 14:53:28', 'FINALI', 1, NULL);
INSERT INTO `meeting_events` (`id`, `created_at`, `updated_at`, `event_order`, `begin_time`, `is_out_of_race`, `is_autofilled`, `notes`, `meeting_session_id`, `event_type_id`, `heat_type_id`, `user_id`, `has_separate_gender_start_list`, `has_separate_category_start_list`)
  VALUES (8442, '2016-10-26 14:53:28', '2016-10-26 14:53:28', 8, '2000-01-01 10:58:00', 0, 1, NULL, 1626, 24, 3, 1, 1, 0);
INSERT INTO `meeting_events` (`id`, `created_at`, `updated_at`, `event_order`, `begin_time`, `is_out_of_race`, `is_autofilled`, `notes`, `meeting_session_id`, `event_type_id`, `heat_type_id`, `user_id`, `has_separate_gender_start_list`, `has_separate_category_start_list`)
  VALUES (8443, '2016-10-26 14:53:29', '2016-10-26 14:53:29', 9, '2000-01-01 11:36:00', 0, 1, NULL, 1626, 17, 3, 1, 1, 0);
INSERT INTO `meeting_events` (`id`, `created_at`, `updated_at`, `event_order`, `begin_time`, `is_out_of_race`, `is_autofilled`, `notes`, `meeting_session_id`, `event_type_id`, `heat_type_id`, `user_id`, `has_separate_gender_start_list`, `has_separate_category_start_list`)
  VALUES (8444, '2016-10-26 14:53:29', '2016-10-26 14:53:29', 10, '2000-01-01 12:14:00', 0, 1, NULL, 1626, 21, 3, 1, 1, 0);
INSERT INTO `meeting_events` (`id`, `created_at`, `updated_at`, `event_order`, `begin_time`, `is_out_of_race`, `is_autofilled`, `notes`, `meeting_session_id`, `event_type_id`, `heat_type_id`, `user_id`, `has_separate_gender_start_list`, `has_separate_category_start_list`)
  VALUES (8445, '2016-10-26 14:53:29', '2016-10-26 14:53:29', 11, '2000-01-01 12:52:00', 0, 1, NULL, 1626, 2, 3, 1, 1, 0);
INSERT INTO `meeting_events` (`id`, `created_at`, `updated_at`, `event_order`, `begin_time`, `is_out_of_race`, `is_autofilled`, `notes`, `meeting_session_id`, `event_type_id`, `heat_type_id`, `user_id`, `has_separate_gender_start_list`, `has_separate_category_start_list`)
  VALUES (8446, '2016-10-26 14:53:29', '2016-10-26 14:53:29', 12, '2000-01-01 00:00:00', 0, 1, NULL, 1626, 19, 3, 2, 1, 0);
INSERT INTO `meeting_events` (`id`, `created_at`, `updated_at`, `event_order`, `begin_time`, `is_out_of_race`, `is_autofilled`, `notes`, `meeting_session_id`, `event_type_id`, `heat_type_id`, `user_id`, `has_separate_gender_start_list`, `has_separate_category_start_list`)
  VALUES (8447, '2016-10-26 14:53:29', '2016-10-26 14:53:29', 13, '2000-01-01 00:00:00', 0, 1, NULL, 1626, 15, 3, 2, 1, 0);
INSERT INTO `meeting_events` (`id`, `created_at`, `updated_at`, `event_order`, `begin_time`, `is_out_of_race`, `is_autofilled`, `notes`, `meeting_session_id`, `event_type_id`, `heat_type_id`, `user_id`, `has_separate_gender_start_list`, `has_separate_category_start_list`)
  VALUES (8448, '2016-10-26 14:53:29', '2016-10-26 14:53:29', 14, '2000-01-01 00:00:00', 0, 1, NULL, 1626, 11, 3, 2, 1, 0);

-- 15211-italiani CAMPIONATI ITALIANI FIN 2016-06-22
INSERT INTO `meetings` (`id`, `description`, `entry_deadline`, `has_warm_up_pool`, `is_under_25_admitted`, `reference_phone`, `reference_e_mail`, `reference_name`, `notes`, `has_invitation`, `has_start_list`, `are_results_acquired`, `max_individual_events`, `configuration_file`, `edition`, `season_id`, `user_id`, `created_at`, `updated_at`, `is_autofilled`, `header_date`, `code`, `header_year`, `max_individual_events_per_session`, `is_out_of_season`, `edition_type_id`, `timing_type_id`, `individual_score_computation_type_id`, `relay_score_computation_type_id`, `team_score_computation_type_id`, `meeting_score_computation_type_id`, `invitation`, `is_confirmed`)
  VALUES (16211, 'CAMPIONATI ITALIANI FIN', NULL, 1, 0, '', '', '', '', 0, 0, 0, 3, '', 17, 162, 2, '2016-10-26 14:53:29', '2016-10-26 14:53:29', 1, '2017-06-21', 'italiani', '2017', 1, 0, 4, 3, 1, 1, 12, 1, NULL, 0);
INSERT INTO `meeting_sessions` (`id`, `session_order`, `scheduled_date`, `warm_up_time`, `begin_time`, `notes`, `meeting_id`, `swimming_pool_id`, `user_id`, `created_at`, `updated_at`, `description`, `is_autofilled`, `day_part_type_id`)
  VALUES (1627, 1, '2017-06-20', '2000-01-01 00:00:00', '2000-01-01 00:00:00', '', 16211, 22, 2, '2016-10-26 14:53:29', '2016-10-26 14:53:29', 'FINALI', 1, 2);
INSERT INTO `meeting_events` (`id`, `created_at`, `updated_at`, `event_order`, `begin_time`, `is_out_of_race`, `is_autofilled`, `notes`, `meeting_session_id`, `event_type_id`, `heat_type_id`, `user_id`, `has_separate_gender_start_list`, `has_separate_category_start_list`)
  VALUES (8449, '2016-10-26 14:53:29', '2016-10-26 14:53:29', 1, '2000-01-01 00:00:00', 0, 1, NULL, 1627, 6, 3, 2, 1, 0);
INSERT INTO `meeting_sessions` (`id`, `session_order`, `scheduled_date`, `warm_up_time`, `begin_time`, `notes`, `meeting_id`, `swimming_pool_id`, `user_id`, `created_at`, `updated_at`, `description`, `is_autofilled`, `day_part_type_id`)
  VALUES (1628, 2, '2017-06-21', '2000-01-01 00:00:00', '2000-01-01 00:00:00', '', 16211, 22, 2, '2016-10-26 14:53:29', '2016-10-26 14:53:29', 'FINALI', 1, 1);
INSERT INTO `meeting_events` (`id`, `created_at`, `updated_at`, `event_order`, `begin_time`, `is_out_of_race`, `is_autofilled`, `notes`, `meeting_session_id`, `event_type_id`, `heat_type_id`, `user_id`, `has_separate_gender_start_list`, `has_separate_category_start_list`)
  VALUES (8450, '2016-10-26 14:53:29', '2016-10-26 14:53:29', 1, '2000-01-01 00:00:00', 0, 1, NULL, 1628, 24, 3, 2, 1, 0);
INSERT INTO `meeting_events` (`id`, `created_at`, `updated_at`, `event_order`, `begin_time`, `is_out_of_race`, `is_autofilled`, `notes`, `meeting_session_id`, `event_type_id`, `heat_type_id`, `user_id`, `has_separate_gender_start_list`, `has_separate_category_start_list`)
  VALUES (8451, '2016-10-26 14:53:29', '2016-10-26 14:53:29', 2, '2000-01-01 00:00:00', 0, 1, NULL, 1628, 12, 3, 2, 1, 0);
INSERT INTO `meeting_events` (`id`, `created_at`, `updated_at`, `event_order`, `begin_time`, `is_out_of_race`, `is_autofilled`, `notes`, `meeting_session_id`, `event_type_id`, `heat_type_id`, `user_id`, `has_separate_gender_start_list`, `has_separate_category_start_list`)
  VALUES (8452, '2016-10-26 14:53:29', '2016-10-26 14:53:29', 3, '2000-01-01 00:00:00', 0, 1, NULL, 1628, 17, 3, 2, 1, 0);
INSERT INTO `meeting_sessions` (`id`, `session_order`, `scheduled_date`, `warm_up_time`, `begin_time`, `notes`, `meeting_id`, `swimming_pool_id`, `user_id`, `created_at`, `updated_at`, `description`, `is_autofilled`, `day_part_type_id`)
  VALUES (1629, 3, '2017-06-21', '2000-01-01 00:00:00', '2000-01-01 00:00:00', '', 16211, 22, 2, '2016-10-26 14:53:29', '2016-10-26 14:53:29', 'FINALI', 1, 2);
INSERT INTO `meeting_events` (`id`, `created_at`, `updated_at`, `event_order`, `begin_time`, `is_out_of_race`, `is_autofilled`, `notes`, `meeting_session_id`, `event_type_id`, `heat_type_id`, `user_id`, `has_separate_gender_start_list`, `has_separate_category_start_list`)
  VALUES (8453, '2016-10-26 14:53:29', '2016-10-26 14:53:29', 1, '2000-01-01 00:00:00', 0, 1, NULL, 1629, 5, 3, 2, 1, 0);
INSERT INTO `meeting_sessions` (`id`, `session_order`, `scheduled_date`, `warm_up_time`, `begin_time`, `notes`, `meeting_id`, `swimming_pool_id`, `user_id`, `created_at`, `updated_at`, `description`, `is_autofilled`, `day_part_type_id`)
  VALUES (1630, 4, '2017-06-22', '2000-01-01 00:00:00', '2000-01-01 00:00:00', '', 16211, 22, 2, '2016-10-26 14:53:29', '2016-10-26 14:53:29', 'FINALI', 1, 1);
INSERT INTO `meeting_events` (`id`, `created_at`, `updated_at`, `event_order`, `begin_time`, `is_out_of_race`, `is_autofilled`, `notes`, `meeting_session_id`, `event_type_id`, `heat_type_id`, `user_id`, `has_separate_gender_start_list`, `has_separate_category_start_list`)
  VALUES (8454, '2016-10-26 14:53:29', '2016-10-26 14:53:29', 2, '2000-01-01 00:00:00', 0, 1, NULL, 1630, 21, 3, 2, 1, 0);
INSERT INTO `meeting_events` (`id`, `created_at`, `updated_at`, `event_order`, `begin_time`, `is_out_of_race`, `is_autofilled`, `notes`, `meeting_session_id`, `event_type_id`, `heat_type_id`, `user_id`, `has_separate_gender_start_list`, `has_separate_category_start_list`)
  VALUES (8455, '2016-10-26 14:53:29', '2016-10-26 14:53:29', 3, '2000-01-01 00:00:00', 0, 1, NULL, 1630, 13, 3, 2, 1, 0);
INSERT INTO `meeting_sessions` (`id`, `session_order`, `scheduled_date`, `warm_up_time`, `begin_time`, `notes`, `meeting_id`, `swimming_pool_id`, `user_id`, `created_at`, `updated_at`, `description`, `is_autofilled`, `day_part_type_id`)
  VALUES (1631, 5, '2017-06-22', '2000-01-01 00:00:00', '2000-01-01 00:00:00', '', 16211, 22, 2, '2016-10-26 14:53:29', '2016-10-26 14:53:29', 'FINALI', 1, 2);
INSERT INTO `meeting_events` (`id`, `created_at`, `updated_at`, `event_order`, `begin_time`, `is_out_of_race`, `is_autofilled`, `notes`, `meeting_session_id`, `event_type_id`, `heat_type_id`, `user_id`, `has_separate_gender_start_list`, `has_separate_category_start_list`)
  VALUES (8456, '2016-10-26 14:53:29', '2016-10-26 14:53:29', 1, '2000-01-01 00:00:00', 0, 1, NULL, 1631, 4, 3, 2, 1, 0);
INSERT INTO `meeting_sessions` (`id`, `session_order`, `scheduled_date`, `warm_up_time`, `begin_time`, `notes`, `meeting_id`, `swimming_pool_id`, `user_id`, `created_at`, `updated_at`, `description`, `is_autofilled`, `day_part_type_id`)
  VALUES (1632, 6, '2017-06-23', '2000-01-01 00:00:00', '2000-01-01 00:00:00', '', 16211, 22, 2, '2016-10-26 14:53:29', '2016-10-26 14:53:29', 'FINALI', 1, 1);
INSERT INTO `meeting_events` (`id`, `created_at`, `updated_at`, `event_order`, `begin_time`, `is_out_of_race`, `is_autofilled`, `notes`, `meeting_session_id`, `event_type_id`, `heat_type_id`, `user_id`, `has_separate_gender_start_list`, `has_separate_category_start_list`)
  VALUES (8457, '2016-10-26 14:53:29', '2016-10-26 14:53:29', 2, '2000-01-01 00:00:00', 0, 1, NULL, 1632, 23, 3, 2, 1, 0);
INSERT INTO `meeting_events` (`id`, `created_at`, `updated_at`, `event_order`, `begin_time`, `is_out_of_race`, `is_autofilled`, `notes`, `meeting_session_id`, `event_type_id`, `heat_type_id`, `user_id`, `has_separate_gender_start_list`, `has_separate_category_start_list`)
  VALUES (8458, '2016-10-26 14:53:29', '2016-10-26 14:53:29', 1, '2000-01-01 00:00:00', 0, 1, NULL, 1632, 11, 3, 2, 1, 0);
INSERT INTO `meeting_events` (`id`, `created_at`, `updated_at`, `event_order`, `begin_time`, `is_out_of_race`, `is_autofilled`, `notes`, `meeting_session_id`, `event_type_id`, `heat_type_id`, `user_id`, `has_separate_gender_start_list`, `has_separate_category_start_list`)
  VALUES (8459, '2016-10-26 14:53:29', '2016-10-26 14:53:29', 2, '2000-01-01 00:00:00', 0, 1, NULL, 1632, 15, 3, 2, 1, 0);
INSERT INTO `meeting_sessions` (`id`, `session_order`, `scheduled_date`, `warm_up_time`, `begin_time`, `notes`, `meeting_id`, `swimming_pool_id`, `user_id`, `created_at`, `updated_at`, `description`, `is_autofilled`, `day_part_type_id`)
  VALUES (1633, 7, '2017-06-23', '2000-01-01 00:00:00', '2000-01-01 00:00:00', '', 16211, 22, 2, '2016-10-26 14:53:29', '2016-10-26 14:53:29', 'FINALI', 1, 2);
INSERT INTO `meeting_events` (`id`, `created_at`, `updated_at`, `event_order`, `begin_time`, `is_out_of_race`, `is_autofilled`, `notes`, `meeting_session_id`, `event_type_id`, `heat_type_id`, `user_id`, `has_separate_gender_start_list`, `has_separate_category_start_list`)
  VALUES (8460, '2016-10-26 14:53:29', '2016-10-26 14:53:29', 1, '2000-01-01 00:00:00', 0, 1, NULL, 1633, 19, 3, 2, 1, 0);
INSERT INTO `meeting_events` (`id`, `created_at`, `updated_at`, `event_order`, `begin_time`, `is_out_of_race`, `is_autofilled`, `notes`, `meeting_session_id`, `event_type_id`, `heat_type_id`, `user_id`, `has_separate_gender_start_list`, `has_separate_category_start_list`)
  VALUES (8461, '2016-10-26 14:53:29', '2016-10-26 14:53:29', 2, '2000-01-01 00:00:00', 0, 1, NULL, 1633, 3, 3, 2, 1, 0);
INSERT INTO `meeting_events` (`id`, `created_at`, `updated_at`, `event_order`, `begin_time`, `is_out_of_race`, `is_autofilled`, `notes`, `meeting_session_id`, `event_type_id`, `heat_type_id`, `user_id`, `has_separate_gender_start_list`, `has_separate_category_start_list`)
  VALUES (8462, '2016-10-26 14:53:29', '2016-10-26 14:53:29', 3, '2000-01-01 00:00:00', 0, 1, NULL, 1633, 33, 3, 2, 1, 0);
INSERT INTO `meeting_sessions` (`id`, `session_order`, `scheduled_date`, `warm_up_time`, `begin_time`, `notes`, `meeting_id`, `swimming_pool_id`, `user_id`, `created_at`, `updated_at`, `description`, `is_autofilled`, `day_part_type_id`)
  VALUES (1634, 8, '2017-06-24', '2000-01-01 00:00:00', '2000-01-01 00:00:00', '', 16211, 22, 2, '2016-10-26 14:53:29', '2016-10-26 14:53:29', 'FINALI', 1, 1);
INSERT INTO `meeting_events` (`id`, `created_at`, `updated_at`, `event_order`, `begin_time`, `is_out_of_race`, `is_autofilled`, `notes`, `meeting_session_id`, `event_type_id`, `heat_type_id`, `user_id`, `has_separate_gender_start_list`, `has_separate_category_start_list`)
  VALUES (8463, '2016-10-26 14:53:29', '2016-10-26 14:53:29', 1, '2000-01-01 00:00:00', 0, 1, NULL, 1634, 20, 3, 2, 1, 0);
INSERT INTO `meeting_events` (`id`, `created_at`, `updated_at`, `event_order`, `begin_time`, `is_out_of_race`, `is_autofilled`, `notes`, `meeting_session_id`, `event_type_id`, `heat_type_id`, `user_id`, `has_separate_gender_start_list`, `has_separate_category_start_list`)
  VALUES (8464, '2016-10-26 14:53:29', '2016-10-26 14:53:29', 2, '2000-01-01 00:00:00', 0, 1, NULL, 1634, 16, 3, 2, 1, 0);
INSERT INTO `meeting_events` (`id`, `created_at`, `updated_at`, `event_order`, `begin_time`, `is_out_of_race`, `is_autofilled`, `notes`, `meeting_session_id`, `event_type_id`, `heat_type_id`, `user_id`, `has_separate_gender_start_list`, `has_separate_category_start_list`)
  VALUES (8465, '2016-10-26 14:53:29', '2016-10-26 14:53:29', 3, '2000-01-01 00:00:00', 0, 1, NULL, 1634, 26, 3, 2, 1, 0);
INSERT INTO `meeting_sessions` (`id`, `session_order`, `scheduled_date`, `warm_up_time`, `begin_time`, `notes`, `meeting_id`, `swimming_pool_id`, `user_id`, `created_at`, `updated_at`, `description`, `is_autofilled`, `day_part_type_id`)
  VALUES (1635, 9, '2017-06-24', '2000-01-01 00:00:00', '2000-01-01 00:00:00', '', 16211, 22, 2, '2016-10-26 14:53:29', '2016-10-26 14:53:29', 'FINALI', 1, 2);
INSERT INTO `meeting_events` (`id`, `created_at`, `updated_at`, `event_order`, `begin_time`, `is_out_of_race`, `is_autofilled`, `notes`, `meeting_session_id`, `event_type_id`, `heat_type_id`, `user_id`, `has_separate_gender_start_list`, `has_separate_category_start_list`)
  VALUES (8466, '2016-10-26 14:53:29', '2016-10-26 14:53:29', 1, '2000-01-01 00:00:00', 0, 1, NULL, 1635, 2, 3, 2, 1, 0);
INSERT INTO `meeting_sessions` (`id`, `session_order`, `scheduled_date`, `warm_up_time`, `begin_time`, `notes`, `meeting_id`, `swimming_pool_id`, `user_id`, `created_at`, `updated_at`, `description`, `is_autofilled`, `day_part_type_id`)
  VALUES (1636, 10, '2017-06-25', '2000-01-01 00:00:00', '2000-01-01 00:00:00', '', 16211, 22, 2, '2016-10-26 14:53:29', '2016-10-26 14:53:29', 'FINALI', 1, 1);
INSERT INTO `meeting_events` (`id`, `created_at`, `updated_at`, `event_order`, `begin_time`, `is_out_of_race`, `is_autofilled`, `notes`, `meeting_session_id`, `event_type_id`, `heat_type_id`, `user_id`, `has_separate_gender_start_list`, `has_separate_category_start_list`)
  VALUES (8467, '2016-10-26 14:53:29', '2016-10-26 14:53:29', 1, '2000-01-01 00:00:00', 0, 1, NULL, 1636, 32, 3, 2, 1, 0);
INSERT INTO `meeting_events` (`id`, `created_at`, `updated_at`, `event_order`, `begin_time`, `is_out_of_race`, `is_autofilled`, `notes`, `meeting_session_id`, `event_type_id`, `heat_type_id`, `user_id`, `has_separate_gender_start_list`, `has_separate_category_start_list`)
  VALUES (8468, '2016-10-26 14:53:29', '2016-10-26 14:53:29', 2, '2000-01-01 00:00:00', 0, 1, NULL, 1636, 25, 3, 2, 1, 0);

-- 15212-travagliato TROFEO CITTA' DI TRAVAGLIATO 2016-04-17
INSERT INTO `meetings` (`id`, `description`, `entry_deadline`, `has_warm_up_pool`, `is_under_25_admitted`, `reference_phone`, `reference_e_mail`, `reference_name`, `notes`, `has_invitation`, `has_start_list`, `are_results_acquired`, `max_individual_events`, `configuration_file`, `edition`, `season_id`, `user_id`, `created_at`, `updated_at`, `is_autofilled`, `header_date`, `code`, `header_year`, `max_individual_events_per_session`, `is_out_of_season`, `edition_type_id`, `timing_type_id`, `individual_score_computation_type_id`, `relay_score_computation_type_id`, `team_score_computation_type_id`, `meeting_score_computation_type_id`, `invitation`, `is_confirmed`)
  VALUES (16212, 'TROFEO CITTA'' DI TRAVAGLIATO', NULL, 0, 0, '', 'info@gamteam.it', 'Patrizia Cocchi', 'GAM Team', 0, 0, 0, 2, 'FIN04', 17, 162, 2, '2016-10-26 14:53:29', '2016-10-26 14:53:29', 1, '2017-04-16', 'travagliato', '2016/2017', 0, 0, 2, 3, 1, 1, 12, 1, NULL, 0);
INSERT INTO `meeting_sessions` (`id`, `session_order`, `scheduled_date`, `warm_up_time`, `begin_time`, `notes`, `meeting_id`, `swimming_pool_id`, `user_id`, `created_at`, `updated_at`, `description`, `is_autofilled`, `day_part_type_id`)
  VALUES (1637, 1, '2017-04-16', '2000-01-01 00:00:00', '2000-01-01 00:00:00', '', 16212, 58, 2, '2016-10-26 14:53:29', '2016-10-26 14:53:29', 'FINALI', 1, NULL);
INSERT INTO `meeting_events` (`id`, `created_at`, `updated_at`, `event_order`, `begin_time`, `is_out_of_race`, `is_autofilled`, `notes`, `meeting_session_id`, `event_type_id`, `heat_type_id`, `user_id`, `has_separate_gender_start_list`, `has_separate_category_start_list`)
  VALUES (8469, '2016-10-26 14:53:29', '2016-10-26 14:53:29', 1, '2000-01-01 00:00:00', 0, 1, NULL, 1637, 23, 3, 2, 1, 0);
INSERT INTO `meeting_events` (`id`, `created_at`, `updated_at`, `event_order`, `begin_time`, `is_out_of_race`, `is_autofilled`, `notes`, `meeting_session_id`, `event_type_id`, `heat_type_id`, `user_id`, `has_separate_gender_start_list`, `has_separate_category_start_list`)
  VALUES (8470, '2016-10-26 14:53:29', '2016-10-26 14:53:29', 2, '2000-01-01 00:00:00', 0, 1, NULL, 1637, 11, 3, 2, 1, 0);
INSERT INTO `meeting_events` (`id`, `created_at`, `updated_at`, `event_order`, `begin_time`, `is_out_of_race`, `is_autofilled`, `notes`, `meeting_session_id`, `event_type_id`, `heat_type_id`, `user_id`, `has_separate_gender_start_list`, `has_separate_category_start_list`)
  VALUES (8471, '2016-10-26 14:53:29', '2016-10-26 14:53:29', 3, '2000-01-01 00:00:00', 0, 1, NULL, 1637, 15, 3, 2, 1, 0);
INSERT INTO `meeting_events` (`id`, `created_at`, `updated_at`, `event_order`, `begin_time`, `is_out_of_race`, `is_autofilled`, `notes`, `meeting_session_id`, `event_type_id`, `heat_type_id`, `user_id`, `has_separate_gender_start_list`, `has_separate_category_start_list`)
  VALUES (8472, '2016-10-26 14:53:29', '2016-10-26 14:53:29', 4, '2000-01-01 00:00:00', 0, 1, NULL, 1637, 21, 3, 2, 1, 0);
INSERT INTO `meeting_events` (`id`, `created_at`, `updated_at`, `event_order`, `begin_time`, `is_out_of_race`, `is_autofilled`, `notes`, `meeting_session_id`, `event_type_id`, `heat_type_id`, `user_id`, `has_separate_gender_start_list`, `has_separate_category_start_list`)
  VALUES (8473, '2016-10-26 14:53:29', '2016-10-26 14:53:29', 5, '2000-01-01 00:00:00', 0, 1, NULL, 1637, 4, 3, 2, 1, 0);
INSERT INTO `meeting_sessions` (`id`, `session_order`, `scheduled_date`, `warm_up_time`, `begin_time`, `notes`, `meeting_id`, `swimming_pool_id`, `user_id`, `created_at`, `updated_at`, `description`, `is_autofilled`, `day_part_type_id`)
  VALUES (1638, 2, '1901-12-28', '2000-01-01 00:00:00', '2000-01-01 00:00:00', '', 16212, 58, 2, '2016-10-26 14:53:29', '2016-10-26 14:53:29', 'FINALI', 1, NULL);
INSERT INTO `meeting_events` (`id`, `created_at`, `updated_at`, `event_order`, `begin_time`, `is_out_of_race`, `is_autofilled`, `notes`, `meeting_session_id`, `event_type_id`, `heat_type_id`, `user_id`, `has_separate_gender_start_list`, `has_separate_category_start_list`)
  VALUES (8474, '2016-10-26 14:53:29', '2016-10-26 14:53:29', 1, '2000-01-01 00:00:00', 0, 1, NULL, 1638, 3, 3, 2, 1, 0);
INSERT INTO `meeting_events` (`id`, `created_at`, `updated_at`, `event_order`, `begin_time`, `is_out_of_race`, `is_autofilled`, `notes`, `meeting_session_id`, `event_type_id`, `heat_type_id`, `user_id`, `has_separate_gender_start_list`, `has_separate_category_start_list`)
  VALUES (8475, '2016-10-26 14:53:29', '2016-10-26 14:53:29', 2, '2000-01-01 00:00:00', 0, 1, NULL, 1638, 19, 3, 2, 1, 0);
INSERT INTO `meeting_events` (`id`, `created_at`, `updated_at`, `event_order`, `begin_time`, `is_out_of_race`, `is_autofilled`, `notes`, `meeting_session_id`, `event_type_id`, `heat_type_id`, `user_id`, `has_separate_gender_start_list`, `has_separate_category_start_list`)
  VALUES (8476, '2016-10-26 14:53:29', '2016-10-26 14:53:29', 3, '2000-01-01 00:00:00', 0, 1, NULL, 1638, 2, 3, 2, 1, 0);
INSERT INTO `meeting_events` (`id`, `created_at`, `updated_at`, `event_order`, `begin_time`, `is_out_of_race`, `is_autofilled`, `notes`, `meeting_session_id`, `event_type_id`, `heat_type_id`, `user_id`, `has_separate_gender_start_list`, `has_separate_category_start_list`)
  VALUES (8477, '2016-10-26 14:53:29', '2016-10-26 14:53:29', 4, '2000-01-01 00:00:00', 0, 1, NULL, 1638, 13, 3, 2, 1, 0);
INSERT INTO `meeting_events` (`id`, `created_at`, `updated_at`, `event_order`, `begin_time`, `is_out_of_race`, `is_autofilled`, `notes`, `meeting_session_id`, `event_type_id`, `heat_type_id`, `user_id`, `has_separate_gender_start_list`, `has_separate_category_start_list`)
  VALUES (8478, '2016-10-26 14:53:29', '2016-10-26 14:53:29', 5, '2000-01-01 00:00:00', 0, 1, NULL, 1638, 17, 3, 2, 1, 0);

-- 15213-molinella TROFEO CITTA' DI MOLINELLA 2016-04-09
INSERT INTO `meetings` (`id`, `description`, `entry_deadline`, `has_warm_up_pool`, `is_under_25_admitted`, `reference_phone`, `reference_e_mail`, `reference_name`, `notes`, `has_invitation`, `has_start_list`, `are_results_acquired`, `max_individual_events`, `configuration_file`, `edition`, `season_id`, `user_id`, `created_at`, `updated_at`, `is_autofilled`, `header_date`, `code`, `header_year`, `max_individual_events_per_session`, `is_out_of_season`, `edition_type_id`, `timing_type_id`, `individual_score_computation_type_id`, `relay_score_computation_type_id`, `team_score_computation_type_id`, `meeting_score_computation_type_id`, `invitation`, `is_confirmed`)
  VALUES (16213, 'TROFEO CITTA'' DI MOLINELLA', NULL, 0, 1, '', '', '', 'Molinellanuoto', 0, 0, 0, 2, 'FIN04', 17, 162, 2, '2016-10-26 14:53:29', '2016-10-26 14:53:29', 1, '2017-04-08', 'molinella', '2016/2017', 0, 0, 2, 3, 1, 1, 12, 1, NULL, 0);
INSERT INTO `meeting_sessions` (`id`, `session_order`, `scheduled_date`, `warm_up_time`, `begin_time`, `notes`, `meeting_id`, `swimming_pool_id`, `user_id`, `created_at`, `updated_at`, `description`, `is_autofilled`, `day_part_type_id`)
  VALUES (1639, 1, '2017-04-08', '2000-01-01 00:00:00', '2000-01-01 00:00:00', '', 16213, 26, 2, '2016-10-26 14:53:29', '2016-10-26 14:53:29', 'FINALI', 1, NULL);
INSERT INTO `meeting_events` (`id`, `created_at`, `updated_at`, `event_order`, `begin_time`, `is_out_of_race`, `is_autofilled`, `notes`, `meeting_session_id`, `event_type_id`, `heat_type_id`, `user_id`, `has_separate_gender_start_list`, `has_separate_category_start_list`)
  VALUES (8479, '2016-10-26 14:53:29', '2016-10-26 14:53:29', 1, '2000-01-01 00:00:00', 0, 1, NULL, 1639, 7, 3, 2, 1, 0);
INSERT INTO `meeting_events` (`id`, `created_at`, `updated_at`, `event_order`, `begin_time`, `is_out_of_race`, `is_autofilled`, `notes`, `meeting_session_id`, `event_type_id`, `heat_type_id`, `user_id`, `has_separate_gender_start_list`, `has_separate_category_start_list`)
  VALUES (8480, '2016-10-26 14:53:29', '2016-10-26 14:53:29', 15, '2000-01-01 08:02:00', 0, 1, NULL, 1639, 16, 3, 1, 1, 0);
INSERT INTO `meeting_events` (`id`, `created_at`, `updated_at`, `event_order`, `begin_time`, `is_out_of_race`, `is_autofilled`, `notes`, `meeting_session_id`, `event_type_id`, `heat_type_id`, `user_id`, `has_separate_gender_start_list`, `has_separate_category_start_list`)
  VALUES (8481, '2016-10-26 14:53:29', '2016-10-26 14:53:29', 16, '2000-01-01 08:16:00', 0, 1, NULL, 1639, 12, 3, 1, 1, 0);
INSERT INTO `meeting_events` (`id`, `created_at`, `updated_at`, `event_order`, `begin_time`, `is_out_of_race`, `is_autofilled`, `notes`, `meeting_session_id`, `event_type_id`, `heat_type_id`, `user_id`, `has_separate_gender_start_list`, `has_separate_category_start_list`)
  VALUES (8482, '2016-10-26 14:53:29', '2016-10-26 14:53:29', 17, '2000-01-01 09:06:00', 0, 1, NULL, 1639, 20, 3, 1, 1, 0);
INSERT INTO `meeting_sessions` (`id`, `session_order`, `scheduled_date`, `warm_up_time`, `begin_time`, `notes`, `meeting_id`, `swimming_pool_id`, `user_id`, `created_at`, `updated_at`, `description`, `is_autofilled`, `day_part_type_id`)
  VALUES (1640, 2, '2017-04-08', '2000-01-01 00:00:00', '2000-01-01 00:00:00', '', 16213, 26, 2, '2016-10-26 14:53:29', '2016-10-26 14:53:29', 'FINALI', 1, NULL);
INSERT INTO `meeting_events` (`id`, `created_at`, `updated_at`, `event_order`, `begin_time`, `is_out_of_race`, `is_autofilled`, `notes`, `meeting_session_id`, `event_type_id`, `heat_type_id`, `user_id`, `has_separate_gender_start_list`, `has_separate_category_start_list`)
  VALUES (8483, '2016-10-26 14:53:29', '2016-10-26 14:53:29', 2, '2000-01-01 00:00:00', 0, 1, NULL, 1640, 17, 3, 2, 1, 0);
INSERT INTO `meeting_events` (`id`, `created_at`, `updated_at`, `event_order`, `begin_time`, `is_out_of_race`, `is_autofilled`, `notes`, `meeting_session_id`, `event_type_id`, `heat_type_id`, `user_id`, `has_separate_gender_start_list`, `has_separate_category_start_list`)
  VALUES (8484, '2016-10-26 14:53:29', '2016-10-26 14:53:29', 3, '2000-01-01 00:00:00', 0, 1, NULL, 1640, 19, 3, 2, 1, 0);
INSERT INTO `meeting_events` (`id`, `created_at`, `updated_at`, `event_order`, `begin_time`, `is_out_of_race`, `is_autofilled`, `notes`, `meeting_session_id`, `event_type_id`, `heat_type_id`, `user_id`, `has_separate_gender_start_list`, `has_separate_category_start_list`)
  VALUES (8485, '2016-10-26 14:53:29', '2016-10-26 14:53:29', 4, '2000-01-01 00:00:00', 0, 1, NULL, 1640, 11, 3, 2, 1, 0);
INSERT INTO `meeting_events` (`id`, `created_at`, `updated_at`, `event_order`, `begin_time`, `is_out_of_race`, `is_autofilled`, `notes`, `meeting_session_id`, `event_type_id`, `heat_type_id`, `user_id`, `has_separate_gender_start_list`, `has_separate_category_start_list`)
  VALUES (8486, '2016-10-26 14:53:29', '2016-10-26 14:53:29', 5, '2000-01-01 00:00:00', 0, 1, NULL, 1640, 4, 3, 2, 1, 0);
INSERT INTO `meeting_sessions` (`id`, `session_order`, `scheduled_date`, `warm_up_time`, `begin_time`, `notes`, `meeting_id`, `swimming_pool_id`, `user_id`, `created_at`, `updated_at`, `description`, `is_autofilled`, `day_part_type_id`)
  VALUES (1641, 3, '2017-04-08', '2000-01-01 00:00:00', '2000-01-01 00:00:00', '', 16213, 26, 2, '2016-10-26 14:53:29', '2016-10-26 14:53:29', 'FINALI', 1, NULL);
INSERT INTO `meeting_events` (`id`, `created_at`, `updated_at`, `event_order`, `begin_time`, `is_out_of_race`, `is_autofilled`, `notes`, `meeting_session_id`, `event_type_id`, `heat_type_id`, `user_id`, `has_separate_gender_start_list`, `has_separate_category_start_list`)
  VALUES (8487, '2016-10-26 14:53:29', '2016-10-26 14:53:29', 6, '2000-01-01 00:00:00', 0, 1, NULL, 1641, 6, 3, 2, 1, 0);
INSERT INTO `meeting_sessions` (`id`, `session_order`, `scheduled_date`, `warm_up_time`, `begin_time`, `notes`, `meeting_id`, `swimming_pool_id`, `user_id`, `created_at`, `updated_at`, `description`, `is_autofilled`, `day_part_type_id`)
  VALUES (1642, 4, '2017-04-09', '2000-01-01 00:00:00', '2000-01-01 00:00:00', '', 16213, 26, 2, '2016-10-26 14:53:29', '2016-10-26 14:53:29', 'FINALI', 1, NULL);
INSERT INTO `meeting_events` (`id`, `created_at`, `updated_at`, `event_order`, `begin_time`, `is_out_of_race`, `is_autofilled`, `notes`, `meeting_session_id`, `event_type_id`, `heat_type_id`, `user_id`, `has_separate_gender_start_list`, `has_separate_category_start_list`)
  VALUES (8488, '2016-10-26 14:53:29', '2016-10-26 14:53:29', 8, '2000-01-01 00:00:00', 0, 1, NULL, 1642, 13, 3, 2, 1, 0);
INSERT INTO `meeting_events` (`id`, `created_at`, `updated_at`, `event_order`, `begin_time`, `is_out_of_race`, `is_autofilled`, `notes`, `meeting_session_id`, `event_type_id`, `heat_type_id`, `user_id`, `has_separate_gender_start_list`, `has_separate_category_start_list`)
  VALUES (8489, '2016-10-26 14:53:29', '2016-10-26 14:53:29', 9, '2000-01-01 00:00:00', 0, 1, NULL, 1642, 23, 3, 2, 1, 0);
INSERT INTO `meeting_events` (`id`, `created_at`, `updated_at`, `event_order`, `begin_time`, `is_out_of_race`, `is_autofilled`, `notes`, `meeting_session_id`, `event_type_id`, `heat_type_id`, `user_id`, `has_separate_gender_start_list`, `has_separate_category_start_list`)
  VALUES (8490, '2016-10-26 14:53:29', '2016-10-26 14:53:29', 10, '2000-01-01 00:00:00', 0, 1, NULL, 1642, 21, 3, 2, 1, 0);
INSERT INTO `meeting_events` (`id`, `created_at`, `updated_at`, `event_order`, `begin_time`, `is_out_of_race`, `is_autofilled`, `notes`, `meeting_session_id`, `event_type_id`, `heat_type_id`, `user_id`, `has_separate_gender_start_list`, `has_separate_category_start_list`)
  VALUES (8491, '2016-10-26 14:53:29', '2016-10-26 14:53:29', 11, '2000-01-01 00:00:00', 0, 1, NULL, 1642, 2, 3, 2, 1, 0);
INSERT INTO `meeting_events` (`id`, `created_at`, `updated_at`, `event_order`, `begin_time`, `is_out_of_race`, `is_autofilled`, `notes`, `meeting_session_id`, `event_type_id`, `heat_type_id`, `user_id`, `has_separate_gender_start_list`, `has_separate_category_start_list`)
  VALUES (8492, '2016-10-26 14:53:29', '2016-10-26 14:53:29', 7, '2000-01-01 00:00:00', 0, 1, NULL, 1642, 3, 3, 2, 1, 0);
INSERT INTO `meeting_sessions` (`id`, `session_order`, `scheduled_date`, `warm_up_time`, `begin_time`, `notes`, `meeting_id`, `swimming_pool_id`, `user_id`, `created_at`, `updated_at`, `description`, `is_autofilled`, `day_part_type_id`)
  VALUES (1643, 5, '2017-04-09', '2000-01-01 00:00:00', '2000-01-01 00:00:00', '', 16213, 26, 2, '2016-10-26 14:53:29', '2016-10-26 14:53:29', 'FINALI', 1, NULL);
INSERT INTO `meeting_events` (`id`, `created_at`, `updated_at`, `event_order`, `begin_time`, `is_out_of_race`, `is_autofilled`, `notes`, `meeting_session_id`, `event_type_id`, `heat_type_id`, `user_id`, `has_separate_gender_start_list`, `has_separate_category_start_list`)
  VALUES (8493, '2016-10-26 14:53:29', '2016-10-26 14:53:29', 12, '2000-01-01 00:00:00', 0, 1, NULL, 1643, 5, 3, 2, 1, 0);
INSERT INTO `meeting_events` (`id`, `created_at`, `updated_at`, `event_order`, `begin_time`, `is_out_of_race`, `is_autofilled`, `notes`, `meeting_session_id`, `event_type_id`, `heat_type_id`, `user_id`, `has_separate_gender_start_list`, `has_separate_category_start_list`)
  VALUES (8494, '2016-10-26 14:53:29', '2016-10-26 14:53:29', 13, '2000-01-01 00:00:00', 0, 1, NULL, 1643, 15, 3, 2, 1, 0);
INSERT INTO `meeting_events` (`id`, `created_at`, `updated_at`, `event_order`, `begin_time`, `is_out_of_race`, `is_autofilled`, `notes`, `meeting_session_id`, `event_type_id`, `heat_type_id`, `user_id`, `has_separate_gender_start_list`, `has_separate_category_start_list`)
  VALUES (8495, '2016-10-26 14:53:29', '2016-10-26 14:53:29', 14, '2000-01-01 00:00:00', 0, 1, NULL, 1643, 22, 3, 2, 1, 0);

-- 15214-sanmarino TROFEO SAN MARINO 2016-05-14
INSERT INTO `meetings` (`id`, `description`, `entry_deadline`, `has_warm_up_pool`, `is_under_25_admitted`, `reference_phone`, `reference_e_mail`, `reference_name`, `notes`, `has_invitation`, `has_start_list`, `are_results_acquired`, `max_individual_events`, `configuration_file`, `edition`, `season_id`, `user_id`, `created_at`, `updated_at`, `is_autofilled`, `header_date`, `code`, `header_year`, `max_individual_events_per_session`, `is_out_of_season`, `edition_type_id`, `timing_type_id`, `individual_score_computation_type_id`, `relay_score_computation_type_id`, `team_score_computation_type_id`, `meeting_score_computation_type_id`, `invitation`, `is_confirmed`)
  VALUES (16214, 'TROFEO SAN MARINO', NULL, 0, 1, '339 2365403', 'mastersanmarino@hotmail.com', 'Marco Parasole', 'AS San Marino Nuoto', 0, 0, 0, 2, 'FIN04', 17, 162, 2, '2016-10-26 14:53:29', '2016-10-26 14:53:29', 1, '2017-05-13', 'sanmarino', '2016/2017', 0, 0, 2, 3, 1, 1, 12, 1, NULL, 0);
INSERT INTO `meeting_sessions` (`id`, `session_order`, `scheduled_date`, `warm_up_time`, `begin_time`, `notes`, `meeting_id`, `swimming_pool_id`, `user_id`, `created_at`, `updated_at`, `description`, `is_autofilled`, `day_part_type_id`)
  VALUES (1644, 1, '2017-05-13', '2000-01-01 08:00:00', '2000-01-01 09:00:00', '', 16214, 19, 2, '2016-10-26 14:53:29', '2016-10-26 14:53:29', 'FINALI', 1, 1);
INSERT INTO `meeting_events` (`id`, `created_at`, `updated_at`, `event_order`, `begin_time`, `is_out_of_race`, `is_autofilled`, `notes`, `meeting_session_id`, `event_type_id`, `heat_type_id`, `user_id`, `has_separate_gender_start_list`, `has_separate_category_start_list`)
  VALUES (8496, '2016-10-26 14:53:29', '2016-10-26 14:53:29', 1, '2000-01-01 00:00:00', 0, 1, NULL, 1644, 6, 3, 2, 1, 0);
INSERT INTO `meeting_sessions` (`id`, `session_order`, `scheduled_date`, `warm_up_time`, `begin_time`, `notes`, `meeting_id`, `swimming_pool_id`, `user_id`, `created_at`, `updated_at`, `description`, `is_autofilled`, `day_part_type_id`)
  VALUES (1645, 2, '2017-05-13', '2000-01-01 13:30:00', '2000-01-01 14:30:00', '', 16214, 19, 2, '2016-10-26 14:53:30', '2016-10-26 14:53:30', 'FINALI', 1, 2);
INSERT INTO `meeting_events` (`id`, `created_at`, `updated_at`, `event_order`, `begin_time`, `is_out_of_race`, `is_autofilled`, `notes`, `meeting_session_id`, `event_type_id`, `heat_type_id`, `user_id`, `has_separate_gender_start_list`, `has_separate_category_start_list`)
  VALUES (8497, '2016-10-26 14:53:30', '2016-10-26 14:53:30', 2, '2000-01-01 14:14:30', 0, 1, NULL, 1645, 26, 3, 1, 1, 0);
INSERT INTO `meeting_events` (`id`, `created_at`, `updated_at`, `event_order`, `begin_time`, `is_out_of_race`, `is_autofilled`, `notes`, `meeting_session_id`, `event_type_id`, `heat_type_id`, `user_id`, `has_separate_gender_start_list`, `has_separate_category_start_list`)
  VALUES (8498, '2016-10-26 14:53:30', '2016-10-26 14:53:30', 3, '2000-01-01 14:11:30', 0, 1, NULL, 1645, 25, 3, 1, 1, 0);
INSERT INTO `meeting_events` (`id`, `created_at`, `updated_at`, `event_order`, `begin_time`, `is_out_of_race`, `is_autofilled`, `notes`, `meeting_session_id`, `event_type_id`, `heat_type_id`, `user_id`, `has_separate_gender_start_list`, `has_separate_category_start_list`)
  VALUES (8499, '2016-10-26 14:53:30', '2016-10-26 14:53:30', 4, '2000-01-01 00:00:00', 0, 1, NULL, 1645, 23, 3, 2, 1, 0);
INSERT INTO `meeting_events` (`id`, `created_at`, `updated_at`, `event_order`, `begin_time`, `is_out_of_race`, `is_autofilled`, `notes`, `meeting_session_id`, `event_type_id`, `heat_type_id`, `user_id`, `has_separate_gender_start_list`, `has_separate_category_start_list`)
  VALUES (8500, '2016-10-26 14:53:30', '2016-10-26 14:53:30', 5, '2000-01-01 00:00:00', 0, 1, NULL, 1645, 2, 3, 2, 1, 0);
INSERT INTO `meeting_events` (`id`, `created_at`, `updated_at`, `event_order`, `begin_time`, `is_out_of_race`, `is_autofilled`, `notes`, `meeting_session_id`, `event_type_id`, `heat_type_id`, `user_id`, `has_separate_gender_start_list`, `has_separate_category_start_list`)
  VALUES (8501, '2016-10-26 14:53:30', '2016-10-26 14:53:30', 6, '2000-01-01 00:00:00', 0, 1, NULL, 1645, 15, 3, 2, 1, 0);
INSERT INTO `meeting_sessions` (`id`, `session_order`, `scheduled_date`, `warm_up_time`, `begin_time`, `notes`, `meeting_id`, `swimming_pool_id`, `user_id`, `created_at`, `updated_at`, `description`, `is_autofilled`, `day_part_type_id`)
  VALUES (1646, 3, '2017-05-14', '2000-01-01 08:00:00', '2000-01-01 09:00:00', '', 16214, 19, 2, '2016-10-26 14:53:30', '2016-10-26 14:53:30', 'FINALI', 1, 1);
INSERT INTO `meeting_events` (`id`, `created_at`, `updated_at`, `event_order`, `begin_time`, `is_out_of_race`, `is_autofilled`, `notes`, `meeting_session_id`, `event_type_id`, `heat_type_id`, `user_id`, `has_separate_gender_start_list`, `has_separate_category_start_list`)
  VALUES (8502, '2016-10-26 14:53:30', '2016-10-26 14:53:30', 7, '2000-01-01 00:00:00', 0, 1, NULL, 1646, 4, 3, 2, 1, 0);
INSERT INTO `meeting_events` (`id`, `created_at`, `updated_at`, `event_order`, `begin_time`, `is_out_of_race`, `is_autofilled`, `notes`, `meeting_session_id`, `event_type_id`, `heat_type_id`, `user_id`, `has_separate_gender_start_list`, `has_separate_category_start_list`)
  VALUES (8503, '2016-10-26 14:53:30', '2016-10-26 14:53:30', 8, '2000-01-01 00:00:00', 0, 1, NULL, 1646, 5, 3, 2, 1, 0);
INSERT INTO `meeting_events` (`id`, `created_at`, `updated_at`, `event_order`, `begin_time`, `is_out_of_race`, `is_autofilled`, `notes`, `meeting_session_id`, `event_type_id`, `heat_type_id`, `user_id`, `has_separate_gender_start_list`, `has_separate_category_start_list`)
  VALUES (8504, '2016-10-26 14:53:30', '2016-10-26 14:53:30', 9, '2000-01-01 00:00:00', 0, 1, NULL, 1646, 16, 3, 2, 1, 0);
INSERT INTO `meeting_events` (`id`, `created_at`, `updated_at`, `event_order`, `begin_time`, `is_out_of_race`, `is_autofilled`, `notes`, `meeting_session_id`, `event_type_id`, `heat_type_id`, `user_id`, `has_separate_gender_start_list`, `has_separate_category_start_list`)
  VALUES (8505, '2016-10-26 14:53:30', '2016-10-26 14:53:30', 10, '2000-01-01 00:00:00', 0, 1, NULL, 1646, 19, 3, 2, 1, 0);
INSERT INTO `meeting_events` (`id`, `created_at`, `updated_at`, `event_order`, `begin_time`, `is_out_of_race`, `is_autofilled`, `notes`, `meeting_session_id`, `event_type_id`, `heat_type_id`, `user_id`, `has_separate_gender_start_list`, `has_separate_category_start_list`)
  VALUES (8506, '2016-10-26 14:53:30', '2016-10-26 14:53:30', 11, '2000-01-01 00:00:00', 0, 1, NULL, 1646, 11, 3, 2, 1, 0);
INSERT INTO `meeting_events` (`id`, `created_at`, `updated_at`, `event_order`, `begin_time`, `is_out_of_race`, `is_autofilled`, `notes`, `meeting_session_id`, `event_type_id`, `heat_type_id`, `user_id`, `has_separate_gender_start_list`, `has_separate_category_start_list`)
  VALUES (8507, '2016-10-26 14:53:30', '2016-10-26 14:53:30', 12, '2000-01-01 00:00:00', 0, 1, NULL, 1646, 3, 3, 2, 1, 0);

-- 15215-verolanuova TROFEO CITTA' DI VEROLANUOVA 2015-10-31
INSERT INTO `meetings` (`id`, `description`, `entry_deadline`, `has_warm_up_pool`, `is_under_25_admitted`, `reference_phone`, `reference_e_mail`, `reference_name`, `notes`, `has_invitation`, `has_start_list`, `are_results_acquired`, `max_individual_events`, `configuration_file`, `edition`, `season_id`, `user_id`, `created_at`, `updated_at`, `is_autofilled`, `header_date`, `code`, `header_year`, `max_individual_events_per_session`, `is_out_of_season`, `edition_type_id`, `timing_type_id`, `individual_score_computation_type_id`, `relay_score_computation_type_id`, `team_score_computation_type_id`, `meeting_score_computation_type_id`, `invitation`, `is_confirmed`)
  VALUES (16215, 'TROFEO CITTA'' DI VEROLANUOVA', '2016-10-18', 0, 1, '329 6382236', '', '', 'Verolanuoto', 0, 0, 0, 2, 'FIN04', 17, 162, 2, '2016-10-26 14:53:30', '2016-10-26 14:53:30', 1, '2016-10-29', 'verolanuova', '2016/2017', 0, 0, 2, 3, 1, 1, 12, 1, NULL, 0);
INSERT INTO `meeting_sessions` (`id`, `session_order`, `scheduled_date`, `warm_up_time`, `begin_time`, `notes`, `meeting_id`, `swimming_pool_id`, `user_id`, `created_at`, `updated_at`, `description`, `is_autofilled`, `day_part_type_id`)
  VALUES (1647, 1, '2016-10-29', '2000-01-01 14:00:00', '2000-01-01 15:00:00', '', 16215, 29, 2, '2016-10-26 14:53:30', '2016-10-26 14:53:30', 'FINALI', 1, 2);
INSERT INTO `meeting_events` (`id`, `created_at`, `updated_at`, `event_order`, `begin_time`, `is_out_of_race`, `is_autofilled`, `notes`, `meeting_session_id`, `event_type_id`, `heat_type_id`, `user_id`, `has_separate_gender_start_list`, `has_separate_category_start_list`)
  VALUES (8508, '2016-10-26 14:53:30', '2016-10-26 14:53:30', 1, '2000-01-01 00:00:00', 0, 1, NULL, 1647, 5, 3, 2, 1, 0);
INSERT INTO `meeting_events` (`id`, `created_at`, `updated_at`, `event_order`, `begin_time`, `is_out_of_race`, `is_autofilled`, `notes`, `meeting_session_id`, `event_type_id`, `heat_type_id`, `user_id`, `has_separate_gender_start_list`, `has_separate_category_start_list`)
  VALUES (8509, '2016-10-26 14:53:30', '2016-10-26 14:53:30', 2, '2000-01-01 00:00:00', 0, 1, NULL, 1647, 22, 3, 2, 1, 0);
INSERT INTO `meeting_sessions` (`id`, `session_order`, `scheduled_date`, `warm_up_time`, `begin_time`, `notes`, `meeting_id`, `swimming_pool_id`, `user_id`, `created_at`, `updated_at`, `description`, `is_autofilled`, `day_part_type_id`)
  VALUES (1648, 2, '2016-10-30', '2000-01-01 08:00:00', '2000-01-01 09:00:00', '', 16215, 29, 2, '2016-10-26 14:53:30', '2016-10-26 14:53:30', 'FINALI', 1, 1);
INSERT INTO `meeting_events` (`id`, `created_at`, `updated_at`, `event_order`, `begin_time`, `is_out_of_race`, `is_autofilled`, `notes`, `meeting_session_id`, `event_type_id`, `heat_type_id`, `user_id`, `has_separate_gender_start_list`, `has_separate_category_start_list`)
  VALUES (8510, '2016-10-26 14:53:30', '2016-10-26 14:53:30', 1, '2000-01-01 00:00:00', 0, 1, NULL, 1648, 3, 3, 2, 1, 0);
INSERT INTO `meeting_events` (`id`, `created_at`, `updated_at`, `event_order`, `begin_time`, `is_out_of_race`, `is_autofilled`, `notes`, `meeting_session_id`, `event_type_id`, `heat_type_id`, `user_id`, `has_separate_gender_start_list`, `has_separate_category_start_list`)
  VALUES (8511, '2016-10-26 14:53:30', '2016-10-26 14:53:30', 2, '2000-01-01 00:00:00', 0, 1, NULL, 1648, 19, 3, 2, 1, 0);
INSERT INTO `meeting_events` (`id`, `created_at`, `updated_at`, `event_order`, `begin_time`, `is_out_of_race`, `is_autofilled`, `notes`, `meeting_session_id`, `event_type_id`, `heat_type_id`, `user_id`, `has_separate_gender_start_list`, `has_separate_category_start_list`)
  VALUES (8512, '2016-10-26 14:53:30', '2016-10-26 14:53:30', 3, '2000-01-01 00:00:00', 0, 1, NULL, 1648, 11, 3, 2, 1, 0);
INSERT INTO `meeting_events` (`id`, `created_at`, `updated_at`, `event_order`, `begin_time`, `is_out_of_race`, `is_autofilled`, `notes`, `meeting_session_id`, `event_type_id`, `heat_type_id`, `user_id`, `has_separate_gender_start_list`, `has_separate_category_start_list`)
  VALUES (8513, '2016-10-26 14:53:30', '2016-10-26 14:53:30', 4, '2000-01-01 00:00:00', 0, 1, NULL, 1648, 23, 3, 2, 1, 0);
INSERT INTO `meeting_events` (`id`, `created_at`, `updated_at`, `event_order`, `begin_time`, `is_out_of_race`, `is_autofilled`, `notes`, `meeting_session_id`, `event_type_id`, `heat_type_id`, `user_id`, `has_separate_gender_start_list`, `has_separate_category_start_list`)
  VALUES (8514, '2016-10-26 14:53:30', '2016-10-26 14:53:30', 5, '2000-01-01 00:00:00', 0, 1, NULL, 1648, 15, 3, 2, 1, 0);
INSERT INTO `meeting_events` (`id`, `created_at`, `updated_at`, `event_order`, `begin_time`, `is_out_of_race`, `is_autofilled`, `notes`, `meeting_session_id`, `event_type_id`, `heat_type_id`, `user_id`, `has_separate_gender_start_list`, `has_separate_category_start_list`)
  VALUES (8515, '2016-10-26 14:53:30', '2016-10-26 14:53:30', 6, '2000-01-01 00:00:00', 0, 1, NULL, 1648, 2, 3, 2, 1, 0);

-- 15216-parmacoopernuoto TROFEO COOPERNUOTO 2015-12-20
INSERT INTO `meetings` (`id`, `description`, `entry_deadline`, `has_warm_up_pool`, `is_under_25_admitted`, `reference_phone`, `reference_e_mail`, `reference_name`, `notes`, `has_invitation`, `has_start_list`, `are_results_acquired`, `max_individual_events`, `configuration_file`, `edition`, `season_id`, `user_id`, `created_at`, `updated_at`, `is_autofilled`, `header_date`, `code`, `header_year`, `max_individual_events_per_session`, `is_out_of_season`, `edition_type_id`, `timing_type_id`, `individual_score_computation_type_id`, `relay_score_computation_type_id`, `team_score_computation_type_id`, `meeting_score_computation_type_id`, `invitation`, `is_confirmed`)
  VALUES (16216, 'TROFEO COOPERNUOTO', NULL, 0, 1, '335 6939924', 'parma@coopernuoto.it', 'Davide Bonomini, Vincenzo Savelli', 'Coopernuoto Scsd', 0, 0, 0, 2, 'FIN04', 17, 162, 2, '2016-10-26 14:53:30', '2016-10-26 14:53:30', 1, '2016-12-18', 'parmacoopernuoto', '2016/2017', 0, 0, 2, 3, 1, 1, 12, 1, NULL, 0);
INSERT INTO `meeting_sessions` (`id`, `session_order`, `scheduled_date`, `warm_up_time`, `begin_time`, `notes`, `meeting_id`, `swimming_pool_id`, `user_id`, `created_at`, `updated_at`, `description`, `is_autofilled`, `day_part_type_id`)
  VALUES (1649, 1, '2016-12-18', '2000-01-01 08:00:00', '2000-01-01 08:45:00', '', 16216, 3, 2, '2016-10-26 14:53:30', '2016-10-26 14:53:30', 'FINALI', 1, 1);
INSERT INTO `meeting_events` (`id`, `created_at`, `updated_at`, `event_order`, `begin_time`, `is_out_of_race`, `is_autofilled`, `notes`, `meeting_session_id`, `event_type_id`, `heat_type_id`, `user_id`, `has_separate_gender_start_list`, `has_separate_category_start_list`)
  VALUES (8516, '2016-10-26 14:53:30', '2016-10-26 14:53:30', 1, '2000-01-01 08:45:00', 0, 1, NULL, 1649, 5, 3, 2, 1, 0);
INSERT INTO `meeting_events` (`id`, `created_at`, `updated_at`, `event_order`, `begin_time`, `is_out_of_race`, `is_autofilled`, `notes`, `meeting_session_id`, `event_type_id`, `heat_type_id`, `user_id`, `has_separate_gender_start_list`, `has_separate_category_start_list`)
  VALUES (8517, '2016-10-26 14:53:30', '2016-10-26 14:53:30', 2, '2000-01-01 00:00:00', 0, 1, NULL, 1649, 19, 3, 2, 1, 0);
INSERT INTO `meeting_events` (`id`, `created_at`, `updated_at`, `event_order`, `begin_time`, `is_out_of_race`, `is_autofilled`, `notes`, `meeting_session_id`, `event_type_id`, `heat_type_id`, `user_id`, `has_separate_gender_start_list`, `has_separate_category_start_list`)
  VALUES (8518, '2016-10-26 14:53:30', '2016-10-26 14:53:30', 3, '2000-01-01 00:00:00', 0, 1, NULL, 1649, 12, 3, 2, 1, 0);
INSERT INTO `meeting_events` (`id`, `created_at`, `updated_at`, `event_order`, `begin_time`, `is_out_of_race`, `is_autofilled`, `notes`, `meeting_session_id`, `event_type_id`, `heat_type_id`, `user_id`, `has_separate_gender_start_list`, `has_separate_category_start_list`)
  VALUES (8519, '2016-10-26 14:53:30', '2016-10-26 14:53:30', 4, '2000-01-01 00:00:00', 0, 1, NULL, 1649, 15, 3, 2, 1, 0);
INSERT INTO `meeting_events` (`id`, `created_at`, `updated_at`, `event_order`, `begin_time`, `is_out_of_race`, `is_autofilled`, `notes`, `meeting_session_id`, `event_type_id`, `heat_type_id`, `user_id`, `has_separate_gender_start_list`, `has_separate_category_start_list`)
  VALUES (8520, '2016-10-26 14:53:30', '2016-10-26 14:53:30', 5, '2000-01-01 00:00:00', 0, 1, NULL, 1649, 3, 3, 2, 1, 0);
INSERT INTO `meeting_events` (`id`, `created_at`, `updated_at`, `event_order`, `begin_time`, `is_out_of_race`, `is_autofilled`, `notes`, `meeting_session_id`, `event_type_id`, `heat_type_id`, `user_id`, `has_separate_gender_start_list`, `has_separate_category_start_list`)
  VALUES (8521, '2016-10-26 14:53:30', '2016-10-26 14:53:30', 6, '2000-01-01 00:00:00', 0, 1, NULL, 1649, 21, 3, 2, 1, 0);
INSERT INTO `meeting_sessions` (`id`, `session_order`, `scheduled_date`, `warm_up_time`, `begin_time`, `notes`, `meeting_id`, `swimming_pool_id`, `user_id`, `created_at`, `updated_at`, `description`, `is_autofilled`, `day_part_type_id`)
  VALUES (1650, 2, '2016-12-18', '2000-01-01 13:30:00', '2000-01-01 14:15:00', '', 16216, 3, 2, '2016-10-26 14:53:30', '2016-10-26 14:53:30', 'FINALI', 1, 2);
INSERT INTO `meeting_events` (`id`, `created_at`, `updated_at`, `event_order`, `begin_time`, `is_out_of_race`, `is_autofilled`, `notes`, `meeting_session_id`, `event_type_id`, `heat_type_id`, `user_id`, `has_separate_gender_start_list`, `has_separate_category_start_list`)
  VALUES (8522, '2016-10-26 14:53:30', '2016-10-26 14:53:30', 6, '2000-01-01 01:00:30', 0, 1, NULL, 1650, 25, 3, 1, 1, 0);
INSERT INTO `meeting_events` (`id`, `created_at`, `updated_at`, `event_order`, `begin_time`, `is_out_of_race`, `is_autofilled`, `notes`, `meeting_session_id`, `event_type_id`, `heat_type_id`, `user_id`, `has_separate_gender_start_list`, `has_separate_category_start_list`)
  VALUES (8523, '2016-10-26 14:53:30', '2016-10-26 14:53:30', 1, '2000-01-01 14:15:00', 0, 1, NULL, 1650, 4, 3, 2, 1, 0);
INSERT INTO `meeting_events` (`id`, `created_at`, `updated_at`, `event_order`, `begin_time`, `is_out_of_race`, `is_autofilled`, `notes`, `meeting_session_id`, `event_type_id`, `heat_type_id`, `user_id`, `has_separate_gender_start_list`, `has_separate_category_start_list`)
  VALUES (8524, '2016-10-26 14:53:30', '2016-10-26 14:53:30', 2, '2000-01-01 00:00:00', 0, 1, NULL, 1650, 11, 3, 2, 1, 0);
INSERT INTO `meeting_events` (`id`, `created_at`, `updated_at`, `event_order`, `begin_time`, `is_out_of_race`, `is_autofilled`, `notes`, `meeting_session_id`, `event_type_id`, `heat_type_id`, `user_id`, `has_separate_gender_start_list`, `has_separate_category_start_list`)
  VALUES (8525, '2016-10-26 14:53:30', '2016-10-26 14:53:30', 3, '2000-01-01 00:00:00', 0, 1, NULL, 1650, 20, 3, 2, 1, 0);
INSERT INTO `meeting_events` (`id`, `created_at`, `updated_at`, `event_order`, `begin_time`, `is_out_of_race`, `is_autofilled`, `notes`, `meeting_session_id`, `event_type_id`, `heat_type_id`, `user_id`, `has_separate_gender_start_list`, `has_separate_category_start_list`)
  VALUES (8526, '2016-10-26 14:53:30', '2016-10-26 14:53:30', 4, '2000-01-01 00:00:00', 0, 1, NULL, 1650, 2, 3, 2, 1, 0);
INSERT INTO `meeting_events` (`id`, `created_at`, `updated_at`, `event_order`, `begin_time`, `is_out_of_race`, `is_autofilled`, `notes`, `meeting_session_id`, `event_type_id`, `heat_type_id`, `user_id`, `has_separate_gender_start_list`, `has_separate_category_start_list`)
  VALUES (8527, '2016-10-26 14:53:30', '2016-10-26 14:53:30', 5, '2000-01-01 00:00:00', 0, 1, NULL, 1650, 22, 3, 2, 1, 0);

-- 15217-bresciabrixiafidelis BRIXIA FIDELIS 2016-03-05
INSERT INTO `meetings` (`id`, `description`, `entry_deadline`, `has_warm_up_pool`, `is_under_25_admitted`, `reference_phone`, `reference_e_mail`, `reference_name`, `notes`, `has_invitation`, `has_start_list`, `are_results_acquired`, `max_individual_events`, `configuration_file`, `edition`, `season_id`, `user_id`, `created_at`, `updated_at`, `is_autofilled`, `header_date`, `code`, `header_year`, `max_individual_events_per_session`, `is_out_of_season`, `edition_type_id`, `timing_type_id`, `individual_score_computation_type_id`, `relay_score_computation_type_id`, `team_score_computation_type_id`, `meeting_score_computation_type_id`, `invitation`, `is_confirmed`)
  VALUES (16217, 'BRIXIA FIDELIS', NULL, 1, 1, '333 2061181', 'brixia.fidelis@fastwebnet.it', 'Fabio Compagnoni', 'ASD Sport & Fitness', 0, 0, 0, 2, 'FIN04', 17, 162, 2, '2016-10-26 14:53:30', '2016-10-26 14:53:30', 1, '2017-03-04', 'bresciabrixiafidelis', '2016/2017', 0, 0, 2, 3, 1, 1, 12, 1, NULL, 0);
INSERT INTO `meeting_sessions` (`id`, `session_order`, `scheduled_date`, `warm_up_time`, `begin_time`, `notes`, `meeting_id`, `swimming_pool_id`, `user_id`, `created_at`, `updated_at`, `description`, `is_autofilled`, `day_part_type_id`)
  VALUES (1651, 1, '2017-03-04', '2000-01-01 00:00:00', '2000-01-01 00:00:00', '', 16217, 36, 2, '2016-10-26 14:53:30', '2016-10-26 14:53:30', 'FINALI', 1, NULL);
INSERT INTO `meeting_events` (`id`, `created_at`, `updated_at`, `event_order`, `begin_time`, `is_out_of_race`, `is_autofilled`, `notes`, `meeting_session_id`, `event_type_id`, `heat_type_id`, `user_id`, `has_separate_gender_start_list`, `has_separate_category_start_list`)
  VALUES (8528, '2016-10-26 14:53:30', '2016-10-26 14:53:30', 1, '2000-01-01 00:00:00', 0, 1, NULL, 1651, 6, 3, 2, 1, 0);
INSERT INTO `meeting_sessions` (`id`, `session_order`, `scheduled_date`, `warm_up_time`, `begin_time`, `notes`, `meeting_id`, `swimming_pool_id`, `user_id`, `created_at`, `updated_at`, `description`, `is_autofilled`, `day_part_type_id`)
  VALUES (1652, 2, '2017-03-04', '2000-01-01 00:00:00', '2000-01-01 00:00:00', '', 16217, 36, 2, '2016-10-26 14:53:30', '2016-10-26 14:53:30', 'FINALI', 1, NULL);
INSERT INTO `meeting_events` (`id`, `created_at`, `updated_at`, `event_order`, `begin_time`, `is_out_of_race`, `is_autofilled`, `notes`, `meeting_session_id`, `event_type_id`, `heat_type_id`, `user_id`, `has_separate_gender_start_list`, `has_separate_category_start_list`)
  VALUES (8529, '2016-10-26 14:53:30', '2016-10-26 14:53:30', 2, '2000-01-01 00:00:00', 0, 1, NULL, 1652, 15, 3, 2, 1, 0);
INSERT INTO `meeting_events` (`id`, `created_at`, `updated_at`, `event_order`, `begin_time`, `is_out_of_race`, `is_autofilled`, `notes`, `meeting_session_id`, `event_type_id`, `heat_type_id`, `user_id`, `has_separate_gender_start_list`, `has_separate_category_start_list`)
  VALUES (8530, '2016-10-26 14:53:30', '2016-10-26 14:53:30', 3, '2000-01-01 00:00:00', 0, 1, NULL, 1652, 19, 3, 2, 1, 0);
INSERT INTO `meeting_events` (`id`, `created_at`, `updated_at`, `event_order`, `begin_time`, `is_out_of_race`, `is_autofilled`, `notes`, `meeting_session_id`, `event_type_id`, `heat_type_id`, `user_id`, `has_separate_gender_start_list`, `has_separate_category_start_list`)
  VALUES (8531, '2016-10-26 14:53:30', '2016-10-26 14:53:30', 4, '2000-01-01 00:00:00', 0, 1, NULL, 1652, 2, 3, 2, 1, 0);
INSERT INTO `meeting_events` (`id`, `created_at`, `updated_at`, `event_order`, `begin_time`, `is_out_of_race`, `is_autofilled`, `notes`, `meeting_session_id`, `event_type_id`, `heat_type_id`, `user_id`, `has_separate_gender_start_list`, `has_separate_category_start_list`)
  VALUES (8532, '2016-10-26 14:53:30', '2016-10-26 14:53:30', 5, '2000-01-01 00:00:00', 0, 1, NULL, 1652, 11, 3, 2, 1, 0);
INSERT INTO `meeting_sessions` (`id`, `session_order`, `scheduled_date`, `warm_up_time`, `begin_time`, `notes`, `meeting_id`, `swimming_pool_id`, `user_id`, `created_at`, `updated_at`, `description`, `is_autofilled`, `day_part_type_id`)
  VALUES (1653, 3, '2017-03-05', '2000-01-01 00:00:00', '2000-01-01 00:00:00', '', 16217, 36, 2, '2016-10-26 14:53:30', '2016-10-26 14:53:30', 'FINALI', 1, NULL);
INSERT INTO `meeting_events` (`id`, `created_at`, `updated_at`, `event_order`, `begin_time`, `is_out_of_race`, `is_autofilled`, `notes`, `meeting_session_id`, `event_type_id`, `heat_type_id`, `user_id`, `has_separate_gender_start_list`, `has_separate_category_start_list`)
  VALUES (8533, '2016-10-26 14:53:30', '2016-10-26 14:53:30', 6, '2000-01-01 00:00:00', 0, 1, NULL, 1653, 16, 3, 2, 1, 0);
INSERT INTO `meeting_events` (`id`, `created_at`, `updated_at`, `event_order`, `begin_time`, `is_out_of_race`, `is_autofilled`, `notes`, `meeting_session_id`, `event_type_id`, `heat_type_id`, `user_id`, `has_separate_gender_start_list`, `has_separate_category_start_list`)
  VALUES (8534, '2016-10-26 14:53:30', '2016-10-26 14:53:30', 7, '2000-01-01 00:00:00', 0, 1, NULL, 1653, 20, 3, 2, 1, 0);
INSERT INTO `meeting_events` (`id`, `created_at`, `updated_at`, `event_order`, `begin_time`, `is_out_of_race`, `is_autofilled`, `notes`, `meeting_session_id`, `event_type_id`, `heat_type_id`, `user_id`, `has_separate_gender_start_list`, `has_separate_category_start_list`)
  VALUES (8535, '2016-10-26 14:53:30', '2016-10-26 14:53:30', 8, '2000-01-01 00:00:00', 0, 1, NULL, 1653, 3, 3, 2, 1, 0);
INSERT INTO `meeting_events` (`id`, `created_at`, `updated_at`, `event_order`, `begin_time`, `is_out_of_race`, `is_autofilled`, `notes`, `meeting_session_id`, `event_type_id`, `heat_type_id`, `user_id`, `has_separate_gender_start_list`, `has_separate_category_start_list`)
  VALUES (8536, '2016-10-26 14:53:30', '2016-10-26 14:53:30', 9, '2000-01-01 00:00:00', 0, 1, NULL, 1653, 12, 3, 2, 1, 0);
INSERT INTO `meeting_events` (`id`, `created_at`, `updated_at`, `event_order`, `begin_time`, `is_out_of_race`, `is_autofilled`, `notes`, `meeting_session_id`, `event_type_id`, `heat_type_id`, `user_id`, `has_separate_gender_start_list`, `has_separate_category_start_list`)
  VALUES (8537, '2016-10-26 14:53:30', '2016-10-26 14:53:30', 10, '2000-01-01 00:00:00', 0, 1, NULL, 1653, 4, 3, 2, 1, 0);
INSERT INTO `meeting_events` (`id`, `created_at`, `updated_at`, `event_order`, `begin_time`, `is_out_of_race`, `is_autofilled`, `notes`, `meeting_session_id`, `event_type_id`, `heat_type_id`, `user_id`, `has_separate_gender_start_list`, `has_separate_category_start_list`)
  VALUES (8538, '2016-10-26 14:53:30', '2016-10-26 14:53:30', 11, '2000-01-01 00:00:00', 0, 1, NULL, 1653, 23, 3, 2, 1, 0);
INSERT INTO `meeting_events` (`id`, `created_at`, `updated_at`, `event_order`, `begin_time`, `is_out_of_race`, `is_autofilled`, `notes`, `meeting_session_id`, `event_type_id`, `heat_type_id`, `user_id`, `has_separate_gender_start_list`, `has_separate_category_start_list`)
  VALUES (8539, '2016-10-26 14:53:30', '2016-10-26 14:53:30', 12, '2000-01-01 00:00:00', 0, 1, NULL, 1653, 5, 3, 2, 1, 0);

-- 15218-varedo TROFEO NORD PADANIA 2016-05-08
INSERT INTO `meetings` (`id`, `description`, `entry_deadline`, `has_warm_up_pool`, `is_under_25_admitted`, `reference_phone`, `reference_e_mail`, `reference_name`, `notes`, `has_invitation`, `has_start_list`, `are_results_acquired`, `max_individual_events`, `configuration_file`, `edition`, `season_id`, `user_id`, `created_at`, `updated_at`, `is_autofilled`, `header_date`, `code`, `header_year`, `max_individual_events_per_session`, `is_out_of_season`, `edition_type_id`, `timing_type_id`, `individual_score_computation_type_id`, `relay_score_computation_type_id`, `team_score_computation_type_id`, `meeting_score_computation_type_id`, `invitation`, `is_confirmed`)
  VALUES (16218, 'TROFEO NORD PADANIA', NULL, 0, 1, '335 1341194', 'info@npnnuotomaster.it', 'Guido Maggi', 'Nord Padania Nuoto', 0, 0, 0, 2, '', 17, 162, 2, '2016-10-26 14:53:30', '2016-10-26 14:53:30', 1, '2017-05-07', 'varedo', '2016/2017', 0, 0, 2, 3, 1, 1, 12, 1, NULL, 0);
INSERT INTO `meeting_sessions` (`id`, `session_order`, `scheduled_date`, `warm_up_time`, `begin_time`, `notes`, `meeting_id`, `swimming_pool_id`, `user_id`, `created_at`, `updated_at`, `description`, `is_autofilled`, `day_part_type_id`)
  VALUES (1654, 1, '2017-05-07', '2000-01-01 00:00:00', '2000-01-01 00:00:00', '', 16218, 37, 2, '2016-10-26 14:53:30', '2016-10-26 14:53:30', 'FINALI', 1, NULL);
INSERT INTO `meeting_events` (`id`, `created_at`, `updated_at`, `event_order`, `begin_time`, `is_out_of_race`, `is_autofilled`, `notes`, `meeting_session_id`, `event_type_id`, `heat_type_id`, `user_id`, `has_separate_gender_start_list`, `has_separate_category_start_list`)
  VALUES (8540, '2016-10-26 14:53:30', '2016-10-26 14:53:30', 1, '2000-01-01 00:00:00', 0, 1, NULL, 1654, 4, 3, 2, 1, 0);
INSERT INTO `meeting_events` (`id`, `created_at`, `updated_at`, `event_order`, `begin_time`, `is_out_of_race`, `is_autofilled`, `notes`, `meeting_session_id`, `event_type_id`, `heat_type_id`, `user_id`, `has_separate_gender_start_list`, `has_separate_category_start_list`)
  VALUES (8541, '2016-10-26 14:53:30', '2016-10-26 14:53:30', 2, '2000-01-01 00:00:00', 0, 1, NULL, 1654, 16, 3, 2, 1, 0);
INSERT INTO `meeting_events` (`id`, `created_at`, `updated_at`, `event_order`, `begin_time`, `is_out_of_race`, `is_autofilled`, `notes`, `meeting_session_id`, `event_type_id`, `heat_type_id`, `user_id`, `has_separate_gender_start_list`, `has_separate_category_start_list`)
  VALUES (8542, '2016-10-26 14:53:30', '2016-10-26 14:53:30', 3, '2000-01-01 00:00:00', 0, 1, NULL, 1654, 12, 3, 2, 1, 0);
INSERT INTO `meeting_events` (`id`, `created_at`, `updated_at`, `event_order`, `begin_time`, `is_out_of_race`, `is_autofilled`, `notes`, `meeting_session_id`, `event_type_id`, `heat_type_id`, `user_id`, `has_separate_gender_start_list`, `has_separate_category_start_list`)
  VALUES (8543, '2016-10-26 14:53:30', '2016-10-26 14:53:30', 4, '2000-01-01 00:00:00', 0, 1, NULL, 1654, 20, 3, 2, 1, 0);
INSERT INTO `meeting_events` (`id`, `created_at`, `updated_at`, `event_order`, `begin_time`, `is_out_of_race`, `is_autofilled`, `notes`, `meeting_session_id`, `event_type_id`, `heat_type_id`, `user_id`, `has_separate_gender_start_list`, `has_separate_category_start_list`)
  VALUES (8544, '2016-10-26 14:53:30', '2016-10-26 14:53:30', 5, '2000-01-01 00:00:00', 0, 1, NULL, 1654, 3, 3, 2, 1, 0);
INSERT INTO `meeting_events` (`id`, `created_at`, `updated_at`, `event_order`, `begin_time`, `is_out_of_race`, `is_autofilled`, `notes`, `meeting_session_id`, `event_type_id`, `heat_type_id`, `user_id`, `has_separate_gender_start_list`, `has_separate_category_start_list`)
  VALUES (8545, '2016-10-26 14:53:30', '2016-10-26 14:53:30', 10, '2000-01-01 10:52:00', 0, 1, NULL, 1654, 21, 3, 1, 1, 0);
INSERT INTO `meeting_events` (`id`, `created_at`, `updated_at`, `event_order`, `begin_time`, `is_out_of_race`, `is_autofilled`, `notes`, `meeting_session_id`, `event_type_id`, `heat_type_id`, `user_id`, `has_separate_gender_start_list`, `has_separate_category_start_list`)
  VALUES (8546, '2016-10-26 14:53:30', '2016-10-26 14:53:30', 11, '2000-01-01 12:12:00', 0, 1, NULL, 1654, 5, 3, 1, 1, 0);
INSERT INTO `meeting_sessions` (`id`, `session_order`, `scheduled_date`, `warm_up_time`, `begin_time`, `notes`, `meeting_id`, `swimming_pool_id`, `user_id`, `created_at`, `updated_at`, `description`, `is_autofilled`, `day_part_type_id`)
  VALUES (1655, 2, '1901-12-28', '2000-01-01 00:00:00', '2000-01-01 00:00:00', '', 16218, 37, 2, '2016-10-26 14:53:30', '2016-10-26 14:53:30', 'FINALI', 1, NULL);
INSERT INTO `meeting_events` (`id`, `created_at`, `updated_at`, `event_order`, `begin_time`, `is_out_of_race`, `is_autofilled`, `notes`, `meeting_session_id`, `event_type_id`, `heat_type_id`, `user_id`, `has_separate_gender_start_list`, `has_separate_category_start_list`)
  VALUES (8547, '2016-10-26 14:53:31', '2016-10-26 14:53:31', 6, '2000-01-01 00:00:00', 0, 1, NULL, 1655, 15, 3, 2, 1, 0);
INSERT INTO `meeting_events` (`id`, `created_at`, `updated_at`, `event_order`, `begin_time`, `is_out_of_race`, `is_autofilled`, `notes`, `meeting_session_id`, `event_type_id`, `heat_type_id`, `user_id`, `has_separate_gender_start_list`, `has_separate_category_start_list`)
  VALUES (8548, '2016-10-26 14:53:31', '2016-10-26 14:53:31', 7, '2000-01-01 00:00:00', 0, 1, NULL, 1655, 19, 3, 2, 1, 0);
INSERT INTO `meeting_events` (`id`, `created_at`, `updated_at`, `event_order`, `begin_time`, `is_out_of_race`, `is_autofilled`, `notes`, `meeting_session_id`, `event_type_id`, `heat_type_id`, `user_id`, `has_separate_gender_start_list`, `has_separate_category_start_list`)
  VALUES (8549, '2016-10-26 14:53:31', '2016-10-26 14:53:31', 8, '2000-01-01 00:00:00', 0, 1, NULL, 1655, 11, 3, 2, 1, 0);
INSERT INTO `meeting_events` (`id`, `created_at`, `updated_at`, `event_order`, `begin_time`, `is_out_of_race`, `is_autofilled`, `notes`, `meeting_session_id`, `event_type_id`, `heat_type_id`, `user_id`, `has_separate_gender_start_list`, `has_separate_category_start_list`)
  VALUES (8550, '2016-10-26 14:53:31', '2016-10-26 14:53:31', 9, '2000-01-01 00:00:00', 0, 1, NULL, 1655, 2, 3, 2, 1, 0);

-- 15219-prato TROFEO SERGIO FAGGI 2016-05-28
INSERT INTO `meetings` (`id`, `description`, `entry_deadline`, `has_warm_up_pool`, `is_under_25_admitted`, `reference_phone`, `reference_e_mail`, `reference_name`, `notes`, `has_invitation`, `has_start_list`, `are_results_acquired`, `max_individual_events`, `configuration_file`, `edition`, `season_id`, `user_id`, `created_at`, `updated_at`, `is_autofilled`, `header_date`, `code`, `header_year`, `max_individual_events_per_session`, `is_out_of_season`, `edition_type_id`, `timing_type_id`, `individual_score_computation_type_id`, `relay_score_computation_type_id`, `team_score_computation_type_id`, `meeting_score_computation_type_id`, `invitation`, `is_confirmed`)
  VALUES (16219, 'TROFEO SERGIO FAGGI', NULL, 0, 1, '320 4314586', 'fambet@infinito.it', 'Fabio Bettinelli', '', 0, 0, 0, 2, '', 17, 162, 2, '2016-10-26 14:53:31', '2016-10-26 14:53:31', 1, '2017-05-27', 'prato', '2016/2017', 0, 0, 2, 3, 1, 1, 12, 1, NULL, 0);
INSERT INTO `meeting_sessions` (`id`, `session_order`, `scheduled_date`, `warm_up_time`, `begin_time`, `notes`, `meeting_id`, `swimming_pool_id`, `user_id`, `created_at`, `updated_at`, `description`, `is_autofilled`, `day_part_type_id`)
  VALUES (1656, 1, '2017-05-27', '2000-01-01 00:00:00', '2000-01-01 00:00:00', '', 16219, 38, 2, '2016-10-26 14:53:31', '2016-10-26 14:53:31', 'FINALI', 1, NULL);
INSERT INTO `meeting_events` (`id`, `created_at`, `updated_at`, `event_order`, `begin_time`, `is_out_of_race`, `is_autofilled`, `notes`, `meeting_session_id`, `event_type_id`, `heat_type_id`, `user_id`, `has_separate_gender_start_list`, `has_separate_category_start_list`)
  VALUES (8551, '2016-10-26 14:53:31', '2016-10-26 14:53:31', 1, '2000-01-01 00:00:00', 0, 1, NULL, 1656, 16, 3, 2, 1, 0);
INSERT INTO `meeting_events` (`id`, `created_at`, `updated_at`, `event_order`, `begin_time`, `is_out_of_race`, `is_autofilled`, `notes`, `meeting_session_id`, `event_type_id`, `heat_type_id`, `user_id`, `has_separate_gender_start_list`, `has_separate_category_start_list`)
  VALUES (8552, '2016-10-26 14:53:31', '2016-10-26 14:53:31', 2, '2000-01-01 00:00:00', 0, 1, NULL, 1656, 5, 3, 2, 1, 0);
INSERT INTO `meeting_events` (`id`, `created_at`, `updated_at`, `event_order`, `begin_time`, `is_out_of_race`, `is_autofilled`, `notes`, `meeting_session_id`, `event_type_id`, `heat_type_id`, `user_id`, `has_separate_gender_start_list`, `has_separate_category_start_list`)
  VALUES (8553, '2016-10-26 14:53:31', '2016-10-26 14:53:31', 3, '2000-01-01 00:00:00', 0, 1, NULL, 1656, 20, 3, 2, 1, 0);
INSERT INTO `meeting_events` (`id`, `created_at`, `updated_at`, `event_order`, `begin_time`, `is_out_of_race`, `is_autofilled`, `notes`, `meeting_session_id`, `event_type_id`, `heat_type_id`, `user_id`, `has_separate_gender_start_list`, `has_separate_category_start_list`)
  VALUES (8554, '2016-10-26 14:53:31', '2016-10-26 14:53:31', 4, '2000-01-01 00:00:00', 0, 1, NULL, 1656, 3, 3, 2, 1, 0);
INSERT INTO `meeting_events` (`id`, `created_at`, `updated_at`, `event_order`, `begin_time`, `is_out_of_race`, `is_autofilled`, `notes`, `meeting_session_id`, `event_type_id`, `heat_type_id`, `user_id`, `has_separate_gender_start_list`, `has_separate_category_start_list`)
  VALUES (8555, '2016-10-26 14:53:31', '2016-10-26 14:53:31', 5, '2000-01-01 00:00:00', 0, 1, NULL, 1656, 4, 3, 2, 1, 0);
INSERT INTO `meeting_events` (`id`, `created_at`, `updated_at`, `event_order`, `begin_time`, `is_out_of_race`, `is_autofilled`, `notes`, `meeting_session_id`, `event_type_id`, `heat_type_id`, `user_id`, `has_separate_gender_start_list`, `has_separate_category_start_list`)
  VALUES (8556, '2016-10-26 14:53:31', '2016-10-26 14:53:31', 6, '2000-01-01 00:00:00', 0, 1, NULL, 1656, 11, 3, 2, 1, 0);
INSERT INTO `meeting_sessions` (`id`, `session_order`, `scheduled_date`, `warm_up_time`, `begin_time`, `notes`, `meeting_id`, `swimming_pool_id`, `user_id`, `created_at`, `updated_at`, `description`, `is_autofilled`, `day_part_type_id`)
  VALUES (1657, 2, '1902-01-04', '2000-01-01 00:00:00', '2000-01-01 00:00:00', '', 16219, 38, 2, '2016-10-26 14:53:31', '2016-10-26 14:53:31', 'FINALI', 1, NULL);
INSERT INTO `meeting_events` (`id`, `created_at`, `updated_at`, `event_order`, `begin_time`, `is_out_of_race`, `is_autofilled`, `notes`, `meeting_session_id`, `event_type_id`, `heat_type_id`, `user_id`, `has_separate_gender_start_list`, `has_separate_category_start_list`)
  VALUES (8557, '2016-10-26 14:53:31', '2016-10-26 14:53:31', 1, '2000-01-01 00:00:00', 0, 1, NULL, 1657, 2, 3, 2, 1, 0);
INSERT INTO `meeting_events` (`id`, `created_at`, `updated_at`, `event_order`, `begin_time`, `is_out_of_race`, `is_autofilled`, `notes`, `meeting_session_id`, `event_type_id`, `heat_type_id`, `user_id`, `has_separate_gender_start_list`, `has_separate_category_start_list`)
  VALUES (8558, '2016-10-26 14:53:31', '2016-10-26 14:53:31', 2, '2000-01-01 00:00:00', 0, 1, NULL, 1657, 19, 3, 2, 1, 0);
INSERT INTO `meeting_events` (`id`, `created_at`, `updated_at`, `event_order`, `begin_time`, `is_out_of_race`, `is_autofilled`, `notes`, `meeting_session_id`, `event_type_id`, `heat_type_id`, `user_id`, `has_separate_gender_start_list`, `has_separate_category_start_list`)
  VALUES (8559, '2016-10-26 14:53:31', '2016-10-26 14:53:31', 3, '2000-01-01 00:00:00', 0, 1, NULL, 1657, 23, 3, 2, 1, 0);
INSERT INTO `meeting_events` (`id`, `created_at`, `updated_at`, `event_order`, `begin_time`, `is_out_of_race`, `is_autofilled`, `notes`, `meeting_session_id`, `event_type_id`, `heat_type_id`, `user_id`, `has_separate_gender_start_list`, `has_separate_category_start_list`)
  VALUES (8560, '2016-10-26 14:53:31', '2016-10-26 14:53:31', 4, '2000-01-01 00:00:00', 0, 1, NULL, 1657, 17, 3, 2, 1, 0);
INSERT INTO `meeting_events` (`id`, `created_at`, `updated_at`, `event_order`, `begin_time`, `is_out_of_race`, `is_autofilled`, `notes`, `meeting_session_id`, `event_type_id`, `heat_type_id`, `user_id`, `has_separate_gender_start_list`, `has_separate_category_start_list`)
  VALUES (8561, '2016-10-26 14:53:31', '2016-10-26 14:53:31', 5, '2000-01-01 00:00:00', 0, 1, NULL, 1657, 21, 3, 2, 1, 0);

-- 15220-pontedera MEETING DELLA VALDERA 2016-05-21
INSERT INTO `meetings` (`id`, `description`, `entry_deadline`, `has_warm_up_pool`, `is_under_25_admitted`, `reference_phone`, `reference_e_mail`, `reference_name`, `notes`, `has_invitation`, `has_start_list`, `are_results_acquired`, `max_individual_events`, `configuration_file`, `edition`, `season_id`, `user_id`, `created_at`, `updated_at`, `is_autofilled`, `header_date`, `code`, `header_year`, `max_individual_events_per_session`, `is_out_of_season`, `edition_type_id`, `timing_type_id`, `individual_score_computation_type_id`, `relay_score_computation_type_id`, `team_score_computation_type_id`, `meeting_score_computation_type_id`, `invitation`, `is_confirmed`)
  VALUES (16220, 'MEETING DELLA VALDERA', NULL, 0, 0, '320 4314586', 'fambet@infinito.it', 'Fabio Bettinelli', '', 0, 0, 0, 2, '', 17, 162, 2, '2016-10-26 14:53:31', '2016-10-26 14:53:31', 1, '2017-05-20', 'pontedera', '2016/2017', 0, 0, 2, 3, 1, 1, 12, 1, NULL, 0);
INSERT INTO `meeting_sessions` (`id`, `session_order`, `scheduled_date`, `warm_up_time`, `begin_time`, `notes`, `meeting_id`, `swimming_pool_id`, `user_id`, `created_at`, `updated_at`, `description`, `is_autofilled`, `day_part_type_id`)
  VALUES (1658, 1, '2017-05-20', '2000-01-01 00:00:00', '2000-01-01 00:00:00', '', 16220, 39, 2, '2016-10-26 14:53:31', '2016-10-26 14:53:31', 'FINALI', 1, NULL);
INSERT INTO `meeting_events` (`id`, `created_at`, `updated_at`, `event_order`, `begin_time`, `is_out_of_race`, `is_autofilled`, `notes`, `meeting_session_id`, `event_type_id`, `heat_type_id`, `user_id`, `has_separate_gender_start_list`, `has_separate_category_start_list`)
  VALUES (8562, '2016-10-26 14:53:31', '2016-10-26 14:53:31', 1, '2000-01-01 00:00:00', 0, 1, NULL, 1658, 2, 3, 2, 1, 0);
INSERT INTO `meeting_events` (`id`, `created_at`, `updated_at`, `event_order`, `begin_time`, `is_out_of_race`, `is_autofilled`, `notes`, `meeting_session_id`, `event_type_id`, `heat_type_id`, `user_id`, `has_separate_gender_start_list`, `has_separate_category_start_list`)
  VALUES (8563, '2016-10-26 14:53:31', '2016-10-26 14:53:31', 2, '2000-01-01 00:00:00', 0, 1, NULL, 1658, 23, 3, 2, 1, 0);
INSERT INTO `meeting_events` (`id`, `created_at`, `updated_at`, `event_order`, `begin_time`, `is_out_of_race`, `is_autofilled`, `notes`, `meeting_session_id`, `event_type_id`, `heat_type_id`, `user_id`, `has_separate_gender_start_list`, `has_separate_category_start_list`)
  VALUES (8564, '2016-10-26 14:53:31', '2016-10-26 14:53:31', 3, '2000-01-01 00:00:00', 0, 1, NULL, 1658, 16, 3, 2, 1, 0);
INSERT INTO `meeting_events` (`id`, `created_at`, `updated_at`, `event_order`, `begin_time`, `is_out_of_race`, `is_autofilled`, `notes`, `meeting_session_id`, `event_type_id`, `heat_type_id`, `user_id`, `has_separate_gender_start_list`, `has_separate_category_start_list`)
  VALUES (8565, '2016-10-26 14:53:31', '2016-10-26 14:53:31', 4, '2000-01-01 00:00:00', 0, 1, NULL, 1658, 20, 3, 2, 1, 0);
INSERT INTO `meeting_events` (`id`, `created_at`, `updated_at`, `event_order`, `begin_time`, `is_out_of_race`, `is_autofilled`, `notes`, `meeting_session_id`, `event_type_id`, `heat_type_id`, `user_id`, `has_separate_gender_start_list`, `has_separate_category_start_list`)
  VALUES (8566, '2016-10-26 14:53:31', '2016-10-26 14:53:31', 5, '2000-01-01 00:00:00', 0, 1, NULL, 1658, 11, 3, 2, 1, 0);
INSERT INTO `meeting_events` (`id`, `created_at`, `updated_at`, `event_order`, `begin_time`, `is_out_of_race`, `is_autofilled`, `notes`, `meeting_session_id`, `event_type_id`, `heat_type_id`, `user_id`, `has_separate_gender_start_list`, `has_separate_category_start_list`)
  VALUES (8567, '2016-10-26 14:53:31', '2016-10-26 14:53:31', 6, '2000-01-01 00:00:00', 0, 1, NULL, 1658, 4, 3, 2, 1, 0);
INSERT INTO `meeting_events` (`id`, `created_at`, `updated_at`, `event_order`, `begin_time`, `is_out_of_race`, `is_autofilled`, `notes`, `meeting_session_id`, `event_type_id`, `heat_type_id`, `user_id`, `has_separate_gender_start_list`, `has_separate_category_start_list`)
  VALUES (8568, '2016-10-26 14:53:31', '2016-10-26 14:53:31', 7, '2000-01-01 00:00:00', 0, 1, NULL, 1658, 17, 3, 2, 1, 0);
INSERT INTO `meeting_sessions` (`id`, `session_order`, `scheduled_date`, `warm_up_time`, `begin_time`, `notes`, `meeting_id`, `swimming_pool_id`, `user_id`, `created_at`, `updated_at`, `description`, `is_autofilled`, `day_part_type_id`)
  VALUES (1659, 2, '1902-01-04', '2000-01-01 00:00:00', '2000-01-01 00:00:00', '', 16220, 39, 2, '2016-10-26 14:53:31', '2016-10-26 14:53:31', 'FINALI', 1, NULL);
INSERT INTO `meeting_events` (`id`, `created_at`, `updated_at`, `event_order`, `begin_time`, `is_out_of_race`, `is_autofilled`, `notes`, `meeting_session_id`, `event_type_id`, `heat_type_id`, `user_id`, `has_separate_gender_start_list`, `has_separate_category_start_list`)
  VALUES (8569, '2016-10-26 14:53:31', '2016-10-26 14:53:31', 8, '2000-01-01 00:00:00', 0, 1, NULL, 1659, 3, 3, 2, 1, 0);
INSERT INTO `meeting_events` (`id`, `created_at`, `updated_at`, `event_order`, `begin_time`, `is_out_of_race`, `is_autofilled`, `notes`, `meeting_session_id`, `event_type_id`, `heat_type_id`, `user_id`, `has_separate_gender_start_list`, `has_separate_category_start_list`)
  VALUES (8570, '2016-10-26 14:53:31', '2016-10-26 14:53:31', 9, '2000-01-01 00:00:00', 0, 1, NULL, 1659, 19, 3, 2, 1, 0);
INSERT INTO `meeting_events` (`id`, `created_at`, `updated_at`, `event_order`, `begin_time`, `is_out_of_race`, `is_autofilled`, `notes`, `meeting_session_id`, `event_type_id`, `heat_type_id`, `user_id`, `has_separate_gender_start_list`, `has_separate_category_start_list`)
  VALUES (8571, '2016-10-26 14:53:31', '2016-10-26 14:53:31', 10, '2000-01-01 00:00:00', 0, 1, NULL, 1659, 5, 3, 2, 1, 0);
INSERT INTO `meeting_events` (`id`, `created_at`, `updated_at`, `event_order`, `begin_time`, `is_out_of_race`, `is_autofilled`, `notes`, `meeting_session_id`, `event_type_id`, `heat_type_id`, `user_id`, `has_separate_gender_start_list`, `has_separate_category_start_list`)
  VALUES (8572, '2016-10-26 14:53:31', '2016-10-26 14:53:31', 11, '2000-01-01 00:00:00', 0, 1, NULL, 1659, 15, 3, 2, 1, 0);
INSERT INTO `meeting_events` (`id`, `created_at`, `updated_at`, `event_order`, `begin_time`, `is_out_of_race`, `is_autofilled`, `notes`, `meeting_session_id`, `event_type_id`, `heat_type_id`, `user_id`, `has_separate_gender_start_list`, `has_separate_category_start_list`)
  VALUES (8573, '2016-10-26 14:53:31', '2016-10-26 14:53:31', 12, '2000-01-01 00:00:00', 0, 1, NULL, 1659, 12, 3, 2, 1, 0);
INSERT INTO `meeting_events` (`id`, `created_at`, `updated_at`, `event_order`, `begin_time`, `is_out_of_race`, `is_autofilled`, `notes`, `meeting_session_id`, `event_type_id`, `heat_type_id`, `user_id`, `has_separate_gender_start_list`, `has_separate_category_start_list`)
  VALUES (8574, '2016-10-26 14:53:31', '2016-10-26 14:53:31', 13, '2000-01-01 00:00:00', 0, 1, NULL, 1659, 21, 3, 2, 1, 0);

-- 15223-bresciaeuropa TROFEO EUROPA SC 2016-05-14
INSERT INTO `meetings` (`id`, `description`, `entry_deadline`, `has_warm_up_pool`, `is_under_25_admitted`, `reference_phone`, `reference_e_mail`, `reference_name`, `notes`, `has_invitation`, `has_start_list`, `are_results_acquired`, `max_individual_events`, `configuration_file`, `edition`, `season_id`, `user_id`, `created_at`, `updated_at`, `is_autofilled`, `header_date`, `code`, `header_year`, `max_individual_events_per_session`, `is_out_of_season`, `edition_type_id`, `timing_type_id`, `individual_score_computation_type_id`, `relay_score_computation_type_id`, `team_score_computation_type_id`, `meeting_score_computation_type_id`, `invitation`, `is_confirmed`)
  VALUES (16223, 'TROFEO EUROPA SC', '2017-05-08', 1, 1, '347 5779700', 'team@europasportingclub.com', 'Diego Marini', 'Europa SC', 0, 0, 0, 2, 'FIN04', 17, 162, 2, '2016-10-26 14:53:31', '2016-10-26 14:53:31', 1, '2017-05-13', 'bresciaeuropa', '2016/2017', 0, 0, 2, 3, 1, 1, 12, 1, NULL, 0);
INSERT INTO `meeting_sessions` (`id`, `session_order`, `scheduled_date`, `warm_up_time`, `begin_time`, `notes`, `meeting_id`, `swimming_pool_id`, `user_id`, `created_at`, `updated_at`, `description`, `is_autofilled`, `day_part_type_id`)
  VALUES (1660, 1, '2017-05-13', '2000-01-01 14:00:00', '2000-01-01 15:00:00', '', 16223, 36, 2, '2016-10-26 14:53:31', '2016-10-26 14:53:31', 'FINALI', 1, 2);
INSERT INTO `meeting_events` (`id`, `created_at`, `updated_at`, `event_order`, `begin_time`, `is_out_of_race`, `is_autofilled`, `notes`, `meeting_session_id`, `event_type_id`, `heat_type_id`, `user_id`, `has_separate_gender_start_list`, `has_separate_category_start_list`)
  VALUES (8575, '2016-10-26 14:53:31', '2016-10-26 14:53:31', 1, '2000-01-01 00:00:00', 0, 1, NULL, 1660, 16, 3, 2, 1, 0);
INSERT INTO `meeting_events` (`id`, `created_at`, `updated_at`, `event_order`, `begin_time`, `is_out_of_race`, `is_autofilled`, `notes`, `meeting_session_id`, `event_type_id`, `heat_type_id`, `user_id`, `has_separate_gender_start_list`, `has_separate_category_start_list`)
  VALUES (8576, '2016-10-26 14:53:31', '2016-10-26 14:53:31', 2, '2000-01-01 00:00:00', 0, 1, NULL, 1660, 5, 3, 2, 1, 0);
INSERT INTO `meeting_events` (`id`, `created_at`, `updated_at`, `event_order`, `begin_time`, `is_out_of_race`, `is_autofilled`, `notes`, `meeting_session_id`, `event_type_id`, `heat_type_id`, `user_id`, `has_separate_gender_start_list`, `has_separate_category_start_list`)
  VALUES (8577, '2016-10-26 14:53:31', '2016-10-26 14:53:31', 3, '2000-01-01 00:00:00', 0, 1, NULL, 1660, 20, 3, 2, 1, 0);
INSERT INTO `meeting_events` (`id`, `created_at`, `updated_at`, `event_order`, `begin_time`, `is_out_of_race`, `is_autofilled`, `notes`, `meeting_session_id`, `event_type_id`, `heat_type_id`, `user_id`, `has_separate_gender_start_list`, `has_separate_category_start_list`)
  VALUES (8578, '2016-10-26 14:53:31', '2016-10-26 14:53:31', 4, '2000-01-01 00:00:00', 0, 1, NULL, 1660, 27, 3, 2, 1, 0);
INSERT INTO `meeting_sessions` (`id`, `session_order`, `scheduled_date`, `warm_up_time`, `begin_time`, `notes`, `meeting_id`, `swimming_pool_id`, `user_id`, `created_at`, `updated_at`, `description`, `is_autofilled`, `day_part_type_id`)
  VALUES (1661, 2, '2017-05-14', '2000-01-01 08:30:00', '2000-01-01 09:30:00', '', 16223, 36, 2, '2016-10-26 14:53:31', '2016-10-26 14:53:31', 'FINALI', 1, 1);
INSERT INTO `meeting_events` (`id`, `created_at`, `updated_at`, `event_order`, `begin_time`, `is_out_of_race`, `is_autofilled`, `notes`, `meeting_session_id`, `event_type_id`, `heat_type_id`, `user_id`, `has_separate_gender_start_list`, `has_separate_category_start_list`)
  VALUES (8579, '2016-10-26 14:53:31', '2016-10-26 14:53:31', 5, '2000-01-01 00:00:00', 0, 1, NULL, 1661, 4, 3, 2, 1, 0);
INSERT INTO `meeting_events` (`id`, `created_at`, `updated_at`, `event_order`, `begin_time`, `is_out_of_race`, `is_autofilled`, `notes`, `meeting_session_id`, `event_type_id`, `heat_type_id`, `user_id`, `has_separate_gender_start_list`, `has_separate_category_start_list`)
  VALUES (8580, '2016-10-26 14:53:31', '2016-10-26 14:53:31', 6, '2000-01-01 00:00:00', 0, 1, NULL, 1661, 23, 3, 2, 1, 0);
INSERT INTO `meeting_events` (`id`, `created_at`, `updated_at`, `event_order`, `begin_time`, `is_out_of_race`, `is_autofilled`, `notes`, `meeting_session_id`, `event_type_id`, `heat_type_id`, `user_id`, `has_separate_gender_start_list`, `has_separate_category_start_list`)
  VALUES (8581, '2016-10-26 14:53:31', '2016-10-26 14:53:31', 7, '2000-01-01 00:00:00', 0, 1, NULL, 1661, 3, 3, 2, 1, 0);
INSERT INTO `meeting_events` (`id`, `created_at`, `updated_at`, `event_order`, `begin_time`, `is_out_of_race`, `is_autofilled`, `notes`, `meeting_session_id`, `event_type_id`, `heat_type_id`, `user_id`, `has_separate_gender_start_list`, `has_separate_category_start_list`)
  VALUES (8582, '2016-10-26 14:53:31', '2016-10-26 14:53:31', 8, '2000-01-01 00:00:00', 0, 1, NULL, 1661, 12, 3, 2, 1, 0);
INSERT INTO `meeting_events` (`id`, `created_at`, `updated_at`, `event_order`, `begin_time`, `is_out_of_race`, `is_autofilled`, `notes`, `meeting_session_id`, `event_type_id`, `heat_type_id`, `user_id`, `has_separate_gender_start_list`, `has_separate_category_start_list`)
  VALUES (8583, '2016-10-26 14:53:31', '2016-10-26 14:53:31', 9, '2000-01-01 00:00:00', 0, 1, NULL, 1661, 17, 3, 2, 1, 0);
INSERT INTO `meeting_sessions` (`id`, `session_order`, `scheduled_date`, `warm_up_time`, `begin_time`, `notes`, `meeting_id`, `swimming_pool_id`, `user_id`, `created_at`, `updated_at`, `description`, `is_autofilled`, `day_part_type_id`)
  VALUES (1662, 3, '2017-05-14', '2000-01-01 14:00:00', '2000-01-01 15:00:00', '', 16223, 36, 2, '2016-10-26 14:53:31', '2016-10-26 14:53:31', 'FINALI', 1, 2);
INSERT INTO `meeting_events` (`id`, `created_at`, `updated_at`, `event_order`, `begin_time`, `is_out_of_race`, `is_autofilled`, `notes`, `meeting_session_id`, `event_type_id`, `heat_type_id`, `user_id`, `has_separate_gender_start_list`, `has_separate_category_start_list`)
  VALUES (8584, '2016-10-26 14:53:31', '2016-10-26 14:53:31', 10, '2000-01-01 00:00:00', 0, 1, NULL, 1662, 15, 3, 2, 1, 0);
INSERT INTO `meeting_events` (`id`, `created_at`, `updated_at`, `event_order`, `begin_time`, `is_out_of_race`, `is_autofilled`, `notes`, `meeting_session_id`, `event_type_id`, `heat_type_id`, `user_id`, `has_separate_gender_start_list`, `has_separate_category_start_list`)
  VALUES (8585, '2016-10-26 14:53:31', '2016-10-26 14:53:31', 11, '2000-01-01 00:00:00', 0, 1, NULL, 1662, 11, 3, 2, 1, 0);
INSERT INTO `meeting_events` (`id`, `created_at`, `updated_at`, `event_order`, `begin_time`, `is_out_of_race`, `is_autofilled`, `notes`, `meeting_session_id`, `event_type_id`, `heat_type_id`, `user_id`, `has_separate_gender_start_list`, `has_separate_category_start_list`)
  VALUES (8586, '2016-10-26 14:53:31', '2016-10-26 14:53:31', 12, '2000-01-01 00:00:00', 0, 1, NULL, 1662, 19, 3, 2, 1, 0);
INSERT INTO `meeting_events` (`id`, `created_at`, `updated_at`, `event_order`, `begin_time`, `is_out_of_race`, `is_autofilled`, `notes`, `meeting_session_id`, `event_type_id`, `heat_type_id`, `user_id`, `has_separate_gender_start_list`, `has_separate_category_start_list`)
  VALUES (8587, '2016-10-26 14:53:31', '2016-10-26 14:53:31', 13, '2000-01-01 00:00:00', 0, 1, NULL, 1662, 2, 3, 2, 1, 0);
INSERT INTO `meeting_events` (`id`, `created_at`, `updated_at`, `event_order`, `begin_time`, `is_out_of_race`, `is_autofilled`, `notes`, `meeting_session_id`, `event_type_id`, `heat_type_id`, `user_id`, `has_separate_gender_start_list`, `has_separate_category_start_list`)
  VALUES (8588, '2016-10-26 14:53:31', '2016-10-26 14:53:31', 14, '2000-01-01 00:00:00', 0, 1, NULL, 1662, 26, 3, 2, 1, 0);

-- 15224-genovamysport TROFEO MY SPORT 2016-04-30
INSERT INTO `meetings` (`id`, `description`, `entry_deadline`, `has_warm_up_pool`, `is_under_25_admitted`, `reference_phone`, `reference_e_mail`, `reference_name`, `notes`, `has_invitation`, `has_start_list`, `are_results_acquired`, `max_individual_events`, `configuration_file`, `edition`, `season_id`, `user_id`, `created_at`, `updated_at`, `is_autofilled`, `header_date`, `code`, `header_year`, `max_individual_events_per_session`, `is_out_of_season`, `edition_type_id`, `timing_type_id`, `individual_score_computation_type_id`, `relay_score_computation_type_id`, `team_score_computation_type_id`, `meeting_score_computation_type_id`, `invitation`, `is_confirmed`)
  VALUES (16224, 'TROFEO MY SPORT', '2017-04-17', 1, 1, '346 0313242', '', 'Luca Carlassare', 'My Sport', 0, 0, 0, 2, 'FIN04', 17, 162, 2, '2016-10-26 14:53:31', '2016-10-26 14:53:31', 1, '2017-04-29', 'genovamysport', '2016/2017', 0, 0, 2, 3, 1, 1, 12, 1, NULL, 0);
INSERT INTO `meeting_sessions` (`id`, `session_order`, `scheduled_date`, `warm_up_time`, `begin_time`, `notes`, `meeting_id`, `swimming_pool_id`, `user_id`, `created_at`, `updated_at`, `description`, `is_autofilled`, `day_part_type_id`)
  VALUES (1663, 1, '2017-04-29', '2000-01-01 14:00:00', '2000-01-01 14:30:00', '', 16224, 54, 2, '2016-10-26 14:53:31', '2016-10-26 14:53:31', 'FINALI', 1, 2);
INSERT INTO `meeting_events` (`id`, `created_at`, `updated_at`, `event_order`, `begin_time`, `is_out_of_race`, `is_autofilled`, `notes`, `meeting_session_id`, `event_type_id`, `heat_type_id`, `user_id`, `has_separate_gender_start_list`, `has_separate_category_start_list`)
  VALUES (8589, '2016-10-26 14:53:31', '2016-10-26 14:53:31', 1, '2000-01-01 00:00:00', 0, 1, NULL, 1663, 7, 3, 2, 1, 0);
INSERT INTO `meeting_sessions` (`id`, `session_order`, `scheduled_date`, `warm_up_time`, `begin_time`, `notes`, `meeting_id`, `swimming_pool_id`, `user_id`, `created_at`, `updated_at`, `description`, `is_autofilled`, `day_part_type_id`)
  VALUES (1664, 2, '2017-04-30', '2000-01-01 08:30:00', '2000-01-01 09:30:00', '', 16224, 54, 2, '2016-10-26 14:53:31', '2016-10-26 14:53:31', 'FINALI', 1, 1);
INSERT INTO `meeting_events` (`id`, `created_at`, `updated_at`, `event_order`, `begin_time`, `is_out_of_race`, `is_autofilled`, `notes`, `meeting_session_id`, `event_type_id`, `heat_type_id`, `user_id`, `has_separate_gender_start_list`, `has_separate_category_start_list`)
  VALUES (8590, '2016-10-26 14:53:31', '2016-10-26 14:53:31', 4, '2000-01-01 00:00:00', 0, 1, NULL, 1664, 13, 3, 2, 1, 0);
INSERT INTO `meeting_events` (`id`, `created_at`, `updated_at`, `event_order`, `begin_time`, `is_out_of_race`, `is_autofilled`, `notes`, `meeting_session_id`, `event_type_id`, `heat_type_id`, `user_id`, `has_separate_gender_start_list`, `has_separate_category_start_list`)
  VALUES (8591, '2016-10-26 14:53:31', '2016-10-26 14:53:31', 6, '2000-01-01 00:00:00', 0, 1, NULL, 1664, 21, 3, 2, 1, 0);
INSERT INTO `meeting_events` (`id`, `created_at`, `updated_at`, `event_order`, `begin_time`, `is_out_of_race`, `is_autofilled`, `notes`, `meeting_session_id`, `event_type_id`, `heat_type_id`, `user_id`, `has_separate_gender_start_list`, `has_separate_category_start_list`)
  VALUES (8592, '2016-10-26 14:53:31', '2016-10-26 14:53:31', 7, '2000-01-01 00:00:00', 0, 1, NULL, 1664, 24, 3, 2, 1, 0);
INSERT INTO `meeting_events` (`id`, `created_at`, `updated_at`, `event_order`, `begin_time`, `is_out_of_race`, `is_autofilled`, `notes`, `meeting_session_id`, `event_type_id`, `heat_type_id`, `user_id`, `has_separate_gender_start_list`, `has_separate_category_start_list`)
  VALUES (8593, '2016-10-26 14:53:31', '2016-10-26 14:53:31', 8, '2000-01-01 00:00:00', 0, 1, NULL, 1664, 4, 3, 2, 1, 0);
INSERT INTO `meeting_sessions` (`id`, `session_order`, `scheduled_date`, `warm_up_time`, `begin_time`, `notes`, `meeting_id`, `swimming_pool_id`, `user_id`, `created_at`, `updated_at`, `description`, `is_autofilled`, `day_part_type_id`)
  VALUES (1665, 3, '2017-04-30', '2000-01-01 08:30:00', '2000-01-01 09:30:00', '', 16224, 54, 2, '2016-10-26 14:53:31', '2016-10-26 14:53:31', 'FINALI', 1, 1);
INSERT INTO `meeting_events` (`id`, `created_at`, `updated_at`, `event_order`, `begin_time`, `is_out_of_race`, `is_autofilled`, `notes`, `meeting_session_id`, `event_type_id`, `heat_type_id`, `user_id`, `has_separate_gender_start_list`, `has_separate_category_start_list`)
  VALUES (8594, '2016-10-26 14:53:31', '2016-10-26 14:53:31', 9, '2000-01-01 00:00:00', 0, 1, NULL, 1665, 20, 3, 2, 1, 0);
INSERT INTO `meeting_events` (`id`, `created_at`, `updated_at`, `event_order`, `begin_time`, `is_out_of_race`, `is_autofilled`, `notes`, `meeting_session_id`, `event_type_id`, `heat_type_id`, `user_id`, `has_separate_gender_start_list`, `has_separate_category_start_list`)
  VALUES (8595, '2016-10-26 14:53:31', '2016-10-26 14:53:31', 11, '2000-01-01 00:00:00', 0, 1, NULL, 1665, 16, 3, 2, 1, 0);
INSERT INTO `meeting_events` (`id`, `created_at`, `updated_at`, `event_order`, `begin_time`, `is_out_of_race`, `is_autofilled`, `notes`, `meeting_session_id`, `event_type_id`, `heat_type_id`, `user_id`, `has_separate_gender_start_list`, `has_separate_category_start_list`)
  VALUES (8596, '2016-10-26 14:53:31', '2016-10-26 14:53:31', 12, '2000-01-01 00:00:00', 0, 1, NULL, 1665, 3, 3, 2, 1, 0);
INSERT INTO `meeting_events` (`id`, `created_at`, `updated_at`, `event_order`, `begin_time`, `is_out_of_race`, `is_autofilled`, `notes`, `meeting_session_id`, `event_type_id`, `heat_type_id`, `user_id`, `has_separate_gender_start_list`, `has_separate_category_start_list`)
  VALUES (8597, '2016-10-26 14:53:31', '2016-10-26 14:53:31', 13, '2000-01-01 00:00:00', 0, 1, NULL, 1665, 11, 3, 2, 1, 0);
INSERT INTO `meeting_events` (`id`, `created_at`, `updated_at`, `event_order`, `begin_time`, `is_out_of_race`, `is_autofilled`, `notes`, `meeting_session_id`, `event_type_id`, `heat_type_id`, `user_id`, `has_separate_gender_start_list`, `has_separate_category_start_list`)
  VALUES (8598, '2016-10-26 14:53:31', '2016-10-26 14:53:31', 14, '2000-01-01 00:00:00', 0, 1, NULL, 1665, 15, 3, 2, 1, 0);
INSERT INTO `meeting_events` (`id`, `created_at`, `updated_at`, `event_order`, `begin_time`, `is_out_of_race`, `is_autofilled`, `notes`, `meeting_session_id`, `event_type_id`, `heat_type_id`, `user_id`, `has_separate_gender_start_list`, `has_separate_category_start_list`)
  VALUES (8599, '2016-10-26 14:53:31', '2016-10-26 14:53:31', 15, '2000-01-01 00:00:00', 0, 1, NULL, 1665, 19, 3, 2, 1, 0);
INSERT INTO `meeting_events` (`id`, `created_at`, `updated_at`, `event_order`, `begin_time`, `is_out_of_race`, `is_autofilled`, `notes`, `meeting_session_id`, `event_type_id`, `heat_type_id`, `user_id`, `has_separate_gender_start_list`, `has_separate_category_start_list`)
  VALUES (8600, '2016-10-26 14:53:31', '2016-10-26 14:53:31', 16, '2000-01-01 00:00:00', 0, 1, NULL, 1665, 2, 3, 2, 1, 0);

-- 15230-firenzeamicidelnuoto TROFEO AMICI DEL NUOTO 2015-11-01
INSERT INTO `meetings` (`id`, `description`, `entry_deadline`, `has_warm_up_pool`, `is_under_25_admitted`, `reference_phone`, `reference_e_mail`, `reference_name`, `notes`, `has_invitation`, `has_start_list`, `are_results_acquired`, `max_individual_events`, `configuration_file`, `edition`, `season_id`, `user_id`, `created_at`, `updated_at`, `is_autofilled`, `header_date`, `code`, `header_year`, `max_individual_events_per_session`, `is_out_of_season`, `edition_type_id`, `timing_type_id`, `individual_score_computation_type_id`, `relay_score_computation_type_id`, `team_score_computation_type_id`, `meeting_score_computation_type_id`, `invitation`, `is_confirmed`)
  VALUES (16230, 'TROFEO AMICI DEL NUOTO', NULL, 0, 1, NULL, NULL, NULL, NULL, 0, 0, 0, 2, '?', 17, 162, 2, '2016-10-26 14:53:31', '2016-10-26 14:53:31', 1, '2016-10-30', 'firenzeamicidelnuoto', '2016', 0, 0, 4, 3, 1, 1, 12, 1, NULL, 0);
INSERT INTO `meeting_sessions` (`id`, `session_order`, `scheduled_date`, `warm_up_time`, `begin_time`, `notes`, `meeting_id`, `swimming_pool_id`, `user_id`, `created_at`, `updated_at`, `description`, `is_autofilled`, `day_part_type_id`)
  VALUES (1666, 1, '2016-10-30', '2000-01-01 00:00:00', '2000-01-01 00:00:00', '', 16230, 144, 2, '2016-10-26 14:53:31', '2016-10-26 14:53:31', 'FINALI', 1, 1);
INSERT INTO `meeting_events` (`id`, `created_at`, `updated_at`, `event_order`, `begin_time`, `is_out_of_race`, `is_autofilled`, `notes`, `meeting_session_id`, `event_type_id`, `heat_type_id`, `user_id`, `has_separate_gender_start_list`, `has_separate_category_start_list`)
  VALUES (8601, '2016-10-26 14:53:32', '2016-10-26 14:53:32', 1, '2000-01-01 00:00:00', 0, 1, NULL, 1666, 6, 3, 2, 1, 0);
INSERT INTO `meeting_events` (`id`, `created_at`, `updated_at`, `event_order`, `begin_time`, `is_out_of_race`, `is_autofilled`, `notes`, `meeting_session_id`, `event_type_id`, `heat_type_id`, `user_id`, `has_separate_gender_start_list`, `has_separate_category_start_list`)
  VALUES (8602, '2016-10-26 14:53:32', '2016-10-26 14:53:32', 2, '2000-01-01 00:00:00', 0, 1, NULL, 1666, 23, 3, 2, 1, 0);
INSERT INTO `meeting_sessions` (`id`, `session_order`, `scheduled_date`, `warm_up_time`, `begin_time`, `notes`, `meeting_id`, `swimming_pool_id`, `user_id`, `created_at`, `updated_at`, `description`, `is_autofilled`, `day_part_type_id`)
  VALUES (1667, 2, '2016-10-30', '2000-01-01 00:00:00', '2000-01-01 00:00:00', '', 16230, 144, 2, '2016-10-26 14:53:32', '2016-10-26 14:53:32', 'FINALI', 1, 2);
INSERT INTO `meeting_events` (`id`, `created_at`, `updated_at`, `event_order`, `begin_time`, `is_out_of_race`, `is_autofilled`, `notes`, `meeting_session_id`, `event_type_id`, `heat_type_id`, `user_id`, `has_separate_gender_start_list`, `has_separate_category_start_list`)
  VALUES (8603, '2016-10-26 14:53:32', '2016-10-26 14:53:32', 3, '2000-01-01 00:00:00', 0, 1, NULL, 1667, 4, 3, 2, 1, 0);
INSERT INTO `meeting_events` (`id`, `created_at`, `updated_at`, `event_order`, `begin_time`, `is_out_of_race`, `is_autofilled`, `notes`, `meeting_session_id`, `event_type_id`, `heat_type_id`, `user_id`, `has_separate_gender_start_list`, `has_separate_category_start_list`)
  VALUES (8604, '2016-10-26 14:53:32', '2016-10-26 14:53:32', 4, '2000-01-01 00:00:00', 0, 1, NULL, 1667, 3, 3, 2, 1, 0);
INSERT INTO `meeting_events` (`id`, `created_at`, `updated_at`, `event_order`, `begin_time`, `is_out_of_race`, `is_autofilled`, `notes`, `meeting_session_id`, `event_type_id`, `heat_type_id`, `user_id`, `has_separate_gender_start_list`, `has_separate_category_start_list`)
  VALUES (8605, '2016-10-26 14:53:32', '2016-10-26 14:53:32', 6, '2000-01-01 00:00:00', 0, 1, NULL, 1667, 11, 3, 2, 1, 0);
INSERT INTO `meeting_events` (`id`, `created_at`, `updated_at`, `event_order`, `begin_time`, `is_out_of_race`, `is_autofilled`, `notes`, `meeting_session_id`, `event_type_id`, `heat_type_id`, `user_id`, `has_separate_gender_start_list`, `has_separate_category_start_list`)
  VALUES (8606, '2016-10-26 14:53:32', '2016-10-26 14:53:32', 7, '2000-01-01 00:00:00', 0, 1, NULL, 1667, 19, 3, 2, 1, 0);
INSERT INTO `meeting_events` (`id`, `created_at`, `updated_at`, `event_order`, `begin_time`, `is_out_of_race`, `is_autofilled`, `notes`, `meeting_session_id`, `event_type_id`, `heat_type_id`, `user_id`, `has_separate_gender_start_list`, `has_separate_category_start_list`)
  VALUES (8607, '2016-10-26 14:53:32', '2016-10-26 14:53:32', 8, '2000-01-01 00:00:00', 0, 1, NULL, 1667, 15, 3, 2, 1, 0);
INSERT INTO `meeting_events` (`id`, `created_at`, `updated_at`, `event_order`, `begin_time`, `is_out_of_race`, `is_autofilled`, `notes`, `meeting_session_id`, `event_type_id`, `heat_type_id`, `user_id`, `has_separate_gender_start_list`, `has_separate_category_start_list`)
  VALUES (8608, '2016-10-26 14:53:32', '2016-10-26 14:53:32', 9, '2000-01-01 00:00:00', 0, 1, NULL, 1667, 2, 3, 2, 1, 0);
INSERT INTO `meeting_events` (`id`, `created_at`, `updated_at`, `event_order`, `begin_time`, `is_out_of_race`, `is_autofilled`, `notes`, `meeting_session_id`, `event_type_id`, `heat_type_id`, `user_id`, `has_separate_gender_start_list`, `has_separate_category_start_list`)
  VALUES (8609, '2016-10-26 14:53:32', '2016-10-26 14:53:32', 10, '2000-01-01 00:00:00', 0, 1, NULL, 1667, 28, 3, 2, 1, 0);

-- 15231-rovigo TROFEO CITT DI ROVIGO 2015-10-25
INSERT INTO `meetings` (`id`, `description`, `entry_deadline`, `has_warm_up_pool`, `is_under_25_admitted`, `reference_phone`, `reference_e_mail`, `reference_name`, `notes`, `has_invitation`, `has_start_list`, `are_results_acquired`, `max_individual_events`, `configuration_file`, `edition`, `season_id`, `user_id`, `created_at`, `updated_at`, `is_autofilled`, `header_date`, `code`, `header_year`, `max_individual_events_per_session`, `is_out_of_season`, `edition_type_id`, `timing_type_id`, `individual_score_computation_type_id`, `relay_score_computation_type_id`, `team_score_computation_type_id`, `meeting_score_computation_type_id`, `invitation`, `is_confirmed`)
  VALUES (16231, 'TROFEO CITT DI ROVIGO', NULL, 0, 1, NULL, NULL, NULL, NULL, 0, 0, 0, 2, '?', 17, 162, 2, '2016-10-26 14:53:32', '2016-10-26 14:53:32', 1, '2016-10-23', 'rovigo', '2016', 0, 0, 2, 3, 1, 1, 12, 1, NULL, 0);
INSERT INTO `meeting_sessions` (`id`, `session_order`, `scheduled_date`, `warm_up_time`, `begin_time`, `notes`, `meeting_id`, `swimming_pool_id`, `user_id`, `created_at`, `updated_at`, `description`, `is_autofilled`, `day_part_type_id`)
  VALUES (1668, 1, '2016-10-23', '2000-01-01 00:00:00', '2000-01-01 00:00:00', '', 16231, 42, 2, '2016-10-26 14:53:32', '2016-10-26 14:53:32', 'FINALI', 1, 1);
INSERT INTO `meeting_sessions` (`id`, `session_order`, `scheduled_date`, `warm_up_time`, `begin_time`, `notes`, `meeting_id`, `swimming_pool_id`, `user_id`, `created_at`, `updated_at`, `description`, `is_autofilled`, `day_part_type_id`)
  VALUES (1669, 2, '2016-10-23', '2000-01-01 00:00:00', '2000-01-01 00:00:00', '', 16231, 42, 2, '2016-10-26 14:53:32', '2016-10-26 14:53:32', 'FINALI', 1, 2);

-- 15232-speclombardia DISTANZE SPECIALI LOMBARDIA 2015-10-25
INSERT INTO `meetings` (`id`, `description`, `entry_deadline`, `has_warm_up_pool`, `is_under_25_admitted`, `reference_phone`, `reference_e_mail`, `reference_name`, `notes`, `has_invitation`, `has_start_list`, `are_results_acquired`, `max_individual_events`, `configuration_file`, `edition`, `season_id`, `user_id`, `created_at`, `updated_at`, `is_autofilled`, `header_date`, `code`, `header_year`, `max_individual_events_per_session`, `is_out_of_season`, `edition_type_id`, `timing_type_id`, `individual_score_computation_type_id`, `relay_score_computation_type_id`, `team_score_computation_type_id`, `meeting_score_computation_type_id`, `invitation`, `is_confirmed`)
  VALUES (16232, 'DISTANZE SPECIALI LOMBARDIA', NULL, 0, 1, NULL, NULL, NULL, 'CR Lombardia', 0, 0, 0, 2, '?', 17, 162, 2, '2016-10-26 14:53:32', '2016-10-26 14:53:32', 1, '2016-10-23', 'speclombardia', '2016', 0, 0, 4, 3, 1, 1, 12, 1, NULL, 0);
INSERT INTO `meeting_sessions` (`id`, `session_order`, `scheduled_date`, `warm_up_time`, `begin_time`, `notes`, `meeting_id`, `swimming_pool_id`, `user_id`, `created_at`, `updated_at`, `description`, `is_autofilled`, `day_part_type_id`)
  VALUES (1670, 1, '2016-10-23', '2000-01-01 00:00:00', '2000-01-01 00:00:00', '', 16232, 64, 2, '2016-10-26 14:53:32', '2016-10-26 14:53:32', 'FINALI', 1, 1);
INSERT INTO `meeting_events` (`id`, `created_at`, `updated_at`, `event_order`, `begin_time`, `is_out_of_race`, `is_autofilled`, `notes`, `meeting_session_id`, `event_type_id`, `heat_type_id`, `user_id`, `has_separate_gender_start_list`, `has_separate_category_start_list`)
  VALUES (8610, '2016-10-26 14:53:32', '2016-10-26 14:53:32', 1, '2000-01-01 08:19:00', 0, 1, NULL, 1670, 7, 3, 1, 1, 0);
INSERT INTO `meeting_events` (`id`, `created_at`, `updated_at`, `event_order`, `begin_time`, `is_out_of_race`, `is_autofilled`, `notes`, `meeting_session_id`, `event_type_id`, `heat_type_id`, `user_id`, `has_separate_gender_start_list`, `has_separate_category_start_list`)
  VALUES (8611, '2016-10-26 14:53:32', '2016-10-26 14:53:32', 2, '2000-01-01 08:57:00', 0, 1, NULL, 1670, 6, 3, 1, 1, 0);

-- 15233-speclazio DISTANZE SPECIALI LAZIO 2015-11-14
INSERT INTO `meetings` (`id`, `description`, `entry_deadline`, `has_warm_up_pool`, `is_under_25_admitted`, `reference_phone`, `reference_e_mail`, `reference_name`, `notes`, `has_invitation`, `has_start_list`, `are_results_acquired`, `max_individual_events`, `configuration_file`, `edition`, `season_id`, `user_id`, `created_at`, `updated_at`, `is_autofilled`, `header_date`, `code`, `header_year`, `max_individual_events_per_session`, `is_out_of_season`, `edition_type_id`, `timing_type_id`, `individual_score_computation_type_id`, `relay_score_computation_type_id`, `team_score_computation_type_id`, `meeting_score_computation_type_id`, `invitation`, `is_confirmed`)
  VALUES (16233, 'DISTANZE SPECIALI LAZIO', NULL, 0, 1, NULL, NULL, NULL, 'FIN CR Lazio', 0, 0, 0, 2, '?', 17, 162, 2, '2016-10-26 14:53:32', '2016-10-26 14:53:32', 1, '2016-11-12', 'speclazio', '2016', 0, 0, 4, 3, 1, 1, 12, 1, NULL, 0);
INSERT INTO `meeting_sessions` (`id`, `session_order`, `scheduled_date`, `warm_up_time`, `begin_time`, `notes`, `meeting_id`, `swimming_pool_id`, `user_id`, `created_at`, `updated_at`, `description`, `is_autofilled`, `day_part_type_id`)
  VALUES (1671, 1, '2016-11-12', '2000-01-01 00:00:00', '2000-01-01 00:00:00', '', 16233, 68, 2, '2016-10-26 14:53:32', '2016-10-26 14:53:32', 'FINALI', 1, 1);
INSERT INTO `meeting_events` (`id`, `created_at`, `updated_at`, `event_order`, `begin_time`, `is_out_of_race`, `is_autofilled`, `notes`, `meeting_session_id`, `event_type_id`, `heat_type_id`, `user_id`, `has_separate_gender_start_list`, `has_separate_category_start_list`)
  VALUES (8612, '2016-10-26 14:53:32', '2016-10-26 14:53:32', 1, '2000-01-01 08:19:00', 0, 1, NULL, 1671, 7, 3, 1, 1, 0);
INSERT INTO `meeting_events` (`id`, `created_at`, `updated_at`, `event_order`, `begin_time`, `is_out_of_race`, `is_autofilled`, `notes`, `meeting_session_id`, `event_type_id`, `heat_type_id`, `user_id`, `has_separate_gender_start_list`, `has_separate_category_start_list`)
  VALUES (8613, '2016-10-26 14:53:32', '2016-10-26 14:53:32', 2, '2000-01-01 08:57:00', 0, 1, NULL, 1671, 6, 3, 1, 1, 0);
INSERT INTO `meeting_sessions` (`id`, `session_order`, `scheduled_date`, `warm_up_time`, `begin_time`, `notes`, `meeting_id`, `swimming_pool_id`, `user_id`, `created_at`, `updated_at`, `description`, `is_autofilled`, `day_part_type_id`)
  VALUES (1672, 2, '2016-11-13', '2000-01-01 00:00:00', '2000-01-01 00:00:00', '', 16233, 68, 2, '2016-10-26 14:53:32', '2016-10-26 14:53:32', 'FINALI', 1, 1);

-- 15236-saronno TROFEO CITT DI SARONNO 2015-11-08
INSERT INTO `meetings` (`id`, `description`, `entry_deadline`, `has_warm_up_pool`, `is_under_25_admitted`, `reference_phone`, `reference_e_mail`, `reference_name`, `notes`, `has_invitation`, `has_start_list`, `are_results_acquired`, `max_individual_events`, `configuration_file`, `edition`, `season_id`, `user_id`, `created_at`, `updated_at`, `is_autofilled`, `header_date`, `code`, `header_year`, `max_individual_events_per_session`, `is_out_of_season`, `edition_type_id`, `timing_type_id`, `individual_score_computation_type_id`, `relay_score_computation_type_id`, `team_score_computation_type_id`, `meeting_score_computation_type_id`, `invitation`, `is_confirmed`)
  VALUES (16236, 'TROFEO CITT DI SARONNO', NULL, 0, 1, NULL, NULL, NULL, 'RN Saronno', 0, 0, 0, 2, '?', 17, 162, 2, '2016-10-26 14:53:32', '2016-10-26 14:53:32', 1, '2016-11-06', 'saronno', '2016', 0, 0, 2, 3, 1, 1, 12, 1, NULL, 0);
INSERT INTO `meeting_sessions` (`id`, `session_order`, `scheduled_date`, `warm_up_time`, `begin_time`, `notes`, `meeting_id`, `swimming_pool_id`, `user_id`, `created_at`, `updated_at`, `description`, `is_autofilled`, `day_part_type_id`)
  VALUES (1673, 1, '2016-11-06', '2000-01-01 00:00:00', '2000-01-01 00:00:00', '', 16236, 69, 2, '2016-10-26 14:53:32', '2016-10-26 14:53:32', 'FINALI', 1, 1);
INSERT INTO `meeting_events` (`id`, `created_at`, `updated_at`, `event_order`, `begin_time`, `is_out_of_race`, `is_autofilled`, `notes`, `meeting_session_id`, `event_type_id`, `heat_type_id`, `user_id`, `has_separate_gender_start_list`, `has_separate_category_start_list`)
  VALUES (8614, '2016-10-26 14:53:32', '2016-10-26 14:53:32', 1, '2000-01-01 08:02:00', 0, 1, NULL, 1673, 16, 3, 1, 1, 0);
INSERT INTO `meeting_events` (`id`, `created_at`, `updated_at`, `event_order`, `begin_time`, `is_out_of_race`, `is_autofilled`, `notes`, `meeting_session_id`, `event_type_id`, `heat_type_id`, `user_id`, `has_separate_gender_start_list`, `has_separate_category_start_list`)
  VALUES (8615, '2016-10-26 14:53:32', '2016-10-26 14:53:32', 2, '2000-01-01 08:46:00', 0, 1, NULL, 1673, 12, 3, 1, 1, 0);
INSERT INTO `meeting_events` (`id`, `created_at`, `updated_at`, `event_order`, `begin_time`, `is_out_of_race`, `is_autofilled`, `notes`, `meeting_session_id`, `event_type_id`, `heat_type_id`, `user_id`, `has_separate_gender_start_list`, `has_separate_category_start_list`)
  VALUES (8616, '2016-10-26 14:53:32', '2016-10-26 14:53:32', 3, '2000-01-01 09:14:00', 0, 1, NULL, 1673, 22, 3, 1, 1, 0);
INSERT INTO `meeting_events` (`id`, `created_at`, `updated_at`, `event_order`, `begin_time`, `is_out_of_race`, `is_autofilled`, `notes`, `meeting_session_id`, `event_type_id`, `heat_type_id`, `user_id`, `has_separate_gender_start_list`, `has_separate_category_start_list`)
  VALUES (8617, '2016-10-26 14:53:32', '2016-10-26 14:53:32', 4, '2000-01-01 10:00:00', 0, 1, NULL, 1673, 3, 3, 1, 1, 0);
INSERT INTO `meeting_events` (`id`, `created_at`, `updated_at`, `event_order`, `begin_time`, `is_out_of_race`, `is_autofilled`, `notes`, `meeting_session_id`, `event_type_id`, `heat_type_id`, `user_id`, `has_separate_gender_start_list`, `has_separate_category_start_list`)
  VALUES (8618, '2016-10-26 14:53:32', '2016-10-26 14:53:32', 5, '2000-01-01 10:42:00', 0, 1, NULL, 1673, 21, 3, 1, 1, 0);
INSERT INTO `meeting_events` (`id`, `created_at`, `updated_at`, `event_order`, `begin_time`, `is_out_of_race`, `is_autofilled`, `notes`, `meeting_session_id`, `event_type_id`, `heat_type_id`, `user_id`, `has_separate_gender_start_list`, `has_separate_category_start_list`)
  VALUES (8619, '2016-10-26 14:53:32', '2016-10-26 14:53:32', 6, '2000-01-01 11:20:00', 0, 1, NULL, 1673, 5, 3, 1, 1, 0);
INSERT INTO `meeting_events` (`id`, `created_at`, `updated_at`, `event_order`, `begin_time`, `is_out_of_race`, `is_autofilled`, `notes`, `meeting_session_id`, `event_type_id`, `heat_type_id`, `user_id`, `has_separate_gender_start_list`, `has_separate_category_start_list`)
  VALUES (8620, '2016-10-26 14:53:32', '2016-10-26 14:53:32', 7, '2000-01-01 12:02:00', 0, 1, NULL, 1673, 11, 3, 1, 1, 0);
INSERT INTO `meeting_events` (`id`, `created_at`, `updated_at`, `event_order`, `begin_time`, `is_out_of_race`, `is_autofilled`, `notes`, `meeting_session_id`, `event_type_id`, `heat_type_id`, `user_id`, `has_separate_gender_start_list`, `has_separate_category_start_list`)
  VALUES (8621, '2016-10-26 14:53:32', '2016-10-26 14:53:32', 8, '2000-01-01 12:42:00', 0, 1, NULL, 1673, 19, 3, 1, 1, 0);
INSERT INTO `meeting_events` (`id`, `created_at`, `updated_at`, `event_order`, `begin_time`, `is_out_of_race`, `is_autofilled`, `notes`, `meeting_session_id`, `event_type_id`, `heat_type_id`, `user_id`, `has_separate_gender_start_list`, `has_separate_category_start_list`)
  VALUES (8622, '2016-10-26 14:53:32', '2016-10-26 14:53:32', 9, '2000-01-01 13:24:00', 0, 1, NULL, 1673, 2, 3, 1, 1, 0);
INSERT INTO `meeting_events` (`id`, `created_at`, `updated_at`, `event_order`, `begin_time`, `is_out_of_race`, `is_autofilled`, `notes`, `meeting_session_id`, `event_type_id`, `heat_type_id`, `user_id`, `has_separate_gender_start_list`, `has_separate_category_start_list`)
  VALUES (8623, '2016-10-26 14:53:32', '2016-10-26 14:53:32', 10, '2000-01-01 14:08:30', 0, 1, NULL, 1673, 33, 3, 1, 1, 0);
INSERT INTO `meeting_events` (`id`, `created_at`, `updated_at`, `event_order`, `begin_time`, `is_out_of_race`, `is_autofilled`, `notes`, `meeting_session_id`, `event_type_id`, `heat_type_id`, `user_id`, `has_separate_gender_start_list`, `has_separate_category_start_list`)
  VALUES (8624, '2016-10-26 14:53:32', '2016-10-26 14:53:32', 11, '2000-01-01 14:06:00', 0, 1, NULL, 1673, 25, 3, 1, 1, 0);
INSERT INTO `meeting_sessions` (`id`, `session_order`, `scheduled_date`, `warm_up_time`, `begin_time`, `notes`, `meeting_id`, `swimming_pool_id`, `user_id`, `created_at`, `updated_at`, `description`, `is_autofilled`, `day_part_type_id`)
  VALUES (1674, 2, '2016-11-06', '2000-01-01 00:00:00', '2000-01-01 00:00:00', '', 16236, 69, 2, '2016-10-26 14:53:32', '2016-10-26 14:53:32', 'FINALI', 1, 2);

-- 15237-laquiladellasolidarieta MEETING DI SOLIDARIETA' 2015-11-08
INSERT INTO `meetings` (`id`, `description`, `entry_deadline`, `has_warm_up_pool`, `is_under_25_admitted`, `reference_phone`, `reference_e_mail`, `reference_name`, `notes`, `has_invitation`, `has_start_list`, `are_results_acquired`, `max_individual_events`, `configuration_file`, `edition`, `season_id`, `user_id`, `created_at`, `updated_at`, `is_autofilled`, `header_date`, `code`, `header_year`, `max_individual_events_per_session`, `is_out_of_season`, `edition_type_id`, `timing_type_id`, `individual_score_computation_type_id`, `relay_score_computation_type_id`, `team_score_computation_type_id`, `meeting_score_computation_type_id`, `invitation`, `is_confirmed`)
  VALUES (16237, 'MEETING DI SOLIDARIETA''', NULL, 0, 1, NULL, NULL, NULL, 'SDS-Specialisti dello Sport', 0, 0, 0, 2, '?', 17, 162, 2, '2016-10-26 14:53:32', '2016-10-26 14:53:32', 1, '2016-11-06', 'laquiladellasolidarieta', '2016', 0, 0, 2, 3, 1, 1, 12, 1, NULL, 0);
INSERT INTO `meeting_sessions` (`id`, `session_order`, `scheduled_date`, `warm_up_time`, `begin_time`, `notes`, `meeting_id`, `swimming_pool_id`, `user_id`, `created_at`, `updated_at`, `description`, `is_autofilled`, `day_part_type_id`)
  VALUES (1675, 1, '2016-11-06', '2000-01-01 00:00:00', '2000-01-01 00:00:00', '', 16237, 66, 2, '2016-10-26 14:53:32', '2016-10-26 14:53:32', 'FINALI', 1, 1);
INSERT INTO `meeting_events` (`id`, `created_at`, `updated_at`, `event_order`, `begin_time`, `is_out_of_race`, `is_autofilled`, `notes`, `meeting_session_id`, `event_type_id`, `heat_type_id`, `user_id`, `has_separate_gender_start_list`, `has_separate_category_start_list`)
  VALUES (8625, '2016-10-26 14:53:32', '2016-10-26 14:53:32', 1, '2000-01-01 08:02:00', 0, 1, NULL, 1675, 16, 3, 1, 1, 0);
INSERT INTO `meeting_events` (`id`, `created_at`, `updated_at`, `event_order`, `begin_time`, `is_out_of_race`, `is_autofilled`, `notes`, `meeting_session_id`, `event_type_id`, `heat_type_id`, `user_id`, `has_separate_gender_start_list`, `has_separate_category_start_list`)
  VALUES (8626, '2016-10-26 14:53:32', '2016-10-26 14:53:32', 2, '2000-01-01 08:42:00', 0, 1, NULL, 1675, 12, 3, 1, 1, 0);
INSERT INTO `meeting_events` (`id`, `created_at`, `updated_at`, `event_order`, `begin_time`, `is_out_of_race`, `is_autofilled`, `notes`, `meeting_session_id`, `event_type_id`, `heat_type_id`, `user_id`, `has_separate_gender_start_list`, `has_separate_category_start_list`)
  VALUES (8627, '2016-10-26 14:53:32', '2016-10-26 14:53:32', 3, '2000-01-01 08:52:00', 0, 1, NULL, 1675, 22, 3, 1, 1, 0);
INSERT INTO `meeting_events` (`id`, `created_at`, `updated_at`, `event_order`, `begin_time`, `is_out_of_race`, `is_autofilled`, `notes`, `meeting_session_id`, `event_type_id`, `heat_type_id`, `user_id`, `has_separate_gender_start_list`, `has_separate_category_start_list`)
  VALUES (8628, '2016-10-26 14:53:32', '2016-10-26 14:53:32', 4, '2000-01-01 09:34:00', 0, 1, NULL, 1675, 20, 3, 1, 1, 0);
INSERT INTO `meeting_events` (`id`, `created_at`, `updated_at`, `event_order`, `begin_time`, `is_out_of_race`, `is_autofilled`, `notes`, `meeting_session_id`, `event_type_id`, `heat_type_id`, `user_id`, `has_separate_gender_start_list`, `has_separate_category_start_list`)
  VALUES (8629, '2016-10-26 14:53:32', '2016-10-26 14:53:32', 5, '2000-01-01 10:00:00', 0, 1, NULL, 1675, 3, 3, 1, 1, 0);
INSERT INTO `meeting_events` (`id`, `created_at`, `updated_at`, `event_order`, `begin_time`, `is_out_of_race`, `is_autofilled`, `notes`, `meeting_session_id`, `event_type_id`, `heat_type_id`, `user_id`, `has_separate_gender_start_list`, `has_separate_category_start_list`)
  VALUES (8630, '2016-10-26 14:53:32', '2016-10-26 14:53:32', 6, '2000-01-01 10:40:00', 0, 1, NULL, 1675, 13, 3, 1, 1, 0);
INSERT INTO `meeting_events` (`id`, `created_at`, `updated_at`, `event_order`, `begin_time`, `is_out_of_race`, `is_autofilled`, `notes`, `meeting_session_id`, `event_type_id`, `heat_type_id`, `user_id`, `has_separate_gender_start_list`, `has_separate_category_start_list`)
  VALUES (8631, '2016-10-26 14:53:32', '2016-10-26 14:53:32', 7, '2000-01-01 11:04:00', 0, 1, NULL, 1675, 15, 3, 1, 1, 0);
INSERT INTO `meeting_events` (`id`, `created_at`, `updated_at`, `event_order`, `begin_time`, `is_out_of_race`, `is_autofilled`, `notes`, `meeting_session_id`, `event_type_id`, `heat_type_id`, `user_id`, `has_separate_gender_start_list`, `has_separate_category_start_list`)
  VALUES (8632, '2016-10-26 14:53:32', '2016-10-26 14:53:32', 8, '2000-01-01 11:42:00', 0, 1, NULL, 1675, 11, 3, 1, 1, 0);
INSERT INTO `meeting_events` (`id`, `created_at`, `updated_at`, `event_order`, `begin_time`, `is_out_of_race`, `is_autofilled`, `notes`, `meeting_session_id`, `event_type_id`, `heat_type_id`, `user_id`, `has_separate_gender_start_list`, `has_separate_category_start_list`)
  VALUES (8633, '2016-10-26 14:53:32', '2016-10-26 14:53:32', 9, '2000-01-01 12:22:00', 0, 1, NULL, 1675, 19, 3, 1, 1, 0);
INSERT INTO `meeting_events` (`id`, `created_at`, `updated_at`, `event_order`, `begin_time`, `is_out_of_race`, `is_autofilled`, `notes`, `meeting_session_id`, `event_type_id`, `heat_type_id`, `user_id`, `has_separate_gender_start_list`, `has_separate_category_start_list`)
  VALUES (8634, '2016-10-26 14:53:32', '2016-10-26 14:53:32', 10, '2000-01-01 13:02:00', 0, 1, NULL, 1675, 2, 3, 1, 1, 0);
INSERT INTO `meeting_events` (`id`, `created_at`, `updated_at`, `event_order`, `begin_time`, `is_out_of_race`, `is_autofilled`, `notes`, `meeting_session_id`, `event_type_id`, `heat_type_id`, `user_id`, `has_separate_gender_start_list`, `has_separate_category_start_list`)
  VALUES (8635, '2016-10-26 14:53:32', '2016-10-26 14:53:32', 11, '2000-01-01 13:36:30', 0, 1, NULL, 1675, 33, 3, 1, 1, 0);
INSERT INTO `meeting_sessions` (`id`, `session_order`, `scheduled_date`, `warm_up_time`, `begin_time`, `notes`, `meeting_id`, `swimming_pool_id`, `user_id`, `created_at`, `updated_at`, `description`, `is_autofilled`, `day_part_type_id`)
  VALUES (1676, 2, '2016-11-06', '2000-01-01 00:00:00', '2000-01-01 00:00:00', '', 16237, 66, 2, '2016-10-26 14:53:32', '2016-10-26 14:53:32', 'FINALI', 1, 2);

-- 15239-vicenzamastervicenza TROFEO MASTER VICENZA 2015-11-21
INSERT INTO `meetings` (`id`, `description`, `entry_deadline`, `has_warm_up_pool`, `is_under_25_admitted`, `reference_phone`, `reference_e_mail`, `reference_name`, `notes`, `has_invitation`, `has_start_list`, `are_results_acquired`, `max_individual_events`, `configuration_file`, `edition`, `season_id`, `user_id`, `created_at`, `updated_at`, `is_autofilled`, `header_date`, `code`, `header_year`, `max_individual_events_per_session`, `is_out_of_season`, `edition_type_id`, `timing_type_id`, `individual_score_computation_type_id`, `relay_score_computation_type_id`, `team_score_computation_type_id`, `meeting_score_computation_type_id`, `invitation`, `is_confirmed`)
  VALUES (16239, 'TROFEO MASTER VICENZA', NULL, 0, 1, NULL, NULL, NULL, NULL, 0, 0, 0, 2, '?', 17, 162, 2, '2016-10-26 14:53:32', '2016-10-26 14:53:32', 1, '2016-11-19', 'vicenzamastervicenza', '2016', 0, 0, 2, 3, 1, 1, 12, 1, NULL, 0);
INSERT INTO `meeting_sessions` (`id`, `session_order`, `scheduled_date`, `warm_up_time`, `begin_time`, `notes`, `meeting_id`, `swimming_pool_id`, `user_id`, `created_at`, `updated_at`, `description`, `is_autofilled`, `day_part_type_id`)
  VALUES (1677, 1, '2016-11-19', '2000-01-01 00:00:00', '2000-01-01 00:00:00', '', 16239, 71, 2, '2016-10-26 14:53:32', '2016-10-26 14:53:32', 'FINALI', 1, 1);
INSERT INTO `meeting_sessions` (`id`, `session_order`, `scheduled_date`, `warm_up_time`, `begin_time`, `notes`, `meeting_id`, `swimming_pool_id`, `user_id`, `created_at`, `updated_at`, `description`, `is_autofilled`, `day_part_type_id`)
  VALUES (1678, 2, '2016-11-19', '2000-01-01 00:00:00', '2000-01-01 00:00:00', '', 16239, 71, 2, '2016-10-26 14:53:32', '2016-10-26 14:53:32', 'FINALI', 1, 2);
INSERT INTO `meeting_sessions` (`id`, `session_order`, `scheduled_date`, `warm_up_time`, `begin_time`, `notes`, `meeting_id`, `swimming_pool_id`, `user_id`, `created_at`, `updated_at`, `description`, `is_autofilled`, `day_part_type_id`)
  VALUES (1679, 3, '2016-11-20', '2000-01-01 00:00:00', '2000-01-01 00:00:00', '', 16239, 71, 2, '2016-10-26 14:53:32', '2016-10-26 14:53:32', 'FINALI', 1, 1);
INSERT INTO `meeting_sessions` (`id`, `session_order`, `scheduled_date`, `warm_up_time`, `begin_time`, `notes`, `meeting_id`, `swimming_pool_id`, `user_id`, `created_at`, `updated_at`, `description`, `is_autofilled`, `day_part_type_id`)
  VALUES (1680, 4, '2016-11-20', '2000-01-01 00:00:00', '2000-01-01 00:00:00', '', 16239, 71, 2, '2016-10-26 14:53:32', '2016-10-26 14:53:32', 'FINALI', 1, 2);

-- 15240-novara TROFEO CITT DI NOVARA 2015-11-15
INSERT INTO `meetings` (`id`, `description`, `entry_deadline`, `has_warm_up_pool`, `is_under_25_admitted`, `reference_phone`, `reference_e_mail`, `reference_name`, `notes`, `has_invitation`, `has_start_list`, `are_results_acquired`, `max_individual_events`, `configuration_file`, `edition`, `season_id`, `user_id`, `created_at`, `updated_at`, `is_autofilled`, `header_date`, `code`, `header_year`, `max_individual_events_per_session`, `is_out_of_season`, `edition_type_id`, `timing_type_id`, `individual_score_computation_type_id`, `relay_score_computation_type_id`, `team_score_computation_type_id`, `meeting_score_computation_type_id`, `invitation`, `is_confirmed`)
  VALUES (16240, 'TROFEO CITT DI NOVARA', NULL, 0, 1, NULL, NULL, NULL, 'Natatio Master Team', 0, 0, 0, 2, '?', 17, 162, 2, '2016-10-26 14:53:32', '2016-10-26 14:53:32', 1, '2016-11-13', 'novara', '2016', 0, 0, 2, 3, 1, 1, 12, 1, NULL, 0);
INSERT INTO `meeting_sessions` (`id`, `session_order`, `scheduled_date`, `warm_up_time`, `begin_time`, `notes`, `meeting_id`, `swimming_pool_id`, `user_id`, `created_at`, `updated_at`, `description`, `is_autofilled`, `day_part_type_id`)
  VALUES (1681, 1, '2016-11-13', '2000-01-01 00:00:00', '2000-01-01 00:00:00', '', 16240, 154, 2, '2016-10-26 14:53:32', '2016-10-26 14:53:32', 'FINALI', 1, 1);
INSERT INTO `meeting_events` (`id`, `created_at`, `updated_at`, `event_order`, `begin_time`, `is_out_of_race`, `is_autofilled`, `notes`, `meeting_session_id`, `event_type_id`, `heat_type_id`, `user_id`, `has_separate_gender_start_list`, `has_separate_category_start_list`)
  VALUES (8636, '2016-10-26 14:53:32', '2016-10-26 14:53:32', 1, '2000-01-01 08:02:00', 0, 1, NULL, 1681, 16, 3, 1, 1, 0);
INSERT INTO `meeting_events` (`id`, `created_at`, `updated_at`, `event_order`, `begin_time`, `is_out_of_race`, `is_autofilled`, `notes`, `meeting_session_id`, `event_type_id`, `heat_type_id`, `user_id`, `has_separate_gender_start_list`, `has_separate_category_start_list`)
  VALUES (8637, '2016-10-26 14:53:32', '2016-10-26 14:53:32', 2, '2000-01-01 08:40:00', 0, 1, NULL, 1681, 12, 3, 1, 1, 0);
INSERT INTO `meeting_events` (`id`, `created_at`, `updated_at`, `event_order`, `begin_time`, `is_out_of_race`, `is_autofilled`, `notes`, `meeting_session_id`, `event_type_id`, `heat_type_id`, `user_id`, `has_separate_gender_start_list`, `has_separate_category_start_list`)
  VALUES (8638, '2016-10-26 14:53:32', '2016-10-26 14:53:32', 3, '2000-01-01 09:06:00', 0, 1, NULL, 1681, 22, 3, 1, 1, 0);
INSERT INTO `meeting_events` (`id`, `created_at`, `updated_at`, `event_order`, `begin_time`, `is_out_of_race`, `is_autofilled`, `notes`, `meeting_session_id`, `event_type_id`, `heat_type_id`, `user_id`, `has_separate_gender_start_list`, `has_separate_category_start_list`)
  VALUES (8639, '2016-10-26 14:53:32', '2016-10-26 14:53:32', 4, '2000-01-01 09:44:00', 0, 1, NULL, 1681, 20, 3, 1, 1, 0);
INSERT INTO `meeting_events` (`id`, `created_at`, `updated_at`, `event_order`, `begin_time`, `is_out_of_race`, `is_autofilled`, `notes`, `meeting_session_id`, `event_type_id`, `heat_type_id`, `user_id`, `has_separate_gender_start_list`, `has_separate_category_start_list`)
  VALUES (8640, '2016-10-26 14:53:32', '2016-10-26 14:53:32', 5, '2000-01-01 10:24:00', 0, 1, NULL, 1681, 3, 3, 1, 1, 0);
INSERT INTO `meeting_events` (`id`, `created_at`, `updated_at`, `event_order`, `begin_time`, `is_out_of_race`, `is_autofilled`, `notes`, `meeting_session_id`, `event_type_id`, `heat_type_id`, `user_id`, `has_separate_gender_start_list`, `has_separate_category_start_list`)
  VALUES (8641, '2016-10-26 14:53:32', '2016-10-26 14:53:32', 6, '2000-01-01 11:02:00', 0, 1, NULL, 1681, 23, 3, 1, 1, 0);
INSERT INTO `meeting_events` (`id`, `created_at`, `updated_at`, `event_order`, `begin_time`, `is_out_of_race`, `is_autofilled`, `notes`, `meeting_session_id`, `event_type_id`, `heat_type_id`, `user_id`, `has_separate_gender_start_list`, `has_separate_category_start_list`)
  VALUES (8642, '2016-10-26 14:53:32', '2016-10-26 14:53:32', 7, '2000-01-01 11:38:00', 0, 1, NULL, 1681, 21, 3, 1, 1, 0);
INSERT INTO `meeting_events` (`id`, `created_at`, `updated_at`, `event_order`, `begin_time`, `is_out_of_race`, `is_autofilled`, `notes`, `meeting_session_id`, `event_type_id`, `heat_type_id`, `user_id`, `has_separate_gender_start_list`, `has_separate_category_start_list`)
  VALUES (8643, '2016-10-26 14:53:32', '2016-10-26 14:53:32', 8, '2000-01-01 12:10:00', 0, 1, NULL, 1681, 4, 3, 1, 1, 0);
INSERT INTO `meeting_events` (`id`, `created_at`, `updated_at`, `event_order`, `begin_time`, `is_out_of_race`, `is_autofilled`, `notes`, `meeting_session_id`, `event_type_id`, `heat_type_id`, `user_id`, `has_separate_gender_start_list`, `has_separate_category_start_list`)
  VALUES (8644, '2016-10-26 14:53:32', '2016-10-26 14:53:32', 9, '2000-01-01 12:48:00', 0, 1, NULL, 1681, 15, 3, 1, 1, 0);
INSERT INTO `meeting_events` (`id`, `created_at`, `updated_at`, `event_order`, `begin_time`, `is_out_of_race`, `is_autofilled`, `notes`, `meeting_session_id`, `event_type_id`, `heat_type_id`, `user_id`, `has_separate_gender_start_list`, `has_separate_category_start_list`)
  VALUES (8645, '2016-10-26 14:53:32', '2016-10-26 14:53:32', 10, '2000-01-01 13:30:00', 0, 1, NULL, 1681, 11, 3, 1, 1, 0);
INSERT INTO `meeting_events` (`id`, `created_at`, `updated_at`, `event_order`, `begin_time`, `is_out_of_race`, `is_autofilled`, `notes`, `meeting_session_id`, `event_type_id`, `heat_type_id`, `user_id`, `has_separate_gender_start_list`, `has_separate_category_start_list`)
  VALUES (8646, '2016-10-26 14:53:32', '2016-10-26 14:53:32', 11, '2000-01-01 14:04:00', 0, 1, NULL, 1681, 19, 3, 1, 1, 0);
INSERT INTO `meeting_events` (`id`, `created_at`, `updated_at`, `event_order`, `begin_time`, `is_out_of_race`, `is_autofilled`, `notes`, `meeting_session_id`, `event_type_id`, `heat_type_id`, `user_id`, `has_separate_gender_start_list`, `has_separate_category_start_list`)
  VALUES (8647, '2016-10-26 14:53:32', '2016-10-26 14:53:32', 12, '2000-01-01 14:52:00', 0, 1, NULL, 1681, 2, 3, 1, 1, 0);
INSERT INTO `meeting_events` (`id`, `created_at`, `updated_at`, `event_order`, `begin_time`, `is_out_of_race`, `is_autofilled`, `notes`, `meeting_session_id`, `event_type_id`, `heat_type_id`, `user_id`, `has_separate_gender_start_list`, `has_separate_category_start_list`)
  VALUES (8648, '2016-10-26 14:53:32', '2016-10-26 14:53:32', 13, '2000-01-01 15:38:00', 0, 1, NULL, 1681, 6, 3, 1, 1, 0);
INSERT INTO `meeting_sessions` (`id`, `session_order`, `scheduled_date`, `warm_up_time`, `begin_time`, `notes`, `meeting_id`, `swimming_pool_id`, `user_id`, `created_at`, `updated_at`, `description`, `is_autofilled`, `day_part_type_id`)
  VALUES (1682, 2, '2016-11-13', '2000-01-01 00:00:00', '2000-01-01 00:00:00', '', 16240, 154, 2, '2016-10-26 14:53:32', '2016-10-26 14:53:32', 'FINALI', 1, 2);

-- 15242-osimosenzatesta MEETING SENZA TESTA 2015-11-15
INSERT INTO `meetings` (`id`, `description`, `entry_deadline`, `has_warm_up_pool`, `is_under_25_admitted`, `reference_phone`, `reference_e_mail`, `reference_name`, `notes`, `has_invitation`, `has_start_list`, `are_results_acquired`, `max_individual_events`, `configuration_file`, `edition`, `season_id`, `user_id`, `created_at`, `updated_at`, `is_autofilled`, `header_date`, `code`, `header_year`, `max_individual_events_per_session`, `is_out_of_season`, `edition_type_id`, `timing_type_id`, `individual_score_computation_type_id`, `relay_score_computation_type_id`, `team_score_computation_type_id`, `meeting_score_computation_type_id`, `invitation`, `is_confirmed`)
  VALUES (16242, 'MEETING SENZA TESTA', NULL, 0, 1, NULL, NULL, NULL, 'Team Osimo Nuoto', 0, 0, 0, 2, '?', 17, 162, 2, '2016-10-26 14:53:32', '2016-10-26 14:53:32', 1, '2016-11-13', 'osimosenzatesta', '2016', 0, 0, 2, 3, 1, 1, 12, 1, NULL, 0);
INSERT INTO `meeting_sessions` (`id`, `session_order`, `scheduled_date`, `warm_up_time`, `begin_time`, `notes`, `meeting_id`, `swimming_pool_id`, `user_id`, `created_at`, `updated_at`, `description`, `is_autofilled`, `day_part_type_id`)
  VALUES (1683, 1, '2016-11-13', '2000-01-01 00:00:00', '2000-01-01 00:00:00', '', 16242, 63, 2, '2016-10-26 14:53:32', '2016-10-26 14:53:32', 'FINALI', 1, 1);
INSERT INTO `meeting_events` (`id`, `created_at`, `updated_at`, `event_order`, `begin_time`, `is_out_of_race`, `is_autofilled`, `notes`, `meeting_session_id`, `event_type_id`, `heat_type_id`, `user_id`, `has_separate_gender_start_list`, `has_separate_category_start_list`)
  VALUES (8649, '2016-10-26 14:53:32', '2016-10-26 14:53:32', 1, '2000-01-01 08:02:00', 0, 1, NULL, 1683, 16, 3, 1, 1, 0);
INSERT INTO `meeting_events` (`id`, `created_at`, `updated_at`, `event_order`, `begin_time`, `is_out_of_race`, `is_autofilled`, `notes`, `meeting_session_id`, `event_type_id`, `heat_type_id`, `user_id`, `has_separate_gender_start_list`, `has_separate_category_start_list`)
  VALUES (8650, '2016-10-26 14:53:32', '2016-10-26 14:53:32', 2, '2000-01-01 08:24:00', 0, 1, NULL, 1683, 12, 3, 1, 1, 0);
INSERT INTO `meeting_events` (`id`, `created_at`, `updated_at`, `event_order`, `begin_time`, `is_out_of_race`, `is_autofilled`, `notes`, `meeting_session_id`, `event_type_id`, `heat_type_id`, `user_id`, `has_separate_gender_start_list`, `has_separate_category_start_list`)
  VALUES (8651, '2016-10-26 14:53:33', '2016-10-26 14:53:33', 3, '2000-01-01 08:40:00', 0, 1, NULL, 1683, 22, 3, 1, 1, 0);
INSERT INTO `meeting_events` (`id`, `created_at`, `updated_at`, `event_order`, `begin_time`, `is_out_of_race`, `is_autofilled`, `notes`, `meeting_session_id`, `event_type_id`, `heat_type_id`, `user_id`, `has_separate_gender_start_list`, `has_separate_category_start_list`)
  VALUES (8652, '2016-10-26 14:53:33', '2016-10-26 14:53:33', 4, '2000-01-01 09:12:00', 0, 1, NULL, 1683, 20, 3, 1, 1, 0);
INSERT INTO `meeting_events` (`id`, `created_at`, `updated_at`, `event_order`, `begin_time`, `is_out_of_race`, `is_autofilled`, `notes`, `meeting_session_id`, `event_type_id`, `heat_type_id`, `user_id`, `has_separate_gender_start_list`, `has_separate_category_start_list`)
  VALUES (8653, '2016-10-26 14:53:33', '2016-10-26 14:53:33', 5, '2000-01-01 09:40:00', 0, 1, NULL, 1683, 3, 3, 1, 1, 0);
INSERT INTO `meeting_events` (`id`, `created_at`, `updated_at`, `event_order`, `begin_time`, `is_out_of_race`, `is_autofilled`, `notes`, `meeting_session_id`, `event_type_id`, `heat_type_id`, `user_id`, `has_separate_gender_start_list`, `has_separate_category_start_list`)
  VALUES (8654, '2016-10-26 14:53:33', '2016-10-26 14:53:33', 6, '2000-01-01 10:12:00', 0, 1, NULL, 1683, 4, 3, 1, 1, 0);
INSERT INTO `meeting_events` (`id`, `created_at`, `updated_at`, `event_order`, `begin_time`, `is_out_of_race`, `is_autofilled`, `notes`, `meeting_session_id`, `event_type_id`, `heat_type_id`, `user_id`, `has_separate_gender_start_list`, `has_separate_category_start_list`)
  VALUES (8655, '2016-10-26 14:53:33', '2016-10-26 14:53:33', 7, '2000-01-01 10:44:00', 0, 1, NULL, 1683, 5, 3, 1, 1, 0);
INSERT INTO `meeting_events` (`id`, `created_at`, `updated_at`, `event_order`, `begin_time`, `is_out_of_race`, `is_autofilled`, `notes`, `meeting_session_id`, `event_type_id`, `heat_type_id`, `user_id`, `has_separate_gender_start_list`, `has_separate_category_start_list`)
  VALUES (8656, '2016-10-26 14:53:33', '2016-10-26 14:53:33', 8, '2000-01-01 11:10:00', 0, 1, NULL, 1683, 15, 3, 1, 1, 0);
INSERT INTO `meeting_events` (`id`, `created_at`, `updated_at`, `event_order`, `begin_time`, `is_out_of_race`, `is_autofilled`, `notes`, `meeting_session_id`, `event_type_id`, `heat_type_id`, `user_id`, `has_separate_gender_start_list`, `has_separate_category_start_list`)
  VALUES (8657, '2016-10-26 14:53:33', '2016-10-26 14:53:33', 9, '2000-01-01 11:32:00', 0, 1, NULL, 1683, 11, 3, 1, 1, 0);
INSERT INTO `meeting_events` (`id`, `created_at`, `updated_at`, `event_order`, `begin_time`, `is_out_of_race`, `is_autofilled`, `notes`, `meeting_session_id`, `event_type_id`, `heat_type_id`, `user_id`, `has_separate_gender_start_list`, `has_separate_category_start_list`)
  VALUES (8658, '2016-10-26 14:53:33', '2016-10-26 14:53:33', 10, '2000-01-01 11:58:00', 0, 1, NULL, 1683, 19, 3, 1, 1, 0);
INSERT INTO `meeting_events` (`id`, `created_at`, `updated_at`, `event_order`, `begin_time`, `is_out_of_race`, `is_autofilled`, `notes`, `meeting_session_id`, `event_type_id`, `heat_type_id`, `user_id`, `has_separate_gender_start_list`, `has_separate_category_start_list`)
  VALUES (8659, '2016-10-26 14:53:33', '2016-10-26 14:53:33', 11, '2000-01-01 12:30:00', 0, 1, NULL, 1683, 2, 3, 1, 1, 0);
INSERT INTO `meeting_events` (`id`, `created_at`, `updated_at`, `event_order`, `begin_time`, `is_out_of_race`, `is_autofilled`, `notes`, `meeting_session_id`, `event_type_id`, `heat_type_id`, `user_id`, `has_separate_gender_start_list`, `has_separate_category_start_list`)
  VALUES (8660, '2016-10-26 14:53:33', '2016-10-26 14:53:33', 12, '2000-01-01 13:00:30', 0, 1, NULL, 1683, 26, 3, 1, 1, 0);
INSERT INTO `meeting_events` (`id`, `created_at`, `updated_at`, `event_order`, `begin_time`, `is_out_of_race`, `is_autofilled`, `notes`, `meeting_session_id`, `event_type_id`, `heat_type_id`, `user_id`, `has_separate_gender_start_list`, `has_separate_category_start_list`)
  VALUES (8661, '2016-10-26 14:53:33', '2016-10-26 14:53:33', 13, '2000-01-01 12:59:30', 0, 1, NULL, 1683, 25, 3, 1, 1, 0);
INSERT INTO `meeting_sessions` (`id`, `session_order`, `scheduled_date`, `warm_up_time`, `begin_time`, `notes`, `meeting_id`, `swimming_pool_id`, `user_id`, `created_at`, `updated_at`, `description`, `is_autofilled`, `day_part_type_id`)
  VALUES (1684, 2, '2016-11-13', '2000-01-01 00:00:00', '2000-01-01 00:00:00', '', 16242, 63, 2, '2016-10-26 14:53:33', '2016-10-26 14:53:33', 'FINALI', 1, 2);

-- 15243-gorgonzola TROFEO CITT DI VIMERCATE 2015-11-21
INSERT INTO `meetings` (`id`, `description`, `entry_deadline`, `has_warm_up_pool`, `is_under_25_admitted`, `reference_phone`, `reference_e_mail`, `reference_name`, `notes`, `has_invitation`, `has_start_list`, `are_results_acquired`, `max_individual_events`, `configuration_file`, `edition`, `season_id`, `user_id`, `created_at`, `updated_at`, `is_autofilled`, `header_date`, `code`, `header_year`, `max_individual_events_per_session`, `is_out_of_season`, `edition_type_id`, `timing_type_id`, `individual_score_computation_type_id`, `relay_score_computation_type_id`, `team_score_computation_type_id`, `meeting_score_computation_type_id`, `invitation`, `is_confirmed`)
  VALUES (16243, 'TROFEO CITT DI VIMERCATE', NULL, 0, 1, NULL, NULL, NULL, 'Vimercate Nuoto', 0, 0, 0, 2, '?', 17, 162, 2, '2016-10-26 14:53:33', '2016-10-26 14:53:33', 1, '2016-11-19', 'gorgonzola', '2016', 0, 0, 2, 3, 1, 1, 12, 1, NULL, 0);
INSERT INTO `meeting_sessions` (`id`, `session_order`, `scheduled_date`, `warm_up_time`, `begin_time`, `notes`, `meeting_id`, `swimming_pool_id`, `user_id`, `created_at`, `updated_at`, `description`, `is_autofilled`, `day_part_type_id`)
  VALUES (1685, 1, '2016-11-19', '2000-01-01 00:00:00', '2000-01-01 00:00:00', '', 16243, 155, 2, '2016-10-26 14:53:33', '2016-10-26 14:53:33', 'FINALI', 1, 2);
INSERT INTO `meeting_events` (`id`, `created_at`, `updated_at`, `event_order`, `begin_time`, `is_out_of_race`, `is_autofilled`, `notes`, `meeting_session_id`, `event_type_id`, `heat_type_id`, `user_id`, `has_separate_gender_start_list`, `has_separate_category_start_list`)
  VALUES (8662, '2016-10-26 14:53:33', '2016-10-26 14:53:33', 1, '2000-01-01 08:02:00', 0, 1, NULL, 1685, 16, 3, 1, 1, 0);
INSERT INTO `meeting_events` (`id`, `created_at`, `updated_at`, `event_order`, `begin_time`, `is_out_of_race`, `is_autofilled`, `notes`, `meeting_session_id`, `event_type_id`, `heat_type_id`, `user_id`, `has_separate_gender_start_list`, `has_separate_category_start_list`)
  VALUES (8663, '2016-10-26 14:53:33', '2016-10-26 14:53:33', 2, '2000-01-01 08:34:00', 0, 1, NULL, 1685, 22, 3, 1, 1, 0);
INSERT INTO `meeting_events` (`id`, `created_at`, `updated_at`, `event_order`, `begin_time`, `is_out_of_race`, `is_autofilled`, `notes`, `meeting_session_id`, `event_type_id`, `heat_type_id`, `user_id`, `has_separate_gender_start_list`, `has_separate_category_start_list`)
  VALUES (8664, '2016-10-26 14:53:33', '2016-10-26 14:53:33', 3, '2000-01-01 09:20:00', 0, 1, NULL, 1685, 20, 3, 1, 1, 0);
INSERT INTO `meeting_events` (`id`, `created_at`, `updated_at`, `event_order`, `begin_time`, `is_out_of_race`, `is_autofilled`, `notes`, `meeting_session_id`, `event_type_id`, `heat_type_id`, `user_id`, `has_separate_gender_start_list`, `has_separate_category_start_list`)
  VALUES (8665, '2016-10-26 14:53:33', '2016-10-26 14:53:33', 4, '2000-01-01 09:58:00', 0, 1, NULL, 1685, 3, 3, 1, 1, 0);
INSERT INTO `meeting_events` (`id`, `created_at`, `updated_at`, `event_order`, `begin_time`, `is_out_of_race`, `is_autofilled`, `notes`, `meeting_session_id`, `event_type_id`, `heat_type_id`, `user_id`, `has_separate_gender_start_list`, `has_separate_category_start_list`)
  VALUES (8666, '2016-10-26 14:53:33', '2016-10-26 14:53:33', 5, '2000-01-01 10:38:00', 0, 1, NULL, 1685, 17, 3, 1, 1, 0);
INSERT INTO `meeting_events` (`id`, `created_at`, `updated_at`, `event_order`, `begin_time`, `is_out_of_race`, `is_autofilled`, `notes`, `meeting_session_id`, `event_type_id`, `heat_type_id`, `user_id`, `has_separate_gender_start_list`, `has_separate_category_start_list`)
  VALUES (8667, '2016-10-26 14:53:33', '2016-10-26 14:53:33', 6, '2000-01-01 11:06:00', 0, 1, NULL, 1685, 13, 3, 1, 1, 0);
INSERT INTO `meeting_events` (`id`, `created_at`, `updated_at`, `event_order`, `begin_time`, `is_out_of_race`, `is_autofilled`, `notes`, `meeting_session_id`, `event_type_id`, `heat_type_id`, `user_id`, `has_separate_gender_start_list`, `has_separate_category_start_list`)
  VALUES (8668, '2016-10-26 14:53:33', '2016-10-26 14:53:33', 7, '2000-01-01 11:36:00', 0, 1, NULL, 1685, 23, 3, 1, 1, 0);
INSERT INTO `meeting_events` (`id`, `created_at`, `updated_at`, `event_order`, `begin_time`, `is_out_of_race`, `is_autofilled`, `notes`, `meeting_session_id`, `event_type_id`, `heat_type_id`, `user_id`, `has_separate_gender_start_list`, `has_separate_category_start_list`)
  VALUES (8669, '2016-10-26 14:53:33', '2016-10-26 14:53:33', 8, '2000-01-01 12:10:00', 0, 1, NULL, 1685, 4, 3, 1, 1, 0);
INSERT INTO `meeting_events` (`id`, `created_at`, `updated_at`, `event_order`, `begin_time`, `is_out_of_race`, `is_autofilled`, `notes`, `meeting_session_id`, `event_type_id`, `heat_type_id`, `user_id`, `has_separate_gender_start_list`, `has_separate_category_start_list`)
  VALUES (8670, '2016-10-26 14:53:33', '2016-10-26 14:53:33', 9, '2000-01-01 12:54:00', 0, 1, NULL, 1685, 15, 3, 1, 1, 0);
INSERT INTO `meeting_events` (`id`, `created_at`, `updated_at`, `event_order`, `begin_time`, `is_out_of_race`, `is_autofilled`, `notes`, `meeting_session_id`, `event_type_id`, `heat_type_id`, `user_id`, `has_separate_gender_start_list`, `has_separate_category_start_list`)
  VALUES (8671, '2016-10-26 14:53:33', '2016-10-26 14:53:33', 10, '2000-01-01 13:34:00', 0, 1, NULL, 1685, 11, 3, 1, 1, 0);
INSERT INTO `meeting_events` (`id`, `created_at`, `updated_at`, `event_order`, `begin_time`, `is_out_of_race`, `is_autofilled`, `notes`, `meeting_session_id`, `event_type_id`, `heat_type_id`, `user_id`, `has_separate_gender_start_list`, `has_separate_category_start_list`)
  VALUES (8672, '2016-10-26 14:53:33', '2016-10-26 14:53:33', 11, '2000-01-01 14:16:00', 0, 1, NULL, 1685, 19, 3, 1, 1, 0);
INSERT INTO `meeting_events` (`id`, `created_at`, `updated_at`, `event_order`, `begin_time`, `is_out_of_race`, `is_autofilled`, `notes`, `meeting_session_id`, `event_type_id`, `heat_type_id`, `user_id`, `has_separate_gender_start_list`, `has_separate_category_start_list`)
  VALUES (8673, '2016-10-26 14:53:33', '2016-10-26 14:53:33', 12, '2000-01-01 14:54:00', 0, 1, NULL, 1685, 2, 3, 1, 1, 0);
INSERT INTO `meeting_events` (`id`, `created_at`, `updated_at`, `event_order`, `begin_time`, `is_out_of_race`, `is_autofilled`, `notes`, `meeting_session_id`, `event_type_id`, `heat_type_id`, `user_id`, `has_separate_gender_start_list`, `has_separate_category_start_list`)
  VALUES (8674, '2016-10-26 14:53:33', '2016-10-26 14:53:33', 13, '2000-01-01 15:40:00', 0, 1, NULL, 1685, 6, 3, 1, 1, 0);
INSERT INTO `meeting_events` (`id`, `created_at`, `updated_at`, `event_order`, `begin_time`, `is_out_of_race`, `is_autofilled`, `notes`, `meeting_session_id`, `event_type_id`, `heat_type_id`, `user_id`, `has_separate_gender_start_list`, `has_separate_category_start_list`)
  VALUES (8675, '2016-10-26 14:53:33', '2016-10-26 14:53:33', 14, '2000-01-01 16:27:43', 0, 1, NULL, 1685, 33, 3, 1, 1, 0);
INSERT INTO `meeting_sessions` (`id`, `session_order`, `scheduled_date`, `warm_up_time`, `begin_time`, `notes`, `meeting_id`, `swimming_pool_id`, `user_id`, `created_at`, `updated_at`, `description`, `is_autofilled`, `day_part_type_id`)
  VALUES (1686, 2, '2016-11-20', '2000-01-01 00:00:00', '2000-01-01 00:00:00', '', 16243, 155, 2, '2016-10-26 14:53:33', '2016-10-26 14:53:33', 'FINALI', 1, 1);
INSERT INTO `meeting_sessions` (`id`, `session_order`, `scheduled_date`, `warm_up_time`, `begin_time`, `notes`, `meeting_id`, `swimming_pool_id`, `user_id`, `created_at`, `updated_at`, `description`, `is_autofilled`, `day_part_type_id`)
  VALUES (1687, 3, '2016-11-20', '2000-01-01 00:00:00', '2000-01-01 00:00:00', '', 16243, 155, 2, '2016-10-26 14:53:33', '2016-10-26 14:53:33', 'FINALI', 1, 2);

-- 15244-romapaolocostoli TROFEO PAOLO COSTOLI 2015-11-22
INSERT INTO `meetings` (`id`, `description`, `entry_deadline`, `has_warm_up_pool`, `is_under_25_admitted`, `reference_phone`, `reference_e_mail`, `reference_name`, `notes`, `has_invitation`, `has_start_list`, `are_results_acquired`, `max_individual_events`, `configuration_file`, `edition`, `season_id`, `user_id`, `created_at`, `updated_at`, `is_autofilled`, `header_date`, `code`, `header_year`, `max_individual_events_per_session`, `is_out_of_season`, `edition_type_id`, `timing_type_id`, `individual_score_computation_type_id`, `relay_score_computation_type_id`, `team_score_computation_type_id`, `meeting_score_computation_type_id`, `invitation`, `is_confirmed`)
  VALUES (16244, 'TROFEO PAOLO COSTOLI', NULL, 0, 1, NULL, NULL, NULL, NULL, 0, 0, 0, 2, '?', 17, 162, 2, '2016-10-26 14:53:33', '2016-10-26 14:53:33', 1, '2016-11-20', 'romapaolocostoli', '2016', 0, 0, 2, 3, 1, 1, 12, 1, NULL, 0);
INSERT INTO `meeting_sessions` (`id`, `session_order`, `scheduled_date`, `warm_up_time`, `begin_time`, `notes`, `meeting_id`, `swimming_pool_id`, `user_id`, `created_at`, `updated_at`, `description`, `is_autofilled`, `day_part_type_id`)
  VALUES (1688, 1, '2016-11-20', '2000-01-01 00:00:00', '2000-01-01 00:00:00', '', 16244, 75, 2, '2016-10-26 14:53:33', '2016-10-26 14:53:33', 'FINALI', 1, 1);
INSERT INTO `meeting_sessions` (`id`, `session_order`, `scheduled_date`, `warm_up_time`, `begin_time`, `notes`, `meeting_id`, `swimming_pool_id`, `user_id`, `created_at`, `updated_at`, `description`, `is_autofilled`, `day_part_type_id`)
  VALUES (1689, 2, '2016-11-20', '2000-01-01 00:00:00', '2000-01-01 00:00:00', '', 16244, 75, 2, '2016-10-26 14:53:33', '2016-10-26 14:53:33', 'FINALI', 1, 2);

-- 15245-poggibonsi TROFEO POGGIBONSI 2015-11-22
INSERT INTO `meetings` (`id`, `description`, `entry_deadline`, `has_warm_up_pool`, `is_under_25_admitted`, `reference_phone`, `reference_e_mail`, `reference_name`, `notes`, `has_invitation`, `has_start_list`, `are_results_acquired`, `max_individual_events`, `configuration_file`, `edition`, `season_id`, `user_id`, `created_at`, `updated_at`, `is_autofilled`, `header_date`, `code`, `header_year`, `max_individual_events_per_session`, `is_out_of_season`, `edition_type_id`, `timing_type_id`, `individual_score_computation_type_id`, `relay_score_computation_type_id`, `team_score_computation_type_id`, `meeting_score_computation_type_id`, `invitation`, `is_confirmed`)
  VALUES (16245, 'TROFEO POGGIBONSI', NULL, 0, 1, NULL, NULL, NULL, NULL, 0, 0, 0, 2, '?', 17, 162, 2, '2016-10-26 14:53:33', '2016-10-26 14:53:33', 1, '2016-11-20', 'poggibonsi', '2016', 0, 0, 2, 3, 1, 1, 12, 1, NULL, 0);
INSERT INTO `meeting_sessions` (`id`, `session_order`, `scheduled_date`, `warm_up_time`, `begin_time`, `notes`, `meeting_id`, `swimming_pool_id`, `user_id`, `created_at`, `updated_at`, `description`, `is_autofilled`, `day_part_type_id`)
  VALUES (1690, 1, '2016-11-20', '2000-01-01 00:00:00', '2000-01-01 00:00:00', '', 16245, 72, 2, '2016-10-26 14:53:33', '2016-10-26 14:53:33', 'FINALI', 1, 1);

-- 15246-mugnanoblueteam TROFEO BLUE TEAM 2015-11-29
INSERT INTO `meetings` (`id`, `description`, `entry_deadline`, `has_warm_up_pool`, `is_under_25_admitted`, `reference_phone`, `reference_e_mail`, `reference_name`, `notes`, `has_invitation`, `has_start_list`, `are_results_acquired`, `max_individual_events`, `configuration_file`, `edition`, `season_id`, `user_id`, `created_at`, `updated_at`, `is_autofilled`, `header_date`, `code`, `header_year`, `max_individual_events_per_session`, `is_out_of_season`, `edition_type_id`, `timing_type_id`, `individual_score_computation_type_id`, `relay_score_computation_type_id`, `team_score_computation_type_id`, `meeting_score_computation_type_id`, `invitation`, `is_confirmed`)
  VALUES (16246, 'TROFEO BLUE TEAM', NULL, 0, 1, NULL, NULL, NULL, 'Blue Team Stabiae', 0, 0, 0, 2, '?', 17, 162, 2, '2016-10-26 14:53:33', '2016-10-26 14:53:33', 1, '2016-11-27', 'mugnanoblueteam', '2016', 0, 0, 2, 3, 1, 1, 12, 1, NULL, 0);
INSERT INTO `meeting_sessions` (`id`, `session_order`, `scheduled_date`, `warm_up_time`, `begin_time`, `notes`, `meeting_id`, `swimming_pool_id`, `user_id`, `created_at`, `updated_at`, `description`, `is_autofilled`, `day_part_type_id`)
  VALUES (1691, 1, '2016-11-27', '2000-01-01 00:00:00', '2000-01-01 00:00:00', '', 16246, 156, 2, '2016-10-26 14:53:33', '2016-10-26 14:53:33', 'FINALI', 1, 1);
INSERT INTO `meeting_events` (`id`, `created_at`, `updated_at`, `event_order`, `begin_time`, `is_out_of_race`, `is_autofilled`, `notes`, `meeting_session_id`, `event_type_id`, `heat_type_id`, `user_id`, `has_separate_gender_start_list`, `has_separate_category_start_list`)
  VALUES (8676, '2016-10-26 14:53:33', '2016-10-26 14:53:33', 1, '2000-01-01 08:02:00', 0, 1, NULL, 1691, 16, 3, 1, 1, 0);
INSERT INTO `meeting_events` (`id`, `created_at`, `updated_at`, `event_order`, `begin_time`, `is_out_of_race`, `is_autofilled`, `notes`, `meeting_session_id`, `event_type_id`, `heat_type_id`, `user_id`, `has_separate_gender_start_list`, `has_separate_category_start_list`)
  VALUES (8677, '2016-10-26 14:53:33', '2016-10-26 14:53:33', 2, '2000-01-01 08:44:00', 0, 1, NULL, 1691, 12, 3, 1, 1, 0);
INSERT INTO `meeting_events` (`id`, `created_at`, `updated_at`, `event_order`, `begin_time`, `is_out_of_race`, `is_autofilled`, `notes`, `meeting_session_id`, `event_type_id`, `heat_type_id`, `user_id`, `has_separate_gender_start_list`, `has_separate_category_start_list`)
  VALUES (8678, '2016-10-26 14:53:33', '2016-10-26 14:53:33', 3, '2000-01-01 09:10:00', 0, 1, NULL, 1691, 3, 3, 1, 1, 0);
INSERT INTO `meeting_events` (`id`, `created_at`, `updated_at`, `event_order`, `begin_time`, `is_out_of_race`, `is_autofilled`, `notes`, `meeting_session_id`, `event_type_id`, `heat_type_id`, `user_id`, `has_separate_gender_start_list`, `has_separate_category_start_list`)
  VALUES (8679, '2016-10-26 14:53:33', '2016-10-26 14:53:33', 4, '2000-01-01 09:58:00', 0, 1, NULL, 1691, 23, 3, 1, 1, 0);
INSERT INTO `meeting_events` (`id`, `created_at`, `updated_at`, `event_order`, `begin_time`, `is_out_of_race`, `is_autofilled`, `notes`, `meeting_session_id`, `event_type_id`, `heat_type_id`, `user_id`, `has_separate_gender_start_list`, `has_separate_category_start_list`)
  VALUES (8680, '2016-10-26 14:53:33', '2016-10-26 14:53:33', 5, '2000-01-01 10:34:00', 0, 1, NULL, 1691, 15, 3, 1, 1, 0);
INSERT INTO `meeting_events` (`id`, `created_at`, `updated_at`, `event_order`, `begin_time`, `is_out_of_race`, `is_autofilled`, `notes`, `meeting_session_id`, `event_type_id`, `heat_type_id`, `user_id`, `has_separate_gender_start_list`, `has_separate_category_start_list`)
  VALUES (8681, '2016-10-26 14:53:33', '2016-10-26 14:53:33', 6, '2000-01-01 11:22:00', 0, 1, NULL, 1691, 11, 3, 1, 1, 0);
INSERT INTO `meeting_events` (`id`, `created_at`, `updated_at`, `event_order`, `begin_time`, `is_out_of_race`, `is_autofilled`, `notes`, `meeting_session_id`, `event_type_id`, `heat_type_id`, `user_id`, `has_separate_gender_start_list`, `has_separate_category_start_list`)
  VALUES (8682, '2016-10-26 14:53:33', '2016-10-26 14:53:33', 7, '2000-01-01 12:04:00', 0, 1, NULL, 1691, 19, 3, 1, 1, 0);
INSERT INTO `meeting_events` (`id`, `created_at`, `updated_at`, `event_order`, `begin_time`, `is_out_of_race`, `is_autofilled`, `notes`, `meeting_session_id`, `event_type_id`, `heat_type_id`, `user_id`, `has_separate_gender_start_list`, `has_separate_category_start_list`)
  VALUES (8683, '2016-10-26 14:53:33', '2016-10-26 14:53:33', 8, '2000-01-01 12:48:00', 0, 1, NULL, 1691, 2, 3, 1, 1, 0);
INSERT INTO `meeting_events` (`id`, `created_at`, `updated_at`, `event_order`, `begin_time`, `is_out_of_race`, `is_autofilled`, `notes`, `meeting_session_id`, `event_type_id`, `heat_type_id`, `user_id`, `has_separate_gender_start_list`, `has_separate_category_start_list`)
  VALUES (8684, '2016-10-26 14:53:33', '2016-10-26 14:53:33', 9, '2000-01-01 13:36:30', 0, 1, NULL, 1691, 33, 3, 1, 1, 0);
INSERT INTO `meeting_events` (`id`, `created_at`, `updated_at`, `event_order`, `begin_time`, `is_out_of_race`, `is_autofilled`, `notes`, `meeting_session_id`, `event_type_id`, `heat_type_id`, `user_id`, `has_separate_gender_start_list`, `has_separate_category_start_list`)
  VALUES (8685, '2016-10-26 14:53:33', '2016-10-26 14:53:33', 10, '2000-01-01 13:35:30', 0, 1, NULL, 1691, 32, 3, 1, 1, 0);
INSERT INTO `meeting_events` (`id`, `created_at`, `updated_at`, `event_order`, `begin_time`, `is_out_of_race`, `is_autofilled`, `notes`, `meeting_session_id`, `event_type_id`, `heat_type_id`, `user_id`, `has_separate_gender_start_list`, `has_separate_category_start_list`)
  VALUES (8686, '2016-10-26 14:53:33', '2016-10-26 14:53:33', 11, '2000-01-01 13:27:00', 0, 1, NULL, 1691, 26, 3, 1, 1, 0);
INSERT INTO `meeting_events` (`id`, `created_at`, `updated_at`, `event_order`, `begin_time`, `is_out_of_race`, `is_autofilled`, `notes`, `meeting_session_id`, `event_type_id`, `heat_type_id`, `user_id`, `has_separate_gender_start_list`, `has_separate_category_start_list`)
  VALUES (8687, '2016-10-26 14:53:33', '2016-10-26 14:53:33', 12, '2000-01-01 13:09:00', 0, 1, NULL, 1691, 25, 3, 1, 1, 0);
INSERT INTO `meeting_sessions` (`id`, `session_order`, `scheduled_date`, `warm_up_time`, `begin_time`, `notes`, `meeting_id`, `swimming_pool_id`, `user_id`, `created_at`, `updated_at`, `description`, `is_autofilled`, `day_part_type_id`)
  VALUES (1692, 2, '2016-11-27', '2000-01-01 00:00:00', '2000-01-01 00:00:00', '', 16246, 156, 2, '2016-10-26 14:53:33', '2016-10-26 14:53:33', 'FINALI', 1, 2);

-- 15247-albenga TROFEO CITT DI ALBENGA 2015-11-15
INSERT INTO `meetings` (`id`, `description`, `entry_deadline`, `has_warm_up_pool`, `is_under_25_admitted`, `reference_phone`, `reference_e_mail`, `reference_name`, `notes`, `has_invitation`, `has_start_list`, `are_results_acquired`, `max_individual_events`, `configuration_file`, `edition`, `season_id`, `user_id`, `created_at`, `updated_at`, `is_autofilled`, `header_date`, `code`, `header_year`, `max_individual_events_per_session`, `is_out_of_season`, `edition_type_id`, `timing_type_id`, `individual_score_computation_type_id`, `relay_score_computation_type_id`, `team_score_computation_type_id`, `meeting_score_computation_type_id`, `invitation`, `is_confirmed`)
  VALUES (16247, 'TROFEO CITT DI ALBENGA', NULL, 0, 1, NULL, NULL, NULL, 'S.S.D. IDEA SPORT a R.L.', 0, 0, 0, 2, '?', 17, 162, 2, '2016-10-26 14:53:33', '2016-10-26 14:53:33', 1, '2016-11-13', 'albenga', '2016', 0, 0, 2, 3, 1, 1, 12, 1, NULL, 0);
INSERT INTO `meeting_sessions` (`id`, `session_order`, `scheduled_date`, `warm_up_time`, `begin_time`, `notes`, `meeting_id`, `swimming_pool_id`, `user_id`, `created_at`, `updated_at`, `description`, `is_autofilled`, `day_part_type_id`)
  VALUES (1693, 1, '2016-11-13', '2000-01-01 00:00:00', '2000-01-01 00:00:00', '', 16247, 70, 2, '2016-10-26 14:53:33', '2016-10-26 14:53:33', 'FINALI', 1, 1);
INSERT INTO `meeting_events` (`id`, `created_at`, `updated_at`, `event_order`, `begin_time`, `is_out_of_race`, `is_autofilled`, `notes`, `meeting_session_id`, `event_type_id`, `heat_type_id`, `user_id`, `has_separate_gender_start_list`, `has_separate_category_start_list`)
  VALUES (8688, '2016-10-26 14:53:33', '2016-10-26 14:53:33', 1, '2000-01-01 08:02:00', 0, 1, NULL, 1693, 3, 3, 1, 1, 0);
INSERT INTO `meeting_events` (`id`, `created_at`, `updated_at`, `event_order`, `begin_time`, `is_out_of_race`, `is_autofilled`, `notes`, `meeting_session_id`, `event_type_id`, `heat_type_id`, `user_id`, `has_separate_gender_start_list`, `has_separate_category_start_list`)
  VALUES (8689, '2016-10-26 14:53:33', '2016-10-26 14:53:33', 2, '2000-01-01 08:32:00', 0, 1, NULL, 1693, 17, 3, 1, 1, 0);
INSERT INTO `meeting_events` (`id`, `created_at`, `updated_at`, `event_order`, `begin_time`, `is_out_of_race`, `is_autofilled`, `notes`, `meeting_session_id`, `event_type_id`, `heat_type_id`, `user_id`, `has_separate_gender_start_list`, `has_separate_category_start_list`)
  VALUES (8690, '2016-10-26 14:53:33', '2016-10-26 14:53:33', 3, '2000-01-01 08:42:00', 0, 1, NULL, 1693, 13, 3, 1, 1, 0);
INSERT INTO `meeting_events` (`id`, `created_at`, `updated_at`, `event_order`, `begin_time`, `is_out_of_race`, `is_autofilled`, `notes`, `meeting_session_id`, `event_type_id`, `heat_type_id`, `user_id`, `has_separate_gender_start_list`, `has_separate_category_start_list`)
  VALUES (8691, '2016-10-26 14:53:33', '2016-10-26 14:53:33', 4, '2000-01-01 08:56:00', 0, 1, NULL, 1693, 23, 3, 1, 1, 0);
INSERT INTO `meeting_events` (`id`, `created_at`, `updated_at`, `event_order`, `begin_time`, `is_out_of_race`, `is_autofilled`, `notes`, `meeting_session_id`, `event_type_id`, `heat_type_id`, `user_id`, `has_separate_gender_start_list`, `has_separate_category_start_list`)
  VALUES (8692, '2016-10-26 14:53:33', '2016-10-26 14:53:33', 5, '2000-01-01 09:12:00', 0, 1, NULL, 1693, 21, 3, 1, 1, 0);
INSERT INTO `meeting_events` (`id`, `created_at`, `updated_at`, `event_order`, `begin_time`, `is_out_of_race`, `is_autofilled`, `notes`, `meeting_session_id`, `event_type_id`, `heat_type_id`, `user_id`, `has_separate_gender_start_list`, `has_separate_category_start_list`)
  VALUES (8693, '2016-10-26 14:53:33', '2016-10-26 14:53:33', 6, '2000-01-01 09:26:00', 0, 1, NULL, 1693, 5, 3, 1, 1, 0);
INSERT INTO `meeting_events` (`id`, `created_at`, `updated_at`, `event_order`, `begin_time`, `is_out_of_race`, `is_autofilled`, `notes`, `meeting_session_id`, `event_type_id`, `heat_type_id`, `user_id`, `has_separate_gender_start_list`, `has_separate_category_start_list`)
  VALUES (8694, '2016-10-26 14:53:33', '2016-10-26 14:53:33', 7, '2000-01-01 10:08:00', 0, 1, NULL, 1693, 15, 3, 1, 1, 0);
INSERT INTO `meeting_events` (`id`, `created_at`, `updated_at`, `event_order`, `begin_time`, `is_out_of_race`, `is_autofilled`, `notes`, `meeting_session_id`, `event_type_id`, `heat_type_id`, `user_id`, `has_separate_gender_start_list`, `has_separate_category_start_list`)
  VALUES (8695, '2016-10-26 14:53:33', '2016-10-26 14:53:33', 8, '2000-01-01 10:34:00', 0, 1, NULL, 1693, 11, 3, 1, 1, 0);
INSERT INTO `meeting_events` (`id`, `created_at`, `updated_at`, `event_order`, `begin_time`, `is_out_of_race`, `is_autofilled`, `notes`, `meeting_session_id`, `event_type_id`, `heat_type_id`, `user_id`, `has_separate_gender_start_list`, `has_separate_category_start_list`)
  VALUES (8696, '2016-10-26 14:53:33', '2016-10-26 14:53:33', 9, '2000-01-01 11:06:00', 0, 1, NULL, 1693, 19, 3, 1, 1, 0);
INSERT INTO `meeting_events` (`id`, `created_at`, `updated_at`, `event_order`, `begin_time`, `is_out_of_race`, `is_autofilled`, `notes`, `meeting_session_id`, `event_type_id`, `heat_type_id`, `user_id`, `has_separate_gender_start_list`, `has_separate_category_start_list`)
  VALUES (8697, '2016-10-26 14:53:33', '2016-10-26 14:53:33', 10, '2000-01-01 11:34:00', 0, 1, NULL, 1693, 2, 3, 1, 1, 0);
INSERT INTO `meeting_events` (`id`, `created_at`, `updated_at`, `event_order`, `begin_time`, `is_out_of_race`, `is_autofilled`, `notes`, `meeting_session_id`, `event_type_id`, `heat_type_id`, `user_id`, `has_separate_gender_start_list`, `has_separate_category_start_list`)
  VALUES (8698, '2016-10-26 14:53:33', '2016-10-26 14:53:33', 11, '2000-01-01 12:20:00', 0, 1, NULL, 1693, 6, 3, 1, 1, 0);

-- 15248-rapallo TROFEO CITT DI RAPALLO 2015-11-29
INSERT INTO `meetings` (`id`, `description`, `entry_deadline`, `has_warm_up_pool`, `is_under_25_admitted`, `reference_phone`, `reference_e_mail`, `reference_name`, `notes`, `has_invitation`, `has_start_list`, `are_results_acquired`, `max_individual_events`, `configuration_file`, `edition`, `season_id`, `user_id`, `created_at`, `updated_at`, `is_autofilled`, `header_date`, `code`, `header_year`, `max_individual_events_per_session`, `is_out_of_season`, `edition_type_id`, `timing_type_id`, `individual_score_computation_type_id`, `relay_score_computation_type_id`, `team_score_computation_type_id`, `meeting_score_computation_type_id`, `invitation`, `is_confirmed`)
  VALUES (16248, 'TROFEO CITT DI RAPALLO', NULL, 0, 1, NULL, NULL, NULL, 'Rapallo Nuoto', 0, 0, 0, 2, '?', 17, 162, 2, '2016-10-26 14:53:33', '2016-10-26 14:53:33', 1, '2016-11-27', 'rapallo', '2016', 0, 0, 2, 3, 1, 1, 12, 1, NULL, 0);
INSERT INTO `meeting_sessions` (`id`, `session_order`, `scheduled_date`, `warm_up_time`, `begin_time`, `notes`, `meeting_id`, `swimming_pool_id`, `user_id`, `created_at`, `updated_at`, `description`, `is_autofilled`, `day_part_type_id`)
  VALUES (1694, 1, '2016-11-27', '2000-01-01 00:00:00', '2000-01-01 00:00:00', '', 16248, 50, 2, '2016-10-26 14:53:33', '2016-10-26 14:53:33', 'FINALI', 1, 1);
INSERT INTO `meeting_events` (`id`, `created_at`, `updated_at`, `event_order`, `begin_time`, `is_out_of_race`, `is_autofilled`, `notes`, `meeting_session_id`, `event_type_id`, `heat_type_id`, `user_id`, `has_separate_gender_start_list`, `has_separate_category_start_list`)
  VALUES (8699, '2016-10-26 14:53:33', '2016-10-26 14:53:33', 1, '2000-01-01 08:02:00', 0, 1, NULL, 1694, 22, 3, 1, 1, 0);
INSERT INTO `meeting_events` (`id`, `created_at`, `updated_at`, `event_order`, `begin_time`, `is_out_of_race`, `is_autofilled`, `notes`, `meeting_session_id`, `event_type_id`, `heat_type_id`, `user_id`, `has_separate_gender_start_list`, `has_separate_category_start_list`)
  VALUES (8700, '2016-10-26 14:53:33', '2016-10-26 14:53:33', 2, '2000-01-01 08:36:00', 0, 1, NULL, 1694, 20, 3, 1, 1, 0);
INSERT INTO `meeting_events` (`id`, `created_at`, `updated_at`, `event_order`, `begin_time`, `is_out_of_race`, `is_autofilled`, `notes`, `meeting_session_id`, `event_type_id`, `heat_type_id`, `user_id`, `has_separate_gender_start_list`, `has_separate_category_start_list`)
  VALUES (8701, '2016-10-26 14:53:33', '2016-10-26 14:53:33', 3, '2000-01-01 09:12:00', 0, 1, NULL, 1694, 3, 3, 1, 1, 0);
INSERT INTO `meeting_events` (`id`, `created_at`, `updated_at`, `event_order`, `begin_time`, `is_out_of_race`, `is_autofilled`, `notes`, `meeting_session_id`, `event_type_id`, `heat_type_id`, `user_id`, `has_separate_gender_start_list`, `has_separate_category_start_list`)
  VALUES (8702, '2016-10-26 14:53:33', '2016-10-26 14:53:33', 4, '2000-01-01 09:50:00', 0, 1, NULL, 1694, 4, 3, 1, 1, 0);
INSERT INTO `meeting_events` (`id`, `created_at`, `updated_at`, `event_order`, `begin_time`, `is_out_of_race`, `is_autofilled`, `notes`, `meeting_session_id`, `event_type_id`, `heat_type_id`, `user_id`, `has_separate_gender_start_list`, `has_separate_category_start_list`)
  VALUES (8703, '2016-10-26 14:53:33', '2016-10-26 14:53:33', 5, '2000-01-01 10:28:00', 0, 1, NULL, 1694, 5, 3, 1, 1, 0);
INSERT INTO `meeting_events` (`id`, `created_at`, `updated_at`, `event_order`, `begin_time`, `is_out_of_race`, `is_autofilled`, `notes`, `meeting_session_id`, `event_type_id`, `heat_type_id`, `user_id`, `has_separate_gender_start_list`, `has_separate_category_start_list`)
  VALUES (8704, '2016-10-26 14:53:33', '2016-10-26 14:53:33', 6, '2000-01-01 11:08:00', 0, 1, NULL, 1694, 15, 3, 1, 1, 0);
INSERT INTO `meeting_events` (`id`, `created_at`, `updated_at`, `event_order`, `begin_time`, `is_out_of_race`, `is_autofilled`, `notes`, `meeting_session_id`, `event_type_id`, `heat_type_id`, `user_id`, `has_separate_gender_start_list`, `has_separate_category_start_list`)
  VALUES (8705, '2016-10-26 14:53:34', '2016-10-26 14:53:34', 7, '2000-01-01 11:46:00', 0, 1, NULL, 1694, 11, 3, 1, 1, 0);
INSERT INTO `meeting_events` (`id`, `created_at`, `updated_at`, `event_order`, `begin_time`, `is_out_of_race`, `is_autofilled`, `notes`, `meeting_session_id`, `event_type_id`, `heat_type_id`, `user_id`, `has_separate_gender_start_list`, `has_separate_category_start_list`)
  VALUES (8706, '2016-10-26 14:53:34', '2016-10-26 14:53:34', 8, '2000-01-01 12:14:00', 0, 1, NULL, 1694, 19, 3, 1, 1, 0);
INSERT INTO `meeting_events` (`id`, `created_at`, `updated_at`, `event_order`, `begin_time`, `is_out_of_race`, `is_autofilled`, `notes`, `meeting_session_id`, `event_type_id`, `heat_type_id`, `user_id`, `has_separate_gender_start_list`, `has_separate_category_start_list`)
  VALUES (8707, '2016-10-26 14:53:34', '2016-10-26 14:53:34', 9, '2000-01-01 12:58:00', 0, 1, NULL, 1694, 2, 3, 1, 1, 0);
INSERT INTO `meeting_events` (`id`, `created_at`, `updated_at`, `event_order`, `begin_time`, `is_out_of_race`, `is_autofilled`, `notes`, `meeting_session_id`, `event_type_id`, `heat_type_id`, `user_id`, `has_separate_gender_start_list`, `has_separate_category_start_list`)
  VALUES (8708, '2016-10-26 14:53:34', '2016-10-26 14:53:34', 10, '2000-01-01 13:44:30', 0, 1, NULL, 1694, 26, 3, 1, 1, 0);
INSERT INTO `meeting_events` (`id`, `created_at`, `updated_at`, `event_order`, `begin_time`, `is_out_of_race`, `is_autofilled`, `notes`, `meeting_session_id`, `event_type_id`, `heat_type_id`, `user_id`, `has_separate_gender_start_list`, `has_separate_category_start_list`)
  VALUES (8709, '2016-10-26 14:53:34', '2016-10-26 14:53:34', 11, '2000-01-01 13:39:00', 0, 1, NULL, 1694, 25, 3, 1, 1, 0);

-- 15249-casalemonferrato TROFEO CITT DI CASALE MONFERRATO 2015-11-29
INSERT INTO `meetings` (`id`, `description`, `entry_deadline`, `has_warm_up_pool`, `is_under_25_admitted`, `reference_phone`, `reference_e_mail`, `reference_name`, `notes`, `has_invitation`, `has_start_list`, `are_results_acquired`, `max_individual_events`, `configuration_file`, `edition`, `season_id`, `user_id`, `created_at`, `updated_at`, `is_autofilled`, `header_date`, `code`, `header_year`, `max_individual_events_per_session`, `is_out_of_season`, `edition_type_id`, `timing_type_id`, `individual_score_computation_type_id`, `relay_score_computation_type_id`, `team_score_computation_type_id`, `meeting_score_computation_type_id`, `invitation`, `is_confirmed`)
  VALUES (16249, 'TROFEO CITT DI CASALE MONFERRATO', NULL, 0, 1, NULL, NULL, NULL, 'NC Montecarlo', 0, 0, 0, 2, '?', 17, 162, 2, '2016-10-26 14:53:34', '2016-10-26 14:53:34', 1, '2016-11-27', 'casalemonferrato', '2016', 0, 0, 2, 3, 1, 1, 12, 1, NULL, 0);
INSERT INTO `meeting_sessions` (`id`, `session_order`, `scheduled_date`, `warm_up_time`, `begin_time`, `notes`, `meeting_id`, `swimming_pool_id`, `user_id`, `created_at`, `updated_at`, `description`, `is_autofilled`, `day_part_type_id`)
  VALUES (1695, 1, '2016-11-27', '2000-01-01 00:00:00', '2000-01-01 00:00:00', '', 16249, 79, 2, '2016-10-26 14:53:34', '2016-10-26 14:53:34', 'FINALI', 1, 1);
INSERT INTO `meeting_events` (`id`, `created_at`, `updated_at`, `event_order`, `begin_time`, `is_out_of_race`, `is_autofilled`, `notes`, `meeting_session_id`, `event_type_id`, `heat_type_id`, `user_id`, `has_separate_gender_start_list`, `has_separate_category_start_list`)
  VALUES (8710, '2016-10-26 14:53:34', '2016-10-26 14:53:34', 1, '2000-01-01 08:02:00', 0, 1, NULL, 1695, 16, 3, 1, 1, 0);
INSERT INTO `meeting_events` (`id`, `created_at`, `updated_at`, `event_order`, `begin_time`, `is_out_of_race`, `is_autofilled`, `notes`, `meeting_session_id`, `event_type_id`, `heat_type_id`, `user_id`, `has_separate_gender_start_list`, `has_separate_category_start_list`)
  VALUES (8711, '2016-10-26 14:53:34', '2016-10-26 14:53:34', 2, '2000-01-01 08:32:00', 0, 1, NULL, 1695, 12, 3, 1, 1, 0);
INSERT INTO `meeting_events` (`id`, `created_at`, `updated_at`, `event_order`, `begin_time`, `is_out_of_race`, `is_autofilled`, `notes`, `meeting_session_id`, `event_type_id`, `heat_type_id`, `user_id`, `has_separate_gender_start_list`, `has_separate_category_start_list`)
  VALUES (8712, '2016-10-26 14:53:34', '2016-10-26 14:53:34', 3, '2000-01-01 09:00:00', 0, 1, NULL, 1695, 22, 3, 1, 1, 0);
INSERT INTO `meeting_events` (`id`, `created_at`, `updated_at`, `event_order`, `begin_time`, `is_out_of_race`, `is_autofilled`, `notes`, `meeting_session_id`, `event_type_id`, `heat_type_id`, `user_id`, `has_separate_gender_start_list`, `has_separate_category_start_list`)
  VALUES (8713, '2016-10-26 14:53:34', '2016-10-26 14:53:34', 4, '2000-01-01 09:36:00', 0, 1, NULL, 1695, 20, 3, 1, 1, 0);
INSERT INTO `meeting_events` (`id`, `created_at`, `updated_at`, `event_order`, `begin_time`, `is_out_of_race`, `is_autofilled`, `notes`, `meeting_session_id`, `event_type_id`, `heat_type_id`, `user_id`, `has_separate_gender_start_list`, `has_separate_category_start_list`)
  VALUES (8714, '2016-10-26 14:53:34', '2016-10-26 14:53:34', 5, '2000-01-01 10:06:00', 0, 1, NULL, 1695, 3, 3, 1, 1, 0);
INSERT INTO `meeting_events` (`id`, `created_at`, `updated_at`, `event_order`, `begin_time`, `is_out_of_race`, `is_autofilled`, `notes`, `meeting_session_id`, `event_type_id`, `heat_type_id`, `user_id`, `has_separate_gender_start_list`, `has_separate_category_start_list`)
  VALUES (8715, '2016-10-26 14:53:34', '2016-10-26 14:53:34', 6, '2000-01-01 10:44:00', 0, 1, NULL, 1695, 15, 3, 1, 1, 0);
INSERT INTO `meeting_events` (`id`, `created_at`, `updated_at`, `event_order`, `begin_time`, `is_out_of_race`, `is_autofilled`, `notes`, `meeting_session_id`, `event_type_id`, `heat_type_id`, `user_id`, `has_separate_gender_start_list`, `has_separate_category_start_list`)
  VALUES (8716, '2016-10-26 14:53:34', '2016-10-26 14:53:34', 7, '2000-01-01 11:14:00', 0, 1, NULL, 1695, 11, 3, 1, 1, 0);
INSERT INTO `meeting_events` (`id`, `created_at`, `updated_at`, `event_order`, `begin_time`, `is_out_of_race`, `is_autofilled`, `notes`, `meeting_session_id`, `event_type_id`, `heat_type_id`, `user_id`, `has_separate_gender_start_list`, `has_separate_category_start_list`)
  VALUES (8717, '2016-10-26 14:53:34', '2016-10-26 14:53:34', 8, '2000-01-01 11:52:00', 0, 1, NULL, 1695, 19, 3, 1, 1, 0);
INSERT INTO `meeting_events` (`id`, `created_at`, `updated_at`, `event_order`, `begin_time`, `is_out_of_race`, `is_autofilled`, `notes`, `meeting_session_id`, `event_type_id`, `heat_type_id`, `user_id`, `has_separate_gender_start_list`, `has_separate_category_start_list`)
  VALUES (8718, '2016-10-26 14:53:34', '2016-10-26 14:53:34', 9, '2000-01-01 12:30:00', 0, 1, NULL, 1695, 2, 3, 1, 1, 0);
INSERT INTO `meeting_sessions` (`id`, `session_order`, `scheduled_date`, `warm_up_time`, `begin_time`, `notes`, `meeting_id`, `swimming_pool_id`, `user_id`, `created_at`, `updated_at`, `description`, `is_autofilled`, `day_part_type_id`)
  VALUES (1696, 2, '2016-11-27', '2000-01-01 00:00:00', '2000-01-01 00:00:00', '', 16249, 79, 2, '2016-10-26 14:53:34', '2016-10-26 14:53:34', 'FINALI', 1, 2);

-- 15250-bergamognecchi MEMORIAL GNECCHI 2015-12-05
INSERT INTO `meetings` (`id`, `description`, `entry_deadline`, `has_warm_up_pool`, `is_under_25_admitted`, `reference_phone`, `reference_e_mail`, `reference_name`, `notes`, `has_invitation`, `has_start_list`, `are_results_acquired`, `max_individual_events`, `configuration_file`, `edition`, `season_id`, `user_id`, `created_at`, `updated_at`, `is_autofilled`, `header_date`, `code`, `header_year`, `max_individual_events_per_session`, `is_out_of_season`, `edition_type_id`, `timing_type_id`, `individual_score_computation_type_id`, `relay_score_computation_type_id`, `team_score_computation_type_id`, `meeting_score_computation_type_id`, `invitation`, `is_confirmed`)
  VALUES (16250, 'MEMORIAL GNECCHI', NULL, 0, 1, NULL, NULL, NULL, 'Bergamo Nuoto', 0, 0, 0, 2, '?', 17, 162, 2, '2016-10-26 14:53:34', '2016-10-26 14:53:34', 1, '2016-12-03', 'bergamognecchi', '2016', 0, 0, 2, 3, 1, 1, 12, 1, NULL, 0);
INSERT INTO `meeting_sessions` (`id`, `session_order`, `scheduled_date`, `warm_up_time`, `begin_time`, `notes`, `meeting_id`, `swimming_pool_id`, `user_id`, `created_at`, `updated_at`, `description`, `is_autofilled`, `day_part_type_id`)
  VALUES (1697, 1, '2016-12-03', '2000-01-01 00:00:00', '2000-01-01 00:00:00', '', 16250, 82, 2, '2016-10-26 14:53:34', '2016-10-26 14:53:34', 'FINALI', 1, 2);
INSERT INTO `meeting_events` (`id`, `created_at`, `updated_at`, `event_order`, `begin_time`, `is_out_of_race`, `is_autofilled`, `notes`, `meeting_session_id`, `event_type_id`, `heat_type_id`, `user_id`, `has_separate_gender_start_list`, `has_separate_category_start_list`)
  VALUES (8719, '2016-10-26 14:53:34', '2016-10-26 14:53:34', 1, '2000-01-01 08:02:00', 0, 1, NULL, 1697, 16, 3, 1, 1, 0);
INSERT INTO `meeting_events` (`id`, `created_at`, `updated_at`, `event_order`, `begin_time`, `is_out_of_race`, `is_autofilled`, `notes`, `meeting_session_id`, `event_type_id`, `heat_type_id`, `user_id`, `has_separate_gender_start_list`, `has_separate_category_start_list`)
  VALUES (8720, '2016-10-26 14:53:34', '2016-10-26 14:53:34', 2, '2000-01-01 08:28:00', 0, 1, NULL, 1697, 22, 3, 1, 1, 0);
INSERT INTO `meeting_events` (`id`, `created_at`, `updated_at`, `event_order`, `begin_time`, `is_out_of_race`, `is_autofilled`, `notes`, `meeting_session_id`, `event_type_id`, `heat_type_id`, `user_id`, `has_separate_gender_start_list`, `has_separate_category_start_list`)
  VALUES (8721, '2016-10-26 14:53:34', '2016-10-26 14:53:34', 3, '2000-01-01 08:56:00', 0, 1, NULL, 1697, 20, 3, 1, 1, 0);
INSERT INTO `meeting_events` (`id`, `created_at`, `updated_at`, `event_order`, `begin_time`, `is_out_of_race`, `is_autofilled`, `notes`, `meeting_session_id`, `event_type_id`, `heat_type_id`, `user_id`, `has_separate_gender_start_list`, `has_separate_category_start_list`)
  VALUES (8722, '2016-10-26 14:53:34', '2016-10-26 14:53:34', 4, '2000-01-01 09:28:00', 0, 1, NULL, 1697, 3, 3, 1, 1, 0);
INSERT INTO `meeting_events` (`id`, `created_at`, `updated_at`, `event_order`, `begin_time`, `is_out_of_race`, `is_autofilled`, `notes`, `meeting_session_id`, `event_type_id`, `heat_type_id`, `user_id`, `has_separate_gender_start_list`, `has_separate_category_start_list`)
  VALUES (8723, '2016-10-26 14:53:34', '2016-10-26 14:53:34', 5, '2000-01-01 10:06:00', 0, 1, NULL, 1697, 17, 3, 1, 1, 0);
INSERT INTO `meeting_events` (`id`, `created_at`, `updated_at`, `event_order`, `begin_time`, `is_out_of_race`, `is_autofilled`, `notes`, `meeting_session_id`, `event_type_id`, `heat_type_id`, `user_id`, `has_separate_gender_start_list`, `has_separate_category_start_list`)
  VALUES (8724, '2016-10-26 14:53:34', '2016-10-26 14:53:34', 6, '2000-01-01 10:38:00', 0, 1, NULL, 1697, 13, 3, 1, 1, 0);
INSERT INTO `meeting_events` (`id`, `created_at`, `updated_at`, `event_order`, `begin_time`, `is_out_of_race`, `is_autofilled`, `notes`, `meeting_session_id`, `event_type_id`, `heat_type_id`, `user_id`, `has_separate_gender_start_list`, `has_separate_category_start_list`)
  VALUES (8725, '2016-10-26 14:53:34', '2016-10-26 14:53:34', 7, '2000-01-01 10:56:00', 0, 1, NULL, 1697, 23, 3, 1, 1, 0);
INSERT INTO `meeting_events` (`id`, `created_at`, `updated_at`, `event_order`, `begin_time`, `is_out_of_race`, `is_autofilled`, `notes`, `meeting_session_id`, `event_type_id`, `heat_type_id`, `user_id`, `has_separate_gender_start_list`, `has_separate_category_start_list`)
  VALUES (8726, '2016-10-26 14:53:34', '2016-10-26 14:53:34', 8, '2000-01-01 11:26:00', 0, 1, NULL, 1697, 4, 3, 1, 1, 0);
INSERT INTO `meeting_events` (`id`, `created_at`, `updated_at`, `event_order`, `begin_time`, `is_out_of_race`, `is_autofilled`, `notes`, `meeting_session_id`, `event_type_id`, `heat_type_id`, `user_id`, `has_separate_gender_start_list`, `has_separate_category_start_list`)
  VALUES (8727, '2016-10-26 14:53:34', '2016-10-26 14:53:34', 9, '2000-01-01 12:04:00', 0, 1, NULL, 1697, 24, 3, 1, 1, 0);
INSERT INTO `meeting_events` (`id`, `created_at`, `updated_at`, `event_order`, `begin_time`, `is_out_of_race`, `is_autofilled`, `notes`, `meeting_session_id`, `event_type_id`, `heat_type_id`, `user_id`, `has_separate_gender_start_list`, `has_separate_category_start_list`)
  VALUES (8728, '2016-10-26 14:53:34', '2016-10-26 14:53:34', 10, '2000-01-01 12:34:00', 0, 1, NULL, 1697, 5, 3, 1, 1, 0);
INSERT INTO `meeting_events` (`id`, `created_at`, `updated_at`, `event_order`, `begin_time`, `is_out_of_race`, `is_autofilled`, `notes`, `meeting_session_id`, `event_type_id`, `heat_type_id`, `user_id`, `has_separate_gender_start_list`, `has_separate_category_start_list`)
  VALUES (8729, '2016-10-26 14:53:34', '2016-10-26 14:53:34', 11, '2000-01-01 13:02:00', 0, 1, NULL, 1697, 15, 3, 1, 1, 0);
INSERT INTO `meeting_events` (`id`, `created_at`, `updated_at`, `event_order`, `begin_time`, `is_out_of_race`, `is_autofilled`, `notes`, `meeting_session_id`, `event_type_id`, `heat_type_id`, `user_id`, `has_separate_gender_start_list`, `has_separate_category_start_list`)
  VALUES (8730, '2016-10-26 14:53:34', '2016-10-26 14:53:34', 12, '2000-01-01 13:40:00', 0, 1, NULL, 1697, 11, 3, 1, 1, 0);
INSERT INTO `meeting_events` (`id`, `created_at`, `updated_at`, `event_order`, `begin_time`, `is_out_of_race`, `is_autofilled`, `notes`, `meeting_session_id`, `event_type_id`, `heat_type_id`, `user_id`, `has_separate_gender_start_list`, `has_separate_category_start_list`)
  VALUES (8731, '2016-10-26 14:53:34', '2016-10-26 14:53:34', 13, '2000-01-01 14:14:00', 0, 1, NULL, 1697, 19, 3, 1, 1, 0);
INSERT INTO `meeting_events` (`id`, `created_at`, `updated_at`, `event_order`, `begin_time`, `is_out_of_race`, `is_autofilled`, `notes`, `meeting_session_id`, `event_type_id`, `heat_type_id`, `user_id`, `has_separate_gender_start_list`, `has_separate_category_start_list`)
  VALUES (8732, '2016-10-26 14:53:34', '2016-10-26 14:53:34', 14, '2000-01-01 14:52:00', 0, 1, NULL, 1697, 2, 3, 1, 1, 0);
INSERT INTO `meeting_events` (`id`, `created_at`, `updated_at`, `event_order`, `begin_time`, `is_out_of_race`, `is_autofilled`, `notes`, `meeting_session_id`, `event_type_id`, `heat_type_id`, `user_id`, `has_separate_gender_start_list`, `has_separate_category_start_list`)
  VALUES (8733, '2016-10-26 14:53:34', '2016-10-26 14:53:34', 15, '2000-01-01 15:32:30', 0, 1, NULL, 1697, 25, 3, 1, 1, 0);
INSERT INTO `meeting_sessions` (`id`, `session_order`, `scheduled_date`, `warm_up_time`, `begin_time`, `notes`, `meeting_id`, `swimming_pool_id`, `user_id`, `created_at`, `updated_at`, `description`, `is_autofilled`, `day_part_type_id`)
  VALUES (1698, 2, '2016-12-04', '2000-01-01 00:00:00', '2000-01-01 00:00:00', '', 16250, 82, 2, '2016-10-26 14:53:34', '2016-10-26 14:53:34', 'FINALI', 1, 1);
INSERT INTO `meeting_sessions` (`id`, `session_order`, `scheduled_date`, `warm_up_time`, `begin_time`, `notes`, `meeting_id`, `swimming_pool_id`, `user_id`, `created_at`, `updated_at`, `description`, `is_autofilled`, `day_part_type_id`)
  VALUES (1699, 3, '2016-12-04', '2000-01-01 00:00:00', '2000-01-01 00:00:00', '', 16250, 82, 2, '2016-10-26 14:53:34', '2016-10-26 14:53:34', 'FINALI', 1, 2);

-- 15251-massarosa TROFEO CITT DI MASSAROSA 2015-12-06
INSERT INTO `meetings` (`id`, `description`, `entry_deadline`, `has_warm_up_pool`, `is_under_25_admitted`, `reference_phone`, `reference_e_mail`, `reference_name`, `notes`, `has_invitation`, `has_start_list`, `are_results_acquired`, `max_individual_events`, `configuration_file`, `edition`, `season_id`, `user_id`, `created_at`, `updated_at`, `is_autofilled`, `header_date`, `code`, `header_year`, `max_individual_events_per_session`, `is_out_of_season`, `edition_type_id`, `timing_type_id`, `individual_score_computation_type_id`, `relay_score_computation_type_id`, `team_score_computation_type_id`, `meeting_score_computation_type_id`, `invitation`, `is_confirmed`)
  VALUES (16251, 'TROFEO CITT DI MASSAROSA', NULL, 0, 1, NULL, NULL, NULL, 'Massarosa Nuoto', 0, 0, 0, 2, '?', 17, 162, 2, '2016-10-26 14:53:34', '2016-10-26 14:53:34', 1, '2016-12-04', 'massarosa', '2016', 0, 0, 2, 3, 1, 1, 12, 1, NULL, 0);
INSERT INTO `meeting_sessions` (`id`, `session_order`, `scheduled_date`, `warm_up_time`, `begin_time`, `notes`, `meeting_id`, `swimming_pool_id`, `user_id`, `created_at`, `updated_at`, `description`, `is_autofilled`, `day_part_type_id`)
  VALUES (1700, 1, '2016-12-04', '2000-01-01 00:00:00', '2000-01-01 00:00:00', '', 16251, 81, 2, '2016-10-26 14:53:34', '2016-10-26 14:53:34', 'FINALI', 1, 1);
INSERT INTO `meeting_events` (`id`, `created_at`, `updated_at`, `event_order`, `begin_time`, `is_out_of_race`, `is_autofilled`, `notes`, `meeting_session_id`, `event_type_id`, `heat_type_id`, `user_id`, `has_separate_gender_start_list`, `has_separate_category_start_list`)
  VALUES (8734, '2016-10-26 14:53:34', '2016-10-26 14:53:34', 1, '2000-01-01 08:02:00', 0, 1, NULL, 1700, 22, 3, 1, 1, 0);
INSERT INTO `meeting_events` (`id`, `created_at`, `updated_at`, `event_order`, `begin_time`, `is_out_of_race`, `is_autofilled`, `notes`, `meeting_session_id`, `event_type_id`, `heat_type_id`, `user_id`, `has_separate_gender_start_list`, `has_separate_category_start_list`)
  VALUES (8735, '2016-10-26 14:53:34', '2016-10-26 14:53:34', 2, '2000-01-01 08:40:00', 0, 1, NULL, 1700, 3, 3, 1, 1, 0);
INSERT INTO `meeting_events` (`id`, `created_at`, `updated_at`, `event_order`, `begin_time`, `is_out_of_race`, `is_autofilled`, `notes`, `meeting_session_id`, `event_type_id`, `heat_type_id`, `user_id`, `has_separate_gender_start_list`, `has_separate_category_start_list`)
  VALUES (8736, '2016-10-26 14:53:34', '2016-10-26 14:53:34', 3, '2000-01-01 09:22:00', 0, 1, NULL, 1700, 23, 3, 1, 1, 0);
INSERT INTO `meeting_events` (`id`, `created_at`, `updated_at`, `event_order`, `begin_time`, `is_out_of_race`, `is_autofilled`, `notes`, `meeting_session_id`, `event_type_id`, `heat_type_id`, `user_id`, `has_separate_gender_start_list`, `has_separate_category_start_list`)
  VALUES (8737, '2016-10-26 14:53:34', '2016-10-26 14:53:34', 4, '2000-01-01 10:00:00', 0, 1, NULL, 1700, 15, 3, 1, 1, 0);
INSERT INTO `meeting_events` (`id`, `created_at`, `updated_at`, `event_order`, `begin_time`, `is_out_of_race`, `is_autofilled`, `notes`, `meeting_session_id`, `event_type_id`, `heat_type_id`, `user_id`, `has_separate_gender_start_list`, `has_separate_category_start_list`)
  VALUES (8738, '2016-10-26 14:53:34', '2016-10-26 14:53:34', 5, '2000-01-01 10:38:00', 0, 1, NULL, 1700, 11, 3, 1, 1, 0);
INSERT INTO `meeting_events` (`id`, `created_at`, `updated_at`, `event_order`, `begin_time`, `is_out_of_race`, `is_autofilled`, `notes`, `meeting_session_id`, `event_type_id`, `heat_type_id`, `user_id`, `has_separate_gender_start_list`, `has_separate_category_start_list`)
  VALUES (8739, '2016-10-26 14:53:34', '2016-10-26 14:53:34', 6, '2000-01-01 11:16:00', 0, 1, NULL, 1700, 19, 3, 1, 1, 0);
INSERT INTO `meeting_events` (`id`, `created_at`, `updated_at`, `event_order`, `begin_time`, `is_out_of_race`, `is_autofilled`, `notes`, `meeting_session_id`, `event_type_id`, `heat_type_id`, `user_id`, `has_separate_gender_start_list`, `has_separate_category_start_list`)
  VALUES (8740, '2016-10-26 14:53:34', '2016-10-26 14:53:34', 7, '2000-01-01 11:58:00', 0, 1, NULL, 1700, 2, 3, 1, 1, 0);
INSERT INTO `meeting_events` (`id`, `created_at`, `updated_at`, `event_order`, `begin_time`, `is_out_of_race`, `is_autofilled`, `notes`, `meeting_session_id`, `event_type_id`, `heat_type_id`, `user_id`, `has_separate_gender_start_list`, `has_separate_category_start_list`)
  VALUES (8741, '2016-10-26 14:53:34', '2016-10-26 14:53:34', 8, '2000-01-01 12:40:30', 0, 1, NULL, 1700, 32, 3, 1, 1, 0);
INSERT INTO `meeting_sessions` (`id`, `session_order`, `scheduled_date`, `warm_up_time`, `begin_time`, `notes`, `meeting_id`, `swimming_pool_id`, `user_id`, `created_at`, `updated_at`, `description`, `is_autofilled`, `day_part_type_id`)
  VALUES (1701, 2, '2016-12-04', '2000-01-01 00:00:00', '2000-01-01 00:00:00', '', 16251, 81, 2, '2016-10-26 14:53:34', '2016-10-26 14:53:34', 'FINALI', 1, 2);

-- 15252-bolzanomercatinodibolzano TROFEO MERCATINO DI BOLZANO 2015-12-08
INSERT INTO `meetings` (`id`, `description`, `entry_deadline`, `has_warm_up_pool`, `is_under_25_admitted`, `reference_phone`, `reference_e_mail`, `reference_name`, `notes`, `has_invitation`, `has_start_list`, `are_results_acquired`, `max_individual_events`, `configuration_file`, `edition`, `season_id`, `user_id`, `created_at`, `updated_at`, `is_autofilled`, `header_date`, `code`, `header_year`, `max_individual_events_per_session`, `is_out_of_season`, `edition_type_id`, `timing_type_id`, `individual_score_computation_type_id`, `relay_score_computation_type_id`, `team_score_computation_type_id`, `meeting_score_computation_type_id`, `invitation`, `is_confirmed`)
  VALUES (16252, 'TROFEO MERCATINO DI BOLZANO', NULL, 0, 1, NULL, NULL, NULL, 'Bozen Masters', 0, 0, 0, 2, '?', 17, 162, 2, '2016-10-26 14:53:34', '2016-10-26 14:53:34', 1, '2016-12-06', 'bolzanomercatinodibolzano', '2016', 0, 0, 2, 3, 1, 1, 12, 1, NULL, 0);
INSERT INTO `meeting_sessions` (`id`, `session_order`, `scheduled_date`, `warm_up_time`, `begin_time`, `notes`, `meeting_id`, `swimming_pool_id`, `user_id`, `created_at`, `updated_at`, `description`, `is_autofilled`, `day_part_type_id`)
  VALUES (1702, 1, '2016-12-06', '2000-01-01 00:00:00', '2000-01-01 00:00:00', '', 16252, 87, 2, '2016-10-26 14:53:34', '2016-10-26 14:53:34', 'FINALI', 1, 1);
INSERT INTO `meeting_events` (`id`, `created_at`, `updated_at`, `event_order`, `begin_time`, `is_out_of_race`, `is_autofilled`, `notes`, `meeting_session_id`, `event_type_id`, `heat_type_id`, `user_id`, `has_separate_gender_start_list`, `has_separate_category_start_list`)
  VALUES (8742, '2016-10-26 14:53:34', '2016-10-26 14:53:34', 1, '2000-01-01 08:02:00', 0, 1, NULL, 1702, 16, 3, 1, 1, 0);
INSERT INTO `meeting_events` (`id`, `created_at`, `updated_at`, `event_order`, `begin_time`, `is_out_of_race`, `is_autofilled`, `notes`, `meeting_session_id`, `event_type_id`, `heat_type_id`, `user_id`, `has_separate_gender_start_list`, `has_separate_category_start_list`)
  VALUES (8743, '2016-10-26 14:53:34', '2016-10-26 14:53:34', 2, '2000-01-01 08:28:00', 0, 1, NULL, 1702, 12, 3, 1, 1, 0);
INSERT INTO `meeting_events` (`id`, `created_at`, `updated_at`, `event_order`, `begin_time`, `is_out_of_race`, `is_autofilled`, `notes`, `meeting_session_id`, `event_type_id`, `heat_type_id`, `user_id`, `has_separate_gender_start_list`, `has_separate_category_start_list`)
  VALUES (8744, '2016-10-26 14:53:34', '2016-10-26 14:53:34', 3, '2000-01-01 08:42:00', 0, 1, NULL, 1702, 22, 3, 1, 1, 0);
INSERT INTO `meeting_events` (`id`, `created_at`, `updated_at`, `event_order`, `begin_time`, `is_out_of_race`, `is_autofilled`, `notes`, `meeting_session_id`, `event_type_id`, `heat_type_id`, `user_id`, `has_separate_gender_start_list`, `has_separate_category_start_list`)
  VALUES (8745, '2016-10-26 14:53:34', '2016-10-26 14:53:34', 4, '2000-01-01 09:16:00', 0, 1, NULL, 1702, 20, 3, 1, 1, 0);
INSERT INTO `meeting_events` (`id`, `created_at`, `updated_at`, `event_order`, `begin_time`, `is_out_of_race`, `is_autofilled`, `notes`, `meeting_session_id`, `event_type_id`, `heat_type_id`, `user_id`, `has_separate_gender_start_list`, `has_separate_category_start_list`)
  VALUES (8746, '2016-10-26 14:53:34', '2016-10-26 14:53:34', 5, '2000-01-01 09:52:00', 0, 1, NULL, 1702, 3, 3, 1, 1, 0);
INSERT INTO `meeting_events` (`id`, `created_at`, `updated_at`, `event_order`, `begin_time`, `is_out_of_race`, `is_autofilled`, `notes`, `meeting_session_id`, `event_type_id`, `heat_type_id`, `user_id`, `has_separate_gender_start_list`, `has_separate_category_start_list`)
  VALUES (8747, '2016-10-26 14:53:34', '2016-10-26 14:53:34', 6, '2000-01-01 10:30:00', 0, 1, NULL, 1702, 17, 3, 1, 1, 0);
INSERT INTO `meeting_events` (`id`, `created_at`, `updated_at`, `event_order`, `begin_time`, `is_out_of_race`, `is_autofilled`, `notes`, `meeting_session_id`, `event_type_id`, `heat_type_id`, `user_id`, `has_separate_gender_start_list`, `has_separate_category_start_list`)
  VALUES (8748, '2016-10-26 14:53:34', '2016-10-26 14:53:34', 7, '2000-01-01 10:46:00', 0, 1, NULL, 1702, 21, 3, 1, 1, 0);
INSERT INTO `meeting_events` (`id`, `created_at`, `updated_at`, `event_order`, `begin_time`, `is_out_of_race`, `is_autofilled`, `notes`, `meeting_session_id`, `event_type_id`, `heat_type_id`, `user_id`, `has_separate_gender_start_list`, `has_separate_category_start_list`)
  VALUES (8749, '2016-10-26 14:53:34', '2016-10-26 14:53:34', 8, '2000-01-01 11:12:00', 0, 1, NULL, 1702, 4, 3, 1, 1, 0);
INSERT INTO `meeting_events` (`id`, `created_at`, `updated_at`, `event_order`, `begin_time`, `is_out_of_race`, `is_autofilled`, `notes`, `meeting_session_id`, `event_type_id`, `heat_type_id`, `user_id`, `has_separate_gender_start_list`, `has_separate_category_start_list`)
  VALUES (8750, '2016-10-26 14:53:34', '2016-10-26 14:53:34', 9, '2000-01-01 11:42:00', 0, 1, NULL, 1702, 24, 3, 1, 1, 0);
INSERT INTO `meeting_events` (`id`, `created_at`, `updated_at`, `event_order`, `begin_time`, `is_out_of_race`, `is_autofilled`, `notes`, `meeting_session_id`, `event_type_id`, `heat_type_id`, `user_id`, `has_separate_gender_start_list`, `has_separate_category_start_list`)
  VALUES (8751, '2016-10-26 14:53:34', '2016-10-26 14:53:34', 10, '2000-01-01 12:08:00', 0, 1, NULL, 1702, 11, 3, 1, 1, 0);
INSERT INTO `meeting_events` (`id`, `created_at`, `updated_at`, `event_order`, `begin_time`, `is_out_of_race`, `is_autofilled`, `notes`, `meeting_session_id`, `event_type_id`, `heat_type_id`, `user_id`, `has_separate_gender_start_list`, `has_separate_category_start_list`)
  VALUES (8752, '2016-10-26 14:53:34', '2016-10-26 14:53:34', 11, '2000-01-01 12:36:30', 0, 1, NULL, 1702, 33, 3, 1, 1, 0);
INSERT INTO `meeting_events` (`id`, `created_at`, `updated_at`, `event_order`, `begin_time`, `is_out_of_race`, `is_autofilled`, `notes`, `meeting_session_id`, `event_type_id`, `heat_type_id`, `user_id`, `has_separate_gender_start_list`, `has_separate_category_start_list`)
  VALUES (8753, '2016-10-26 14:53:34', '2016-10-26 14:53:34', 12, '2000-01-01 12:36:30', 0, 1, NULL, 1702, 26, 3, 1, 1, 0);
INSERT INTO `meeting_sessions` (`id`, `session_order`, `scheduled_date`, `warm_up_time`, `begin_time`, `notes`, `meeting_id`, `swimming_pool_id`, `user_id`, `created_at`, `updated_at`, `description`, `is_autofilled`, `day_part_type_id`)
  VALUES (1703, 2, '2016-12-06', '2000-01-01 00:00:00', '2000-01-01 00:00:00', '', 16252, 87, 2, '2016-10-26 14:53:34', '2016-10-26 14:53:34', 'FINALI', 1, 2);

-- 15253-modugnosantaclaus TROFEO SANTA CLAUS 2015-12-12
INSERT INTO `meetings` (`id`, `description`, `entry_deadline`, `has_warm_up_pool`, `is_under_25_admitted`, `reference_phone`, `reference_e_mail`, `reference_name`, `notes`, `has_invitation`, `has_start_list`, `are_results_acquired`, `max_individual_events`, `configuration_file`, `edition`, `season_id`, `user_id`, `created_at`, `updated_at`, `is_autofilled`, `header_date`, `code`, `header_year`, `max_individual_events_per_session`, `is_out_of_season`, `edition_type_id`, `timing_type_id`, `individual_score_computation_type_id`, `relay_score_computation_type_id`, `team_score_computation_type_id`, `meeting_score_computation_type_id`, `invitation`, `is_confirmed`)
  VALUES (16253, 'TROFEO SANTA CLAUS', NULL, 0, 1, NULL, NULL, NULL, 'G.P. MODUGNO', 0, 0, 0, 2, '?', 17, 162, 2, '2016-10-26 14:53:34', '2016-10-26 14:53:34', 1, '2016-12-10', 'modugnosantaclaus', '2016', 0, 0, 2, 3, 1, 1, 12, 1, NULL, 0);
INSERT INTO `meeting_sessions` (`id`, `session_order`, `scheduled_date`, `warm_up_time`, `begin_time`, `notes`, `meeting_id`, `swimming_pool_id`, `user_id`, `created_at`, `updated_at`, `description`, `is_autofilled`, `day_part_type_id`)
  VALUES (1704, 1, '2016-12-10', '2000-01-01 00:00:00', '2000-01-01 00:00:00', '', 16253, 147, 2, '2016-10-26 14:53:34', '2016-10-26 14:53:34', 'FINALI', 1, 2);
INSERT INTO `meeting_events` (`id`, `created_at`, `updated_at`, `event_order`, `begin_time`, `is_out_of_race`, `is_autofilled`, `notes`, `meeting_session_id`, `event_type_id`, `heat_type_id`, `user_id`, `has_separate_gender_start_list`, `has_separate_category_start_list`)
  VALUES (8754, '2016-10-26 14:53:34', '2016-10-26 14:53:34', 1, '2000-01-01 08:02:00', 0, 1, NULL, 1704, 12, 3, 1, 1, 0);
INSERT INTO `meeting_events` (`id`, `created_at`, `updated_at`, `event_order`, `begin_time`, `is_out_of_race`, `is_autofilled`, `notes`, `meeting_session_id`, `event_type_id`, `heat_type_id`, `user_id`, `has_separate_gender_start_list`, `has_separate_category_start_list`)
  VALUES (8755, '2016-10-26 14:53:34', '2016-10-26 14:53:34', 2, '2000-01-01 08:26:00', 0, 1, NULL, 1704, 22, 3, 1, 1, 0);
INSERT INTO `meeting_events` (`id`, `created_at`, `updated_at`, `event_order`, `begin_time`, `is_out_of_race`, `is_autofilled`, `notes`, `meeting_session_id`, `event_type_id`, `heat_type_id`, `user_id`, `has_separate_gender_start_list`, `has_separate_category_start_list`)
  VALUES (8756, '2016-10-26 14:53:35', '2016-10-26 14:53:35', 3, '2000-01-01 08:56:00', 0, 1, NULL, 1704, 20, 3, 1, 1, 0);
INSERT INTO `meeting_events` (`id`, `created_at`, `updated_at`, `event_order`, `begin_time`, `is_out_of_race`, `is_autofilled`, `notes`, `meeting_session_id`, `event_type_id`, `heat_type_id`, `user_id`, `has_separate_gender_start_list`, `has_separate_category_start_list`)
  VALUES (8757, '2016-10-26 14:53:35', '2016-10-26 14:53:35', 4, '2000-01-01 09:32:00', 0, 1, NULL, 1704, 3, 3, 1, 1, 0);
INSERT INTO `meeting_events` (`id`, `created_at`, `updated_at`, `event_order`, `begin_time`, `is_out_of_race`, `is_autofilled`, `notes`, `meeting_session_id`, `event_type_id`, `heat_type_id`, `user_id`, `has_separate_gender_start_list`, `has_separate_category_start_list`)
  VALUES (8758, '2016-10-26 14:53:35', '2016-10-26 14:53:35', 5, '2000-01-01 10:12:00', 0, 1, NULL, 1704, 17, 3, 1, 1, 0);
INSERT INTO `meeting_events` (`id`, `created_at`, `updated_at`, `event_order`, `begin_time`, `is_out_of_race`, `is_autofilled`, `notes`, `meeting_session_id`, `event_type_id`, `heat_type_id`, `user_id`, `has_separate_gender_start_list`, `has_separate_category_start_list`)
  VALUES (8759, '2016-10-26 14:53:35', '2016-10-26 14:53:35', 6, '2000-01-01 10:48:00', 0, 1, NULL, 1704, 21, 3, 1, 1, 0);
INSERT INTO `meeting_events` (`id`, `created_at`, `updated_at`, `event_order`, `begin_time`, `is_out_of_race`, `is_autofilled`, `notes`, `meeting_session_id`, `event_type_id`, `heat_type_id`, `user_id`, `has_separate_gender_start_list`, `has_separate_category_start_list`)
  VALUES (8760, '2016-10-26 14:53:35', '2016-10-26 14:53:35', 7, '2000-01-01 11:22:00', 0, 1, NULL, 1704, 24, 3, 1, 1, 0);
INSERT INTO `meeting_events` (`id`, `created_at`, `updated_at`, `event_order`, `begin_time`, `is_out_of_race`, `is_autofilled`, `notes`, `meeting_session_id`, `event_type_id`, `heat_type_id`, `user_id`, `has_separate_gender_start_list`, `has_separate_category_start_list`)
  VALUES (8761, '2016-10-26 14:53:35', '2016-10-26 14:53:35', 8, '2000-01-01 11:46:00', 0, 1, NULL, 1704, 15, 3, 1, 1, 0);
INSERT INTO `meeting_events` (`id`, `created_at`, `updated_at`, `event_order`, `begin_time`, `is_out_of_race`, `is_autofilled`, `notes`, `meeting_session_id`, `event_type_id`, `heat_type_id`, `user_id`, `has_separate_gender_start_list`, `has_separate_category_start_list`)
  VALUES (8762, '2016-10-26 14:53:35', '2016-10-26 14:53:35', 9, '2000-01-01 12:24:00', 0, 1, NULL, 1704, 11, 3, 1, 1, 0);
INSERT INTO `meeting_events` (`id`, `created_at`, `updated_at`, `event_order`, `begin_time`, `is_out_of_race`, `is_autofilled`, `notes`, `meeting_session_id`, `event_type_id`, `heat_type_id`, `user_id`, `has_separate_gender_start_list`, `has_separate_category_start_list`)
  VALUES (8763, '2016-10-26 14:53:35', '2016-10-26 14:53:35', 10, '2000-01-01 12:58:00', 0, 1, NULL, 1704, 19, 3, 1, 1, 0);
INSERT INTO `meeting_events` (`id`, `created_at`, `updated_at`, `event_order`, `begin_time`, `is_out_of_race`, `is_autofilled`, `notes`, `meeting_session_id`, `event_type_id`, `heat_type_id`, `user_id`, `has_separate_gender_start_list`, `has_separate_category_start_list`)
  VALUES (8764, '2016-10-26 14:53:35', '2016-10-26 14:53:35', 11, '2000-01-01 13:38:00', 0, 1, NULL, 1704, 2, 3, 1, 1, 0);
INSERT INTO `meeting_events` (`id`, `created_at`, `updated_at`, `event_order`, `begin_time`, `is_out_of_race`, `is_autofilled`, `notes`, `meeting_session_id`, `event_type_id`, `heat_type_id`, `user_id`, `has_separate_gender_start_list`, `has_separate_category_start_list`)
  VALUES (8765, '2016-10-26 14:53:35', '2016-10-26 14:53:35', 12, '2000-01-01 14:20:00', 0, 1, NULL, 1704, 6, 3, 1, 1, 0);
INSERT INTO `meeting_events` (`id`, `created_at`, `updated_at`, `event_order`, `begin_time`, `is_out_of_race`, `is_autofilled`, `notes`, `meeting_session_id`, `event_type_id`, `heat_type_id`, `user_id`, `has_separate_gender_start_list`, `has_separate_category_start_list`)
  VALUES (8766, '2016-10-26 14:53:35', '2016-10-26 14:53:35', 13, '2000-01-01 14:56:30', 0, 1, NULL, 1704, 33, 3, 1, 1, 0);
INSERT INTO `meeting_events` (`id`, `created_at`, `updated_at`, `event_order`, `begin_time`, `is_out_of_race`, `is_autofilled`, `notes`, `meeting_session_id`, `event_type_id`, `heat_type_id`, `user_id`, `has_separate_gender_start_list`, `has_separate_category_start_list`)
  VALUES (8767, '2016-10-26 14:53:35', '2016-10-26 14:53:35', 14, '2000-01-01 14:54:00', 0, 1, NULL, 1704, 32, 3, 1, 1, 0);
INSERT INTO `meeting_events` (`id`, `created_at`, `updated_at`, `event_order`, `begin_time`, `is_out_of_race`, `is_autofilled`, `notes`, `meeting_session_id`, `event_type_id`, `heat_type_id`, `user_id`, `has_separate_gender_start_list`, `has_separate_category_start_list`)
  VALUES (8768, '2016-10-26 14:53:35', '2016-10-26 14:53:35', 15, '2000-01-01 14:50:30', 0, 1, NULL, 1704, 25, 3, 1, 1, 0);
INSERT INTO `meeting_sessions` (`id`, `session_order`, `scheduled_date`, `warm_up_time`, `begin_time`, `notes`, `meeting_id`, `swimming_pool_id`, `user_id`, `created_at`, `updated_at`, `description`, `is_autofilled`, `day_part_type_id`)
  VALUES (1705, 2, '2016-12-11', '2000-01-01 00:00:00', '2000-01-01 00:00:00', '', 16253, 147, 2, '2016-10-26 14:53:35', '2016-10-26 14:53:35', 'FINALI', 1, 1);

-- 15254-ostiaceliobrunelleschi MEMORIAL CELIO BRUNELLESCHI 2015-12-05
INSERT INTO `meetings` (`id`, `description`, `entry_deadline`, `has_warm_up_pool`, `is_under_25_admitted`, `reference_phone`, `reference_e_mail`, `reference_name`, `notes`, `has_invitation`, `has_start_list`, `are_results_acquired`, `max_individual_events`, `configuration_file`, `edition`, `season_id`, `user_id`, `created_at`, `updated_at`, `is_autofilled`, `header_date`, `code`, `header_year`, `max_individual_events_per_session`, `is_out_of_season`, `edition_type_id`, `timing_type_id`, `individual_score_computation_type_id`, `relay_score_computation_type_id`, `team_score_computation_type_id`, `meeting_score_computation_type_id`, `invitation`, `is_confirmed`)
  VALUES (16254, 'MEMORIAL CELIO BRUNELLESCHI', NULL, 0, 1, NULL, NULL, NULL, 'Europa Sporting Roma', 0, 0, 0, 2, '?', 17, 162, 2, '2016-10-26 14:53:35', '2016-10-26 14:53:35', 1, '2016-12-03', 'ostiaceliobrunelleschi', '2016', 0, 0, 2, 3, 1, 1, 12, 1, NULL, 0);
INSERT INTO `meeting_sessions` (`id`, `session_order`, `scheduled_date`, `warm_up_time`, `begin_time`, `notes`, `meeting_id`, `swimming_pool_id`, `user_id`, `created_at`, `updated_at`, `description`, `is_autofilled`, `day_part_type_id`)
  VALUES (1706, 1, '2016-12-03', '2000-01-01 00:00:00', '2000-01-01 00:00:00', '', 16254, 148, 2, '2016-10-26 14:53:35', '2016-10-26 14:53:35', 'FINALI', 1, 2);
INSERT INTO `meeting_events` (`id`, `created_at`, `updated_at`, `event_order`, `begin_time`, `is_out_of_race`, `is_autofilled`, `notes`, `meeting_session_id`, `event_type_id`, `heat_type_id`, `user_id`, `has_separate_gender_start_list`, `has_separate_category_start_list`)
  VALUES (8769, '2016-10-26 14:53:35', '2016-10-26 14:53:35', 1, '2000-01-01 08:02:00', 0, 1, NULL, 1706, 16, 3, 1, 1, 0);
INSERT INTO `meeting_events` (`id`, `created_at`, `updated_at`, `event_order`, `begin_time`, `is_out_of_race`, `is_autofilled`, `notes`, `meeting_session_id`, `event_type_id`, `heat_type_id`, `user_id`, `has_separate_gender_start_list`, `has_separate_category_start_list`)
  VALUES (8770, '2016-10-26 14:53:35', '2016-10-26 14:53:35', 2, '2000-01-01 08:42:00', 0, 1, NULL, 1706, 12, 3, 1, 1, 0);
INSERT INTO `meeting_events` (`id`, `created_at`, `updated_at`, `event_order`, `begin_time`, `is_out_of_race`, `is_autofilled`, `notes`, `meeting_session_id`, `event_type_id`, `heat_type_id`, `user_id`, `has_separate_gender_start_list`, `has_separate_category_start_list`)
  VALUES (8771, '2016-10-26 14:53:35', '2016-10-26 14:53:35', 3, '2000-01-01 09:10:00', 0, 1, NULL, 1706, 20, 3, 1, 1, 0);
INSERT INTO `meeting_events` (`id`, `created_at`, `updated_at`, `event_order`, `begin_time`, `is_out_of_race`, `is_autofilled`, `notes`, `meeting_session_id`, `event_type_id`, `heat_type_id`, `user_id`, `has_separate_gender_start_list`, `has_separate_category_start_list`)
  VALUES (8772, '2016-10-26 14:53:35', '2016-10-26 14:53:35', 4, '2000-01-01 09:50:00', 0, 1, NULL, 1706, 3, 3, 1, 1, 0);
INSERT INTO `meeting_events` (`id`, `created_at`, `updated_at`, `event_order`, `begin_time`, `is_out_of_race`, `is_autofilled`, `notes`, `meeting_session_id`, `event_type_id`, `heat_type_id`, `user_id`, `has_separate_gender_start_list`, `has_separate_category_start_list`)
  VALUES (8773, '2016-10-26 14:53:35', '2016-10-26 14:53:35', 5, '2000-01-01 10:32:00', 0, 1, NULL, 1706, 15, 3, 1, 1, 0);
INSERT INTO `meeting_events` (`id`, `created_at`, `updated_at`, `event_order`, `begin_time`, `is_out_of_race`, `is_autofilled`, `notes`, `meeting_session_id`, `event_type_id`, `heat_type_id`, `user_id`, `has_separate_gender_start_list`, `has_separate_category_start_list`)
  VALUES (8774, '2016-10-26 14:53:35', '2016-10-26 14:53:35', 6, '2000-01-01 11:14:00', 0, 1, NULL, 1706, 11, 3, 1, 1, 0);
INSERT INTO `meeting_events` (`id`, `created_at`, `updated_at`, `event_order`, `begin_time`, `is_out_of_race`, `is_autofilled`, `notes`, `meeting_session_id`, `event_type_id`, `heat_type_id`, `user_id`, `has_separate_gender_start_list`, `has_separate_category_start_list`)
  VALUES (8775, '2016-10-26 14:53:35', '2016-10-26 14:53:35', 7, '2000-01-01 11:54:00', 0, 1, NULL, 1706, 19, 3, 1, 1, 0);
INSERT INTO `meeting_events` (`id`, `created_at`, `updated_at`, `event_order`, `begin_time`, `is_out_of_race`, `is_autofilled`, `notes`, `meeting_session_id`, `event_type_id`, `heat_type_id`, `user_id`, `has_separate_gender_start_list`, `has_separate_category_start_list`)
  VALUES (8776, '2016-10-26 14:53:35', '2016-10-26 14:53:35', 8, '2000-01-01 12:34:00', 0, 1, NULL, 1706, 2, 3, 1, 1, 0);
INSERT INTO `meeting_sessions` (`id`, `session_order`, `scheduled_date`, `warm_up_time`, `begin_time`, `notes`, `meeting_id`, `swimming_pool_id`, `user_id`, `created_at`, `updated_at`, `description`, `is_autofilled`, `day_part_type_id`)
  VALUES (1707, 2, '2016-12-04', '2000-01-01 00:00:00', '2000-01-01 00:00:00', '', 16254, 148, 2, '2016-10-26 14:53:35', '2016-10-26 14:53:35', 'FINALI', 1, 1);

-- 15255-sondriolibsnef MEETING LIB SNEF 2015-12-19
INSERT INTO `meetings` (`id`, `description`, `entry_deadline`, `has_warm_up_pool`, `is_under_25_admitted`, `reference_phone`, `reference_e_mail`, `reference_name`, `notes`, `has_invitation`, `has_start_list`, `are_results_acquired`, `max_individual_events`, `configuration_file`, `edition`, `season_id`, `user_id`, `created_at`, `updated_at`, `is_autofilled`, `header_date`, `code`, `header_year`, `max_individual_events_per_session`, `is_out_of_season`, `edition_type_id`, `timing_type_id`, `individual_score_computation_type_id`, `relay_score_computation_type_id`, `team_score_computation_type_id`, `meeting_score_computation_type_id`, `invitation`, `is_confirmed`)
  VALUES (16255, 'MEETING LIB SNEF', NULL, 0, 1, NULL, NULL, NULL, 'Libertas SNEF ASD', 0, 0, 0, 2, '?', 17, 162, 2, '2016-10-26 14:53:35', '2016-10-26 14:53:35', 1, '2016-12-17', 'sondriolibsnef', '2017', 0, 0, 2, 3, 1, 1, 12, 1, NULL, 0);
INSERT INTO `meeting_sessions` (`id`, `session_order`, `scheduled_date`, `warm_up_time`, `begin_time`, `notes`, `meeting_id`, `swimming_pool_id`, `user_id`, `created_at`, `updated_at`, `description`, `is_autofilled`, `day_part_type_id`)
  VALUES (1708, 1, '2016-12-17', '2000-01-01 00:00:00', '2000-01-01 00:00:00', '', 16255, 57, 2, '2016-10-26 14:53:35', '2016-10-26 14:53:35', 'FINALI', 1, 1);
INSERT INTO `meeting_events` (`id`, `created_at`, `updated_at`, `event_order`, `begin_time`, `is_out_of_race`, `is_autofilled`, `notes`, `meeting_session_id`, `event_type_id`, `heat_type_id`, `user_id`, `has_separate_gender_start_list`, `has_separate_category_start_list`)
  VALUES (8777, '2016-10-26 14:53:35', '2016-10-26 14:53:35', 1, '2000-01-01 08:02:00', 0, 1, NULL, 1708, 3, 3, 1, 1, 0);
INSERT INTO `meeting_events` (`id`, `created_at`, `updated_at`, `event_order`, `begin_time`, `is_out_of_race`, `is_autofilled`, `notes`, `meeting_session_id`, `event_type_id`, `heat_type_id`, `user_id`, `has_separate_gender_start_list`, `has_separate_category_start_list`)
  VALUES (8778, '2016-10-26 14:53:35', '2016-10-26 14:53:35', 2, '2000-01-01 08:46:00', 0, 1, NULL, 1708, 21, 3, 1, 1, 0);
INSERT INTO `meeting_events` (`id`, `created_at`, `updated_at`, `event_order`, `begin_time`, `is_out_of_race`, `is_autofilled`, `notes`, `meeting_session_id`, `event_type_id`, `heat_type_id`, `user_id`, `has_separate_gender_start_list`, `has_separate_category_start_list`)
  VALUES (8779, '2016-10-26 14:53:35', '2016-10-26 14:53:35', 3, '2000-01-01 09:18:00', 0, 1, NULL, 1708, 5, 3, 1, 1, 0);
INSERT INTO `meeting_events` (`id`, `created_at`, `updated_at`, `event_order`, `begin_time`, `is_out_of_race`, `is_autofilled`, `notes`, `meeting_session_id`, `event_type_id`, `heat_type_id`, `user_id`, `has_separate_gender_start_list`, `has_separate_category_start_list`)
  VALUES (8780, '2016-10-26 14:53:35', '2016-10-26 14:53:35', 4, '2000-01-01 09:54:00', 0, 1, NULL, 1708, 15, 3, 1, 1, 0);
INSERT INTO `meeting_events` (`id`, `created_at`, `updated_at`, `event_order`, `begin_time`, `is_out_of_race`, `is_autofilled`, `notes`, `meeting_session_id`, `event_type_id`, `heat_type_id`, `user_id`, `has_separate_gender_start_list`, `has_separate_category_start_list`)
  VALUES (8781, '2016-10-26 14:53:35', '2016-10-26 14:53:35', 5, '2000-01-01 10:34:00', 0, 1, NULL, 1708, 11, 3, 1, 1, 0);
INSERT INTO `meeting_events` (`id`, `created_at`, `updated_at`, `event_order`, `begin_time`, `is_out_of_race`, `is_autofilled`, `notes`, `meeting_session_id`, `event_type_id`, `heat_type_id`, `user_id`, `has_separate_gender_start_list`, `has_separate_category_start_list`)
  VALUES (8782, '2016-10-26 14:53:35', '2016-10-26 14:53:35', 6, '2000-01-01 11:16:00', 0, 1, NULL, 1708, 19, 3, 1, 1, 0);
INSERT INTO `meeting_events` (`id`, `created_at`, `updated_at`, `event_order`, `begin_time`, `is_out_of_race`, `is_autofilled`, `notes`, `meeting_session_id`, `event_type_id`, `heat_type_id`, `user_id`, `has_separate_gender_start_list`, `has_separate_category_start_list`)
  VALUES (8783, '2016-10-26 14:53:35', '2016-10-26 14:53:35', 7, '2000-01-01 11:54:00', 0, 1, NULL, 1708, 2, 3, 1, 1, 0);
INSERT INTO `meeting_events` (`id`, `created_at`, `updated_at`, `event_order`, `begin_time`, `is_out_of_race`, `is_autofilled`, `notes`, `meeting_session_id`, `event_type_id`, `heat_type_id`, `user_id`, `has_separate_gender_start_list`, `has_separate_category_start_list`)
  VALUES (8784, '2016-10-26 14:53:35', '2016-10-26 14:53:35', 8, '2000-01-01 12:38:30', 0, 1, NULL, 1708, 33, 3, 1, 1, 0);
INSERT INTO `meeting_sessions` (`id`, `session_order`, `scheduled_date`, `warm_up_time`, `begin_time`, `notes`, `meeting_id`, `swimming_pool_id`, `user_id`, `created_at`, `updated_at`, `description`, `is_autofilled`, `day_part_type_id`)
  VALUES (1709, 2, '2016-12-17', '2000-01-01 00:00:00', '2000-01-01 00:00:00', '', 16255, 57, 2, '2016-10-26 14:53:35', '2016-10-26 14:53:35', 'FINALI', 1, 2);

-- 15256-tortona TROFEO CITT DI TORTONA 2015-12-13
INSERT INTO `meetings` (`id`, `description`, `entry_deadline`, `has_warm_up_pool`, `is_under_25_admitted`, `reference_phone`, `reference_e_mail`, `reference_name`, `notes`, `has_invitation`, `has_start_list`, `are_results_acquired`, `max_individual_events`, `configuration_file`, `edition`, `season_id`, `user_id`, `created_at`, `updated_at`, `is_autofilled`, `header_date`, `code`, `header_year`, `max_individual_events_per_session`, `is_out_of_season`, `edition_type_id`, `timing_type_id`, `individual_score_computation_type_id`, `relay_score_computation_type_id`, `team_score_computation_type_id`, `meeting_score_computation_type_id`, `invitation`, `is_confirmed`)
  VALUES (16256, 'TROFEO CITT DI TORTONA', NULL, 0, 1, NULL, NULL, NULL, 'Derthona Nuoto', 0, 0, 0, 2, '?', 17, 162, 2, '2016-10-26 14:53:35', '2016-10-26 14:53:35', 1, '2016-12-11', 'tortona', '2017', 0, 0, 2, 3, 1, 1, 12, 1, NULL, 0);
INSERT INTO `meeting_sessions` (`id`, `session_order`, `scheduled_date`, `warm_up_time`, `begin_time`, `notes`, `meeting_id`, `swimming_pool_id`, `user_id`, `created_at`, `updated_at`, `description`, `is_autofilled`, `day_part_type_id`)
  VALUES (1710, 1, '2016-12-11', '2000-01-01 00:00:00', '2000-01-01 00:00:00', '', 16256, 85, 2, '2016-10-26 14:53:35', '2016-10-26 14:53:35', 'FINALI', 1, 1);
INSERT INTO `meeting_events` (`id`, `created_at`, `updated_at`, `event_order`, `begin_time`, `is_out_of_race`, `is_autofilled`, `notes`, `meeting_session_id`, `event_type_id`, `heat_type_id`, `user_id`, `has_separate_gender_start_list`, `has_separate_category_start_list`)
  VALUES (8785, '2016-10-26 14:53:35', '2016-10-26 14:53:35', 1, '2000-01-01 08:02:00', 0, 1, NULL, 1710, 12, 3, 1, 1, 0);
INSERT INTO `meeting_events` (`id`, `created_at`, `updated_at`, `event_order`, `begin_time`, `is_out_of_race`, `is_autofilled`, `notes`, `meeting_session_id`, `event_type_id`, `heat_type_id`, `user_id`, `has_separate_gender_start_list`, `has_separate_category_start_list`)
  VALUES (8786, '2016-10-26 14:53:35', '2016-10-26 14:53:35', 2, '2000-01-01 08:42:00', 0, 1, NULL, 1710, 22, 3, 1, 1, 0);
INSERT INTO `meeting_events` (`id`, `created_at`, `updated_at`, `event_order`, `begin_time`, `is_out_of_race`, `is_autofilled`, `notes`, `meeting_session_id`, `event_type_id`, `heat_type_id`, `user_id`, `has_separate_gender_start_list`, `has_separate_category_start_list`)
  VALUES (8787, '2016-10-26 14:53:35', '2016-10-26 14:53:35', 3, '2000-01-01 09:22:00', 0, 1, NULL, 1710, 3, 3, 1, 1, 0);
INSERT INTO `meeting_events` (`id`, `created_at`, `updated_at`, `event_order`, `begin_time`, `is_out_of_race`, `is_autofilled`, `notes`, `meeting_session_id`, `event_type_id`, `heat_type_id`, `user_id`, `has_separate_gender_start_list`, `has_separate_category_start_list`)
  VALUES (8788, '2016-10-26 14:53:35', '2016-10-26 14:53:35', 4, '2000-01-01 10:04:00', 0, 1, NULL, 1710, 17, 3, 1, 1, 0);
INSERT INTO `meeting_events` (`id`, `created_at`, `updated_at`, `event_order`, `begin_time`, `is_out_of_race`, `is_autofilled`, `notes`, `meeting_session_id`, `event_type_id`, `heat_type_id`, `user_id`, `has_separate_gender_start_list`, `has_separate_category_start_list`)
  VALUES (8789, '2016-10-26 14:53:35', '2016-10-26 14:53:35', 5, '2000-01-01 10:44:00', 0, 1, NULL, 1710, 21, 3, 1, 1, 0);
INSERT INTO `meeting_events` (`id`, `created_at`, `updated_at`, `event_order`, `begin_time`, `is_out_of_race`, `is_autofilled`, `notes`, `meeting_session_id`, `event_type_id`, `heat_type_id`, `user_id`, `has_separate_gender_start_list`, `has_separate_category_start_list`)
  VALUES (8790, '2016-10-26 14:53:35', '2016-10-26 14:53:35', 6, '2000-01-01 11:18:00', 0, 1, NULL, 1710, 5, 3, 1, 1, 0);
INSERT INTO `meeting_events` (`id`, `created_at`, `updated_at`, `event_order`, `begin_time`, `is_out_of_race`, `is_autofilled`, `notes`, `meeting_session_id`, `event_type_id`, `heat_type_id`, `user_id`, `has_separate_gender_start_list`, `has_separate_category_start_list`)
  VALUES (8791, '2016-10-26 14:53:35', '2016-10-26 14:53:35', 7, '2000-01-01 11:56:00', 0, 1, NULL, 1710, 15, 3, 1, 1, 0);
INSERT INTO `meeting_events` (`id`, `created_at`, `updated_at`, `event_order`, `begin_time`, `is_out_of_race`, `is_autofilled`, `notes`, `meeting_session_id`, `event_type_id`, `heat_type_id`, `user_id`, `has_separate_gender_start_list`, `has_separate_category_start_list`)
  VALUES (8792, '2016-10-26 14:53:35', '2016-10-26 14:53:35', 8, '2000-01-01 12:38:00', 0, 1, NULL, 1710, 11, 3, 1, 1, 0);
INSERT INTO `meeting_events` (`id`, `created_at`, `updated_at`, `event_order`, `begin_time`, `is_out_of_race`, `is_autofilled`, `notes`, `meeting_session_id`, `event_type_id`, `heat_type_id`, `user_id`, `has_separate_gender_start_list`, `has_separate_category_start_list`)
  VALUES (8793, '2016-10-26 14:53:35', '2016-10-26 14:53:35', 9, '2000-01-01 13:16:00', 0, 1, NULL, 1710, 19, 3, 1, 1, 0);
INSERT INTO `meeting_events` (`id`, `created_at`, `updated_at`, `event_order`, `begin_time`, `is_out_of_race`, `is_autofilled`, `notes`, `meeting_session_id`, `event_type_id`, `heat_type_id`, `user_id`, `has_separate_gender_start_list`, `has_separate_category_start_list`)
  VALUES (8794, '2016-10-26 14:53:35', '2016-10-26 14:53:35', 10, '2000-01-01 13:58:00', 0, 1, NULL, 1710, 2, 3, 1, 1, 0);
INSERT INTO `meeting_events` (`id`, `created_at`, `updated_at`, `event_order`, `begin_time`, `is_out_of_race`, `is_autofilled`, `notes`, `meeting_session_id`, `event_type_id`, `heat_type_id`, `user_id`, `has_separate_gender_start_list`, `has_separate_category_start_list`)
  VALUES (8795, '2016-10-26 14:53:35', '2016-10-26 14:53:35', 11, '2000-01-01 14:40:30', 0, 1, NULL, 1710, 35, 3, 1, 1, 0);
INSERT INTO `meeting_events` (`id`, `created_at`, `updated_at`, `event_order`, `begin_time`, `is_out_of_race`, `is_autofilled`, `notes`, `meeting_session_id`, `event_type_id`, `heat_type_id`, `user_id`, `has_separate_gender_start_list`, `has_separate_category_start_list`)
  VALUES (8796, '2016-10-26 14:53:35', '2016-10-26 14:53:35', 12, '2000-01-01 14:40:30', 0, 1, NULL, 1710, 25, 3, 1, 1, 0);
INSERT INTO `meeting_sessions` (`id`, `session_order`, `scheduled_date`, `warm_up_time`, `begin_time`, `notes`, `meeting_id`, `swimming_pool_id`, `user_id`, `created_at`, `updated_at`, `description`, `is_autofilled`, `day_part_type_id`)
  VALUES (1711, 2, '2016-12-11', '2000-01-01 00:00:00', '2000-01-01 00:00:00', '', 16256, 85, 2, '2016-10-26 14:53:35', '2016-10-26 14:53:35', 'FINALI', 1, 2);

-- 15257-cagliaribuonnatalemaster BUON NATALE MASTER 2015-12-19
INSERT INTO `meetings` (`id`, `description`, `entry_deadline`, `has_warm_up_pool`, `is_under_25_admitted`, `reference_phone`, `reference_e_mail`, `reference_name`, `notes`, `has_invitation`, `has_start_list`, `are_results_acquired`, `max_individual_events`, `configuration_file`, `edition`, `season_id`, `user_id`, `created_at`, `updated_at`, `is_autofilled`, `header_date`, `code`, `header_year`, `max_individual_events_per_session`, `is_out_of_season`, `edition_type_id`, `timing_type_id`, `individual_score_computation_type_id`, `relay_score_computation_type_id`, `team_score_computation_type_id`, `meeting_score_computation_type_id`, `invitation`, `is_confirmed`)
  VALUES (16257, 'BUON NATALE MASTER', NULL, 0, 1, NULL, NULL, NULL, NULL, 0, 0, 0, 2, '?', 17, 162, 2, '2016-10-26 14:53:35', '2016-10-26 14:53:35', 1, '2016-12-17', 'cagliaribuonnatalemaster', '2017', 0, 0, 4, 3, 1, 1, 12, 1, NULL, 0);
INSERT INTO `meeting_sessions` (`id`, `session_order`, `scheduled_date`, `warm_up_time`, `begin_time`, `notes`, `meeting_id`, `swimming_pool_id`, `user_id`, `created_at`, `updated_at`, `description`, `is_autofilled`, `day_part_type_id`)
  VALUES (1712, 1, '2016-12-17', '2000-01-01 00:00:00', '2000-01-01 00:00:00', '', 16257, 157, 2, '2016-10-26 14:53:35', '2016-10-26 14:53:35', 'FINALI', 1, 1);
INSERT INTO `meeting_events` (`id`, `created_at`, `updated_at`, `event_order`, `begin_time`, `is_out_of_race`, `is_autofilled`, `notes`, `meeting_session_id`, `event_type_id`, `heat_type_id`, `user_id`, `has_separate_gender_start_list`, `has_separate_category_start_list`)
  VALUES (8797, '2016-10-26 14:53:35', '2016-10-26 14:53:35', 1, '2000-01-01 08:02:00', 0, 1, NULL, 1712, 22, 3, 1, 1, 0);
INSERT INTO `meeting_events` (`id`, `created_at`, `updated_at`, `event_order`, `begin_time`, `is_out_of_race`, `is_autofilled`, `notes`, `meeting_session_id`, `event_type_id`, `heat_type_id`, `user_id`, `has_separate_gender_start_list`, `has_separate_category_start_list`)
  VALUES (8798, '2016-10-26 14:53:35', '2016-10-26 14:53:35', 2, '2000-01-01 08:34:00', 0, 1, NULL, 1712, 4, 3, 1, 1, 0);
INSERT INTO `meeting_events` (`id`, `created_at`, `updated_at`, `event_order`, `begin_time`, `is_out_of_race`, `is_autofilled`, `notes`, `meeting_session_id`, `event_type_id`, `heat_type_id`, `user_id`, `has_separate_gender_start_list`, `has_separate_category_start_list`)
  VALUES (8799, '2016-10-26 14:53:35', '2016-10-26 14:53:35', 3, '2000-01-01 09:14:00', 0, 1, NULL, 1712, 15, 3, 1, 1, 0);
INSERT INTO `meeting_events` (`id`, `created_at`, `updated_at`, `event_order`, `begin_time`, `is_out_of_race`, `is_autofilled`, `notes`, `meeting_session_id`, `event_type_id`, `heat_type_id`, `user_id`, `has_separate_gender_start_list`, `has_separate_category_start_list`)
  VALUES (8800, '2016-10-26 14:53:35', '2016-10-26 14:53:35', 4, '2000-01-01 09:44:00', 0, 1, NULL, 1712, 11, 3, 1, 1, 0);
INSERT INTO `meeting_events` (`id`, `created_at`, `updated_at`, `event_order`, `begin_time`, `is_out_of_race`, `is_autofilled`, `notes`, `meeting_session_id`, `event_type_id`, `heat_type_id`, `user_id`, `has_separate_gender_start_list`, `has_separate_category_start_list`)
  VALUES (8801, '2016-10-26 14:53:35', '2016-10-26 14:53:35', 5, '2000-01-01 10:16:00', 0, 1, NULL, 1712, 19, 3, 1, 1, 0);
INSERT INTO `meeting_events` (`id`, `created_at`, `updated_at`, `event_order`, `begin_time`, `is_out_of_race`, `is_autofilled`, `notes`, `meeting_session_id`, `event_type_id`, `heat_type_id`, `user_id`, `has_separate_gender_start_list`, `has_separate_category_start_list`)
  VALUES (8802, '2016-10-26 14:53:35', '2016-10-26 14:53:35', 6, '2000-01-01 10:54:00', 0, 1, NULL, 1712, 2, 3, 1, 1, 0);
INSERT INTO `meeting_events` (`id`, `created_at`, `updated_at`, `event_order`, `begin_time`, `is_out_of_race`, `is_autofilled`, `notes`, `meeting_session_id`, `event_type_id`, `heat_type_id`, `user_id`, `has_separate_gender_start_list`, `has_separate_category_start_list`)
  VALUES (8803, '2016-10-26 14:53:35', '2016-10-26 14:53:35', 7, '2000-01-01 11:40:30', 0, 1, NULL, 1712, 33, 3, 1, 1, 0);

-- 15258-brescialeonessaditalia TROFEO LEONESSA D'ITALIA 2015-12-13
INSERT INTO `meetings` (`id`, `description`, `entry_deadline`, `has_warm_up_pool`, `is_under_25_admitted`, `reference_phone`, `reference_e_mail`, `reference_name`, `notes`, `has_invitation`, `has_start_list`, `are_results_acquired`, `max_individual_events`, `configuration_file`, `edition`, `season_id`, `user_id`, `created_at`, `updated_at`, `is_autofilled`, `header_date`, `code`, `header_year`, `max_individual_events_per_session`, `is_out_of_season`, `edition_type_id`, `timing_type_id`, `individual_score_computation_type_id`, `relay_score_computation_type_id`, `team_score_computation_type_id`, `meeting_score_computation_type_id`, `invitation`, `is_confirmed`)
  VALUES (16258, 'TROFEO LEONESSA D''ITALIA', NULL, 0, 1, NULL, NULL, NULL, 'Leaena SSD a RL', 0, 0, 0, 2, '?', 17, 162, 2, '2016-10-26 14:53:35', '2016-10-26 14:53:35', 1, '2016-12-11', 'brescialeonessaditalia', '2017', 0, 0, 2, 3, 1, 1, 12, 1, NULL, 0);
INSERT INTO `meeting_sessions` (`id`, `session_order`, `scheduled_date`, `warm_up_time`, `begin_time`, `notes`, `meeting_id`, `swimming_pool_id`, `user_id`, `created_at`, `updated_at`, `description`, `is_autofilled`, `day_part_type_id`)
  VALUES (1713, 1, '2016-12-11', '2000-01-01 00:00:00', '2000-01-01 00:00:00', '', 16258, 89, 2, '2016-10-26 14:53:35', '2016-10-26 14:53:35', 'FINALI', 1, 1);
INSERT INTO `meeting_events` (`id`, `created_at`, `updated_at`, `event_order`, `begin_time`, `is_out_of_race`, `is_autofilled`, `notes`, `meeting_session_id`, `event_type_id`, `heat_type_id`, `user_id`, `has_separate_gender_start_list`, `has_separate_category_start_list`)
  VALUES (8804, '2016-10-26 14:53:35', '2016-10-26 14:53:35', 1, '2000-01-01 08:02:00', 0, 1, NULL, 1713, 16, 3, 1, 1, 0);
INSERT INTO `meeting_events` (`id`, `created_at`, `updated_at`, `event_order`, `begin_time`, `is_out_of_race`, `is_autofilled`, `notes`, `meeting_session_id`, `event_type_id`, `heat_type_id`, `user_id`, `has_separate_gender_start_list`, `has_separate_category_start_list`)
  VALUES (8805, '2016-10-26 14:53:35', '2016-10-26 14:53:35', 2, '2000-01-01 08:36:00', 0, 1, NULL, 1713, 12, 3, 1, 1, 0);
INSERT INTO `meeting_events` (`id`, `created_at`, `updated_at`, `event_order`, `begin_time`, `is_out_of_race`, `is_autofilled`, `notes`, `meeting_session_id`, `event_type_id`, `heat_type_id`, `user_id`, `has_separate_gender_start_list`, `has_separate_category_start_list`)
  VALUES (8806, '2016-10-26 14:53:35', '2016-10-26 14:53:35', 3, '2000-01-01 09:12:00', 0, 1, NULL, 1713, 22, 3, 1, 1, 0);
INSERT INTO `meeting_events` (`id`, `created_at`, `updated_at`, `event_order`, `begin_time`, `is_out_of_race`, `is_autofilled`, `notes`, `meeting_session_id`, `event_type_id`, `heat_type_id`, `user_id`, `has_separate_gender_start_list`, `has_separate_category_start_list`)
  VALUES (8807, '2016-10-26 14:53:35', '2016-10-26 14:53:35', 4, '2000-01-01 09:50:00', 0, 1, NULL, 1713, 20, 3, 1, 1, 0);
INSERT INTO `meeting_events` (`id`, `created_at`, `updated_at`, `event_order`, `begin_time`, `is_out_of_race`, `is_autofilled`, `notes`, `meeting_session_id`, `event_type_id`, `heat_type_id`, `user_id`, `has_separate_gender_start_list`, `has_separate_category_start_list`)
  VALUES (8808, '2016-10-26 14:53:35', '2016-10-26 14:53:35', 5, '2000-01-01 10:28:00', 0, 1, NULL, 1713, 3, 3, 1, 1, 0);
INSERT INTO `meeting_events` (`id`, `created_at`, `updated_at`, `event_order`, `begin_time`, `is_out_of_race`, `is_autofilled`, `notes`, `meeting_session_id`, `event_type_id`, `heat_type_id`, `user_id`, `has_separate_gender_start_list`, `has_separate_category_start_list`)
  VALUES (8809, '2016-10-26 14:53:35', '2016-10-26 14:53:35', 6, '2000-01-01 11:08:00', 0, 1, NULL, 1713, 23, 3, 1, 1, 0);
INSERT INTO `meeting_events` (`id`, `created_at`, `updated_at`, `event_order`, `begin_time`, `is_out_of_race`, `is_autofilled`, `notes`, `meeting_session_id`, `event_type_id`, `heat_type_id`, `user_id`, `has_separate_gender_start_list`, `has_separate_category_start_list`)
  VALUES (8810, '2016-10-26 14:53:36', '2016-10-26 14:53:36', 7, '2000-01-01 11:38:00', 0, 1, NULL, 1713, 15, 3, 1, 1, 0);
INSERT INTO `meeting_events` (`id`, `created_at`, `updated_at`, `event_order`, `begin_time`, `is_out_of_race`, `is_autofilled`, `notes`, `meeting_session_id`, `event_type_id`, `heat_type_id`, `user_id`, `has_separate_gender_start_list`, `has_separate_category_start_list`)
  VALUES (8811, '2016-10-26 14:53:36', '2016-10-26 14:53:36', 8, '2000-01-01 12:16:00', 0, 1, NULL, 1713, 11, 3, 1, 1, 0);
INSERT INTO `meeting_events` (`id`, `created_at`, `updated_at`, `event_order`, `begin_time`, `is_out_of_race`, `is_autofilled`, `notes`, `meeting_session_id`, `event_type_id`, `heat_type_id`, `user_id`, `has_separate_gender_start_list`, `has_separate_category_start_list`)
  VALUES (8812, '2016-10-26 14:53:36', '2016-10-26 14:53:36', 9, '2000-01-01 12:50:00', 0, 1, NULL, 1713, 19, 3, 1, 1, 0);
INSERT INTO `meeting_events` (`id`, `created_at`, `updated_at`, `event_order`, `begin_time`, `is_out_of_race`, `is_autofilled`, `notes`, `meeting_session_id`, `event_type_id`, `heat_type_id`, `user_id`, `has_separate_gender_start_list`, `has_separate_category_start_list`)
  VALUES (8813, '2016-10-26 14:53:36', '2016-10-26 14:53:36', 10, '2000-01-01 13:30:00', 0, 1, NULL, 1713, 2, 3, 1, 1, 0);
INSERT INTO `meeting_events` (`id`, `created_at`, `updated_at`, `event_order`, `begin_time`, `is_out_of_race`, `is_autofilled`, `notes`, `meeting_session_id`, `event_type_id`, `heat_type_id`, `user_id`, `has_separate_gender_start_list`, `has_separate_category_start_list`)
  VALUES (8814, '2016-10-26 14:53:36', '2016-10-26 14:53:36', 11, '2000-01-01 14:10:30', 0, 1, NULL, 1713, 32, 3, 1, 1, 0);
INSERT INTO `meeting_sessions` (`id`, `session_order`, `scheduled_date`, `warm_up_time`, `begin_time`, `notes`, `meeting_id`, `swimming_pool_id`, `user_id`, `created_at`, `updated_at`, `description`, `is_autofilled`, `day_part_type_id`)
  VALUES (1714, 2, '2016-12-11', '2000-01-01 00:00:00', '2000-01-01 00:00:00', '', 16258, 89, 2, '2016-10-26 14:53:36', '2016-10-26 14:53:36', 'FINALI', 1, 2);

-- 15259-paganisprintdinatale SPRINT DI NATALE 2015-12-20
INSERT INTO `meetings` (`id`, `description`, `entry_deadline`, `has_warm_up_pool`, `is_under_25_admitted`, `reference_phone`, `reference_e_mail`, `reference_name`, `notes`, `has_invitation`, `has_start_list`, `are_results_acquired`, `max_individual_events`, `configuration_file`, `edition`, `season_id`, `user_id`, `created_at`, `updated_at`, `is_autofilled`, `header_date`, `code`, `header_year`, `max_individual_events_per_session`, `is_out_of_season`, `edition_type_id`, `timing_type_id`, `individual_score_computation_type_id`, `relay_score_computation_type_id`, `team_score_computation_type_id`, `meeting_score_computation_type_id`, `invitation`, `is_confirmed`)
  VALUES (16259, 'SPRINT DI NATALE', NULL, 0, 1, NULL, NULL, NULL, 'SWIMACADEMY ASD', 0, 0, 0, 2, '?', 17, 162, 2, '2016-10-26 14:53:36', '2016-10-26 14:53:36', 1, '2016-12-18', 'paganisprintdinatale', '2017', 0, 0, 2, 3, 1, 1, 12, 1, NULL, 0);
INSERT INTO `meeting_sessions` (`id`, `session_order`, `scheduled_date`, `warm_up_time`, `begin_time`, `notes`, `meeting_id`, `swimming_pool_id`, `user_id`, `created_at`, `updated_at`, `description`, `is_autofilled`, `day_part_type_id`)
  VALUES (1715, 1, '2016-12-18', '2000-01-01 00:00:00', '2000-01-01 00:00:00', '', 16259, 158, 2, '2016-10-26 14:53:36', '2016-10-26 14:53:36', 'FINALI', 1, 1);
INSERT INTO `meeting_events` (`id`, `created_at`, `updated_at`, `event_order`, `begin_time`, `is_out_of_race`, `is_autofilled`, `notes`, `meeting_session_id`, `event_type_id`, `heat_type_id`, `user_id`, `has_separate_gender_start_list`, `has_separate_category_start_list`)
  VALUES (8815, '2016-10-26 14:53:36', '2016-10-26 14:53:36', 1, '2000-01-01 08:02:00', 0, 1, NULL, 1715, 16, 3, 1, 1, 0);
INSERT INTO `meeting_events` (`id`, `created_at`, `updated_at`, `event_order`, `begin_time`, `is_out_of_race`, `is_autofilled`, `notes`, `meeting_session_id`, `event_type_id`, `heat_type_id`, `user_id`, `has_separate_gender_start_list`, `has_separate_category_start_list`)
  VALUES (8816, '2016-10-26 14:53:36', '2016-10-26 14:53:36', 2, '2000-01-01 08:46:00', 0, 1, NULL, 1715, 12, 3, 1, 1, 0);
INSERT INTO `meeting_events` (`id`, `created_at`, `updated_at`, `event_order`, `begin_time`, `is_out_of_race`, `is_autofilled`, `notes`, `meeting_session_id`, `event_type_id`, `heat_type_id`, `user_id`, `has_separate_gender_start_list`, `has_separate_category_start_list`)
  VALUES (8817, '2016-10-26 14:53:36', '2016-10-26 14:53:36', 3, '2000-01-01 09:04:00', 0, 1, NULL, 1715, 20, 3, 1, 1, 0);
INSERT INTO `meeting_events` (`id`, `created_at`, `updated_at`, `event_order`, `begin_time`, `is_out_of_race`, `is_autofilled`, `notes`, `meeting_session_id`, `event_type_id`, `heat_type_id`, `user_id`, `has_separate_gender_start_list`, `has_separate_category_start_list`)
  VALUES (8818, '2016-10-26 14:53:36', '2016-10-26 14:53:36', 4, '2000-01-01 09:44:00', 0, 1, NULL, 1715, 3, 3, 1, 1, 0);
INSERT INTO `meeting_events` (`id`, `created_at`, `updated_at`, `event_order`, `begin_time`, `is_out_of_race`, `is_autofilled`, `notes`, `meeting_session_id`, `event_type_id`, `heat_type_id`, `user_id`, `has_separate_gender_start_list`, `has_separate_category_start_list`)
  VALUES (8819, '2016-10-26 14:53:36', '2016-10-26 14:53:36', 5, '2000-01-01 10:20:00', 0, 1, NULL, 1715, 15, 3, 1, 1, 0);
INSERT INTO `meeting_events` (`id`, `created_at`, `updated_at`, `event_order`, `begin_time`, `is_out_of_race`, `is_autofilled`, `notes`, `meeting_session_id`, `event_type_id`, `heat_type_id`, `user_id`, `has_separate_gender_start_list`, `has_separate_category_start_list`)
  VALUES (8820, '2016-10-26 14:53:36', '2016-10-26 14:53:36', 6, '2000-01-01 10:56:00', 0, 1, NULL, 1715, 11, 3, 1, 1, 0);
INSERT INTO `meeting_events` (`id`, `created_at`, `updated_at`, `event_order`, `begin_time`, `is_out_of_race`, `is_autofilled`, `notes`, `meeting_session_id`, `event_type_id`, `heat_type_id`, `user_id`, `has_separate_gender_start_list`, `has_separate_category_start_list`)
  VALUES (8821, '2016-10-26 14:53:36', '2016-10-26 14:53:36', 7, '2000-01-01 11:32:00', 0, 1, NULL, 1715, 19, 3, 1, 1, 0);
INSERT INTO `meeting_events` (`id`, `created_at`, `updated_at`, `event_order`, `begin_time`, `is_out_of_race`, `is_autofilled`, `notes`, `meeting_session_id`, `event_type_id`, `heat_type_id`, `user_id`, `has_separate_gender_start_list`, `has_separate_category_start_list`)
  VALUES (8822, '2016-10-26 14:53:36', '2016-10-26 14:53:36', 8, '2000-01-01 12:10:00', 0, 1, NULL, 1715, 2, 3, 1, 1, 0);
INSERT INTO `meeting_events` (`id`, `created_at`, `updated_at`, `event_order`, `begin_time`, `is_out_of_race`, `is_autofilled`, `notes`, `meeting_session_id`, `event_type_id`, `heat_type_id`, `user_id`, `has_separate_gender_start_list`, `has_separate_category_start_list`)
  VALUES (8823, '2016-10-26 14:53:36', '2016-10-26 14:53:36', 9, '2000-01-01 12:50:30', 0, 1, NULL, 1715, 26, 3, 1, 1, 0);
INSERT INTO `meeting_events` (`id`, `created_at`, `updated_at`, `event_order`, `begin_time`, `is_out_of_race`, `is_autofilled`, `notes`, `meeting_session_id`, `event_type_id`, `heat_type_id`, `user_id`, `has_separate_gender_start_list`, `has_separate_category_start_list`)
  VALUES (8824, '2016-10-26 14:53:36', '2016-10-26 14:53:36', 10, '2000-01-01 12:45:00', 0, 1, NULL, 1715, 25, 3, 1, 1, 0);
INSERT INTO `meeting_sessions` (`id`, `session_order`, `scheduled_date`, `warm_up_time`, `begin_time`, `notes`, `meeting_id`, `swimming_pool_id`, `user_id`, `created_at`, `updated_at`, `description`, `is_autofilled`, `day_part_type_id`)
  VALUES (1716, 2, '2016-12-18', '2000-01-01 00:00:00', '2000-01-01 00:00:00', '', 16259, 158, 2, '2016-10-26 14:53:36', '2016-10-26 14:53:36', 'FINALI', 1, 2);

-- 15260-palermoduegiornidicloro DUE GIORNI DI CLORO 2015-12-13
INSERT INTO `meetings` (`id`, `description`, `entry_deadline`, `has_warm_up_pool`, `is_under_25_admitted`, `reference_phone`, `reference_e_mail`, `reference_name`, `notes`, `has_invitation`, `has_start_list`, `are_results_acquired`, `max_individual_events`, `configuration_file`, `edition`, `season_id`, `user_id`, `created_at`, `updated_at`, `is_autofilled`, `header_date`, `code`, `header_year`, `max_individual_events_per_session`, `is_out_of_season`, `edition_type_id`, `timing_type_id`, `individual_score_computation_type_id`, `relay_score_computation_type_id`, `team_score_computation_type_id`, `meeting_score_computation_type_id`, `invitation`, `is_confirmed`)
  VALUES (16260, 'DUE GIORNI DI CLORO', NULL, 0, 1, NULL, NULL, NULL, 'Waterpolo Palermo', 0, 0, 0, 2, '?', 17, 162, 2, '2016-10-26 14:53:36', '2016-10-26 14:53:36', 1, '2016-12-11', 'palermoduegiornidicloro', '2016', 0, 0, 4, 3, 1, 1, 12, 1, NULL, 0);
INSERT INTO `meeting_sessions` (`id`, `session_order`, `scheduled_date`, `warm_up_time`, `begin_time`, `notes`, `meeting_id`, `swimming_pool_id`, `user_id`, `created_at`, `updated_at`, `description`, `is_autofilled`, `day_part_type_id`)
  VALUES (1717, 1, '2016-12-11', '2000-01-01 00:00:00', '2000-01-01 00:00:00', '', 16260, 80, 2, '2016-10-26 14:53:36', '2016-10-26 14:53:36', 'FINALI', 1, 1);
INSERT INTO `meeting_events` (`id`, `created_at`, `updated_at`, `event_order`, `begin_time`, `is_out_of_race`, `is_autofilled`, `notes`, `meeting_session_id`, `event_type_id`, `heat_type_id`, `user_id`, `has_separate_gender_start_list`, `has_separate_category_start_list`)
  VALUES (8825, '2016-10-26 14:53:36', '2016-10-26 14:53:36', 1, '2000-01-01 08:06:00', 0, 1, NULL, 1717, 5, 3, 1, 1, 0);
INSERT INTO `meeting_events` (`id`, `created_at`, `updated_at`, `event_order`, `begin_time`, `is_out_of_race`, `is_autofilled`, `notes`, `meeting_session_id`, `event_type_id`, `heat_type_id`, `user_id`, `has_separate_gender_start_list`, `has_separate_category_start_list`)
  VALUES (8826, '2016-10-26 14:53:36', '2016-10-26 14:53:36', 2, '2000-01-01 08:52:00', 0, 1, NULL, 1717, 15, 3, 1, 1, 0);
INSERT INTO `meeting_events` (`id`, `created_at`, `updated_at`, `event_order`, `begin_time`, `is_out_of_race`, `is_autofilled`, `notes`, `meeting_session_id`, `event_type_id`, `heat_type_id`, `user_id`, `has_separate_gender_start_list`, `has_separate_category_start_list`)
  VALUES (8827, '2016-10-26 14:53:36', '2016-10-26 14:53:36', 3, '2000-01-01 09:38:00', 0, 1, NULL, 1717, 11, 3, 1, 1, 0);
INSERT INTO `meeting_events` (`id`, `created_at`, `updated_at`, `event_order`, `begin_time`, `is_out_of_race`, `is_autofilled`, `notes`, `meeting_session_id`, `event_type_id`, `heat_type_id`, `user_id`, `has_separate_gender_start_list`, `has_separate_category_start_list`)
  VALUES (8828, '2016-10-26 14:53:36', '2016-10-26 14:53:36', 4, '2000-01-01 10:16:00', 0, 1, NULL, 1717, 19, 3, 1, 1, 0);
INSERT INTO `meeting_events` (`id`, `created_at`, `updated_at`, `event_order`, `begin_time`, `is_out_of_race`, `is_autofilled`, `notes`, `meeting_session_id`, `event_type_id`, `heat_type_id`, `user_id`, `has_separate_gender_start_list`, `has_separate_category_start_list`)
  VALUES (8829, '2016-10-26 14:53:36', '2016-10-26 14:53:36', 5, '2000-01-01 10:58:00', 0, 1, NULL, 1717, 2, 3, 1, 1, 0);
INSERT INTO `meeting_sessions` (`id`, `session_order`, `scheduled_date`, `warm_up_time`, `begin_time`, `notes`, `meeting_id`, `swimming_pool_id`, `user_id`, `created_at`, `updated_at`, `description`, `is_autofilled`, `day_part_type_id`)
  VALUES (1718, 2, '2016-12-11', '2000-01-01 00:00:00', '2000-01-01 00:00:00', '', 16260, 80, 2, '2016-10-26 14:53:36', '2016-10-26 14:53:36', 'FINALI', 1, 2);

-- 15261-arezzodelsaracinomaster MEETING DEL SARACINO MASTER 2016-01-06
INSERT INTO `meetings` (`id`, `description`, `entry_deadline`, `has_warm_up_pool`, `is_under_25_admitted`, `reference_phone`, `reference_e_mail`, `reference_name`, `notes`, `has_invitation`, `has_start_list`, `are_results_acquired`, `max_individual_events`, `configuration_file`, `edition`, `season_id`, `user_id`, `created_at`, `updated_at`, `is_autofilled`, `header_date`, `code`, `header_year`, `max_individual_events_per_session`, `is_out_of_season`, `edition_type_id`, `timing_type_id`, `individual_score_computation_type_id`, `relay_score_computation_type_id`, `team_score_computation_type_id`, `meeting_score_computation_type_id`, `invitation`, `is_confirmed`)
  VALUES (16261, 'MEETING DEL SARACINO MASTER', NULL, 0, 1, NULL, NULL, NULL, NULL, 0, 0, 0, 2, '?', 17, 162, 2, '2016-10-26 14:53:36', '2016-10-26 14:53:36', 1, '2017-01-04', 'arezzodelsaracinomaster', '2017', 0, 0, 4, 3, 1, 1, 12, 1, NULL, 0);
INSERT INTO `meeting_sessions` (`id`, `session_order`, `scheduled_date`, `warm_up_time`, `begin_time`, `notes`, `meeting_id`, `swimming_pool_id`, `user_id`, `created_at`, `updated_at`, `description`, `is_autofilled`, `day_part_type_id`)
  VALUES (1719, 1, '2017-01-04', '2000-01-01 00:00:00', '2000-01-01 00:00:00', '', 16261, 159, 2, '2016-10-26 14:53:36', '2016-10-26 14:53:36', 'FINALI', 1, 1);
INSERT INTO `meeting_sessions` (`id`, `session_order`, `scheduled_date`, `warm_up_time`, `begin_time`, `notes`, `meeting_id`, `swimming_pool_id`, `user_id`, `created_at`, `updated_at`, `description`, `is_autofilled`, `day_part_type_id`)
  VALUES (1720, 2, '2017-01-04', '2000-01-01 00:00:00', '2000-01-01 00:00:00', '', 16261, 159, 2, '2016-10-26 14:53:36', '2016-10-26 14:53:36', 'FINALI', 1, 2);

-- 15262-milanomasterdds TROFEO MASTER DDS 2016-01-10
INSERT INTO `meetings` (`id`, `description`, `entry_deadline`, `has_warm_up_pool`, `is_under_25_admitted`, `reference_phone`, `reference_e_mail`, `reference_name`, `notes`, `has_invitation`, `has_start_list`, `are_results_acquired`, `max_individual_events`, `configuration_file`, `edition`, `season_id`, `user_id`, `created_at`, `updated_at`, `is_autofilled`, `header_date`, `code`, `header_year`, `max_individual_events_per_session`, `is_out_of_season`, `edition_type_id`, `timing_type_id`, `individual_score_computation_type_id`, `relay_score_computation_type_id`, `team_score_computation_type_id`, `meeting_score_computation_type_id`, `invitation`, `is_confirmed`)
  VALUES (16262, 'TROFEO MASTER DDS', NULL, 0, 1, NULL, NULL, NULL, 'Virtus Buonconvento', 0, 0, 0, 2, '?', 17, 162, 2, '2016-10-26 14:53:36', '2016-10-26 14:53:36', 1, '2017-01-08', 'milanomasterdds', '2017', 0, 0, 2, 3, 1, 1, 12, 1, NULL, 0);
INSERT INTO `meeting_sessions` (`id`, `session_order`, `scheduled_date`, `warm_up_time`, `begin_time`, `notes`, `meeting_id`, `swimming_pool_id`, `user_id`, `created_at`, `updated_at`, `description`, `is_autofilled`, `day_part_type_id`)
  VALUES (1721, 1, '2017-01-08', '2000-01-01 00:00:00', '2000-01-01 00:00:00', '', 16262, 90, 2, '2016-10-26 14:53:36', '2016-10-26 14:53:36', 'FINALI', 1, 1);
INSERT INTO `meeting_events` (`id`, `created_at`, `updated_at`, `event_order`, `begin_time`, `is_out_of_race`, `is_autofilled`, `notes`, `meeting_session_id`, `event_type_id`, `heat_type_id`, `user_id`, `has_separate_gender_start_list`, `has_separate_category_start_list`)
  VALUES (8830, '2016-10-26 14:53:36', '2016-10-26 14:53:36', 1, '2000-01-01 08:02:00', 0, 1, NULL, 1721, 16, 3, 1, 1, 0);
INSERT INTO `meeting_events` (`id`, `created_at`, `updated_at`, `event_order`, `begin_time`, `is_out_of_race`, `is_autofilled`, `notes`, `meeting_session_id`, `event_type_id`, `heat_type_id`, `user_id`, `has_separate_gender_start_list`, `has_separate_category_start_list`)
  VALUES (8831, '2016-10-26 14:53:36', '2016-10-26 14:53:36', 2, '2000-01-01 08:30:00', 0, 1, NULL, 1721, 12, 3, 1, 1, 0);
INSERT INTO `meeting_events` (`id`, `created_at`, `updated_at`, `event_order`, `begin_time`, `is_out_of_race`, `is_autofilled`, `notes`, `meeting_session_id`, `event_type_id`, `heat_type_id`, `user_id`, `has_separate_gender_start_list`, `has_separate_category_start_list`)
  VALUES (8832, '2016-10-26 14:53:36', '2016-10-26 14:53:36', 3, '2000-01-01 08:48:00', 0, 1, NULL, 1721, 20, 3, 1, 1, 0);
INSERT INTO `meeting_events` (`id`, `created_at`, `updated_at`, `event_order`, `begin_time`, `is_out_of_race`, `is_autofilled`, `notes`, `meeting_session_id`, `event_type_id`, `heat_type_id`, `user_id`, `has_separate_gender_start_list`, `has_separate_category_start_list`)
  VALUES (8833, '2016-10-26 14:53:36', '2016-10-26 14:53:36', 4, '2000-01-01 09:16:00', 0, 1, NULL, 1721, 23, 3, 1, 1, 0);
INSERT INTO `meeting_events` (`id`, `created_at`, `updated_at`, `event_order`, `begin_time`, `is_out_of_race`, `is_autofilled`, `notes`, `meeting_session_id`, `event_type_id`, `heat_type_id`, `user_id`, `has_separate_gender_start_list`, `has_separate_category_start_list`)
  VALUES (8834, '2016-10-26 14:53:36', '2016-10-26 14:53:36', 5, '2000-01-01 09:38:00', 0, 1, NULL, 1721, 4, 3, 1, 1, 0);
INSERT INTO `meeting_events` (`id`, `created_at`, `updated_at`, `event_order`, `begin_time`, `is_out_of_race`, `is_autofilled`, `notes`, `meeting_session_id`, `event_type_id`, `heat_type_id`, `user_id`, `has_separate_gender_start_list`, `has_separate_category_start_list`)
  VALUES (8835, '2016-10-26 14:53:36', '2016-10-26 14:53:36', 6, '2000-01-01 10:12:00', 0, 1, NULL, 1721, 15, 3, 1, 1, 0);
INSERT INTO `meeting_events` (`id`, `created_at`, `updated_at`, `event_order`, `begin_time`, `is_out_of_race`, `is_autofilled`, `notes`, `meeting_session_id`, `event_type_id`, `heat_type_id`, `user_id`, `has_separate_gender_start_list`, `has_separate_category_start_list`)
  VALUES (8836, '2016-10-26 14:53:36', '2016-10-26 14:53:36', 7, '2000-01-01 10:46:00', 0, 1, NULL, 1721, 11, 3, 1, 1, 0);
INSERT INTO `meeting_events` (`id`, `created_at`, `updated_at`, `event_order`, `begin_time`, `is_out_of_race`, `is_autofilled`, `notes`, `meeting_session_id`, `event_type_id`, `heat_type_id`, `user_id`, `has_separate_gender_start_list`, `has_separate_category_start_list`)
  VALUES (8837, '2016-10-26 14:53:36', '2016-10-26 14:53:36', 8, '2000-01-01 11:20:00', 0, 1, NULL, 1721, 19, 3, 1, 1, 0);
INSERT INTO `meeting_events` (`id`, `created_at`, `updated_at`, `event_order`, `begin_time`, `is_out_of_race`, `is_autofilled`, `notes`, `meeting_session_id`, `event_type_id`, `heat_type_id`, `user_id`, `has_separate_gender_start_list`, `has_separate_category_start_list`)
  VALUES (8838, '2016-10-26 14:53:36', '2016-10-26 14:53:36', 9, '2000-01-01 11:58:00', 0, 1, NULL, 1721, 2, 3, 1, 1, 0);
INSERT INTO `meeting_events` (`id`, `created_at`, `updated_at`, `event_order`, `begin_time`, `is_out_of_race`, `is_autofilled`, `notes`, `meeting_session_id`, `event_type_id`, `heat_type_id`, `user_id`, `has_separate_gender_start_list`, `has_separate_category_start_list`)
  VALUES (8839, '2016-10-26 14:53:36', '2016-10-26 14:53:36', 10, '2000-01-01 12:36:30', 0, 1, NULL, 1721, 33, 3, 1, 1, 0);
INSERT INTO `meeting_events` (`id`, `created_at`, `updated_at`, `event_order`, `begin_time`, `is_out_of_race`, `is_autofilled`, `notes`, `meeting_session_id`, `event_type_id`, `heat_type_id`, `user_id`, `has_separate_gender_start_list`, `has_separate_category_start_list`)
  VALUES (8840, '2016-10-26 14:53:36', '2016-10-26 14:53:36', 11, '2000-01-01 12:35:30', 0, 1, NULL, 1721, 32, 3, 1, 1, 0);
INSERT INTO `meeting_sessions` (`id`, `session_order`, `scheduled_date`, `warm_up_time`, `begin_time`, `notes`, `meeting_id`, `swimming_pool_id`, `user_id`, `created_at`, `updated_at`, `description`, `is_autofilled`, `day_part_type_id`)
  VALUES (1722, 2, '2017-01-08', '2000-01-01 00:00:00', '2000-01-01 00:00:00', '', 16262, 90, 2, '2016-10-26 14:53:36', '2016-10-26 14:53:36', 'FINALI', 1, 2);

-- 15263-conversanoaironclub TROFEO AIRON CLUB 2016-01-17
INSERT INTO `meetings` (`id`, `description`, `entry_deadline`, `has_warm_up_pool`, `is_under_25_admitted`, `reference_phone`, `reference_e_mail`, `reference_name`, `notes`, `has_invitation`, `has_start_list`, `are_results_acquired`, `max_individual_events`, `configuration_file`, `edition`, `season_id`, `user_id`, `created_at`, `updated_at`, `is_autofilled`, `header_date`, `code`, `header_year`, `max_individual_events_per_session`, `is_out_of_season`, `edition_type_id`, `timing_type_id`, `individual_score_computation_type_id`, `relay_score_computation_type_id`, `team_score_computation_type_id`, `meeting_score_computation_type_id`, `invitation`, `is_confirmed`)
  VALUES (16263, 'TROFEO AIRON CLUB', NULL, 0, 1, NULL, NULL, NULL, 'Airon Club', 0, 0, 0, 2, '?', 17, 162, 2, '2016-10-26 14:53:36', '2016-10-26 14:53:36', 1, '2017-01-15', 'conversanoaironclub', '2017', 0, 0, 2, 3, 1, 1, 12, 1, NULL, 0);
INSERT INTO `meeting_sessions` (`id`, `session_order`, `scheduled_date`, `warm_up_time`, `begin_time`, `notes`, `meeting_id`, `swimming_pool_id`, `user_id`, `created_at`, `updated_at`, `description`, `is_autofilled`, `day_part_type_id`)
  VALUES (1723, 1, '2017-01-15', '2000-01-01 00:00:00', '2000-01-01 00:00:00', '', 16263, 160, 2, '2016-10-26 14:53:36', '2016-10-26 14:53:36', 'FINALI', 1, 1);
INSERT INTO `meeting_events` (`id`, `created_at`, `updated_at`, `event_order`, `begin_time`, `is_out_of_race`, `is_autofilled`, `notes`, `meeting_session_id`, `event_type_id`, `heat_type_id`, `user_id`, `has_separate_gender_start_list`, `has_separate_category_start_list`)
  VALUES (8841, '2016-10-26 14:53:36', '2016-10-26 14:53:36', 1, '2000-01-01 08:02:00', 0, 1, NULL, 1723, 16, 3, 1, 1, 0);
INSERT INTO `meeting_events` (`id`, `created_at`, `updated_at`, `event_order`, `begin_time`, `is_out_of_race`, `is_autofilled`, `notes`, `meeting_session_id`, `event_type_id`, `heat_type_id`, `user_id`, `has_separate_gender_start_list`, `has_separate_category_start_list`)
  VALUES (8842, '2016-10-26 14:53:36', '2016-10-26 14:53:36', 2, '2000-01-01 08:32:00', 0, 1, NULL, 1723, 12, 3, 1, 1, 0);
INSERT INTO `meeting_events` (`id`, `created_at`, `updated_at`, `event_order`, `begin_time`, `is_out_of_race`, `is_autofilled`, `notes`, `meeting_session_id`, `event_type_id`, `heat_type_id`, `user_id`, `has_separate_gender_start_list`, `has_separate_category_start_list`)
  VALUES (8843, '2016-10-26 14:53:36', '2016-10-26 14:53:36', 3, '2000-01-01 08:54:00', 0, 1, NULL, 1723, 22, 3, 1, 1, 0);
INSERT INTO `meeting_events` (`id`, `created_at`, `updated_at`, `event_order`, `begin_time`, `is_out_of_race`, `is_autofilled`, `notes`, `meeting_session_id`, `event_type_id`, `heat_type_id`, `user_id`, `has_separate_gender_start_list`, `has_separate_category_start_list`)
  VALUES (8844, '2016-10-26 14:53:36', '2016-10-26 14:53:36', 4, '2000-01-01 09:28:00', 0, 1, NULL, 1723, 20, 3, 1, 1, 0);
INSERT INTO `meeting_events` (`id`, `created_at`, `updated_at`, `event_order`, `begin_time`, `is_out_of_race`, `is_autofilled`, `notes`, `meeting_session_id`, `event_type_id`, `heat_type_id`, `user_id`, `has_separate_gender_start_list`, `has_separate_category_start_list`)
  VALUES (8845, '2016-10-26 14:53:36', '2016-10-26 14:53:36', 5, '2000-01-01 09:58:00', 0, 1, NULL, 1723, 3, 3, 1, 1, 0);
INSERT INTO `meeting_events` (`id`, `created_at`, `updated_at`, `event_order`, `begin_time`, `is_out_of_race`, `is_autofilled`, `notes`, `meeting_session_id`, `event_type_id`, `heat_type_id`, `user_id`, `has_separate_gender_start_list`, `has_separate_category_start_list`)
  VALUES (8846, '2016-10-26 14:53:36', '2016-10-26 14:53:36', 6, '2000-01-01 10:34:00', 0, 1, NULL, 1723, 4, 3, 1, 1, 0);
INSERT INTO `meeting_events` (`id`, `created_at`, `updated_at`, `event_order`, `begin_time`, `is_out_of_race`, `is_autofilled`, `notes`, `meeting_session_id`, `event_type_id`, `heat_type_id`, `user_id`, `has_separate_gender_start_list`, `has_separate_category_start_list`)
  VALUES (8847, '2016-10-26 14:53:36', '2016-10-26 14:53:36', 7, '2000-01-01 11:12:00', 0, 1, NULL, 1723, 5, 3, 1, 1, 0);
INSERT INTO `meeting_events` (`id`, `created_at`, `updated_at`, `event_order`, `begin_time`, `is_out_of_race`, `is_autofilled`, `notes`, `meeting_session_id`, `event_type_id`, `heat_type_id`, `user_id`, `has_separate_gender_start_list`, `has_separate_category_start_list`)
  VALUES (8848, '2016-10-26 14:53:36', '2016-10-26 14:53:36', 8, '2000-01-01 11:44:00', 0, 1, NULL, 1723, 15, 3, 1, 1, 0);
INSERT INTO `meeting_events` (`id`, `created_at`, `updated_at`, `event_order`, `begin_time`, `is_out_of_race`, `is_autofilled`, `notes`, `meeting_session_id`, `event_type_id`, `heat_type_id`, `user_id`, `has_separate_gender_start_list`, `has_separate_category_start_list`)
  VALUES (8849, '2016-10-26 14:53:36', '2016-10-26 14:53:36', 9, '2000-01-01 12:24:00', 0, 1, NULL, 1723, 11, 3, 1, 1, 0);
INSERT INTO `meeting_events` (`id`, `created_at`, `updated_at`, `event_order`, `begin_time`, `is_out_of_race`, `is_autofilled`, `notes`, `meeting_session_id`, `event_type_id`, `heat_type_id`, `user_id`, `has_separate_gender_start_list`, `has_separate_category_start_list`)
  VALUES (8850, '2016-10-26 14:53:36', '2016-10-26 14:53:36', 10, '2000-01-01 12:54:00', 0, 1, NULL, 1723, 19, 3, 1, 1, 0);
INSERT INTO `meeting_events` (`id`, `created_at`, `updated_at`, `event_order`, `begin_time`, `is_out_of_race`, `is_autofilled`, `notes`, `meeting_session_id`, `event_type_id`, `heat_type_id`, `user_id`, `has_separate_gender_start_list`, `has_separate_category_start_list`)
  VALUES (8851, '2016-10-26 14:53:36', '2016-10-26 14:53:36', 11, '2000-01-01 13:28:00', 0, 1, NULL, 1723, 2, 3, 1, 1, 0);
INSERT INTO `meeting_events` (`id`, `created_at`, `updated_at`, `event_order`, `begin_time`, `is_out_of_race`, `is_autofilled`, `notes`, `meeting_session_id`, `event_type_id`, `heat_type_id`, `user_id`, `has_separate_gender_start_list`, `has_separate_category_start_list`)
  VALUES (8852, '2016-10-26 14:53:36', '2016-10-26 14:53:36', 12, '2000-01-01 14:04:30', 0, 1, NULL, 1723, 25, 3, 1, 1, 0);
INSERT INTO `meeting_sessions` (`id`, `session_order`, `scheduled_date`, `warm_up_time`, `begin_time`, `notes`, `meeting_id`, `swimming_pool_id`, `user_id`, `created_at`, `updated_at`, `description`, `is_autofilled`, `day_part_type_id`)
  VALUES (1724, 2, '2017-01-15', '2000-01-01 00:00:00', '2000-01-01 00:00:00', '', 16263, 160, 2, '2016-10-26 14:53:36', '2016-10-26 14:53:36', 'FINALI', 1, 2);

-- 15264-buonconvento TROFEO CITT DI BUONCONVENTO 2016-01-23
INSERT INTO `meetings` (`id`, `description`, `entry_deadline`, `has_warm_up_pool`, `is_under_25_admitted`, `reference_phone`, `reference_e_mail`, `reference_name`, `notes`, `has_invitation`, `has_start_list`, `are_results_acquired`, `max_individual_events`, `configuration_file`, `edition`, `season_id`, `user_id`, `created_at`, `updated_at`, `is_autofilled`, `header_date`, `code`, `header_year`, `max_individual_events_per_session`, `is_out_of_season`, `edition_type_id`, `timing_type_id`, `individual_score_computation_type_id`, `relay_score_computation_type_id`, `team_score_computation_type_id`, `meeting_score_computation_type_id`, `invitation`, `is_confirmed`)
  VALUES (16264, 'TROFEO CITT DI BUONCONVENTO', NULL, 0, 1, NULL, NULL, NULL, 'Virtus Buonconvento', 0, 0, 0, 2, '?', 17, 162, 2, '2016-10-26 14:53:36', '2016-10-26 14:53:36', 1, '2017-01-21', 'buonconvento', '2017', 0, 0, 2, 3, 1, 1, 12, 1, NULL, 0);
INSERT INTO `meeting_sessions` (`id`, `session_order`, `scheduled_date`, `warm_up_time`, `begin_time`, `notes`, `meeting_id`, `swimming_pool_id`, `user_id`, `created_at`, `updated_at`, `description`, `is_autofilled`, `day_part_type_id`)
  VALUES (1725, 1, '2017-01-21', '2000-01-01 00:00:00', '2000-01-01 00:00:00', '', 16264, 93, 2, '2016-10-26 14:53:36', '2016-10-26 14:53:36', 'FINALI', 1, 2);
INSERT INTO `meeting_events` (`id`, `created_at`, `updated_at`, `event_order`, `begin_time`, `is_out_of_race`, `is_autofilled`, `notes`, `meeting_session_id`, `event_type_id`, `heat_type_id`, `user_id`, `has_separate_gender_start_list`, `has_separate_category_start_list`)
  VALUES (8853, '2016-10-26 14:53:36', '2016-10-26 14:53:36', 1, '2000-01-01 08:02:00', 0, 1, NULL, 1725, 16, 3, 1, 1, 0);
INSERT INTO `meeting_events` (`id`, `created_at`, `updated_at`, `event_order`, `begin_time`, `is_out_of_race`, `is_autofilled`, `notes`, `meeting_session_id`, `event_type_id`, `heat_type_id`, `user_id`, `has_separate_gender_start_list`, `has_separate_category_start_list`)
  VALUES (8854, '2016-10-26 14:53:36', '2016-10-26 14:53:36', 2, '2000-01-01 08:30:00', 0, 1, NULL, 1725, 12, 3, 1, 1, 0);
INSERT INTO `meeting_events` (`id`, `created_at`, `updated_at`, `event_order`, `begin_time`, `is_out_of_race`, `is_autofilled`, `notes`, `meeting_session_id`, `event_type_id`, `heat_type_id`, `user_id`, `has_separate_gender_start_list`, `has_separate_category_start_list`)
  VALUES (8855, '2016-10-26 14:53:36', '2016-10-26 14:53:36', 3, '2000-01-01 08:48:00', 0, 1, NULL, 1725, 20, 3, 1, 1, 0);
INSERT INTO `meeting_events` (`id`, `created_at`, `updated_at`, `event_order`, `begin_time`, `is_out_of_race`, `is_autofilled`, `notes`, `meeting_session_id`, `event_type_id`, `heat_type_id`, `user_id`, `has_separate_gender_start_list`, `has_separate_category_start_list`)
  VALUES (8856, '2016-10-26 14:53:36', '2016-10-26 14:53:36', 4, '2000-01-01 09:16:00', 0, 1, NULL, 1725, 23, 3, 1, 1, 0);
INSERT INTO `meeting_events` (`id`, `created_at`, `updated_at`, `event_order`, `begin_time`, `is_out_of_race`, `is_autofilled`, `notes`, `meeting_session_id`, `event_type_id`, `heat_type_id`, `user_id`, `has_separate_gender_start_list`, `has_separate_category_start_list`)
  VALUES (8857, '2016-10-26 14:53:36', '2016-10-26 14:53:36', 5, '2000-01-01 09:38:00', 0, 1, NULL, 1725, 4, 3, 1, 1, 0);
INSERT INTO `meeting_events` (`id`, `created_at`, `updated_at`, `event_order`, `begin_time`, `is_out_of_race`, `is_autofilled`, `notes`, `meeting_session_id`, `event_type_id`, `heat_type_id`, `user_id`, `has_separate_gender_start_list`, `has_separate_category_start_list`)
  VALUES (8858, '2016-10-26 14:53:36', '2016-10-26 14:53:36', 6, '2000-01-01 10:12:00', 0, 1, NULL, 1725, 15, 3, 1, 1, 0);
INSERT INTO `meeting_events` (`id`, `created_at`, `updated_at`, `event_order`, `begin_time`, `is_out_of_race`, `is_autofilled`, `notes`, `meeting_session_id`, `event_type_id`, `heat_type_id`, `user_id`, `has_separate_gender_start_list`, `has_separate_category_start_list`)
  VALUES (8859, '2016-10-26 14:53:36', '2016-10-26 14:53:36', 7, '2000-01-01 10:46:00', 0, 1, NULL, 1725, 11, 3, 1, 1, 0);
INSERT INTO `meeting_events` (`id`, `created_at`, `updated_at`, `event_order`, `begin_time`, `is_out_of_race`, `is_autofilled`, `notes`, `meeting_session_id`, `event_type_id`, `heat_type_id`, `user_id`, `has_separate_gender_start_list`, `has_separate_category_start_list`)
  VALUES (8860, '2016-10-26 14:53:36', '2016-10-26 14:53:36', 8, '2000-01-01 11:20:00', 0, 1, NULL, 1725, 19, 3, 1, 1, 0);
INSERT INTO `meeting_events` (`id`, `created_at`, `updated_at`, `event_order`, `begin_time`, `is_out_of_race`, `is_autofilled`, `notes`, `meeting_session_id`, `event_type_id`, `heat_type_id`, `user_id`, `has_separate_gender_start_list`, `has_separate_category_start_list`)
  VALUES (8861, '2016-10-26 14:53:36', '2016-10-26 14:53:36', 9, '2000-01-01 11:58:00', 0, 1, NULL, 1725, 2, 3, 1, 1, 0);
INSERT INTO `meeting_events` (`id`, `created_at`, `updated_at`, `event_order`, `begin_time`, `is_out_of_race`, `is_autofilled`, `notes`, `meeting_session_id`, `event_type_id`, `heat_type_id`, `user_id`, `has_separate_gender_start_list`, `has_separate_category_start_list`)
  VALUES (8862, '2016-10-26 14:53:36', '2016-10-26 14:53:36', 10, '2000-01-01 12:36:30', 0, 1, NULL, 1725, 33, 3, 1, 1, 0);
INSERT INTO `meeting_events` (`id`, `created_at`, `updated_at`, `event_order`, `begin_time`, `is_out_of_race`, `is_autofilled`, `notes`, `meeting_session_id`, `event_type_id`, `heat_type_id`, `user_id`, `has_separate_gender_start_list`, `has_separate_category_start_list`)
  VALUES (8863, '2016-10-26 14:53:36', '2016-10-26 14:53:36', 11, '2000-01-01 12:35:30', 0, 1, NULL, 1725, 32, 3, 1, 1, 0);
INSERT INTO `meeting_sessions` (`id`, `session_order`, `scheduled_date`, `warm_up_time`, `begin_time`, `notes`, `meeting_id`, `swimming_pool_id`, `user_id`, `created_at`, `updated_at`, `description`, `is_autofilled`, `day_part_type_id`)
  VALUES (1726, 2, '2017-01-22', '2000-01-01 00:00:00', '2000-01-01 00:00:00', '', 16264, 93, 2, '2016-10-26 14:53:36', '2016-10-26 14:53:36', 'FINALI', 1, 1);

-- 15265-sorirnsori TROFEO RN SORI 2016-01-17
INSERT INTO `meetings` (`id`, `description`, `entry_deadline`, `has_warm_up_pool`, `is_under_25_admitted`, `reference_phone`, `reference_e_mail`, `reference_name`, `notes`, `has_invitation`, `has_start_list`, `are_results_acquired`, `max_individual_events`, `configuration_file`, `edition`, `season_id`, `user_id`, `created_at`, `updated_at`, `is_autofilled`, `header_date`, `code`, `header_year`, `max_individual_events_per_session`, `is_out_of_season`, `edition_type_id`, `timing_type_id`, `individual_score_computation_type_id`, `relay_score_computation_type_id`, `team_score_computation_type_id`, `meeting_score_computation_type_id`, `invitation`, `is_confirmed`)
  VALUES (16265, 'TROFEO RN SORI', NULL, 0, 1, NULL, NULL, NULL, 'RN Sori', 0, 0, 0, 2, '?', 17, 162, 2, '2016-10-26 14:53:36', '2016-10-26 14:53:36', 1, '2017-01-15', 'sorirnsori', '2017', 0, 0, 2, 3, 1, 1, 12, 1, NULL, 0);
INSERT INTO `meeting_sessions` (`id`, `session_order`, `scheduled_date`, `warm_up_time`, `begin_time`, `notes`, `meeting_id`, `swimming_pool_id`, `user_id`, `created_at`, `updated_at`, `description`, `is_autofilled`, `day_part_type_id`)
  VALUES (1727, 1, '2017-01-15', '2000-01-01 00:00:00', '2000-01-01 00:00:00', '', 16265, 91, 2, '2016-10-26 14:53:37', '2016-10-26 14:53:37', 'FINALI', 1, 1);
INSERT INTO `meeting_events` (`id`, `created_at`, `updated_at`, `event_order`, `begin_time`, `is_out_of_race`, `is_autofilled`, `notes`, `meeting_session_id`, `event_type_id`, `heat_type_id`, `user_id`, `has_separate_gender_start_list`, `has_separate_category_start_list`)
  VALUES (8864, '2016-10-26 14:53:37', '2016-10-26 14:53:37', 1, '2000-01-01 08:02:00', 0, 1, NULL, 1727, 16, 3, 1, 1, 0);
INSERT INTO `meeting_events` (`id`, `created_at`, `updated_at`, `event_order`, `begin_time`, `is_out_of_race`, `is_autofilled`, `notes`, `meeting_session_id`, `event_type_id`, `heat_type_id`, `user_id`, `has_separate_gender_start_list`, `has_separate_category_start_list`)
  VALUES (8865, '2016-10-26 14:53:37', '2016-10-26 14:53:37', 2, '2000-01-01 08:38:00', 0, 1, NULL, 1727, 12, 3, 1, 1, 0);
INSERT INTO `meeting_events` (`id`, `created_at`, `updated_at`, `event_order`, `begin_time`, `is_out_of_race`, `is_autofilled`, `notes`, `meeting_session_id`, `event_type_id`, `heat_type_id`, `user_id`, `has_separate_gender_start_list`, `has_separate_category_start_list`)
  VALUES (8866, '2016-10-26 14:53:37', '2016-10-26 14:53:37', 3, '2000-01-01 09:08:00', 0, 1, NULL, 1727, 22, 3, 1, 1, 0);
INSERT INTO `meeting_events` (`id`, `created_at`, `updated_at`, `event_order`, `begin_time`, `is_out_of_race`, `is_autofilled`, `notes`, `meeting_session_id`, `event_type_id`, `heat_type_id`, `user_id`, `has_separate_gender_start_list`, `has_separate_category_start_list`)
  VALUES (8867, '2016-10-26 14:53:37', '2016-10-26 14:53:37', 4, '2000-01-01 09:40:00', 0, 1, NULL, 1727, 20, 3, 1, 1, 0);
INSERT INTO `meeting_events` (`id`, `created_at`, `updated_at`, `event_order`, `begin_time`, `is_out_of_race`, `is_autofilled`, `notes`, `meeting_session_id`, `event_type_id`, `heat_type_id`, `user_id`, `has_separate_gender_start_list`, `has_separate_category_start_list`)
  VALUES (8868, '2016-10-26 14:53:37', '2016-10-26 14:53:37', 5, '2000-01-01 10:14:00', 0, 1, NULL, 1727, 3, 3, 1, 1, 0);
INSERT INTO `meeting_events` (`id`, `created_at`, `updated_at`, `event_order`, `begin_time`, `is_out_of_race`, `is_autofilled`, `notes`, `meeting_session_id`, `event_type_id`, `heat_type_id`, `user_id`, `has_separate_gender_start_list`, `has_separate_category_start_list`)
  VALUES (8869, '2016-10-26 14:53:37', '2016-10-26 14:53:37', 6, '2000-01-01 10:56:00', 0, 1, NULL, 1727, 15, 3, 1, 1, 0);
INSERT INTO `meeting_events` (`id`, `created_at`, `updated_at`, `event_order`, `begin_time`, `is_out_of_race`, `is_autofilled`, `notes`, `meeting_session_id`, `event_type_id`, `heat_type_id`, `user_id`, `has_separate_gender_start_list`, `has_separate_category_start_list`)
  VALUES (8870, '2016-10-26 14:53:37', '2016-10-26 14:53:37', 7, '2000-01-01 11:26:00', 0, 1, NULL, 1727, 11, 3, 1, 1, 0);
INSERT INTO `meeting_events` (`id`, `created_at`, `updated_at`, `event_order`, `begin_time`, `is_out_of_race`, `is_autofilled`, `notes`, `meeting_session_id`, `event_type_id`, `heat_type_id`, `user_id`, `has_separate_gender_start_list`, `has_separate_category_start_list`)
  VALUES (8871, '2016-10-26 14:53:37', '2016-10-26 14:53:37', 8, '2000-01-01 12:04:00', 0, 1, NULL, 1727, 19, 3, 1, 1, 0);
INSERT INTO `meeting_events` (`id`, `created_at`, `updated_at`, `event_order`, `begin_time`, `is_out_of_race`, `is_autofilled`, `notes`, `meeting_session_id`, `event_type_id`, `heat_type_id`, `user_id`, `has_separate_gender_start_list`, `has_separate_category_start_list`)
  VALUES (8872, '2016-10-26 14:53:37', '2016-10-26 14:53:37', 9, '2000-01-01 12:40:00', 0, 1, NULL, 1727, 2, 3, 1, 1, 0);
INSERT INTO `meeting_events` (`id`, `created_at`, `updated_at`, `event_order`, `begin_time`, `is_out_of_race`, `is_autofilled`, `notes`, `meeting_session_id`, `event_type_id`, `heat_type_id`, `user_id`, `has_separate_gender_start_list`, `has_separate_category_start_list`)
  VALUES (8873, '2016-10-26 14:53:37', '2016-10-26 14:53:37', 10, '2000-01-01 13:20:30', 0, 1, NULL, 1727, 25, 3, 1, 1, 0);

-- 15266-bolzanodelledolomiti TROFEO DELLE DOLOMITI 2016-01-24
INSERT INTO `meetings` (`id`, `description`, `entry_deadline`, `has_warm_up_pool`, `is_under_25_admitted`, `reference_phone`, `reference_e_mail`, `reference_name`, `notes`, `has_invitation`, `has_start_list`, `are_results_acquired`, `max_individual_events`, `configuration_file`, `edition`, `season_id`, `user_id`, `created_at`, `updated_at`, `is_autofilled`, `header_date`, `code`, `header_year`, `max_individual_events_per_session`, `is_out_of_season`, `edition_type_id`, `timing_type_id`, `individual_score_computation_type_id`, `relay_score_computation_type_id`, `team_score_computation_type_id`, `meeting_score_computation_type_id`, `invitation`, `is_confirmed`)
  VALUES (16266, 'TROFEO DELLE DOLOMITI', NULL, 0, 1, NULL, NULL, NULL, 'Bolzano Nuoto Master', 0, 0, 0, 2, '?', 17, 162, 2, '2016-10-26 14:53:37', '2016-10-26 14:53:37', 1, '2017-01-22', 'bolzanodelledolomiti', '2016', 0, 0, 2, 3, 1, 1, 12, 1, NULL, 0);
INSERT INTO `meeting_sessions` (`id`, `session_order`, `scheduled_date`, `warm_up_time`, `begin_time`, `notes`, `meeting_id`, `swimming_pool_id`, `user_id`, `created_at`, `updated_at`, `description`, `is_autofilled`, `day_part_type_id`)
  VALUES (1728, 1, '2017-01-22', '2000-01-01 00:00:00', '2000-01-01 00:00:00', '', 16266, 87, 2, '2016-10-26 14:53:37', '2016-10-26 14:53:37', 'FINALI', 1, 1);
INSERT INTO `meeting_events` (`id`, `created_at`, `updated_at`, `event_order`, `begin_time`, `is_out_of_race`, `is_autofilled`, `notes`, `meeting_session_id`, `event_type_id`, `heat_type_id`, `user_id`, `has_separate_gender_start_list`, `has_separate_category_start_list`)
  VALUES (8874, '2016-10-26 14:53:37', '2016-10-26 14:53:37', 1, '2000-01-01 08:02:00', 0, 1, NULL, 1728, 16, 3, 1, 1, 0);
INSERT INTO `meeting_events` (`id`, `created_at`, `updated_at`, `event_order`, `begin_time`, `is_out_of_race`, `is_autofilled`, `notes`, `meeting_session_id`, `event_type_id`, `heat_type_id`, `user_id`, `has_separate_gender_start_list`, `has_separate_category_start_list`)
  VALUES (8875, '2016-10-26 14:53:37', '2016-10-26 14:53:37', 2, '2000-01-01 08:32:00', 0, 1, NULL, 1728, 12, 3, 1, 1, 0);
INSERT INTO `meeting_events` (`id`, `created_at`, `updated_at`, `event_order`, `begin_time`, `is_out_of_race`, `is_autofilled`, `notes`, `meeting_session_id`, `event_type_id`, `heat_type_id`, `user_id`, `has_separate_gender_start_list`, `has_separate_category_start_list`)
  VALUES (8876, '2016-10-26 14:53:37', '2016-10-26 14:53:37', 3, '2000-01-01 08:50:00', 0, 1, NULL, 1728, 20, 3, 1, 1, 0);
INSERT INTO `meeting_events` (`id`, `created_at`, `updated_at`, `event_order`, `begin_time`, `is_out_of_race`, `is_autofilled`, `notes`, `meeting_session_id`, `event_type_id`, `heat_type_id`, `user_id`, `has_separate_gender_start_list`, `has_separate_category_start_list`)
  VALUES (8877, '2016-10-26 14:53:37', '2016-10-26 14:53:37', 4, '2000-01-01 09:24:00', 0, 1, NULL, 1728, 3, 3, 1, 1, 0);
INSERT INTO `meeting_events` (`id`, `created_at`, `updated_at`, `event_order`, `begin_time`, `is_out_of_race`, `is_autofilled`, `notes`, `meeting_session_id`, `event_type_id`, `heat_type_id`, `user_id`, `has_separate_gender_start_list`, `has_separate_category_start_list`)
  VALUES (8878, '2016-10-26 14:53:37', '2016-10-26 14:53:37', 5, '2000-01-01 09:56:00', 0, 1, NULL, 1728, 23, 3, 1, 1, 0);
INSERT INTO `meeting_events` (`id`, `created_at`, `updated_at`, `event_order`, `begin_time`, `is_out_of_race`, `is_autofilled`, `notes`, `meeting_session_id`, `event_type_id`, `heat_type_id`, `user_id`, `has_separate_gender_start_list`, `has_separate_category_start_list`)
  VALUES (8879, '2016-10-26 14:53:37', '2016-10-26 14:53:37', 6, '2000-01-01 10:20:00', 0, 1, NULL, 1728, 5, 3, 1, 1, 0);
INSERT INTO `meeting_events` (`id`, `created_at`, `updated_at`, `event_order`, `begin_time`, `is_out_of_race`, `is_autofilled`, `notes`, `meeting_session_id`, `event_type_id`, `heat_type_id`, `user_id`, `has_separate_gender_start_list`, `has_separate_category_start_list`)
  VALUES (8880, '2016-10-26 14:53:37', '2016-10-26 14:53:37', 7, '2000-01-01 10:54:00', 0, 1, NULL, 1728, 15, 3, 1, 1, 0);
INSERT INTO `meeting_events` (`id`, `created_at`, `updated_at`, `event_order`, `begin_time`, `is_out_of_race`, `is_autofilled`, `notes`, `meeting_session_id`, `event_type_id`, `heat_type_id`, `user_id`, `has_separate_gender_start_list`, `has_separate_category_start_list`)
  VALUES (8881, '2016-10-26 14:53:37', '2016-10-26 14:53:37', 8, '2000-01-01 11:22:00', 0, 1, NULL, 1728, 11, 3, 1, 1, 0);
INSERT INTO `meeting_events` (`id`, `created_at`, `updated_at`, `event_order`, `begin_time`, `is_out_of_race`, `is_autofilled`, `notes`, `meeting_session_id`, `event_type_id`, `heat_type_id`, `user_id`, `has_separate_gender_start_list`, `has_separate_category_start_list`)
  VALUES (8882, '2016-10-26 14:53:37', '2016-10-26 14:53:37', 9, '2000-01-01 11:46:00', 0, 1, NULL, 1728, 19, 3, 1, 1, 0);
INSERT INTO `meeting_events` (`id`, `created_at`, `updated_at`, `event_order`, `begin_time`, `is_out_of_race`, `is_autofilled`, `notes`, `meeting_session_id`, `event_type_id`, `heat_type_id`, `user_id`, `has_separate_gender_start_list`, `has_separate_category_start_list`)
  VALUES (8883, '2016-10-26 14:53:37', '2016-10-26 14:53:37', 10, '2000-01-01 12:28:00', 0, 1, NULL, 1728, 2, 3, 1, 1, 0);
INSERT INTO `meeting_events` (`id`, `created_at`, `updated_at`, `event_order`, `begin_time`, `is_out_of_race`, `is_autofilled`, `notes`, `meeting_session_id`, `event_type_id`, `heat_type_id`, `user_id`, `has_separate_gender_start_list`, `has_separate_category_start_list`)
  VALUES (8884, '2016-10-26 14:53:37', '2016-10-26 14:53:37', 11, '2000-01-01 13:07:01', 0, 1, NULL, 1728, 33, 3, 1, 1, 0);
INSERT INTO `meeting_events` (`id`, `created_at`, `updated_at`, `event_order`, `begin_time`, `is_out_of_race`, `is_autofilled`, `notes`, `meeting_session_id`, `event_type_id`, `heat_type_id`, `user_id`, `has_separate_gender_start_list`, `has_separate_category_start_list`)
  VALUES (8885, '2016-10-26 14:53:37', '2016-10-26 14:53:37', 12, '2000-01-01 13:06:02', 0, 1, NULL, 1728, 25, 3, 1, 1, 0);
INSERT INTO `meeting_sessions` (`id`, `session_order`, `scheduled_date`, `warm_up_time`, `begin_time`, `notes`, `meeting_id`, `swimming_pool_id`, `user_id`, `created_at`, `updated_at`, `description`, `is_autofilled`, `day_part_type_id`)
  VALUES (1729, 2, '2017-01-22', '2000-01-01 00:00:00', '2000-01-01 00:00:00', '', 16266, 87, 2, '2016-10-26 14:53:37', '2016-10-26 14:53:37', 'FINALI', 1, 2);

-- 15267-romaforumsprint TROFEO FORUM SPRINT. 2016-01-17
INSERT INTO `meetings` (`id`, `description`, `entry_deadline`, `has_warm_up_pool`, `is_under_25_admitted`, `reference_phone`, `reference_e_mail`, `reference_name`, `notes`, `has_invitation`, `has_start_list`, `are_results_acquired`, `max_individual_events`, `configuration_file`, `edition`, `season_id`, `user_id`, `created_at`, `updated_at`, `is_autofilled`, `header_date`, `code`, `header_year`, `max_individual_events_per_session`, `is_out_of_season`, `edition_type_id`, `timing_type_id`, `individual_score_computation_type_id`, `relay_score_computation_type_id`, `team_score_computation_type_id`, `meeting_score_computation_type_id`, `invitation`, `is_confirmed`)
  VALUES (16267, 'TROFEO FORUM SPRINT.', NULL, 0, 1, NULL, NULL, NULL, 'Forum SC', 0, 0, 0, 2, '?', 17, 162, 2, '2016-10-26 14:53:37', '2016-10-26 14:53:37', 1, '2017-01-15', 'romaforumsprint', '2017', 0, 0, 2, 3, 1, 1, 12, 1, NULL, 0);
INSERT INTO `meeting_sessions` (`id`, `session_order`, `scheduled_date`, `warm_up_time`, `begin_time`, `notes`, `meeting_id`, `swimming_pool_id`, `user_id`, `created_at`, `updated_at`, `description`, `is_autofilled`, `day_part_type_id`)
  VALUES (1730, 1, '2017-01-15', '2000-01-01 00:00:00', '2000-01-01 00:00:00', '', 16267, 95, 2, '2016-10-26 14:53:37', '2016-10-26 14:53:37', 'FINALI', 1, 1);
INSERT INTO `meeting_events` (`id`, `created_at`, `updated_at`, `event_order`, `begin_time`, `is_out_of_race`, `is_autofilled`, `notes`, `meeting_session_id`, `event_type_id`, `heat_type_id`, `user_id`, `has_separate_gender_start_list`, `has_separate_category_start_list`)
  VALUES (8886, '2016-10-26 14:53:37', '2016-10-26 14:53:37', 1, '2000-01-01 08:04:00', 0, 1, NULL, 1730, 22, 3, 1, 1, 0);
INSERT INTO `meeting_events` (`id`, `created_at`, `updated_at`, `event_order`, `begin_time`, `is_out_of_race`, `is_autofilled`, `notes`, `meeting_session_id`, `event_type_id`, `heat_type_id`, `user_id`, `has_separate_gender_start_list`, `has_separate_category_start_list`)
  VALUES (8887, '2016-10-26 14:53:37', '2016-10-26 14:53:37', 2, '2000-01-01 08:48:00', 0, 1, NULL, 1730, 17, 3, 1, 1, 0);
INSERT INTO `meeting_events` (`id`, `created_at`, `updated_at`, `event_order`, `begin_time`, `is_out_of_race`, `is_autofilled`, `notes`, `meeting_session_id`, `event_type_id`, `heat_type_id`, `user_id`, `has_separate_gender_start_list`, `has_separate_category_start_list`)
  VALUES (8888, '2016-10-26 14:53:37', '2016-10-26 14:53:37', 3, '2000-01-01 09:14:00', 0, 1, NULL, 1730, 13, 3, 1, 1, 0);
INSERT INTO `meeting_events` (`id`, `created_at`, `updated_at`, `event_order`, `begin_time`, `is_out_of_race`, `is_autofilled`, `notes`, `meeting_session_id`, `event_type_id`, `heat_type_id`, `user_id`, `has_separate_gender_start_list`, `has_separate_category_start_list`)
  VALUES (8889, '2016-10-26 14:53:37', '2016-10-26 14:53:37', 4, '2000-01-01 09:34:00', 0, 1, NULL, 1730, 21, 3, 1, 1, 0);
INSERT INTO `meeting_events` (`id`, `created_at`, `updated_at`, `event_order`, `begin_time`, `is_out_of_race`, `is_autofilled`, `notes`, `meeting_session_id`, `event_type_id`, `heat_type_id`, `user_id`, `has_separate_gender_start_list`, `has_separate_category_start_list`)
  VALUES (8890, '2016-10-26 14:53:37', '2016-10-26 14:53:37', 5, '2000-01-01 10:10:00', 0, 1, NULL, 1730, 4, 3, 1, 1, 0);
INSERT INTO `meeting_events` (`id`, `created_at`, `updated_at`, `event_order`, `begin_time`, `is_out_of_race`, `is_autofilled`, `notes`, `meeting_session_id`, `event_type_id`, `heat_type_id`, `user_id`, `has_separate_gender_start_list`, `has_separate_category_start_list`)
  VALUES (8891, '2016-10-26 14:53:37', '2016-10-26 14:53:37', 6, '2000-01-01 10:50:00', 0, 1, NULL, 1730, 15, 3, 1, 1, 0);
INSERT INTO `meeting_events` (`id`, `created_at`, `updated_at`, `event_order`, `begin_time`, `is_out_of_race`, `is_autofilled`, `notes`, `meeting_session_id`, `event_type_id`, `heat_type_id`, `user_id`, `has_separate_gender_start_list`, `has_separate_category_start_list`)
  VALUES (8892, '2016-10-26 14:53:37', '2016-10-26 14:53:37', 7, '2000-01-01 11:36:00', 0, 1, NULL, 1730, 11, 3, 1, 1, 0);
INSERT INTO `meeting_events` (`id`, `created_at`, `updated_at`, `event_order`, `begin_time`, `is_out_of_race`, `is_autofilled`, `notes`, `meeting_session_id`, `event_type_id`, `heat_type_id`, `user_id`, `has_separate_gender_start_list`, `has_separate_category_start_list`)
  VALUES (8893, '2016-10-26 14:53:37', '2016-10-26 14:53:37', 8, '2000-01-01 12:12:00', 0, 1, NULL, 1730, 19, 3, 1, 1, 0);
INSERT INTO `meeting_events` (`id`, `created_at`, `updated_at`, `event_order`, `begin_time`, `is_out_of_race`, `is_autofilled`, `notes`, `meeting_session_id`, `event_type_id`, `heat_type_id`, `user_id`, `has_separate_gender_start_list`, `has_separate_category_start_list`)
  VALUES (8894, '2016-10-26 14:53:37', '2016-10-26 14:53:37', 9, '2000-01-01 12:52:00', 0, 1, NULL, 1730, 2, 3, 1, 1, 0);
INSERT INTO `meeting_sessions` (`id`, `session_order`, `scheduled_date`, `warm_up_time`, `begin_time`, `notes`, `meeting_id`, `swimming_pool_id`, `user_id`, `created_at`, `updated_at`, `description`, `is_autofilled`, `day_part_type_id`)
  VALUES (1731, 2, '2017-01-15', '2000-01-01 00:00:00', '2000-01-01 00:00:00', '', 16267, 95, 2, '2016-10-26 14:53:37', '2016-10-26 14:53:37', 'FINALI', 1, 2);

-- 15268-taorminamaydayitaliamaster TROFEO MAYDAY ITALIA MASTER 2016-01-17
INSERT INTO `meetings` (`id`, `description`, `entry_deadline`, `has_warm_up_pool`, `is_under_25_admitted`, `reference_phone`, `reference_e_mail`, `reference_name`, `notes`, `has_invitation`, `has_start_list`, `are_results_acquired`, `max_individual_events`, `configuration_file`, `edition`, `season_id`, `user_id`, `created_at`, `updated_at`, `is_autofilled`, `header_date`, `code`, `header_year`, `max_individual_events_per_session`, `is_out_of_season`, `edition_type_id`, `timing_type_id`, `individual_score_computation_type_id`, `relay_score_computation_type_id`, `team_score_computation_type_id`, `meeting_score_computation_type_id`, `invitation`, `is_confirmed`)
  VALUES (16268, 'TROFEO MAYDAY ITALIA MASTER', NULL, 0, 1, NULL, NULL, NULL, 'Mayday Italia', 0, 0, 0, 2, '?', 17, 162, 2, '2016-10-26 14:53:37', '2016-10-26 14:53:37', 1, '2017-01-15', 'taorminamaydayitaliamaster', '2017', 0, 0, 2, 3, 1, 1, 12, 1, NULL, 0);
INSERT INTO `meeting_sessions` (`id`, `session_order`, `scheduled_date`, `warm_up_time`, `begin_time`, `notes`, `meeting_id`, `swimming_pool_id`, `user_id`, `created_at`, `updated_at`, `description`, `is_autofilled`, `day_part_type_id`)
  VALUES (1732, 1, '2017-01-15', '2000-01-01 00:00:00', '2000-01-01 00:00:00', '', 16268, 92, 2, '2016-10-26 14:53:37', '2016-10-26 14:53:37', 'FINALI', 1, 1);
INSERT INTO `meeting_events` (`id`, `created_at`, `updated_at`, `event_order`, `begin_time`, `is_out_of_race`, `is_autofilled`, `notes`, `meeting_session_id`, `event_type_id`, `heat_type_id`, `user_id`, `has_separate_gender_start_list`, `has_separate_category_start_list`)
  VALUES (8895, '2016-10-26 14:53:37', '2016-10-26 14:53:37', 1, '2000-01-01 08:02:00', 0, 1, NULL, 1732, 16, 3, 1, 1, 0);
INSERT INTO `meeting_events` (`id`, `created_at`, `updated_at`, `event_order`, `begin_time`, `is_out_of_race`, `is_autofilled`, `notes`, `meeting_session_id`, `event_type_id`, `heat_type_id`, `user_id`, `has_separate_gender_start_list`, `has_separate_category_start_list`)
  VALUES (8896, '2016-10-26 14:53:37', '2016-10-26 14:53:37', 2, '2000-01-01 08:34:00', 0, 1, NULL, 1732, 12, 3, 1, 1, 0);
INSERT INTO `meeting_events` (`id`, `created_at`, `updated_at`, `event_order`, `begin_time`, `is_out_of_race`, `is_autofilled`, `notes`, `meeting_session_id`, `event_type_id`, `heat_type_id`, `user_id`, `has_separate_gender_start_list`, `has_separate_category_start_list`)
  VALUES (8897, '2016-10-26 14:53:37', '2016-10-26 14:53:37', 3, '2000-01-01 09:00:00', 0, 1, NULL, 1732, 22, 3, 1, 1, 0);
INSERT INTO `meeting_events` (`id`, `created_at`, `updated_at`, `event_order`, `begin_time`, `is_out_of_race`, `is_autofilled`, `notes`, `meeting_session_id`, `event_type_id`, `heat_type_id`, `user_id`, `has_separate_gender_start_list`, `has_separate_category_start_list`)
  VALUES (8898, '2016-10-26 14:53:37', '2016-10-26 14:53:37', 4, '2000-01-01 09:40:00', 0, 1, NULL, 1732, 20, 3, 1, 1, 0);
INSERT INTO `meeting_events` (`id`, `created_at`, `updated_at`, `event_order`, `begin_time`, `is_out_of_race`, `is_autofilled`, `notes`, `meeting_session_id`, `event_type_id`, `heat_type_id`, `user_id`, `has_separate_gender_start_list`, `has_separate_category_start_list`)
  VALUES (8899, '2016-10-26 14:53:37', '2016-10-26 14:53:37', 5, '2000-01-01 10:08:00', 0, 1, NULL, 1732, 3, 3, 1, 1, 0);
INSERT INTO `meeting_events` (`id`, `created_at`, `updated_at`, `event_order`, `begin_time`, `is_out_of_race`, `is_autofilled`, `notes`, `meeting_session_id`, `event_type_id`, `heat_type_id`, `user_id`, `has_separate_gender_start_list`, `has_separate_category_start_list`)
  VALUES (8900, '2016-10-26 14:53:37', '2016-10-26 14:53:37', 6, '2000-01-01 10:40:00', 0, 1, NULL, 1732, 4, 3, 1, 1, 0);
INSERT INTO `meeting_events` (`id`, `created_at`, `updated_at`, `event_order`, `begin_time`, `is_out_of_race`, `is_autofilled`, `notes`, `meeting_session_id`, `event_type_id`, `heat_type_id`, `user_id`, `has_separate_gender_start_list`, `has_separate_category_start_list`)
  VALUES (8901, '2016-10-26 14:53:37', '2016-10-26 14:53:37', 7, '2000-01-01 11:16:00', 0, 1, NULL, 1732, 15, 3, 1, 1, 0);
INSERT INTO `meeting_events` (`id`, `created_at`, `updated_at`, `event_order`, `begin_time`, `is_out_of_race`, `is_autofilled`, `notes`, `meeting_session_id`, `event_type_id`, `heat_type_id`, `user_id`, `has_separate_gender_start_list`, `has_separate_category_start_list`)
  VALUES (8902, '2016-10-26 14:53:37', '2016-10-26 14:53:37', 8, '2000-01-01 11:44:00', 0, 1, NULL, 1732, 11, 3, 1, 1, 0);
INSERT INTO `meeting_events` (`id`, `created_at`, `updated_at`, `event_order`, `begin_time`, `is_out_of_race`, `is_autofilled`, `notes`, `meeting_session_id`, `event_type_id`, `heat_type_id`, `user_id`, `has_separate_gender_start_list`, `has_separate_category_start_list`)
  VALUES (8903, '2016-10-26 14:53:37', '2016-10-26 14:53:37', 9, '2000-01-01 12:14:00', 0, 1, NULL, 1732, 19, 3, 1, 1, 0);
INSERT INTO `meeting_events` (`id`, `created_at`, `updated_at`, `event_order`, `begin_time`, `is_out_of_race`, `is_autofilled`, `notes`, `meeting_session_id`, `event_type_id`, `heat_type_id`, `user_id`, `has_separate_gender_start_list`, `has_separate_category_start_list`)
  VALUES (8904, '2016-10-26 14:53:37', '2016-10-26 14:53:37', 10, '2000-01-01 12:50:00', 0, 1, NULL, 1732, 2, 3, 1, 1, 0);
INSERT INTO `meeting_events` (`id`, `created_at`, `updated_at`, `event_order`, `begin_time`, `is_out_of_race`, `is_autofilled`, `notes`, `meeting_session_id`, `event_type_id`, `heat_type_id`, `user_id`, `has_separate_gender_start_list`, `has_separate_category_start_list`)
  VALUES (8905, '2016-10-26 14:53:37', '2016-10-26 14:53:37', 11, '2000-01-01 13:24:30', 0, 1, NULL, 1732, 33, 3, 1, 1, 0);
INSERT INTO `meeting_events` (`id`, `created_at`, `updated_at`, `event_order`, `begin_time`, `is_out_of_race`, `is_autofilled`, `notes`, `meeting_session_id`, `event_type_id`, `heat_type_id`, `user_id`, `has_separate_gender_start_list`, `has_separate_category_start_list`)
  VALUES (8906, '2016-10-26 14:53:37', '2016-10-26 14:53:37', 12, '2000-01-01 13:22:00', 0, 1, NULL, 1732, 25, 3, 1, 1, 0);
INSERT INTO `meeting_sessions` (`id`, `session_order`, `scheduled_date`, `warm_up_time`, `begin_time`, `notes`, `meeting_id`, `swimming_pool_id`, `user_id`, `created_at`, `updated_at`, `description`, `is_autofilled`, `day_part_type_id`)
  VALUES (1733, 2, '2017-01-15', '2000-01-01 00:00:00', '2000-01-01 00:00:00', '', 16268, 92, 2, '2016-10-26 14:53:37', '2016-10-26 14:53:37', 'FINALI', 1, 2);

-- 15269-portici TROFEO DELLA CITT 2016-01-23
INSERT INTO `meetings` (`id`, `description`, `entry_deadline`, `has_warm_up_pool`, `is_under_25_admitted`, `reference_phone`, `reference_e_mail`, `reference_name`, `notes`, `has_invitation`, `has_start_list`, `are_results_acquired`, `max_individual_events`, `configuration_file`, `edition`, `season_id`, `user_id`, `created_at`, `updated_at`, `is_autofilled`, `header_date`, `code`, `header_year`, `max_individual_events_per_session`, `is_out_of_season`, `edition_type_id`, `timing_type_id`, `individual_score_computation_type_id`, `relay_score_computation_type_id`, `team_score_computation_type_id`, `meeting_score_computation_type_id`, `invitation`, `is_confirmed`)
  VALUES (16269, 'TROFEO DELLA CITT', NULL, 0, 1, NULL, NULL, NULL, 'Nuotatori Campani', 0, 0, 0, 2, '?', 17, 162, 2, '2016-10-26 14:53:37', '2016-10-26 14:53:37', 1, '2017-01-21', 'portici', '2017', 0, 0, 2, 3, 1, 1, 12, 1, NULL, 0);
INSERT INTO `meeting_sessions` (`id`, `session_order`, `scheduled_date`, `warm_up_time`, `begin_time`, `notes`, `meeting_id`, `swimming_pool_id`, `user_id`, `created_at`, `updated_at`, `description`, `is_autofilled`, `day_part_type_id`)
  VALUES (1734, 1, '2017-01-21', '2000-01-01 00:00:00', '2000-01-01 00:00:00', '', 16269, 96, 2, '2016-10-26 14:53:37', '2016-10-26 14:53:37', 'FINALI', 1, 1);
INSERT INTO `meeting_events` (`id`, `created_at`, `updated_at`, `event_order`, `begin_time`, `is_out_of_race`, `is_autofilled`, `notes`, `meeting_session_id`, `event_type_id`, `heat_type_id`, `user_id`, `has_separate_gender_start_list`, `has_separate_category_start_list`)
  VALUES (8907, '2016-10-26 14:53:37', '2016-10-26 14:53:37', 1, '2000-01-01 08:02:00', 0, 1, NULL, 1734, 16, 3, 1, 1, 0);
INSERT INTO `meeting_events` (`id`, `created_at`, `updated_at`, `event_order`, `begin_time`, `is_out_of_race`, `is_autofilled`, `notes`, `meeting_session_id`, `event_type_id`, `heat_type_id`, `user_id`, `has_separate_gender_start_list`, `has_separate_category_start_list`)
  VALUES (8908, '2016-10-26 14:53:37', '2016-10-26 14:53:37', 2, '2000-01-01 08:24:00', 0, 1, NULL, 1734, 12, 3, 1, 1, 0);
INSERT INTO `meeting_events` (`id`, `created_at`, `updated_at`, `event_order`, `begin_time`, `is_out_of_race`, `is_autofilled`, `notes`, `meeting_session_id`, `event_type_id`, `heat_type_id`, `user_id`, `has_separate_gender_start_list`, `has_separate_category_start_list`)
  VALUES (8909, '2016-10-26 14:53:37', '2016-10-26 14:53:37', 3, '2000-01-01 08:50:00', 0, 1, NULL, 1734, 20, 3, 1, 1, 0);
INSERT INTO `meeting_events` (`id`, `created_at`, `updated_at`, `event_order`, `begin_time`, `is_out_of_race`, `is_autofilled`, `notes`, `meeting_session_id`, `event_type_id`, `heat_type_id`, `user_id`, `has_separate_gender_start_list`, `has_separate_category_start_list`)
  VALUES (8910, '2016-10-26 14:53:37', '2016-10-26 14:53:37', 4, '2000-01-01 09:32:00', 0, 1, NULL, 1734, 3, 3, 1, 1, 0);
INSERT INTO `meeting_events` (`id`, `created_at`, `updated_at`, `event_order`, `begin_time`, `is_out_of_race`, `is_autofilled`, `notes`, `meeting_session_id`, `event_type_id`, `heat_type_id`, `user_id`, `has_separate_gender_start_list`, `has_separate_category_start_list`)
  VALUES (8911, '2016-10-26 14:53:37', '2016-10-26 14:53:37', 5, '2000-01-01 10:14:00', 0, 1, NULL, 1734, 17, 3, 1, 1, 0);
INSERT INTO `meeting_events` (`id`, `created_at`, `updated_at`, `event_order`, `begin_time`, `is_out_of_race`, `is_autofilled`, `notes`, `meeting_session_id`, `event_type_id`, `heat_type_id`, `user_id`, `has_separate_gender_start_list`, `has_separate_category_start_list`)
  VALUES (8912, '2016-10-26 14:53:37', '2016-10-26 14:53:37', 6, '2000-01-01 10:50:00', 0, 1, NULL, 1734, 13, 3, 1, 1, 0);
INSERT INTO `meeting_events` (`id`, `created_at`, `updated_at`, `event_order`, `begin_time`, `is_out_of_race`, `is_autofilled`, `notes`, `meeting_session_id`, `event_type_id`, `heat_type_id`, `user_id`, `has_separate_gender_start_list`, `has_separate_category_start_list`)
  VALUES (8913, '2016-10-26 14:53:37', '2016-10-26 14:53:37', 7, '2000-01-01 11:08:00', 0, 1, NULL, 1734, 23, 3, 1, 1, 0);
INSERT INTO `meeting_events` (`id`, `created_at`, `updated_at`, `event_order`, `begin_time`, `is_out_of_race`, `is_autofilled`, `notes`, `meeting_session_id`, `event_type_id`, `heat_type_id`, `user_id`, `has_separate_gender_start_list`, `has_separate_category_start_list`)
  VALUES (8914, '2016-10-26 14:53:37', '2016-10-26 14:53:37', 8, '2000-01-01 11:36:00', 0, 1, NULL, 1734, 21, 3, 1, 1, 0);
INSERT INTO `meeting_events` (`id`, `created_at`, `updated_at`, `event_order`, `begin_time`, `is_out_of_race`, `is_autofilled`, `notes`, `meeting_session_id`, `event_type_id`, `heat_type_id`, `user_id`, `has_separate_gender_start_list`, `has_separate_category_start_list`)
  VALUES (8915, '2016-10-26 14:53:37', '2016-10-26 14:53:37', 9, '2000-01-01 12:04:00', 0, 1, NULL, 1734, 4, 3, 1, 1, 0);
INSERT INTO `meeting_events` (`id`, `created_at`, `updated_at`, `event_order`, `begin_time`, `is_out_of_race`, `is_autofilled`, `notes`, `meeting_session_id`, `event_type_id`, `heat_type_id`, `user_id`, `has_separate_gender_start_list`, `has_separate_category_start_list`)
  VALUES (8916, '2016-10-26 14:53:37', '2016-10-26 14:53:37', 10, '2000-01-01 12:42:00', 0, 1, NULL, 1734, 24, 3, 1, 1, 0);
INSERT INTO `meeting_events` (`id`, `created_at`, `updated_at`, `event_order`, `begin_time`, `is_out_of_race`, `is_autofilled`, `notes`, `meeting_session_id`, `event_type_id`, `heat_type_id`, `user_id`, `has_separate_gender_start_list`, `has_separate_category_start_list`)
  VALUES (8917, '2016-10-26 14:53:37', '2016-10-26 14:53:37', 11, '2000-01-01 12:54:00', 0, 1, NULL, 1734, 5, 3, 1, 1, 0);
INSERT INTO `meeting_events` (`id`, `created_at`, `updated_at`, `event_order`, `begin_time`, `is_out_of_race`, `is_autofilled`, `notes`, `meeting_session_id`, `event_type_id`, `heat_type_id`, `user_id`, `has_separate_gender_start_list`, `has_separate_category_start_list`)
  VALUES (8918, '2016-10-26 14:53:37', '2016-10-26 14:53:37', 12, '2000-01-01 13:38:00', 0, 1, NULL, 1734, 15, 3, 1, 1, 0);
INSERT INTO `meeting_events` (`id`, `created_at`, `updated_at`, `event_order`, `begin_time`, `is_out_of_race`, `is_autofilled`, `notes`, `meeting_session_id`, `event_type_id`, `heat_type_id`, `user_id`, `has_separate_gender_start_list`, `has_separate_category_start_list`)
  VALUES (8919, '2016-10-26 14:53:37', '2016-10-26 14:53:37', 13, '2000-01-01 14:20:00', 0, 1, NULL, 1734, 11, 3, 1, 1, 0);
INSERT INTO `meeting_events` (`id`, `created_at`, `updated_at`, `event_order`, `begin_time`, `is_out_of_race`, `is_autofilled`, `notes`, `meeting_session_id`, `event_type_id`, `heat_type_id`, `user_id`, `has_separate_gender_start_list`, `has_separate_category_start_list`)
  VALUES (8920, '2016-10-26 14:53:37', '2016-10-26 14:53:37', 14, '2000-01-01 14:54:00', 0, 1, NULL, 1734, 19, 3, 1, 1, 0);
INSERT INTO `meeting_events` (`id`, `created_at`, `updated_at`, `event_order`, `begin_time`, `is_out_of_race`, `is_autofilled`, `notes`, `meeting_session_id`, `event_type_id`, `heat_type_id`, `user_id`, `has_separate_gender_start_list`, `has_separate_category_start_list`)
  VALUES (8921, '2016-10-26 14:53:37', '2016-10-26 14:53:37', 15, '2000-01-01 15:36:00', 0, 1, NULL, 1734, 2, 3, 1, 1, 0);
INSERT INTO `meeting_events` (`id`, `created_at`, `updated_at`, `event_order`, `begin_time`, `is_out_of_race`, `is_autofilled`, `notes`, `meeting_session_id`, `event_type_id`, `heat_type_id`, `user_id`, `has_separate_gender_start_list`, `has_separate_category_start_list`)
  VALUES (8922, '2016-10-26 14:53:37', '2016-10-26 14:53:37', 16, '2000-01-01 16:28:00', 0, 1, NULL, 1734, 6, 3, 1, 1, 0);
INSERT INTO `meeting_sessions` (`id`, `session_order`, `scheduled_date`, `warm_up_time`, `begin_time`, `notes`, `meeting_id`, `swimming_pool_id`, `user_id`, `created_at`, `updated_at`, `description`, `is_autofilled`, `day_part_type_id`)
  VALUES (1735, 2, '2017-01-21', '2000-01-01 00:00:00', '2000-01-01 00:00:00', '', 16269, 96, 2, '2016-10-26 14:53:37', '2016-10-26 14:53:37', 'FINALI', 1, 2);
INSERT INTO `meeting_sessions` (`id`, `session_order`, `scheduled_date`, `warm_up_time`, `begin_time`, `notes`, `meeting_id`, `swimming_pool_id`, `user_id`, `created_at`, `updated_at`, `description`, `is_autofilled`, `day_part_type_id`)
  VALUES (1736, 3, '2017-01-22', '2000-01-01 00:00:00', '2000-01-01 00:00:00', '', 16269, 96, 2, '2016-10-26 14:53:38', '2016-10-26 14:53:38', 'FINALI', 1, 1);

-- 15270-viterbolarusmaster TROFEO LARUS MASTER 2016-01-23
INSERT INTO `meetings` (`id`, `description`, `entry_deadline`, `has_warm_up_pool`, `is_under_25_admitted`, `reference_phone`, `reference_e_mail`, `reference_name`, `notes`, `has_invitation`, `has_start_list`, `are_results_acquired`, `max_individual_events`, `configuration_file`, `edition`, `season_id`, `user_id`, `created_at`, `updated_at`, `is_autofilled`, `header_date`, `code`, `header_year`, `max_individual_events_per_session`, `is_out_of_season`, `edition_type_id`, `timing_type_id`, `individual_score_computation_type_id`, `relay_score_computation_type_id`, `team_score_computation_type_id`, `meeting_score_computation_type_id`, `invitation`, `is_confirmed`)
  VALUES (16270, 'TROFEO LARUS MASTER', NULL, 0, 1, NULL, NULL, NULL, 'Larus Nuoto', 0, 0, 0, 2, '?', 17, 162, 2, '2016-10-26 14:53:38', '2016-10-26 14:53:38', 1, '2017-01-21', 'viterbolarusmaster', '2017', 0, 0, 2, 3, 1, 1, 12, 1, NULL, 0);
INSERT INTO `meeting_sessions` (`id`, `session_order`, `scheduled_date`, `warm_up_time`, `begin_time`, `notes`, `meeting_id`, `swimming_pool_id`, `user_id`, `created_at`, `updated_at`, `description`, `is_autofilled`, `day_part_type_id`)
  VALUES (1737, 1, '2017-01-21', '2000-01-01 00:00:00', '2000-01-01 00:00:00', '', 16270, 109, 2, '2016-10-26 14:53:38', '2016-10-26 14:53:38', 'FINALI', 1, 2);
INSERT INTO `meeting_events` (`id`, `created_at`, `updated_at`, `event_order`, `begin_time`, `is_out_of_race`, `is_autofilled`, `notes`, `meeting_session_id`, `event_type_id`, `heat_type_id`, `user_id`, `has_separate_gender_start_list`, `has_separate_category_start_list`)
  VALUES (8923, '2016-10-26 14:53:38', '2016-10-26 14:53:38', 1, '2000-01-01 08:02:00', 0, 1, NULL, 1737, 16, 3, 1, 1, 0);
INSERT INTO `meeting_events` (`id`, `created_at`, `updated_at`, `event_order`, `begin_time`, `is_out_of_race`, `is_autofilled`, `notes`, `meeting_session_id`, `event_type_id`, `heat_type_id`, `user_id`, `has_separate_gender_start_list`, `has_separate_category_start_list`)
  VALUES (8924, '2016-10-26 14:53:38', '2016-10-26 14:53:38', 2, '2000-01-01 08:48:00', 0, 1, NULL, 1737, 12, 3, 1, 1, 0);
INSERT INTO `meeting_events` (`id`, `created_at`, `updated_at`, `event_order`, `begin_time`, `is_out_of_race`, `is_autofilled`, `notes`, `meeting_session_id`, `event_type_id`, `heat_type_id`, `user_id`, `has_separate_gender_start_list`, `has_separate_category_start_list`)
  VALUES (8925, '2016-10-26 14:53:38', '2016-10-26 14:53:38', 3, '2000-01-01 09:20:00', 0, 1, NULL, 1737, 22, 3, 1, 1, 0);
INSERT INTO `meeting_events` (`id`, `created_at`, `updated_at`, `event_order`, `begin_time`, `is_out_of_race`, `is_autofilled`, `notes`, `meeting_session_id`, `event_type_id`, `heat_type_id`, `user_id`, `has_separate_gender_start_list`, `has_separate_category_start_list`)
  VALUES (8926, '2016-10-26 14:53:38', '2016-10-26 14:53:38', 4, '2000-01-01 09:54:00', 0, 1, NULL, 1737, 20, 3, 1, 1, 0);
INSERT INTO `meeting_events` (`id`, `created_at`, `updated_at`, `event_order`, `begin_time`, `is_out_of_race`, `is_autofilled`, `notes`, `meeting_session_id`, `event_type_id`, `heat_type_id`, `user_id`, `has_separate_gender_start_list`, `has_separate_category_start_list`)
  VALUES (8927, '2016-10-26 14:53:38', '2016-10-26 14:53:38', 5, '2000-01-01 10:30:00', 0, 1, NULL, 1737, 3, 3, 1, 1, 0);
INSERT INTO `meeting_events` (`id`, `created_at`, `updated_at`, `event_order`, `begin_time`, `is_out_of_race`, `is_autofilled`, `notes`, `meeting_session_id`, `event_type_id`, `heat_type_id`, `user_id`, `has_separate_gender_start_list`, `has_separate_category_start_list`)
  VALUES (8928, '2016-10-26 14:53:38', '2016-10-26 14:53:38', 6, '2000-01-01 11:10:00', 0, 1, NULL, 1737, 17, 3, 1, 1, 0);
INSERT INTO `meeting_events` (`id`, `created_at`, `updated_at`, `event_order`, `begin_time`, `is_out_of_race`, `is_autofilled`, `notes`, `meeting_session_id`, `event_type_id`, `heat_type_id`, `user_id`, `has_separate_gender_start_list`, `has_separate_category_start_list`)
  VALUES (8929, '2016-10-26 14:53:38', '2016-10-26 14:53:38', 7, '2000-01-01 11:38:00', 0, 1, NULL, 1737, 13, 3, 1, 1, 0);
INSERT INTO `meeting_events` (`id`, `created_at`, `updated_at`, `event_order`, `begin_time`, `is_out_of_race`, `is_autofilled`, `notes`, `meeting_session_id`, `event_type_id`, `heat_type_id`, `user_id`, `has_separate_gender_start_list`, `has_separate_category_start_list`)
  VALUES (8930, '2016-10-26 14:53:38', '2016-10-26 14:53:38', 8, '2000-01-01 11:56:00', 0, 1, NULL, 1737, 23, 3, 1, 1, 0);
INSERT INTO `meeting_events` (`id`, `created_at`, `updated_at`, `event_order`, `begin_time`, `is_out_of_race`, `is_autofilled`, `notes`, `meeting_session_id`, `event_type_id`, `heat_type_id`, `user_id`, `has_separate_gender_start_list`, `has_separate_category_start_list`)
  VALUES (8931, '2016-10-26 14:53:38', '2016-10-26 14:53:38', 9, '2000-01-01 12:32:00', 0, 1, NULL, 1737, 21, 3, 1, 1, 0);
INSERT INTO `meeting_events` (`id`, `created_at`, `updated_at`, `event_order`, `begin_time`, `is_out_of_race`, `is_autofilled`, `notes`, `meeting_session_id`, `event_type_id`, `heat_type_id`, `user_id`, `has_separate_gender_start_list`, `has_separate_category_start_list`)
  VALUES (8932, '2016-10-26 14:53:38', '2016-10-26 14:53:38', 10, '2000-01-01 13:08:00', 0, 1, NULL, 1737, 4, 3, 1, 1, 0);
INSERT INTO `meeting_events` (`id`, `created_at`, `updated_at`, `event_order`, `begin_time`, `is_out_of_race`, `is_autofilled`, `notes`, `meeting_session_id`, `event_type_id`, `heat_type_id`, `user_id`, `has_separate_gender_start_list`, `has_separate_category_start_list`)
  VALUES (8933, '2016-10-26 14:53:38', '2016-10-26 14:53:38', 11, '2000-01-01 13:52:00', 0, 1, NULL, 1737, 5, 3, 1, 1, 0);
INSERT INTO `meeting_events` (`id`, `created_at`, `updated_at`, `event_order`, `begin_time`, `is_out_of_race`, `is_autofilled`, `notes`, `meeting_session_id`, `event_type_id`, `heat_type_id`, `user_id`, `has_separate_gender_start_list`, `has_separate_category_start_list`)
  VALUES (8934, '2016-10-26 14:53:38', '2016-10-26 14:53:38', 12, '2000-01-01 14:38:00', 0, 1, NULL, 1737, 15, 3, 1, 1, 0);
INSERT INTO `meeting_events` (`id`, `created_at`, `updated_at`, `event_order`, `begin_time`, `is_out_of_race`, `is_autofilled`, `notes`, `meeting_session_id`, `event_type_id`, `heat_type_id`, `user_id`, `has_separate_gender_start_list`, `has_separate_category_start_list`)
  VALUES (8935, '2016-10-26 14:53:38', '2016-10-26 14:53:38', 13, '2000-01-01 15:22:00', 0, 1, NULL, 1737, 11, 3, 1, 1, 0);
INSERT INTO `meeting_events` (`id`, `created_at`, `updated_at`, `event_order`, `begin_time`, `is_out_of_race`, `is_autofilled`, `notes`, `meeting_session_id`, `event_type_id`, `heat_type_id`, `user_id`, `has_separate_gender_start_list`, `has_separate_category_start_list`)
  VALUES (8936, '2016-10-26 14:53:38', '2016-10-26 14:53:38', 14, '2000-01-01 16:04:00', 0, 1, NULL, 1737, 19, 3, 1, 1, 0);
INSERT INTO `meeting_events` (`id`, `created_at`, `updated_at`, `event_order`, `begin_time`, `is_out_of_race`, `is_autofilled`, `notes`, `meeting_session_id`, `event_type_id`, `heat_type_id`, `user_id`, `has_separate_gender_start_list`, `has_separate_category_start_list`)
  VALUES (8937, '2016-10-26 14:53:38', '2016-10-26 14:53:38', 15, '2000-01-01 16:40:00', 0, 1, NULL, 1737, 2, 3, 1, 1, 0);
INSERT INTO `meeting_events` (`id`, `created_at`, `updated_at`, `event_order`, `begin_time`, `is_out_of_race`, `is_autofilled`, `notes`, `meeting_session_id`, `event_type_id`, `heat_type_id`, `user_id`, `has_separate_gender_start_list`, `has_separate_category_start_list`)
  VALUES (8938, '2016-10-26 14:53:38', '2016-10-26 14:53:38', 16, '2000-01-01 17:14:30', 0, 1, NULL, 1737, 32, 3, 1, 1, 0);
INSERT INTO `meeting_sessions` (`id`, `session_order`, `scheduled_date`, `warm_up_time`, `begin_time`, `notes`, `meeting_id`, `swimming_pool_id`, `user_id`, `created_at`, `updated_at`, `description`, `is_autofilled`, `day_part_type_id`)
  VALUES (1738, 2, '2017-01-22', '2000-01-01 00:00:00', '2000-01-01 00:00:00', '', 16270, 109, 2, '2016-10-26 14:53:38', '2016-10-26 14:53:38', 'FINALI', 1, 1);

-- 15271-certaldodelboccaccio MEETING DEL BOCCACCIO 2016-01-24
INSERT INTO `meetings` (`id`, `description`, `entry_deadline`, `has_warm_up_pool`, `is_under_25_admitted`, `reference_phone`, `reference_e_mail`, `reference_name`, `notes`, `has_invitation`, `has_start_list`, `are_results_acquired`, `max_individual_events`, `configuration_file`, `edition`, `season_id`, `user_id`, `created_at`, `updated_at`, `is_autofilled`, `header_date`, `code`, `header_year`, `max_individual_events_per_session`, `is_out_of_season`, `edition_type_id`, `timing_type_id`, `individual_score_computation_type_id`, `relay_score_computation_type_id`, `team_score_computation_type_id`, `meeting_score_computation_type_id`, `invitation`, `is_confirmed`)
  VALUES (16271, 'MEETING DEL BOCCACCIO', NULL, 0, 1, NULL, NULL, NULL, NULL, 0, 0, 0, 2, '?', 17, 162, 2, '2016-10-26 14:53:38', '2016-10-26 14:53:38', 1, '2017-01-22', 'certaldodelboccaccio', '2017', 0, 0, 2, 3, 1, 1, 12, 1, NULL, 0);
INSERT INTO `meeting_sessions` (`id`, `session_order`, `scheduled_date`, `warm_up_time`, `begin_time`, `notes`, `meeting_id`, `swimming_pool_id`, `user_id`, `created_at`, `updated_at`, `description`, `is_autofilled`, `day_part_type_id`)
  VALUES (1739, 1, '2017-01-22', '2000-01-01 00:00:00', '2000-01-01 00:00:00', '', 16271, 149, 2, '2016-10-26 14:53:38', '2016-10-26 14:53:38', 'FINALI', 1, 1);
INSERT INTO `meeting_sessions` (`id`, `session_order`, `scheduled_date`, `warm_up_time`, `begin_time`, `notes`, `meeting_id`, `swimming_pool_id`, `user_id`, `created_at`, `updated_at`, `description`, `is_autofilled`, `day_part_type_id`)
  VALUES (1740, 2, '2017-01-22', '2000-01-01 00:00:00', '2000-01-01 00:00:00', '', 16271, 149, 2, '2016-10-26 14:53:38', '2016-10-26 14:53:38', 'FINALI', 1, 2);

-- 15272-reglazio REGIONALI LAZIO 2016-02-06
INSERT INTO `meetings` (`id`, `description`, `entry_deadline`, `has_warm_up_pool`, `is_under_25_admitted`, `reference_phone`, `reference_e_mail`, `reference_name`, `notes`, `has_invitation`, `has_start_list`, `are_results_acquired`, `max_individual_events`, `configuration_file`, `edition`, `season_id`, `user_id`, `created_at`, `updated_at`, `is_autofilled`, `header_date`, `code`, `header_year`, `max_individual_events_per_session`, `is_out_of_season`, `edition_type_id`, `timing_type_id`, `individual_score_computation_type_id`, `relay_score_computation_type_id`, `team_score_computation_type_id`, `meeting_score_computation_type_id`, `invitation`, `is_confirmed`)
  VALUES (16272, 'REGIONALI LAZIO', NULL, 0, 1, NULL, NULL, NULL, 'CR Lazio', 0, 0, 0, 2, '?', 17, 162, 2, '2016-10-26 14:53:38', '2016-10-26 14:53:38', 1, '2017-02-04', 'reglazio', '2017', 0, 0, 4, 3, 1, 1, 12, 1, NULL, 0);
INSERT INTO `meeting_sessions` (`id`, `session_order`, `scheduled_date`, `warm_up_time`, `begin_time`, `notes`, `meeting_id`, `swimming_pool_id`, `user_id`, `created_at`, `updated_at`, `description`, `is_autofilled`, `day_part_type_id`)
  VALUES (1741, 1, '2017-02-04', '2000-01-01 00:00:00', '2000-01-01 00:00:00', '', 16272, 148, 2, '2016-10-26 14:53:38', '2016-10-26 14:53:38', 'FINALI', 1, 1);
INSERT INTO `meeting_events` (`id`, `created_at`, `updated_at`, `event_order`, `begin_time`, `is_out_of_race`, `is_autofilled`, `notes`, `meeting_session_id`, `event_type_id`, `heat_type_id`, `user_id`, `has_separate_gender_start_list`, `has_separate_category_start_list`)
  VALUES (8939, '2016-10-26 14:53:38', '2016-10-26 14:53:38', 1, '2000-01-01 08:02:00', 0, 1, NULL, 1741, 16, 3, 1, 1, 0);
INSERT INTO `meeting_events` (`id`, `created_at`, `updated_at`, `event_order`, `begin_time`, `is_out_of_race`, `is_autofilled`, `notes`, `meeting_session_id`, `event_type_id`, `heat_type_id`, `user_id`, `has_separate_gender_start_list`, `has_separate_category_start_list`)
  VALUES (8940, '2016-10-26 14:53:38', '2016-10-26 14:53:38', 2, '2000-01-01 08:44:00', 0, 1, NULL, 1741, 12, 3, 1, 1, 0);
INSERT INTO `meeting_events` (`id`, `created_at`, `updated_at`, `event_order`, `begin_time`, `is_out_of_race`, `is_autofilled`, `notes`, `meeting_session_id`, `event_type_id`, `heat_type_id`, `user_id`, `has_separate_gender_start_list`, `has_separate_category_start_list`)
  VALUES (8941, '2016-10-26 14:53:38', '2016-10-26 14:53:38', 3, '2000-01-01 09:16:00', 0, 1, NULL, 1741, 22, 3, 1, 1, 0);
INSERT INTO `meeting_events` (`id`, `created_at`, `updated_at`, `event_order`, `begin_time`, `is_out_of_race`, `is_autofilled`, `notes`, `meeting_session_id`, `event_type_id`, `heat_type_id`, `user_id`, `has_separate_gender_start_list`, `has_separate_category_start_list`)
  VALUES (8942, '2016-10-26 14:53:38', '2016-10-26 14:53:38', 4, '2000-01-01 09:54:00', 0, 1, NULL, 1741, 20, 3, 1, 1, 0);
INSERT INTO `meeting_events` (`id`, `created_at`, `updated_at`, `event_order`, `begin_time`, `is_out_of_race`, `is_autofilled`, `notes`, `meeting_session_id`, `event_type_id`, `heat_type_id`, `user_id`, `has_separate_gender_start_list`, `has_separate_category_start_list`)
  VALUES (8943, '2016-10-26 14:53:38', '2016-10-26 14:53:38', 5, '2000-01-01 10:36:00', 0, 1, NULL, 1741, 3, 3, 1, 1, 0);
INSERT INTO `meeting_events` (`id`, `created_at`, `updated_at`, `event_order`, `begin_time`, `is_out_of_race`, `is_autofilled`, `notes`, `meeting_session_id`, `event_type_id`, `heat_type_id`, `user_id`, `has_separate_gender_start_list`, `has_separate_category_start_list`)
  VALUES (8944, '2016-10-26 14:53:38', '2016-10-26 14:53:38', 6, '2000-01-01 11:18:00', 0, 1, NULL, 1741, 7, 3, 1, 1, 0);
INSERT INTO `meeting_events` (`id`, `created_at`, `updated_at`, `event_order`, `begin_time`, `is_out_of_race`, `is_autofilled`, `notes`, `meeting_session_id`, `event_type_id`, `heat_type_id`, `user_id`, `has_separate_gender_start_list`, `has_separate_category_start_list`)
  VALUES (8945, '2016-10-26 14:53:38', '2016-10-26 14:53:38', 7, '2000-01-01 11:58:00', 0, 1, NULL, 1741, 17, 3, 1, 1, 0);
INSERT INTO `meeting_events` (`id`, `created_at`, `updated_at`, `event_order`, `begin_time`, `is_out_of_race`, `is_autofilled`, `notes`, `meeting_session_id`, `event_type_id`, `heat_type_id`, `user_id`, `has_separate_gender_start_list`, `has_separate_category_start_list`)
  VALUES (8946, '2016-10-26 14:53:38', '2016-10-26 14:53:38', 8, '2000-01-01 12:40:00', 0, 1, NULL, 1741, 13, 3, 1, 1, 0);
INSERT INTO `meeting_events` (`id`, `created_at`, `updated_at`, `event_order`, `begin_time`, `is_out_of_race`, `is_autofilled`, `notes`, `meeting_session_id`, `event_type_id`, `heat_type_id`, `user_id`, `has_separate_gender_start_list`, `has_separate_category_start_list`)
  VALUES (8947, '2016-10-26 14:53:38', '2016-10-26 14:53:38', 9, '2000-01-01 13:08:00', 0, 1, NULL, 1741, 23, 3, 1, 1, 0);
INSERT INTO `meeting_events` (`id`, `created_at`, `updated_at`, `event_order`, `begin_time`, `is_out_of_race`, `is_autofilled`, `notes`, `meeting_session_id`, `event_type_id`, `heat_type_id`, `user_id`, `has_separate_gender_start_list`, `has_separate_category_start_list`)
  VALUES (8948, '2016-10-26 14:53:38', '2016-10-26 14:53:38', 10, '2000-01-01 13:50:00', 0, 1, NULL, 1741, 21, 3, 1, 1, 0);
INSERT INTO `meeting_events` (`id`, `created_at`, `updated_at`, `event_order`, `begin_time`, `is_out_of_race`, `is_autofilled`, `notes`, `meeting_session_id`, `event_type_id`, `heat_type_id`, `user_id`, `has_separate_gender_start_list`, `has_separate_category_start_list`)
  VALUES (8949, '2016-10-26 14:53:38', '2016-10-26 14:53:38', 11, '2000-01-01 14:30:00', 0, 1, NULL, 1741, 4, 3, 1, 1, 0);
INSERT INTO `meeting_events` (`id`, `created_at`, `updated_at`, `event_order`, `begin_time`, `is_out_of_race`, `is_autofilled`, `notes`, `meeting_session_id`, `event_type_id`, `heat_type_id`, `user_id`, `has_separate_gender_start_list`, `has_separate_category_start_list`)
  VALUES (8950, '2016-10-26 14:53:38', '2016-10-26 14:53:38', 12, '2000-01-01 15:08:00', 0, 1, NULL, 1741, 24, 3, 1, 1, 0);
INSERT INTO `meeting_events` (`id`, `created_at`, `updated_at`, `event_order`, `begin_time`, `is_out_of_race`, `is_autofilled`, `notes`, `meeting_session_id`, `event_type_id`, `heat_type_id`, `user_id`, `has_separate_gender_start_list`, `has_separate_category_start_list`)
  VALUES (8951, '2016-10-26 14:53:38', '2016-10-26 14:53:38', 13, '2000-01-01 15:44:00', 0, 1, NULL, 1741, 5, 3, 1, 1, 0);
INSERT INTO `meeting_events` (`id`, `created_at`, `updated_at`, `event_order`, `begin_time`, `is_out_of_race`, `is_autofilled`, `notes`, `meeting_session_id`, `event_type_id`, `heat_type_id`, `user_id`, `has_separate_gender_start_list`, `has_separate_category_start_list`)
  VALUES (8952, '2016-10-26 14:53:38', '2016-10-26 14:53:38', 14, '2000-01-01 16:24:00', 0, 1, NULL, 1741, 15, 3, 1, 1, 0);
INSERT INTO `meeting_events` (`id`, `created_at`, `updated_at`, `event_order`, `begin_time`, `is_out_of_race`, `is_autofilled`, `notes`, `meeting_session_id`, `event_type_id`, `heat_type_id`, `user_id`, `has_separate_gender_start_list`, `has_separate_category_start_list`)
  VALUES (8953, '2016-10-26 14:53:38', '2016-10-26 14:53:38', 15, '2000-01-01 17:08:00', 0, 1, NULL, 1741, 11, 3, 1, 1, 0);
INSERT INTO `meeting_events` (`id`, `created_at`, `updated_at`, `event_order`, `begin_time`, `is_out_of_race`, `is_autofilled`, `notes`, `meeting_session_id`, `event_type_id`, `heat_type_id`, `user_id`, `has_separate_gender_start_list`, `has_separate_category_start_list`)
  VALUES (8954, '2016-10-26 14:53:38', '2016-10-26 14:53:38', 16, '2000-01-01 17:46:00', 0, 1, NULL, 1741, 19, 3, 1, 1, 0);
INSERT INTO `meeting_events` (`id`, `created_at`, `updated_at`, `event_order`, `begin_time`, `is_out_of_race`, `is_autofilled`, `notes`, `meeting_session_id`, `event_type_id`, `heat_type_id`, `user_id`, `has_separate_gender_start_list`, `has_separate_category_start_list`)
  VALUES (8955, '2016-10-26 14:53:38', '2016-10-26 14:53:38', 17, '2000-01-01 18:30:00', 0, 1, NULL, 1741, 2, 3, 1, 1, 0);
INSERT INTO `meeting_events` (`id`, `created_at`, `updated_at`, `event_order`, `begin_time`, `is_out_of_race`, `is_autofilled`, `notes`, `meeting_session_id`, `event_type_id`, `heat_type_id`, `user_id`, `has_separate_gender_start_list`, `has_separate_category_start_list`)
  VALUES (8956, '2016-10-26 14:53:38', '2016-10-26 14:53:38', 18, '2000-01-01 19:18:00', 0, 1, NULL, 1741, 6, 3, 1, 1, 0);
INSERT INTO `meeting_events` (`id`, `created_at`, `updated_at`, `event_order`, `begin_time`, `is_out_of_race`, `is_autofilled`, `notes`, `meeting_session_id`, `event_type_id`, `heat_type_id`, `user_id`, `has_separate_gender_start_list`, `has_separate_category_start_list`)
  VALUES (8957, '2016-10-26 14:53:38', '2016-10-26 14:53:38', 19, '2000-01-01 20:03:49', 0, 1, NULL, 1741, 33, 3, 1, 1, 0);
INSERT INTO `meeting_events` (`id`, `created_at`, `updated_at`, `event_order`, `begin_time`, `is_out_of_race`, `is_autofilled`, `notes`, `meeting_session_id`, `event_type_id`, `heat_type_id`, `user_id`, `has_separate_gender_start_list`, `has_separate_category_start_list`)
  VALUES (8958, '2016-10-26 14:53:38', '2016-10-26 14:53:38', 20, '2000-01-01 20:24:11', 0, 1, NULL, 1741, 32, 3, 1, 1, 0);
INSERT INTO `meeting_events` (`id`, `created_at`, `updated_at`, `event_order`, `begin_time`, `is_out_of_race`, `is_autofilled`, `notes`, `meeting_session_id`, `event_type_id`, `heat_type_id`, `user_id`, `has_separate_gender_start_list`, `has_separate_category_start_list`)
  VALUES (8959, '2016-10-26 14:53:38', '2016-10-26 14:53:38', 21, '2000-01-01 20:01:11', 0, 1, NULL, 1741, 26, 3, 1, 1, 0);
INSERT INTO `meeting_events` (`id`, `created_at`, `updated_at`, `event_order`, `begin_time`, `is_out_of_race`, `is_autofilled`, `notes`, `meeting_session_id`, `event_type_id`, `heat_type_id`, `user_id`, `has_separate_gender_start_list`, `has_separate_category_start_list`)
  VALUES (8960, '2016-10-26 14:53:38', '2016-10-26 14:53:38', 22, '2000-01-01 19:15:11', 0, 1, NULL, 1741, 25, 3, 1, 1, 0);

-- 15273-cataniasagata TROFEO S. AGATA 2016-01-31
INSERT INTO `meetings` (`id`, `description`, `entry_deadline`, `has_warm_up_pool`, `is_under_25_admitted`, `reference_phone`, `reference_e_mail`, `reference_name`, `notes`, `has_invitation`, `has_start_list`, `are_results_acquired`, `max_individual_events`, `configuration_file`, `edition`, `season_id`, `user_id`, `created_at`, `updated_at`, `is_autofilled`, `header_date`, `code`, `header_year`, `max_individual_events_per_session`, `is_out_of_season`, `edition_type_id`, `timing_type_id`, `individual_score_computation_type_id`, `relay_score_computation_type_id`, `team_score_computation_type_id`, `meeting_score_computation_type_id`, `invitation`, `is_confirmed`)
  VALUES (16273, 'TROFEO S. AGATA', NULL, 0, 1, NULL, NULL, NULL, 'SC Catania', 0, 0, 0, 2, '?', 17, 162, 2, '2016-10-26 14:53:38', '2016-10-26 14:53:38', 1, '2017-01-29', 'cataniasagata', '2017', 0, 0, 2, 3, 1, 1, 12, 1, NULL, 0);
INSERT INTO `meeting_sessions` (`id`, `session_order`, `scheduled_date`, `warm_up_time`, `begin_time`, `notes`, `meeting_id`, `swimming_pool_id`, `user_id`, `created_at`, `updated_at`, `description`, `is_autofilled`, `day_part_type_id`)
  VALUES (1742, 1, '2017-01-29', '2000-01-01 00:00:00', '2000-01-01 00:00:00', '', 16273, 97, 2, '2016-10-26 14:53:38', '2016-10-26 14:53:38', 'FINALI', 1, 1);
INSERT INTO `meeting_events` (`id`, `created_at`, `updated_at`, `event_order`, `begin_time`, `is_out_of_race`, `is_autofilled`, `notes`, `meeting_session_id`, `event_type_id`, `heat_type_id`, `user_id`, `has_separate_gender_start_list`, `has_separate_category_start_list`)
  VALUES (8961, '2016-10-26 14:53:38', '2016-10-26 14:53:38', 1, '2000-01-01 08:02:00', 0, 1, NULL, 1742, 16, 3, 1, 1, 0);
INSERT INTO `meeting_events` (`id`, `created_at`, `updated_at`, `event_order`, `begin_time`, `is_out_of_race`, `is_autofilled`, `notes`, `meeting_session_id`, `event_type_id`, `heat_type_id`, `user_id`, `has_separate_gender_start_list`, `has_separate_category_start_list`)
  VALUES (8962, '2016-10-26 14:53:38', '2016-10-26 14:53:38', 2, '2000-01-01 08:38:00', 0, 1, NULL, 1742, 12, 3, 1, 1, 0);
INSERT INTO `meeting_events` (`id`, `created_at`, `updated_at`, `event_order`, `begin_time`, `is_out_of_race`, `is_autofilled`, `notes`, `meeting_session_id`, `event_type_id`, `heat_type_id`, `user_id`, `has_separate_gender_start_list`, `has_separate_category_start_list`)
  VALUES (8963, '2016-10-26 14:53:38', '2016-10-26 14:53:38', 3, '2000-01-01 09:00:00', 0, 1, NULL, 1742, 20, 3, 1, 1, 0);
INSERT INTO `meeting_events` (`id`, `created_at`, `updated_at`, `event_order`, `begin_time`, `is_out_of_race`, `is_autofilled`, `notes`, `meeting_session_id`, `event_type_id`, `heat_type_id`, `user_id`, `has_separate_gender_start_list`, `has_separate_category_start_list`)
  VALUES (8964, '2016-10-26 14:53:38', '2016-10-26 14:53:38', 4, '2000-01-01 09:38:00', 0, 1, NULL, 1742, 23, 3, 1, 1, 0);
INSERT INTO `meeting_events` (`id`, `created_at`, `updated_at`, `event_order`, `begin_time`, `is_out_of_race`, `is_autofilled`, `notes`, `meeting_session_id`, `event_type_id`, `heat_type_id`, `user_id`, `has_separate_gender_start_list`, `has_separate_category_start_list`)
  VALUES (8965, '2016-10-26 14:53:38', '2016-10-26 14:53:38', 5, '2000-01-01 10:04:00', 0, 1, NULL, 1742, 4, 3, 1, 1, 0);
INSERT INTO `meeting_events` (`id`, `created_at`, `updated_at`, `event_order`, `begin_time`, `is_out_of_race`, `is_autofilled`, `notes`, `meeting_session_id`, `event_type_id`, `heat_type_id`, `user_id`, `has_separate_gender_start_list`, `has_separate_category_start_list`)
  VALUES (8966, '2016-10-26 14:53:38', '2016-10-26 14:53:38', 6, '2000-01-01 10:40:00', 0, 1, NULL, 1742, 15, 3, 1, 1, 0);
INSERT INTO `meeting_events` (`id`, `created_at`, `updated_at`, `event_order`, `begin_time`, `is_out_of_race`, `is_autofilled`, `notes`, `meeting_session_id`, `event_type_id`, `heat_type_id`, `user_id`, `has_separate_gender_start_list`, `has_separate_category_start_list`)
  VALUES (8967, '2016-10-26 14:53:38', '2016-10-26 14:53:38', 7, '2000-01-01 11:20:00', 0, 1, NULL, 1742, 11, 3, 1, 1, 0);
INSERT INTO `meeting_events` (`id`, `created_at`, `updated_at`, `event_order`, `begin_time`, `is_out_of_race`, `is_autofilled`, `notes`, `meeting_session_id`, `event_type_id`, `heat_type_id`, `user_id`, `has_separate_gender_start_list`, `has_separate_category_start_list`)
  VALUES (8968, '2016-10-26 14:53:38', '2016-10-26 14:53:38', 8, '2000-01-01 11:52:00', 0, 1, NULL, 1742, 19, 3, 1, 1, 0);
INSERT INTO `meeting_events` (`id`, `created_at`, `updated_at`, `event_order`, `begin_time`, `is_out_of_race`, `is_autofilled`, `notes`, `meeting_session_id`, `event_type_id`, `heat_type_id`, `user_id`, `has_separate_gender_start_list`, `has_separate_category_start_list`)
  VALUES (8969, '2016-10-26 14:53:38', '2016-10-26 14:53:38', 9, '2000-01-01 12:26:00', 0, 1, NULL, 1742, 2, 3, 1, 1, 0);
INSERT INTO `meeting_events` (`id`, `created_at`, `updated_at`, `event_order`, `begin_time`, `is_out_of_race`, `is_autofilled`, `notes`, `meeting_session_id`, `event_type_id`, `heat_type_id`, `user_id`, `has_separate_gender_start_list`, `has_separate_category_start_list`)
  VALUES (8970, '2016-10-26 14:53:38', '2016-10-26 14:53:38', 10, '2000-01-01 13:06:30', 0, 1, NULL, 1742, 33, 3, 1, 1, 0);
INSERT INTO `meeting_events` (`id`, `created_at`, `updated_at`, `event_order`, `begin_time`, `is_out_of_race`, `is_autofilled`, `notes`, `meeting_session_id`, `event_type_id`, `heat_type_id`, `user_id`, `has_separate_gender_start_list`, `has_separate_category_start_list`)
  VALUES (8971, '2016-10-26 14:53:38', '2016-10-26 14:53:38', 11, '2000-01-01 13:05:30', 0, 1, NULL, 1742, 25, 3, 1, 1, 0);
INSERT INTO `meeting_sessions` (`id`, `session_order`, `scheduled_date`, `warm_up_time`, `begin_time`, `notes`, `meeting_id`, `swimming_pool_id`, `user_id`, `created_at`, `updated_at`, `description`, `is_autofilled`, `day_part_type_id`)
  VALUES (1743, 2, '2017-01-29', '2000-01-01 00:00:00', '2000-01-01 00:00:00', '', 16273, 97, 2, '2016-10-26 14:53:38', '2016-10-26 14:53:38', 'FINALI', 1, 2);

-- 15274-regpuglia REGIONALI PUGLIA 2016-02-07
INSERT INTO `meetings` (`id`, `description`, `entry_deadline`, `has_warm_up_pool`, `is_under_25_admitted`, `reference_phone`, `reference_e_mail`, `reference_name`, `notes`, `has_invitation`, `has_start_list`, `are_results_acquired`, `max_individual_events`, `configuration_file`, `edition`, `season_id`, `user_id`, `created_at`, `updated_at`, `is_autofilled`, `header_date`, `code`, `header_year`, `max_individual_events_per_session`, `is_out_of_season`, `edition_type_id`, `timing_type_id`, `individual_score_computation_type_id`, `relay_score_computation_type_id`, `team_score_computation_type_id`, `meeting_score_computation_type_id`, `invitation`, `is_confirmed`)
  VALUES (16274, 'REGIONALI PUGLIA', NULL, 0, 1, NULL, NULL, NULL, NULL, 0, 0, 0, 2, '?', 17, 162, 2, '2016-10-26 14:53:38', '2016-10-26 14:53:38', 1, '2017-02-05', 'regpuglia', '2017', 0, 0, 4, 3, 1, 1, 12, 1, NULL, 0);
INSERT INTO `meeting_sessions` (`id`, `session_order`, `scheduled_date`, `warm_up_time`, `begin_time`, `notes`, `meeting_id`, `swimming_pool_id`, `user_id`, `created_at`, `updated_at`, `description`, `is_autofilled`, `day_part_type_id`)
  VALUES (1744, 1, '2017-02-05', '2000-01-01 00:00:00', '2000-01-01 00:00:00', '', 16274, 135, 2, '2016-10-26 14:53:38', '2016-10-26 14:53:38', 'FINALI', 1, 1);
INSERT INTO `meeting_events` (`id`, `created_at`, `updated_at`, `event_order`, `begin_time`, `is_out_of_race`, `is_autofilled`, `notes`, `meeting_session_id`, `event_type_id`, `heat_type_id`, `user_id`, `has_separate_gender_start_list`, `has_separate_category_start_list`)
  VALUES (8972, '2016-10-26 14:53:38', '2016-10-26 14:53:38', 1, '2000-01-01 08:02:00', 0, 1, NULL, 1744, 16, 3, 1, 1, 0);
INSERT INTO `meeting_events` (`id`, `created_at`, `updated_at`, `event_order`, `begin_time`, `is_out_of_race`, `is_autofilled`, `notes`, `meeting_session_id`, `event_type_id`, `heat_type_id`, `user_id`, `has_separate_gender_start_list`, `has_separate_category_start_list`)
  VALUES (8973, '2016-10-26 14:53:38', '2016-10-26 14:53:38', 2, '2000-01-01 08:30:00', 0, 1, NULL, 1744, 12, 3, 1, 1, 0);
INSERT INTO `meeting_events` (`id`, `created_at`, `updated_at`, `event_order`, `begin_time`, `is_out_of_race`, `is_autofilled`, `notes`, `meeting_session_id`, `event_type_id`, `heat_type_id`, `user_id`, `has_separate_gender_start_list`, `has_separate_category_start_list`)
  VALUES (8974, '2016-10-26 14:53:38', '2016-10-26 14:53:38', 3, '2000-01-01 08:54:00', 0, 1, NULL, 1744, 22, 3, 1, 1, 0);
INSERT INTO `meeting_events` (`id`, `created_at`, `updated_at`, `event_order`, `begin_time`, `is_out_of_race`, `is_autofilled`, `notes`, `meeting_session_id`, `event_type_id`, `heat_type_id`, `user_id`, `has_separate_gender_start_list`, `has_separate_category_start_list`)
  VALUES (8975, '2016-10-26 14:53:38', '2016-10-26 14:53:38', 4, '2000-01-01 09:32:00', 0, 1, NULL, 1744, 20, 3, 1, 1, 0);
INSERT INTO `meeting_events` (`id`, `created_at`, `updated_at`, `event_order`, `begin_time`, `is_out_of_race`, `is_autofilled`, `notes`, `meeting_session_id`, `event_type_id`, `heat_type_id`, `user_id`, `has_separate_gender_start_list`, `has_separate_category_start_list`)
  VALUES (8976, '2016-10-26 14:53:38', '2016-10-26 14:53:38', 5, '2000-01-01 10:10:00', 0, 1, NULL, 1744, 3, 3, 1, 1, 0);
INSERT INTO `meeting_events` (`id`, `created_at`, `updated_at`, `event_order`, `begin_time`, `is_out_of_race`, `is_autofilled`, `notes`, `meeting_session_id`, `event_type_id`, `heat_type_id`, `user_id`, `has_separate_gender_start_list`, `has_separate_category_start_list`)
  VALUES (8977, '2016-10-26 14:53:38', '2016-10-26 14:53:38', 6, '2000-01-01 10:54:00', 0, 1, NULL, 1744, 7, 3, 1, 1, 0);
INSERT INTO `meeting_events` (`id`, `created_at`, `updated_at`, `event_order`, `begin_time`, `is_out_of_race`, `is_autofilled`, `notes`, `meeting_session_id`, `event_type_id`, `heat_type_id`, `user_id`, `has_separate_gender_start_list`, `has_separate_category_start_list`)
  VALUES (8978, '2016-10-26 14:53:38', '2016-10-26 14:53:38', 7, '2000-01-01 11:26:00', 0, 1, NULL, 1744, 17, 3, 1, 1, 0);
INSERT INTO `meeting_events` (`id`, `created_at`, `updated_at`, `event_order`, `begin_time`, `is_out_of_race`, `is_autofilled`, `notes`, `meeting_session_id`, `event_type_id`, `heat_type_id`, `user_id`, `has_separate_gender_start_list`, `has_separate_category_start_list`)
  VALUES (8979, '2016-10-26 14:53:38', '2016-10-26 14:53:38', 8, '2000-01-01 11:58:00', 0, 1, NULL, 1744, 13, 3, 1, 1, 0);
INSERT INTO `meeting_events` (`id`, `created_at`, `updated_at`, `event_order`, `begin_time`, `is_out_of_race`, `is_autofilled`, `notes`, `meeting_session_id`, `event_type_id`, `heat_type_id`, `user_id`, `has_separate_gender_start_list`, `has_separate_category_start_list`)
  VALUES (8980, '2016-10-26 14:53:38', '2016-10-26 14:53:38', 9, '2000-01-01 12:18:00', 0, 1, NULL, 1744, 23, 3, 1, 1, 0);
INSERT INTO `meeting_events` (`id`, `created_at`, `updated_at`, `event_order`, `begin_time`, `is_out_of_race`, `is_autofilled`, `notes`, `meeting_session_id`, `event_type_id`, `heat_type_id`, `user_id`, `has_separate_gender_start_list`, `has_separate_category_start_list`)
  VALUES (8981, '2016-10-26 14:53:39', '2016-10-26 14:53:39', 10, '2000-01-01 12:42:00', 0, 1, NULL, 1744, 21, 3, 1, 1, 0);
INSERT INTO `meeting_events` (`id`, `created_at`, `updated_at`, `event_order`, `begin_time`, `is_out_of_race`, `is_autofilled`, `notes`, `meeting_session_id`, `event_type_id`, `heat_type_id`, `user_id`, `has_separate_gender_start_list`, `has_separate_category_start_list`)
  VALUES (8982, '2016-10-26 14:53:39', '2016-10-26 14:53:39', 11, '2000-01-01 13:14:00', 0, 1, NULL, 1744, 4, 3, 1, 1, 0);
INSERT INTO `meeting_events` (`id`, `created_at`, `updated_at`, `event_order`, `begin_time`, `is_out_of_race`, `is_autofilled`, `notes`, `meeting_session_id`, `event_type_id`, `heat_type_id`, `user_id`, `has_separate_gender_start_list`, `has_separate_category_start_list`)
  VALUES (8983, '2016-10-26 14:53:39', '2016-10-26 14:53:39', 12, '2000-01-01 13:52:00', 0, 1, NULL, 1744, 24, 3, 1, 1, 0);
INSERT INTO `meeting_events` (`id`, `created_at`, `updated_at`, `event_order`, `begin_time`, `is_out_of_race`, `is_autofilled`, `notes`, `meeting_session_id`, `event_type_id`, `heat_type_id`, `user_id`, `has_separate_gender_start_list`, `has_separate_category_start_list`)
  VALUES (8984, '2016-10-26 14:53:39', '2016-10-26 14:53:39', 13, '2000-01-01 14:12:00', 0, 1, NULL, 1744, 5, 3, 1, 1, 0);
INSERT INTO `meeting_events` (`id`, `created_at`, `updated_at`, `event_order`, `begin_time`, `is_out_of_race`, `is_autofilled`, `notes`, `meeting_session_id`, `event_type_id`, `heat_type_id`, `user_id`, `has_separate_gender_start_list`, `has_separate_category_start_list`)
  VALUES (8985, '2016-10-26 14:53:39', '2016-10-26 14:53:39', 14, '2000-01-01 14:54:00', 0, 1, NULL, 1744, 15, 3, 1, 1, 0);
INSERT INTO `meeting_events` (`id`, `created_at`, `updated_at`, `event_order`, `begin_time`, `is_out_of_race`, `is_autofilled`, `notes`, `meeting_session_id`, `event_type_id`, `heat_type_id`, `user_id`, `has_separate_gender_start_list`, `has_separate_category_start_list`)
  VALUES (8986, '2016-10-26 14:53:39', '2016-10-26 14:53:39', 15, '2000-01-01 15:34:00', 0, 1, NULL, 1744, 11, 3, 1, 1, 0);
INSERT INTO `meeting_events` (`id`, `created_at`, `updated_at`, `event_order`, `begin_time`, `is_out_of_race`, `is_autofilled`, `notes`, `meeting_session_id`, `event_type_id`, `heat_type_id`, `user_id`, `has_separate_gender_start_list`, `has_separate_category_start_list`)
  VALUES (8987, '2016-10-26 14:53:39', '2016-10-26 14:53:39', 16, '2000-01-01 16:14:00', 0, 1, NULL, 1744, 19, 3, 1, 1, 0);
INSERT INTO `meeting_events` (`id`, `created_at`, `updated_at`, `event_order`, `begin_time`, `is_out_of_race`, `is_autofilled`, `notes`, `meeting_session_id`, `event_type_id`, `heat_type_id`, `user_id`, `has_separate_gender_start_list`, `has_separate_category_start_list`)
  VALUES (8988, '2016-10-26 14:53:39', '2016-10-26 14:53:39', 17, '2000-01-01 16:56:00', 0, 1, NULL, 1744, 2, 3, 1, 1, 0);
INSERT INTO `meeting_events` (`id`, `created_at`, `updated_at`, `event_order`, `begin_time`, `is_out_of_race`, `is_autofilled`, `notes`, `meeting_session_id`, `event_type_id`, `heat_type_id`, `user_id`, `has_separate_gender_start_list`, `has_separate_category_start_list`)
  VALUES (8989, '2016-10-26 14:53:39', '2016-10-26 14:53:39', 18, '2000-01-01 17:42:00', 0, 1, NULL, 1744, 6, 3, 1, 1, 0);
INSERT INTO `meeting_events` (`id`, `created_at`, `updated_at`, `event_order`, `begin_time`, `is_out_of_race`, `is_autofilled`, `notes`, `meeting_session_id`, `event_type_id`, `heat_type_id`, `user_id`, `has_separate_gender_start_list`, `has_separate_category_start_list`)
  VALUES (8990, '2016-10-26 14:53:39', '2016-10-26 14:53:39', 19, '2000-01-01 18:06:30', 0, 1, NULL, 1744, 33, 3, 1, 1, 0);
INSERT INTO `meeting_events` (`id`, `created_at`, `updated_at`, `event_order`, `begin_time`, `is_out_of_race`, `is_autofilled`, `notes`, `meeting_session_id`, `event_type_id`, `heat_type_id`, `user_id`, `has_separate_gender_start_list`, `has_separate_category_start_list`)
  VALUES (8991, '2016-10-26 14:53:39', '2016-10-26 14:53:39', 20, '2000-01-01 18:04:00', 0, 1, NULL, 1744, 32, 3, 1, 1, 0);
INSERT INTO `meeting_events` (`id`, `created_at`, `updated_at`, `event_order`, `begin_time`, `is_out_of_race`, `is_autofilled`, `notes`, `meeting_session_id`, `event_type_id`, `heat_type_id`, `user_id`, `has_separate_gender_start_list`, `has_separate_category_start_list`)
  VALUES (8992, '2016-10-26 14:53:39', '2016-10-26 14:53:39', 21, '2000-01-01 17:57:00', 0, 1, NULL, 1744, 26, 3, 1, 1, 0);
INSERT INTO `meeting_events` (`id`, `created_at`, `updated_at`, `event_order`, `begin_time`, `is_out_of_race`, `is_autofilled`, `notes`, `meeting_session_id`, `event_type_id`, `heat_type_id`, `user_id`, `has_separate_gender_start_list`, `has_separate_category_start_list`)
  VALUES (8993, '2016-10-26 14:53:39', '2016-10-26 14:53:39', 22, '2000-01-01 17:45:30', 0, 1, NULL, 1744, 25, 3, 1, 1, 0);

-- 15275-reglombardia REGIONALI LOMBARDIA 2016-02-13
INSERT INTO `meetings` (`id`, `description`, `entry_deadline`, `has_warm_up_pool`, `is_under_25_admitted`, `reference_phone`, `reference_e_mail`, `reference_name`, `notes`, `has_invitation`, `has_start_list`, `are_results_acquired`, `max_individual_events`, `configuration_file`, `edition`, `season_id`, `user_id`, `created_at`, `updated_at`, `is_autofilled`, `header_date`, `code`, `header_year`, `max_individual_events_per_session`, `is_out_of_season`, `edition_type_id`, `timing_type_id`, `individual_score_computation_type_id`, `relay_score_computation_type_id`, `team_score_computation_type_id`, `meeting_score_computation_type_id`, `invitation`, `is_confirmed`)
  VALUES (16275, 'REGIONALI LOMBARDIA', NULL, 0, 1, NULL, NULL, NULL, 'CR Lombardia', 0, 0, 0, 2, '?', 17, 162, 2, '2016-10-26 14:53:39', '2016-10-26 14:53:39', 1, '2017-02-11', 'reglombardia', '2017', 0, 0, 4, 3, 1, 1, 12, 1, NULL, 0);
INSERT INTO `meeting_sessions` (`id`, `session_order`, `scheduled_date`, `warm_up_time`, `begin_time`, `notes`, `meeting_id`, `swimming_pool_id`, `user_id`, `created_at`, `updated_at`, `description`, `is_autofilled`, `day_part_type_id`)
  VALUES (1745, 1, '2017-02-11', '2000-01-01 00:00:00', '2000-01-01 00:00:00', '', 16275, 161, 2, '2016-10-26 14:53:39', '2016-10-26 14:53:39', 'FINALI', 1, 1);
INSERT INTO `meeting_events` (`id`, `created_at`, `updated_at`, `event_order`, `begin_time`, `is_out_of_race`, `is_autofilled`, `notes`, `meeting_session_id`, `event_type_id`, `heat_type_id`, `user_id`, `has_separate_gender_start_list`, `has_separate_category_start_list`)
  VALUES (8994, '2016-10-26 14:53:39', '2016-10-26 14:53:39', 1, '2000-01-01 08:04:00', 0, 1, NULL, 1745, 16, 3, 1, 1, 0);
INSERT INTO `meeting_events` (`id`, `created_at`, `updated_at`, `event_order`, `begin_time`, `is_out_of_race`, `is_autofilled`, `notes`, `meeting_session_id`, `event_type_id`, `heat_type_id`, `user_id`, `has_separate_gender_start_list`, `has_separate_category_start_list`)
  VALUES (8995, '2016-10-26 14:53:39', '2016-10-26 14:53:39', 2, '2000-01-01 08:40:00', 0, 1, NULL, 1745, 12, 3, 1, 1, 0);
INSERT INTO `meeting_events` (`id`, `created_at`, `updated_at`, `event_order`, `begin_time`, `is_out_of_race`, `is_autofilled`, `notes`, `meeting_session_id`, `event_type_id`, `heat_type_id`, `user_id`, `has_separate_gender_start_list`, `has_separate_category_start_list`)
  VALUES (8996, '2016-10-26 14:53:39', '2016-10-26 14:53:39', 3, '2000-01-01 09:20:00', 0, 1, NULL, 1745, 22, 3, 1, 1, 0);
INSERT INTO `meeting_events` (`id`, `created_at`, `updated_at`, `event_order`, `begin_time`, `is_out_of_race`, `is_autofilled`, `notes`, `meeting_session_id`, `event_type_id`, `heat_type_id`, `user_id`, `has_separate_gender_start_list`, `has_separate_category_start_list`)
  VALUES (8997, '2016-10-26 14:53:39', '2016-10-26 14:53:39', 4, '2000-01-01 10:00:00', 0, 1, NULL, 1745, 20, 3, 1, 1, 0);
INSERT INTO `meeting_events` (`id`, `created_at`, `updated_at`, `event_order`, `begin_time`, `is_out_of_race`, `is_autofilled`, `notes`, `meeting_session_id`, `event_type_id`, `heat_type_id`, `user_id`, `has_separate_gender_start_list`, `has_separate_category_start_list`)
  VALUES (8998, '2016-10-26 14:53:39', '2016-10-26 14:53:39', 5, '2000-01-01 10:40:00', 0, 1, NULL, 1745, 3, 3, 1, 1, 0);
INSERT INTO `meeting_events` (`id`, `created_at`, `updated_at`, `event_order`, `begin_time`, `is_out_of_race`, `is_autofilled`, `notes`, `meeting_session_id`, `event_type_id`, `heat_type_id`, `user_id`, `has_separate_gender_start_list`, `has_separate_category_start_list`)
  VALUES (8999, '2016-10-26 14:53:39', '2016-10-26 14:53:39', 6, '2000-01-01 11:24:00', 0, 1, NULL, 1745, 7, 3, 1, 1, 0);
INSERT INTO `meeting_events` (`id`, `created_at`, `updated_at`, `event_order`, `begin_time`, `is_out_of_race`, `is_autofilled`, `notes`, `meeting_session_id`, `event_type_id`, `heat_type_id`, `user_id`, `has_separate_gender_start_list`, `has_separate_category_start_list`)
  VALUES (9000, '2016-10-26 14:53:39', '2016-10-26 14:53:39', 7, '2000-01-01 12:06:00', 0, 1, NULL, 1745, 17, 3, 1, 1, 0);
INSERT INTO `meeting_events` (`id`, `created_at`, `updated_at`, `event_order`, `begin_time`, `is_out_of_race`, `is_autofilled`, `notes`, `meeting_session_id`, `event_type_id`, `heat_type_id`, `user_id`, `has_separate_gender_start_list`, `has_separate_category_start_list`)
  VALUES (9001, '2016-10-26 14:53:39', '2016-10-26 14:53:39', 8, '2000-01-01 12:46:00', 0, 1, NULL, 1745, 13, 3, 1, 1, 0);
INSERT INTO `meeting_events` (`id`, `created_at`, `updated_at`, `event_order`, `begin_time`, `is_out_of_race`, `is_autofilled`, `notes`, `meeting_session_id`, `event_type_id`, `heat_type_id`, `user_id`, `has_separate_gender_start_list`, `has_separate_category_start_list`)
  VALUES (9002, '2016-10-26 14:53:39', '2016-10-26 14:53:39', 9, '2000-01-01 13:14:00', 0, 1, NULL, 1745, 23, 3, 1, 1, 0);
INSERT INTO `meeting_events` (`id`, `created_at`, `updated_at`, `event_order`, `begin_time`, `is_out_of_race`, `is_autofilled`, `notes`, `meeting_session_id`, `event_type_id`, `heat_type_id`, `user_id`, `has_separate_gender_start_list`, `has_separate_category_start_list`)
  VALUES (9003, '2016-10-26 14:53:39', '2016-10-26 14:53:39', 10, '2000-01-01 13:54:00', 0, 1, NULL, 1745, 21, 3, 1, 1, 0);
INSERT INTO `meeting_events` (`id`, `created_at`, `updated_at`, `event_order`, `begin_time`, `is_out_of_race`, `is_autofilled`, `notes`, `meeting_session_id`, `event_type_id`, `heat_type_id`, `user_id`, `has_separate_gender_start_list`, `has_separate_category_start_list`)
  VALUES (9004, '2016-10-26 14:53:39', '2016-10-26 14:53:39', 11, '2000-01-01 14:32:00', 0, 1, NULL, 1745, 4, 3, 1, 1, 0);
INSERT INTO `meeting_events` (`id`, `created_at`, `updated_at`, `event_order`, `begin_time`, `is_out_of_race`, `is_autofilled`, `notes`, `meeting_session_id`, `event_type_id`, `heat_type_id`, `user_id`, `has_separate_gender_start_list`, `has_separate_category_start_list`)
  VALUES (9005, '2016-10-26 14:53:39', '2016-10-26 14:53:39', 12, '2000-01-01 15:12:00', 0, 1, NULL, 1745, 24, 3, 1, 1, 0);
INSERT INTO `meeting_events` (`id`, `created_at`, `updated_at`, `event_order`, `begin_time`, `is_out_of_race`, `is_autofilled`, `notes`, `meeting_session_id`, `event_type_id`, `heat_type_id`, `user_id`, `has_separate_gender_start_list`, `has_separate_category_start_list`)
  VALUES (9006, '2016-10-26 14:53:39', '2016-10-26 14:53:39', 13, '2000-01-01 15:46:00', 0, 1, NULL, 1745, 5, 3, 1, 1, 0);
INSERT INTO `meeting_events` (`id`, `created_at`, `updated_at`, `event_order`, `begin_time`, `is_out_of_race`, `is_autofilled`, `notes`, `meeting_session_id`, `event_type_id`, `heat_type_id`, `user_id`, `has_separate_gender_start_list`, `has_separate_category_start_list`)
  VALUES (9007, '2016-10-26 14:53:39', '2016-10-26 14:53:39', 14, '2000-01-01 16:22:00', 0, 1, NULL, 1745, 15, 3, 1, 1, 0);
INSERT INTO `meeting_events` (`id`, `created_at`, `updated_at`, `event_order`, `begin_time`, `is_out_of_race`, `is_autofilled`, `notes`, `meeting_session_id`, `event_type_id`, `heat_type_id`, `user_id`, `has_separate_gender_start_list`, `has_separate_category_start_list`)
  VALUES (9008, '2016-10-26 14:53:39', '2016-10-26 14:53:39', 15, '2000-01-01 17:02:00', 0, 1, NULL, 1745, 11, 3, 1, 1, 0);
INSERT INTO `meeting_events` (`id`, `created_at`, `updated_at`, `event_order`, `begin_time`, `is_out_of_race`, `is_autofilled`, `notes`, `meeting_session_id`, `event_type_id`, `heat_type_id`, `user_id`, `has_separate_gender_start_list`, `has_separate_category_start_list`)
  VALUES (9009, '2016-10-26 14:53:39', '2016-10-26 14:53:39', 16, '2000-01-01 17:42:00', 0, 1, NULL, 1745, 19, 3, 1, 1, 0);
INSERT INTO `meeting_events` (`id`, `created_at`, `updated_at`, `event_order`, `begin_time`, `is_out_of_race`, `is_autofilled`, `notes`, `meeting_session_id`, `event_type_id`, `heat_type_id`, `user_id`, `has_separate_gender_start_list`, `has_separate_category_start_list`)
  VALUES (9010, '2016-10-26 14:53:39', '2016-10-26 14:53:39', 17, '2000-01-01 18:26:00', 0, 1, NULL, 1745, 2, 3, 1, 1, 0);
INSERT INTO `meeting_events` (`id`, `created_at`, `updated_at`, `event_order`, `begin_time`, `is_out_of_race`, `is_autofilled`, `notes`, `meeting_session_id`, `event_type_id`, `heat_type_id`, `user_id`, `has_separate_gender_start_list`, `has_separate_category_start_list`)
  VALUES (9011, '2016-10-26 14:53:39', '2016-10-26 14:53:39', 18, '2000-01-01 19:12:00', 0, 1, NULL, 1745, 6, 3, 1, 1, 0);
INSERT INTO `meeting_events` (`id`, `created_at`, `updated_at`, `event_order`, `begin_time`, `is_out_of_race`, `is_autofilled`, `notes`, `meeting_session_id`, `event_type_id`, `heat_type_id`, `user_id`, `has_separate_gender_start_list`, `has_separate_category_start_list`)
  VALUES (9012, '2016-10-26 14:53:39', '2016-10-26 14:53:39', 19, '2000-01-01 19:56:29', 0, 1, NULL, 1745, 33, 3, 1, 1, 0);
INSERT INTO `meeting_events` (`id`, `created_at`, `updated_at`, `event_order`, `begin_time`, `is_out_of_race`, `is_autofilled`, `notes`, `meeting_session_id`, `event_type_id`, `heat_type_id`, `user_id`, `has_separate_gender_start_list`, `has_separate_category_start_list`)
  VALUES (9013, '2016-10-26 14:53:39', '2016-10-26 14:53:39', 20, '2000-01-01 20:06:58', 0, 1, NULL, 1745, 32, 3, 1, 1, 0);
INSERT INTO `meeting_events` (`id`, `created_at`, `updated_at`, `event_order`, `begin_time`, `is_out_of_race`, `is_autofilled`, `notes`, `meeting_session_id`, `event_type_id`, `heat_type_id`, `user_id`, `has_separate_gender_start_list`, `has_separate_category_start_list`)
  VALUES (9014, '2016-10-26 14:53:39', '2016-10-26 14:53:39', 21, '2000-01-01 19:40:54', 0, 1, NULL, 1745, 26, 3, 1, 1, 0);
INSERT INTO `meeting_events` (`id`, `created_at`, `updated_at`, `event_order`, `begin_time`, `is_out_of_race`, `is_autofilled`, `notes`, `meeting_session_id`, `event_type_id`, `heat_type_id`, `user_id`, `has_separate_gender_start_list`, `has_separate_category_start_list`)
  VALUES (9015, '2016-10-26 14:53:39', '2016-10-26 14:53:39', 22, '2000-01-01 19:01:17', 0, 1, NULL, 1745, 25, 3, 1, 1, 0);

-- 15276-regvenetoefriuli REGIONALI VENETO E FRIULI 2016-02-07
INSERT INTO `meetings` (`id`, `description`, `entry_deadline`, `has_warm_up_pool`, `is_under_25_admitted`, `reference_phone`, `reference_e_mail`, `reference_name`, `notes`, `has_invitation`, `has_start_list`, `are_results_acquired`, `max_individual_events`, `configuration_file`, `edition`, `season_id`, `user_id`, `created_at`, `updated_at`, `is_autofilled`, `header_date`, `code`, `header_year`, `max_individual_events_per_session`, `is_out_of_season`, `edition_type_id`, `timing_type_id`, `individual_score_computation_type_id`, `relay_score_computation_type_id`, `team_score_computation_type_id`, `meeting_score_computation_type_id`, `invitation`, `is_confirmed`)
  VALUES (16276, 'REGIONALI VENETO E FRIULI', NULL, 0, 1, NULL, NULL, NULL, 'CR FVG', 0, 0, 0, 2, '?', 17, 162, 2, '2016-10-26 14:53:39', '2016-10-26 14:53:39', 1, '2017-02-05', 'regvenetoefriuli', '2017', 0, 0, 4, 3, 1, 1, 12, 1, NULL, 0);
INSERT INTO `meeting_sessions` (`id`, `session_order`, `scheduled_date`, `warm_up_time`, `begin_time`, `notes`, `meeting_id`, `swimming_pool_id`, `user_id`, `created_at`, `updated_at`, `description`, `is_autofilled`, `day_part_type_id`)
  VALUES (1746, 1, '2017-02-05', '2000-01-01 00:00:00', '2000-01-01 00:00:00', '', 16276, 191, 2, '2016-10-26 14:53:39', '2016-10-26 14:53:39', 'FINALI', 1, 1);
INSERT INTO `meeting_events` (`id`, `created_at`, `updated_at`, `event_order`, `begin_time`, `is_out_of_race`, `is_autofilled`, `notes`, `meeting_session_id`, `event_type_id`, `heat_type_id`, `user_id`, `has_separate_gender_start_list`, `has_separate_category_start_list`)
  VALUES (9016, '2016-10-26 14:53:39', '2016-10-26 14:53:39', 1, '2000-01-01 08:02:00', 0, 1, NULL, 1746, 16, 3, 1, 1, 0);
INSERT INTO `meeting_events` (`id`, `created_at`, `updated_at`, `event_order`, `begin_time`, `is_out_of_race`, `is_autofilled`, `notes`, `meeting_session_id`, `event_type_id`, `heat_type_id`, `user_id`, `has_separate_gender_start_list`, `has_separate_category_start_list`)
  VALUES (9017, '2016-10-26 14:53:39', '2016-10-26 14:53:39', 2, '2000-01-01 08:28:00', 0, 1, NULL, 1746, 12, 3, 1, 1, 0);
INSERT INTO `meeting_events` (`id`, `created_at`, `updated_at`, `event_order`, `begin_time`, `is_out_of_race`, `is_autofilled`, `notes`, `meeting_session_id`, `event_type_id`, `heat_type_id`, `user_id`, `has_separate_gender_start_list`, `has_separate_category_start_list`)
  VALUES (9018, '2016-10-26 14:53:39', '2016-10-26 14:53:39', 3, '2000-01-01 08:50:00', 0, 1, NULL, 1746, 22, 3, 1, 1, 0);
INSERT INTO `meeting_events` (`id`, `created_at`, `updated_at`, `event_order`, `begin_time`, `is_out_of_race`, `is_autofilled`, `notes`, `meeting_session_id`, `event_type_id`, `heat_type_id`, `user_id`, `has_separate_gender_start_list`, `has_separate_category_start_list`)
  VALUES (9019, '2016-10-26 14:53:39', '2016-10-26 14:53:39', 4, '2000-01-01 09:18:00', 0, 1, NULL, 1746, 20, 3, 1, 1, 0);
INSERT INTO `meeting_events` (`id`, `created_at`, `updated_at`, `event_order`, `begin_time`, `is_out_of_race`, `is_autofilled`, `notes`, `meeting_session_id`, `event_type_id`, `heat_type_id`, `user_id`, `has_separate_gender_start_list`, `has_separate_category_start_list`)
  VALUES (9020, '2016-10-26 14:53:39', '2016-10-26 14:53:39', 5, '2000-01-01 09:40:00', 0, 1, NULL, 1746, 3, 3, 1, 1, 0);
INSERT INTO `meeting_events` (`id`, `created_at`, `updated_at`, `event_order`, `begin_time`, `is_out_of_race`, `is_autofilled`, `notes`, `meeting_session_id`, `event_type_id`, `heat_type_id`, `user_id`, `has_separate_gender_start_list`, `has_separate_category_start_list`)
  VALUES (9021, '2016-10-26 14:53:39', '2016-10-26 14:53:39', 6, '2000-01-01 10:06:00', 0, 1, NULL, 1746, 17, 3, 1, 1, 0);
INSERT INTO `meeting_events` (`id`, `created_at`, `updated_at`, `event_order`, `begin_time`, `is_out_of_race`, `is_autofilled`, `notes`, `meeting_session_id`, `event_type_id`, `heat_type_id`, `user_id`, `has_separate_gender_start_list`, `has_separate_category_start_list`)
  VALUES (9022, '2016-10-26 14:53:39', '2016-10-26 14:53:39', 7, '2000-01-01 10:34:00', 0, 1, NULL, 1746, 13, 3, 1, 1, 0);
INSERT INTO `meeting_events` (`id`, `created_at`, `updated_at`, `event_order`, `begin_time`, `is_out_of_race`, `is_autofilled`, `notes`, `meeting_session_id`, `event_type_id`, `heat_type_id`, `user_id`, `has_separate_gender_start_list`, `has_separate_category_start_list`)
  VALUES (9023, '2016-10-26 14:53:39', '2016-10-26 14:53:39', 8, '2000-01-01 10:48:00', 0, 1, NULL, 1746, 23, 3, 1, 1, 0);
INSERT INTO `meeting_events` (`id`, `created_at`, `updated_at`, `event_order`, `begin_time`, `is_out_of_race`, `is_autofilled`, `notes`, `meeting_session_id`, `event_type_id`, `heat_type_id`, `user_id`, `has_separate_gender_start_list`, `has_separate_category_start_list`)
  VALUES (9024, '2016-10-26 14:53:39', '2016-10-26 14:53:39', 9, '2000-01-01 11:12:00', 0, 1, NULL, 1746, 21, 3, 1, 1, 0);
INSERT INTO `meeting_events` (`id`, `created_at`, `updated_at`, `event_order`, `begin_time`, `is_out_of_race`, `is_autofilled`, `notes`, `meeting_session_id`, `event_type_id`, `heat_type_id`, `user_id`, `has_separate_gender_start_list`, `has_separate_category_start_list`)
  VALUES (9025, '2016-10-26 14:53:39', '2016-10-26 14:53:39', 10, '2000-01-01 11:34:00', 0, 1, NULL, 1746, 4, 3, 1, 1, 0);
INSERT INTO `meeting_events` (`id`, `created_at`, `updated_at`, `event_order`, `begin_time`, `is_out_of_race`, `is_autofilled`, `notes`, `meeting_session_id`, `event_type_id`, `heat_type_id`, `user_id`, `has_separate_gender_start_list`, `has_separate_category_start_list`)
  VALUES (9026, '2016-10-26 14:53:39', '2016-10-26 14:53:39', 11, '2000-01-01 12:00:00', 0, 1, NULL, 1746, 24, 3, 1, 1, 0);
INSERT INTO `meeting_events` (`id`, `created_at`, `updated_at`, `event_order`, `begin_time`, `is_out_of_race`, `is_autofilled`, `notes`, `meeting_session_id`, `event_type_id`, `heat_type_id`, `user_id`, `has_separate_gender_start_list`, `has_separate_category_start_list`)
  VALUES (9027, '2016-10-26 14:53:39', '2016-10-26 14:53:39', 12, '2000-01-01 12:20:00', 0, 1, NULL, 1746, 5, 3, 1, 1, 0);
INSERT INTO `meeting_events` (`id`, `created_at`, `updated_at`, `event_order`, `begin_time`, `is_out_of_race`, `is_autofilled`, `notes`, `meeting_session_id`, `event_type_id`, `heat_type_id`, `user_id`, `has_separate_gender_start_list`, `has_separate_category_start_list`)
  VALUES (9028, '2016-10-26 14:53:39', '2016-10-26 14:53:39', 13, '2000-01-01 12:54:00', 0, 1, NULL, 1746, 15, 3, 1, 1, 0);
INSERT INTO `meeting_events` (`id`, `created_at`, `updated_at`, `event_order`, `begin_time`, `is_out_of_race`, `is_autofilled`, `notes`, `meeting_session_id`, `event_type_id`, `heat_type_id`, `user_id`, `has_separate_gender_start_list`, `has_separate_category_start_list`)
  VALUES (9029, '2016-10-26 14:53:39', '2016-10-26 14:53:39', 14, '2000-01-01 13:22:00', 0, 1, NULL, 1746, 11, 3, 1, 1, 0);
INSERT INTO `meeting_events` (`id`, `created_at`, `updated_at`, `event_order`, `begin_time`, `is_out_of_race`, `is_autofilled`, `notes`, `meeting_session_id`, `event_type_id`, `heat_type_id`, `user_id`, `has_separate_gender_start_list`, `has_separate_category_start_list`)
  VALUES (9030, '2016-10-26 14:53:39', '2016-10-26 14:53:39', 15, '2000-01-01 13:50:00', 0, 1, NULL, 1746, 19, 3, 1, 1, 0);
INSERT INTO `meeting_events` (`id`, `created_at`, `updated_at`, `event_order`, `begin_time`, `is_out_of_race`, `is_autofilled`, `notes`, `meeting_session_id`, `event_type_id`, `heat_type_id`, `user_id`, `has_separate_gender_start_list`, `has_separate_category_start_list`)
  VALUES (9031, '2016-10-26 14:53:39', '2016-10-26 14:53:39', 16, '2000-01-01 14:20:00', 0, 1, NULL, 1746, 2, 3, 1, 1, 0);
INSERT INTO `meeting_events` (`id`, `created_at`, `updated_at`, `event_order`, `begin_time`, `is_out_of_race`, `is_autofilled`, `notes`, `meeting_session_id`, `event_type_id`, `heat_type_id`, `user_id`, `has_separate_gender_start_list`, `has_separate_category_start_list`)
  VALUES (9032, '2016-10-26 14:53:39', '2016-10-26 14:53:39', 17, '2000-01-01 14:58:00', 0, 1, NULL, 1746, 6, 3, 1, 1, 0);
INSERT INTO `meeting_events` (`id`, `created_at`, `updated_at`, `event_order`, `begin_time`, `is_out_of_race`, `is_autofilled`, `notes`, `meeting_session_id`, `event_type_id`, `heat_type_id`, `user_id`, `has_separate_gender_start_list`, `has_separate_category_start_list`)
  VALUES (9033, '2016-10-26 14:53:39', '2016-10-26 14:53:39', 18, '2000-01-01 15:39:54', 0, 1, NULL, 1746, 33, 3, 1, 1, 0);
INSERT INTO `meeting_events` (`id`, `created_at`, `updated_at`, `event_order`, `begin_time`, `is_out_of_race`, `is_autofilled`, `notes`, `meeting_session_id`, `event_type_id`, `heat_type_id`, `user_id`, `has_separate_gender_start_list`, `has_separate_category_start_list`)
  VALUES (9034, '2016-10-26 14:53:39', '2016-10-26 14:53:39', 19, '2000-01-01 15:49:48', 0, 1, NULL, 1746, 32, 3, 1, 1, 0);
INSERT INTO `meeting_events` (`id`, `created_at`, `updated_at`, `event_order`, `begin_time`, `is_out_of_race`, `is_autofilled`, `notes`, `meeting_session_id`, `event_type_id`, `heat_type_id`, `user_id`, `has_separate_gender_start_list`, `has_separate_category_start_list`)
  VALUES (9035, '2016-10-26 14:53:39', '2016-10-26 14:53:39', 20, '2000-01-01 15:38:30', 0, 1, NULL, 1746, 26, 3, 1, 1, 0);
INSERT INTO `meeting_events` (`id`, `created_at`, `updated_at`, `event_order`, `begin_time`, `is_out_of_race`, `is_autofilled`, `notes`, `meeting_session_id`, `event_type_id`, `heat_type_id`, `user_id`, `has_separate_gender_start_list`, `has_separate_category_start_list`)
  VALUES (9036, '2016-10-26 14:53:39', '2016-10-26 14:53:39', 21, '2000-01-01 14:52:48', 0, 1, NULL, 1746, 25, 3, 1, 1, 0);

-- 15277-regsicilia REGIONALI SICILIA 2016-02-12
INSERT INTO `meetings` (`id`, `description`, `entry_deadline`, `has_warm_up_pool`, `is_under_25_admitted`, `reference_phone`, `reference_e_mail`, `reference_name`, `notes`, `has_invitation`, `has_start_list`, `are_results_acquired`, `max_individual_events`, `configuration_file`, `edition`, `season_id`, `user_id`, `created_at`, `updated_at`, `is_autofilled`, `header_date`, `code`, `header_year`, `max_individual_events_per_session`, `is_out_of_season`, `edition_type_id`, `timing_type_id`, `individual_score_computation_type_id`, `relay_score_computation_type_id`, `team_score_computation_type_id`, `meeting_score_computation_type_id`, `invitation`, `is_confirmed`)
  VALUES (16277, 'REGIONALI SICILIA', NULL, 0, 1, NULL, NULL, NULL, 'CR Sicilia', 0, 0, 0, 2, '?', 17, 162, 2, '2016-10-26 14:53:39', '2016-10-26 14:53:39', 1, '2017-02-10', 'regsicilia', '2017', 0, 0, 4, 3, 1, 1, 12, 1, NULL, 0);
INSERT INTO `meeting_sessions` (`id`, `session_order`, `scheduled_date`, `warm_up_time`, `begin_time`, `notes`, `meeting_id`, `swimming_pool_id`, `user_id`, `created_at`, `updated_at`, `description`, `is_autofilled`, `day_part_type_id`)
  VALUES (1747, 1, '2017-02-10', '2000-01-01 00:00:00', '2000-01-01 00:00:00', '', 16277, 163, 2, '2016-10-26 14:53:39', '2016-10-26 14:53:39', 'FINALI', 1, 1);
INSERT INTO `meeting_events` (`id`, `created_at`, `updated_at`, `event_order`, `begin_time`, `is_out_of_race`, `is_autofilled`, `notes`, `meeting_session_id`, `event_type_id`, `heat_type_id`, `user_id`, `has_separate_gender_start_list`, `has_separate_category_start_list`)
  VALUES (9037, '2016-10-26 14:53:39', '2016-10-26 14:53:39', 1, '2000-01-01 08:02:00', 0, 1, NULL, 1747, 16, 3, 1, 1, 0);
INSERT INTO `meeting_events` (`id`, `created_at`, `updated_at`, `event_order`, `begin_time`, `is_out_of_race`, `is_autofilled`, `notes`, `meeting_session_id`, `event_type_id`, `heat_type_id`, `user_id`, `has_separate_gender_start_list`, `has_separate_category_start_list`)
  VALUES (9038, '2016-10-26 14:53:39', '2016-10-26 14:53:39', 2, '2000-01-01 08:38:00', 0, 1, NULL, 1747, 12, 3, 1, 1, 0);
INSERT INTO `meeting_events` (`id`, `created_at`, `updated_at`, `event_order`, `begin_time`, `is_out_of_race`, `is_autofilled`, `notes`, `meeting_session_id`, `event_type_id`, `heat_type_id`, `user_id`, `has_separate_gender_start_list`, `has_separate_category_start_list`)
  VALUES (9039, '2016-10-26 14:53:39', '2016-10-26 14:53:39', 3, '2000-01-01 09:02:00', 0, 1, NULL, 1747, 20, 3, 1, 1, 0);
INSERT INTO `meeting_events` (`id`, `created_at`, `updated_at`, `event_order`, `begin_time`, `is_out_of_race`, `is_autofilled`, `notes`, `meeting_session_id`, `event_type_id`, `heat_type_id`, `user_id`, `has_separate_gender_start_list`, `has_separate_category_start_list`)
  VALUES (9040, '2016-10-26 14:53:39', '2016-10-26 14:53:39', 4, '2000-01-01 09:38:00', 0, 1, NULL, 1747, 3, 3, 1, 1, 0);
INSERT INTO `meeting_events` (`id`, `created_at`, `updated_at`, `event_order`, `begin_time`, `is_out_of_race`, `is_autofilled`, `notes`, `meeting_session_id`, `event_type_id`, `heat_type_id`, `user_id`, `has_separate_gender_start_list`, `has_separate_category_start_list`)
  VALUES (9041, '2016-10-26 14:53:39', '2016-10-26 14:53:39', 5, '2000-01-01 10:20:00', 0, 1, NULL, 1747, 17, 3, 1, 1, 0);
INSERT INTO `meeting_events` (`id`, `created_at`, `updated_at`, `event_order`, `begin_time`, `is_out_of_race`, `is_autofilled`, `notes`, `meeting_session_id`, `event_type_id`, `heat_type_id`, `user_id`, `has_separate_gender_start_list`, `has_separate_category_start_list`)
  VALUES (9042, '2016-10-26 14:53:39', '2016-10-26 14:53:39', 6, '2000-01-01 10:54:00', 0, 1, NULL, 1747, 13, 3, 1, 1, 0);
INSERT INTO `meeting_events` (`id`, `created_at`, `updated_at`, `event_order`, `begin_time`, `is_out_of_race`, `is_autofilled`, `notes`, `meeting_session_id`, `event_type_id`, `heat_type_id`, `user_id`, `has_separate_gender_start_list`, `has_separate_category_start_list`)
  VALUES (9043, '2016-10-26 14:53:40', '2016-10-26 14:53:40', 7, '2000-01-01 11:08:00', 0, 1, NULL, 1747, 23, 3, 1, 1, 0);
INSERT INTO `meeting_events` (`id`, `created_at`, `updated_at`, `event_order`, `begin_time`, `is_out_of_race`, `is_autofilled`, `notes`, `meeting_session_id`, `event_type_id`, `heat_type_id`, `user_id`, `has_separate_gender_start_list`, `has_separate_category_start_list`)
  VALUES (9044, '2016-10-26 14:53:40', '2016-10-26 14:53:40', 8, '2000-01-01 11:36:00', 0, 1, NULL, 1747, 21, 3, 1, 1, 0);
INSERT INTO `meeting_events` (`id`, `created_at`, `updated_at`, `event_order`, `begin_time`, `is_out_of_race`, `is_autofilled`, `notes`, `meeting_session_id`, `event_type_id`, `heat_type_id`, `user_id`, `has_separate_gender_start_list`, `has_separate_category_start_list`)
  VALUES (9045, '2016-10-26 14:53:40', '2016-10-26 14:53:40', 9, '2000-01-01 12:06:00', 0, 1, NULL, 1747, 4, 3, 1, 1, 0);
INSERT INTO `meeting_events` (`id`, `created_at`, `updated_at`, `event_order`, `begin_time`, `is_out_of_race`, `is_autofilled`, `notes`, `meeting_session_id`, `event_type_id`, `heat_type_id`, `user_id`, `has_separate_gender_start_list`, `has_separate_category_start_list`)
  VALUES (9046, '2016-10-26 14:53:40', '2016-10-26 14:53:40', 10, '2000-01-01 12:48:00', 0, 1, NULL, 1747, 24, 3, 1, 1, 0);
INSERT INTO `meeting_events` (`id`, `created_at`, `updated_at`, `event_order`, `begin_time`, `is_out_of_race`, `is_autofilled`, `notes`, `meeting_session_id`, `event_type_id`, `heat_type_id`, `user_id`, `has_separate_gender_start_list`, `has_separate_category_start_list`)
  VALUES (9047, '2016-10-26 14:53:40', '2016-10-26 14:53:40', 11, '2000-01-01 13:14:00', 0, 1, NULL, 1747, 5, 3, 1, 1, 0);
INSERT INTO `meeting_events` (`id`, `created_at`, `updated_at`, `event_order`, `begin_time`, `is_out_of_race`, `is_autofilled`, `notes`, `meeting_session_id`, `event_type_id`, `heat_type_id`, `user_id`, `has_separate_gender_start_list`, `has_separate_category_start_list`)
  VALUES (9048, '2016-10-26 14:53:40', '2016-10-26 14:53:40', 12, '2000-01-01 13:52:00', 0, 1, NULL, 1747, 15, 3, 1, 1, 0);
INSERT INTO `meeting_events` (`id`, `created_at`, `updated_at`, `event_order`, `begin_time`, `is_out_of_race`, `is_autofilled`, `notes`, `meeting_session_id`, `event_type_id`, `heat_type_id`, `user_id`, `has_separate_gender_start_list`, `has_separate_category_start_list`)
  VALUES (9049, '2016-10-26 14:53:40', '2016-10-26 14:53:40', 13, '2000-01-01 14:34:00', 0, 1, NULL, 1747, 11, 3, 1, 1, 0);
INSERT INTO `meeting_events` (`id`, `created_at`, `updated_at`, `event_order`, `begin_time`, `is_out_of_race`, `is_autofilled`, `notes`, `meeting_session_id`, `event_type_id`, `heat_type_id`, `user_id`, `has_separate_gender_start_list`, `has_separate_category_start_list`)
  VALUES (9050, '2016-10-26 14:53:40', '2016-10-26 14:53:40', 14, '2000-01-01 15:04:00', 0, 1, NULL, 1747, 19, 3, 1, 1, 0);
INSERT INTO `meeting_events` (`id`, `created_at`, `updated_at`, `event_order`, `begin_time`, `is_out_of_race`, `is_autofilled`, `notes`, `meeting_session_id`, `event_type_id`, `heat_type_id`, `user_id`, `has_separate_gender_start_list`, `has_separate_category_start_list`)
  VALUES (9051, '2016-10-26 14:53:40', '2016-10-26 14:53:40', 15, '2000-01-01 15:48:00', 0, 1, NULL, 1747, 2, 3, 1, 1, 0);
INSERT INTO `meeting_events` (`id`, `created_at`, `updated_at`, `event_order`, `begin_time`, `is_out_of_race`, `is_autofilled`, `notes`, `meeting_session_id`, `event_type_id`, `heat_type_id`, `user_id`, `has_separate_gender_start_list`, `has_separate_category_start_list`)
  VALUES (9052, '2016-10-26 14:53:40', '2016-10-26 14:53:40', 16, '2000-01-01 16:32:00', 0, 1, NULL, 1747, 6, 3, 1, 1, 0);
INSERT INTO `meeting_events` (`id`, `created_at`, `updated_at`, `event_order`, `begin_time`, `is_out_of_race`, `is_autofilled`, `notes`, `meeting_session_id`, `event_type_id`, `heat_type_id`, `user_id`, `has_separate_gender_start_list`, `has_separate_category_start_list`)
  VALUES (9053, '2016-10-26 14:53:40', '2016-10-26 14:53:40', 17, '2000-01-01 17:18:38', 0, 1, NULL, 1747, 33, 3, 1, 1, 0);
INSERT INTO `meeting_events` (`id`, `created_at`, `updated_at`, `event_order`, `begin_time`, `is_out_of_race`, `is_autofilled`, `notes`, `meeting_session_id`, `event_type_id`, `heat_type_id`, `user_id`, `has_separate_gender_start_list`, `has_separate_category_start_list`)
  VALUES (9054, '2016-10-26 14:53:40', '2016-10-26 14:53:40', 18, '2000-01-01 17:41:22', 0, 1, NULL, 1747, 32, 3, 1, 1, 0);
INSERT INTO `meeting_events` (`id`, `created_at`, `updated_at`, `event_order`, `begin_time`, `is_out_of_race`, `is_autofilled`, `notes`, `meeting_session_id`, `event_type_id`, `heat_type_id`, `user_id`, `has_separate_gender_start_list`, `has_separate_category_start_list`)
  VALUES (9055, '2016-10-26 14:53:40', '2016-10-26 14:53:40', 19, '2000-01-01 17:14:22', 0, 1, NULL, 1747, 26, 3, 1, 1, 0);
INSERT INTO `meeting_events` (`id`, `created_at`, `updated_at`, `event_order`, `begin_time`, `is_out_of_race`, `is_autofilled`, `notes`, `meeting_session_id`, `event_type_id`, `heat_type_id`, `user_id`, `has_separate_gender_start_list`, `has_separate_category_start_list`)
  VALUES (9056, '2016-10-26 14:53:40', '2016-10-26 14:53:40', 20, '2000-01-01 16:01:52', 0, 1, NULL, 1747, 25, 3, 1, 1, 0);

-- 15278-regcampania REGIONALI CAMPANIA 2016-02-13
INSERT INTO `meetings` (`id`, `description`, `entry_deadline`, `has_warm_up_pool`, `is_under_25_admitted`, `reference_phone`, `reference_e_mail`, `reference_name`, `notes`, `has_invitation`, `has_start_list`, `are_results_acquired`, `max_individual_events`, `configuration_file`, `edition`, `season_id`, `user_id`, `created_at`, `updated_at`, `is_autofilled`, `header_date`, `code`, `header_year`, `max_individual_events_per_session`, `is_out_of_season`, `edition_type_id`, `timing_type_id`, `individual_score_computation_type_id`, `relay_score_computation_type_id`, `team_score_computation_type_id`, `meeting_score_computation_type_id`, `invitation`, `is_confirmed`)
  VALUES (16278, 'REGIONALI CAMPANIA', NULL, 0, 1, NULL, NULL, NULL, NULL, 0, 0, 0, 2, '?', 17, 162, 2, '2016-10-26 14:53:40', '2016-10-26 14:53:40', 1, '2017-02-11', 'regcampania', '2017', 0, 0, 4, 3, 1, 1, 12, 1, NULL, 0);
INSERT INTO `meeting_sessions` (`id`, `session_order`, `scheduled_date`, `warm_up_time`, `begin_time`, `notes`, `meeting_id`, `swimming_pool_id`, `user_id`, `created_at`, `updated_at`, `description`, `is_autofilled`, `day_part_type_id`)
  VALUES (1748, 1, '2017-02-11', '2000-01-01 00:00:00', '2000-01-01 00:00:00', '', 16278, 124, 2, '2016-10-26 14:53:40', '2016-10-26 14:53:40', 'FINALI', 1, 1);
INSERT INTO `meeting_events` (`id`, `created_at`, `updated_at`, `event_order`, `begin_time`, `is_out_of_race`, `is_autofilled`, `notes`, `meeting_session_id`, `event_type_id`, `heat_type_id`, `user_id`, `has_separate_gender_start_list`, `has_separate_category_start_list`)
  VALUES (9057, '2016-10-26 14:53:40', '2016-10-26 14:53:40', 1, '2000-01-01 08:02:00', 0, 1, NULL, 1748, 16, 3, 1, 1, 0);
INSERT INTO `meeting_events` (`id`, `created_at`, `updated_at`, `event_order`, `begin_time`, `is_out_of_race`, `is_autofilled`, `notes`, `meeting_session_id`, `event_type_id`, `heat_type_id`, `user_id`, `has_separate_gender_start_list`, `has_separate_category_start_list`)
  VALUES (9058, '2016-10-26 14:53:40', '2016-10-26 14:53:40', 2, '2000-01-01 08:50:00', 0, 1, NULL, 1748, 12, 3, 1, 1, 0);
INSERT INTO `meeting_events` (`id`, `created_at`, `updated_at`, `event_order`, `begin_time`, `is_out_of_race`, `is_autofilled`, `notes`, `meeting_session_id`, `event_type_id`, `heat_type_id`, `user_id`, `has_separate_gender_start_list`, `has_separate_category_start_list`)
  VALUES (9059, '2016-10-26 14:53:40', '2016-10-26 14:53:40', 3, '2000-01-01 09:14:00', 0, 1, NULL, 1748, 22, 3, 1, 1, 0);
INSERT INTO `meeting_events` (`id`, `created_at`, `updated_at`, `event_order`, `begin_time`, `is_out_of_race`, `is_autofilled`, `notes`, `meeting_session_id`, `event_type_id`, `heat_type_id`, `user_id`, `has_separate_gender_start_list`, `has_separate_category_start_list`)
  VALUES (9060, '2016-10-26 14:53:40', '2016-10-26 14:53:40', 4, '2000-01-01 09:54:00', 0, 1, NULL, 1748, 20, 3, 1, 1, 0);
INSERT INTO `meeting_events` (`id`, `created_at`, `updated_at`, `event_order`, `begin_time`, `is_out_of_race`, `is_autofilled`, `notes`, `meeting_session_id`, `event_type_id`, `heat_type_id`, `user_id`, `has_separate_gender_start_list`, `has_separate_category_start_list`)
  VALUES (9061, '2016-10-26 14:53:40', '2016-10-26 14:53:40', 5, '2000-01-01 10:40:00', 0, 1, NULL, 1748, 3, 3, 1, 1, 0);
INSERT INTO `meeting_events` (`id`, `created_at`, `updated_at`, `event_order`, `begin_time`, `is_out_of_race`, `is_autofilled`, `notes`, `meeting_session_id`, `event_type_id`, `heat_type_id`, `user_id`, `has_separate_gender_start_list`, `has_separate_category_start_list`)
  VALUES (9062, '2016-10-26 14:53:40', '2016-10-26 14:53:40', 6, '2000-01-01 11:26:00', 0, 1, NULL, 1748, 7, 3, 1, 1, 0);
INSERT INTO `meeting_events` (`id`, `created_at`, `updated_at`, `event_order`, `begin_time`, `is_out_of_race`, `is_autofilled`, `notes`, `meeting_session_id`, `event_type_id`, `heat_type_id`, `user_id`, `has_separate_gender_start_list`, `has_separate_category_start_list`)
  VALUES (9063, '2016-10-26 14:53:40', '2016-10-26 14:53:40', 7, '2000-01-01 12:00:00', 0, 1, NULL, 1748, 17, 3, 1, 1, 0);
INSERT INTO `meeting_events` (`id`, `created_at`, `updated_at`, `event_order`, `begin_time`, `is_out_of_race`, `is_autofilled`, `notes`, `meeting_session_id`, `event_type_id`, `heat_type_id`, `user_id`, `has_separate_gender_start_list`, `has_separate_category_start_list`)
  VALUES (9064, '2016-10-26 14:53:40', '2016-10-26 14:53:40', 8, '2000-01-01 12:18:00', 0, 1, NULL, 1748, 13, 3, 1, 1, 0);
INSERT INTO `meeting_events` (`id`, `created_at`, `updated_at`, `event_order`, `begin_time`, `is_out_of_race`, `is_autofilled`, `notes`, `meeting_session_id`, `event_type_id`, `heat_type_id`, `user_id`, `has_separate_gender_start_list`, `has_separate_category_start_list`)
  VALUES (9065, '2016-10-26 14:53:40', '2016-10-26 14:53:40', 9, '2000-01-01 12:38:00', 0, 1, NULL, 1748, 23, 3, 1, 1, 0);
INSERT INTO `meeting_events` (`id`, `created_at`, `updated_at`, `event_order`, `begin_time`, `is_out_of_race`, `is_autofilled`, `notes`, `meeting_session_id`, `event_type_id`, `heat_type_id`, `user_id`, `has_separate_gender_start_list`, `has_separate_category_start_list`)
  VALUES (9066, '2016-10-26 14:53:40', '2016-10-26 14:53:40', 10, '2000-01-01 13:08:00', 0, 1, NULL, 1748, 21, 3, 1, 1, 0);
INSERT INTO `meeting_events` (`id`, `created_at`, `updated_at`, `event_order`, `begin_time`, `is_out_of_race`, `is_autofilled`, `notes`, `meeting_session_id`, `event_type_id`, `heat_type_id`, `user_id`, `has_separate_gender_start_list`, `has_separate_category_start_list`)
  VALUES (9067, '2016-10-26 14:53:40', '2016-10-26 14:53:40', 11, '2000-01-01 13:38:00', 0, 1, NULL, 1748, 4, 3, 1, 1, 0);
INSERT INTO `meeting_events` (`id`, `created_at`, `updated_at`, `event_order`, `begin_time`, `is_out_of_race`, `is_autofilled`, `notes`, `meeting_session_id`, `event_type_id`, `heat_type_id`, `user_id`, `has_separate_gender_start_list`, `has_separate_category_start_list`)
  VALUES (9068, '2016-10-26 14:53:40', '2016-10-26 14:53:40', 12, '2000-01-01 14:12:00', 0, 1, NULL, 1748, 24, 3, 1, 1, 0);
INSERT INTO `meeting_events` (`id`, `created_at`, `updated_at`, `event_order`, `begin_time`, `is_out_of_race`, `is_autofilled`, `notes`, `meeting_session_id`, `event_type_id`, `heat_type_id`, `user_id`, `has_separate_gender_start_list`, `has_separate_category_start_list`)
  VALUES (9069, '2016-10-26 14:53:40', '2016-10-26 14:53:40', 13, '2000-01-01 14:36:00', 0, 1, NULL, 1748, 5, 3, 1, 1, 0);
INSERT INTO `meeting_events` (`id`, `created_at`, `updated_at`, `event_order`, `begin_time`, `is_out_of_race`, `is_autofilled`, `notes`, `meeting_session_id`, `event_type_id`, `heat_type_id`, `user_id`, `has_separate_gender_start_list`, `has_separate_category_start_list`)
  VALUES (9070, '2016-10-26 14:53:40', '2016-10-26 14:53:40', 14, '2000-01-01 15:22:00', 0, 1, NULL, 1748, 15, 3, 1, 1, 0);
INSERT INTO `meeting_events` (`id`, `created_at`, `updated_at`, `event_order`, `begin_time`, `is_out_of_race`, `is_autofilled`, `notes`, `meeting_session_id`, `event_type_id`, `heat_type_id`, `user_id`, `has_separate_gender_start_list`, `has_separate_category_start_list`)
  VALUES (9071, '2016-10-26 14:53:40', '2016-10-26 14:53:40', 15, '2000-01-01 15:58:00', 0, 1, NULL, 1748, 11, 3, 1, 1, 0);
INSERT INTO `meeting_events` (`id`, `created_at`, `updated_at`, `event_order`, `begin_time`, `is_out_of_race`, `is_autofilled`, `notes`, `meeting_session_id`, `event_type_id`, `heat_type_id`, `user_id`, `has_separate_gender_start_list`, `has_separate_category_start_list`)
  VALUES (9072, '2016-10-26 14:53:40', '2016-10-26 14:53:40', 16, '2000-01-01 16:36:00', 0, 1, NULL, 1748, 19, 3, 1, 1, 0);
INSERT INTO `meeting_events` (`id`, `created_at`, `updated_at`, `event_order`, `begin_time`, `is_out_of_race`, `is_autofilled`, `notes`, `meeting_session_id`, `event_type_id`, `heat_type_id`, `user_id`, `has_separate_gender_start_list`, `has_separate_category_start_list`)
  VALUES (9073, '2016-10-26 14:53:40', '2016-10-26 14:53:40', 17, '2000-01-01 17:22:00', 0, 1, NULL, 1748, 2, 3, 1, 1, 0);
INSERT INTO `meeting_events` (`id`, `created_at`, `updated_at`, `event_order`, `begin_time`, `is_out_of_race`, `is_autofilled`, `notes`, `meeting_session_id`, `event_type_id`, `heat_type_id`, `user_id`, `has_separate_gender_start_list`, `has_separate_category_start_list`)
  VALUES (9074, '2016-10-26 14:53:40', '2016-10-26 14:53:40', 18, '2000-01-01 18:16:00', 0, 1, NULL, 1748, 6, 3, 1, 1, 0);
INSERT INTO `meeting_events` (`id`, `created_at`, `updated_at`, `event_order`, `begin_time`, `is_out_of_race`, `is_autofilled`, `notes`, `meeting_session_id`, `event_type_id`, `heat_type_id`, `user_id`, `has_separate_gender_start_list`, `has_separate_category_start_list`)
  VALUES (9075, '2016-10-26 14:53:40', '2016-10-26 14:53:40', 19, '2000-01-01 18:52:30', 0, 1, NULL, 1748, 33, 3, 1, 1, 0);
INSERT INTO `meeting_events` (`id`, `created_at`, `updated_at`, `event_order`, `begin_time`, `is_out_of_race`, `is_autofilled`, `notes`, `meeting_session_id`, `event_type_id`, `heat_type_id`, `user_id`, `has_separate_gender_start_list`, `has_separate_category_start_list`)
  VALUES (9076, '2016-10-26 14:53:40', '2016-10-26 14:53:40', 20, '2000-01-01 18:51:30', 0, 1, NULL, 1748, 32, 3, 1, 1, 0);
INSERT INTO `meeting_events` (`id`, `created_at`, `updated_at`, `event_order`, `begin_time`, `is_out_of_race`, `is_autofilled`, `notes`, `meeting_session_id`, `event_type_id`, `heat_type_id`, `user_id`, `has_separate_gender_start_list`, `has_separate_category_start_list`)
  VALUES (9077, '2016-10-26 14:53:40', '2016-10-26 14:53:40', 21, '2000-01-01 18:43:00', 0, 1, NULL, 1748, 26, 3, 1, 1, 0);
INSERT INTO `meeting_events` (`id`, `created_at`, `updated_at`, `event_order`, `begin_time`, `is_out_of_race`, `is_autofilled`, `notes`, `meeting_session_id`, `event_type_id`, `heat_type_id`, `user_id`, `has_separate_gender_start_list`, `has_separate_category_start_list`)
  VALUES (9078, '2016-10-26 14:53:40', '2016-10-26 14:53:40', 22, '2000-01-01 18:24:30', 0, 1, NULL, 1748, 25, 3, 1, 1, 0);

-- 15279-regliguria REGIONALI LIGURIA 2016-02-21
INSERT INTO `meetings` (`id`, `description`, `entry_deadline`, `has_warm_up_pool`, `is_under_25_admitted`, `reference_phone`, `reference_e_mail`, `reference_name`, `notes`, `has_invitation`, `has_start_list`, `are_results_acquired`, `max_individual_events`, `configuration_file`, `edition`, `season_id`, `user_id`, `created_at`, `updated_at`, `is_autofilled`, `header_date`, `code`, `header_year`, `max_individual_events_per_session`, `is_out_of_season`, `edition_type_id`, `timing_type_id`, `individual_score_computation_type_id`, `relay_score_computation_type_id`, `team_score_computation_type_id`, `meeting_score_computation_type_id`, `invitation`, `is_confirmed`)
  VALUES (16279, 'REGIONALI LIGURIA', NULL, 0, 1, NULL, NULL, NULL, 'CR Liguria', 0, 0, 0, 2, '?', 17, 162, 2, '2016-10-26 14:53:40', '2016-10-26 14:53:40', 1, '2017-02-19', 'regliguria', '2017', 0, 0, 4, 3, 1, 1, 12, 1, NULL, 0);
INSERT INTO `meeting_sessions` (`id`, `session_order`, `scheduled_date`, `warm_up_time`, `begin_time`, `notes`, `meeting_id`, `swimming_pool_id`, `user_id`, `created_at`, `updated_at`, `description`, `is_autofilled`, `day_part_type_id`)
  VALUES (1749, 1, '2017-02-19', '2000-01-01 00:00:00', '2000-01-01 00:00:00', '', 16279, 106, 2, '2016-10-26 14:53:40', '2016-10-26 14:53:40', 'FINALI', 1, 1);
INSERT INTO `meeting_events` (`id`, `created_at`, `updated_at`, `event_order`, `begin_time`, `is_out_of_race`, `is_autofilled`, `notes`, `meeting_session_id`, `event_type_id`, `heat_type_id`, `user_id`, `has_separate_gender_start_list`, `has_separate_category_start_list`)
  VALUES (9079, '2016-10-26 14:53:40', '2016-10-26 14:53:40', 1, '2000-01-01 08:02:00', 0, 1, NULL, 1749, 16, 3, 1, 1, 0);
INSERT INTO `meeting_events` (`id`, `created_at`, `updated_at`, `event_order`, `begin_time`, `is_out_of_race`, `is_autofilled`, `notes`, `meeting_session_id`, `event_type_id`, `heat_type_id`, `user_id`, `has_separate_gender_start_list`, `has_separate_category_start_list`)
  VALUES (9080, '2016-10-26 14:53:40', '2016-10-26 14:53:40', 2, '2000-01-01 08:30:00', 0, 1, NULL, 1749, 12, 3, 1, 1, 0);
INSERT INTO `meeting_events` (`id`, `created_at`, `updated_at`, `event_order`, `begin_time`, `is_out_of_race`, `is_autofilled`, `notes`, `meeting_session_id`, `event_type_id`, `heat_type_id`, `user_id`, `has_separate_gender_start_list`, `has_separate_category_start_list`)
  VALUES (9081, '2016-10-26 14:53:40', '2016-10-26 14:53:40', 3, '2000-01-01 08:50:00', 0, 1, NULL, 1749, 22, 3, 1, 1, 0);
INSERT INTO `meeting_events` (`id`, `created_at`, `updated_at`, `event_order`, `begin_time`, `is_out_of_race`, `is_autofilled`, `notes`, `meeting_session_id`, `event_type_id`, `heat_type_id`, `user_id`, `has_separate_gender_start_list`, `has_separate_category_start_list`)
  VALUES (9082, '2016-10-26 14:53:40', '2016-10-26 14:53:40', 4, '2000-01-01 09:20:00', 0, 1, NULL, 1749, 20, 3, 1, 1, 0);
INSERT INTO `meeting_events` (`id`, `created_at`, `updated_at`, `event_order`, `begin_time`, `is_out_of_race`, `is_autofilled`, `notes`, `meeting_session_id`, `event_type_id`, `heat_type_id`, `user_id`, `has_separate_gender_start_list`, `has_separate_category_start_list`)
  VALUES (9083, '2016-10-26 14:53:40', '2016-10-26 14:53:40', 5, '2000-01-01 09:52:00', 0, 1, NULL, 1749, 3, 3, 1, 1, 0);
INSERT INTO `meeting_events` (`id`, `created_at`, `updated_at`, `event_order`, `begin_time`, `is_out_of_race`, `is_autofilled`, `notes`, `meeting_session_id`, `event_type_id`, `heat_type_id`, `user_id`, `has_separate_gender_start_list`, `has_separate_category_start_list`)
  VALUES (9084, '2016-10-26 14:53:40', '2016-10-26 14:53:40', 6, '2000-01-01 10:26:00', 0, 1, NULL, 1749, 7, 3, 1, 1, 0);
INSERT INTO `meeting_events` (`id`, `created_at`, `updated_at`, `event_order`, `begin_time`, `is_out_of_race`, `is_autofilled`, `notes`, `meeting_session_id`, `event_type_id`, `heat_type_id`, `user_id`, `has_separate_gender_start_list`, `has_separate_category_start_list`)
  VALUES (9085, '2016-10-26 14:53:40', '2016-10-26 14:53:40', 7, '2000-01-01 11:02:00', 0, 1, NULL, 1749, 17, 3, 1, 1, 0);
INSERT INTO `meeting_events` (`id`, `created_at`, `updated_at`, `event_order`, `begin_time`, `is_out_of_race`, `is_autofilled`, `notes`, `meeting_session_id`, `event_type_id`, `heat_type_id`, `user_id`, `has_separate_gender_start_list`, `has_separate_category_start_list`)
  VALUES (9086, '2016-10-26 14:53:40', '2016-10-26 14:53:40', 8, '2000-01-01 11:26:00', 0, 1, NULL, 1749, 13, 3, 1, 1, 0);
INSERT INTO `meeting_events` (`id`, `created_at`, `updated_at`, `event_order`, `begin_time`, `is_out_of_race`, `is_autofilled`, `notes`, `meeting_session_id`, `event_type_id`, `heat_type_id`, `user_id`, `has_separate_gender_start_list`, `has_separate_category_start_list`)
  VALUES (9087, '2016-10-26 14:53:40', '2016-10-26 14:53:40', 9, '2000-01-01 11:50:00', 0, 1, NULL, 1749, 23, 3, 1, 1, 0);
INSERT INTO `meeting_events` (`id`, `created_at`, `updated_at`, `event_order`, `begin_time`, `is_out_of_race`, `is_autofilled`, `notes`, `meeting_session_id`, `event_type_id`, `heat_type_id`, `user_id`, `has_separate_gender_start_list`, `has_separate_category_start_list`)
  VALUES (9088, '2016-10-26 14:53:40', '2016-10-26 14:53:40', 10, '2000-01-01 12:14:00', 0, 1, NULL, 1749, 21, 3, 1, 1, 0);
INSERT INTO `meeting_events` (`id`, `created_at`, `updated_at`, `event_order`, `begin_time`, `is_out_of_race`, `is_autofilled`, `notes`, `meeting_session_id`, `event_type_id`, `heat_type_id`, `user_id`, `has_separate_gender_start_list`, `has_separate_category_start_list`)
  VALUES (9089, '2016-10-26 14:53:40', '2016-10-26 14:53:40', 11, '2000-01-01 12:36:00', 0, 1, NULL, 1749, 4, 3, 1, 1, 0);
INSERT INTO `meeting_events` (`id`, `created_at`, `updated_at`, `event_order`, `begin_time`, `is_out_of_race`, `is_autofilled`, `notes`, `meeting_session_id`, `event_type_id`, `heat_type_id`, `user_id`, `has_separate_gender_start_list`, `has_separate_category_start_list`)
  VALUES (9090, '2016-10-26 14:53:40', '2016-10-26 14:53:40', 12, '2000-01-01 13:08:00', 0, 1, NULL, 1749, 24, 3, 1, 1, 0);
INSERT INTO `meeting_events` (`id`, `created_at`, `updated_at`, `event_order`, `begin_time`, `is_out_of_race`, `is_autofilled`, `notes`, `meeting_session_id`, `event_type_id`, `heat_type_id`, `user_id`, `has_separate_gender_start_list`, `has_separate_category_start_list`)
  VALUES (9091, '2016-10-26 14:53:40', '2016-10-26 14:53:40', 13, '2000-01-01 13:20:00', 0, 1, NULL, 1749, 5, 3, 1, 1, 0);
INSERT INTO `meeting_events` (`id`, `created_at`, `updated_at`, `event_order`, `begin_time`, `is_out_of_race`, `is_autofilled`, `notes`, `meeting_session_id`, `event_type_id`, `heat_type_id`, `user_id`, `has_separate_gender_start_list`, `has_separate_category_start_list`)
  VALUES (9092, '2016-10-26 14:53:40', '2016-10-26 14:53:40', 14, '2000-01-01 14:00:00', 0, 1, NULL, 1749, 15, 3, 1, 1, 0);
INSERT INTO `meeting_events` (`id`, `created_at`, `updated_at`, `event_order`, `begin_time`, `is_out_of_race`, `is_autofilled`, `notes`, `meeting_session_id`, `event_type_id`, `heat_type_id`, `user_id`, `has_separate_gender_start_list`, `has_separate_category_start_list`)
  VALUES (9093, '2016-10-26 14:53:40', '2016-10-26 14:53:40', 15, '2000-01-01 14:34:00', 0, 1, NULL, 1749, 11, 3, 1, 1, 0);
INSERT INTO `meeting_events` (`id`, `created_at`, `updated_at`, `event_order`, `begin_time`, `is_out_of_race`, `is_autofilled`, `notes`, `meeting_session_id`, `event_type_id`, `heat_type_id`, `user_id`, `has_separate_gender_start_list`, `has_separate_category_start_list`)
  VALUES (9094, '2016-10-26 14:53:40', '2016-10-26 14:53:40', 16, '2000-01-01 15:08:00', 0, 1, NULL, 1749, 19, 3, 1, 1, 0);
INSERT INTO `meeting_events` (`id`, `created_at`, `updated_at`, `event_order`, `begin_time`, `is_out_of_race`, `is_autofilled`, `notes`, `meeting_session_id`, `event_type_id`, `heat_type_id`, `user_id`, `has_separate_gender_start_list`, `has_separate_category_start_list`)
  VALUES (9095, '2016-10-26 14:53:40', '2016-10-26 14:53:40', 17, '2000-01-01 15:50:00', 0, 1, NULL, 1749, 2, 3, 1, 1, 0);
INSERT INTO `meeting_events` (`id`, `created_at`, `updated_at`, `event_order`, `begin_time`, `is_out_of_race`, `is_autofilled`, `notes`, `meeting_session_id`, `event_type_id`, `heat_type_id`, `user_id`, `has_separate_gender_start_list`, `has_separate_category_start_list`)
  VALUES (9096, '2016-10-26 14:53:40', '2016-10-26 14:53:40', 18, '2000-01-01 16:34:00', 0, 1, NULL, 1749, 6, 3, 1, 1, 0);
INSERT INTO `meeting_sessions` (`id`, `session_order`, `scheduled_date`, `warm_up_time`, `begin_time`, `notes`, `meeting_id`, `swimming_pool_id`, `user_id`, `created_at`, `updated_at`, `description`, `is_autofilled`, `day_part_type_id`)
  VALUES (1750, 2, '2017-02-19', '2000-01-01 00:00:00', '2000-01-01 00:00:00', '', 16279, 106, 2, '2016-10-26 14:53:40', '2016-10-26 14:53:40', 'FINALI', 1, 2);

-- 15280-regabruzzo REGIONALI ABRUZZO 2016-02-20
INSERT INTO `meetings` (`id`, `description`, `entry_deadline`, `has_warm_up_pool`, `is_under_25_admitted`, `reference_phone`, `reference_e_mail`, `reference_name`, `notes`, `has_invitation`, `has_start_list`, `are_results_acquired`, `max_individual_events`, `configuration_file`, `edition`, `season_id`, `user_id`, `created_at`, `updated_at`, `is_autofilled`, `header_date`, `code`, `header_year`, `max_individual_events_per_session`, `is_out_of_season`, `edition_type_id`, `timing_type_id`, `individual_score_computation_type_id`, `relay_score_computation_type_id`, `team_score_computation_type_id`, `meeting_score_computation_type_id`, `invitation`, `is_confirmed`)
  VALUES (16280, 'REGIONALI ABRUZZO', NULL, 0, 1, NULL, NULL, NULL, 'CR Abruzzo', 0, 0, 0, 2, '?', 17, 162, 2, '2016-10-26 14:53:40', '2016-10-26 14:53:40', 1, '2017-02-18', 'regabruzzo', '2017', 0, 0, 4, 3, 1, 1, 12, 1, NULL, 0);
INSERT INTO `meeting_sessions` (`id`, `session_order`, `scheduled_date`, `warm_up_time`, `begin_time`, `notes`, `meeting_id`, `swimming_pool_id`, `user_id`, `created_at`, `updated_at`, `description`, `is_autofilled`, `day_part_type_id`)
  VALUES (1751, 1, '2017-02-18', '2000-01-01 00:00:00', '2000-01-01 00:00:00', '', 16280, 164, 2, '2016-10-26 14:53:40', '2016-10-26 14:53:40', 'FINALI', 1, 1);
INSERT INTO `meeting_events` (`id`, `created_at`, `updated_at`, `event_order`, `begin_time`, `is_out_of_race`, `is_autofilled`, `notes`, `meeting_session_id`, `event_type_id`, `heat_type_id`, `user_id`, `has_separate_gender_start_list`, `has_separate_category_start_list`)
  VALUES (9097, '2016-10-26 14:53:40', '2016-10-26 14:53:40', 1, '2000-01-01 08:02:00', 0, 1, NULL, 1751, 16, 3, 1, 1, 0);
INSERT INTO `meeting_events` (`id`, `created_at`, `updated_at`, `event_order`, `begin_time`, `is_out_of_race`, `is_autofilled`, `notes`, `meeting_session_id`, `event_type_id`, `heat_type_id`, `user_id`, `has_separate_gender_start_list`, `has_separate_category_start_list`)
  VALUES (9098, '2016-10-26 14:53:40', '2016-10-26 14:53:40', 2, '2000-01-01 08:12:00', 0, 1, NULL, 1751, 12, 3, 1, 1, 0);
INSERT INTO `meeting_events` (`id`, `created_at`, `updated_at`, `event_order`, `begin_time`, `is_out_of_race`, `is_autofilled`, `notes`, `meeting_session_id`, `event_type_id`, `heat_type_id`, `user_id`, `has_separate_gender_start_list`, `has_separate_category_start_list`)
  VALUES (9099, '2016-10-26 14:53:40', '2016-10-26 14:53:40', 3, '2000-01-01 08:26:00', 0, 1, NULL, 1751, 22, 3, 1, 1, 0);
INSERT INTO `meeting_events` (`id`, `created_at`, `updated_at`, `event_order`, `begin_time`, `is_out_of_race`, `is_autofilled`, `notes`, `meeting_session_id`, `event_type_id`, `heat_type_id`, `user_id`, `has_separate_gender_start_list`, `has_separate_category_start_list`)
  VALUES (9100, '2016-10-26 14:53:40', '2016-10-26 14:53:40', 4, '2000-01-01 08:38:00', 0, 1, NULL, 1751, 20, 3, 1, 1, 0);
INSERT INTO `meeting_events` (`id`, `created_at`, `updated_at`, `event_order`, `begin_time`, `is_out_of_race`, `is_autofilled`, `notes`, `meeting_session_id`, `event_type_id`, `heat_type_id`, `user_id`, `has_separate_gender_start_list`, `has_separate_category_start_list`)
  VALUES (9101, '2016-10-26 14:53:40', '2016-10-26 14:53:40', 5, '2000-01-01 09:00:00', 0, 1, NULL, 1751, 3, 3, 1, 1, 0);
INSERT INTO `meeting_events` (`id`, `created_at`, `updated_at`, `event_order`, `begin_time`, `is_out_of_race`, `is_autofilled`, `notes`, `meeting_session_id`, `event_type_id`, `heat_type_id`, `user_id`, `has_separate_gender_start_list`, `has_separate_category_start_list`)
  VALUES (9102, '2016-10-26 14:53:40', '2016-10-26 14:53:40', 6, '2000-01-01 09:28:00', 0, 1, NULL, 1751, 7, 3, 1, 1, 0);
INSERT INTO `meeting_events` (`id`, `created_at`, `updated_at`, `event_order`, `begin_time`, `is_out_of_race`, `is_autofilled`, `notes`, `meeting_session_id`, `event_type_id`, `heat_type_id`, `user_id`, `has_separate_gender_start_list`, `has_separate_category_start_list`)
  VALUES (9103, '2016-10-26 14:53:40', '2016-10-26 14:53:40', 7, '2000-01-01 09:50:00', 0, 1, NULL, 1751, 17, 3, 1, 1, 0);
INSERT INTO `meeting_events` (`id`, `created_at`, `updated_at`, `event_order`, `begin_time`, `is_out_of_race`, `is_autofilled`, `notes`, `meeting_session_id`, `event_type_id`, `heat_type_id`, `user_id`, `has_separate_gender_start_list`, `has_separate_category_start_list`)
  VALUES (9104, '2016-10-26 14:53:40', '2016-10-26 14:53:40', 8, '2000-01-01 10:00:00', 0, 1, NULL, 1751, 13, 3, 1, 1, 0);
INSERT INTO `meeting_events` (`id`, `created_at`, `updated_at`, `event_order`, `begin_time`, `is_out_of_race`, `is_autofilled`, `notes`, `meeting_session_id`, `event_type_id`, `heat_type_id`, `user_id`, `has_separate_gender_start_list`, `has_separate_category_start_list`)
  VALUES (9105, '2016-10-26 14:53:40', '2016-10-26 14:53:40', 9, '2000-01-01 10:12:00', 0, 1, NULL, 1751, 23, 3, 1, 1, 0);
INSERT INTO `meeting_events` (`id`, `created_at`, `updated_at`, `event_order`, `begin_time`, `is_out_of_race`, `is_autofilled`, `notes`, `meeting_session_id`, `event_type_id`, `heat_type_id`, `user_id`, `has_separate_gender_start_list`, `has_separate_category_start_list`)
  VALUES (9106, '2016-10-26 14:53:40', '2016-10-26 14:53:40', 10, '2000-01-01 10:22:00', 0, 1, NULL, 1751, 21, 3, 1, 1, 0);
INSERT INTO `meeting_events` (`id`, `created_at`, `updated_at`, `event_order`, `begin_time`, `is_out_of_race`, `is_autofilled`, `notes`, `meeting_session_id`, `event_type_id`, `heat_type_id`, `user_id`, `has_separate_gender_start_list`, `has_separate_category_start_list`)
  VALUES (9107, '2016-10-26 14:53:41', '2016-10-26 14:53:41', 11, '2000-01-01 10:30:00', 0, 1, NULL, 1751, 4, 3, 1, 1, 0);
INSERT INTO `meeting_events` (`id`, `created_at`, `updated_at`, `event_order`, `begin_time`, `is_out_of_race`, `is_autofilled`, `notes`, `meeting_session_id`, `event_type_id`, `heat_type_id`, `user_id`, `has_separate_gender_start_list`, `has_separate_category_start_list`)
  VALUES (9108, '2016-10-26 14:53:41', '2016-10-26 14:53:41', 12, '2000-01-01 10:50:00', 0, 1, NULL, 1751, 24, 3, 1, 1, 0);
INSERT INTO `meeting_events` (`id`, `created_at`, `updated_at`, `event_order`, `begin_time`, `is_out_of_race`, `is_autofilled`, `notes`, `meeting_session_id`, `event_type_id`, `heat_type_id`, `user_id`, `has_separate_gender_start_list`, `has_separate_category_start_list`)
  VALUES (9109, '2016-10-26 14:53:41', '2016-10-26 14:53:41', 13, '2000-01-01 10:58:00', 0, 1, NULL, 1751, 5, 3, 1, 1, 0);
INSERT INTO `meeting_events` (`id`, `created_at`, `updated_at`, `event_order`, `begin_time`, `is_out_of_race`, `is_autofilled`, `notes`, `meeting_session_id`, `event_type_id`, `heat_type_id`, `user_id`, `has_separate_gender_start_list`, `has_separate_category_start_list`)
  VALUES (9110, '2016-10-26 14:53:41', '2016-10-26 14:53:41', 14, '2000-01-01 11:18:00', 0, 1, NULL, 1751, 15, 3, 1, 1, 0);
INSERT INTO `meeting_events` (`id`, `created_at`, `updated_at`, `event_order`, `begin_time`, `is_out_of_race`, `is_autofilled`, `notes`, `meeting_session_id`, `event_type_id`, `heat_type_id`, `user_id`, `has_separate_gender_start_list`, `has_separate_category_start_list`)
  VALUES (9111, '2016-10-26 14:53:41', '2016-10-26 14:53:41', 15, '2000-01-01 11:36:00', 0, 1, NULL, 1751, 11, 3, 1, 1, 0);
INSERT INTO `meeting_events` (`id`, `created_at`, `updated_at`, `event_order`, `begin_time`, `is_out_of_race`, `is_autofilled`, `notes`, `meeting_session_id`, `event_type_id`, `heat_type_id`, `user_id`, `has_separate_gender_start_list`, `has_separate_category_start_list`)
  VALUES (9112, '2016-10-26 14:53:41', '2016-10-26 14:53:41', 16, '2000-01-01 11:58:00', 0, 1, NULL, 1751, 19, 3, 1, 1, 0);
INSERT INTO `meeting_events` (`id`, `created_at`, `updated_at`, `event_order`, `begin_time`, `is_out_of_race`, `is_autofilled`, `notes`, `meeting_session_id`, `event_type_id`, `heat_type_id`, `user_id`, `has_separate_gender_start_list`, `has_separate_category_start_list`)
  VALUES (9113, '2016-10-26 14:53:41', '2016-10-26 14:53:41', 17, '2000-01-01 12:22:00', 0, 1, NULL, 1751, 2, 3, 1, 1, 0);
INSERT INTO `meeting_events` (`id`, `created_at`, `updated_at`, `event_order`, `begin_time`, `is_out_of_race`, `is_autofilled`, `notes`, `meeting_session_id`, `event_type_id`, `heat_type_id`, `user_id`, `has_separate_gender_start_list`, `has_separate_category_start_list`)
  VALUES (9114, '2016-10-26 14:53:41', '2016-10-26 14:53:41', 18, '2000-01-01 12:50:00', 0, 1, NULL, 1751, 6, 3, 1, 1, 0);
INSERT INTO `meeting_events` (`id`, `created_at`, `updated_at`, `event_order`, `begin_time`, `is_out_of_race`, `is_autofilled`, `notes`, `meeting_session_id`, `event_type_id`, `heat_type_id`, `user_id`, `has_separate_gender_start_list`, `has_separate_category_start_list`)
  VALUES (9115, '2016-10-26 14:53:41', '2016-10-26 14:53:41', 19, '2000-01-01 13:17:50', 0, 1, NULL, 1751, 33, 3, 1, 1, 0);
INSERT INTO `meeting_events` (`id`, `created_at`, `updated_at`, `event_order`, `begin_time`, `is_out_of_race`, `is_autofilled`, `notes`, `meeting_session_id`, `event_type_id`, `heat_type_id`, `user_id`, `has_separate_gender_start_list`, `has_separate_category_start_list`)
  VALUES (9116, '2016-10-26 14:53:41', '2016-10-26 14:53:41', 20, '2000-01-01 13:43:10', 0, 1, NULL, 1751, 32, 3, 1, 1, 0);
INSERT INTO `meeting_events` (`id`, `created_at`, `updated_at`, `event_order`, `begin_time`, `is_out_of_race`, `is_autofilled`, `notes`, `meeting_session_id`, `event_type_id`, `heat_type_id`, `user_id`, `has_separate_gender_start_list`, `has_separate_category_start_list`)
  VALUES (9117, '2016-10-26 14:53:41', '2016-10-26 14:53:41', 21, '2000-01-01 13:25:40', 0, 1, NULL, 1751, 26, 3, 1, 1, 0);
INSERT INTO `meeting_events` (`id`, `created_at`, `updated_at`, `event_order`, `begin_time`, `is_out_of_race`, `is_autofilled`, `notes`, `meeting_session_id`, `event_type_id`, `heat_type_id`, `user_id`, `has_separate_gender_start_list`, `has_separate_category_start_list`)
  VALUES (9118, '2016-10-26 14:53:41', '2016-10-26 14:53:41', 22, '2000-01-01 13:16:10', 0, 1, NULL, 1751, 25, 3, 1, 1, 0);

-- 15281-regpiemonte REGIONALI DEL PIEMONTE 2016-02-20
INSERT INTO `meetings` (`id`, `description`, `entry_deadline`, `has_warm_up_pool`, `is_under_25_admitted`, `reference_phone`, `reference_e_mail`, `reference_name`, `notes`, `has_invitation`, `has_start_list`, `are_results_acquired`, `max_individual_events`, `configuration_file`, `edition`, `season_id`, `user_id`, `created_at`, `updated_at`, `is_autofilled`, `header_date`, `code`, `header_year`, `max_individual_events_per_session`, `is_out_of_season`, `edition_type_id`, `timing_type_id`, `individual_score_computation_type_id`, `relay_score_computation_type_id`, `team_score_computation_type_id`, `meeting_score_computation_type_id`, `invitation`, `is_confirmed`)
  VALUES (16281, 'REGIONALI DEL PIEMONTE', NULL, 0, 1, NULL, NULL, NULL, 'CR Piemonte', 0, 0, 0, 2, '?', 17, 162, 2, '2016-10-26 14:53:41', '2016-10-26 14:53:41', 1, '2017-02-18', 'regpiemonte', '2017', 0, 0, 4, 3, 1, 1, 12, 1, NULL, 0);
INSERT INTO `meeting_sessions` (`id`, `session_order`, `scheduled_date`, `warm_up_time`, `begin_time`, `notes`, `meeting_id`, `swimming_pool_id`, `user_id`, `created_at`, `updated_at`, `description`, `is_autofilled`, `day_part_type_id`)
  VALUES (1752, 1, '2017-02-18', '2000-01-01 00:00:00', '2000-01-01 00:00:00', '', 16281, 165, 2, '2016-10-26 14:53:41', '2016-10-26 14:53:41', 'FINALI', 1, 1);
INSERT INTO `meeting_events` (`id`, `created_at`, `updated_at`, `event_order`, `begin_time`, `is_out_of_race`, `is_autofilled`, `notes`, `meeting_session_id`, `event_type_id`, `heat_type_id`, `user_id`, `has_separate_gender_start_list`, `has_separate_category_start_list`)
  VALUES (9119, '2016-10-26 14:53:41', '2016-10-26 14:53:41', 1, '2000-01-01 08:02:00', 0, 1, NULL, 1752, 16, 3, 1, 1, 0);
INSERT INTO `meeting_events` (`id`, `created_at`, `updated_at`, `event_order`, `begin_time`, `is_out_of_race`, `is_autofilled`, `notes`, `meeting_session_id`, `event_type_id`, `heat_type_id`, `user_id`, `has_separate_gender_start_list`, `has_separate_category_start_list`)
  VALUES (9120, '2016-10-26 14:53:41', '2016-10-26 14:53:41', 2, '2000-01-01 08:30:00', 0, 1, NULL, 1752, 12, 3, 1, 1, 0);
INSERT INTO `meeting_events` (`id`, `created_at`, `updated_at`, `event_order`, `begin_time`, `is_out_of_race`, `is_autofilled`, `notes`, `meeting_session_id`, `event_type_id`, `heat_type_id`, `user_id`, `has_separate_gender_start_list`, `has_separate_category_start_list`)
  VALUES (9121, '2016-10-26 14:53:41', '2016-10-26 14:53:41', 3, '2000-01-01 08:54:00', 0, 1, NULL, 1752, 22, 3, 1, 1, 0);
INSERT INTO `meeting_events` (`id`, `created_at`, `updated_at`, `event_order`, `begin_time`, `is_out_of_race`, `is_autofilled`, `notes`, `meeting_session_id`, `event_type_id`, `heat_type_id`, `user_id`, `has_separate_gender_start_list`, `has_separate_category_start_list`)
  VALUES (9122, '2016-10-26 14:53:41', '2016-10-26 14:53:41', 4, '2000-01-01 09:32:00', 0, 1, NULL, 1752, 20, 3, 1, 1, 0);
INSERT INTO `meeting_events` (`id`, `created_at`, `updated_at`, `event_order`, `begin_time`, `is_out_of_race`, `is_autofilled`, `notes`, `meeting_session_id`, `event_type_id`, `heat_type_id`, `user_id`, `has_separate_gender_start_list`, `has_separate_category_start_list`)
  VALUES (9123, '2016-10-26 14:53:41', '2016-10-26 14:53:41', 5, '2000-01-01 10:14:00', 0, 1, NULL, 1752, 3, 3, 1, 1, 0);
INSERT INTO `meeting_events` (`id`, `created_at`, `updated_at`, `event_order`, `begin_time`, `is_out_of_race`, `is_autofilled`, `notes`, `meeting_session_id`, `event_type_id`, `heat_type_id`, `user_id`, `has_separate_gender_start_list`, `has_separate_category_start_list`)
  VALUES (9124, '2016-10-26 14:53:41', '2016-10-26 14:53:41', 6, '2000-01-01 10:50:00', 0, 1, NULL, 1752, 7, 3, 1, 1, 0);
INSERT INTO `meeting_events` (`id`, `created_at`, `updated_at`, `event_order`, `begin_time`, `is_out_of_race`, `is_autofilled`, `notes`, `meeting_session_id`, `event_type_id`, `heat_type_id`, `user_id`, `has_separate_gender_start_list`, `has_separate_category_start_list`)
  VALUES (9125, '2016-10-26 14:53:41', '2016-10-26 14:53:41', 7, '2000-01-01 11:20:00', 0, 1, NULL, 1752, 17, 3, 1, 1, 0);
INSERT INTO `meeting_events` (`id`, `created_at`, `updated_at`, `event_order`, `begin_time`, `is_out_of_race`, `is_autofilled`, `notes`, `meeting_session_id`, `event_type_id`, `heat_type_id`, `user_id`, `has_separate_gender_start_list`, `has_separate_category_start_list`)
  VALUES (9126, '2016-10-26 14:53:41', '2016-10-26 14:53:41', 8, '2000-01-01 11:50:00', 0, 1, NULL, 1752, 13, 3, 1, 1, 0);
INSERT INTO `meeting_events` (`id`, `created_at`, `updated_at`, `event_order`, `begin_time`, `is_out_of_race`, `is_autofilled`, `notes`, `meeting_session_id`, `event_type_id`, `heat_type_id`, `user_id`, `has_separate_gender_start_list`, `has_separate_category_start_list`)
  VALUES (9127, '2016-10-26 14:53:41', '2016-10-26 14:53:41', 9, '2000-01-01 12:02:00', 0, 1, NULL, 1752, 23, 3, 1, 1, 0);
INSERT INTO `meeting_events` (`id`, `created_at`, `updated_at`, `event_order`, `begin_time`, `is_out_of_race`, `is_autofilled`, `notes`, `meeting_session_id`, `event_type_id`, `heat_type_id`, `user_id`, `has_separate_gender_start_list`, `has_separate_category_start_list`)
  VALUES (9128, '2016-10-26 14:53:41', '2016-10-26 14:53:41', 10, '2000-01-01 12:22:00', 0, 1, NULL, 1752, 21, 3, 1, 1, 0);
INSERT INTO `meeting_events` (`id`, `created_at`, `updated_at`, `event_order`, `begin_time`, `is_out_of_race`, `is_autofilled`, `notes`, `meeting_session_id`, `event_type_id`, `heat_type_id`, `user_id`, `has_separate_gender_start_list`, `has_separate_category_start_list`)
  VALUES (9129, '2016-10-26 14:53:41', '2016-10-26 14:53:41', 11, '2000-01-01 12:52:00', 0, 1, NULL, 1752, 4, 3, 1, 1, 0);
INSERT INTO `meeting_events` (`id`, `created_at`, `updated_at`, `event_order`, `begin_time`, `is_out_of_race`, `is_autofilled`, `notes`, `meeting_session_id`, `event_type_id`, `heat_type_id`, `user_id`, `has_separate_gender_start_list`, `has_separate_category_start_list`)
  VALUES (9130, '2016-10-26 14:53:41', '2016-10-26 14:53:41', 12, '2000-01-01 13:30:00', 0, 1, NULL, 1752, 24, 3, 1, 1, 0);
INSERT INTO `meeting_events` (`id`, `created_at`, `updated_at`, `event_order`, `begin_time`, `is_out_of_race`, `is_autofilled`, `notes`, `meeting_session_id`, `event_type_id`, `heat_type_id`, `user_id`, `has_separate_gender_start_list`, `has_separate_category_start_list`)
  VALUES (9131, '2016-10-26 14:53:41', '2016-10-26 14:53:41', 13, '2000-01-01 13:50:00', 0, 1, NULL, 1752, 5, 3, 1, 1, 0);
INSERT INTO `meeting_events` (`id`, `created_at`, `updated_at`, `event_order`, `begin_time`, `is_out_of_race`, `is_autofilled`, `notes`, `meeting_session_id`, `event_type_id`, `heat_type_id`, `user_id`, `has_separate_gender_start_list`, `has_separate_category_start_list`)
  VALUES (9132, '2016-10-26 14:53:41', '2016-10-26 14:53:41', 14, '2000-01-01 14:26:00', 0, 1, NULL, 1752, 15, 3, 1, 1, 0);
INSERT INTO `meeting_events` (`id`, `created_at`, `updated_at`, `event_order`, `begin_time`, `is_out_of_race`, `is_autofilled`, `notes`, `meeting_session_id`, `event_type_id`, `heat_type_id`, `user_id`, `has_separate_gender_start_list`, `has_separate_category_start_list`)
  VALUES (9133, '2016-10-26 14:53:41', '2016-10-26 14:53:41', 15, '2000-01-01 15:10:00', 0, 1, NULL, 1752, 11, 3, 1, 1, 0);
INSERT INTO `meeting_events` (`id`, `created_at`, `updated_at`, `event_order`, `begin_time`, `is_out_of_race`, `is_autofilled`, `notes`, `meeting_session_id`, `event_type_id`, `heat_type_id`, `user_id`, `has_separate_gender_start_list`, `has_separate_category_start_list`)
  VALUES (9134, '2016-10-26 14:53:41', '2016-10-26 14:53:41', 16, '2000-01-01 15:44:00', 0, 1, NULL, 1752, 19, 3, 1, 1, 0);
INSERT INTO `meeting_events` (`id`, `created_at`, `updated_at`, `event_order`, `begin_time`, `is_out_of_race`, `is_autofilled`, `notes`, `meeting_session_id`, `event_type_id`, `heat_type_id`, `user_id`, `has_separate_gender_start_list`, `has_separate_category_start_list`)
  VALUES (9135, '2016-10-26 14:53:41', '2016-10-26 14:53:41', 17, '2000-01-01 16:24:00', 0, 1, NULL, 1752, 2, 3, 1, 1, 0);
INSERT INTO `meeting_events` (`id`, `created_at`, `updated_at`, `event_order`, `begin_time`, `is_out_of_race`, `is_autofilled`, `notes`, `meeting_session_id`, `event_type_id`, `heat_type_id`, `user_id`, `has_separate_gender_start_list`, `has_separate_category_start_list`)
  VALUES (9136, '2016-10-26 14:53:41', '2016-10-26 14:53:41', 18, '2000-01-01 17:02:00', 0, 1, NULL, 1752, 6, 3, 1, 1, 0);
INSERT INTO `meeting_events` (`id`, `created_at`, `updated_at`, `event_order`, `begin_time`, `is_out_of_race`, `is_autofilled`, `notes`, `meeting_session_id`, `event_type_id`, `heat_type_id`, `user_id`, `has_separate_gender_start_list`, `has_separate_category_start_list`)
  VALUES (9137, '2016-10-26 14:53:41', '2016-10-26 14:53:41', 19, '2000-01-01 17:42:30', 0, 1, NULL, 1752, 33, 3, 1, 1, 0);
INSERT INTO `meeting_events` (`id`, `created_at`, `updated_at`, `event_order`, `begin_time`, `is_out_of_race`, `is_autofilled`, `notes`, `meeting_session_id`, `event_type_id`, `heat_type_id`, `user_id`, `has_separate_gender_start_list`, `has_separate_category_start_list`)
  VALUES (9138, '2016-10-26 14:53:41', '2016-10-26 14:53:41', 20, '2000-01-01 17:40:00', 0, 1, NULL, 1752, 32, 3, 1, 1, 0);
INSERT INTO `meeting_events` (`id`, `created_at`, `updated_at`, `event_order`, `begin_time`, `is_out_of_race`, `is_autofilled`, `notes`, `meeting_session_id`, `event_type_id`, `heat_type_id`, `user_id`, `has_separate_gender_start_list`, `has_separate_category_start_list`)
  VALUES (9139, '2016-10-26 14:53:41', '2016-10-26 14:53:41', 21, '2000-01-01 17:36:30', 0, 1, NULL, 1752, 26, 3, 1, 1, 0);
INSERT INTO `meeting_events` (`id`, `created_at`, `updated_at`, `event_order`, `begin_time`, `is_out_of_race`, `is_autofilled`, `notes`, `meeting_session_id`, `event_type_id`, `heat_type_id`, `user_id`, `has_separate_gender_start_list`, `has_separate_category_start_list`)
  VALUES (9140, '2016-10-26 14:53:41', '2016-10-26 14:53:41', 22, '2000-01-01 17:21:30', 0, 1, NULL, 1752, 25, 3, 1, 1, 0);
INSERT INTO `meeting_sessions` (`id`, `session_order`, `scheduled_date`, `warm_up_time`, `begin_time`, `notes`, `meeting_id`, `swimming_pool_id`, `user_id`, `created_at`, `updated_at`, `description`, `is_autofilled`, `day_part_type_id`)
  VALUES (1753, 2, '2017-02-18', '2000-01-01 00:00:00', '2000-01-01 00:00:00', '', 16281, 165, 2, '2016-10-26 14:53:41', '2016-10-26 14:53:41', 'FINALI', 1, 2);
INSERT INTO `meeting_sessions` (`id`, `session_order`, `scheduled_date`, `warm_up_time`, `begin_time`, `notes`, `meeting_id`, `swimming_pool_id`, `user_id`, `created_at`, `updated_at`, `description`, `is_autofilled`, `day_part_type_id`)
  VALUES (1754, 3, '2017-02-19', '2000-01-01 00:00:00', '2000-01-01 00:00:00', '', 16281, 165, 2, '2016-10-26 14:53:41', '2016-10-26 14:53:41', 'FINALI', 1, 1);
INSERT INTO `meeting_sessions` (`id`, `session_order`, `scheduled_date`, `warm_up_time`, `begin_time`, `notes`, `meeting_id`, `swimming_pool_id`, `user_id`, `created_at`, `updated_at`, `description`, `is_autofilled`, `day_part_type_id`)
  VALUES (1755, 4, '2017-02-19', '2000-01-01 00:00:00', '2000-01-01 00:00:00', '', 16281, 165, 2, '2016-10-26 14:53:41', '2016-10-26 14:53:41', 'FINALI', 1, 2);

-- 15282-regtoscana REGIONALI TOSCANA 2016-02-20
INSERT INTO `meetings` (`id`, `description`, `entry_deadline`, `has_warm_up_pool`, `is_under_25_admitted`, `reference_phone`, `reference_e_mail`, `reference_name`, `notes`, `has_invitation`, `has_start_list`, `are_results_acquired`, `max_individual_events`, `configuration_file`, `edition`, `season_id`, `user_id`, `created_at`, `updated_at`, `is_autofilled`, `header_date`, `code`, `header_year`, `max_individual_events_per_session`, `is_out_of_season`, `edition_type_id`, `timing_type_id`, `individual_score_computation_type_id`, `relay_score_computation_type_id`, `team_score_computation_type_id`, `meeting_score_computation_type_id`, `invitation`, `is_confirmed`)
  VALUES (16282, 'REGIONALI TOSCANA', NULL, 0, 1, NULL, NULL, NULL, NULL, 0, 0, 0, 2, '?', 17, 162, 2, '2016-10-26 14:53:41', '2016-10-26 14:53:41', 1, '2017-02-18', 'regtoscana', '2017', 0, 0, 4, 3, 1, 1, 12, 1, NULL, 0);
INSERT INTO `meeting_sessions` (`id`, `session_order`, `scheduled_date`, `warm_up_time`, `begin_time`, `notes`, `meeting_id`, `swimming_pool_id`, `user_id`, `created_at`, `updated_at`, `description`, `is_autofilled`, `day_part_type_id`)
  VALUES (1756, 1, '2017-02-18', '2000-01-01 00:00:00', '2000-01-01 00:00:00', '', 16282, 100, 2, '2016-10-26 14:53:41', '2016-10-26 14:53:41', 'FINALI', 1, 1);
INSERT INTO `meeting_sessions` (`id`, `session_order`, `scheduled_date`, `warm_up_time`, `begin_time`, `notes`, `meeting_id`, `swimming_pool_id`, `user_id`, `created_at`, `updated_at`, `description`, `is_autofilled`, `day_part_type_id`)
  VALUES (1757, 2, '2017-02-18', '2000-01-01 00:00:00', '2000-01-01 00:00:00', '', 16282, 100, 2, '2016-10-26 14:53:41', '2016-10-26 14:53:41', 'FINALI', 1, 2);
INSERT INTO `meeting_sessions` (`id`, `session_order`, `scheduled_date`, `warm_up_time`, `begin_time`, `notes`, `meeting_id`, `swimming_pool_id`, `user_id`, `created_at`, `updated_at`, `description`, `is_autofilled`, `day_part_type_id`)
  VALUES (1758, 3, '2017-02-19', '2000-01-01 00:00:00', '2000-01-01 00:00:00', '', 16282, 100, 2, '2016-10-26 14:53:41', '2016-10-26 14:53:41', 'FINALI', 1, 1);
INSERT INTO `meeting_sessions` (`id`, `session_order`, `scheduled_date`, `warm_up_time`, `begin_time`, `notes`, `meeting_id`, `swimming_pool_id`, `user_id`, `created_at`, `updated_at`, `description`, `is_autofilled`, `day_part_type_id`)
  VALUES (1759, 4, '2017-02-19', '2000-01-01 00:00:00', '2000-01-01 00:00:00', '', 16282, 100, 2, '2016-10-26 14:53:41', '2016-10-26 14:53:41', 'FINALI', 1, 2);

-- 15283-regtrentinoaltoadige REGIONALI TRENTINO-ALTO ADIGE 2016-02-21
INSERT INTO `meetings` (`id`, `description`, `entry_deadline`, `has_warm_up_pool`, `is_under_25_admitted`, `reference_phone`, `reference_e_mail`, `reference_name`, `notes`, `has_invitation`, `has_start_list`, `are_results_acquired`, `max_individual_events`, `configuration_file`, `edition`, `season_id`, `user_id`, `created_at`, `updated_at`, `is_autofilled`, `header_date`, `code`, `header_year`, `max_individual_events_per_session`, `is_out_of_season`, `edition_type_id`, `timing_type_id`, `individual_score_computation_type_id`, `relay_score_computation_type_id`, `team_score_computation_type_id`, `meeting_score_computation_type_id`, `invitation`, `is_confirmed`)
  VALUES (16283, 'REGIONALI TRENTINO-ALTO ADIGE', NULL, 0, 1, NULL, NULL, NULL, 'CR Alto Adige', 0, 0, 0, 2, '?', 17, 162, 2, '2016-10-26 14:53:41', '2016-10-26 14:53:41', 1, '2017-02-19', 'regtrentinoaltoadige', '2017', 0, 0, 4, 3, 1, 1, 12, 1, NULL, 0);
INSERT INTO `meeting_sessions` (`id`, `session_order`, `scheduled_date`, `warm_up_time`, `begin_time`, `notes`, `meeting_id`, `swimming_pool_id`, `user_id`, `created_at`, `updated_at`, `description`, `is_autofilled`, `day_part_type_id`)
  VALUES (1760, 1, '2017-02-19', '2000-01-01 00:00:00', '2000-01-01 00:00:00', '', 16283, 166, 2, '2016-10-26 14:53:41', '2016-10-26 14:53:41', 'FINALI', 1, 1);
INSERT INTO `meeting_events` (`id`, `created_at`, `updated_at`, `event_order`, `begin_time`, `is_out_of_race`, `is_autofilled`, `notes`, `meeting_session_id`, `event_type_id`, `heat_type_id`, `user_id`, `has_separate_gender_start_list`, `has_separate_category_start_list`)
  VALUES (9141, '2016-10-26 14:53:41', '2016-10-26 14:53:41', 1, '2000-01-01 08:02:00', 0, 1, NULL, 1760, 16, 3, 1, 1, 0);
INSERT INTO `meeting_events` (`id`, `created_at`, `updated_at`, `event_order`, `begin_time`, `is_out_of_race`, `is_autofilled`, `notes`, `meeting_session_id`, `event_type_id`, `heat_type_id`, `user_id`, `has_separate_gender_start_list`, `has_separate_category_start_list`)
  VALUES (9142, '2016-10-26 14:53:41', '2016-10-26 14:53:41', 2, '2000-01-01 08:10:00', 0, 1, NULL, 1760, 12, 3, 1, 1, 0);
INSERT INTO `meeting_events` (`id`, `created_at`, `updated_at`, `event_order`, `begin_time`, `is_out_of_race`, `is_autofilled`, `notes`, `meeting_session_id`, `event_type_id`, `heat_type_id`, `user_id`, `has_separate_gender_start_list`, `has_separate_category_start_list`)
  VALUES (9143, '2016-10-26 14:53:41', '2016-10-26 14:53:41', 3, '2000-01-01 08:18:00', 0, 1, NULL, 1760, 20, 3, 1, 1, 0);
INSERT INTO `meeting_events` (`id`, `created_at`, `updated_at`, `event_order`, `begin_time`, `is_out_of_race`, `is_autofilled`, `notes`, `meeting_session_id`, `event_type_id`, `heat_type_id`, `user_id`, `has_separate_gender_start_list`, `has_separate_category_start_list`)
  VALUES (9144, '2016-10-26 14:53:41', '2016-10-26 14:53:41', 4, '2000-01-01 08:46:00', 0, 1, NULL, 1760, 3, 3, 1, 1, 0);
INSERT INTO `meeting_events` (`id`, `created_at`, `updated_at`, `event_order`, `begin_time`, `is_out_of_race`, `is_autofilled`, `notes`, `meeting_session_id`, `event_type_id`, `heat_type_id`, `user_id`, `has_separate_gender_start_list`, `has_separate_category_start_list`)
  VALUES (9145, '2016-10-26 14:53:41', '2016-10-26 14:53:41', 5, '2000-01-01 09:16:00', 0, 1, NULL, 1760, 17, 3, 1, 1, 0);
INSERT INTO `meeting_events` (`id`, `created_at`, `updated_at`, `event_order`, `begin_time`, `is_out_of_race`, `is_autofilled`, `notes`, `meeting_session_id`, `event_type_id`, `heat_type_id`, `user_id`, `has_separate_gender_start_list`, `has_separate_category_start_list`)
  VALUES (9146, '2016-10-26 14:53:41', '2016-10-26 14:53:41', 6, '2000-01-01 09:24:00', 0, 1, NULL, 1760, 23, 3, 1, 1, 0);
INSERT INTO `meeting_events` (`id`, `created_at`, `updated_at`, `event_order`, `begin_time`, `is_out_of_race`, `is_autofilled`, `notes`, `meeting_session_id`, `event_type_id`, `heat_type_id`, `user_id`, `has_separate_gender_start_list`, `has_separate_category_start_list`)
  VALUES (9147, '2016-10-26 14:53:41', '2016-10-26 14:53:41', 7, '2000-01-01 09:38:00', 0, 1, NULL, 1760, 21, 3, 1, 1, 0);
INSERT INTO `meeting_events` (`id`, `created_at`, `updated_at`, `event_order`, `begin_time`, `is_out_of_race`, `is_autofilled`, `notes`, `meeting_session_id`, `event_type_id`, `heat_type_id`, `user_id`, `has_separate_gender_start_list`, `has_separate_category_start_list`)
  VALUES (9148, '2016-10-26 14:53:41', '2016-10-26 14:53:41', 8, '2000-01-01 09:54:00', 0, 1, NULL, 1760, 5, 3, 1, 1, 0);
INSERT INTO `meeting_events` (`id`, `created_at`, `updated_at`, `event_order`, `begin_time`, `is_out_of_race`, `is_autofilled`, `notes`, `meeting_session_id`, `event_type_id`, `heat_type_id`, `user_id`, `has_separate_gender_start_list`, `has_separate_category_start_list`)
  VALUES (9149, '2016-10-26 14:53:41', '2016-10-26 14:53:41', 9, '2000-01-01 10:20:00', 0, 1, NULL, 1760, 15, 3, 1, 1, 0);
INSERT INTO `meeting_events` (`id`, `created_at`, `updated_at`, `event_order`, `begin_time`, `is_out_of_race`, `is_autofilled`, `notes`, `meeting_session_id`, `event_type_id`, `heat_type_id`, `user_id`, `has_separate_gender_start_list`, `has_separate_category_start_list`)
  VALUES (9150, '2016-10-26 14:53:41', '2016-10-26 14:53:41', 10, '2000-01-01 10:38:00', 0, 1, NULL, 1760, 11, 3, 1, 1, 0);
INSERT INTO `meeting_events` (`id`, `created_at`, `updated_at`, `event_order`, `begin_time`, `is_out_of_race`, `is_autofilled`, `notes`, `meeting_session_id`, `event_type_id`, `heat_type_id`, `user_id`, `has_separate_gender_start_list`, `has_separate_category_start_list`)
  VALUES (9151, '2016-10-26 14:53:41', '2016-10-26 14:53:41', 11, '2000-01-01 11:02:00', 0, 1, NULL, 1760, 19, 3, 1, 1, 0);
INSERT INTO `meeting_events` (`id`, `created_at`, `updated_at`, `event_order`, `begin_time`, `is_out_of_race`, `is_autofilled`, `notes`, `meeting_session_id`, `event_type_id`, `heat_type_id`, `user_id`, `has_separate_gender_start_list`, `has_separate_category_start_list`)
  VALUES (9152, '2016-10-26 14:53:41', '2016-10-26 14:53:41', 12, '2000-01-01 11:40:00', 0, 1, NULL, 1760, 2, 3, 1, 1, 0);
INSERT INTO `meeting_events` (`id`, `created_at`, `updated_at`, `event_order`, `begin_time`, `is_out_of_race`, `is_autofilled`, `notes`, `meeting_session_id`, `event_type_id`, `heat_type_id`, `user_id`, `has_separate_gender_start_list`, `has_separate_category_start_list`)
  VALUES (9153, '2016-10-26 14:53:41', '2016-10-26 14:53:41', 13, '2000-01-01 12:17:03', 0, 1, NULL, 1760, 32, 3, 1, 1, 0);
INSERT INTO `meeting_events` (`id`, `created_at`, `updated_at`, `event_order`, `begin_time`, `is_out_of_race`, `is_autofilled`, `notes`, `meeting_session_id`, `event_type_id`, `heat_type_id`, `user_id`, `has_separate_gender_start_list`, `has_separate_category_start_list`)
  VALUES (9154, '2016-10-26 14:53:41', '2016-10-26 14:53:41', 14, '2000-01-01 12:18:03', 0, 1, NULL, 1760, 26, 3, 1, 1, 0);

-- 15284-regumbria REGIONALI UMBRIA 2016-02-21
INSERT INTO `meetings` (`id`, `description`, `entry_deadline`, `has_warm_up_pool`, `is_under_25_admitted`, `reference_phone`, `reference_e_mail`, `reference_name`, `notes`, `has_invitation`, `has_start_list`, `are_results_acquired`, `max_individual_events`, `configuration_file`, `edition`, `season_id`, `user_id`, `created_at`, `updated_at`, `is_autofilled`, `header_date`, `code`, `header_year`, `max_individual_events_per_session`, `is_out_of_season`, `edition_type_id`, `timing_type_id`, `individual_score_computation_type_id`, `relay_score_computation_type_id`, `team_score_computation_type_id`, `meeting_score_computation_type_id`, `invitation`, `is_confirmed`)
  VALUES (16284, 'REGIONALI UMBRIA', NULL, 0, 1, NULL, NULL, NULL, 'CR Umbria', 0, 0, 0, 2, '?', 17, 162, 2, '2016-10-26 14:53:41', '2016-10-26 14:53:41', 1, '2017-02-19', 'regumbria', '2017', 0, 0, 4, 3, 1, 1, 12, 1, NULL, 0);
INSERT INTO `meeting_sessions` (`id`, `session_order`, `scheduled_date`, `warm_up_time`, `begin_time`, `notes`, `meeting_id`, `swimming_pool_id`, `user_id`, `created_at`, `updated_at`, `description`, `is_autofilled`, `day_part_type_id`)
  VALUES (1761, 1, '2017-02-19', '2000-01-01 00:00:00', '2000-01-01 00:00:00', '', 16284, 167, 2, '2016-10-26 14:53:41', '2016-10-26 14:53:41', 'FINALI', 1, 1);
INSERT INTO `meeting_events` (`id`, `created_at`, `updated_at`, `event_order`, `begin_time`, `is_out_of_race`, `is_autofilled`, `notes`, `meeting_session_id`, `event_type_id`, `heat_type_id`, `user_id`, `has_separate_gender_start_list`, `has_separate_category_start_list`)
  VALUES (9155, '2016-10-26 14:53:41', '2016-10-26 14:53:41', 1, '2000-01-01 08:02:00', 0, 1, NULL, 1761, 16, 3, 1, 1, 0);
INSERT INTO `meeting_events` (`id`, `created_at`, `updated_at`, `event_order`, `begin_time`, `is_out_of_race`, `is_autofilled`, `notes`, `meeting_session_id`, `event_type_id`, `heat_type_id`, `user_id`, `has_separate_gender_start_list`, `has_separate_category_start_list`)
  VALUES (9156, '2016-10-26 14:53:41', '2016-10-26 14:53:41', 2, '2000-01-01 08:28:00', 0, 1, NULL, 1761, 12, 3, 1, 1, 0);
INSERT INTO `meeting_events` (`id`, `created_at`, `updated_at`, `event_order`, `begin_time`, `is_out_of_race`, `is_autofilled`, `notes`, `meeting_session_id`, `event_type_id`, `heat_type_id`, `user_id`, `has_separate_gender_start_list`, `has_separate_category_start_list`)
  VALUES (9157, '2016-10-26 14:53:41', '2016-10-26 14:53:41', 3, '2000-01-01 08:38:00', 0, 1, NULL, 1761, 22, 3, 1, 1, 0);
INSERT INTO `meeting_events` (`id`, `created_at`, `updated_at`, `event_order`, `begin_time`, `is_out_of_race`, `is_autofilled`, `notes`, `meeting_session_id`, `event_type_id`, `heat_type_id`, `user_id`, `has_separate_gender_start_list`, `has_separate_category_start_list`)
  VALUES (9158, '2016-10-26 14:53:41', '2016-10-26 14:53:41', 4, '2000-01-01 09:08:00', 0, 1, NULL, 1761, 20, 3, 1, 1, 0);
INSERT INTO `meeting_events` (`id`, `created_at`, `updated_at`, `event_order`, `begin_time`, `is_out_of_race`, `is_autofilled`, `notes`, `meeting_session_id`, `event_type_id`, `heat_type_id`, `user_id`, `has_separate_gender_start_list`, `has_separate_category_start_list`)
  VALUES (9159, '2016-10-26 14:53:41', '2016-10-26 14:53:41', 5, '2000-01-01 09:36:00', 0, 1, NULL, 1761, 3, 3, 1, 1, 0);
INSERT INTO `meeting_events` (`id`, `created_at`, `updated_at`, `event_order`, `begin_time`, `is_out_of_race`, `is_autofilled`, `notes`, `meeting_session_id`, `event_type_id`, `heat_type_id`, `user_id`, `has_separate_gender_start_list`, `has_separate_category_start_list`)
  VALUES (9160, '2016-10-26 14:53:41', '2016-10-26 14:53:41', 6, '2000-01-01 10:12:00', 0, 1, NULL, 1761, 17, 3, 1, 1, 0);
INSERT INTO `meeting_events` (`id`, `created_at`, `updated_at`, `event_order`, `begin_time`, `is_out_of_race`, `is_autofilled`, `notes`, `meeting_session_id`, `event_type_id`, `heat_type_id`, `user_id`, `has_separate_gender_start_list`, `has_separate_category_start_list`)
  VALUES (9161, '2016-10-26 14:53:41', '2016-10-26 14:53:41', 7, '2000-01-01 10:30:00', 0, 1, NULL, 1761, 13, 3, 1, 1, 0);
INSERT INTO `meeting_events` (`id`, `created_at`, `updated_at`, `event_order`, `begin_time`, `is_out_of_race`, `is_autofilled`, `notes`, `meeting_session_id`, `event_type_id`, `heat_type_id`, `user_id`, `has_separate_gender_start_list`, `has_separate_category_start_list`)
  VALUES (9162, '2016-10-26 14:53:41', '2016-10-26 14:53:41', 8, '2000-01-01 10:38:00', 0, 1, NULL, 1761, 23, 3, 1, 1, 0);
INSERT INTO `meeting_events` (`id`, `created_at`, `updated_at`, `event_order`, `begin_time`, `is_out_of_race`, `is_autofilled`, `notes`, `meeting_session_id`, `event_type_id`, `heat_type_id`, `user_id`, `has_separate_gender_start_list`, `has_separate_category_start_list`)
  VALUES (9163, '2016-10-26 14:53:41', '2016-10-26 14:53:41', 9, '2000-01-01 10:50:00', 0, 1, NULL, 1761, 21, 3, 1, 1, 0);
INSERT INTO `meeting_events` (`id`, `created_at`, `updated_at`, `event_order`, `begin_time`, `is_out_of_race`, `is_autofilled`, `notes`, `meeting_session_id`, `event_type_id`, `heat_type_id`, `user_id`, `has_separate_gender_start_list`, `has_separate_category_start_list`)
  VALUES (9164, '2016-10-26 14:53:42', '2016-10-26 14:53:42', 10, '2000-01-01 11:08:00', 0, 1, NULL, 1761, 4, 3, 1, 1, 0);
INSERT INTO `meeting_events` (`id`, `created_at`, `updated_at`, `event_order`, `begin_time`, `is_out_of_race`, `is_autofilled`, `notes`, `meeting_session_id`, `event_type_id`, `heat_type_id`, `user_id`, `has_separate_gender_start_list`, `has_separate_category_start_list`)
  VALUES (9165, '2016-10-26 14:53:42', '2016-10-26 14:53:42', 11, '2000-01-01 11:44:00', 0, 1, NULL, 1761, 24, 3, 1, 1, 0);
INSERT INTO `meeting_events` (`id`, `created_at`, `updated_at`, `event_order`, `begin_time`, `is_out_of_race`, `is_autofilled`, `notes`, `meeting_session_id`, `event_type_id`, `heat_type_id`, `user_id`, `has_separate_gender_start_list`, `has_separate_category_start_list`)
  VALUES (9166, '2016-10-26 14:53:42', '2016-10-26 14:53:42', 12, '2000-01-01 11:56:00', 0, 1, NULL, 1761, 5, 3, 1, 1, 0);
INSERT INTO `meeting_events` (`id`, `created_at`, `updated_at`, `event_order`, `begin_time`, `is_out_of_race`, `is_autofilled`, `notes`, `meeting_session_id`, `event_type_id`, `heat_type_id`, `user_id`, `has_separate_gender_start_list`, `has_separate_category_start_list`)
  VALUES (9167, '2016-10-26 14:53:42', '2016-10-26 14:53:42', 13, '2000-01-01 12:26:00', 0, 1, NULL, 1761, 15, 3, 1, 1, 0);
INSERT INTO `meeting_events` (`id`, `created_at`, `updated_at`, `event_order`, `begin_time`, `is_out_of_race`, `is_autofilled`, `notes`, `meeting_session_id`, `event_type_id`, `heat_type_id`, `user_id`, `has_separate_gender_start_list`, `has_separate_category_start_list`)
  VALUES (9168, '2016-10-26 14:53:42', '2016-10-26 14:53:42', 14, '2000-01-01 13:02:00', 0, 1, NULL, 1761, 11, 3, 1, 1, 0);
INSERT INTO `meeting_events` (`id`, `created_at`, `updated_at`, `event_order`, `begin_time`, `is_out_of_race`, `is_autofilled`, `notes`, `meeting_session_id`, `event_type_id`, `heat_type_id`, `user_id`, `has_separate_gender_start_list`, `has_separate_category_start_list`)
  VALUES (9169, '2016-10-26 14:53:42', '2016-10-26 14:53:42', 15, '2000-01-01 13:34:00', 0, 1, NULL, 1761, 19, 3, 1, 1, 0);
INSERT INTO `meeting_events` (`id`, `created_at`, `updated_at`, `event_order`, `begin_time`, `is_out_of_race`, `is_autofilled`, `notes`, `meeting_session_id`, `event_type_id`, `heat_type_id`, `user_id`, `has_separate_gender_start_list`, `has_separate_category_start_list`)
  VALUES (9170, '2016-10-26 14:53:42', '2016-10-26 14:53:42', 16, '2000-01-01 14:02:00', 0, 1, NULL, 1761, 2, 3, 1, 1, 0);
INSERT INTO `meeting_events` (`id`, `created_at`, `updated_at`, `event_order`, `begin_time`, `is_out_of_race`, `is_autofilled`, `notes`, `meeting_session_id`, `event_type_id`, `heat_type_id`, `user_id`, `has_separate_gender_start_list`, `has_separate_category_start_list`)
  VALUES (9171, '2016-10-26 14:53:42', '2016-10-26 14:53:42', 17, '2000-01-01 14:40:30', 0, 1, NULL, 1761, 33, 3, 1, 1, 0);
INSERT INTO `meeting_events` (`id`, `created_at`, `updated_at`, `event_order`, `begin_time`, `is_out_of_race`, `is_autofilled`, `notes`, `meeting_session_id`, `event_type_id`, `heat_type_id`, `user_id`, `has_separate_gender_start_list`, `has_separate_category_start_list`)
  VALUES (9172, '2016-10-26 14:53:42', '2016-10-26 14:53:42', 18, '2000-01-01 14:38:00', 0, 1, NULL, 1761, 32, 3, 1, 1, 0);
INSERT INTO `meeting_events` (`id`, `created_at`, `updated_at`, `event_order`, `begin_time`, `is_out_of_race`, `is_autofilled`, `notes`, `meeting_session_id`, `event_type_id`, `heat_type_id`, `user_id`, `has_separate_gender_start_list`, `has_separate_category_start_list`)
  VALUES (9173, '2016-10-26 14:53:42', '2016-10-26 14:53:42', 19, '2000-01-01 14:34:30', 0, 1, NULL, 1761, 26, 3, 1, 1, 0);
INSERT INTO `meeting_events` (`id`, `created_at`, `updated_at`, `event_order`, `begin_time`, `is_out_of_race`, `is_autofilled`, `notes`, `meeting_session_id`, `event_type_id`, `heat_type_id`, `user_id`, `has_separate_gender_start_list`, `has_separate_category_start_list`)
  VALUES (9174, '2016-10-26 14:53:42', '2016-10-26 14:53:42', 20, '2000-01-01 14:19:30', 0, 1, NULL, 1761, 25, 3, 1, 1, 0);
INSERT INTO `meeting_sessions` (`id`, `session_order`, `scheduled_date`, `warm_up_time`, `begin_time`, `notes`, `meeting_id`, `swimming_pool_id`, `user_id`, `created_at`, `updated_at`, `description`, `is_autofilled`, `day_part_type_id`)
  VALUES (1762, 2, '2017-02-19', '2000-01-01 00:00:00', '2000-01-01 00:00:00', '', 16284, 167, 2, '2016-10-26 14:53:42', '2016-10-26 14:53:42', 'FINALI', 1, 2);

-- 15285-regmarche REGIONALI MARCHE 2016-02-06
INSERT INTO `meetings` (`id`, `description`, `entry_deadline`, `has_warm_up_pool`, `is_under_25_admitted`, `reference_phone`, `reference_e_mail`, `reference_name`, `notes`, `has_invitation`, `has_start_list`, `are_results_acquired`, `max_individual_events`, `configuration_file`, `edition`, `season_id`, `user_id`, `created_at`, `updated_at`, `is_autofilled`, `header_date`, `code`, `header_year`, `max_individual_events_per_session`, `is_out_of_season`, `edition_type_id`, `timing_type_id`, `individual_score_computation_type_id`, `relay_score_computation_type_id`, `team_score_computation_type_id`, `meeting_score_computation_type_id`, `invitation`, `is_confirmed`)
  VALUES (16285, 'REGIONALI MARCHE', NULL, 0, 1, NULL, NULL, NULL, 'CR Marche', 0, 0, 0, 2, '?', 17, 162, 2, '2016-10-26 14:53:42', '2016-10-26 14:53:42', 1, '2017-02-04', 'regmarche', '2017', 0, 0, 4, 3, 1, 1, 12, 1, NULL, 0);
INSERT INTO `meeting_sessions` (`id`, `session_order`, `scheduled_date`, `warm_up_time`, `begin_time`, `notes`, `meeting_id`, `swimming_pool_id`, `user_id`, `created_at`, `updated_at`, `description`, `is_autofilled`, `day_part_type_id`)
  VALUES (1763, 1, '2017-02-04', '2000-01-01 00:00:00', '2000-01-01 00:00:00', '', 16285, 168, 2, '2016-10-26 14:53:42', '2016-10-26 14:53:42', 'FINALI', 1, 1);
INSERT INTO `meeting_events` (`id`, `created_at`, `updated_at`, `event_order`, `begin_time`, `is_out_of_race`, `is_autofilled`, `notes`, `meeting_session_id`, `event_type_id`, `heat_type_id`, `user_id`, `has_separate_gender_start_list`, `has_separate_category_start_list`)
  VALUES (9175, '2016-10-26 14:53:42', '2016-10-26 14:53:42', 1, '2000-01-01 08:02:00', 0, 1, NULL, 1763, 16, 3, 1, 1, 0);
INSERT INTO `meeting_events` (`id`, `created_at`, `updated_at`, `event_order`, `begin_time`, `is_out_of_race`, `is_autofilled`, `notes`, `meeting_session_id`, `event_type_id`, `heat_type_id`, `user_id`, `has_separate_gender_start_list`, `has_separate_category_start_list`)
  VALUES (9176, '2016-10-26 14:53:42', '2016-10-26 14:53:42', 2, '2000-01-01 08:28:00', 0, 1, NULL, 1763, 12, 3, 1, 1, 0);
INSERT INTO `meeting_events` (`id`, `created_at`, `updated_at`, `event_order`, `begin_time`, `is_out_of_race`, `is_autofilled`, `notes`, `meeting_session_id`, `event_type_id`, `heat_type_id`, `user_id`, `has_separate_gender_start_list`, `has_separate_category_start_list`)
  VALUES (9177, '2016-10-26 14:53:42', '2016-10-26 14:53:42', 3, '2000-01-01 08:44:00', 0, 1, NULL, 1763, 22, 3, 1, 1, 0);
INSERT INTO `meeting_events` (`id`, `created_at`, `updated_at`, `event_order`, `begin_time`, `is_out_of_race`, `is_autofilled`, `notes`, `meeting_session_id`, `event_type_id`, `heat_type_id`, `user_id`, `has_separate_gender_start_list`, `has_separate_category_start_list`)
  VALUES (9178, '2016-10-26 14:53:42', '2016-10-26 14:53:42', 4, '2000-01-01 09:12:00', 0, 1, NULL, 1763, 20, 3, 1, 1, 0);
INSERT INTO `meeting_events` (`id`, `created_at`, `updated_at`, `event_order`, `begin_time`, `is_out_of_race`, `is_autofilled`, `notes`, `meeting_session_id`, `event_type_id`, `heat_type_id`, `user_id`, `has_separate_gender_start_list`, `has_separate_category_start_list`)
  VALUES (9179, '2016-10-26 14:53:42', '2016-10-26 14:53:42', 5, '2000-01-01 09:40:00', 0, 1, NULL, 1763, 3, 3, 1, 1, 0);
INSERT INTO `meeting_events` (`id`, `created_at`, `updated_at`, `event_order`, `begin_time`, `is_out_of_race`, `is_autofilled`, `notes`, `meeting_session_id`, `event_type_id`, `heat_type_id`, `user_id`, `has_separate_gender_start_list`, `has_separate_category_start_list`)
  VALUES (9180, '2016-10-26 14:53:42', '2016-10-26 14:53:42', 6, '2000-01-01 10:18:00', 0, 1, NULL, 1763, 7, 3, 1, 1, 0);
INSERT INTO `meeting_events` (`id`, `created_at`, `updated_at`, `event_order`, `begin_time`, `is_out_of_race`, `is_autofilled`, `notes`, `meeting_session_id`, `event_type_id`, `heat_type_id`, `user_id`, `has_separate_gender_start_list`, `has_separate_category_start_list`)
  VALUES (9181, '2016-10-26 14:53:42', '2016-10-26 14:53:42', 7, '2000-01-01 10:42:00', 0, 1, NULL, 1763, 17, 3, 1, 1, 0);
INSERT INTO `meeting_events` (`id`, `created_at`, `updated_at`, `event_order`, `begin_time`, `is_out_of_race`, `is_autofilled`, `notes`, `meeting_session_id`, `event_type_id`, `heat_type_id`, `user_id`, `has_separate_gender_start_list`, `has_separate_category_start_list`)
  VALUES (9182, '2016-10-26 14:53:42', '2016-10-26 14:53:42', 8, '2000-01-01 11:08:00', 0, 1, NULL, 1763, 13, 3, 1, 1, 0);
INSERT INTO `meeting_events` (`id`, `created_at`, `updated_at`, `event_order`, `begin_time`, `is_out_of_race`, `is_autofilled`, `notes`, `meeting_session_id`, `event_type_id`, `heat_type_id`, `user_id`, `has_separate_gender_start_list`, `has_separate_category_start_list`)
  VALUES (9183, '2016-10-26 14:53:42', '2016-10-26 14:53:42', 9, '2000-01-01 11:18:00', 0, 1, NULL, 1763, 23, 3, 1, 1, 0);
INSERT INTO `meeting_events` (`id`, `created_at`, `updated_at`, `event_order`, `begin_time`, `is_out_of_race`, `is_autofilled`, `notes`, `meeting_session_id`, `event_type_id`, `heat_type_id`, `user_id`, `has_separate_gender_start_list`, `has_separate_category_start_list`)
  VALUES (9184, '2016-10-26 14:53:42', '2016-10-26 14:53:42', 10, '2000-01-01 11:34:00', 0, 1, NULL, 1763, 21, 3, 1, 1, 0);
INSERT INTO `meeting_events` (`id`, `created_at`, `updated_at`, `event_order`, `begin_time`, `is_out_of_race`, `is_autofilled`, `notes`, `meeting_session_id`, `event_type_id`, `heat_type_id`, `user_id`, `has_separate_gender_start_list`, `has_separate_category_start_list`)
  VALUES (9185, '2016-10-26 14:53:42', '2016-10-26 14:53:42', 11, '2000-01-01 11:52:00', 0, 1, NULL, 1763, 4, 3, 1, 1, 0);
INSERT INTO `meeting_events` (`id`, `created_at`, `updated_at`, `event_order`, `begin_time`, `is_out_of_race`, `is_autofilled`, `notes`, `meeting_session_id`, `event_type_id`, `heat_type_id`, `user_id`, `has_separate_gender_start_list`, `has_separate_category_start_list`)
  VALUES (9186, '2016-10-26 14:53:42', '2016-10-26 14:53:42', 12, '2000-01-01 12:24:00', 0, 1, NULL, 1763, 24, 3, 1, 1, 0);
INSERT INTO `meeting_events` (`id`, `created_at`, `updated_at`, `event_order`, `begin_time`, `is_out_of_race`, `is_autofilled`, `notes`, `meeting_session_id`, `event_type_id`, `heat_type_id`, `user_id`, `has_separate_gender_start_list`, `has_separate_category_start_list`)
  VALUES (9187, '2016-10-26 14:53:42', '2016-10-26 14:53:42', 13, '2000-01-01 12:32:00', 0, 1, NULL, 1763, 5, 3, 1, 1, 0);
INSERT INTO `meeting_events` (`id`, `created_at`, `updated_at`, `event_order`, `begin_time`, `is_out_of_race`, `is_autofilled`, `notes`, `meeting_session_id`, `event_type_id`, `heat_type_id`, `user_id`, `has_separate_gender_start_list`, `has_separate_category_start_list`)
  VALUES (9188, '2016-10-26 14:53:42', '2016-10-26 14:53:42', 14, '2000-01-01 13:00:00', 0, 1, NULL, 1763, 15, 3, 1, 1, 0);
INSERT INTO `meeting_events` (`id`, `created_at`, `updated_at`, `event_order`, `begin_time`, `is_out_of_race`, `is_autofilled`, `notes`, `meeting_session_id`, `event_type_id`, `heat_type_id`, `user_id`, `has_separate_gender_start_list`, `has_separate_category_start_list`)
  VALUES (9189, '2016-10-26 14:53:42', '2016-10-26 14:53:42', 15, '2000-01-01 13:34:00', 0, 1, NULL, 1763, 11, 3, 1, 1, 0);
INSERT INTO `meeting_events` (`id`, `created_at`, `updated_at`, `event_order`, `begin_time`, `is_out_of_race`, `is_autofilled`, `notes`, `meeting_session_id`, `event_type_id`, `heat_type_id`, `user_id`, `has_separate_gender_start_list`, `has_separate_category_start_list`)
  VALUES (9190, '2016-10-26 14:53:42', '2016-10-26 14:53:42', 16, '2000-01-01 14:08:00', 0, 1, NULL, 1763, 19, 3, 1, 1, 0);
INSERT INTO `meeting_events` (`id`, `created_at`, `updated_at`, `event_order`, `begin_time`, `is_out_of_race`, `is_autofilled`, `notes`, `meeting_session_id`, `event_type_id`, `heat_type_id`, `user_id`, `has_separate_gender_start_list`, `has_separate_category_start_list`)
  VALUES (9191, '2016-10-26 14:53:42', '2016-10-26 14:53:42', 17, '2000-01-01 14:42:00', 0, 1, NULL, 1763, 2, 3, 1, 1, 0);
INSERT INTO `meeting_events` (`id`, `created_at`, `updated_at`, `event_order`, `begin_time`, `is_out_of_race`, `is_autofilled`, `notes`, `meeting_session_id`, `event_type_id`, `heat_type_id`, `user_id`, `has_separate_gender_start_list`, `has_separate_category_start_list`)
  VALUES (9192, '2016-10-26 14:53:42', '2016-10-26 14:53:42', 18, '2000-01-01 15:22:00', 0, 1, NULL, 1763, 6, 3, 1, 1, 0);
INSERT INTO `meeting_events` (`id`, `created_at`, `updated_at`, `event_order`, `begin_time`, `is_out_of_race`, `is_autofilled`, `notes`, `meeting_session_id`, `event_type_id`, `heat_type_id`, `user_id`, `has_separate_gender_start_list`, `has_separate_category_start_list`)
  VALUES (9193, '2016-10-26 14:53:42', '2016-10-26 14:53:42', 19, '2000-01-01 15:52:57', 0, 1, NULL, 1763, 33, 3, 1, 1, 0);
INSERT INTO `meeting_events` (`id`, `created_at`, `updated_at`, `event_order`, `begin_time`, `is_out_of_race`, `is_autofilled`, `notes`, `meeting_session_id`, `event_type_id`, `heat_type_id`, `user_id`, `has_separate_gender_start_list`, `has_separate_category_start_list`)
  VALUES (9194, '2016-10-26 14:53:42', '2016-10-26 14:53:42', 20, '2000-01-01 16:01:54', 0, 1, NULL, 1763, 32, 3, 1, 1, 0);
INSERT INTO `meeting_events` (`id`, `created_at`, `updated_at`, `event_order`, `begin_time`, `is_out_of_race`, `is_autofilled`, `notes`, `meeting_session_id`, `event_type_id`, `heat_type_id`, `user_id`, `has_separate_gender_start_list`, `has_separate_category_start_list`)
  VALUES (9195, '2016-10-26 14:53:42', '2016-10-26 14:53:42', 21, '2000-01-01 16:01:03', 0, 1, NULL, 1763, 26, 3, 1, 1, 0);
INSERT INTO `meeting_events` (`id`, `created_at`, `updated_at`, `event_order`, `begin_time`, `is_out_of_race`, `is_autofilled`, `notes`, `meeting_session_id`, `event_type_id`, `heat_type_id`, `user_id`, `has_separate_gender_start_list`, `has_separate_category_start_list`)
  VALUES (9196, '2016-10-26 14:53:42', '2016-10-26 14:53:42', 22, '2000-01-01 15:21:30', 0, 1, NULL, 1763, 25, 3, 1, 1, 0);
INSERT INTO `meeting_sessions` (`id`, `session_order`, `scheduled_date`, `warm_up_time`, `begin_time`, `notes`, `meeting_id`, `swimming_pool_id`, `user_id`, `created_at`, `updated_at`, `description`, `is_autofilled`, `day_part_type_id`)
  VALUES (1764, 2, '2017-02-04', '2000-01-01 00:00:00', '2000-01-01 00:00:00', '', 16285, 168, 2, '2016-10-26 14:53:42', '2016-10-26 14:53:42', 'FINALI', 1, 2);

-- 15286-regsardegna REGIONALI SARDEGNA 2016-02-06
INSERT INTO `meetings` (`id`, `description`, `entry_deadline`, `has_warm_up_pool`, `is_under_25_admitted`, `reference_phone`, `reference_e_mail`, `reference_name`, `notes`, `has_invitation`, `has_start_list`, `are_results_acquired`, `max_individual_events`, `configuration_file`, `edition`, `season_id`, `user_id`, `created_at`, `updated_at`, `is_autofilled`, `header_date`, `code`, `header_year`, `max_individual_events_per_session`, `is_out_of_season`, `edition_type_id`, `timing_type_id`, `individual_score_computation_type_id`, `relay_score_computation_type_id`, `team_score_computation_type_id`, `meeting_score_computation_type_id`, `invitation`, `is_confirmed`)
  VALUES (16286, 'REGIONALI SARDEGNA', NULL, 0, 1, NULL, NULL, NULL, 'CR Sardegna', 0, 0, 0, 2, '?', 17, 162, 2, '2016-10-26 14:53:42', '2016-10-26 14:53:42', 1, '2017-02-04', 'regsardegna', '2017', 0, 0, 4, 3, 1, 1, 12, 1, NULL, 0);
INSERT INTO `meeting_sessions` (`id`, `session_order`, `scheduled_date`, `warm_up_time`, `begin_time`, `notes`, `meeting_id`, `swimming_pool_id`, `user_id`, `created_at`, `updated_at`, `description`, `is_autofilled`, `day_part_type_id`)
  VALUES (1765, 1, '2017-02-04', '2000-01-01 00:00:00', '2000-01-01 00:00:00', '', 16286, 157, 2, '2016-10-26 14:53:42', '2016-10-26 14:53:42', 'FINALI', 1, 1);
INSERT INTO `meeting_events` (`id`, `created_at`, `updated_at`, `event_order`, `begin_time`, `is_out_of_race`, `is_autofilled`, `notes`, `meeting_session_id`, `event_type_id`, `heat_type_id`, `user_id`, `has_separate_gender_start_list`, `has_separate_category_start_list`)
  VALUES (9197, '2016-10-26 14:53:42', '2016-10-26 14:53:42', 1, '2000-01-01 08:02:00', 0, 1, NULL, 1765, 16, 3, 1, 1, 0);
INSERT INTO `meeting_events` (`id`, `created_at`, `updated_at`, `event_order`, `begin_time`, `is_out_of_race`, `is_autofilled`, `notes`, `meeting_session_id`, `event_type_id`, `heat_type_id`, `user_id`, `has_separate_gender_start_list`, `has_separate_category_start_list`)
  VALUES (9198, '2016-10-26 14:53:42', '2016-10-26 14:53:42', 2, '2000-01-01 08:34:00', 0, 1, NULL, 1765, 12, 3, 1, 1, 0);
INSERT INTO `meeting_events` (`id`, `created_at`, `updated_at`, `event_order`, `begin_time`, `is_out_of_race`, `is_autofilled`, `notes`, `meeting_session_id`, `event_type_id`, `heat_type_id`, `user_id`, `has_separate_gender_start_list`, `has_separate_category_start_list`)
  VALUES (9199, '2016-10-26 14:53:42', '2016-10-26 14:53:42', 3, '2000-01-01 08:48:00', 0, 1, NULL, 1765, 22, 3, 1, 1, 0);
INSERT INTO `meeting_events` (`id`, `created_at`, `updated_at`, `event_order`, `begin_time`, `is_out_of_race`, `is_autofilled`, `notes`, `meeting_session_id`, `event_type_id`, `heat_type_id`, `user_id`, `has_separate_gender_start_list`, `has_separate_category_start_list`)
  VALUES (9200, '2016-10-26 14:53:42', '2016-10-26 14:53:42', 4, '2000-01-01 09:18:00', 0, 1, NULL, 1765, 20, 3, 1, 1, 0);
INSERT INTO `meeting_events` (`id`, `created_at`, `updated_at`, `event_order`, `begin_time`, `is_out_of_race`, `is_autofilled`, `notes`, `meeting_session_id`, `event_type_id`, `heat_type_id`, `user_id`, `has_separate_gender_start_list`, `has_separate_category_start_list`)
  VALUES (9201, '2016-10-26 14:53:42', '2016-10-26 14:53:42', 5, '2000-01-01 09:56:00', 0, 1, NULL, 1765, 3, 3, 1, 1, 0);
INSERT INTO `meeting_events` (`id`, `created_at`, `updated_at`, `event_order`, `begin_time`, `is_out_of_race`, `is_autofilled`, `notes`, `meeting_session_id`, `event_type_id`, `heat_type_id`, `user_id`, `has_separate_gender_start_list`, `has_separate_category_start_list`)
  VALUES (9202, '2016-10-26 14:53:42', '2016-10-26 14:53:42', 6, '2000-01-01 10:42:00', 0, 1, NULL, 1765, 7, 3, 1, 1, 0);
INSERT INTO `meeting_events` (`id`, `created_at`, `updated_at`, `event_order`, `begin_time`, `is_out_of_race`, `is_autofilled`, `notes`, `meeting_session_id`, `event_type_id`, `heat_type_id`, `user_id`, `has_separate_gender_start_list`, `has_separate_category_start_list`)
  VALUES (9203, '2016-10-26 14:53:42', '2016-10-26 14:53:42', 7, '2000-01-01 11:10:00', 0, 1, NULL, 1765, 17, 3, 1, 1, 0);
INSERT INTO `meeting_events` (`id`, `created_at`, `updated_at`, `event_order`, `begin_time`, `is_out_of_race`, `is_autofilled`, `notes`, `meeting_session_id`, `event_type_id`, `heat_type_id`, `user_id`, `has_separate_gender_start_list`, `has_separate_category_start_list`)
  VALUES (9204, '2016-10-26 14:53:42', '2016-10-26 14:53:42', 8, '2000-01-01 11:28:00', 0, 1, NULL, 1765, 13, 3, 1, 1, 0);
INSERT INTO `meeting_events` (`id`, `created_at`, `updated_at`, `event_order`, `begin_time`, `is_out_of_race`, `is_autofilled`, `notes`, `meeting_session_id`, `event_type_id`, `heat_type_id`, `user_id`, `has_separate_gender_start_list`, `has_separate_category_start_list`)
  VALUES (9205, '2016-10-26 14:53:42', '2016-10-26 14:53:42', 9, '2000-01-01 11:36:00', 0, 1, NULL, 1765, 23, 3, 1, 1, 0);
INSERT INTO `meeting_events` (`id`, `created_at`, `updated_at`, `event_order`, `begin_time`, `is_out_of_race`, `is_autofilled`, `notes`, `meeting_session_id`, `event_type_id`, `heat_type_id`, `user_id`, `has_separate_gender_start_list`, `has_separate_category_start_list`)
  VALUES (9206, '2016-10-26 14:53:42', '2016-10-26 14:53:42', 10, '2000-01-01 11:58:00', 0, 1, NULL, 1765, 21, 3, 1, 1, 0);
INSERT INTO `meeting_events` (`id`, `created_at`, `updated_at`, `event_order`, `begin_time`, `is_out_of_race`, `is_autofilled`, `notes`, `meeting_session_id`, `event_type_id`, `heat_type_id`, `user_id`, `has_separate_gender_start_list`, `has_separate_category_start_list`)
  VALUES (9207, '2016-10-26 14:53:42', '2016-10-26 14:53:42', 11, '2000-01-01 12:28:00', 0, 1, NULL, 1765, 4, 3, 1, 1, 0);
INSERT INTO `meeting_events` (`id`, `created_at`, `updated_at`, `event_order`, `begin_time`, `is_out_of_race`, `is_autofilled`, `notes`, `meeting_session_id`, `event_type_id`, `heat_type_id`, `user_id`, `has_separate_gender_start_list`, `has_separate_category_start_list`)
  VALUES (9208, '2016-10-26 14:53:42', '2016-10-26 14:53:42', 12, '2000-01-01 12:52:00', 0, 1, NULL, 1765, 24, 3, 1, 1, 0);
INSERT INTO `meeting_events` (`id`, `created_at`, `updated_at`, `event_order`, `begin_time`, `is_out_of_race`, `is_autofilled`, `notes`, `meeting_session_id`, `event_type_id`, `heat_type_id`, `user_id`, `has_separate_gender_start_list`, `has_separate_category_start_list`)
  VALUES (9209, '2016-10-26 14:53:42', '2016-10-26 14:53:42', 13, '2000-01-01 13:00:00', 0, 1, NULL, 1765, 5, 3, 1, 1, 0);
INSERT INTO `meeting_events` (`id`, `created_at`, `updated_at`, `event_order`, `begin_time`, `is_out_of_race`, `is_autofilled`, `notes`, `meeting_session_id`, `event_type_id`, `heat_type_id`, `user_id`, `has_separate_gender_start_list`, `has_separate_category_start_list`)
  VALUES (9210, '2016-10-26 14:53:42', '2016-10-26 14:53:42', 14, '2000-01-01 13:30:00', 0, 1, NULL, 1765, 15, 3, 1, 1, 0);
INSERT INTO `meeting_events` (`id`, `created_at`, `updated_at`, `event_order`, `begin_time`, `is_out_of_race`, `is_autofilled`, `notes`, `meeting_session_id`, `event_type_id`, `heat_type_id`, `user_id`, `has_separate_gender_start_list`, `has_separate_category_start_list`)
  VALUES (9211, '2016-10-26 14:53:42', '2016-10-26 14:53:42', 15, '2000-01-01 13:52:00', 0, 1, NULL, 1765, 11, 3, 1, 1, 0);
INSERT INTO `meeting_events` (`id`, `created_at`, `updated_at`, `event_order`, `begin_time`, `is_out_of_race`, `is_autofilled`, `notes`, `meeting_session_id`, `event_type_id`, `heat_type_id`, `user_id`, `has_separate_gender_start_list`, `has_separate_category_start_list`)
  VALUES (9212, '2016-10-26 14:53:42', '2016-10-26 14:53:42', 16, '2000-01-01 14:22:00', 0, 1, NULL, 1765, 19, 3, 1, 1, 0);
INSERT INTO `meeting_events` (`id`, `created_at`, `updated_at`, `event_order`, `begin_time`, `is_out_of_race`, `is_autofilled`, `notes`, `meeting_session_id`, `event_type_id`, `heat_type_id`, `user_id`, `has_separate_gender_start_list`, `has_separate_category_start_list`)
  VALUES (9213, '2016-10-26 14:53:42', '2016-10-26 14:53:42', 17, '2000-01-01 15:00:00', 0, 1, NULL, 1765, 2, 3, 1, 1, 0);
INSERT INTO `meeting_events` (`id`, `created_at`, `updated_at`, `event_order`, `begin_time`, `is_out_of_race`, `is_autofilled`, `notes`, `meeting_session_id`, `event_type_id`, `heat_type_id`, `user_id`, `has_separate_gender_start_list`, `has_separate_category_start_list`)
  VALUES (9214, '2016-10-26 14:53:42', '2016-10-26 14:53:42', 18, '2000-01-01 15:38:00', 0, 1, NULL, 1765, 6, 3, 1, 1, 0);
INSERT INTO `meeting_sessions` (`id`, `session_order`, `scheduled_date`, `warm_up_time`, `begin_time`, `notes`, `meeting_id`, `swimming_pool_id`, `user_id`, `created_at`, `updated_at`, `description`, `is_autofilled`, `day_part_type_id`)
  VALUES (1766, 2, '2017-02-04', '2000-01-01 00:00:00', '2000-01-01 00:00:00', '', 16286, 157, 2, '2016-10-26 14:53:42', '2016-10-26 14:53:42', 'FINALI', 1, 2);

-- 15287-regmolise REGIONALI MOLISE 2016-03-13
INSERT INTO `meetings` (`id`, `description`, `entry_deadline`, `has_warm_up_pool`, `is_under_25_admitted`, `reference_phone`, `reference_e_mail`, `reference_name`, `notes`, `has_invitation`, `has_start_list`, `are_results_acquired`, `max_individual_events`, `configuration_file`, `edition`, `season_id`, `user_id`, `created_at`, `updated_at`, `is_autofilled`, `header_date`, `code`, `header_year`, `max_individual_events_per_session`, `is_out_of_season`, `edition_type_id`, `timing_type_id`, `individual_score_computation_type_id`, `relay_score_computation_type_id`, `team_score_computation_type_id`, `meeting_score_computation_type_id`, `invitation`, `is_confirmed`)
  VALUES (16287, 'REGIONALI MOLISE', NULL, 0, 1, NULL, NULL, NULL, 'CR Molise', 0, 0, 0, 2, '?', 17, 162, 2, '2016-10-26 14:53:42', '2016-10-26 14:53:42', 1, '2017-03-12', 'regmolise', '2017', 0, 0, 4, 3, 1, 1, 12, 1, NULL, 0);
INSERT INTO `meeting_sessions` (`id`, `session_order`, `scheduled_date`, `warm_up_time`, `begin_time`, `notes`, `meeting_id`, `swimming_pool_id`, `user_id`, `created_at`, `updated_at`, `description`, `is_autofilled`, `day_part_type_id`)
  VALUES (1767, 1, '2017-03-12', '2000-01-01 00:00:00', '2000-01-01 00:00:00', '', 16287, 169, 2, '2016-10-26 14:53:42', '2016-10-26 14:53:42', 'FINALI', 1, 1);
INSERT INTO `meeting_events` (`id`, `created_at`, `updated_at`, `event_order`, `begin_time`, `is_out_of_race`, `is_autofilled`, `notes`, `meeting_session_id`, `event_type_id`, `heat_type_id`, `user_id`, `has_separate_gender_start_list`, `has_separate_category_start_list`)
  VALUES (9215, '2016-10-26 14:53:42', '2016-10-26 14:53:42', 1, '2000-01-01 08:02:00', 0, 1, NULL, 1767, 16, 3, 1, 1, 0);
INSERT INTO `meeting_events` (`id`, `created_at`, `updated_at`, `event_order`, `begin_time`, `is_out_of_race`, `is_autofilled`, `notes`, `meeting_session_id`, `event_type_id`, `heat_type_id`, `user_id`, `has_separate_gender_start_list`, `has_separate_category_start_list`)
  VALUES (9216, '2016-10-26 14:53:42', '2016-10-26 14:53:42', 2, '2000-01-01 08:10:00', 0, 1, NULL, 1767, 12, 3, 1, 1, 0);
INSERT INTO `meeting_events` (`id`, `created_at`, `updated_at`, `event_order`, `begin_time`, `is_out_of_race`, `is_autofilled`, `notes`, `meeting_session_id`, `event_type_id`, `heat_type_id`, `user_id`, `has_separate_gender_start_list`, `has_separate_category_start_list`)
  VALUES (9217, '2016-10-26 14:53:42', '2016-10-26 14:53:42', 3, '2000-01-01 08:16:00', 0, 1, NULL, 1767, 22, 3, 1, 1, 0);
INSERT INTO `meeting_events` (`id`, `created_at`, `updated_at`, `event_order`, `begin_time`, `is_out_of_race`, `is_autofilled`, `notes`, `meeting_session_id`, `event_type_id`, `heat_type_id`, `user_id`, `has_separate_gender_start_list`, `has_separate_category_start_list`)
  VALUES (9218, '2016-10-26 14:53:42', '2016-10-26 14:53:42', 4, '2000-01-01 08:24:00', 0, 1, NULL, 1767, 20, 3, 1, 1, 0);
INSERT INTO `meeting_events` (`id`, `created_at`, `updated_at`, `event_order`, `begin_time`, `is_out_of_race`, `is_autofilled`, `notes`, `meeting_session_id`, `event_type_id`, `heat_type_id`, `user_id`, `has_separate_gender_start_list`, `has_separate_category_start_list`)
  VALUES (9219, '2016-10-26 14:53:42', '2016-10-26 14:53:42', 5, '2000-01-01 08:30:00', 0, 1, NULL, 1767, 3, 3, 1, 1, 0);
INSERT INTO `meeting_events` (`id`, `created_at`, `updated_at`, `event_order`, `begin_time`, `is_out_of_race`, `is_autofilled`, `notes`, `meeting_session_id`, `event_type_id`, `heat_type_id`, `user_id`, `has_separate_gender_start_list`, `has_separate_category_start_list`)
  VALUES (9220, '2016-10-26 14:53:42', '2016-10-26 14:53:42', 6, '2000-01-01 08:48:00', 0, 1, NULL, 1767, 7, 3, 1, 1, 0);
INSERT INTO `meeting_events` (`id`, `created_at`, `updated_at`, `event_order`, `begin_time`, `is_out_of_race`, `is_autofilled`, `notes`, `meeting_session_id`, `event_type_id`, `heat_type_id`, `user_id`, `has_separate_gender_start_list`, `has_separate_category_start_list`)
  VALUES (9221, '2016-10-26 14:53:42', '2016-10-26 14:53:42', 7, '2000-01-01 08:58:00', 0, 1, NULL, 1767, 17, 3, 1, 1, 0);
INSERT INTO `meeting_events` (`id`, `created_at`, `updated_at`, `event_order`, `begin_time`, `is_out_of_race`, `is_autofilled`, `notes`, `meeting_session_id`, `event_type_id`, `heat_type_id`, `user_id`, `has_separate_gender_start_list`, `has_separate_category_start_list`)
  VALUES (9222, '2016-10-26 14:53:42', '2016-10-26 14:53:42', 8, '2000-01-01 09:04:00', 0, 1, NULL, 1767, 13, 3, 1, 1, 0);
INSERT INTO `meeting_events` (`id`, `created_at`, `updated_at`, `event_order`, `begin_time`, `is_out_of_race`, `is_autofilled`, `notes`, `meeting_session_id`, `event_type_id`, `heat_type_id`, `user_id`, `has_separate_gender_start_list`, `has_separate_category_start_list`)
  VALUES (9223, '2016-10-26 14:53:42', '2016-10-26 14:53:42', 9, '2000-01-01 09:06:00', 0, 1, NULL, 1767, 23, 3, 1, 1, 0);
INSERT INTO `meeting_events` (`id`, `created_at`, `updated_at`, `event_order`, `begin_time`, `is_out_of_race`, `is_autofilled`, `notes`, `meeting_session_id`, `event_type_id`, `heat_type_id`, `user_id`, `has_separate_gender_start_list`, `has_separate_category_start_list`)
  VALUES (9224, '2016-10-26 14:53:42', '2016-10-26 14:53:42', 10, '2000-01-01 09:14:00', 0, 1, NULL, 1767, 21, 3, 1, 1, 0);
INSERT INTO `meeting_events` (`id`, `created_at`, `updated_at`, `event_order`, `begin_time`, `is_out_of_race`, `is_autofilled`, `notes`, `meeting_session_id`, `event_type_id`, `heat_type_id`, `user_id`, `has_separate_gender_start_list`, `has_separate_category_start_list`)
  VALUES (9225, '2016-10-26 14:53:43', '2016-10-26 14:53:43', 11, '2000-01-01 09:22:00', 0, 1, NULL, 1767, 4, 3, 1, 1, 0);
INSERT INTO `meeting_events` (`id`, `created_at`, `updated_at`, `event_order`, `begin_time`, `is_out_of_race`, `is_autofilled`, `notes`, `meeting_session_id`, `event_type_id`, `heat_type_id`, `user_id`, `has_separate_gender_start_list`, `has_separate_category_start_list`)
  VALUES (9226, '2016-10-26 14:53:43', '2016-10-26 14:53:43', 12, '2000-01-01 09:38:00', 0, 1, NULL, 1767, 24, 3, 1, 1, 0);
INSERT INTO `meeting_events` (`id`, `created_at`, `updated_at`, `event_order`, `begin_time`, `is_out_of_race`, `is_autofilled`, `notes`, `meeting_session_id`, `event_type_id`, `heat_type_id`, `user_id`, `has_separate_gender_start_list`, `has_separate_category_start_list`)
  VALUES (9227, '2016-10-26 14:53:43', '2016-10-26 14:53:43', 13, '2000-01-01 09:46:00', 0, 1, NULL, 1767, 5, 3, 1, 1, 0);
INSERT INTO `meeting_events` (`id`, `created_at`, `updated_at`, `event_order`, `begin_time`, `is_out_of_race`, `is_autofilled`, `notes`, `meeting_session_id`, `event_type_id`, `heat_type_id`, `user_id`, `has_separate_gender_start_list`, `has_separate_category_start_list`)
  VALUES (9228, '2016-10-26 14:53:43', '2016-10-26 14:53:43', 14, '2000-01-01 09:52:00', 0, 1, NULL, 1767, 15, 3, 1, 1, 0);
INSERT INTO `meeting_events` (`id`, `created_at`, `updated_at`, `event_order`, `begin_time`, `is_out_of_race`, `is_autofilled`, `notes`, `meeting_session_id`, `event_type_id`, `heat_type_id`, `user_id`, `has_separate_gender_start_list`, `has_separate_category_start_list`)
  VALUES (9229, '2016-10-26 14:53:43', '2016-10-26 14:53:43', 15, '2000-01-01 10:00:00', 0, 1, NULL, 1767, 11, 3, 1, 1, 0);
INSERT INTO `meeting_events` (`id`, `created_at`, `updated_at`, `event_order`, `begin_time`, `is_out_of_race`, `is_autofilled`, `notes`, `meeting_session_id`, `event_type_id`, `heat_type_id`, `user_id`, `has_separate_gender_start_list`, `has_separate_category_start_list`)
  VALUES (9230, '2016-10-26 14:53:43', '2016-10-26 14:53:43', 16, '2000-01-01 10:12:00', 0, 1, NULL, 1767, 19, 3, 1, 1, 0);
INSERT INTO `meeting_events` (`id`, `created_at`, `updated_at`, `event_order`, `begin_time`, `is_out_of_race`, `is_autofilled`, `notes`, `meeting_session_id`, `event_type_id`, `heat_type_id`, `user_id`, `has_separate_gender_start_list`, `has_separate_category_start_list`)
  VALUES (9231, '2016-10-26 14:53:43', '2016-10-26 14:53:43', 17, '2000-01-01 10:28:00', 0, 1, NULL, 1767, 2, 3, 1, 1, 0);
INSERT INTO `meeting_events` (`id`, `created_at`, `updated_at`, `event_order`, `begin_time`, `is_out_of_race`, `is_autofilled`, `notes`, `meeting_session_id`, `event_type_id`, `heat_type_id`, `user_id`, `has_separate_gender_start_list`, `has_separate_category_start_list`)
  VALUES (9232, '2016-10-26 14:53:43', '2016-10-26 14:53:43', 18, '2000-01-01 10:54:00', 0, 1, NULL, 1767, 6, 3, 1, 1, 0);
INSERT INTO `meeting_events` (`id`, `created_at`, `updated_at`, `event_order`, `begin_time`, `is_out_of_race`, `is_autofilled`, `notes`, `meeting_session_id`, `event_type_id`, `heat_type_id`, `user_id`, `has_separate_gender_start_list`, `has_separate_category_start_list`)
  VALUES (9233, '2016-10-26 14:53:43', '2016-10-26 14:53:43', 19, '2000-01-01 11:12:22', 0, 1, NULL, 1767, 33, 3, 1, 1, 0);
INSERT INTO `meeting_events` (`id`, `created_at`, `updated_at`, `event_order`, `begin_time`, `is_out_of_race`, `is_autofilled`, `notes`, `meeting_session_id`, `event_type_id`, `heat_type_id`, `user_id`, `has_separate_gender_start_list`, `has_separate_category_start_list`)
  VALUES (9234, '2016-10-26 14:53:43', '2016-10-26 14:53:43', 20, '2000-01-01 11:20:06', 0, 1, NULL, 1767, 32, 3, 1, 1, 0);
INSERT INTO `meeting_events` (`id`, `created_at`, `updated_at`, `event_order`, `begin_time`, `is_out_of_race`, `is_autofilled`, `notes`, `meeting_session_id`, `event_type_id`, `heat_type_id`, `user_id`, `has_separate_gender_start_list`, `has_separate_category_start_list`)
  VALUES (9235, '2016-10-26 14:53:43', '2016-10-26 14:53:43', 21, '2000-01-01 10:55:38', 0, 1, NULL, 1767, 26, 3, 1, 1, 0);
INSERT INTO `meeting_events` (`id`, `created_at`, `updated_at`, `event_order`, `begin_time`, `is_out_of_race`, `is_autofilled`, `notes`, `meeting_session_id`, `event_type_id`, `heat_type_id`, `user_id`, `has_separate_gender_start_list`, `has_separate_category_start_list`)
  VALUES (9236, '2016-10-26 14:53:43', '2016-10-26 14:53:43', 22, '2000-01-01 10:17:24', 0, 1, NULL, 1767, 25, 3, 1, 1, 0);
INSERT INTO `meeting_sessions` (`id`, `session_order`, `scheduled_date`, `warm_up_time`, `begin_time`, `notes`, `meeting_id`, `swimming_pool_id`, `user_id`, `created_at`, `updated_at`, `description`, `is_autofilled`, `day_part_type_id`)
  VALUES (1768, 2, '2017-03-12', '2000-01-01 00:00:00', '2000-01-01 00:00:00', '', 16287, 169, 2, '2016-10-26 14:53:43', '2016-10-26 14:53:43', 'FINALI', 1, 2);

-- 15288-seregnomaster TROFEO MASTER 2016-02-28
INSERT INTO `meetings` (`id`, `description`, `entry_deadline`, `has_warm_up_pool`, `is_under_25_admitted`, `reference_phone`, `reference_e_mail`, `reference_name`, `notes`, `has_invitation`, `has_start_list`, `are_results_acquired`, `max_individual_events`, `configuration_file`, `edition`, `season_id`, `user_id`, `created_at`, `updated_at`, `is_autofilled`, `header_date`, `code`, `header_year`, `max_individual_events_per_session`, `is_out_of_season`, `edition_type_id`, `timing_type_id`, `individual_score_computation_type_id`, `relay_score_computation_type_id`, `team_score_computation_type_id`, `meeting_score_computation_type_id`, `invitation`, `is_confirmed`)
  VALUES (16288, 'TROFEO MASTER', NULL, 0, 1, NULL, NULL, NULL, 'NC Seregno', 0, 0, 0, 2, '?', 17, 162, 2, '2016-10-26 14:53:43', '2016-10-26 14:53:43', 1, '2017-02-26', 'seregnomaster', '2017', 0, 0, 2, 3, 1, 1, 12, 1, NULL, 0);
INSERT INTO `meeting_sessions` (`id`, `session_order`, `scheduled_date`, `warm_up_time`, `begin_time`, `notes`, `meeting_id`, `swimming_pool_id`, `user_id`, `created_at`, `updated_at`, `description`, `is_autofilled`, `day_part_type_id`)
  VALUES (1769, 1, '2017-02-26', '2000-01-01 00:00:00', '2000-01-01 00:00:00', '', 16288, 105, 2, '2016-10-26 14:53:43', '2016-10-26 14:53:43', 'FINALI', 1, 1);
INSERT INTO `meeting_events` (`id`, `created_at`, `updated_at`, `event_order`, `begin_time`, `is_out_of_race`, `is_autofilled`, `notes`, `meeting_session_id`, `event_type_id`, `heat_type_id`, `user_id`, `has_separate_gender_start_list`, `has_separate_category_start_list`)
  VALUES (9237, '2016-10-26 14:53:43', '2016-10-26 14:53:43', 1, '2000-01-01 08:02:00', 0, 1, NULL, 1769, 16, 3, 1, 1, 0);
INSERT INTO `meeting_events` (`id`, `created_at`, `updated_at`, `event_order`, `begin_time`, `is_out_of_race`, `is_autofilled`, `notes`, `meeting_session_id`, `event_type_id`, `heat_type_id`, `user_id`, `has_separate_gender_start_list`, `has_separate_category_start_list`)
  VALUES (9238, '2016-10-26 14:53:43', '2016-10-26 14:53:43', 2, '2000-01-01 08:42:00', 0, 1, NULL, 1769, 20, 3, 1, 1, 0);
INSERT INTO `meeting_events` (`id`, `created_at`, `updated_at`, `event_order`, `begin_time`, `is_out_of_race`, `is_autofilled`, `notes`, `meeting_session_id`, `event_type_id`, `heat_type_id`, `user_id`, `has_separate_gender_start_list`, `has_separate_category_start_list`)
  VALUES (9239, '2016-10-26 14:53:43', '2016-10-26 14:53:43', 3, '2000-01-01 09:32:00', 0, 1, NULL, 1769, 3, 3, 1, 1, 0);
INSERT INTO `meeting_events` (`id`, `created_at`, `updated_at`, `event_order`, `begin_time`, `is_out_of_race`, `is_autofilled`, `notes`, `meeting_session_id`, `event_type_id`, `heat_type_id`, `user_id`, `has_separate_gender_start_list`, `has_separate_category_start_list`)
  VALUES (9240, '2016-10-26 14:53:43', '2016-10-26 14:53:43', 4, '2000-01-01 10:20:00', 0, 1, NULL, 1769, 17, 3, 1, 1, 0);
INSERT INTO `meeting_events` (`id`, `created_at`, `updated_at`, `event_order`, `begin_time`, `is_out_of_race`, `is_autofilled`, `notes`, `meeting_session_id`, `event_type_id`, `heat_type_id`, `user_id`, `has_separate_gender_start_list`, `has_separate_category_start_list`)
  VALUES (9241, '2016-10-26 14:53:43', '2016-10-26 14:53:43', 5, '2000-01-01 11:00:00', 0, 1, NULL, 1769, 23, 3, 1, 1, 0);
INSERT INTO `meeting_events` (`id`, `created_at`, `updated_at`, `event_order`, `begin_time`, `is_out_of_race`, `is_autofilled`, `notes`, `meeting_session_id`, `event_type_id`, `heat_type_id`, `user_id`, `has_separate_gender_start_list`, `has_separate_category_start_list`)
  VALUES (9242, '2016-10-26 14:53:43', '2016-10-26 14:53:43', 6, '2000-01-01 11:34:00', 0, 1, NULL, 1769, 4, 3, 1, 1, 0);
INSERT INTO `meeting_events` (`id`, `created_at`, `updated_at`, `event_order`, `begin_time`, `is_out_of_race`, `is_autofilled`, `notes`, `meeting_session_id`, `event_type_id`, `heat_type_id`, `user_id`, `has_separate_gender_start_list`, `has_separate_category_start_list`)
  VALUES (9243, '2016-10-26 14:53:43', '2016-10-26 14:53:43', 7, '2000-01-01 12:18:00', 0, 1, NULL, 1769, 11, 3, 1, 1, 0);
INSERT INTO `meeting_events` (`id`, `created_at`, `updated_at`, `event_order`, `begin_time`, `is_out_of_race`, `is_autofilled`, `notes`, `meeting_session_id`, `event_type_id`, `heat_type_id`, `user_id`, `has_separate_gender_start_list`, `has_separate_category_start_list`)
  VALUES (9244, '2016-10-26 14:53:43', '2016-10-26 14:53:43', 8, '2000-01-01 13:02:00', 0, 1, NULL, 1769, 19, 3, 1, 1, 0);
INSERT INTO `meeting_events` (`id`, `created_at`, `updated_at`, `event_order`, `begin_time`, `is_out_of_race`, `is_autofilled`, `notes`, `meeting_session_id`, `event_type_id`, `heat_type_id`, `user_id`, `has_separate_gender_start_list`, `has_separate_category_start_list`)
  VALUES (9245, '2016-10-26 14:53:43', '2016-10-26 14:53:43', 9, '2000-01-01 13:46:00', 0, 1, NULL, 1769, 2, 3, 1, 1, 0);
INSERT INTO `meeting_sessions` (`id`, `session_order`, `scheduled_date`, `warm_up_time`, `begin_time`, `notes`, `meeting_id`, `swimming_pool_id`, `user_id`, `created_at`, `updated_at`, `description`, `is_autofilled`, `day_part_type_id`)
  VALUES (1770, 2, '2017-02-26', '2000-01-01 00:00:00', '2000-01-01 00:00:00', '', 16288, 105, 2, '2016-10-26 14:53:43', '2016-10-26 14:53:43', 'FINALI', 1, 2);

-- 15289-lignanosabbiadoromarco MEMORIAL MARCO 2015-12-13
INSERT INTO `meetings` (`id`, `description`, `entry_deadline`, `has_warm_up_pool`, `is_under_25_admitted`, `reference_phone`, `reference_e_mail`, `reference_name`, `notes`, `has_invitation`, `has_start_list`, `are_results_acquired`, `max_individual_events`, `configuration_file`, `edition`, `season_id`, `user_id`, `created_at`, `updated_at`, `is_autofilled`, `header_date`, `code`, `header_year`, `max_individual_events_per_session`, `is_out_of_season`, `edition_type_id`, `timing_type_id`, `individual_score_computation_type_id`, `relay_score_computation_type_id`, `team_score_computation_type_id`, `meeting_score_computation_type_id`, `invitation`, `is_confirmed`)
  VALUES (16289, 'MEMORIAL MARCO', NULL, 0, 1, NULL, NULL, NULL, NULL, 0, 0, 0, 2, '?', 17, 162, 2, '2016-10-26 14:53:43', '2016-10-26 14:53:43', 1, '2016-12-11', 'lignanosabbiadoromarco', '2017', 0, 0, 2, 3, 1, 1, 12, 1, NULL, 0);
INSERT INTO `meeting_sessions` (`id`, `session_order`, `scheduled_date`, `warm_up_time`, `begin_time`, `notes`, `meeting_id`, `swimming_pool_id`, `user_id`, `created_at`, `updated_at`, `description`, `is_autofilled`, `day_part_type_id`)
  VALUES (1771, 1, '2016-12-11', '2000-01-01 00:00:00', '2000-01-01 00:00:00', '', 16289, 13, 2, '2016-10-26 14:53:43', '2016-10-26 14:53:43', 'FINALI', 1, 1);
INSERT INTO `meeting_events` (`id`, `created_at`, `updated_at`, `event_order`, `begin_time`, `is_out_of_race`, `is_autofilled`, `notes`, `meeting_session_id`, `event_type_id`, `heat_type_id`, `user_id`, `has_separate_gender_start_list`, `has_separate_category_start_list`)
  VALUES (9246, '2016-10-26 14:53:43', '2016-10-26 14:53:43', 1, '2000-01-01 08:04:00', 0, 1, NULL, 1771, 16, 3, 1, 1, 0);
INSERT INTO `meeting_events` (`id`, `created_at`, `updated_at`, `event_order`, `begin_time`, `is_out_of_race`, `is_autofilled`, `notes`, `meeting_session_id`, `event_type_id`, `heat_type_id`, `user_id`, `has_separate_gender_start_list`, `has_separate_category_start_list`)
  VALUES (9247, '2016-10-26 14:53:43', '2016-10-26 14:53:43', 2, '2000-01-01 08:42:00', 0, 1, NULL, 1771, 3, 3, 1, 1, 0);
INSERT INTO `meeting_events` (`id`, `created_at`, `updated_at`, `event_order`, `begin_time`, `is_out_of_race`, `is_autofilled`, `notes`, `meeting_session_id`, `event_type_id`, `heat_type_id`, `user_id`, `has_separate_gender_start_list`, `has_separate_category_start_list`)
  VALUES (9248, '2016-10-26 14:53:43', '2016-10-26 14:53:43', 3, '2000-01-01 09:26:00', 0, 1, NULL, 1771, 23, 3, 1, 1, 0);
INSERT INTO `meeting_events` (`id`, `created_at`, `updated_at`, `event_order`, `begin_time`, `is_out_of_race`, `is_autofilled`, `notes`, `meeting_session_id`, `event_type_id`, `heat_type_id`, `user_id`, `has_separate_gender_start_list`, `has_separate_category_start_list`)
  VALUES (9249, '2016-10-26 14:53:43', '2016-10-26 14:53:43', 4, '2000-01-01 10:00:00', 0, 1, NULL, 1771, 21, 3, 1, 1, 0);
INSERT INTO `meeting_events` (`id`, `created_at`, `updated_at`, `event_order`, `begin_time`, `is_out_of_race`, `is_autofilled`, `notes`, `meeting_session_id`, `event_type_id`, `heat_type_id`, `user_id`, `has_separate_gender_start_list`, `has_separate_category_start_list`)
  VALUES (9250, '2016-10-26 14:53:43', '2016-10-26 14:53:43', 5, '2000-01-01 10:38:00', 0, 1, NULL, 1771, 5, 3, 1, 1, 0);
INSERT INTO `meeting_events` (`id`, `created_at`, `updated_at`, `event_order`, `begin_time`, `is_out_of_race`, `is_autofilled`, `notes`, `meeting_session_id`, `event_type_id`, `heat_type_id`, `user_id`, `has_separate_gender_start_list`, `has_separate_category_start_list`)
  VALUES (9251, '2016-10-26 14:53:43', '2016-10-26 14:53:43', 6, '2000-01-01 11:14:00', 0, 1, NULL, 1771, 11, 3, 1, 1, 0);
INSERT INTO `meeting_events` (`id`, `created_at`, `updated_at`, `event_order`, `begin_time`, `is_out_of_race`, `is_autofilled`, `notes`, `meeting_session_id`, `event_type_id`, `heat_type_id`, `user_id`, `has_separate_gender_start_list`, `has_separate_category_start_list`)
  VALUES (9252, '2016-10-26 14:53:43', '2016-10-26 14:53:43', 7, '2000-01-01 11:52:00', 0, 1, NULL, 1771, 19, 3, 1, 1, 0);
INSERT INTO `meeting_sessions` (`id`, `session_order`, `scheduled_date`, `warm_up_time`, `begin_time`, `notes`, `meeting_id`, `swimming_pool_id`, `user_id`, `created_at`, `updated_at`, `description`, `is_autofilled`, `day_part_type_id`)
  VALUES (1772, 2, '2016-12-11', '2000-01-01 00:00:00', '2000-01-01 00:00:00', '', 16289, 13, 2, '2016-10-26 14:53:43', '2016-10-26 14:53:43', 'FINALI', 1, 2);

-- 15290-livornonuotopiuswimfestival NUOTOPI SWIM FESTIVAL 2016-04-03
INSERT INTO `meetings` (`id`, `description`, `entry_deadline`, `has_warm_up_pool`, `is_under_25_admitted`, `reference_phone`, `reference_e_mail`, `reference_name`, `notes`, `has_invitation`, `has_start_list`, `are_results_acquired`, `max_individual_events`, `configuration_file`, `edition`, `season_id`, `user_id`, `created_at`, `updated_at`, `is_autofilled`, `header_date`, `code`, `header_year`, `max_individual_events_per_session`, `is_out_of_season`, `edition_type_id`, `timing_type_id`, `individual_score_computation_type_id`, `relay_score_computation_type_id`, `team_score_computation_type_id`, `meeting_score_computation_type_id`, `invitation`, `is_confirmed`)
  VALUES (16290, 'NUOTOPI SWIM FESTIVAL', NULL, 0, 1, NULL, NULL, NULL, NULL, 0, 0, 0, 2, '?', 17, 162, 2, '2016-10-26 14:53:43', '2016-10-26 14:53:43', 1, '2017-04-02', 'livornonuotopiuswimfestival', '2017', 0, 0, 2, 3, 1, 1, 12, 1, NULL, 0);
INSERT INTO `meeting_sessions` (`id`, `session_order`, `scheduled_date`, `warm_up_time`, `begin_time`, `notes`, `meeting_id`, `swimming_pool_id`, `user_id`, `created_at`, `updated_at`, `description`, `is_autofilled`, `day_part_type_id`)
  VALUES (1773, 1, '2017-04-02', '2000-01-01 00:00:00', '2000-01-01 00:00:00', '', 16290, 170, 2, '2016-10-26 14:53:43', '2016-10-26 14:53:43', 'FINALI', 1, 1);
INSERT INTO `meeting_sessions` (`id`, `session_order`, `scheduled_date`, `warm_up_time`, `begin_time`, `notes`, `meeting_id`, `swimming_pool_id`, `user_id`, `created_at`, `updated_at`, `description`, `is_autofilled`, `day_part_type_id`)
  VALUES (1774, 2, '2017-04-02', '2000-01-01 00:00:00', '2000-01-01 00:00:00', '', 16290, 170, 2, '2016-10-26 14:53:43', '2016-10-26 14:53:43', 'FINALI', 1, 2);

-- 15291-laquilaimmotamanet TROFEO IMMOTA MANET 2016-03-06
INSERT INTO `meetings` (`id`, `description`, `entry_deadline`, `has_warm_up_pool`, `is_under_25_admitted`, `reference_phone`, `reference_e_mail`, `reference_name`, `notes`, `has_invitation`, `has_start_list`, `are_results_acquired`, `max_individual_events`, `configuration_file`, `edition`, `season_id`, `user_id`, `created_at`, `updated_at`, `is_autofilled`, `header_date`, `code`, `header_year`, `max_individual_events_per_session`, `is_out_of_season`, `edition_type_id`, `timing_type_id`, `individual_score_computation_type_id`, `relay_score_computation_type_id`, `team_score_computation_type_id`, `meeting_score_computation_type_id`, `invitation`, `is_confirmed`)
  VALUES (16291, 'TROFEO IMMOTA MANET', NULL, 0, 1, NULL, NULL, NULL, 'Club l`Aquila Nuoto', 0, 0, 0, 2, '?', 17, 162, 2, '2016-10-26 14:53:43', '2016-10-26 14:53:43', 1, '2017-03-05', 'laquilaimmotamanet', '2017', 0, 0, 2, 3, 1, 1, 12, 1, NULL, 0);
INSERT INTO `meeting_sessions` (`id`, `session_order`, `scheduled_date`, `warm_up_time`, `begin_time`, `notes`, `meeting_id`, `swimming_pool_id`, `user_id`, `created_at`, `updated_at`, `description`, `is_autofilled`, `day_part_type_id`)
  VALUES (1775, 1, '2017-03-05', '2000-01-01 00:00:00', '2000-01-01 00:00:00', '', 16291, 66, 2, '2016-10-26 14:53:43', '2016-10-26 14:53:43', 'FINALI', 1, 1);
INSERT INTO `meeting_events` (`id`, `created_at`, `updated_at`, `event_order`, `begin_time`, `is_out_of_race`, `is_autofilled`, `notes`, `meeting_session_id`, `event_type_id`, `heat_type_id`, `user_id`, `has_separate_gender_start_list`, `has_separate_category_start_list`)
  VALUES (9253, '2016-10-26 14:53:43', '2016-10-26 14:53:43', 1, '2000-01-01 08:02:00', 0, 1, NULL, 1775, 22, 3, 1, 1, 0);
INSERT INTO `meeting_events` (`id`, `created_at`, `updated_at`, `event_order`, `begin_time`, `is_out_of_race`, `is_autofilled`, `notes`, `meeting_session_id`, `event_type_id`, `heat_type_id`, `user_id`, `has_separate_gender_start_list`, `has_separate_category_start_list`)
  VALUES (9254, '2016-10-26 14:53:43', '2016-10-26 14:53:43', 2, '2000-01-01 08:40:00', 0, 1, NULL, 1775, 3, 3, 1, 1, 0);
INSERT INTO `meeting_events` (`id`, `created_at`, `updated_at`, `event_order`, `begin_time`, `is_out_of_race`, `is_autofilled`, `notes`, `meeting_session_id`, `event_type_id`, `heat_type_id`, `user_id`, `has_separate_gender_start_list`, `has_separate_category_start_list`)
  VALUES (9255, '2016-10-26 14:53:43', '2016-10-26 14:53:43', 3, '2000-01-01 09:12:00', 0, 1, NULL, 1775, 23, 3, 1, 1, 0);
INSERT INTO `meeting_events` (`id`, `created_at`, `updated_at`, `event_order`, `begin_time`, `is_out_of_race`, `is_autofilled`, `notes`, `meeting_session_id`, `event_type_id`, `heat_type_id`, `user_id`, `has_separate_gender_start_list`, `has_separate_category_start_list`)
  VALUES (9256, '2016-10-26 14:53:43', '2016-10-26 14:53:43', 4, '2000-01-01 09:46:00', 0, 1, NULL, 1775, 4, 3, 1, 1, 0);
INSERT INTO `meeting_events` (`id`, `created_at`, `updated_at`, `event_order`, `begin_time`, `is_out_of_race`, `is_autofilled`, `notes`, `meeting_session_id`, `event_type_id`, `heat_type_id`, `user_id`, `has_separate_gender_start_list`, `has_separate_category_start_list`)
  VALUES (9257, '2016-10-26 14:53:43', '2016-10-26 14:53:43', 5, '2000-01-01 10:24:00', 0, 1, NULL, 1775, 15, 3, 1, 1, 0);
INSERT INTO `meeting_events` (`id`, `created_at`, `updated_at`, `event_order`, `begin_time`, `is_out_of_race`, `is_autofilled`, `notes`, `meeting_session_id`, `event_type_id`, `heat_type_id`, `user_id`, `has_separate_gender_start_list`, `has_separate_category_start_list`)
  VALUES (9258, '2016-10-26 14:53:43', '2016-10-26 14:53:43', 6, '2000-01-01 10:56:00', 0, 1, NULL, 1775, 11, 3, 1, 1, 0);
INSERT INTO `meeting_events` (`id`, `created_at`, `updated_at`, `event_order`, `begin_time`, `is_out_of_race`, `is_autofilled`, `notes`, `meeting_session_id`, `event_type_id`, `heat_type_id`, `user_id`, `has_separate_gender_start_list`, `has_separate_category_start_list`)
  VALUES (9259, '2016-10-26 14:53:43', '2016-10-26 14:53:43', 7, '2000-01-01 11:34:00', 0, 1, NULL, 1775, 19, 3, 1, 1, 0);
INSERT INTO `meeting_events` (`id`, `created_at`, `updated_at`, `event_order`, `begin_time`, `is_out_of_race`, `is_autofilled`, `notes`, `meeting_session_id`, `event_type_id`, `heat_type_id`, `user_id`, `has_separate_gender_start_list`, `has_separate_category_start_list`)
  VALUES (9260, '2016-10-26 14:53:43', '2016-10-26 14:53:43', 8, '2000-01-01 12:16:00', 0, 1, NULL, 1775, 2, 3, 1, 1, 0);
INSERT INTO `meeting_events` (`id`, `created_at`, `updated_at`, `event_order`, `begin_time`, `is_out_of_race`, `is_autofilled`, `notes`, `meeting_session_id`, `event_type_id`, `heat_type_id`, `user_id`, `has_separate_gender_start_list`, `has_separate_category_start_list`)
  VALUES (9261, '2016-10-26 14:53:43', '2016-10-26 14:53:43', 9, '2000-01-01 13:00:30', 0, 1, NULL, 1775, 32, 3, 1, 1, 0);

-- 15292-molfettaframaros MEETING FRAMAROS 2016-03-06
INSERT INTO `meetings` (`id`, `description`, `entry_deadline`, `has_warm_up_pool`, `is_under_25_admitted`, `reference_phone`, `reference_e_mail`, `reference_name`, `notes`, `has_invitation`, `has_start_list`, `are_results_acquired`, `max_individual_events`, `configuration_file`, `edition`, `season_id`, `user_id`, `created_at`, `updated_at`, `is_autofilled`, `header_date`, `code`, `header_year`, `max_individual_events_per_session`, `is_out_of_season`, `edition_type_id`, `timing_type_id`, `individual_score_computation_type_id`, `relay_score_computation_type_id`, `team_score_computation_type_id`, `meeting_score_computation_type_id`, `invitation`, `is_confirmed`)
  VALUES (16292, 'MEETING FRAMAROS', NULL, 0, 1, NULL, NULL, NULL, 'FramarosSport SSD a r.l.', 0, 0, 0, 2, '?', 17, 162, 2, '2016-10-26 14:53:43', '2016-10-26 14:53:43', 1, '2017-03-05', 'molfettaframaros', '2017', 0, 0, 2, 3, 1, 1, 12, 1, NULL, 0);
INSERT INTO `meeting_sessions` (`id`, `session_order`, `scheduled_date`, `warm_up_time`, `begin_time`, `notes`, `meeting_id`, `swimming_pool_id`, `user_id`, `created_at`, `updated_at`, `description`, `is_autofilled`, `day_part_type_id`)
  VALUES (1776, 1, '2017-03-05', '2000-01-01 00:00:00', '2000-01-01 00:00:00', '', 16292, 171, 2, '2016-10-26 14:53:43', '2016-10-26 14:53:43', 'FINALI', 1, 1);
INSERT INTO `meeting_events` (`id`, `created_at`, `updated_at`, `event_order`, `begin_time`, `is_out_of_race`, `is_autofilled`, `notes`, `meeting_session_id`, `event_type_id`, `heat_type_id`, `user_id`, `has_separate_gender_start_list`, `has_separate_category_start_list`)
  VALUES (9262, '2016-10-26 14:53:43', '2016-10-26 14:53:43', 1, '2000-01-01 08:02:00', 0, 1, NULL, 1776, 16, 3, 1, 1, 0);
INSERT INTO `meeting_events` (`id`, `created_at`, `updated_at`, `event_order`, `begin_time`, `is_out_of_race`, `is_autofilled`, `notes`, `meeting_session_id`, `event_type_id`, `heat_type_id`, `user_id`, `has_separate_gender_start_list`, `has_separate_category_start_list`)
  VALUES (9263, '2016-10-26 14:53:43', '2016-10-26 14:53:43', 2, '2000-01-01 08:24:00', 0, 1, NULL, 1776, 12, 3, 1, 1, 0);
INSERT INTO `meeting_events` (`id`, `created_at`, `updated_at`, `event_order`, `begin_time`, `is_out_of_race`, `is_autofilled`, `notes`, `meeting_session_id`, `event_type_id`, `heat_type_id`, `user_id`, `has_separate_gender_start_list`, `has_separate_category_start_list`)
  VALUES (9264, '2016-10-26 14:53:43', '2016-10-26 14:53:43', 3, '2000-01-01 08:42:00', 0, 1, NULL, 1776, 22, 3, 1, 1, 0);
INSERT INTO `meeting_events` (`id`, `created_at`, `updated_at`, `event_order`, `begin_time`, `is_out_of_race`, `is_autofilled`, `notes`, `meeting_session_id`, `event_type_id`, `heat_type_id`, `user_id`, `has_separate_gender_start_list`, `has_separate_category_start_list`)
  VALUES (9265, '2016-10-26 14:53:43', '2016-10-26 14:53:43', 4, '2000-01-01 09:14:00', 0, 1, NULL, 1776, 20, 3, 1, 1, 0);
INSERT INTO `meeting_events` (`id`, `created_at`, `updated_at`, `event_order`, `begin_time`, `is_out_of_race`, `is_autofilled`, `notes`, `meeting_session_id`, `event_type_id`, `heat_type_id`, `user_id`, `has_separate_gender_start_list`, `has_separate_category_start_list`)
  VALUES (9266, '2016-10-26 14:53:43', '2016-10-26 14:53:43', 5, '2000-01-01 09:38:00', 0, 1, NULL, 1776, 3, 3, 1, 1, 0);
INSERT INTO `meeting_events` (`id`, `created_at`, `updated_at`, `event_order`, `begin_time`, `is_out_of_race`, `is_autofilled`, `notes`, `meeting_session_id`, `event_type_id`, `heat_type_id`, `user_id`, `has_separate_gender_start_list`, `has_separate_category_start_list`)
  VALUES (9267, '2016-10-26 14:53:43', '2016-10-26 14:53:43', 6, '2000-01-01 10:06:00', 0, 1, NULL, 1776, 17, 3, 1, 1, 0);
INSERT INTO `meeting_events` (`id`, `created_at`, `updated_at`, `event_order`, `begin_time`, `is_out_of_race`, `is_autofilled`, `notes`, `meeting_session_id`, `event_type_id`, `heat_type_id`, `user_id`, `has_separate_gender_start_list`, `has_separate_category_start_list`)
  VALUES (9268, '2016-10-26 14:53:43', '2016-10-26 14:53:43', 7, '2000-01-01 10:32:00', 0, 1, NULL, 1776, 13, 3, 1, 1, 0);
INSERT INTO `meeting_events` (`id`, `created_at`, `updated_at`, `event_order`, `begin_time`, `is_out_of_race`, `is_autofilled`, `notes`, `meeting_session_id`, `event_type_id`, `heat_type_id`, `user_id`, `has_separate_gender_start_list`, `has_separate_category_start_list`)
  VALUES (9269, '2016-10-26 14:53:43', '2016-10-26 14:53:43', 8, '2000-01-01 10:54:00', 0, 1, NULL, 1776, 23, 3, 1, 1, 0);
INSERT INTO `meeting_events` (`id`, `created_at`, `updated_at`, `event_order`, `begin_time`, `is_out_of_race`, `is_autofilled`, `notes`, `meeting_session_id`, `event_type_id`, `heat_type_id`, `user_id`, `has_separate_gender_start_list`, `has_separate_category_start_list`)
  VALUES (9270, '2016-10-26 14:53:43', '2016-10-26 14:53:43', 9, '2000-01-01 11:12:00', 0, 1, NULL, 1776, 4, 3, 1, 1, 0);
INSERT INTO `meeting_events` (`id`, `created_at`, `updated_at`, `event_order`, `begin_time`, `is_out_of_race`, `is_autofilled`, `notes`, `meeting_session_id`, `event_type_id`, `heat_type_id`, `user_id`, `has_separate_gender_start_list`, `has_separate_category_start_list`)
  VALUES (9271, '2016-10-26 14:53:43', '2016-10-26 14:53:43', 10, '2000-01-01 11:46:00', 0, 1, NULL, 1776, 15, 3, 1, 1, 0);
INSERT INTO `meeting_events` (`id`, `created_at`, `updated_at`, `event_order`, `begin_time`, `is_out_of_race`, `is_autofilled`, `notes`, `meeting_session_id`, `event_type_id`, `heat_type_id`, `user_id`, `has_separate_gender_start_list`, `has_separate_category_start_list`)
  VALUES (9272, '2016-10-26 14:53:43', '2016-10-26 14:53:43', 11, '2000-01-01 12:16:00', 0, 1, NULL, 1776, 11, 3, 1, 1, 0);
INSERT INTO `meeting_events` (`id`, `created_at`, `updated_at`, `event_order`, `begin_time`, `is_out_of_race`, `is_autofilled`, `notes`, `meeting_session_id`, `event_type_id`, `heat_type_id`, `user_id`, `has_separate_gender_start_list`, `has_separate_category_start_list`)
  VALUES (9273, '2016-10-26 14:53:43', '2016-10-26 14:53:43', 12, '2000-01-01 12:32:00', 0, 1, NULL, 1776, 19, 3, 1, 1, 0);
INSERT INTO `meeting_events` (`id`, `created_at`, `updated_at`, `event_order`, `begin_time`, `is_out_of_race`, `is_autofilled`, `notes`, `meeting_session_id`, `event_type_id`, `heat_type_id`, `user_id`, `has_separate_gender_start_list`, `has_separate_category_start_list`)
  VALUES (9274, '2016-10-26 14:53:43', '2016-10-26 14:53:43', 13, '2000-01-01 12:50:00', 0, 1, NULL, 1776, 2, 3, 1, 1, 0);
INSERT INTO `meeting_sessions` (`id`, `session_order`, `scheduled_date`, `warm_up_time`, `begin_time`, `notes`, `meeting_id`, `swimming_pool_id`, `user_id`, `created_at`, `updated_at`, `description`, `is_autofilled`, `day_part_type_id`)
  VALUES (1777, 2, '2017-03-05', '2000-01-01 00:00:00', '2000-01-01 00:00:00', '', 16292, 171, 2, '2016-10-26 14:53:43', '2016-10-26 14:53:43', 'FINALI', 1, 2);

-- 15293-nibionnolarioebrianza TROFEO LARIO E BRIANZA 2016-03-13
INSERT INTO `meetings` (`id`, `description`, `entry_deadline`, `has_warm_up_pool`, `is_under_25_admitted`, `reference_phone`, `reference_e_mail`, `reference_name`, `notes`, `has_invitation`, `has_start_list`, `are_results_acquired`, `max_individual_events`, `configuration_file`, `edition`, `season_id`, `user_id`, `created_at`, `updated_at`, `is_autofilled`, `header_date`, `code`, `header_year`, `max_individual_events_per_session`, `is_out_of_season`, `edition_type_id`, `timing_type_id`, `individual_score_computation_type_id`, `relay_score_computation_type_id`, `team_score_computation_type_id`, `meeting_score_computation_type_id`, `invitation`, `is_confirmed`)
  VALUES (16293, 'TROFEO LARIO E BRIANZA', NULL, 0, 1, NULL, NULL, NULL, 'LIB Merate', 0, 0, 0, 2, '?', 17, 162, 2, '2016-10-26 14:53:43', '2016-10-26 14:53:43', 1, '2017-03-12', 'nibionnolarioebrianza', '2017', 0, 0, 2, 3, 1, 1, 12, 1, NULL, 0);
INSERT INTO `meeting_sessions` (`id`, `session_order`, `scheduled_date`, `warm_up_time`, `begin_time`, `notes`, `meeting_id`, `swimming_pool_id`, `user_id`, `created_at`, `updated_at`, `description`, `is_autofilled`, `day_part_type_id`)
  VALUES (1778, 1, '2017-03-12', '2000-01-01 00:00:00', '2000-01-01 00:00:00', '', 16293, 116, 2, '2016-10-26 14:53:43', '2016-10-26 14:53:43', 'FINALI', 1, 1);
INSERT INTO `meeting_events` (`id`, `created_at`, `updated_at`, `event_order`, `begin_time`, `is_out_of_race`, `is_autofilled`, `notes`, `meeting_session_id`, `event_type_id`, `heat_type_id`, `user_id`, `has_separate_gender_start_list`, `has_separate_category_start_list`)
  VALUES (9275, '2016-10-26 14:53:43', '2016-10-26 14:53:43', 1, '2000-01-01 08:02:00', 0, 1, NULL, 1778, 20, 3, 1, 1, 0);
INSERT INTO `meeting_events` (`id`, `created_at`, `updated_at`, `event_order`, `begin_time`, `is_out_of_race`, `is_autofilled`, `notes`, `meeting_session_id`, `event_type_id`, `heat_type_id`, `user_id`, `has_separate_gender_start_list`, `has_separate_category_start_list`)
  VALUES (9276, '2016-10-26 14:53:43', '2016-10-26 14:53:43', 2, '2000-01-01 08:42:00', 0, 1, NULL, 1778, 3, 3, 1, 1, 0);
INSERT INTO `meeting_events` (`id`, `created_at`, `updated_at`, `event_order`, `begin_time`, `is_out_of_race`, `is_autofilled`, `notes`, `meeting_session_id`, `event_type_id`, `heat_type_id`, `user_id`, `has_separate_gender_start_list`, `has_separate_category_start_list`)
  VALUES (9277, '2016-10-26 14:53:43', '2016-10-26 14:53:43', 3, '2000-01-01 09:24:00', 0, 1, NULL, 1778, 13, 3, 1, 1, 0);
INSERT INTO `meeting_events` (`id`, `created_at`, `updated_at`, `event_order`, `begin_time`, `is_out_of_race`, `is_autofilled`, `notes`, `meeting_session_id`, `event_type_id`, `heat_type_id`, `user_id`, `has_separate_gender_start_list`, `has_separate_category_start_list`)
  VALUES (9278, '2016-10-26 14:53:43', '2016-10-26 14:53:43', 4, '2000-01-01 10:00:00', 0, 1, NULL, 1778, 5, 3, 1, 1, 0);
INSERT INTO `meeting_events` (`id`, `created_at`, `updated_at`, `event_order`, `begin_time`, `is_out_of_race`, `is_autofilled`, `notes`, `meeting_session_id`, `event_type_id`, `heat_type_id`, `user_id`, `has_separate_gender_start_list`, `has_separate_category_start_list`)
  VALUES (9279, '2016-10-26 14:53:43', '2016-10-26 14:53:43', 5, '2000-01-01 10:42:00', 0, 1, NULL, 1778, 15, 3, 1, 1, 0);
INSERT INTO `meeting_events` (`id`, `created_at`, `updated_at`, `event_order`, `begin_time`, `is_out_of_race`, `is_autofilled`, `notes`, `meeting_session_id`, `event_type_id`, `heat_type_id`, `user_id`, `has_separate_gender_start_list`, `has_separate_category_start_list`)
  VALUES (9280, '2016-10-26 14:53:43', '2016-10-26 14:53:43', 6, '2000-01-01 11:26:00', 0, 1, NULL, 1778, 19, 3, 1, 1, 0);
INSERT INTO `meeting_sessions` (`id`, `session_order`, `scheduled_date`, `warm_up_time`, `begin_time`, `notes`, `meeting_id`, `swimming_pool_id`, `user_id`, `created_at`, `updated_at`, `description`, `is_autofilled`, `day_part_type_id`)
  VALUES (1779, 2, '2017-03-12', '2000-01-01 00:00:00', '2000-01-01 00:00:00', '', 16293, 116, 2, '2016-10-26 14:53:44', '2016-10-26 14:53:44', 'FINALI', 1, 2);

-- 15294-trentobuonconsiglionuoto TROFEO BUONCONSIGLIO NUOTO 2016-03-13
INSERT INTO `meetings` (`id`, `description`, `entry_deadline`, `has_warm_up_pool`, `is_under_25_admitted`, `reference_phone`, `reference_e_mail`, `reference_name`, `notes`, `has_invitation`, `has_start_list`, `are_results_acquired`, `max_individual_events`, `configuration_file`, `edition`, `season_id`, `user_id`, `created_at`, `updated_at`, `is_autofilled`, `header_date`, `code`, `header_year`, `max_individual_events_per_session`, `is_out_of_season`, `edition_type_id`, `timing_type_id`, `individual_score_computation_type_id`, `relay_score_computation_type_id`, `team_score_computation_type_id`, `meeting_score_computation_type_id`, `invitation`, `is_confirmed`)
  VALUES (16294, 'TROFEO BUONCONSIGLIO NUOTO', NULL, 0, 1, NULL, NULL, NULL, 'Buonconsiglio Nuoto', 0, 0, 0, 2, '?', 17, 162, 2, '2016-10-26 14:53:44', '2016-10-26 14:53:44', 1, '2017-03-12', 'trentobuonconsiglionuoto', '2017', 0, 0, 2, 3, 1, 1, 12, 1, NULL, 0);
INSERT INTO `meeting_sessions` (`id`, `session_order`, `scheduled_date`, `warm_up_time`, `begin_time`, `notes`, `meeting_id`, `swimming_pool_id`, `user_id`, `created_at`, `updated_at`, `description`, `is_autofilled`, `day_part_type_id`)
  VALUES (1780, 1, '2017-03-12', '2000-01-01 00:00:00', '2000-01-01 00:00:00', '', 16294, 172, 2, '2016-10-26 14:53:44', '2016-10-26 14:53:44', 'FINALI', 1, 1);
INSERT INTO `meeting_events` (`id`, `created_at`, `updated_at`, `event_order`, `begin_time`, `is_out_of_race`, `is_autofilled`, `notes`, `meeting_session_id`, `event_type_id`, `heat_type_id`, `user_id`, `has_separate_gender_start_list`, `has_separate_category_start_list`)
  VALUES (9281, '2016-10-26 14:53:44', '2016-10-26 14:53:44', 1, '2000-01-01 08:02:00', 0, 1, NULL, 1780, 16, 3, 1, 1, 0);
INSERT INTO `meeting_events` (`id`, `created_at`, `updated_at`, `event_order`, `begin_time`, `is_out_of_race`, `is_autofilled`, `notes`, `meeting_session_id`, `event_type_id`, `heat_type_id`, `user_id`, `has_separate_gender_start_list`, `has_separate_category_start_list`)
  VALUES (9282, '2016-10-26 14:53:44', '2016-10-26 14:53:44', 2, '2000-01-01 08:28:00', 0, 1, NULL, 1780, 12, 3, 1, 1, 0);
INSERT INTO `meeting_events` (`id`, `created_at`, `updated_at`, `event_order`, `begin_time`, `is_out_of_race`, `is_autofilled`, `notes`, `meeting_session_id`, `event_type_id`, `heat_type_id`, `user_id`, `has_separate_gender_start_list`, `has_separate_category_start_list`)
  VALUES (9283, '2016-10-26 14:53:44', '2016-10-26 14:53:44', 3, '2000-01-01 08:46:00', 0, 1, NULL, 1780, 22, 3, 1, 1, 0);
INSERT INTO `meeting_events` (`id`, `created_at`, `updated_at`, `event_order`, `begin_time`, `is_out_of_race`, `is_autofilled`, `notes`, `meeting_session_id`, `event_type_id`, `heat_type_id`, `user_id`, `has_separate_gender_start_list`, `has_separate_category_start_list`)
  VALUES (9284, '2016-10-26 14:53:44', '2016-10-26 14:53:44', 4, '2000-01-01 09:20:00', 0, 1, NULL, 1780, 20, 3, 1, 1, 0);
INSERT INTO `meeting_events` (`id`, `created_at`, `updated_at`, `event_order`, `begin_time`, `is_out_of_race`, `is_autofilled`, `notes`, `meeting_session_id`, `event_type_id`, `heat_type_id`, `user_id`, `has_separate_gender_start_list`, `has_separate_category_start_list`)
  VALUES (9285, '2016-10-26 14:53:44', '2016-10-26 14:53:44', 5, '2000-01-01 09:58:00', 0, 1, NULL, 1780, 3, 3, 1, 1, 0);
INSERT INTO `meeting_events` (`id`, `created_at`, `updated_at`, `event_order`, `begin_time`, `is_out_of_race`, `is_autofilled`, `notes`, `meeting_session_id`, `event_type_id`, `heat_type_id`, `user_id`, `has_separate_gender_start_list`, `has_separate_category_start_list`)
  VALUES (9286, '2016-10-26 14:53:44', '2016-10-26 14:53:44', 6, '2000-01-01 10:30:00', 0, 1, NULL, 1780, 17, 3, 1, 1, 0);
INSERT INTO `meeting_events` (`id`, `created_at`, `updated_at`, `event_order`, `begin_time`, `is_out_of_race`, `is_autofilled`, `notes`, `meeting_session_id`, `event_type_id`, `heat_type_id`, `user_id`, `has_separate_gender_start_list`, `has_separate_category_start_list`)
  VALUES (9287, '2016-10-26 14:53:44', '2016-10-26 14:53:44', 7, '2000-01-01 10:42:00', 0, 1, NULL, 1780, 4, 3, 1, 1, 0);
INSERT INTO `meeting_events` (`id`, `created_at`, `updated_at`, `event_order`, `begin_time`, `is_out_of_race`, `is_autofilled`, `notes`, `meeting_session_id`, `event_type_id`, `heat_type_id`, `user_id`, `has_separate_gender_start_list`, `has_separate_category_start_list`)
  VALUES (9288, '2016-10-26 14:53:44', '2016-10-26 14:53:44', 8, '2000-01-01 11:20:00', 0, 1, NULL, 1780, 15, 3, 1, 1, 0);
INSERT INTO `meeting_events` (`id`, `created_at`, `updated_at`, `event_order`, `begin_time`, `is_out_of_race`, `is_autofilled`, `notes`, `meeting_session_id`, `event_type_id`, `heat_type_id`, `user_id`, `has_separate_gender_start_list`, `has_separate_category_start_list`)
  VALUES (9289, '2016-10-26 14:53:44', '2016-10-26 14:53:44', 9, '2000-01-01 11:50:00', 0, 1, NULL, 1780, 11, 3, 1, 1, 0);
INSERT INTO `meeting_events` (`id`, `created_at`, `updated_at`, `event_order`, `begin_time`, `is_out_of_race`, `is_autofilled`, `notes`, `meeting_session_id`, `event_type_id`, `heat_type_id`, `user_id`, `has_separate_gender_start_list`, `has_separate_category_start_list`)
  VALUES (9290, '2016-10-26 14:53:44', '2016-10-26 14:53:44', 10, '2000-01-01 12:14:00', 0, 1, NULL, 1780, 19, 3, 1, 1, 0);
INSERT INTO `meeting_events` (`id`, `created_at`, `updated_at`, `event_order`, `begin_time`, `is_out_of_race`, `is_autofilled`, `notes`, `meeting_session_id`, `event_type_id`, `heat_type_id`, `user_id`, `has_separate_gender_start_list`, `has_separate_category_start_list`)
  VALUES (9291, '2016-10-26 14:53:44', '2016-10-26 14:53:44', 11, '2000-01-01 12:56:00', 0, 1, NULL, 1780, 2, 3, 1, 1, 0);
INSERT INTO `meeting_events` (`id`, `created_at`, `updated_at`, `event_order`, `begin_time`, `is_out_of_race`, `is_autofilled`, `notes`, `meeting_session_id`, `event_type_id`, `heat_type_id`, `user_id`, `has_separate_gender_start_list`, `has_separate_category_start_list`)
  VALUES (9292, '2016-10-26 14:53:44', '2016-10-26 14:53:44', 12, '2000-01-01 13:34:30', 0, 1, NULL, 1780, 32, 3, 1, 1, 0);
INSERT INTO `meeting_sessions` (`id`, `session_order`, `scheduled_date`, `warm_up_time`, `begin_time`, `notes`, `meeting_id`, `swimming_pool_id`, `user_id`, `created_at`, `updated_at`, `description`, `is_autofilled`, `day_part_type_id`)
  VALUES (1781, 2, '2017-03-12', '2000-01-01 00:00:00', '2000-01-01 00:00:00', '', 16294, 172, 2, '2016-10-26 14:53:44', '2016-10-26 14:53:44', 'FINALI', 1, 2);

-- 15295-battipagliatorneomasterbalnaea TORNEO MASTER BALNAEA 2016-03-13
INSERT INTO `meetings` (`id`, `description`, `entry_deadline`, `has_warm_up_pool`, `is_under_25_admitted`, `reference_phone`, `reference_e_mail`, `reference_name`, `notes`, `has_invitation`, `has_start_list`, `are_results_acquired`, `max_individual_events`, `configuration_file`, `edition`, `season_id`, `user_id`, `created_at`, `updated_at`, `is_autofilled`, `header_date`, `code`, `header_year`, `max_individual_events_per_session`, `is_out_of_season`, `edition_type_id`, `timing_type_id`, `individual_score_computation_type_id`, `relay_score_computation_type_id`, `team_score_computation_type_id`, `meeting_score_computation_type_id`, `invitation`, `is_confirmed`)
  VALUES (16295, 'TORNEO MASTER BALNAEA', NULL, 0, 1, NULL, NULL, NULL, 'Polisportiva Balnaea', 0, 0, 0, 2, '?', 17, 162, 2, '2016-10-26 14:53:44', '2016-10-26 14:53:44', 1, '2017-03-12', 'battipagliatorneomasterbalnaea', '2017', 0, 0, 2, 3, 1, 1, 12, 1, NULL, 0);
INSERT INTO `meeting_sessions` (`id`, `session_order`, `scheduled_date`, `warm_up_time`, `begin_time`, `notes`, `meeting_id`, `swimming_pool_id`, `user_id`, `created_at`, `updated_at`, `description`, `is_autofilled`, `day_part_type_id`)
  VALUES (1782, 1, '2017-03-12', '2000-01-01 00:00:00', '2000-01-01 00:00:00', '', 16295, 114, 2, '2016-10-26 14:53:44', '2016-10-26 14:53:44', 'FINALI', 1, 1);
INSERT INTO `meeting_events` (`id`, `created_at`, `updated_at`, `event_order`, `begin_time`, `is_out_of_race`, `is_autofilled`, `notes`, `meeting_session_id`, `event_type_id`, `heat_type_id`, `user_id`, `has_separate_gender_start_list`, `has_separate_category_start_list`)
  VALUES (9293, '2016-10-26 14:53:44', '2016-10-26 14:53:44', 1, '2000-01-01 08:02:00', 0, 1, NULL, 1782, 16, 3, 1, 1, 0);
INSERT INTO `meeting_events` (`id`, `created_at`, `updated_at`, `event_order`, `begin_time`, `is_out_of_race`, `is_autofilled`, `notes`, `meeting_session_id`, `event_type_id`, `heat_type_id`, `user_id`, `has_separate_gender_start_list`, `has_separate_category_start_list`)
  VALUES (9294, '2016-10-26 14:53:44', '2016-10-26 14:53:44', 2, '2000-01-01 08:36:00', 0, 1, NULL, 1782, 22, 3, 1, 1, 0);
INSERT INTO `meeting_events` (`id`, `created_at`, `updated_at`, `event_order`, `begin_time`, `is_out_of_race`, `is_autofilled`, `notes`, `meeting_session_id`, `event_type_id`, `heat_type_id`, `user_id`, `has_separate_gender_start_list`, `has_separate_category_start_list`)
  VALUES (9295, '2016-10-26 14:53:44', '2016-10-26 14:53:44', 3, '2000-01-01 09:22:00', 0, 1, NULL, 1782, 20, 3, 1, 1, 0);
INSERT INTO `meeting_events` (`id`, `created_at`, `updated_at`, `event_order`, `begin_time`, `is_out_of_race`, `is_autofilled`, `notes`, `meeting_session_id`, `event_type_id`, `heat_type_id`, `user_id`, `has_separate_gender_start_list`, `has_separate_category_start_list`)
  VALUES (9296, '2016-10-26 14:53:44', '2016-10-26 14:53:44', 4, '2000-01-01 10:08:00', 0, 1, NULL, 1782, 3, 3, 1, 1, 0);
INSERT INTO `meeting_events` (`id`, `created_at`, `updated_at`, `event_order`, `begin_time`, `is_out_of_race`, `is_autofilled`, `notes`, `meeting_session_id`, `event_type_id`, `heat_type_id`, `user_id`, `has_separate_gender_start_list`, `has_separate_category_start_list`)
  VALUES (9297, '2016-10-26 14:53:44', '2016-10-26 14:53:44', 5, '2000-01-01 10:54:00', 0, 1, NULL, 1782, 4, 3, 1, 1, 0);
INSERT INTO `meeting_events` (`id`, `created_at`, `updated_at`, `event_order`, `begin_time`, `is_out_of_race`, `is_autofilled`, `notes`, `meeting_session_id`, `event_type_id`, `heat_type_id`, `user_id`, `has_separate_gender_start_list`, `has_separate_category_start_list`)
  VALUES (9298, '2016-10-26 14:53:44', '2016-10-26 14:53:44', 6, '2000-01-01 11:36:00', 0, 1, NULL, 1782, 15, 3, 1, 1, 0);
INSERT INTO `meeting_events` (`id`, `created_at`, `updated_at`, `event_order`, `begin_time`, `is_out_of_race`, `is_autofilled`, `notes`, `meeting_session_id`, `event_type_id`, `heat_type_id`, `user_id`, `has_separate_gender_start_list`, `has_separate_category_start_list`)
  VALUES (9299, '2016-10-26 14:53:44', '2016-10-26 14:53:44', 7, '2000-01-01 12:26:00', 0, 1, NULL, 1782, 11, 3, 1, 1, 0);
INSERT INTO `meeting_events` (`id`, `created_at`, `updated_at`, `event_order`, `begin_time`, `is_out_of_race`, `is_autofilled`, `notes`, `meeting_session_id`, `event_type_id`, `heat_type_id`, `user_id`, `has_separate_gender_start_list`, `has_separate_category_start_list`)
  VALUES (9300, '2016-10-26 14:53:44', '2016-10-26 14:53:44', 8, '2000-01-01 12:58:00', 0, 1, NULL, 1782, 19, 3, 1, 1, 0);
INSERT INTO `meeting_events` (`id`, `created_at`, `updated_at`, `event_order`, `begin_time`, `is_out_of_race`, `is_autofilled`, `notes`, `meeting_session_id`, `event_type_id`, `heat_type_id`, `user_id`, `has_separate_gender_start_list`, `has_separate_category_start_list`)
  VALUES (9301, '2016-10-26 14:53:44', '2016-10-26 14:53:44', 9, '2000-01-01 13:36:00', 0, 1, NULL, 1782, 2, 3, 1, 1, 0);
INSERT INTO `meeting_sessions` (`id`, `session_order`, `scheduled_date`, `warm_up_time`, `begin_time`, `notes`, `meeting_id`, `swimming_pool_id`, `user_id`, `created_at`, `updated_at`, `description`, `is_autofilled`, `day_part_type_id`)
  VALUES (1783, 2, '2017-03-12', '2000-01-01 00:00:00', '2000-01-01 00:00:00', '', 16295, 114, 2, '2016-10-26 14:53:44', '2016-10-26 14:53:44', 'FINALI', 1, 2);

-- 15296-pomezialatinaacquateam TROFEO LATINA ACQUATEAM 2016-03-13
INSERT INTO `meetings` (`id`, `description`, `entry_deadline`, `has_warm_up_pool`, `is_under_25_admitted`, `reference_phone`, `reference_e_mail`, `reference_name`, `notes`, `has_invitation`, `has_start_list`, `are_results_acquired`, `max_individual_events`, `configuration_file`, `edition`, `season_id`, `user_id`, `created_at`, `updated_at`, `is_autofilled`, `header_date`, `code`, `header_year`, `max_individual_events_per_session`, `is_out_of_season`, `edition_type_id`, `timing_type_id`, `individual_score_computation_type_id`, `relay_score_computation_type_id`, `team_score_computation_type_id`, `meeting_score_computation_type_id`, `invitation`, `is_confirmed`)
  VALUES (16296, 'TROFEO LATINA ACQUATEAM', NULL, 0, 1, NULL, NULL, NULL, 'Latina Aquateam', 0, 0, 0, 2, '?', 17, 162, 2, '2016-10-26 14:53:44', '2016-10-26 14:53:44', 1, '2017-03-12', 'pomezialatinaacquateam', '2017', 0, 0, 2, 3, 1, 1, 12, 1, NULL, 0);
INSERT INTO `meeting_sessions` (`id`, `session_order`, `scheduled_date`, `warm_up_time`, `begin_time`, `notes`, `meeting_id`, `swimming_pool_id`, `user_id`, `created_at`, `updated_at`, `description`, `is_autofilled`, `day_part_type_id`)
  VALUES (1784, 1, '2017-03-12', '2000-01-01 00:00:00', '2000-01-01 00:00:00', '', 16296, 115, 2, '2016-10-26 14:53:44', '2016-10-26 14:53:44', 'FINALI', 1, 1);
INSERT INTO `meeting_events` (`id`, `created_at`, `updated_at`, `event_order`, `begin_time`, `is_out_of_race`, `is_autofilled`, `notes`, `meeting_session_id`, `event_type_id`, `heat_type_id`, `user_id`, `has_separate_gender_start_list`, `has_separate_category_start_list`)
  VALUES (9302, '2016-10-26 14:53:44', '2016-10-26 14:53:44', 1, '2000-01-01 08:02:00', 0, 1, NULL, 1784, 16, 3, 1, 1, 0);
INSERT INTO `meeting_events` (`id`, `created_at`, `updated_at`, `event_order`, `begin_time`, `is_out_of_race`, `is_autofilled`, `notes`, `meeting_session_id`, `event_type_id`, `heat_type_id`, `user_id`, `has_separate_gender_start_list`, `has_separate_category_start_list`)
  VALUES (9303, '2016-10-26 14:53:44', '2016-10-26 14:53:44', 2, '2000-01-01 08:46:00', 0, 1, NULL, 1784, 12, 3, 1, 1, 0);
INSERT INTO `meeting_events` (`id`, `created_at`, `updated_at`, `event_order`, `begin_time`, `is_out_of_race`, `is_autofilled`, `notes`, `meeting_session_id`, `event_type_id`, `heat_type_id`, `user_id`, `has_separate_gender_start_list`, `has_separate_category_start_list`)
  VALUES (9304, '2016-10-26 14:53:44', '2016-10-26 14:53:44', 3, '2000-01-01 09:20:00', 0, 1, NULL, 1784, 22, 3, 1, 1, 0);
INSERT INTO `meeting_events` (`id`, `created_at`, `updated_at`, `event_order`, `begin_time`, `is_out_of_race`, `is_autofilled`, `notes`, `meeting_session_id`, `event_type_id`, `heat_type_id`, `user_id`, `has_separate_gender_start_list`, `has_separate_category_start_list`)
  VALUES (9305, '2016-10-26 14:53:44', '2016-10-26 14:53:44', 4, '2000-01-01 10:08:00', 0, 1, NULL, 1784, 20, 3, 1, 1, 0);
INSERT INTO `meeting_events` (`id`, `created_at`, `updated_at`, `event_order`, `begin_time`, `is_out_of_race`, `is_autofilled`, `notes`, `meeting_session_id`, `event_type_id`, `heat_type_id`, `user_id`, `has_separate_gender_start_list`, `has_separate_category_start_list`)
  VALUES (9306, '2016-10-26 14:53:44', '2016-10-26 14:53:44', 5, '2000-01-01 10:50:00', 0, 1, NULL, 1784, 4, 3, 1, 1, 0);
INSERT INTO `meeting_events` (`id`, `created_at`, `updated_at`, `event_order`, `begin_time`, `is_out_of_race`, `is_autofilled`, `notes`, `meeting_session_id`, `event_type_id`, `heat_type_id`, `user_id`, `has_separate_gender_start_list`, `has_separate_category_start_list`)
  VALUES (9307, '2016-10-26 14:53:44', '2016-10-26 14:53:44', 6, '2000-01-01 11:32:00', 0, 1, NULL, 1784, 5, 3, 1, 1, 0);
INSERT INTO `meeting_events` (`id`, `created_at`, `updated_at`, `event_order`, `begin_time`, `is_out_of_race`, `is_autofilled`, `notes`, `meeting_session_id`, `event_type_id`, `heat_type_id`, `user_id`, `has_separate_gender_start_list`, `has_separate_category_start_list`)
  VALUES (9308, '2016-10-26 14:53:44', '2016-10-26 14:53:44', 7, '2000-01-01 12:14:00', 0, 1, NULL, 1784, 11, 3, 1, 1, 0);
INSERT INTO `meeting_events` (`id`, `created_at`, `updated_at`, `event_order`, `begin_time`, `is_out_of_race`, `is_autofilled`, `notes`, `meeting_session_id`, `event_type_id`, `heat_type_id`, `user_id`, `has_separate_gender_start_list`, `has_separate_category_start_list`)
  VALUES (9309, '2016-10-26 14:53:44', '2016-10-26 14:53:44', 8, '2000-01-01 12:54:00', 0, 1, NULL, 1784, 2, 3, 1, 1, 0);
INSERT INTO `meeting_events` (`id`, `created_at`, `updated_at`, `event_order`, `begin_time`, `is_out_of_race`, `is_autofilled`, `notes`, `meeting_session_id`, `event_type_id`, `heat_type_id`, `user_id`, `has_separate_gender_start_list`, `has_separate_category_start_list`)
  VALUES (9310, '2016-10-26 14:53:44', '2016-10-26 14:53:44', 9, '2000-01-01 13:42:30', 0, 1, NULL, 1784, 35, 3, 1, 1, 0);
INSERT INTO `meeting_events` (`id`, `created_at`, `updated_at`, `event_order`, `begin_time`, `is_out_of_race`, `is_autofilled`, `notes`, `meeting_session_id`, `event_type_id`, `heat_type_id`, `user_id`, `has_separate_gender_start_list`, `has_separate_category_start_list`)
  VALUES (9311, '2016-10-26 14:53:44', '2016-10-26 14:53:44', 10, '2000-01-01 13:42:30', 0, 1, NULL, 1784, 34, 3, 1, 1, 0);
INSERT INTO `meeting_events` (`id`, `created_at`, `updated_at`, `event_order`, `begin_time`, `is_out_of_race`, `is_autofilled`, `notes`, `meeting_session_id`, `event_type_id`, `heat_type_id`, `user_id`, `has_separate_gender_start_list`, `has_separate_category_start_list`)
  VALUES (9312, '2016-10-26 14:53:44', '2016-10-26 14:53:44', 11, '2000-01-01 13:42:00', 0, 1, NULL, 1784, 36, 3, 1, 1, 0);
INSERT INTO `meeting_events` (`id`, `created_at`, `updated_at`, `event_order`, `begin_time`, `is_out_of_race`, `is_autofilled`, `notes`, `meeting_session_id`, `event_type_id`, `heat_type_id`, `user_id`, `has_separate_gender_start_list`, `has_separate_category_start_list`)
  VALUES (9313, '2016-10-26 14:53:44', '2016-10-26 14:53:44', 12, '2000-01-01 13:40:00', 0, 1, NULL, 1784, 33, 3, 1, 1, 0);
INSERT INTO `meeting_events` (`id`, `created_at`, `updated_at`, `event_order`, `begin_time`, `is_out_of_race`, `is_autofilled`, `notes`, `meeting_session_id`, `event_type_id`, `heat_type_id`, `user_id`, `has_separate_gender_start_list`, `has_separate_category_start_list`)
  VALUES (9314, '2016-10-26 14:53:44', '2016-10-26 14:53:44', 13, '2000-01-01 13:36:30', 0, 1, NULL, 1784, 28, 3, 1, 1, 0);
INSERT INTO `meeting_events` (`id`, `created_at`, `updated_at`, `event_order`, `begin_time`, `is_out_of_race`, `is_autofilled`, `notes`, `meeting_session_id`, `event_type_id`, `heat_type_id`, `user_id`, `has_separate_gender_start_list`, `has_separate_category_start_list`)
  VALUES (9315, '2016-10-26 14:53:44', '2016-10-26 14:53:44', 14, '2000-01-01 13:33:00', 0, 1, NULL, 1784, 27, 3, 1, 1, 0);
INSERT INTO `meeting_events` (`id`, `created_at`, `updated_at`, `event_order`, `begin_time`, `is_out_of_race`, `is_autofilled`, `notes`, `meeting_session_id`, `event_type_id`, `heat_type_id`, `user_id`, `has_separate_gender_start_list`, `has_separate_category_start_list`)
  VALUES (9316, '2016-10-26 14:53:44', '2016-10-26 14:53:44', 15, '2000-01-01 13:32:30', 0, 1, NULL, 1784, 29, 3, 1, 1, 0);
INSERT INTO `meeting_sessions` (`id`, `session_order`, `scheduled_date`, `warm_up_time`, `begin_time`, `notes`, `meeting_id`, `swimming_pool_id`, `user_id`, `created_at`, `updated_at`, `description`, `is_autofilled`, `day_part_type_id`)
  VALUES (1785, 2, '2017-03-12', '2000-01-01 00:00:00', '2000-01-01 00:00:00', '', 16296, 115, 2, '2016-10-26 14:53:44', '2016-10-26 14:53:44', 'FINALI', 1, 2);

-- 15297-regcalabri REGIONALI CALABRI 2016-02-21
INSERT INTO `meetings` (`id`, `description`, `entry_deadline`, `has_warm_up_pool`, `is_under_25_admitted`, `reference_phone`, `reference_e_mail`, `reference_name`, `notes`, `has_invitation`, `has_start_list`, `are_results_acquired`, `max_individual_events`, `configuration_file`, `edition`, `season_id`, `user_id`, `created_at`, `updated_at`, `is_autofilled`, `header_date`, `code`, `header_year`, `max_individual_events_per_session`, `is_out_of_season`, `edition_type_id`, `timing_type_id`, `individual_score_computation_type_id`, `relay_score_computation_type_id`, `team_score_computation_type_id`, `meeting_score_computation_type_id`, `invitation`, `is_confirmed`)
  VALUES (16297, 'REGIONALI CALABRI', NULL, 0, 1, NULL, NULL, NULL, NULL, 0, 0, 0, 2, '?', 17, 162, 2, '2016-10-26 14:53:44', '2016-10-26 14:53:44', 1, '2017-02-19', 'regcalabri', '2017', 0, 0, 4, 3, 1, 1, 12, 1, NULL, 0);
INSERT INTO `meeting_sessions` (`id`, `session_order`, `scheduled_date`, `warm_up_time`, `begin_time`, `notes`, `meeting_id`, `swimming_pool_id`, `user_id`, `created_at`, `updated_at`, `description`, `is_autofilled`, `day_part_type_id`)
  VALUES (1786, 1, '2017-02-19', '2000-01-01 00:00:00', '2000-01-01 00:00:00', '', 16297, 173, 2, '2016-10-26 14:53:44', '2016-10-26 14:53:44', 'FINALI', 1, 1);
INSERT INTO `meeting_events` (`id`, `created_at`, `updated_at`, `event_order`, `begin_time`, `is_out_of_race`, `is_autofilled`, `notes`, `meeting_session_id`, `event_type_id`, `heat_type_id`, `user_id`, `has_separate_gender_start_list`, `has_separate_category_start_list`)
  VALUES (9317, '2016-10-26 14:53:44', '2016-10-26 14:53:44', 1, '2000-01-01 08:02:00', 0, 1, NULL, 1786, 16, 3, 1, 1, 0);
INSERT INTO `meeting_events` (`id`, `created_at`, `updated_at`, `event_order`, `begin_time`, `is_out_of_race`, `is_autofilled`, `notes`, `meeting_session_id`, `event_type_id`, `heat_type_id`, `user_id`, `has_separate_gender_start_list`, `has_separate_category_start_list`)
  VALUES (9318, '2016-10-26 14:53:44', '2016-10-26 14:53:44', 2, '2000-01-01 08:30:00', 0, 1, NULL, 1786, 12, 3, 1, 1, 0);
INSERT INTO `meeting_events` (`id`, `created_at`, `updated_at`, `event_order`, `begin_time`, `is_out_of_race`, `is_autofilled`, `notes`, `meeting_session_id`, `event_type_id`, `heat_type_id`, `user_id`, `has_separate_gender_start_list`, `has_separate_category_start_list`)
  VALUES (9319, '2016-10-26 14:53:44', '2016-10-26 14:53:44', 3, '2000-01-01 08:46:00', 0, 1, NULL, 1786, 22, 3, 1, 1, 0);
INSERT INTO `meeting_events` (`id`, `created_at`, `updated_at`, `event_order`, `begin_time`, `is_out_of_race`, `is_autofilled`, `notes`, `meeting_session_id`, `event_type_id`, `heat_type_id`, `user_id`, `has_separate_gender_start_list`, `has_separate_category_start_list`)
  VALUES (9320, '2016-10-26 14:53:44', '2016-10-26 14:53:44', 4, '2000-01-01 09:04:00', 0, 1, NULL, 1786, 20, 3, 1, 1, 0);
INSERT INTO `meeting_events` (`id`, `created_at`, `updated_at`, `event_order`, `begin_time`, `is_out_of_race`, `is_autofilled`, `notes`, `meeting_session_id`, `event_type_id`, `heat_type_id`, `user_id`, `has_separate_gender_start_list`, `has_separate_category_start_list`)
  VALUES (9321, '2016-10-26 14:53:44', '2016-10-26 14:53:44', 5, '2000-01-01 09:36:00', 0, 1, NULL, 1786, 3, 3, 1, 1, 0);
INSERT INTO `meeting_events` (`id`, `created_at`, `updated_at`, `event_order`, `begin_time`, `is_out_of_race`, `is_autofilled`, `notes`, `meeting_session_id`, `event_type_id`, `heat_type_id`, `user_id`, `has_separate_gender_start_list`, `has_separate_category_start_list`)
  VALUES (9322, '2016-10-26 14:53:44', '2016-10-26 14:53:44', 6, '2000-01-01 10:12:00', 0, 1, NULL, 1786, 7, 3, 1, 1, 0);
INSERT INTO `meeting_events` (`id`, `created_at`, `updated_at`, `event_order`, `begin_time`, `is_out_of_race`, `is_autofilled`, `notes`, `meeting_session_id`, `event_type_id`, `heat_type_id`, `user_id`, `has_separate_gender_start_list`, `has_separate_category_start_list`)
  VALUES (9323, '2016-10-26 14:53:44', '2016-10-26 14:53:44', 7, '2000-01-01 10:32:00', 0, 1, NULL, 1786, 17, 3, 1, 1, 0);
INSERT INTO `meeting_events` (`id`, `created_at`, `updated_at`, `event_order`, `begin_time`, `is_out_of_race`, `is_autofilled`, `notes`, `meeting_session_id`, `event_type_id`, `heat_type_id`, `user_id`, `has_separate_gender_start_list`, `has_separate_category_start_list`)
  VALUES (9324, '2016-10-26 14:53:44', '2016-10-26 14:53:44', 8, '2000-01-01 10:42:00', 0, 1, NULL, 1786, 13, 3, 1, 1, 0);
INSERT INTO `meeting_events` (`id`, `created_at`, `updated_at`, `event_order`, `begin_time`, `is_out_of_race`, `is_autofilled`, `notes`, `meeting_session_id`, `event_type_id`, `heat_type_id`, `user_id`, `has_separate_gender_start_list`, `has_separate_category_start_list`)
  VALUES (9325, '2016-10-26 14:53:44', '2016-10-26 14:53:44', 9, '2000-01-01 10:46:00', 0, 1, NULL, 1786, 23, 3, 1, 1, 0);
INSERT INTO `meeting_events` (`id`, `created_at`, `updated_at`, `event_order`, `begin_time`, `is_out_of_race`, `is_autofilled`, `notes`, `meeting_session_id`, `event_type_id`, `heat_type_id`, `user_id`, `has_separate_gender_start_list`, `has_separate_category_start_list`)
  VALUES (9326, '2016-10-26 14:53:44', '2016-10-26 14:53:44', 10, '2000-01-01 11:02:00', 0, 1, NULL, 1786, 21, 3, 1, 1, 0);
INSERT INTO `meeting_events` (`id`, `created_at`, `updated_at`, `event_order`, `begin_time`, `is_out_of_race`, `is_autofilled`, `notes`, `meeting_session_id`, `event_type_id`, `heat_type_id`, `user_id`, `has_separate_gender_start_list`, `has_separate_category_start_list`)
  VALUES (9327, '2016-10-26 14:53:44', '2016-10-26 14:53:44', 11, '2000-01-01 11:22:00', 0, 1, NULL, 1786, 4, 3, 1, 1, 0);
INSERT INTO `meeting_events` (`id`, `created_at`, `updated_at`, `event_order`, `begin_time`, `is_out_of_race`, `is_autofilled`, `notes`, `meeting_session_id`, `event_type_id`, `heat_type_id`, `user_id`, `has_separate_gender_start_list`, `has_separate_category_start_list`)
  VALUES (9328, '2016-10-26 14:53:44', '2016-10-26 14:53:44', 12, '2000-01-01 11:48:00', 0, 1, NULL, 1786, 24, 3, 1, 1, 0);
INSERT INTO `meeting_events` (`id`, `created_at`, `updated_at`, `event_order`, `begin_time`, `is_out_of_race`, `is_autofilled`, `notes`, `meeting_session_id`, `event_type_id`, `heat_type_id`, `user_id`, `has_separate_gender_start_list`, `has_separate_category_start_list`)
  VALUES (9329, '2016-10-26 14:53:44', '2016-10-26 14:53:44', 13, '2000-01-01 11:50:00', 0, 1, NULL, 1786, 5, 3, 1, 1, 0);
INSERT INTO `meeting_events` (`id`, `created_at`, `updated_at`, `event_order`, `begin_time`, `is_out_of_race`, `is_autofilled`, `notes`, `meeting_session_id`, `event_type_id`, `heat_type_id`, `user_id`, `has_separate_gender_start_list`, `has_separate_category_start_list`)
  VALUES (9330, '2016-10-26 14:53:44', '2016-10-26 14:53:44', 14, '2000-01-01 12:18:00', 0, 1, NULL, 1786, 15, 3, 1, 1, 0);
INSERT INTO `meeting_events` (`id`, `created_at`, `updated_at`, `event_order`, `begin_time`, `is_out_of_race`, `is_autofilled`, `notes`, `meeting_session_id`, `event_type_id`, `heat_type_id`, `user_id`, `has_separate_gender_start_list`, `has_separate_category_start_list`)
  VALUES (9331, '2016-10-26 14:53:44', '2016-10-26 14:53:44', 15, '2000-01-01 12:44:00', 0, 1, NULL, 1786, 11, 3, 1, 1, 0);
INSERT INTO `meeting_events` (`id`, `created_at`, `updated_at`, `event_order`, `begin_time`, `is_out_of_race`, `is_autofilled`, `notes`, `meeting_session_id`, `event_type_id`, `heat_type_id`, `user_id`, `has_separate_gender_start_list`, `has_separate_category_start_list`)
  VALUES (9332, '2016-10-26 14:53:44', '2016-10-26 14:53:44', 16, '2000-01-01 13:10:00', 0, 1, NULL, 1786, 19, 3, 1, 1, 0);
INSERT INTO `meeting_events` (`id`, `created_at`, `updated_at`, `event_order`, `begin_time`, `is_out_of_race`, `is_autofilled`, `notes`, `meeting_session_id`, `event_type_id`, `heat_type_id`, `user_id`, `has_separate_gender_start_list`, `has_separate_category_start_list`)
  VALUES (9333, '2016-10-26 14:53:44', '2016-10-26 14:53:44', 17, '2000-01-01 13:46:00', 0, 1, NULL, 1786, 2, 3, 1, 1, 0);
INSERT INTO `meeting_events` (`id`, `created_at`, `updated_at`, `event_order`, `begin_time`, `is_out_of_race`, `is_autofilled`, `notes`, `meeting_session_id`, `event_type_id`, `heat_type_id`, `user_id`, `has_separate_gender_start_list`, `has_separate_category_start_list`)
  VALUES (9334, '2016-10-26 14:53:44', '2016-10-26 14:53:44', 18, '2000-01-01 14:30:00', 0, 1, NULL, 1786, 6, 3, 1, 1, 0);
INSERT INTO `meeting_sessions` (`id`, `session_order`, `scheduled_date`, `warm_up_time`, `begin_time`, `notes`, `meeting_id`, `swimming_pool_id`, `user_id`, `created_at`, `updated_at`, `description`, `is_autofilled`, `day_part_type_id`)
  VALUES (1787, 2, '2017-02-19', '2000-01-01 00:00:00', '2000-01-01 00:00:00', '', 16297, 173, 2, '2016-10-26 14:53:44', '2016-10-26 14:53:44', 'FINALI', 1, 2);

-- 15298-padovamaxzuin MEMORIAL MAX ZUIN 2016-03-20
INSERT INTO `meetings` (`id`, `description`, `entry_deadline`, `has_warm_up_pool`, `is_under_25_admitted`, `reference_phone`, `reference_e_mail`, `reference_name`, `notes`, `has_invitation`, `has_start_list`, `are_results_acquired`, `max_individual_events`, `configuration_file`, `edition`, `season_id`, `user_id`, `created_at`, `updated_at`, `is_autofilled`, `header_date`, `code`, `header_year`, `max_individual_events_per_session`, `is_out_of_season`, `edition_type_id`, `timing_type_id`, `individual_score_computation_type_id`, `relay_score_computation_type_id`, `team_score_computation_type_id`, `meeting_score_computation_type_id`, `invitation`, `is_confirmed`)
  VALUES (16298, 'MEMORIAL MAX ZUIN', NULL, 0, 1, NULL, NULL, NULL, '2001 s.r.l. s.s.d', 0, 0, 0, 2, '?', 17, 162, 2, '2016-10-26 14:53:44', '2016-10-26 14:53:44', 1, '2017-03-19', 'padovamaxzuin', '2017', 0, 0, 2, 3, 1, 1, 12, 1, NULL, 0);
INSERT INTO `meeting_sessions` (`id`, `session_order`, `scheduled_date`, `warm_up_time`, `begin_time`, `notes`, `meeting_id`, `swimming_pool_id`, `user_id`, `created_at`, `updated_at`, `description`, `is_autofilled`, `day_part_type_id`)
  VALUES (1788, 1, '2017-03-19', '2000-01-01 00:00:00', '2000-01-01 00:00:00', '', 16298, 117, 2, '2016-10-26 14:53:44', '2016-10-26 14:53:44', 'FINALI', 1, 1);
INSERT INTO `meeting_events` (`id`, `created_at`, `updated_at`, `event_order`, `begin_time`, `is_out_of_race`, `is_autofilled`, `notes`, `meeting_session_id`, `event_type_id`, `heat_type_id`, `user_id`, `has_separate_gender_start_list`, `has_separate_category_start_list`)
  VALUES (9335, '2016-10-26 14:53:44', '2016-10-26 14:53:44', 1, '2000-01-01 08:02:00', 0, 1, NULL, 1788, 16, 3, 1, 1, 0);
INSERT INTO `meeting_events` (`id`, `created_at`, `updated_at`, `event_order`, `begin_time`, `is_out_of_race`, `is_autofilled`, `notes`, `meeting_session_id`, `event_type_id`, `heat_type_id`, `user_id`, `has_separate_gender_start_list`, `has_separate_category_start_list`)
  VALUES (9336, '2016-10-26 14:53:44', '2016-10-26 14:53:44', 2, '2000-01-01 08:40:00', 0, 1, NULL, 1788, 12, 3, 1, 1, 0);
INSERT INTO `meeting_events` (`id`, `created_at`, `updated_at`, `event_order`, `begin_time`, `is_out_of_race`, `is_autofilled`, `notes`, `meeting_session_id`, `event_type_id`, `heat_type_id`, `user_id`, `has_separate_gender_start_list`, `has_separate_category_start_list`)
  VALUES (9337, '2016-10-26 14:53:45', '2016-10-26 14:53:45', 3, '2000-01-01 09:14:00', 0, 1, NULL, 1788, 22, 3, 1, 1, 0);
INSERT INTO `meeting_events` (`id`, `created_at`, `updated_at`, `event_order`, `begin_time`, `is_out_of_race`, `is_autofilled`, `notes`, `meeting_session_id`, `event_type_id`, `heat_type_id`, `user_id`, `has_separate_gender_start_list`, `has_separate_category_start_list`)
  VALUES (9338, '2016-10-26 14:53:45', '2016-10-26 14:53:45', 4, '2000-01-01 09:52:00', 0, 1, NULL, 1788, 21, 3, 1, 1, 0);
INSERT INTO `meeting_events` (`id`, `created_at`, `updated_at`, `event_order`, `begin_time`, `is_out_of_race`, `is_autofilled`, `notes`, `meeting_session_id`, `event_type_id`, `heat_type_id`, `user_id`, `has_separate_gender_start_list`, `has_separate_category_start_list`)
  VALUES (9339, '2016-10-26 14:53:45', '2016-10-26 14:53:45', 5, '2000-01-01 10:28:00', 0, 1, NULL, 1788, 15, 3, 1, 1, 0);
INSERT INTO `meeting_events` (`id`, `created_at`, `updated_at`, `event_order`, `begin_time`, `is_out_of_race`, `is_autofilled`, `notes`, `meeting_session_id`, `event_type_id`, `heat_type_id`, `user_id`, `has_separate_gender_start_list`, `has_separate_category_start_list`)
  VALUES (9340, '2016-10-26 14:53:45', '2016-10-26 14:53:45', 6, '2000-01-01 11:16:00', 0, 1, NULL, 1788, 11, 3, 1, 1, 0);
INSERT INTO `meeting_events` (`id`, `created_at`, `updated_at`, `event_order`, `begin_time`, `is_out_of_race`, `is_autofilled`, `notes`, `meeting_session_id`, `event_type_id`, `heat_type_id`, `user_id`, `has_separate_gender_start_list`, `has_separate_category_start_list`)
  VALUES (9341, '2016-10-26 14:53:45', '2016-10-26 14:53:45', 7, '2000-01-01 11:52:00', 0, 1, NULL, 1788, 19, 3, 1, 1, 0);
INSERT INTO `meeting_events` (`id`, `created_at`, `updated_at`, `event_order`, `begin_time`, `is_out_of_race`, `is_autofilled`, `notes`, `meeting_session_id`, `event_type_id`, `heat_type_id`, `user_id`, `has_separate_gender_start_list`, `has_separate_category_start_list`)
  VALUES (9342, '2016-10-26 14:53:45', '2016-10-26 14:53:45', 8, '2000-01-01 12:36:00', 0, 1, NULL, 1788, 2, 3, 1, 1, 0);
INSERT INTO `meeting_events` (`id`, `created_at`, `updated_at`, `event_order`, `begin_time`, `is_out_of_race`, `is_autofilled`, `notes`, `meeting_session_id`, `event_type_id`, `heat_type_id`, `user_id`, `has_separate_gender_start_list`, `has_separate_category_start_list`)
  VALUES (9343, '2016-10-26 14:53:45', '2016-10-26 14:53:45', 9, '2000-01-01 13:22:30', 0, 1, NULL, 1788, 33, 3, 1, 1, 0);
INSERT INTO `meeting_events` (`id`, `created_at`, `updated_at`, `event_order`, `begin_time`, `is_out_of_race`, `is_autofilled`, `notes`, `meeting_session_id`, `event_type_id`, `heat_type_id`, `user_id`, `has_separate_gender_start_list`, `has_separate_category_start_list`)
  VALUES (9344, '2016-10-26 14:53:45', '2016-10-26 14:53:45', 10, '2000-01-01 13:20:00', 0, 1, NULL, 1788, 28, 3, 1, 1, 0);
INSERT INTO `meeting_sessions` (`id`, `session_order`, `scheduled_date`, `warm_up_time`, `begin_time`, `notes`, `meeting_id`, `swimming_pool_id`, `user_id`, `created_at`, `updated_at`, `description`, `is_autofilled`, `day_part_type_id`)
  VALUES (1789, 2, '2017-03-19', '2000-01-01 00:00:00', '2000-01-01 00:00:00', '', 16298, 117, 2, '2016-10-26 14:53:45', '2016-10-26 14:53:45', 'FINALI', 1, 2);

-- 15299-rapallomasterdiprimavera TROFEO MASTER DI PRIMAVERA 2016-03-20
INSERT INTO `meetings` (`id`, `description`, `entry_deadline`, `has_warm_up_pool`, `is_under_25_admitted`, `reference_phone`, `reference_e_mail`, `reference_name`, `notes`, `has_invitation`, `has_start_list`, `are_results_acquired`, `max_individual_events`, `configuration_file`, `edition`, `season_id`, `user_id`, `created_at`, `updated_at`, `is_autofilled`, `header_date`, `code`, `header_year`, `max_individual_events_per_session`, `is_out_of_season`, `edition_type_id`, `timing_type_id`, `individual_score_computation_type_id`, `relay_score_computation_type_id`, `team_score_computation_type_id`, `meeting_score_computation_type_id`, `invitation`, `is_confirmed`)
  VALUES (16299, 'TROFEO MASTER DI PRIMAVERA', NULL, 0, 1, NULL, NULL, NULL, 'Rapallo Pallanuoto', 0, 0, 0, 2, '?', 17, 162, 2, '2016-10-26 14:53:45', '2016-10-26 14:53:45', 1, '2017-03-19', 'rapallomasterdiprimavera', '2017', 0, 0, 2, 3, 1, 1, 12, 1, NULL, 0);
INSERT INTO `meeting_sessions` (`id`, `session_order`, `scheduled_date`, `warm_up_time`, `begin_time`, `notes`, `meeting_id`, `swimming_pool_id`, `user_id`, `created_at`, `updated_at`, `description`, `is_autofilled`, `day_part_type_id`)
  VALUES (1790, 1, '2017-03-19', '2000-01-01 00:00:00', '2000-01-01 00:00:00', '', 16299, 50, 2, '2016-10-26 14:53:45', '2016-10-26 14:53:45', 'FINALI', 1, 1);
INSERT INTO `meeting_events` (`id`, `created_at`, `updated_at`, `event_order`, `begin_time`, `is_out_of_race`, `is_autofilled`, `notes`, `meeting_session_id`, `event_type_id`, `heat_type_id`, `user_id`, `has_separate_gender_start_list`, `has_separate_category_start_list`)
  VALUES (9345, '2016-10-26 14:53:45', '2016-10-26 14:53:45', 1, '2000-01-01 08:02:00', 0, 1, NULL, 1790, 16, 3, 1, 1, 0);
INSERT INTO `meeting_events` (`id`, `created_at`, `updated_at`, `event_order`, `begin_time`, `is_out_of_race`, `is_autofilled`, `notes`, `meeting_session_id`, `event_type_id`, `heat_type_id`, `user_id`, `has_separate_gender_start_list`, `has_separate_category_start_list`)
  VALUES (9346, '2016-10-26 14:53:45', '2016-10-26 14:53:45', 2, '2000-01-01 08:24:00', 0, 1, NULL, 1790, 3, 3, 1, 1, 0);
INSERT INTO `meeting_events` (`id`, `created_at`, `updated_at`, `event_order`, `begin_time`, `is_out_of_race`, `is_autofilled`, `notes`, `meeting_session_id`, `event_type_id`, `heat_type_id`, `user_id`, `has_separate_gender_start_list`, `has_separate_category_start_list`)
  VALUES (9347, '2016-10-26 14:53:45', '2016-10-26 14:53:45', 3, '2000-01-01 09:04:00', 0, 1, NULL, 1790, 23, 3, 1, 1, 0);
INSERT INTO `meeting_events` (`id`, `created_at`, `updated_at`, `event_order`, `begin_time`, `is_out_of_race`, `is_autofilled`, `notes`, `meeting_session_id`, `event_type_id`, `heat_type_id`, `user_id`, `has_separate_gender_start_list`, `has_separate_category_start_list`)
  VALUES (9348, '2016-10-26 14:53:45', '2016-10-26 14:53:45', 4, '2000-01-01 09:42:00', 0, 1, NULL, 1790, 21, 3, 1, 1, 0);
INSERT INTO `meeting_events` (`id`, `created_at`, `updated_at`, `event_order`, `begin_time`, `is_out_of_race`, `is_autofilled`, `notes`, `meeting_session_id`, `event_type_id`, `heat_type_id`, `user_id`, `has_separate_gender_start_list`, `has_separate_category_start_list`)
  VALUES (9349, '2016-10-26 14:53:45', '2016-10-26 14:53:45', 5, '2000-01-01 10:10:00', 0, 1, NULL, 1790, 4, 3, 1, 1, 0);
INSERT INTO `meeting_events` (`id`, `created_at`, `updated_at`, `event_order`, `begin_time`, `is_out_of_race`, `is_autofilled`, `notes`, `meeting_session_id`, `event_type_id`, `heat_type_id`, `user_id`, `has_separate_gender_start_list`, `has_separate_category_start_list`)
  VALUES (9350, '2016-10-26 14:53:45', '2016-10-26 14:53:45', 6, '2000-01-01 10:48:00', 0, 1, NULL, 1790, 15, 3, 1, 1, 0);
INSERT INTO `meeting_events` (`id`, `created_at`, `updated_at`, `event_order`, `begin_time`, `is_out_of_race`, `is_autofilled`, `notes`, `meeting_session_id`, `event_type_id`, `heat_type_id`, `user_id`, `has_separate_gender_start_list`, `has_separate_category_start_list`)
  VALUES (9351, '2016-10-26 14:53:45', '2016-10-26 14:53:45', 7, '2000-01-01 11:28:00', 0, 1, NULL, 1790, 11, 3, 1, 1, 0);
INSERT INTO `meeting_events` (`id`, `created_at`, `updated_at`, `event_order`, `begin_time`, `is_out_of_race`, `is_autofilled`, `notes`, `meeting_session_id`, `event_type_id`, `heat_type_id`, `user_id`, `has_separate_gender_start_list`, `has_separate_category_start_list`)
  VALUES (9352, '2016-10-26 14:53:45', '2016-10-26 14:53:45', 8, '2000-01-01 12:02:00', 0, 1, NULL, 1790, 19, 3, 1, 1, 0);
INSERT INTO `meeting_events` (`id`, `created_at`, `updated_at`, `event_order`, `begin_time`, `is_out_of_race`, `is_autofilled`, `notes`, `meeting_session_id`, `event_type_id`, `heat_type_id`, `user_id`, `has_separate_gender_start_list`, `has_separate_category_start_list`)
  VALUES (9353, '2016-10-26 14:53:45', '2016-10-26 14:53:45', 9, '2000-01-01 12:40:00', 0, 1, NULL, 1790, 2, 3, 1, 1, 0);
INSERT INTO `meeting_events` (`id`, `created_at`, `updated_at`, `event_order`, `begin_time`, `is_out_of_race`, `is_autofilled`, `notes`, `meeting_session_id`, `event_type_id`, `heat_type_id`, `user_id`, `has_separate_gender_start_list`, `has_separate_category_start_list`)
  VALUES (9354, '2016-10-26 14:53:45', '2016-10-26 14:53:45', 10, '2000-01-01 13:24:00', 0, 1, NULL, 1790, 6, 3, 1, 1, 0);
INSERT INTO `meeting_events` (`id`, `created_at`, `updated_at`, `event_order`, `begin_time`, `is_out_of_race`, `is_autofilled`, `notes`, `meeting_session_id`, `event_type_id`, `heat_type_id`, `user_id`, `has_separate_gender_start_list`, `has_separate_category_start_list`)
  VALUES (9355, '2016-10-26 14:53:45', '2016-10-26 14:53:45', 11, '2000-01-01 14:06:29', 0, 1, NULL, 1790, 33, 3, 1, 1, 0);
INSERT INTO `meeting_events` (`id`, `created_at`, `updated_at`, `event_order`, `begin_time`, `is_out_of_race`, `is_autofilled`, `notes`, `meeting_session_id`, `event_type_id`, `heat_type_id`, `user_id`, `has_separate_gender_start_list`, `has_separate_category_start_list`)
  VALUES (9356, '2016-10-26 14:53:45', '2016-10-26 14:53:45', 12, '2000-01-01 14:16:58', 0, 1, NULL, 1790, 32, 3, 1, 1, 0);
INSERT INTO `meeting_events` (`id`, `created_at`, `updated_at`, `event_order`, `begin_time`, `is_out_of_race`, `is_autofilled`, `notes`, `meeting_session_id`, `event_type_id`, `heat_type_id`, `user_id`, `has_separate_gender_start_list`, `has_separate_category_start_list`)
  VALUES (9357, '2016-10-26 14:53:45', '2016-10-26 14:53:45', 13, '2000-01-01 14:03:25', 0, 1, NULL, 1790, 26, 3, 1, 1, 0);
INSERT INTO `meeting_events` (`id`, `created_at`, `updated_at`, `event_order`, `begin_time`, `is_out_of_race`, `is_autofilled`, `notes`, `meeting_session_id`, `event_type_id`, `heat_type_id`, `user_id`, `has_separate_gender_start_list`, `has_separate_category_start_list`)
  VALUES (9358, '2016-10-26 14:53:45', '2016-10-26 14:53:45', 14, '2000-01-01 13:36:31', 0, 1, NULL, 1790, 25, 3, 1, 1, 0);
INSERT INTO `meeting_sessions` (`id`, `session_order`, `scheduled_date`, `warm_up_time`, `begin_time`, `notes`, `meeting_id`, `swimming_pool_id`, `user_id`, `created_at`, `updated_at`, `description`, `is_autofilled`, `day_part_type_id`)
  VALUES (1791, 2, '2017-03-19', '2000-01-01 00:00:00', '2000-01-01 00:00:00', '', 16299, 50, 2, '2016-10-26 14:53:45', '2016-10-26 14:53:45', 'FINALI', 1, 2);

-- 15300-lumezzanesprintalbatros TROFEO SPRINT ALBATROS 2016-04-03
INSERT INTO `meetings` (`id`, `description`, `entry_deadline`, `has_warm_up_pool`, `is_under_25_admitted`, `reference_phone`, `reference_e_mail`, `reference_name`, `notes`, `has_invitation`, `has_start_list`, `are_results_acquired`, `max_individual_events`, `configuration_file`, `edition`, `season_id`, `user_id`, `created_at`, `updated_at`, `is_autofilled`, `header_date`, `code`, `header_year`, `max_individual_events_per_session`, `is_out_of_season`, `edition_type_id`, `timing_type_id`, `individual_score_computation_type_id`, `relay_score_computation_type_id`, `team_score_computation_type_id`, `meeting_score_computation_type_id`, `invitation`, `is_confirmed`)
  VALUES (16300, 'TROFEO SPRINT ALBATROS', NULL, 0, 1, NULL, NULL, NULL, 'Albatros Asd', 0, 0, 0, 2, '?', 17, 162, 2, '2016-10-26 14:53:45', '2016-10-26 14:53:45', 1, '2017-04-02', 'lumezzanesprintalbatros', '2017', 0, 0, 2, 3, 1, 1, 12, 1, NULL, 0);
INSERT INTO `meeting_sessions` (`id`, `session_order`, `scheduled_date`, `warm_up_time`, `begin_time`, `notes`, `meeting_id`, `swimming_pool_id`, `user_id`, `created_at`, `updated_at`, `description`, `is_autofilled`, `day_part_type_id`)
  VALUES (1792, 1, '2017-04-02', '2000-01-01 00:00:00', '2000-01-01 00:00:00', '', 16300, 174, 2, '2016-10-26 14:53:45', '2016-10-26 14:53:45', 'FINALI', 1, 1);
INSERT INTO `meeting_events` (`id`, `created_at`, `updated_at`, `event_order`, `begin_time`, `is_out_of_race`, `is_autofilled`, `notes`, `meeting_session_id`, `event_type_id`, `heat_type_id`, `user_id`, `has_separate_gender_start_list`, `has_separate_category_start_list`)
  VALUES (9359, '2016-10-26 14:53:45', '2016-10-26 14:53:45', 1, '2000-01-01 08:02:00', 0, 1, NULL, 1792, 16, 3, 1, 1, 0);
INSERT INTO `meeting_events` (`id`, `created_at`, `updated_at`, `event_order`, `begin_time`, `is_out_of_race`, `is_autofilled`, `notes`, `meeting_session_id`, `event_type_id`, `heat_type_id`, `user_id`, `has_separate_gender_start_list`, `has_separate_category_start_list`)
  VALUES (9360, '2016-10-26 14:53:45', '2016-10-26 14:53:45', 2, '2000-01-01 08:18:00', 0, 1, NULL, 1792, 12, 3, 1, 1, 0);
INSERT INTO `meeting_events` (`id`, `created_at`, `updated_at`, `event_order`, `begin_time`, `is_out_of_race`, `is_autofilled`, `notes`, `meeting_session_id`, `event_type_id`, `heat_type_id`, `user_id`, `has_separate_gender_start_list`, `has_separate_category_start_list`)
  VALUES (9361, '2016-10-26 14:53:45', '2016-10-26 14:53:45', 3, '2000-01-01 08:46:00', 0, 1, NULL, 1792, 22, 3, 1, 1, 0);
INSERT INTO `meeting_events` (`id`, `created_at`, `updated_at`, `event_order`, `begin_time`, `is_out_of_race`, `is_autofilled`, `notes`, `meeting_session_id`, `event_type_id`, `heat_type_id`, `user_id`, `has_separate_gender_start_list`, `has_separate_category_start_list`)
  VALUES (9362, '2016-10-26 14:53:45', '2016-10-26 14:53:45', 4, '2000-01-01 09:16:00', 0, 1, NULL, 1792, 20, 3, 1, 1, 0);
INSERT INTO `meeting_events` (`id`, `created_at`, `updated_at`, `event_order`, `begin_time`, `is_out_of_race`, `is_autofilled`, `notes`, `meeting_session_id`, `event_type_id`, `heat_type_id`, `user_id`, `has_separate_gender_start_list`, `has_separate_category_start_list`)
  VALUES (9363, '2016-10-26 14:53:45', '2016-10-26 14:53:45', 5, '2000-01-01 09:48:00', 0, 1, NULL, 1792, 3, 3, 1, 1, 0);
INSERT INTO `meeting_events` (`id`, `created_at`, `updated_at`, `event_order`, `begin_time`, `is_out_of_race`, `is_autofilled`, `notes`, `meeting_session_id`, `event_type_id`, `heat_type_id`, `user_id`, `has_separate_gender_start_list`, `has_separate_category_start_list`)
  VALUES (9364, '2016-10-26 14:53:45', '2016-10-26 14:53:45', 6, '2000-01-01 10:28:00', 0, 1, NULL, 1792, 4, 3, 1, 1, 0);
INSERT INTO `meeting_events` (`id`, `created_at`, `updated_at`, `event_order`, `begin_time`, `is_out_of_race`, `is_autofilled`, `notes`, `meeting_session_id`, `event_type_id`, `heat_type_id`, `user_id`, `has_separate_gender_start_list`, `has_separate_category_start_list`)
  VALUES (9365, '2016-10-26 14:53:45', '2016-10-26 14:53:45', 7, '2000-01-01 11:00:00', 0, 1, NULL, 1792, 15, 3, 1, 1, 0);
INSERT INTO `meeting_events` (`id`, `created_at`, `updated_at`, `event_order`, `begin_time`, `is_out_of_race`, `is_autofilled`, `notes`, `meeting_session_id`, `event_type_id`, `heat_type_id`, `user_id`, `has_separate_gender_start_list`, `has_separate_category_start_list`)
  VALUES (9366, '2016-10-26 14:53:45', '2016-10-26 14:53:45', 8, '2000-01-01 11:34:00', 0, 1, NULL, 1792, 11, 3, 1, 1, 0);
INSERT INTO `meeting_events` (`id`, `created_at`, `updated_at`, `event_order`, `begin_time`, `is_out_of_race`, `is_autofilled`, `notes`, `meeting_session_id`, `event_type_id`, `heat_type_id`, `user_id`, `has_separate_gender_start_list`, `has_separate_category_start_list`)
  VALUES (9367, '2016-10-26 14:53:45', '2016-10-26 14:53:45', 9, '2000-01-01 12:04:00', 0, 1, NULL, 1792, 19, 3, 1, 1, 0);
INSERT INTO `meeting_events` (`id`, `created_at`, `updated_at`, `event_order`, `begin_time`, `is_out_of_race`, `is_autofilled`, `notes`, `meeting_session_id`, `event_type_id`, `heat_type_id`, `user_id`, `has_separate_gender_start_list`, `has_separate_category_start_list`)
  VALUES (9368, '2016-10-26 14:53:45', '2016-10-26 14:53:45', 10, '2000-01-01 12:42:00', 0, 1, NULL, 1792, 2, 3, 1, 1, 0);
INSERT INTO `meeting_events` (`id`, `created_at`, `updated_at`, `event_order`, `begin_time`, `is_out_of_race`, `is_autofilled`, `notes`, `meeting_session_id`, `event_type_id`, `heat_type_id`, `user_id`, `has_separate_gender_start_list`, `has_separate_category_start_list`)
  VALUES (9369, '2016-10-26 14:53:45', '2016-10-26 14:53:45', 11, '2000-01-01 13:20:30', 0, 1, NULL, 1792, 33, 3, 1, 1, 0);
INSERT INTO `meeting_events` (`id`, `created_at`, `updated_at`, `event_order`, `begin_time`, `is_out_of_race`, `is_autofilled`, `notes`, `meeting_session_id`, `event_type_id`, `heat_type_id`, `user_id`, `has_separate_gender_start_list`, `has_separate_category_start_list`)
  VALUES (9370, '2016-10-26 14:53:45', '2016-10-26 14:53:45', 12, '2000-01-01 13:19:30', 0, 1, NULL, 1792, 32, 3, 1, 1, 0);
INSERT INTO `meeting_sessions` (`id`, `session_order`, `scheduled_date`, `warm_up_time`, `begin_time`, `notes`, `meeting_id`, `swimming_pool_id`, `user_id`, `created_at`, `updated_at`, `description`, `is_autofilled`, `day_part_type_id`)
  VALUES (1793, 2, '2017-04-02', '2000-01-01 00:00:00', '2000-01-01 00:00:00', '', 16300, 174, 2, '2016-10-26 14:53:45', '2016-10-26 14:53:45', 'FINALI', 1, 2);

-- 15301-baridiprimavera TROFEO DI PRIMAVERA 2016-03-13
INSERT INTO `meetings` (`id`, `description`, `entry_deadline`, `has_warm_up_pool`, `is_under_25_admitted`, `reference_phone`, `reference_e_mail`, `reference_name`, `notes`, `has_invitation`, `has_start_list`, `are_results_acquired`, `max_individual_events`, `configuration_file`, `edition`, `season_id`, `user_id`, `created_at`, `updated_at`, `is_autofilled`, `header_date`, `code`, `header_year`, `max_individual_events_per_session`, `is_out_of_season`, `edition_type_id`, `timing_type_id`, `individual_score_computation_type_id`, `relay_score_computation_type_id`, `team_score_computation_type_id`, `meeting_score_computation_type_id`, `invitation`, `is_confirmed`)
  VALUES (16301, 'TROFEO DI PRIMAVERA', NULL, 0, 1, NULL, NULL, NULL, 'S.S.D. Sport Project', 0, 0, 0, 2, '?', 17, 162, 2, '2016-10-26 14:53:45', '2016-10-26 14:53:45', 1, '2017-03-12', 'baridiprimavera', '2017', 0, 0, 2, 3, 1, 1, 12, 1, NULL, 0);
INSERT INTO `meeting_sessions` (`id`, `session_order`, `scheduled_date`, `warm_up_time`, `begin_time`, `notes`, `meeting_id`, `swimming_pool_id`, `user_id`, `created_at`, `updated_at`, `description`, `is_autofilled`, `day_part_type_id`)
  VALUES (1794, 1, '2017-03-12', '2000-01-01 00:00:00', '2000-01-01 00:00:00', '', 16301, 120, 2, '2016-10-26 14:53:45', '2016-10-26 14:53:45', 'FINALI', 1, 1);
INSERT INTO `meeting_events` (`id`, `created_at`, `updated_at`, `event_order`, `begin_time`, `is_out_of_race`, `is_autofilled`, `notes`, `meeting_session_id`, `event_type_id`, `heat_type_id`, `user_id`, `has_separate_gender_start_list`, `has_separate_category_start_list`)
  VALUES (9371, '2016-10-26 14:53:45', '2016-10-26 14:53:45', 1, '2000-01-01 08:02:00', 0, 1, NULL, 1794, 16, 3, 1, 1, 0);
INSERT INTO `meeting_events` (`id`, `created_at`, `updated_at`, `event_order`, `begin_time`, `is_out_of_race`, `is_autofilled`, `notes`, `meeting_session_id`, `event_type_id`, `heat_type_id`, `user_id`, `has_separate_gender_start_list`, `has_separate_category_start_list`)
  VALUES (9372, '2016-10-26 14:53:45', '2016-10-26 14:53:45', 2, '2000-01-01 08:38:00', 0, 1, NULL, 1794, 13, 3, 1, 1, 0);
INSERT INTO `meeting_events` (`id`, `created_at`, `updated_at`, `event_order`, `begin_time`, `is_out_of_race`, `is_autofilled`, `notes`, `meeting_session_id`, `event_type_id`, `heat_type_id`, `user_id`, `has_separate_gender_start_list`, `has_separate_category_start_list`)
  VALUES (9373, '2016-10-26 14:53:45', '2016-10-26 14:53:45', 3, '2000-01-01 08:58:00', 0, 1, NULL, 1794, 23, 3, 1, 1, 0);
INSERT INTO `meeting_events` (`id`, `created_at`, `updated_at`, `event_order`, `begin_time`, `is_out_of_race`, `is_autofilled`, `notes`, `meeting_session_id`, `event_type_id`, `heat_type_id`, `user_id`, `has_separate_gender_start_list`, `has_separate_category_start_list`)
  VALUES (9374, '2016-10-26 14:53:45', '2016-10-26 14:53:45', 4, '2000-01-01 09:30:00', 0, 1, NULL, 1794, 21, 3, 1, 1, 0);
INSERT INTO `meeting_events` (`id`, `created_at`, `updated_at`, `event_order`, `begin_time`, `is_out_of_race`, `is_autofilled`, `notes`, `meeting_session_id`, `event_type_id`, `heat_type_id`, `user_id`, `has_separate_gender_start_list`, `has_separate_category_start_list`)
  VALUES (9375, '2016-10-26 14:53:45', '2016-10-26 14:53:45', 5, '2000-01-01 10:02:00', 0, 1, NULL, 1794, 4, 3, 1, 1, 0);
INSERT INTO `meeting_events` (`id`, `created_at`, `updated_at`, `event_order`, `begin_time`, `is_out_of_race`, `is_autofilled`, `notes`, `meeting_session_id`, `event_type_id`, `heat_type_id`, `user_id`, `has_separate_gender_start_list`, `has_separate_category_start_list`)
  VALUES (9376, '2016-10-26 14:53:45', '2016-10-26 14:53:45', 6, '2000-01-01 10:40:00', 0, 1, NULL, 1794, 24, 3, 1, 1, 0);
INSERT INTO `meeting_events` (`id`, `created_at`, `updated_at`, `event_order`, `begin_time`, `is_out_of_race`, `is_autofilled`, `notes`, `meeting_session_id`, `event_type_id`, `heat_type_id`, `user_id`, `has_separate_gender_start_list`, `has_separate_category_start_list`)
  VALUES (9377, '2016-10-26 14:53:45', '2016-10-26 14:53:45', 7, '2000-01-01 11:02:00', 0, 1, NULL, 1794, 5, 3, 1, 1, 0);
INSERT INTO `meeting_events` (`id`, `created_at`, `updated_at`, `event_order`, `begin_time`, `is_out_of_race`, `is_autofilled`, `notes`, `meeting_session_id`, `event_type_id`, `heat_type_id`, `user_id`, `has_separate_gender_start_list`, `has_separate_category_start_list`)
  VALUES (9378, '2016-10-26 14:53:45', '2016-10-26 14:53:45', 8, '2000-01-01 11:36:00', 0, 1, NULL, 1794, 15, 3, 1, 1, 0);
INSERT INTO `meeting_events` (`id`, `created_at`, `updated_at`, `event_order`, `begin_time`, `is_out_of_race`, `is_autofilled`, `notes`, `meeting_session_id`, `event_type_id`, `heat_type_id`, `user_id`, `has_separate_gender_start_list`, `has_separate_category_start_list`)
  VALUES (9379, '2016-10-26 14:53:45', '2016-10-26 14:53:45', 9, '2000-01-01 12:10:00', 0, 1, NULL, 1794, 11, 3, 1, 1, 0);
INSERT INTO `meeting_events` (`id`, `created_at`, `updated_at`, `event_order`, `begin_time`, `is_out_of_race`, `is_autofilled`, `notes`, `meeting_session_id`, `event_type_id`, `heat_type_id`, `user_id`, `has_separate_gender_start_list`, `has_separate_category_start_list`)
  VALUES (9380, '2016-10-26 14:53:45', '2016-10-26 14:53:45', 10, '2000-01-01 12:46:00', 0, 1, NULL, 1794, 19, 3, 1, 1, 0);
INSERT INTO `meeting_events` (`id`, `created_at`, `updated_at`, `event_order`, `begin_time`, `is_out_of_race`, `is_autofilled`, `notes`, `meeting_session_id`, `event_type_id`, `heat_type_id`, `user_id`, `has_separate_gender_start_list`, `has_separate_category_start_list`)
  VALUES (9381, '2016-10-26 14:53:45', '2016-10-26 14:53:45', 11, '2000-01-01 13:22:00', 0, 1, NULL, 1794, 2, 3, 1, 1, 0);
INSERT INTO `meeting_events` (`id`, `created_at`, `updated_at`, `event_order`, `begin_time`, `is_out_of_race`, `is_autofilled`, `notes`, `meeting_session_id`, `event_type_id`, `heat_type_id`, `user_id`, `has_separate_gender_start_list`, `has_separate_category_start_list`)
  VALUES (9382, '2016-10-26 14:53:45', '2016-10-26 14:53:45', 12, '2000-01-01 14:00:30', 0, 1, NULL, 1794, 33, 3, 1, 1, 0);
INSERT INTO `meeting_events` (`id`, `created_at`, `updated_at`, `event_order`, `begin_time`, `is_out_of_race`, `is_autofilled`, `notes`, `meeting_session_id`, `event_type_id`, `heat_type_id`, `user_id`, `has_separate_gender_start_list`, `has_separate_category_start_list`)
  VALUES (9383, '2016-10-26 14:53:45', '2016-10-26 14:53:45', 13, '2000-01-01 13:59:30', 0, 1, NULL, 1794, 32, 3, 1, 1, 0);
INSERT INTO `meeting_sessions` (`id`, `session_order`, `scheduled_date`, `warm_up_time`, `begin_time`, `notes`, `meeting_id`, `swimming_pool_id`, `user_id`, `created_at`, `updated_at`, `description`, `is_autofilled`, `day_part_type_id`)
  VALUES (1795, 2, '2017-03-12', '2000-01-01 00:00:00', '2000-01-01 00:00:00', '', 16301, 120, 2, '2016-10-26 14:53:45', '2016-10-26 14:53:45', 'FINALI', 1, 2);

-- 15302-cataniaetnanuoto TROFEO ETNA NUOTO 2016-03-20
INSERT INTO `meetings` (`id`, `description`, `entry_deadline`, `has_warm_up_pool`, `is_under_25_admitted`, `reference_phone`, `reference_e_mail`, `reference_name`, `notes`, `has_invitation`, `has_start_list`, `are_results_acquired`, `max_individual_events`, `configuration_file`, `edition`, `season_id`, `user_id`, `created_at`, `updated_at`, `is_autofilled`, `header_date`, `code`, `header_year`, `max_individual_events_per_session`, `is_out_of_season`, `edition_type_id`, `timing_type_id`, `individual_score_computation_type_id`, `relay_score_computation_type_id`, `team_score_computation_type_id`, `meeting_score_computation_type_id`, `invitation`, `is_confirmed`)
  VALUES (16302, 'TROFEO ETNA NUOTO', NULL, 0, 1, NULL, NULL, NULL, 'Etna Nuoto ASD', 0, 0, 0, 2, '?', 17, 162, 2, '2016-10-26 14:53:45', '2016-10-26 14:53:45', 1, '2017-03-19', 'cataniaetnanuoto', '2017', 0, 0, 2, 3, 1, 1, 12, 1, NULL, 0);
INSERT INTO `meeting_sessions` (`id`, `session_order`, `scheduled_date`, `warm_up_time`, `begin_time`, `notes`, `meeting_id`, `swimming_pool_id`, `user_id`, `created_at`, `updated_at`, `description`, `is_autofilled`, `day_part_type_id`)
  VALUES (1796, 1, '2017-03-19', '2000-01-01 00:00:00', '2000-01-01 00:00:00', '', 16302, 97, 2, '2016-10-26 14:53:45', '2016-10-26 14:53:45', 'FINALI', 1, 1);
INSERT INTO `meeting_events` (`id`, `created_at`, `updated_at`, `event_order`, `begin_time`, `is_out_of_race`, `is_autofilled`, `notes`, `meeting_session_id`, `event_type_id`, `heat_type_id`, `user_id`, `has_separate_gender_start_list`, `has_separate_category_start_list`)
  VALUES (9384, '2016-10-26 14:53:45', '2016-10-26 14:53:45', 1, '2000-01-01 08:02:00', 0, 1, NULL, 1796, 12, 3, 1, 1, 0);
INSERT INTO `meeting_events` (`id`, `created_at`, `updated_at`, `event_order`, `begin_time`, `is_out_of_race`, `is_autofilled`, `notes`, `meeting_session_id`, `event_type_id`, `heat_type_id`, `user_id`, `has_separate_gender_start_list`, `has_separate_category_start_list`)
  VALUES (9385, '2016-10-26 14:53:45', '2016-10-26 14:53:45', 2, '2000-01-01 08:22:00', 0, 1, NULL, 1796, 3, 3, 1, 1, 0);
INSERT INTO `meeting_events` (`id`, `created_at`, `updated_at`, `event_order`, `begin_time`, `is_out_of_race`, `is_autofilled`, `notes`, `meeting_session_id`, `event_type_id`, `heat_type_id`, `user_id`, `has_separate_gender_start_list`, `has_separate_category_start_list`)
  VALUES (9386, '2016-10-26 14:53:45', '2016-10-26 14:53:45', 3, '2000-01-01 09:00:00', 0, 1, NULL, 1796, 17, 3, 1, 1, 0);
INSERT INTO `meeting_events` (`id`, `created_at`, `updated_at`, `event_order`, `begin_time`, `is_out_of_race`, `is_autofilled`, `notes`, `meeting_session_id`, `event_type_id`, `heat_type_id`, `user_id`, `has_separate_gender_start_list`, `has_separate_category_start_list`)
  VALUES (9387, '2016-10-26 14:53:45', '2016-10-26 14:53:45', 4, '2000-01-01 09:32:00', 0, 1, NULL, 1796, 23, 3, 1, 1, 0);
INSERT INTO `meeting_events` (`id`, `created_at`, `updated_at`, `event_order`, `begin_time`, `is_out_of_race`, `is_autofilled`, `notes`, `meeting_session_id`, `event_type_id`, `heat_type_id`, `user_id`, `has_separate_gender_start_list`, `has_separate_category_start_list`)
  VALUES (9388, '2016-10-26 14:53:45', '2016-10-26 14:53:45', 5, '2000-01-01 10:04:00', 0, 1, NULL, 1796, 21, 3, 1, 1, 0);
INSERT INTO `meeting_events` (`id`, `created_at`, `updated_at`, `event_order`, `begin_time`, `is_out_of_race`, `is_autofilled`, `notes`, `meeting_session_id`, `event_type_id`, `heat_type_id`, `user_id`, `has_separate_gender_start_list`, `has_separate_category_start_list`)
  VALUES (9389, '2016-10-26 14:53:45', '2016-10-26 14:53:45', 6, '2000-01-01 10:38:00', 0, 1, NULL, 1796, 4, 3, 1, 1, 0);
INSERT INTO `meeting_events` (`id`, `created_at`, `updated_at`, `event_order`, `begin_time`, `is_out_of_race`, `is_autofilled`, `notes`, `meeting_session_id`, `event_type_id`, `heat_type_id`, `user_id`, `has_separate_gender_start_list`, `has_separate_category_start_list`)
  VALUES (9390, '2016-10-26 14:53:45', '2016-10-26 14:53:45', 7, '2000-01-01 11:06:00', 0, 1, NULL, 1796, 5, 3, 1, 1, 0);
INSERT INTO `meeting_events` (`id`, `created_at`, `updated_at`, `event_order`, `begin_time`, `is_out_of_race`, `is_autofilled`, `notes`, `meeting_session_id`, `event_type_id`, `heat_type_id`, `user_id`, `has_separate_gender_start_list`, `has_separate_category_start_list`)
  VALUES (9391, '2016-10-26 14:53:45', '2016-10-26 14:53:45', 8, '2000-01-01 11:36:00', 0, 1, NULL, 1796, 15, 3, 1, 1, 0);
INSERT INTO `meeting_events` (`id`, `created_at`, `updated_at`, `event_order`, `begin_time`, `is_out_of_race`, `is_autofilled`, `notes`, `meeting_session_id`, `event_type_id`, `heat_type_id`, `user_id`, `has_separate_gender_start_list`, `has_separate_category_start_list`)
  VALUES (9392, '2016-10-26 14:53:45', '2016-10-26 14:53:45', 9, '2000-01-01 12:18:00', 0, 1, NULL, 1796, 11, 3, 1, 1, 0);
INSERT INTO `meeting_events` (`id`, `created_at`, `updated_at`, `event_order`, `begin_time`, `is_out_of_race`, `is_autofilled`, `notes`, `meeting_session_id`, `event_type_id`, `heat_type_id`, `user_id`, `has_separate_gender_start_list`, `has_separate_category_start_list`)
  VALUES (9393, '2016-10-26 14:53:45', '2016-10-26 14:53:45', 10, '2000-01-01 12:50:00', 0, 1, NULL, 1796, 19, 3, 1, 1, 0);
INSERT INTO `meeting_events` (`id`, `created_at`, `updated_at`, `event_order`, `begin_time`, `is_out_of_race`, `is_autofilled`, `notes`, `meeting_session_id`, `event_type_id`, `heat_type_id`, `user_id`, `has_separate_gender_start_list`, `has_separate_category_start_list`)
  VALUES (9394, '2016-10-26 14:53:45', '2016-10-26 14:53:45', 11, '2000-01-01 13:30:00', 0, 1, NULL, 1796, 2, 3, 1, 1, 0);
INSERT INTO `meeting_events` (`id`, `created_at`, `updated_at`, `event_order`, `begin_time`, `is_out_of_race`, `is_autofilled`, `notes`, `meeting_session_id`, `event_type_id`, `heat_type_id`, `user_id`, `has_separate_gender_start_list`, `has_separate_category_start_list`)
  VALUES (9395, '2016-10-26 14:53:46', '2016-10-26 14:53:46', 12, '2000-01-01 14:12:30', 0, 1, NULL, 1796, 35, 3, 1, 1, 0);
INSERT INTO `meeting_events` (`id`, `created_at`, `updated_at`, `event_order`, `begin_time`, `is_out_of_race`, `is_autofilled`, `notes`, `meeting_session_id`, `event_type_id`, `heat_type_id`, `user_id`, `has_separate_gender_start_list`, `has_separate_category_start_list`)
  VALUES (9396, '2016-10-26 14:53:46', '2016-10-26 14:53:46', 13, '2000-01-01 14:12:30', 0, 1, NULL, 1796, 34, 3, 1, 1, 0);
INSERT INTO `meeting_events` (`id`, `created_at`, `updated_at`, `event_order`, `begin_time`, `is_out_of_race`, `is_autofilled`, `notes`, `meeting_session_id`, `event_type_id`, `heat_type_id`, `user_id`, `has_separate_gender_start_list`, `has_separate_category_start_list`)
  VALUES (9397, '2016-10-26 14:53:46', '2016-10-26 14:53:46', 14, '2000-01-01 14:12:30', 0, 1, NULL, 1796, 27, 3, 1, 1, 0);
INSERT INTO `meeting_events` (`id`, `created_at`, `updated_at`, `event_order`, `begin_time`, `is_out_of_race`, `is_autofilled`, `notes`, `meeting_session_id`, `event_type_id`, `heat_type_id`, `user_id`, `has_separate_gender_start_list`, `has_separate_category_start_list`)
  VALUES (9398, '2016-10-26 14:53:46', '2016-10-26 14:53:46', 15, '2000-01-01 14:09:30', 0, 1, NULL, 1796, 26, 3, 1, 1, 0);
INSERT INTO `meeting_sessions` (`id`, `session_order`, `scheduled_date`, `warm_up_time`, `begin_time`, `notes`, `meeting_id`, `swimming_pool_id`, `user_id`, `created_at`, `updated_at`, `description`, `is_autofilled`, `day_part_type_id`)
  VALUES (1797, 2, '2017-03-19', '2000-01-01 00:00:00', '2000-01-01 00:00:00', '', 16302, 97, 2, '2016-10-26 14:53:46', '2016-10-26 14:53:46', 'FINALI', 1, 2);

-- 15303-cagliarisardegnanuota SARDEGNA NUOTA 2016-03-20
INSERT INTO `meetings` (`id`, `description`, `entry_deadline`, `has_warm_up_pool`, `is_under_25_admitted`, `reference_phone`, `reference_e_mail`, `reference_name`, `notes`, `has_invitation`, `has_start_list`, `are_results_acquired`, `max_individual_events`, `configuration_file`, `edition`, `season_id`, `user_id`, `created_at`, `updated_at`, `is_autofilled`, `header_date`, `code`, `header_year`, `max_individual_events_per_session`, `is_out_of_season`, `edition_type_id`, `timing_type_id`, `individual_score_computation_type_id`, `relay_score_computation_type_id`, `team_score_computation_type_id`, `meeting_score_computation_type_id`, `invitation`, `is_confirmed`)
  VALUES (16303, 'SARDEGNA NUOTA', NULL, 0, 1, NULL, NULL, NULL, NULL, 0, 0, 0, 2, '?', 17, 162, 2, '2016-10-26 14:53:46', '2016-10-26 14:53:46', 1, '2017-03-19', 'cagliarisardegnanuota', '2017', 0, 0, 4, 3, 1, 1, 12, 1, NULL, 0);
INSERT INTO `meeting_sessions` (`id`, `session_order`, `scheduled_date`, `warm_up_time`, `begin_time`, `notes`, `meeting_id`, `swimming_pool_id`, `user_id`, `created_at`, `updated_at`, `description`, `is_autofilled`, `day_part_type_id`)
  VALUES (1798, 1, '2017-03-19', '2000-01-01 00:00:00', '2000-01-01 00:00:00', '', 16303, 157, 2, '2016-10-26 14:53:46', '2016-10-26 14:53:46', 'FINALI', 1, 1);
INSERT INTO `meeting_events` (`id`, `created_at`, `updated_at`, `event_order`, `begin_time`, `is_out_of_race`, `is_autofilled`, `notes`, `meeting_session_id`, `event_type_id`, `heat_type_id`, `user_id`, `has_separate_gender_start_list`, `has_separate_category_start_list`)
  VALUES (9399, '2016-10-26 14:53:46', '2016-10-26 14:53:46', 1, '2000-01-01 08:02:00', 0, 1, NULL, 1798, 16, 3, 1, 1, 0);
INSERT INTO `meeting_events` (`id`, `created_at`, `updated_at`, `event_order`, `begin_time`, `is_out_of_race`, `is_autofilled`, `notes`, `meeting_session_id`, `event_type_id`, `heat_type_id`, `user_id`, `has_separate_gender_start_list`, `has_separate_category_start_list`)
  VALUES (9400, '2016-10-26 14:53:46', '2016-10-26 14:53:46', 2, '2000-01-01 08:32:00', 0, 1, NULL, 1798, 12, 3, 1, 1, 0);
INSERT INTO `meeting_events` (`id`, `created_at`, `updated_at`, `event_order`, `begin_time`, `is_out_of_race`, `is_autofilled`, `notes`, `meeting_session_id`, `event_type_id`, `heat_type_id`, `user_id`, `has_separate_gender_start_list`, `has_separate_category_start_list`)
  VALUES (9401, '2016-10-26 14:53:46', '2016-10-26 14:53:46', 3, '2000-01-01 08:52:00', 0, 1, NULL, 1798, 20, 3, 1, 1, 0);
INSERT INTO `meeting_events` (`id`, `created_at`, `updated_at`, `event_order`, `begin_time`, `is_out_of_race`, `is_autofilled`, `notes`, `meeting_session_id`, `event_type_id`, `heat_type_id`, `user_id`, `has_separate_gender_start_list`, `has_separate_category_start_list`)
  VALUES (9402, '2016-10-26 14:53:46', '2016-10-26 14:53:46', 4, '2000-01-01 09:26:00', 0, 1, NULL, 1798, 3, 3, 1, 1, 0);
INSERT INTO `meeting_events` (`id`, `created_at`, `updated_at`, `event_order`, `begin_time`, `is_out_of_race`, `is_autofilled`, `notes`, `meeting_session_id`, `event_type_id`, `heat_type_id`, `user_id`, `has_separate_gender_start_list`, `has_separate_category_start_list`)
  VALUES (9403, '2016-10-26 14:53:46', '2016-10-26 14:53:46', 5, '2000-01-01 10:02:00', 0, 1, NULL, 1798, 23, 3, 1, 1, 0);
INSERT INTO `meeting_events` (`id`, `created_at`, `updated_at`, `event_order`, `begin_time`, `is_out_of_race`, `is_autofilled`, `notes`, `meeting_session_id`, `event_type_id`, `heat_type_id`, `user_id`, `has_separate_gender_start_list`, `has_separate_category_start_list`)
  VALUES (9404, '2016-10-26 14:53:46', '2016-10-26 14:53:46', 6, '2000-01-01 10:20:00', 0, 1, NULL, 1798, 5, 3, 1, 1, 0);
INSERT INTO `meeting_events` (`id`, `created_at`, `updated_at`, `event_order`, `begin_time`, `is_out_of_race`, `is_autofilled`, `notes`, `meeting_session_id`, `event_type_id`, `heat_type_id`, `user_id`, `has_separate_gender_start_list`, `has_separate_category_start_list`)
  VALUES (9405, '2016-10-26 14:53:46', '2016-10-26 14:53:46', 7, '2000-01-01 10:56:00', 0, 1, NULL, 1798, 15, 3, 1, 1, 0);
INSERT INTO `meeting_events` (`id`, `created_at`, `updated_at`, `event_order`, `begin_time`, `is_out_of_race`, `is_autofilled`, `notes`, `meeting_session_id`, `event_type_id`, `heat_type_id`, `user_id`, `has_separate_gender_start_list`, `has_separate_category_start_list`)
  VALUES (9406, '2016-10-26 14:53:46', '2016-10-26 14:53:46', 8, '2000-01-01 11:28:00', 0, 1, NULL, 1798, 11, 3, 1, 1, 0);
INSERT INTO `meeting_events` (`id`, `created_at`, `updated_at`, `event_order`, `begin_time`, `is_out_of_race`, `is_autofilled`, `notes`, `meeting_session_id`, `event_type_id`, `heat_type_id`, `user_id`, `has_separate_gender_start_list`, `has_separate_category_start_list`)
  VALUES (9407, '2016-10-26 14:53:46', '2016-10-26 14:53:46', 9, '2000-01-01 12:02:00', 0, 1, NULL, 1798, 19, 3, 1, 1, 0);
INSERT INTO `meeting_events` (`id`, `created_at`, `updated_at`, `event_order`, `begin_time`, `is_out_of_race`, `is_autofilled`, `notes`, `meeting_session_id`, `event_type_id`, `heat_type_id`, `user_id`, `has_separate_gender_start_list`, `has_separate_category_start_list`)
  VALUES (9408, '2016-10-26 14:53:46', '2016-10-26 14:53:46', 10, '2000-01-01 12:36:00', 0, 1, NULL, 1798, 2, 3, 1, 1, 0);
INSERT INTO `meeting_events` (`id`, `created_at`, `updated_at`, `event_order`, `begin_time`, `is_out_of_race`, `is_autofilled`, `notes`, `meeting_session_id`, `event_type_id`, `heat_type_id`, `user_id`, `has_separate_gender_start_list`, `has_separate_category_start_list`)
  VALUES (9409, '2016-10-26 14:53:46', '2016-10-26 14:53:46', 11, '2000-01-01 13:14:30', 0, 1, NULL, 1798, 25, 3, 1, 1, 0);
INSERT INTO `meeting_sessions` (`id`, `session_order`, `scheduled_date`, `warm_up_time`, `begin_time`, `notes`, `meeting_id`, `swimming_pool_id`, `user_id`, `created_at`, `updated_at`, `description`, `is_autofilled`, `day_part_type_id`)
  VALUES (1799, 2, '2017-03-19', '2000-01-01 00:00:00', '2000-01-01 00:00:00', '', 16303, 157, 2, '2016-10-26 14:53:46', '2016-10-26 14:53:46', 'FINALI', 1, 2);

-- 15304-romanantesostiensis TROFEO NANTES OSTIENSIS 2016-04-02
INSERT INTO `meetings` (`id`, `description`, `entry_deadline`, `has_warm_up_pool`, `is_under_25_admitted`, `reference_phone`, `reference_e_mail`, `reference_name`, `notes`, `has_invitation`, `has_start_list`, `are_results_acquired`, `max_individual_events`, `configuration_file`, `edition`, `season_id`, `user_id`, `created_at`, `updated_at`, `is_autofilled`, `header_date`, `code`, `header_year`, `max_individual_events_per_session`, `is_out_of_season`, `edition_type_id`, `timing_type_id`, `individual_score_computation_type_id`, `relay_score_computation_type_id`, `team_score_computation_type_id`, `meeting_score_computation_type_id`, `invitation`, `is_confirmed`)
  VALUES (16304, 'TROFEO NANTES OSTIENSIS', NULL, 0, 1, NULL, NULL, NULL, 'Nantes Ostiensis', 0, 0, 0, 2, '?', 17, 162, 2, '2016-10-26 14:53:46', '2016-10-26 14:53:46', 1, '2017-04-01', 'romanantesostiensis', '2017', 0, 0, 2, 3, 1, 1, 12, 1, NULL, 0);
INSERT INTO `meeting_sessions` (`id`, `session_order`, `scheduled_date`, `warm_up_time`, `begin_time`, `notes`, `meeting_id`, `swimming_pool_id`, `user_id`, `created_at`, `updated_at`, `description`, `is_autofilled`, `day_part_type_id`)
  VALUES (1800, 1, '2017-04-01', '2000-01-01 00:00:00', '2000-01-01 00:00:00', '', 16304, 83, 2, '2016-10-26 14:53:46', '2016-10-26 14:53:46', 'FINALI', 1, 2);
INSERT INTO `meeting_events` (`id`, `created_at`, `updated_at`, `event_order`, `begin_time`, `is_out_of_race`, `is_autofilled`, `notes`, `meeting_session_id`, `event_type_id`, `heat_type_id`, `user_id`, `has_separate_gender_start_list`, `has_separate_category_start_list`)
  VALUES (9410, '2016-10-26 14:53:46', '2016-10-26 14:53:46', 1, '2000-01-01 08:02:00', 0, 1, NULL, 1800, 16, 3, 1, 1, 0);
INSERT INTO `meeting_events` (`id`, `created_at`, `updated_at`, `event_order`, `begin_time`, `is_out_of_race`, `is_autofilled`, `notes`, `meeting_session_id`, `event_type_id`, `heat_type_id`, `user_id`, `has_separate_gender_start_list`, `has_separate_category_start_list`)
  VALUES (9411, '2016-10-26 14:53:46', '2016-10-26 14:53:46', 2, '2000-01-01 08:50:00', 0, 1, NULL, 1800, 12, 3, 1, 1, 0);
INSERT INTO `meeting_events` (`id`, `created_at`, `updated_at`, `event_order`, `begin_time`, `is_out_of_race`, `is_autofilled`, `notes`, `meeting_session_id`, `event_type_id`, `heat_type_id`, `user_id`, `has_separate_gender_start_list`, `has_separate_category_start_list`)
  VALUES (9412, '2016-10-26 14:53:46', '2016-10-26 14:53:46', 3, '2000-01-01 09:26:00', 0, 1, NULL, 1800, 20, 3, 1, 1, 0);
INSERT INTO `meeting_events` (`id`, `created_at`, `updated_at`, `event_order`, `begin_time`, `is_out_of_race`, `is_autofilled`, `notes`, `meeting_session_id`, `event_type_id`, `heat_type_id`, `user_id`, `has_separate_gender_start_list`, `has_separate_category_start_list`)
  VALUES (9413, '2016-10-26 14:53:46', '2016-10-26 14:53:46', 4, '2000-01-01 10:12:00', 0, 1, NULL, 1800, 3, 3, 1, 1, 0);
INSERT INTO `meeting_events` (`id`, `created_at`, `updated_at`, `event_order`, `begin_time`, `is_out_of_race`, `is_autofilled`, `notes`, `meeting_session_id`, `event_type_id`, `heat_type_id`, `user_id`, `has_separate_gender_start_list`, `has_separate_category_start_list`)
  VALUES (9414, '2016-10-26 14:53:46', '2016-10-26 14:53:46', 5, '2000-01-01 10:58:00', 0, 1, NULL, 1800, 17, 3, 1, 1, 0);
INSERT INTO `meeting_events` (`id`, `created_at`, `updated_at`, `event_order`, `begin_time`, `is_out_of_race`, `is_autofilled`, `notes`, `meeting_session_id`, `event_type_id`, `heat_type_id`, `user_id`, `has_separate_gender_start_list`, `has_separate_category_start_list`)
  VALUES (9415, '2016-10-26 14:53:46', '2016-10-26 14:53:46', 6, '2000-01-01 11:42:00', 0, 1, NULL, 1800, 23, 3, 1, 1, 0);
INSERT INTO `meeting_events` (`id`, `created_at`, `updated_at`, `event_order`, `begin_time`, `is_out_of_race`, `is_autofilled`, `notes`, `meeting_session_id`, `event_type_id`, `heat_type_id`, `user_id`, `has_separate_gender_start_list`, `has_separate_category_start_list`)
  VALUES (9416, '2016-10-26 14:53:46', '2016-10-26 14:53:46', 7, '2000-01-01 12:22:00', 0, 1, NULL, 1800, 21, 3, 1, 1, 0);
INSERT INTO `meeting_events` (`id`, `created_at`, `updated_at`, `event_order`, `begin_time`, `is_out_of_race`, `is_autofilled`, `notes`, `meeting_session_id`, `event_type_id`, `heat_type_id`, `user_id`, `has_separate_gender_start_list`, `has_separate_category_start_list`)
  VALUES (9417, '2016-10-26 14:53:46', '2016-10-26 14:53:46', 8, '2000-01-01 13:02:00', 0, 1, NULL, 1800, 4, 3, 1, 1, 0);
INSERT INTO `meeting_events` (`id`, `created_at`, `updated_at`, `event_order`, `begin_time`, `is_out_of_race`, `is_autofilled`, `notes`, `meeting_session_id`, `event_type_id`, `heat_type_id`, `user_id`, `has_separate_gender_start_list`, `has_separate_category_start_list`)
  VALUES (9418, '2016-10-26 14:53:46', '2016-10-26 14:53:46', 9, '2000-01-01 13:46:00', 0, 1, NULL, 1800, 15, 3, 1, 1, 0);
INSERT INTO `meeting_events` (`id`, `created_at`, `updated_at`, `event_order`, `begin_time`, `is_out_of_race`, `is_autofilled`, `notes`, `meeting_session_id`, `event_type_id`, `heat_type_id`, `user_id`, `has_separate_gender_start_list`, `has_separate_category_start_list`)
  VALUES (9419, '2016-10-26 14:53:46', '2016-10-26 14:53:46', 10, '2000-01-01 14:28:00', 0, 1, NULL, 1800, 11, 3, 1, 1, 0);
INSERT INTO `meeting_events` (`id`, `created_at`, `updated_at`, `event_order`, `begin_time`, `is_out_of_race`, `is_autofilled`, `notes`, `meeting_session_id`, `event_type_id`, `heat_type_id`, `user_id`, `has_separate_gender_start_list`, `has_separate_category_start_list`)
  VALUES (9420, '2016-10-26 14:53:46', '2016-10-26 14:53:46', 11, '2000-01-01 15:10:00', 0, 1, NULL, 1800, 19, 3, 1, 1, 0);
INSERT INTO `meeting_events` (`id`, `created_at`, `updated_at`, `event_order`, `begin_time`, `is_out_of_race`, `is_autofilled`, `notes`, `meeting_session_id`, `event_type_id`, `heat_type_id`, `user_id`, `has_separate_gender_start_list`, `has_separate_category_start_list`)
  VALUES (9421, '2016-10-26 14:53:46', '2016-10-26 14:53:46', 12, '2000-01-01 15:54:00', 0, 1, NULL, 1800, 2, 3, 1, 1, 0);
INSERT INTO `meeting_events` (`id`, `created_at`, `updated_at`, `event_order`, `begin_time`, `is_out_of_race`, `is_autofilled`, `notes`, `meeting_session_id`, `event_type_id`, `heat_type_id`, `user_id`, `has_separate_gender_start_list`, `has_separate_category_start_list`)
  VALUES (9422, '2016-10-26 14:53:46', '2016-10-26 14:53:46', 13, '2000-01-01 16:38:30', 0, 1, NULL, 1800, 33, 3, 1, 1, 0);
INSERT INTO `meeting_sessions` (`id`, `session_order`, `scheduled_date`, `warm_up_time`, `begin_time`, `notes`, `meeting_id`, `swimming_pool_id`, `user_id`, `created_at`, `updated_at`, `description`, `is_autofilled`, `day_part_type_id`)
  VALUES (1801, 2, '2017-04-02', '2000-01-01 00:00:00', '2000-01-01 00:00:00', '', 16304, 83, 2, '2016-10-26 14:53:46', '2016-10-26 14:53:46', 'FINALI', 1, 1);
INSERT INTO `meeting_sessions` (`id`, `session_order`, `scheduled_date`, `warm_up_time`, `begin_time`, `notes`, `meeting_id`, `swimming_pool_id`, `user_id`, `created_at`, `updated_at`, `description`, `is_autofilled`, `day_part_type_id`)
  VALUES (1802, 3, '2017-04-02', '2000-01-01 00:00:00', '2000-01-01 00:00:00', '', 16304, 83, 2, '2016-10-26 14:53:46', '2016-10-26 14:53:46', 'FINALI', 1, 2);

-- 15305-pavia TROFEO CITT DI PAVIA 2016-03-27
INSERT INTO `meetings` (`id`, `description`, `entry_deadline`, `has_warm_up_pool`, `is_under_25_admitted`, `reference_phone`, `reference_e_mail`, `reference_name`, `notes`, `has_invitation`, `has_start_list`, `are_results_acquired`, `max_individual_events`, `configuration_file`, `edition`, `season_id`, `user_id`, `created_at`, `updated_at`, `is_autofilled`, `header_date`, `code`, `header_year`, `max_individual_events_per_session`, `is_out_of_season`, `edition_type_id`, `timing_type_id`, `individual_score_computation_type_id`, `relay_score_computation_type_id`, `team_score_computation_type_id`, `meeting_score_computation_type_id`, `invitation`, `is_confirmed`)
  VALUES (16305, 'TROFEO CITT DI PAVIA', NULL, 0, 1, NULL, NULL, NULL, NULL, 0, 0, 0, 2, '?', 17, 162, 2, '2016-10-26 14:53:46', '2016-10-26 14:53:46', 1, '2017-03-26', 'pavia', '2017', 0, 0, 2, 3, 1, 1, 12, 1, NULL, 0);
INSERT INTO `meeting_sessions` (`id`, `session_order`, `scheduled_date`, `warm_up_time`, `begin_time`, `notes`, `meeting_id`, `swimming_pool_id`, `user_id`, `created_at`, `updated_at`, `description`, `is_autofilled`, `day_part_type_id`)
  VALUES (1803, 1, '2017-03-26', '2000-01-01 00:00:00', '2000-01-01 00:00:00', '', 16305, 122, 2, '2016-10-26 14:53:46', '2016-10-26 14:53:46', 'FINALI', 1, 1);
INSERT INTO `meeting_sessions` (`id`, `session_order`, `scheduled_date`, `warm_up_time`, `begin_time`, `notes`, `meeting_id`, `swimming_pool_id`, `user_id`, `created_at`, `updated_at`, `description`, `is_autofilled`, `day_part_type_id`)
  VALUES (1804, 2, '2017-03-26', '2000-01-01 00:00:00', '2000-01-01 00:00:00', '', 16305, 122, 2, '2016-10-26 14:53:46', '2016-10-26 14:53:46', 'FINALI', 1, 2);

-- 15306-luccailariadelcarretto TROFEO ILARIA DEL CARRETTO 2016-03-27
INSERT INTO `meetings` (`id`, `description`, `entry_deadline`, `has_warm_up_pool`, `is_under_25_admitted`, `reference_phone`, `reference_e_mail`, `reference_name`, `notes`, `has_invitation`, `has_start_list`, `are_results_acquired`, `max_individual_events`, `configuration_file`, `edition`, `season_id`, `user_id`, `created_at`, `updated_at`, `is_autofilled`, `header_date`, `code`, `header_year`, `max_individual_events_per_session`, `is_out_of_season`, `edition_type_id`, `timing_type_id`, `individual_score_computation_type_id`, `relay_score_computation_type_id`, `team_score_computation_type_id`, `meeting_score_computation_type_id`, `invitation`, `is_confirmed`)
  VALUES (16306, 'TROFEO ILARIA DEL CARRETTO', NULL, 0, 1, NULL, NULL, NULL, NULL, 0, 0, 0, 2, '?', 17, 162, 2, '2016-10-26 14:53:46', '2016-10-26 14:53:46', 1, '2017-03-26', 'luccailariadelcarretto', '2017', 0, 0, 2, 3, 1, 1, 12, 1, NULL, 0);
INSERT INTO `meeting_sessions` (`id`, `session_order`, `scheduled_date`, `warm_up_time`, `begin_time`, `notes`, `meeting_id`, `swimming_pool_id`, `user_id`, `created_at`, `updated_at`, `description`, `is_autofilled`, `day_part_type_id`)
  VALUES (1805, 1, '2017-03-26', '2000-01-01 00:00:00', '2000-01-01 00:00:00', '', 16306, 123, 2, '2016-10-26 14:53:46', '2016-10-26 14:53:46', 'FINALI', 1, 1);
INSERT INTO `meeting_sessions` (`id`, `session_order`, `scheduled_date`, `warm_up_time`, `begin_time`, `notes`, `meeting_id`, `swimming_pool_id`, `user_id`, `created_at`, `updated_at`, `description`, `is_autofilled`, `day_part_type_id`)
  VALUES (1806, 2, '2017-03-26', '2000-01-01 00:00:00', '2000-01-01 00:00:00', '', 16306, 123, 2, '2016-10-26 14:53:46', '2016-10-26 14:53:46', 'FINALI', 1, 2);

-- 15307-calimeraaquapool TROFEO AQUAPOOL 2016-03-27
INSERT INTO `meetings` (`id`, `description`, `entry_deadline`, `has_warm_up_pool`, `is_under_25_admitted`, `reference_phone`, `reference_e_mail`, `reference_name`, `notes`, `has_invitation`, `has_start_list`, `are_results_acquired`, `max_individual_events`, `configuration_file`, `edition`, `season_id`, `user_id`, `created_at`, `updated_at`, `is_autofilled`, `header_date`, `code`, `header_year`, `max_individual_events_per_session`, `is_out_of_season`, `edition_type_id`, `timing_type_id`, `individual_score_computation_type_id`, `relay_score_computation_type_id`, `team_score_computation_type_id`, `meeting_score_computation_type_id`, `invitation`, `is_confirmed`)
  VALUES (16307, 'TROFEO AQUAPOOL', NULL, 0, 1, NULL, NULL, NULL, NULL, 0, 0, 0, 2, '?', 17, 162, 2, '2016-10-26 14:53:46', '2016-10-26 14:53:46', 1, '2017-03-26', 'calimeraaquapool', '2017', 0, 0, 2, 3, 1, 1, 12, 1, NULL, 0);
INSERT INTO `meeting_sessions` (`id`, `session_order`, `scheduled_date`, `warm_up_time`, `begin_time`, `notes`, `meeting_id`, `swimming_pool_id`, `user_id`, `created_at`, `updated_at`, `description`, `is_autofilled`, `day_part_type_id`)
  VALUES (1807, 1, '2017-03-26', '2000-01-01 00:00:00', '2000-01-01 00:00:00', '', 16307, 175, 2, '2016-10-26 14:53:46', '2016-10-26 14:53:46', 'FINALI', 1, 1);
INSERT INTO `meeting_sessions` (`id`, `session_order`, `scheduled_date`, `warm_up_time`, `begin_time`, `notes`, `meeting_id`, `swimming_pool_id`, `user_id`, `created_at`, `updated_at`, `description`, `is_autofilled`, `day_part_type_id`)
  VALUES (1808, 2, '2017-03-26', '2000-01-01 00:00:00', '2000-01-01 00:00:00', '', 16307, 175, 2, '2016-10-26 14:53:46', '2016-10-26 14:53:46', 'FINALI', 1, 2);

-- 15308-legnano TROFEO CITT DI LEGNANO 2016-04-10
INSERT INTO `meetings` (`id`, `description`, `entry_deadline`, `has_warm_up_pool`, `is_under_25_admitted`, `reference_phone`, `reference_e_mail`, `reference_name`, `notes`, `has_invitation`, `has_start_list`, `are_results_acquired`, `max_individual_events`, `configuration_file`, `edition`, `season_id`, `user_id`, `created_at`, `updated_at`, `is_autofilled`, `header_date`, `code`, `header_year`, `max_individual_events_per_session`, `is_out_of_season`, `edition_type_id`, `timing_type_id`, `individual_score_computation_type_id`, `relay_score_computation_type_id`, `team_score_computation_type_id`, `meeting_score_computation_type_id`, `invitation`, `is_confirmed`)
  VALUES (16308, 'TROFEO CITT DI LEGNANO', NULL, 0, 1, NULL, NULL, NULL, 'Rari Nantes Legnano', 0, 0, 0, 2, '?', 17, 162, 2, '2016-10-26 14:53:46', '2016-10-26 14:53:46', 1, '2017-04-09', 'legnano', '2017', 0, 0, 2, 3, 1, 1, 12, 1, NULL, 0);
INSERT INTO `meeting_sessions` (`id`, `session_order`, `scheduled_date`, `warm_up_time`, `begin_time`, `notes`, `meeting_id`, `swimming_pool_id`, `user_id`, `created_at`, `updated_at`, `description`, `is_autofilled`, `day_part_type_id`)
  VALUES (1809, 1, '2017-04-09', '2000-01-01 00:00:00', '2000-01-01 00:00:00', '', 16308, 128, 2, '2016-10-26 14:53:46', '2016-10-26 14:53:46', 'FINALI', 1, 1);
INSERT INTO `meeting_events` (`id`, `created_at`, `updated_at`, `event_order`, `begin_time`, `is_out_of_race`, `is_autofilled`, `notes`, `meeting_session_id`, `event_type_id`, `heat_type_id`, `user_id`, `has_separate_gender_start_list`, `has_separate_category_start_list`)
  VALUES (9423, '2016-10-26 14:53:46', '2016-10-26 14:53:46', 1, '2000-01-01 08:04:00', 0, 1, NULL, 1809, 16, 3, 1, 1, 0);
INSERT INTO `meeting_events` (`id`, `created_at`, `updated_at`, `event_order`, `begin_time`, `is_out_of_race`, `is_autofilled`, `notes`, `meeting_session_id`, `event_type_id`, `heat_type_id`, `user_id`, `has_separate_gender_start_list`, `has_separate_category_start_list`)
  VALUES (9424, '2016-10-26 14:53:46', '2016-10-26 14:53:46', 2, '2000-01-01 08:44:00', 0, 1, NULL, 1809, 22, 3, 1, 1, 0);
INSERT INTO `meeting_events` (`id`, `created_at`, `updated_at`, `event_order`, `begin_time`, `is_out_of_race`, `is_autofilled`, `notes`, `meeting_session_id`, `event_type_id`, `heat_type_id`, `user_id`, `has_separate_gender_start_list`, `has_separate_category_start_list`)
  VALUES (9425, '2016-10-26 14:53:46', '2016-10-26 14:53:46', 3, '2000-01-01 09:28:00', 0, 1, NULL, 1809, 3, 3, 1, 1, 0);
INSERT INTO `meeting_events` (`id`, `created_at`, `updated_at`, `event_order`, `begin_time`, `is_out_of_race`, `is_autofilled`, `notes`, `meeting_session_id`, `event_type_id`, `heat_type_id`, `user_id`, `has_separate_gender_start_list`, `has_separate_category_start_list`)
  VALUES (9426, '2016-10-26 14:53:46', '2016-10-26 14:53:46', 4, '2000-01-01 10:14:00', 0, 1, NULL, 1809, 23, 3, 1, 1, 0);
INSERT INTO `meeting_events` (`id`, `created_at`, `updated_at`, `event_order`, `begin_time`, `is_out_of_race`, `is_autofilled`, `notes`, `meeting_session_id`, `event_type_id`, `heat_type_id`, `user_id`, `has_separate_gender_start_list`, `has_separate_category_start_list`)
  VALUES (9427, '2016-10-26 14:53:46', '2016-10-26 14:53:46', 5, '2000-01-01 10:48:00', 0, 1, NULL, 1809, 21, 3, 1, 1, 0);
INSERT INTO `meeting_events` (`id`, `created_at`, `updated_at`, `event_order`, `begin_time`, `is_out_of_race`, `is_autofilled`, `notes`, `meeting_session_id`, `event_type_id`, `heat_type_id`, `user_id`, `has_separate_gender_start_list`, `has_separate_category_start_list`)
  VALUES (9428, '2016-10-26 14:53:46', '2016-10-26 14:53:46', 6, '2000-01-01 11:32:00', 0, 1, NULL, 1809, 11, 3, 1, 1, 0);
INSERT INTO `meeting_events` (`id`, `created_at`, `updated_at`, `event_order`, `begin_time`, `is_out_of_race`, `is_autofilled`, `notes`, `meeting_session_id`, `event_type_id`, `heat_type_id`, `user_id`, `has_separate_gender_start_list`, `has_separate_category_start_list`)
  VALUES (9429, '2016-10-26 14:53:46', '2016-10-26 14:53:46', 7, '2000-01-01 12:14:00', 0, 1, NULL, 1809, 19, 3, 1, 1, 0);
INSERT INTO `meeting_events` (`id`, `created_at`, `updated_at`, `event_order`, `begin_time`, `is_out_of_race`, `is_autofilled`, `notes`, `meeting_session_id`, `event_type_id`, `heat_type_id`, `user_id`, `has_separate_gender_start_list`, `has_separate_category_start_list`)
  VALUES (9430, '2016-10-26 14:53:46', '2016-10-26 14:53:46', 8, '2000-01-01 13:00:00', 0, 1, NULL, 1809, 2, 3, 1, 1, 0);
INSERT INTO `meeting_events` (`id`, `created_at`, `updated_at`, `event_order`, `begin_time`, `is_out_of_race`, `is_autofilled`, `notes`, `meeting_session_id`, `event_type_id`, `heat_type_id`, `user_id`, `has_separate_gender_start_list`, `has_separate_category_start_list`)
  VALUES (9431, '2016-10-26 14:53:46', '2016-10-26 14:53:46', 9, '2000-01-01 13:42:30', 0, 1, NULL, 1809, 33, 3, 1, 1, 0);
INSERT INTO `meeting_events` (`id`, `created_at`, `updated_at`, `event_order`, `begin_time`, `is_out_of_race`, `is_autofilled`, `notes`, `meeting_session_id`, `event_type_id`, `heat_type_id`, `user_id`, `has_separate_gender_start_list`, `has_separate_category_start_list`)
  VALUES (9432, '2016-10-26 14:53:46', '2016-10-26 14:53:46', 10, '2000-01-01 13:40:00', 0, 1, NULL, 1809, 25, 3, 1, 1, 0);
INSERT INTO `meeting_sessions` (`id`, `session_order`, `scheduled_date`, `warm_up_time`, `begin_time`, `notes`, `meeting_id`, `swimming_pool_id`, `user_id`, `created_at`, `updated_at`, `description`, `is_autofilled`, `day_part_type_id`)
  VALUES (1810, 2, '2017-04-09', '2000-01-01 00:00:00', '2000-01-01 00:00:00', '', 16308, 128, 2, '2016-10-26 14:53:46', '2016-10-26 14:53:46', 'FINALI', 1, 2);

-- 15309-follonica COPPA CITT DI FOLLONICA 2016-04-10
INSERT INTO `meetings` (`id`, `description`, `entry_deadline`, `has_warm_up_pool`, `is_under_25_admitted`, `reference_phone`, `reference_e_mail`, `reference_name`, `notes`, `has_invitation`, `has_start_list`, `are_results_acquired`, `max_individual_events`, `configuration_file`, `edition`, `season_id`, `user_id`, `created_at`, `updated_at`, `is_autofilled`, `header_date`, `code`, `header_year`, `max_individual_events_per_session`, `is_out_of_season`, `edition_type_id`, `timing_type_id`, `individual_score_computation_type_id`, `relay_score_computation_type_id`, `team_score_computation_type_id`, `meeting_score_computation_type_id`, `invitation`, `is_confirmed`)
  VALUES (16309, 'COPPA CITT DI FOLLONICA', NULL, 0, 1, NULL, NULL, NULL, NULL, 0, 0, 0, 2, '?', 17, 162, 2, '2016-10-26 14:53:46', '2016-10-26 14:53:46', 1, '2017-04-09', 'follonica', '2017', 0, 0, 2, 3, 1, 1, 12, 1, NULL, 0);
INSERT INTO `meeting_sessions` (`id`, `session_order`, `scheduled_date`, `warm_up_time`, `begin_time`, `notes`, `meeting_id`, `swimming_pool_id`, `user_id`, `created_at`, `updated_at`, `description`, `is_autofilled`, `day_part_type_id`)
  VALUES (1811, 1, '2017-04-09', '2000-01-01 00:00:00', '2000-01-01 00:00:00', '', 16309, 118, 2, '2016-10-26 14:53:46', '2016-10-26 14:53:46', 'FINALI', 1, 1);
INSERT INTO `meeting_sessions` (`id`, `session_order`, `scheduled_date`, `warm_up_time`, `begin_time`, `notes`, `meeting_id`, `swimming_pool_id`, `user_id`, `created_at`, `updated_at`, `description`, `is_autofilled`, `day_part_type_id`)
  VALUES (1812, 2, '2017-04-09', '2000-01-01 00:00:00', '2000-01-01 00:00:00', '', 16309, 118, 2, '2016-10-26 14:53:46', '2016-10-26 14:53:46', 'FINALI', 1, 2);

-- 15310-striano MEETING CITTA' DI STRIANO 2016-04-17
INSERT INTO `meetings` (`id`, `description`, `entry_deadline`, `has_warm_up_pool`, `is_under_25_admitted`, `reference_phone`, `reference_e_mail`, `reference_name`, `notes`, `has_invitation`, `has_start_list`, `are_results_acquired`, `max_individual_events`, `configuration_file`, `edition`, `season_id`, `user_id`, `created_at`, `updated_at`, `is_autofilled`, `header_date`, `code`, `header_year`, `max_individual_events_per_session`, `is_out_of_season`, `edition_type_id`, `timing_type_id`, `individual_score_computation_type_id`, `relay_score_computation_type_id`, `team_score_computation_type_id`, `meeting_score_computation_type_id`, `invitation`, `is_confirmed`)
  VALUES (16310, 'MEETING CITTA'' DI STRIANO', NULL, 0, 1, NULL, NULL, NULL, 'SSD Sintesi', 0, 0, 0, 2, '?', 17, 162, 2, '2016-10-26 14:53:46', '2016-10-26 14:53:46', 1, '2017-04-16', 'striano', '2017', 0, 0, 2, 3, 1, 1, 12, 1, NULL, 0);
INSERT INTO `meeting_sessions` (`id`, `session_order`, `scheduled_date`, `warm_up_time`, `begin_time`, `notes`, `meeting_id`, `swimming_pool_id`, `user_id`, `created_at`, `updated_at`, `description`, `is_autofilled`, `day_part_type_id`)
  VALUES (1813, 1, '2017-04-16', '2000-01-01 00:00:00', '2000-01-01 00:00:00', '', 16310, 62, 2, '2016-10-26 14:53:46', '2016-10-26 14:53:46', 'FINALI', 1, 1);
INSERT INTO `meeting_events` (`id`, `created_at`, `updated_at`, `event_order`, `begin_time`, `is_out_of_race`, `is_autofilled`, `notes`, `meeting_session_id`, `event_type_id`, `heat_type_id`, `user_id`, `has_separate_gender_start_list`, `has_separate_category_start_list`)
  VALUES (9433, '2016-10-26 14:53:46', '2016-10-26 14:53:46', 1, '2000-01-01 08:02:00', 0, 1, NULL, 1813, 16, 3, 1, 1, 0);
INSERT INTO `meeting_events` (`id`, `created_at`, `updated_at`, `event_order`, `begin_time`, `is_out_of_race`, `is_autofilled`, `notes`, `meeting_session_id`, `event_type_id`, `heat_type_id`, `user_id`, `has_separate_gender_start_list`, `has_separate_category_start_list`)
  VALUES (9434, '2016-10-26 14:53:46', '2016-10-26 14:53:46', 2, '2000-01-01 08:48:00', 0, 1, NULL, 1813, 22, 3, 1, 1, 0);
INSERT INTO `meeting_events` (`id`, `created_at`, `updated_at`, `event_order`, `begin_time`, `is_out_of_race`, `is_autofilled`, `notes`, `meeting_session_id`, `event_type_id`, `heat_type_id`, `user_id`, `has_separate_gender_start_list`, `has_separate_category_start_list`)
  VALUES (9435, '2016-10-26 14:53:46', '2016-10-26 14:53:46', 3, '2000-01-01 09:30:00', 0, 1, NULL, 1813, 3, 3, 1, 1, 0);
INSERT INTO `meeting_events` (`id`, `created_at`, `updated_at`, `event_order`, `begin_time`, `is_out_of_race`, `is_autofilled`, `notes`, `meeting_session_id`, `event_type_id`, `heat_type_id`, `user_id`, `has_separate_gender_start_list`, `has_separate_category_start_list`)
  VALUES (9436, '2016-10-26 14:53:46', '2016-10-26 14:53:46', 4, '2000-01-01 10:06:00', 0, 1, NULL, 1813, 13, 3, 1, 1, 0);
INSERT INTO `meeting_events` (`id`, `created_at`, `updated_at`, `event_order`, `begin_time`, `is_out_of_race`, `is_autofilled`, `notes`, `meeting_session_id`, `event_type_id`, `heat_type_id`, `user_id`, `has_separate_gender_start_list`, `has_separate_category_start_list`)
  VALUES (9437, '2016-10-26 14:53:46', '2016-10-26 14:53:46', 5, '2000-01-01 10:28:00', 0, 1, NULL, 1813, 4, 3, 1, 1, 0);
INSERT INTO `meeting_events` (`id`, `created_at`, `updated_at`, `event_order`, `begin_time`, `is_out_of_race`, `is_autofilled`, `notes`, `meeting_session_id`, `event_type_id`, `heat_type_id`, `user_id`, `has_separate_gender_start_list`, `has_separate_category_start_list`)
  VALUES (9438, '2016-10-26 14:53:46', '2016-10-26 14:53:46', 6, '2000-01-01 11:08:00', 0, 1, NULL, 1813, 11, 3, 1, 1, 0);
INSERT INTO `meeting_events` (`id`, `created_at`, `updated_at`, `event_order`, `begin_time`, `is_out_of_race`, `is_autofilled`, `notes`, `meeting_session_id`, `event_type_id`, `heat_type_id`, `user_id`, `has_separate_gender_start_list`, `has_separate_category_start_list`)
  VALUES (9439, '2016-10-26 14:53:46', '2016-10-26 14:53:46', 7, '2000-01-01 11:48:00', 0, 1, NULL, 1813, 19, 3, 1, 1, 0);
INSERT INTO `meeting_events` (`id`, `created_at`, `updated_at`, `event_order`, `begin_time`, `is_out_of_race`, `is_autofilled`, `notes`, `meeting_session_id`, `event_type_id`, `heat_type_id`, `user_id`, `has_separate_gender_start_list`, `has_separate_category_start_list`)
  VALUES (9440, '2016-10-26 14:53:46', '2016-10-26 14:53:46', 8, '2000-01-01 12:36:00', 0, 1, NULL, 1813, 2, 3, 1, 1, 0);
INSERT INTO `meeting_events` (`id`, `created_at`, `updated_at`, `event_order`, `begin_time`, `is_out_of_race`, `is_autofilled`, `notes`, `meeting_session_id`, `event_type_id`, `heat_type_id`, `user_id`, `has_separate_gender_start_list`, `has_separate_category_start_list`)
  VALUES (9441, '2016-10-26 14:53:46', '2016-10-26 14:53:46', 9, '2000-01-01 13:24:30', 0, 1, NULL, 1813, 33, 3, 1, 1, 0);
INSERT INTO `meeting_events` (`id`, `created_at`, `updated_at`, `event_order`, `begin_time`, `is_out_of_race`, `is_autofilled`, `notes`, `meeting_session_id`, `event_type_id`, `heat_type_id`, `user_id`, `has_separate_gender_start_list`, `has_separate_category_start_list`)
  VALUES (9442, '2016-10-26 14:53:47', '2016-10-26 14:53:47', 10, '2000-01-01 13:23:30', 0, 1, NULL, 1813, 32, 3, 1, 1, 0);
INSERT INTO `meeting_events` (`id`, `created_at`, `updated_at`, `event_order`, `begin_time`, `is_out_of_race`, `is_autofilled`, `notes`, `meeting_session_id`, `event_type_id`, `heat_type_id`, `user_id`, `has_separate_gender_start_list`, `has_separate_category_start_list`)
  VALUES (9443, '2016-10-26 14:53:47', '2016-10-26 14:53:47', 11, '2000-01-01 13:21:30', 0, 1, NULL, 1813, 26, 3, 1, 1, 0);
INSERT INTO `meeting_events` (`id`, `created_at`, `updated_at`, `event_order`, `begin_time`, `is_out_of_race`, `is_autofilled`, `notes`, `meeting_session_id`, `event_type_id`, `heat_type_id`, `user_id`, `has_separate_gender_start_list`, `has_separate_category_start_list`)
  VALUES (9444, '2016-10-26 14:53:47', '2016-10-26 14:53:47', 12, '2000-01-01 13:09:30', 0, 1, NULL, 1813, 25, 3, 1, 1, 0);
INSERT INTO `meeting_sessions` (`id`, `session_order`, `scheduled_date`, `warm_up_time`, `begin_time`, `notes`, `meeting_id`, `swimming_pool_id`, `user_id`, `created_at`, `updated_at`, `description`, `is_autofilled`, `day_part_type_id`)
  VALUES (1814, 2, '2017-04-16', '2000-01-01 00:00:00', '2000-01-01 00:00:00', '', 16310, 62, 2, '2016-10-26 14:53:47', '2016-10-26 14:53:47', 'FINALI', 1, 2);

-- 15311-castellanagrotteswimonthecaves TROFEO SWIM ON THE CAVES 2016-04-10
INSERT INTO `meetings` (`id`, `description`, `entry_deadline`, `has_warm_up_pool`, `is_under_25_admitted`, `reference_phone`, `reference_e_mail`, `reference_name`, `notes`, `has_invitation`, `has_start_list`, `are_results_acquired`, `max_individual_events`, `configuration_file`, `edition`, `season_id`, `user_id`, `created_at`, `updated_at`, `is_autofilled`, `header_date`, `code`, `header_year`, `max_individual_events_per_session`, `is_out_of_season`, `edition_type_id`, `timing_type_id`, `individual_score_computation_type_id`, `relay_score_computation_type_id`, `team_score_computation_type_id`, `meeting_score_computation_type_id`, `invitation`, `is_confirmed`)
  VALUES (16311, 'TROFEO SWIM ON THE CAVES', NULL, 0, 1, NULL, NULL, NULL, 'Nuoto Castellana', 0, 0, 0, 2, '?', 17, 162, 2, '2016-10-26 14:53:47', '2016-10-26 14:53:47', 1, '2017-04-09', 'castellanagrotteswimonthecaves', '2017', 0, 0, 2, 3, 1, 1, 12, 1, NULL, 0);
INSERT INTO `meeting_sessions` (`id`, `session_order`, `scheduled_date`, `warm_up_time`, `begin_time`, `notes`, `meeting_id`, `swimming_pool_id`, `user_id`, `created_at`, `updated_at`, `description`, `is_autofilled`, `day_part_type_id`)
  VALUES (1815, 1, '2017-04-09', '2000-01-01 00:00:00', '2000-01-01 00:00:00', '', 16311, 125, 2, '2016-10-26 14:53:47', '2016-10-26 14:53:47', 'FINALI', 1, 1);
INSERT INTO `meeting_events` (`id`, `created_at`, `updated_at`, `event_order`, `begin_time`, `is_out_of_race`, `is_autofilled`, `notes`, `meeting_session_id`, `event_type_id`, `heat_type_id`, `user_id`, `has_separate_gender_start_list`, `has_separate_category_start_list`)
  VALUES (9445, '2016-10-26 14:53:47', '2016-10-26 14:53:47', 1, '2000-01-01 08:02:00', 0, 1, NULL, 1815, 16, 3, 1, 1, 0);
INSERT INTO `meeting_events` (`id`, `created_at`, `updated_at`, `event_order`, `begin_time`, `is_out_of_race`, `is_autofilled`, `notes`, `meeting_session_id`, `event_type_id`, `heat_type_id`, `user_id`, `has_separate_gender_start_list`, `has_separate_category_start_list`)
  VALUES (9446, '2016-10-26 14:53:47', '2016-10-26 14:53:47', 2, '2000-01-01 08:32:00', 0, 1, NULL, 1815, 12, 3, 1, 1, 0);
INSERT INTO `meeting_events` (`id`, `created_at`, `updated_at`, `event_order`, `begin_time`, `is_out_of_race`, `is_autofilled`, `notes`, `meeting_session_id`, `event_type_id`, `heat_type_id`, `user_id`, `has_separate_gender_start_list`, `has_separate_category_start_list`)
  VALUES (9447, '2016-10-26 14:53:47', '2016-10-26 14:53:47', 3, '2000-01-01 09:00:00', 0, 1, NULL, 1815, 20, 3, 1, 1, 0);
INSERT INTO `meeting_events` (`id`, `created_at`, `updated_at`, `event_order`, `begin_time`, `is_out_of_race`, `is_autofilled`, `notes`, `meeting_session_id`, `event_type_id`, `heat_type_id`, `user_id`, `has_separate_gender_start_list`, `has_separate_category_start_list`)
  VALUES (9448, '2016-10-26 14:53:47', '2016-10-26 14:53:47', 4, '2000-01-01 09:28:00', 0, 1, NULL, 1815, 3, 3, 1, 1, 0);
INSERT INTO `meeting_events` (`id`, `created_at`, `updated_at`, `event_order`, `begin_time`, `is_out_of_race`, `is_autofilled`, `notes`, `meeting_session_id`, `event_type_id`, `heat_type_id`, `user_id`, `has_separate_gender_start_list`, `has_separate_category_start_list`)
  VALUES (9449, '2016-10-26 14:53:47', '2016-10-26 14:53:47', 5, '2000-01-01 10:02:00', 0, 1, NULL, 1815, 5, 3, 1, 1, 0);
INSERT INTO `meeting_events` (`id`, `created_at`, `updated_at`, `event_order`, `begin_time`, `is_out_of_race`, `is_autofilled`, `notes`, `meeting_session_id`, `event_type_id`, `heat_type_id`, `user_id`, `has_separate_gender_start_list`, `has_separate_category_start_list`)
  VALUES (9450, '2016-10-26 14:53:47', '2016-10-26 14:53:47', 6, '2000-01-01 10:34:00', 0, 1, NULL, 1815, 15, 3, 1, 1, 0);
INSERT INTO `meeting_events` (`id`, `created_at`, `updated_at`, `event_order`, `begin_time`, `is_out_of_race`, `is_autofilled`, `notes`, `meeting_session_id`, `event_type_id`, `heat_type_id`, `user_id`, `has_separate_gender_start_list`, `has_separate_category_start_list`)
  VALUES (9451, '2016-10-26 14:53:47', '2016-10-26 14:53:47', 7, '2000-01-01 11:10:00', 0, 1, NULL, 1815, 11, 3, 1, 1, 0);
INSERT INTO `meeting_events` (`id`, `created_at`, `updated_at`, `event_order`, `begin_time`, `is_out_of_race`, `is_autofilled`, `notes`, `meeting_session_id`, `event_type_id`, `heat_type_id`, `user_id`, `has_separate_gender_start_list`, `has_separate_category_start_list`)
  VALUES (9452, '2016-10-26 14:53:47', '2016-10-26 14:53:47', 8, '2000-01-01 11:46:00', 0, 1, NULL, 1815, 19, 3, 1, 1, 0);
INSERT INTO `meeting_events` (`id`, `created_at`, `updated_at`, `event_order`, `begin_time`, `is_out_of_race`, `is_autofilled`, `notes`, `meeting_session_id`, `event_type_id`, `heat_type_id`, `user_id`, `has_separate_gender_start_list`, `has_separate_category_start_list`)
  VALUES (9453, '2016-10-26 14:53:47', '2016-10-26 14:53:47', 9, '2000-01-01 12:18:00', 0, 1, NULL, 1815, 2, 3, 1, 1, 0);
INSERT INTO `meeting_events` (`id`, `created_at`, `updated_at`, `event_order`, `begin_time`, `is_out_of_race`, `is_autofilled`, `notes`, `meeting_session_id`, `event_type_id`, `heat_type_id`, `user_id`, `has_separate_gender_start_list`, `has_separate_category_start_list`)
  VALUES (9454, '2016-10-26 14:53:47', '2016-10-26 14:53:47', 10, '2000-01-01 12:54:00', 0, 1, NULL, 1815, 6, 3, 1, 1, 0);
INSERT INTO `meeting_sessions` (`id`, `session_order`, `scheduled_date`, `warm_up_time`, `begin_time`, `notes`, `meeting_id`, `swimming_pool_id`, `user_id`, `created_at`, `updated_at`, `description`, `is_autofilled`, `day_part_type_id`)
  VALUES (1816, 2, '2017-04-09', '2000-01-01 00:00:00', '2000-01-01 00:00:00', '', 16311, 125, 2, '2016-10-26 14:53:47', '2016-10-26 14:53:47', 'FINALI', 1, 2);

-- 15312-campodipietraokmasterm2 TROFEO OK MASTER M2 2016-04-10
INSERT INTO `meetings` (`id`, `description`, `entry_deadline`, `has_warm_up_pool`, `is_under_25_admitted`, `reference_phone`, `reference_e_mail`, `reference_name`, `notes`, `has_invitation`, `has_start_list`, `are_results_acquired`, `max_individual_events`, `configuration_file`, `edition`, `season_id`, `user_id`, `created_at`, `updated_at`, `is_autofilled`, `header_date`, `code`, `header_year`, `max_individual_events_per_session`, `is_out_of_season`, `edition_type_id`, `timing_type_id`, `individual_score_computation_type_id`, `relay_score_computation_type_id`, `team_score_computation_type_id`, `meeting_score_computation_type_id`, `invitation`, `is_confirmed`)
  VALUES (16312, 'TROFEO OK MASTER M2', NULL, 0, 1, NULL, NULL, NULL, NULL, 0, 0, 0, 2, '?', 17, 162, 2, '2016-10-26 14:53:47', '2016-10-26 14:53:47', 1, '2017-04-09', 'campodipietraokmasterm2', '2017', 0, 0, 2, 3, 1, 1, 12, 1, NULL, 0);
INSERT INTO `meeting_sessions` (`id`, `session_order`, `scheduled_date`, `warm_up_time`, `begin_time`, `notes`, `meeting_id`, `swimming_pool_id`, `user_id`, `created_at`, `updated_at`, `description`, `is_autofilled`, `day_part_type_id`)
  VALUES (1817, 1, '2017-04-09', '2000-01-01 00:00:00', '2000-01-01 00:00:00', '', 16312, 119, 2, '2016-10-26 14:53:47', '2016-10-26 14:53:47', 'FINALI', 1, 1);
INSERT INTO `meeting_sessions` (`id`, `session_order`, `scheduled_date`, `warm_up_time`, `begin_time`, `notes`, `meeting_id`, `swimming_pool_id`, `user_id`, `created_at`, `updated_at`, `description`, `is_autofilled`, `day_part_type_id`)
  VALUES (1818, 2, '2017-04-09', '2000-01-01 00:00:00', '2000-01-01 00:00:00', '', 16312, 119, 2, '2016-10-26 14:53:47', '2016-10-26 14:53:47', 'FINALI', 1, 2);

-- 15313-trentotrentinomaster MEETING TRENTINO MASTER 2016-04-09
INSERT INTO `meetings` (`id`, `description`, `entry_deadline`, `has_warm_up_pool`, `is_under_25_admitted`, `reference_phone`, `reference_e_mail`, `reference_name`, `notes`, `has_invitation`, `has_start_list`, `are_results_acquired`, `max_individual_events`, `configuration_file`, `edition`, `season_id`, `user_id`, `created_at`, `updated_at`, `is_autofilled`, `header_date`, `code`, `header_year`, `max_individual_events_per_session`, `is_out_of_season`, `edition_type_id`, `timing_type_id`, `individual_score_computation_type_id`, `relay_score_computation_type_id`, `team_score_computation_type_id`, `meeting_score_computation_type_id`, `invitation`, `is_confirmed`)
  VALUES (16313, 'MEETING TRENTINO MASTER', NULL, 0, 1, NULL, NULL, NULL, 'RN Trento', 0, 0, 0, 2, '?', 17, 162, 2, '2016-10-26 14:53:47', '2016-10-26 14:53:47', 1, '2017-04-08', 'trentotrentinomaster', '2017', 0, 0, 2, 3, 1, 1, 12, 1, NULL, 0);
INSERT INTO `meeting_sessions` (`id`, `session_order`, `scheduled_date`, `warm_up_time`, `begin_time`, `notes`, `meeting_id`, `swimming_pool_id`, `user_id`, `created_at`, `updated_at`, `description`, `is_autofilled`, `day_part_type_id`)
  VALUES (1819, 1, '2017-04-08', '2000-01-01 00:00:00', '2000-01-01 00:00:00', '', 16313, 112, 2, '2016-10-26 14:53:47', '2016-10-26 14:53:47', 'FINALI', 1, 1);
INSERT INTO `meeting_events` (`id`, `created_at`, `updated_at`, `event_order`, `begin_time`, `is_out_of_race`, `is_autofilled`, `notes`, `meeting_session_id`, `event_type_id`, `heat_type_id`, `user_id`, `has_separate_gender_start_list`, `has_separate_category_start_list`)
  VALUES (9455, '2016-10-26 14:53:47', '2016-10-26 14:53:47', 1, '2000-01-01 08:02:00', 0, 1, NULL, 1819, 16, 3, 1, 1, 0);
INSERT INTO `meeting_events` (`id`, `created_at`, `updated_at`, `event_order`, `begin_time`, `is_out_of_race`, `is_autofilled`, `notes`, `meeting_session_id`, `event_type_id`, `heat_type_id`, `user_id`, `has_separate_gender_start_list`, `has_separate_category_start_list`)
  VALUES (9456, '2016-10-26 14:53:47', '2016-10-26 14:53:47', 2, '2000-01-01 08:14:00', 0, 1, NULL, 1819, 12, 3, 1, 1, 0);
INSERT INTO `meeting_events` (`id`, `created_at`, `updated_at`, `event_order`, `begin_time`, `is_out_of_race`, `is_autofilled`, `notes`, `meeting_session_id`, `event_type_id`, `heat_type_id`, `user_id`, `has_separate_gender_start_list`, `has_separate_category_start_list`)
  VALUES (9457, '2016-10-26 14:53:47', '2016-10-26 14:53:47', 3, '2000-01-01 08:40:00', 0, 1, NULL, 1819, 22, 3, 1, 1, 0);
INSERT INTO `meeting_events` (`id`, `created_at`, `updated_at`, `event_order`, `begin_time`, `is_out_of_race`, `is_autofilled`, `notes`, `meeting_session_id`, `event_type_id`, `heat_type_id`, `user_id`, `has_separate_gender_start_list`, `has_separate_category_start_list`)
  VALUES (9458, '2016-10-26 14:53:47', '2016-10-26 14:53:47', 4, '2000-01-01 09:16:00', 0, 1, NULL, 1819, 20, 3, 1, 1, 0);
INSERT INTO `meeting_events` (`id`, `created_at`, `updated_at`, `event_order`, `begin_time`, `is_out_of_race`, `is_autofilled`, `notes`, `meeting_session_id`, `event_type_id`, `heat_type_id`, `user_id`, `has_separate_gender_start_list`, `has_separate_category_start_list`)
  VALUES (9459, '2016-10-26 14:53:47', '2016-10-26 14:53:47', 5, '2000-01-01 09:48:00', 0, 1, NULL, 1819, 3, 3, 1, 1, 0);
INSERT INTO `meeting_events` (`id`, `created_at`, `updated_at`, `event_order`, `begin_time`, `is_out_of_race`, `is_autofilled`, `notes`, `meeting_session_id`, `event_type_id`, `heat_type_id`, `user_id`, `has_separate_gender_start_list`, `has_separate_category_start_list`)
  VALUES (9460, '2016-10-26 14:53:47', '2016-10-26 14:53:47', 6, '2000-01-01 10:30:00', 0, 1, NULL, 1819, 17, 3, 1, 1, 0);
INSERT INTO `meeting_events` (`id`, `created_at`, `updated_at`, `event_order`, `begin_time`, `is_out_of_race`, `is_autofilled`, `notes`, `meeting_session_id`, `event_type_id`, `heat_type_id`, `user_id`, `has_separate_gender_start_list`, `has_separate_category_start_list`)
  VALUES (9461, '2016-10-26 14:53:47', '2016-10-26 14:53:47', 7, '2000-01-01 10:54:00', 0, 1, NULL, 1819, 15, 3, 1, 1, 0);
INSERT INTO `meeting_events` (`id`, `created_at`, `updated_at`, `event_order`, `begin_time`, `is_out_of_race`, `is_autofilled`, `notes`, `meeting_session_id`, `event_type_id`, `heat_type_id`, `user_id`, `has_separate_gender_start_list`, `has_separate_category_start_list`)
  VALUES (9462, '2016-10-26 14:53:47', '2016-10-26 14:53:47', 8, '2000-01-01 11:26:00', 0, 1, NULL, 1819, 11, 3, 1, 1, 0);
INSERT INTO `meeting_events` (`id`, `created_at`, `updated_at`, `event_order`, `begin_time`, `is_out_of_race`, `is_autofilled`, `notes`, `meeting_session_id`, `event_type_id`, `heat_type_id`, `user_id`, `has_separate_gender_start_list`, `has_separate_category_start_list`)
  VALUES (9463, '2016-10-26 14:53:47', '2016-10-26 14:53:47', 9, '2000-01-01 11:52:00', 0, 1, NULL, 1819, 19, 3, 1, 1, 0);
INSERT INTO `meeting_events` (`id`, `created_at`, `updated_at`, `event_order`, `begin_time`, `is_out_of_race`, `is_autofilled`, `notes`, `meeting_session_id`, `event_type_id`, `heat_type_id`, `user_id`, `has_separate_gender_start_list`, `has_separate_category_start_list`)
  VALUES (9464, '2016-10-26 14:53:47', '2016-10-26 14:53:47', 10, '2000-01-01 12:34:00', 0, 1, NULL, 1819, 2, 3, 1, 1, 0);
INSERT INTO `meeting_events` (`id`, `created_at`, `updated_at`, `event_order`, `begin_time`, `is_out_of_race`, `is_autofilled`, `notes`, `meeting_session_id`, `event_type_id`, `heat_type_id`, `user_id`, `has_separate_gender_start_list`, `has_separate_category_start_list`)
  VALUES (9465, '2016-10-26 14:53:47', '2016-10-26 14:53:47', 11, '2000-01-01 13:14:30', 0, 1, NULL, 1819, 33, 3, 1, 1, 0);
INSERT INTO `meeting_events` (`id`, `created_at`, `updated_at`, `event_order`, `begin_time`, `is_out_of_race`, `is_autofilled`, `notes`, `meeting_session_id`, `event_type_id`, `heat_type_id`, `user_id`, `has_separate_gender_start_list`, `has_separate_category_start_list`)
  VALUES (9466, '2016-10-26 14:53:47', '2016-10-26 14:53:47', 12, '2000-01-01 13:13:30', 0, 1, NULL, 1819, 25, 3, 1, 1, 0);
INSERT INTO `meeting_sessions` (`id`, `session_order`, `scheduled_date`, `warm_up_time`, `begin_time`, `notes`, `meeting_id`, `swimming_pool_id`, `user_id`, `created_at`, `updated_at`, `description`, `is_autofilled`, `day_part_type_id`)
  VALUES (1820, 2, '2017-04-08', '2000-01-01 00:00:00', '2000-01-01 00:00:00', '', 16313, 112, 2, '2016-10-26 14:53:47', '2016-10-26 14:53:47', 'FINALI', 1, 2);

-- 15314-gualdotadinorolandopinacoli TROFEO ROLANDO PINACOLI 2016-04-09
INSERT INTO `meetings` (`id`, `description`, `entry_deadline`, `has_warm_up_pool`, `is_under_25_admitted`, `reference_phone`, `reference_e_mail`, `reference_name`, `notes`, `has_invitation`, `has_start_list`, `are_results_acquired`, `max_individual_events`, `configuration_file`, `edition`, `season_id`, `user_id`, `created_at`, `updated_at`, `is_autofilled`, `header_date`, `code`, `header_year`, `max_individual_events_per_session`, `is_out_of_season`, `edition_type_id`, `timing_type_id`, `individual_score_computation_type_id`, `relay_score_computation_type_id`, `team_score_computation_type_id`, `meeting_score_computation_type_id`, `invitation`, `is_confirmed`)
  VALUES (16314, 'TROFEO ROLANDO PINACOLI', NULL, 0, 1, NULL, NULL, NULL, 'Azzurra Race Team', 0, 0, 0, 2, '?', 17, 162, 2, '2016-10-26 14:53:47', '2016-10-26 14:53:47', 1, '2017-04-08', 'gualdotadinorolandopinacoli', '2017', 0, 0, 2, 3, 1, 1, 12, 1, NULL, 0);
INSERT INTO `meeting_sessions` (`id`, `session_order`, `scheduled_date`, `warm_up_time`, `begin_time`, `notes`, `meeting_id`, `swimming_pool_id`, `user_id`, `created_at`, `updated_at`, `description`, `is_autofilled`, `day_part_type_id`)
  VALUES (1821, 1, '2017-04-08', '2000-01-01 00:00:00', '2000-01-01 00:00:00', '', 16314, 127, 2, '2016-10-26 14:53:47', '2016-10-26 14:53:47', 'FINALI', 1, 2);
INSERT INTO `meeting_events` (`id`, `created_at`, `updated_at`, `event_order`, `begin_time`, `is_out_of_race`, `is_autofilled`, `notes`, `meeting_session_id`, `event_type_id`, `heat_type_id`, `user_id`, `has_separate_gender_start_list`, `has_separate_category_start_list`)
  VALUES (9467, '2016-10-26 14:53:47', '2016-10-26 14:53:47', 1, '2000-01-01 08:02:00', 0, 1, NULL, 1821, 16, 3, 1, 1, 0);
INSERT INTO `meeting_events` (`id`, `created_at`, `updated_at`, `event_order`, `begin_time`, `is_out_of_race`, `is_autofilled`, `notes`, `meeting_session_id`, `event_type_id`, `heat_type_id`, `user_id`, `has_separate_gender_start_list`, `has_separate_category_start_list`)
  VALUES (9468, '2016-10-26 14:53:47', '2016-10-26 14:53:47', 2, '2000-01-01 08:34:00', 0, 1, NULL, 1821, 12, 3, 1, 1, 0);
INSERT INTO `meeting_events` (`id`, `created_at`, `updated_at`, `event_order`, `begin_time`, `is_out_of_race`, `is_autofilled`, `notes`, `meeting_session_id`, `event_type_id`, `heat_type_id`, `user_id`, `has_separate_gender_start_list`, `has_separate_category_start_list`)
  VALUES (9469, '2016-10-26 14:53:47', '2016-10-26 14:53:47', 3, '2000-01-01 08:48:00', 0, 1, NULL, 1821, 22, 3, 1, 1, 0);
INSERT INTO `meeting_events` (`id`, `created_at`, `updated_at`, `event_order`, `begin_time`, `is_out_of_race`, `is_autofilled`, `notes`, `meeting_session_id`, `event_type_id`, `heat_type_id`, `user_id`, `has_separate_gender_start_list`, `has_separate_category_start_list`)
  VALUES (9470, '2016-10-26 14:53:47', '2016-10-26 14:53:47', 4, '2000-01-01 09:24:00', 0, 1, NULL, 1821, 20, 3, 1, 1, 0);
INSERT INTO `meeting_events` (`id`, `created_at`, `updated_at`, `event_order`, `begin_time`, `is_out_of_race`, `is_autofilled`, `notes`, `meeting_session_id`, `event_type_id`, `heat_type_id`, `user_id`, `has_separate_gender_start_list`, `has_separate_category_start_list`)
  VALUES (9471, '2016-10-26 14:53:47', '2016-10-26 14:53:47', 5, '2000-01-01 10:00:00', 0, 1, NULL, 1821, 3, 3, 1, 1, 0);
INSERT INTO `meeting_events` (`id`, `created_at`, `updated_at`, `event_order`, `begin_time`, `is_out_of_race`, `is_autofilled`, `notes`, `meeting_session_id`, `event_type_id`, `heat_type_id`, `user_id`, `has_separate_gender_start_list`, `has_separate_category_start_list`)
  VALUES (9472, '2016-10-26 14:53:47', '2016-10-26 14:53:47', 6, '2000-01-01 10:34:00', 0, 1, NULL, 1821, 7, 3, 1, 1, 0);
INSERT INTO `meeting_events` (`id`, `created_at`, `updated_at`, `event_order`, `begin_time`, `is_out_of_race`, `is_autofilled`, `notes`, `meeting_session_id`, `event_type_id`, `heat_type_id`, `user_id`, `has_separate_gender_start_list`, `has_separate_category_start_list`)
  VALUES (9473, '2016-10-26 14:53:47', '2016-10-26 14:53:47', 7, '2000-01-01 11:08:00', 0, 1, NULL, 1821, 17, 3, 1, 1, 0);
INSERT INTO `meeting_events` (`id`, `created_at`, `updated_at`, `event_order`, `begin_time`, `is_out_of_race`, `is_autofilled`, `notes`, `meeting_session_id`, `event_type_id`, `heat_type_id`, `user_id`, `has_separate_gender_start_list`, `has_separate_category_start_list`)
  VALUES (9474, '2016-10-26 14:53:47', '2016-10-26 14:53:47', 8, '2000-01-01 11:30:00', 0, 1, NULL, 1821, 13, 3, 1, 1, 0);
INSERT INTO `meeting_events` (`id`, `created_at`, `updated_at`, `event_order`, `begin_time`, `is_out_of_race`, `is_autofilled`, `notes`, `meeting_session_id`, `event_type_id`, `heat_type_id`, `user_id`, `has_separate_gender_start_list`, `has_separate_category_start_list`)
  VALUES (9475, '2016-10-26 14:53:47', '2016-10-26 14:53:47', 9, '2000-01-01 11:48:00', 0, 1, NULL, 1821, 23, 3, 1, 1, 0);
INSERT INTO `meeting_events` (`id`, `created_at`, `updated_at`, `event_order`, `begin_time`, `is_out_of_race`, `is_autofilled`, `notes`, `meeting_session_id`, `event_type_id`, `heat_type_id`, `user_id`, `has_separate_gender_start_list`, `has_separate_category_start_list`)
  VALUES (9476, '2016-10-26 14:53:47', '2016-10-26 14:53:47', 10, '2000-01-01 12:10:00', 0, 1, NULL, 1821, 21, 3, 1, 1, 0);
INSERT INTO `meeting_events` (`id`, `created_at`, `updated_at`, `event_order`, `begin_time`, `is_out_of_race`, `is_autofilled`, `notes`, `meeting_session_id`, `event_type_id`, `heat_type_id`, `user_id`, `has_separate_gender_start_list`, `has_separate_category_start_list`)
  VALUES (9477, '2016-10-26 14:53:47', '2016-10-26 14:53:47', 11, '2000-01-01 12:36:00', 0, 1, NULL, 1821, 4, 3, 1, 1, 0);
INSERT INTO `meeting_events` (`id`, `created_at`, `updated_at`, `event_order`, `begin_time`, `is_out_of_race`, `is_autofilled`, `notes`, `meeting_session_id`, `event_type_id`, `heat_type_id`, `user_id`, `has_separate_gender_start_list`, `has_separate_category_start_list`)
  VALUES (9478, '2016-10-26 14:53:47', '2016-10-26 14:53:47', 12, '2000-01-01 13:16:00', 0, 1, NULL, 1821, 24, 3, 1, 1, 0);
INSERT INTO `meeting_events` (`id`, `created_at`, `updated_at`, `event_order`, `begin_time`, `is_out_of_race`, `is_autofilled`, `notes`, `meeting_session_id`, `event_type_id`, `heat_type_id`, `user_id`, `has_separate_gender_start_list`, `has_separate_category_start_list`)
  VALUES (9479, '2016-10-26 14:53:47', '2016-10-26 14:53:47', 13, '2000-01-01 13:36:00', 0, 1, NULL, 1821, 5, 3, 1, 1, 0);
INSERT INTO `meeting_events` (`id`, `created_at`, `updated_at`, `event_order`, `begin_time`, `is_out_of_race`, `is_autofilled`, `notes`, `meeting_session_id`, `event_type_id`, `heat_type_id`, `user_id`, `has_separate_gender_start_list`, `has_separate_category_start_list`)
  VALUES (9480, '2016-10-26 14:53:47', '2016-10-26 14:53:47', 14, '2000-01-01 14:04:00', 0, 1, NULL, 1821, 15, 3, 1, 1, 0);
INSERT INTO `meeting_events` (`id`, `created_at`, `updated_at`, `event_order`, `begin_time`, `is_out_of_race`, `is_autofilled`, `notes`, `meeting_session_id`, `event_type_id`, `heat_type_id`, `user_id`, `has_separate_gender_start_list`, `has_separate_category_start_list`)
  VALUES (9481, '2016-10-26 14:53:47', '2016-10-26 14:53:47', 15, '2000-01-01 14:36:00', 0, 1, NULL, 1821, 11, 3, 1, 1, 0);
INSERT INTO `meeting_events` (`id`, `created_at`, `updated_at`, `event_order`, `begin_time`, `is_out_of_race`, `is_autofilled`, `notes`, `meeting_session_id`, `event_type_id`, `heat_type_id`, `user_id`, `has_separate_gender_start_list`, `has_separate_category_start_list`)
  VALUES (9482, '2016-10-26 14:53:47', '2016-10-26 14:53:47', 16, '2000-01-01 15:04:00', 0, 1, NULL, 1821, 19, 3, 1, 1, 0);
INSERT INTO `meeting_events` (`id`, `created_at`, `updated_at`, `event_order`, `begin_time`, `is_out_of_race`, `is_autofilled`, `notes`, `meeting_session_id`, `event_type_id`, `heat_type_id`, `user_id`, `has_separate_gender_start_list`, `has_separate_category_start_list`)
  VALUES (9483, '2016-10-26 14:53:47', '2016-10-26 14:53:47', 17, '2000-01-01 15:36:00', 0, 1, NULL, 1821, 2, 3, 1, 1, 0);
INSERT INTO `meeting_sessions` (`id`, `session_order`, `scheduled_date`, `warm_up_time`, `begin_time`, `notes`, `meeting_id`, `swimming_pool_id`, `user_id`, `created_at`, `updated_at`, `description`, `is_autofilled`, `day_part_type_id`)
  VALUES (1822, 2, '2017-04-09', '2000-01-01 00:00:00', '2000-01-01 00:00:00', '', 16314, 127, 2, '2016-10-26 14:53:47', '2016-10-26 14:53:47', 'FINALI', 1, 1);

-- 15315-baripaolopinto TROFEO PAOLO PINTO 2016-04-16
INSERT INTO `meetings` (`id`, `description`, `entry_deadline`, `has_warm_up_pool`, `is_under_25_admitted`, `reference_phone`, `reference_e_mail`, `reference_name`, `notes`, `has_invitation`, `has_start_list`, `are_results_acquired`, `max_individual_events`, `configuration_file`, `edition`, `season_id`, `user_id`, `created_at`, `updated_at`, `is_autofilled`, `header_date`, `code`, `header_year`, `max_individual_events_per_session`, `is_out_of_season`, `edition_type_id`, `timing_type_id`, `individual_score_computation_type_id`, `relay_score_computation_type_id`, `team_score_computation_type_id`, `meeting_score_computation_type_id`, `invitation`, `is_confirmed`)
  VALUES (16315, 'TROFEO PAOLO PINTO', NULL, 0, 1, NULL, NULL, NULL, 'CUS Bari', 0, 0, 0, 2, '?', 17, 162, 2, '2016-10-26 14:53:48', '2016-10-26 14:53:48', 1, '2017-04-15', 'baripaolopinto', '2017', 0, 0, 2, 3, 1, 1, 12, 1, NULL, 0);
INSERT INTO `meeting_sessions` (`id`, `session_order`, `scheduled_date`, `warm_up_time`, `begin_time`, `notes`, `meeting_id`, `swimming_pool_id`, `user_id`, `created_at`, `updated_at`, `description`, `is_autofilled`, `day_part_type_id`)
  VALUES (1823, 1, '2017-04-15', '2000-01-01 00:00:00', '2000-01-01 00:00:00', '', 16315, 130, 2, '2016-10-26 14:53:48', '2016-10-26 14:53:48', 'FINALI', 1, 2);
INSERT INTO `meeting_events` (`id`, `created_at`, `updated_at`, `event_order`, `begin_time`, `is_out_of_race`, `is_autofilled`, `notes`, `meeting_session_id`, `event_type_id`, `heat_type_id`, `user_id`, `has_separate_gender_start_list`, `has_separate_category_start_list`)
  VALUES (9484, '2016-10-26 14:53:48', '2016-10-26 14:53:48', 1, '2000-01-01 08:02:00', 0, 1, NULL, 1823, 16, 3, 1, 1, 0);
INSERT INTO `meeting_events` (`id`, `created_at`, `updated_at`, `event_order`, `begin_time`, `is_out_of_race`, `is_autofilled`, `notes`, `meeting_session_id`, `event_type_id`, `heat_type_id`, `user_id`, `has_separate_gender_start_list`, `has_separate_category_start_list`)
  VALUES (9485, '2016-10-26 14:53:48', '2016-10-26 14:53:48', 2, '2000-01-01 08:40:00', 0, 1, NULL, 1823, 12, 3, 1, 1, 0);
INSERT INTO `meeting_events` (`id`, `created_at`, `updated_at`, `event_order`, `begin_time`, `is_out_of_race`, `is_autofilled`, `notes`, `meeting_session_id`, `event_type_id`, `heat_type_id`, `user_id`, `has_separate_gender_start_list`, `has_separate_category_start_list`)
  VALUES (9486, '2016-10-26 14:53:48', '2016-10-26 14:53:48', 3, '2000-01-01 09:10:00', 0, 1, NULL, 1823, 20, 3, 1, 1, 0);
INSERT INTO `meeting_events` (`id`, `created_at`, `updated_at`, `event_order`, `begin_time`, `is_out_of_race`, `is_autofilled`, `notes`, `meeting_session_id`, `event_type_id`, `heat_type_id`, `user_id`, `has_separate_gender_start_list`, `has_separate_category_start_list`)
  VALUES (9487, '2016-10-26 14:53:48', '2016-10-26 14:53:48', 4, '2000-01-01 09:46:00', 0, 1, NULL, 1823, 3, 3, 1, 1, 0);
INSERT INTO `meeting_events` (`id`, `created_at`, `updated_at`, `event_order`, `begin_time`, `is_out_of_race`, `is_autofilled`, `notes`, `meeting_session_id`, `event_type_id`, `heat_type_id`, `user_id`, `has_separate_gender_start_list`, `has_separate_category_start_list`)
  VALUES (9488, '2016-10-26 14:53:48', '2016-10-26 14:53:48', 5, '2000-01-01 10:26:00', 0, 1, NULL, 1823, 7, 3, 1, 1, 0);
INSERT INTO `meeting_events` (`id`, `created_at`, `updated_at`, `event_order`, `begin_time`, `is_out_of_race`, `is_autofilled`, `notes`, `meeting_session_id`, `event_type_id`, `heat_type_id`, `user_id`, `has_separate_gender_start_list`, `has_separate_category_start_list`)
  VALUES (9489, '2016-10-26 14:53:48', '2016-10-26 14:53:48', 6, '2000-01-01 11:02:00', 0, 1, NULL, 1823, 23, 3, 1, 1, 0);
INSERT INTO `meeting_events` (`id`, `created_at`, `updated_at`, `event_order`, `begin_time`, `is_out_of_race`, `is_autofilled`, `notes`, `meeting_session_id`, `event_type_id`, `heat_type_id`, `user_id`, `has_separate_gender_start_list`, `has_separate_category_start_list`)
  VALUES (9490, '2016-10-26 14:53:48', '2016-10-26 14:53:48', 7, '2000-01-01 11:34:00', 0, 1, NULL, 1823, 21, 3, 1, 1, 0);
INSERT INTO `meeting_events` (`id`, `created_at`, `updated_at`, `event_order`, `begin_time`, `is_out_of_race`, `is_autofilled`, `notes`, `meeting_session_id`, `event_type_id`, `heat_type_id`, `user_id`, `has_separate_gender_start_list`, `has_separate_category_start_list`)
  VALUES (9491, '2016-10-26 14:53:48', '2016-10-26 14:53:48', 8, '2000-01-01 12:02:00', 0, 1, NULL, 1823, 4, 3, 1, 1, 0);
INSERT INTO `meeting_events` (`id`, `created_at`, `updated_at`, `event_order`, `begin_time`, `is_out_of_race`, `is_autofilled`, `notes`, `meeting_session_id`, `event_type_id`, `heat_type_id`, `user_id`, `has_separate_gender_start_list`, `has_separate_category_start_list`)
  VALUES (9492, '2016-10-26 14:53:48', '2016-10-26 14:53:48', 9, '2000-01-01 12:42:00', 0, 1, NULL, 1823, 15, 3, 1, 1, 0);
INSERT INTO `meeting_events` (`id`, `created_at`, `updated_at`, `event_order`, `begin_time`, `is_out_of_race`, `is_autofilled`, `notes`, `meeting_session_id`, `event_type_id`, `heat_type_id`, `user_id`, `has_separate_gender_start_list`, `has_separate_category_start_list`)
  VALUES (9493, '2016-10-26 14:53:48', '2016-10-26 14:53:48', 10, '2000-01-01 13:26:00', 0, 1, NULL, 1823, 11, 3, 1, 1, 0);
INSERT INTO `meeting_events` (`id`, `created_at`, `updated_at`, `event_order`, `begin_time`, `is_out_of_race`, `is_autofilled`, `notes`, `meeting_session_id`, `event_type_id`, `heat_type_id`, `user_id`, `has_separate_gender_start_list`, `has_separate_category_start_list`)
  VALUES (9494, '2016-10-26 14:53:48', '2016-10-26 14:53:48', 11, '2000-01-01 14:02:00', 0, 1, NULL, 1823, 19, 3, 1, 1, 0);
INSERT INTO `meeting_events` (`id`, `created_at`, `updated_at`, `event_order`, `begin_time`, `is_out_of_race`, `is_autofilled`, `notes`, `meeting_session_id`, `event_type_id`, `heat_type_id`, `user_id`, `has_separate_gender_start_list`, `has_separate_category_start_list`)
  VALUES (9495, '2016-10-26 14:53:48', '2016-10-26 14:53:48', 12, '2000-01-01 14:46:00', 0, 1, NULL, 1823, 2, 3, 1, 1, 0);
INSERT INTO `meeting_events` (`id`, `created_at`, `updated_at`, `event_order`, `begin_time`, `is_out_of_race`, `is_autofilled`, `notes`, `meeting_session_id`, `event_type_id`, `heat_type_id`, `user_id`, `has_separate_gender_start_list`, `has_separate_category_start_list`)
  VALUES (9496, '2016-10-26 14:53:48', '2016-10-26 14:53:48', 13, '2000-01-01 15:22:30', 0, 1, NULL, 1823, 28, 3, 1, 1, 0);
INSERT INTO `meeting_sessions` (`id`, `session_order`, `scheduled_date`, `warm_up_time`, `begin_time`, `notes`, `meeting_id`, `swimming_pool_id`, `user_id`, `created_at`, `updated_at`, `description`, `is_autofilled`, `day_part_type_id`)
  VALUES (1824, 2, '2017-04-16', '2000-01-01 00:00:00', '2000-01-01 00:00:00', '', 16315, 130, 2, '2016-10-26 14:53:48', '2016-10-26 14:53:48', 'FINALI', 1, 1);
INSERT INTO `meeting_sessions` (`id`, `session_order`, `scheduled_date`, `warm_up_time`, `begin_time`, `notes`, `meeting_id`, `swimming_pool_id`, `user_id`, `created_at`, `updated_at`, `description`, `is_autofilled`, `day_part_type_id`)
  VALUES (1825, 3, '2017-04-16', '2000-01-01 00:00:00', '2000-01-01 00:00:00', '', 16315, 130, 2, '2016-10-26 14:53:48', '2016-10-26 14:53:48', 'FINALI', 1, 2);

-- 15316-palermopolisportivapalermo TROFEO POLISPORTIVA PALERMO 2015-11-14
INSERT INTO `meetings` (`id`, `description`, `entry_deadline`, `has_warm_up_pool`, `is_under_25_admitted`, `reference_phone`, `reference_e_mail`, `reference_name`, `notes`, `has_invitation`, `has_start_list`, `are_results_acquired`, `max_individual_events`, `configuration_file`, `edition`, `season_id`, `user_id`, `created_at`, `updated_at`, `is_autofilled`, `header_date`, `code`, `header_year`, `max_individual_events_per_session`, `is_out_of_season`, `edition_type_id`, `timing_type_id`, `individual_score_computation_type_id`, `relay_score_computation_type_id`, `team_score_computation_type_id`, `meeting_score_computation_type_id`, `invitation`, `is_confirmed`)
  VALUES (16316, 'TROFEO POLISPORTIVA PALERMO', NULL, 0, 1, NULL, NULL, NULL, 'Polisportiva Mimmo Ferrito', 0, 0, 0, 2, '?', 17, 162, 2, '2016-10-26 14:53:48', '2016-10-26 14:53:48', 1, '2016-11-12', 'palermopolisportivapalermo', '2017', 0, 0, 2, 3, 1, 1, 12, 1, NULL, 0);
INSERT INTO `meeting_sessions` (`id`, `session_order`, `scheduled_date`, `warm_up_time`, `begin_time`, `notes`, `meeting_id`, `swimming_pool_id`, `user_id`, `created_at`, `updated_at`, `description`, `is_autofilled`, `day_part_type_id`)
  VALUES (1826, 1, '2016-11-12', '2000-01-01 00:00:00', '2000-01-01 00:00:00', '', 16316, 126, 2, '2016-10-26 14:53:48', '2016-10-26 14:53:48', 'FINALI', 1, 1);
INSERT INTO `meeting_events` (`id`, `created_at`, `updated_at`, `event_order`, `begin_time`, `is_out_of_race`, `is_autofilled`, `notes`, `meeting_session_id`, `event_type_id`, `heat_type_id`, `user_id`, `has_separate_gender_start_list`, `has_separate_category_start_list`)
  VALUES (9497, '2016-10-26 14:53:48', '2016-10-26 14:53:48', 1, '2000-01-01 08:02:00', 0, 1, NULL, 1826, 16, 3, 1, 1, 0);
INSERT INTO `meeting_events` (`id`, `created_at`, `updated_at`, `event_order`, `begin_time`, `is_out_of_race`, `is_autofilled`, `notes`, `meeting_session_id`, `event_type_id`, `heat_type_id`, `user_id`, `has_separate_gender_start_list`, `has_separate_category_start_list`)
  VALUES (9498, '2016-10-26 14:53:48', '2016-10-26 14:53:48', 2, '2000-01-01 08:24:00', 0, 1, NULL, 1826, 12, 3, 1, 1, 0);
INSERT INTO `meeting_events` (`id`, `created_at`, `updated_at`, `event_order`, `begin_time`, `is_out_of_race`, `is_autofilled`, `notes`, `meeting_session_id`, `event_type_id`, `heat_type_id`, `user_id`, `has_separate_gender_start_list`, `has_separate_category_start_list`)
  VALUES (9499, '2016-10-26 14:53:48', '2016-10-26 14:53:48', 3, '2000-01-01 08:42:00', 0, 1, NULL, 1826, 22, 3, 1, 1, 0);
INSERT INTO `meeting_events` (`id`, `created_at`, `updated_at`, `event_order`, `begin_time`, `is_out_of_race`, `is_autofilled`, `notes`, `meeting_session_id`, `event_type_id`, `heat_type_id`, `user_id`, `has_separate_gender_start_list`, `has_separate_category_start_list`)
  VALUES (9500, '2016-10-26 14:53:48', '2016-10-26 14:53:48', 4, '2000-01-01 09:22:00', 0, 1, NULL, 1826, 20, 3, 1, 1, 0);
INSERT INTO `meeting_events` (`id`, `created_at`, `updated_at`, `event_order`, `begin_time`, `is_out_of_race`, `is_autofilled`, `notes`, `meeting_session_id`, `event_type_id`, `heat_type_id`, `user_id`, `has_separate_gender_start_list`, `has_separate_category_start_list`)
  VALUES (9501, '2016-10-26 14:53:48', '2016-10-26 14:53:48', 5, '2000-01-01 09:56:00', 0, 1, NULL, 1826, 3, 3, 1, 1, 0);
INSERT INTO `meeting_events` (`id`, `created_at`, `updated_at`, `event_order`, `begin_time`, `is_out_of_race`, `is_autofilled`, `notes`, `meeting_session_id`, `event_type_id`, `heat_type_id`, `user_id`, `has_separate_gender_start_list`, `has_separate_category_start_list`)
  VALUES (9502, '2016-10-26 14:53:48', '2016-10-26 14:53:48', 6, '2000-01-01 10:32:00', 0, 1, NULL, 1826, 17, 3, 1, 1, 0);
INSERT INTO `meeting_events` (`id`, `created_at`, `updated_at`, `event_order`, `begin_time`, `is_out_of_race`, `is_autofilled`, `notes`, `meeting_session_id`, `event_type_id`, `heat_type_id`, `user_id`, `has_separate_gender_start_list`, `has_separate_category_start_list`)
  VALUES (9503, '2016-10-26 14:53:48', '2016-10-26 14:53:48', 7, '2000-01-01 10:48:00', 0, 1, NULL, 1826, 23, 3, 1, 1, 0);
INSERT INTO `meeting_events` (`id`, `created_at`, `updated_at`, `event_order`, `begin_time`, `is_out_of_race`, `is_autofilled`, `notes`, `meeting_session_id`, `event_type_id`, `heat_type_id`, `user_id`, `has_separate_gender_start_list`, `has_separate_category_start_list`)
  VALUES (9504, '2016-10-26 14:53:48', '2016-10-26 14:53:48', 8, '2000-01-01 11:10:00', 0, 1, NULL, 1826, 21, 3, 1, 1, 0);
INSERT INTO `meeting_events` (`id`, `created_at`, `updated_at`, `event_order`, `begin_time`, `is_out_of_race`, `is_autofilled`, `notes`, `meeting_session_id`, `event_type_id`, `heat_type_id`, `user_id`, `has_separate_gender_start_list`, `has_separate_category_start_list`)
  VALUES (9505, '2016-10-26 14:53:48', '2016-10-26 14:53:48', 9, '2000-01-01 11:34:00', 0, 1, NULL, 1826, 4, 3, 1, 1, 0);
INSERT INTO `meeting_events` (`id`, `created_at`, `updated_at`, `event_order`, `begin_time`, `is_out_of_race`, `is_autofilled`, `notes`, `meeting_session_id`, `event_type_id`, `heat_type_id`, `user_id`, `has_separate_gender_start_list`, `has_separate_category_start_list`)
  VALUES (9506, '2016-10-26 14:53:48', '2016-10-26 14:53:48', 10, '2000-01-01 12:10:00', 0, 1, NULL, 1826, 5, 3, 1, 1, 0);
INSERT INTO `meeting_events` (`id`, `created_at`, `updated_at`, `event_order`, `begin_time`, `is_out_of_race`, `is_autofilled`, `notes`, `meeting_session_id`, `event_type_id`, `heat_type_id`, `user_id`, `has_separate_gender_start_list`, `has_separate_category_start_list`)
  VALUES (9507, '2016-10-26 14:53:48', '2016-10-26 14:53:48', 11, '2000-01-01 12:42:00', 0, 1, NULL, 1826, 15, 3, 1, 1, 0);
INSERT INTO `meeting_events` (`id`, `created_at`, `updated_at`, `event_order`, `begin_time`, `is_out_of_race`, `is_autofilled`, `notes`, `meeting_session_id`, `event_type_id`, `heat_type_id`, `user_id`, `has_separate_gender_start_list`, `has_separate_category_start_list`)
  VALUES (9508, '2016-10-26 14:53:48', '2016-10-26 14:53:48', 12, '2000-01-01 13:16:00', 0, 1, NULL, 1826, 11, 3, 1, 1, 0);
INSERT INTO `meeting_events` (`id`, `created_at`, `updated_at`, `event_order`, `begin_time`, `is_out_of_race`, `is_autofilled`, `notes`, `meeting_session_id`, `event_type_id`, `heat_type_id`, `user_id`, `has_separate_gender_start_list`, `has_separate_category_start_list`)
  VALUES (9509, '2016-10-26 14:53:48', '2016-10-26 14:53:48', 13, '2000-01-01 13:54:00', 0, 1, NULL, 1826, 19, 3, 1, 1, 0);
INSERT INTO `meeting_events` (`id`, `created_at`, `updated_at`, `event_order`, `begin_time`, `is_out_of_race`, `is_autofilled`, `notes`, `meeting_session_id`, `event_type_id`, `heat_type_id`, `user_id`, `has_separate_gender_start_list`, `has_separate_category_start_list`)
  VALUES (9510, '2016-10-26 14:53:48', '2016-10-26 14:53:48', 14, '2000-01-01 14:32:00', 0, 1, NULL, 1826, 2, 3, 1, 1, 0);
INSERT INTO `meeting_events` (`id`, `created_at`, `updated_at`, `event_order`, `begin_time`, `is_out_of_race`, `is_autofilled`, `notes`, `meeting_session_id`, `event_type_id`, `heat_type_id`, `user_id`, `has_separate_gender_start_list`, `has_separate_category_start_list`)
  VALUES (9511, '2016-10-26 14:53:48', '2016-10-26 14:53:48', 15, '2000-01-01 15:12:00', 0, 1, NULL, 1826, 6, 3, 1, 1, 0);
INSERT INTO `meeting_events` (`id`, `created_at`, `updated_at`, `event_order`, `begin_time`, `is_out_of_race`, `is_autofilled`, `notes`, `meeting_session_id`, `event_type_id`, `heat_type_id`, `user_id`, `has_separate_gender_start_list`, `has_separate_category_start_list`)
  VALUES (9512, '2016-10-26 14:53:48', '2016-10-26 14:53:48', 16, '2000-01-01 15:59:43', 0, 1, NULL, 1826, 33, 3, 1, 1, 0);
INSERT INTO `meeting_events` (`id`, `created_at`, `updated_at`, `event_order`, `begin_time`, `is_out_of_race`, `is_autofilled`, `notes`, `meeting_session_id`, `event_type_id`, `heat_type_id`, `user_id`, `has_separate_gender_start_list`, `has_separate_category_start_list`)
  VALUES (9513, '2016-10-26 14:53:48', '2016-10-26 14:53:48', 17, '2000-01-01 16:11:26', 0, 1, NULL, 1826, 26, 3, 1, 1, 0);
INSERT INTO `meeting_events` (`id`, `created_at`, `updated_at`, `event_order`, `begin_time`, `is_out_of_race`, `is_autofilled`, `notes`, `meeting_session_id`, `event_type_id`, `heat_type_id`, `user_id`, `has_separate_gender_start_list`, `has_separate_category_start_list`)
  VALUES (9514, '2016-10-26 14:53:48', '2016-10-26 14:53:48', 18, '2000-01-01 15:43:17', 0, 1, NULL, 1826, 25, 3, 1, 1, 0);
INSERT INTO `meeting_sessions` (`id`, `session_order`, `scheduled_date`, `warm_up_time`, `begin_time`, `notes`, `meeting_id`, `swimming_pool_id`, `user_id`, `created_at`, `updated_at`, `description`, `is_autofilled`, `day_part_type_id`)
  VALUES (1827, 2, '2016-11-12', '2000-01-01 00:00:00', '2000-01-01 00:00:00', '', 16316, 126, 2, '2016-10-26 14:53:48', '2016-10-26 14:53:48', 'FINALI', 1, 2);
INSERT INTO `meeting_sessions` (`id`, `session_order`, `scheduled_date`, `warm_up_time`, `begin_time`, `notes`, `meeting_id`, `swimming_pool_id`, `user_id`, `created_at`, `updated_at`, `description`, `is_autofilled`, `day_part_type_id`)
  VALUES (1828, 3, '2016-11-13', '2000-01-01 00:00:00', '2000-01-01 00:00:00', '', 16316, 126, 2, '2016-10-26 14:53:48', '2016-10-26 14:53:48', 'FINALI', 1, 1);
INSERT INTO `meeting_sessions` (`id`, `session_order`, `scheduled_date`, `warm_up_time`, `begin_time`, `notes`, `meeting_id`, `swimming_pool_id`, `user_id`, `created_at`, `updated_at`, `description`, `is_autofilled`, `day_part_type_id`)
  VALUES (1829, 4, '2016-11-13', '2000-01-01 00:00:00', '2000-01-01 00:00:00', '', 16316, 126, 2, '2016-10-26 14:53:48', '2016-10-26 14:53:48', 'FINALI', 1, 2);

-- 15317-genovanuotoponente TROFEO NUOTO PONENTE 2016-04-17
INSERT INTO `meetings` (`id`, `description`, `entry_deadline`, `has_warm_up_pool`, `is_under_25_admitted`, `reference_phone`, `reference_e_mail`, `reference_name`, `notes`, `has_invitation`, `has_start_list`, `are_results_acquired`, `max_individual_events`, `configuration_file`, `edition`, `season_id`, `user_id`, `created_at`, `updated_at`, `is_autofilled`, `header_date`, `code`, `header_year`, `max_individual_events_per_session`, `is_out_of_season`, `edition_type_id`, `timing_type_id`, `individual_score_computation_type_id`, `relay_score_computation_type_id`, `team_score_computation_type_id`, `meeting_score_computation_type_id`, `invitation`, `is_confirmed`)
  VALUES (16317, 'TROFEO NUOTO PONENTE', NULL, 0, 1, NULL, NULL, NULL, 'Nuotatori Rivarolesi', 0, 0, 0, 2, '?', 17, 162, 2, '2016-10-26 14:53:48', '2016-10-26 14:53:48', 1, '2017-04-16', 'genovanuotoponente', '2017', 0, 0, 2, 3, 1, 1, 12, 1, NULL, 0);
INSERT INTO `meeting_sessions` (`id`, `session_order`, `scheduled_date`, `warm_up_time`, `begin_time`, `notes`, `meeting_id`, `swimming_pool_id`, `user_id`, `created_at`, `updated_at`, `description`, `is_autofilled`, `day_part_type_id`)
  VALUES (1830, 1, '2017-04-16', '2000-01-01 00:00:00', '2000-01-01 00:00:00', '', 16317, 176, 2, '2016-10-26 14:53:48', '2016-10-26 14:53:48', 'FINALI', 1, 1);
INSERT INTO `meeting_events` (`id`, `created_at`, `updated_at`, `event_order`, `begin_time`, `is_out_of_race`, `is_autofilled`, `notes`, `meeting_session_id`, `event_type_id`, `heat_type_id`, `user_id`, `has_separate_gender_start_list`, `has_separate_category_start_list`)
  VALUES (9515, '2016-10-26 14:53:48', '2016-10-26 14:53:48', 1, '2000-01-01 08:02:00', 0, 1, NULL, 1830, 16, 3, 1, 1, 0);
INSERT INTO `meeting_events` (`id`, `created_at`, `updated_at`, `event_order`, `begin_time`, `is_out_of_race`, `is_autofilled`, `notes`, `meeting_session_id`, `event_type_id`, `heat_type_id`, `user_id`, `has_separate_gender_start_list`, `has_separate_category_start_list`)
  VALUES (9516, '2016-10-26 14:53:48', '2016-10-26 14:53:48', 2, '2000-01-01 08:30:00', 0, 1, NULL, 1830, 12, 3, 1, 1, 0);
INSERT INTO `meeting_events` (`id`, `created_at`, `updated_at`, `event_order`, `begin_time`, `is_out_of_race`, `is_autofilled`, `notes`, `meeting_session_id`, `event_type_id`, `heat_type_id`, `user_id`, `has_separate_gender_start_list`, `has_separate_category_start_list`)
  VALUES (9517, '2016-10-26 14:53:48', '2016-10-26 14:53:48', 3, '2000-01-01 08:56:00', 0, 1, NULL, 1830, 20, 3, 1, 1, 0);
INSERT INTO `meeting_events` (`id`, `created_at`, `updated_at`, `event_order`, `begin_time`, `is_out_of_race`, `is_autofilled`, `notes`, `meeting_session_id`, `event_type_id`, `heat_type_id`, `user_id`, `has_separate_gender_start_list`, `has_separate_category_start_list`)
  VALUES (9518, '2016-10-26 14:53:48', '2016-10-26 14:53:48', 4, '2000-01-01 09:28:00', 0, 1, NULL, 1830, 3, 3, 1, 1, 0);
INSERT INTO `meeting_events` (`id`, `created_at`, `updated_at`, `event_order`, `begin_time`, `is_out_of_race`, `is_autofilled`, `notes`, `meeting_session_id`, `event_type_id`, `heat_type_id`, `user_id`, `has_separate_gender_start_list`, `has_separate_category_start_list`)
  VALUES (9519, '2016-10-26 14:53:48', '2016-10-26 14:53:48', 5, '2000-01-01 10:08:00', 0, 1, NULL, 1830, 23, 3, 1, 1, 0);
INSERT INTO `meeting_events` (`id`, `created_at`, `updated_at`, `event_order`, `begin_time`, `is_out_of_race`, `is_autofilled`, `notes`, `meeting_session_id`, `event_type_id`, `heat_type_id`, `user_id`, `has_separate_gender_start_list`, `has_separate_category_start_list`)
  VALUES (9520, '2016-10-26 14:53:48', '2016-10-26 14:53:48', 6, '2000-01-01 10:38:00', 0, 1, NULL, 1830, 21, 3, 1, 1, 0);
INSERT INTO `meeting_events` (`id`, `created_at`, `updated_at`, `event_order`, `begin_time`, `is_out_of_race`, `is_autofilled`, `notes`, `meeting_session_id`, `event_type_id`, `heat_type_id`, `user_id`, `has_separate_gender_start_list`, `has_separate_category_start_list`)
  VALUES (9521, '2016-10-26 14:53:48', '2016-10-26 14:53:48', 7, '2000-01-01 11:02:00', 0, 1, NULL, 1830, 4, 3, 1, 1, 0);
INSERT INTO `meeting_events` (`id`, `created_at`, `updated_at`, `event_order`, `begin_time`, `is_out_of_race`, `is_autofilled`, `notes`, `meeting_session_id`, `event_type_id`, `heat_type_id`, `user_id`, `has_separate_gender_start_list`, `has_separate_category_start_list`)
  VALUES (9522, '2016-10-26 14:53:48', '2016-10-26 14:53:48', 8, '2000-01-01 11:30:00', 0, 1, NULL, 1830, 5, 3, 1, 1, 0);
INSERT INTO `meeting_events` (`id`, `created_at`, `updated_at`, `event_order`, `begin_time`, `is_out_of_race`, `is_autofilled`, `notes`, `meeting_session_id`, `event_type_id`, `heat_type_id`, `user_id`, `has_separate_gender_start_list`, `has_separate_category_start_list`)
  VALUES (9523, '2016-10-26 14:53:48', '2016-10-26 14:53:48', 9, '2000-01-01 12:04:00', 0, 1, NULL, 1830, 15, 3, 1, 1, 0);
INSERT INTO `meeting_events` (`id`, `created_at`, `updated_at`, `event_order`, `begin_time`, `is_out_of_race`, `is_autofilled`, `notes`, `meeting_session_id`, `event_type_id`, `heat_type_id`, `user_id`, `has_separate_gender_start_list`, `has_separate_category_start_list`)
  VALUES (9524, '2016-10-26 14:53:48', '2016-10-26 14:53:48', 10, '2000-01-01 12:40:00', 0, 1, NULL, 1830, 11, 3, 1, 1, 0);
INSERT INTO `meeting_events` (`id`, `created_at`, `updated_at`, `event_order`, `begin_time`, `is_out_of_race`, `is_autofilled`, `notes`, `meeting_session_id`, `event_type_id`, `heat_type_id`, `user_id`, `has_separate_gender_start_list`, `has_separate_category_start_list`)
  VALUES (9525, '2016-10-26 14:53:48', '2016-10-26 14:53:48', 11, '2000-01-01 13:12:00', 0, 1, NULL, 1830, 19, 3, 1, 1, 0);
INSERT INTO `meeting_events` (`id`, `created_at`, `updated_at`, `event_order`, `begin_time`, `is_out_of_race`, `is_autofilled`, `notes`, `meeting_session_id`, `event_type_id`, `heat_type_id`, `user_id`, `has_separate_gender_start_list`, `has_separate_category_start_list`)
  VALUES (9526, '2016-10-26 14:53:48', '2016-10-26 14:53:48', 12, '2000-01-01 13:48:00', 0, 1, NULL, 1830, 2, 3, 1, 1, 0);
INSERT INTO `meeting_events` (`id`, `created_at`, `updated_at`, `event_order`, `begin_time`, `is_out_of_race`, `is_autofilled`, `notes`, `meeting_session_id`, `event_type_id`, `heat_type_id`, `user_id`, `has_separate_gender_start_list`, `has_separate_category_start_list`)
  VALUES (9527, '2016-10-26 14:53:48', '2016-10-26 14:53:48', 13, '2000-01-01 14:30:30', 0, 1, NULL, 1830, 33, 3, 1, 1, 0);
INSERT INTO `meeting_events` (`id`, `created_at`, `updated_at`, `event_order`, `begin_time`, `is_out_of_race`, `is_autofilled`, `notes`, `meeting_session_id`, `event_type_id`, `heat_type_id`, `user_id`, `has_separate_gender_start_list`, `has_separate_category_start_list`)
  VALUES (9528, '2016-10-26 14:53:48', '2016-10-26 14:53:48', 14, '2000-01-01 14:29:30', 0, 1, NULL, 1830, 25, 3, 1, 1, 0);

-- 15318-cagliarikikkomontisci MEMORIAL KIKKO MONTISCI 2016-04-24
INSERT INTO `meetings` (`id`, `description`, `entry_deadline`, `has_warm_up_pool`, `is_under_25_admitted`, `reference_phone`, `reference_e_mail`, `reference_name`, `notes`, `has_invitation`, `has_start_list`, `are_results_acquired`, `max_individual_events`, `configuration_file`, `edition`, `season_id`, `user_id`, `created_at`, `updated_at`, `is_autofilled`, `header_date`, `code`, `header_year`, `max_individual_events_per_session`, `is_out_of_season`, `edition_type_id`, `timing_type_id`, `individual_score_computation_type_id`, `relay_score_computation_type_id`, `team_score_computation_type_id`, `meeting_score_computation_type_id`, `invitation`, `is_confirmed`)
  VALUES (16318, 'MEMORIAL KIKKO MONTISCI', NULL, 0, 1, NULL, NULL, NULL, 'Dolphin - Delfino Asd', 0, 0, 0, 2, '?', 17, 162, 2, '2016-10-26 14:53:48', '2016-10-26 14:53:48', 1, '2017-04-23', 'cagliarikikkomontisci', '2017', 0, 0, 2, 3, 1, 1, 12, 1, NULL, 0);
INSERT INTO `meeting_sessions` (`id`, `session_order`, `scheduled_date`, `warm_up_time`, `begin_time`, `notes`, `meeting_id`, `swimming_pool_id`, `user_id`, `created_at`, `updated_at`, `description`, `is_autofilled`, `day_part_type_id`)
  VALUES (1831, 1, '2017-04-23', '2000-01-01 00:00:00', '2000-01-01 00:00:00', '', 16318, 157, 2, '2016-10-26 14:53:48', '2016-10-26 14:53:48', 'FINALI', 1, 1);
INSERT INTO `meeting_events` (`id`, `created_at`, `updated_at`, `event_order`, `begin_time`, `is_out_of_race`, `is_autofilled`, `notes`, `meeting_session_id`, `event_type_id`, `heat_type_id`, `user_id`, `has_separate_gender_start_list`, `has_separate_category_start_list`)
  VALUES (9529, '2016-10-26 14:53:48', '2016-10-26 14:53:48', 1, '2000-01-01 08:02:00', 0, 1, NULL, 1831, 22, 3, 1, 1, 0);
INSERT INTO `meeting_events` (`id`, `created_at`, `updated_at`, `event_order`, `begin_time`, `is_out_of_race`, `is_autofilled`, `notes`, `meeting_session_id`, `event_type_id`, `heat_type_id`, `user_id`, `has_separate_gender_start_list`, `has_separate_category_start_list`)
  VALUES (9530, '2016-10-26 14:53:48', '2016-10-26 14:53:48', 2, '2000-01-01 08:32:00', 0, 1, NULL, 1831, 15, 3, 1, 1, 0);
INSERT INTO `meeting_events` (`id`, `created_at`, `updated_at`, `event_order`, `begin_time`, `is_out_of_race`, `is_autofilled`, `notes`, `meeting_session_id`, `event_type_id`, `heat_type_id`, `user_id`, `has_separate_gender_start_list`, `has_separate_category_start_list`)
  VALUES (9531, '2016-10-26 14:53:48', '2016-10-26 14:53:48', 3, '2000-01-01 09:06:00', 0, 1, NULL, 1831, 11, 3, 1, 1, 0);
INSERT INTO `meeting_events` (`id`, `created_at`, `updated_at`, `event_order`, `begin_time`, `is_out_of_race`, `is_autofilled`, `notes`, `meeting_session_id`, `event_type_id`, `heat_type_id`, `user_id`, `has_separate_gender_start_list`, `has_separate_category_start_list`)
  VALUES (9532, '2016-10-26 14:53:48', '2016-10-26 14:53:48', 4, '2000-01-01 09:44:00', 0, 1, NULL, 1831, 19, 3, 1, 1, 0);
INSERT INTO `meeting_events` (`id`, `created_at`, `updated_at`, `event_order`, `begin_time`, `is_out_of_race`, `is_autofilled`, `notes`, `meeting_session_id`, `event_type_id`, `heat_type_id`, `user_id`, `has_separate_gender_start_list`, `has_separate_category_start_list`)
  VALUES (9533, '2016-10-26 14:53:48', '2016-10-26 14:53:48', 5, '2000-01-01 10:26:00', 0, 1, NULL, 1831, 2, 3, 1, 1, 0);
INSERT INTO `meeting_events` (`id`, `created_at`, `updated_at`, `event_order`, `begin_time`, `is_out_of_race`, `is_autofilled`, `notes`, `meeting_session_id`, `event_type_id`, `heat_type_id`, `user_id`, `has_separate_gender_start_list`, `has_separate_category_start_list`)
  VALUES (9534, '2016-10-26 14:53:48', '2016-10-26 14:53:48', 6, '2000-01-01 11:10:30', 0, 1, NULL, 1831, 25, 3, 1, 1, 0);

-- 15320-romaacqaniene TROFEO ACQANIENE 2016-04-23
INSERT INTO `meetings` (`id`, `description`, `entry_deadline`, `has_warm_up_pool`, `is_under_25_admitted`, `reference_phone`, `reference_e_mail`, `reference_name`, `notes`, `has_invitation`, `has_start_list`, `are_results_acquired`, `max_individual_events`, `configuration_file`, `edition`, `season_id`, `user_id`, `created_at`, `updated_at`, `is_autofilled`, `header_date`, `code`, `header_year`, `max_individual_events_per_session`, `is_out_of_season`, `edition_type_id`, `timing_type_id`, `individual_score_computation_type_id`, `relay_score_computation_type_id`, `team_score_computation_type_id`, `meeting_score_computation_type_id`, `invitation`, `is_confirmed`)
  VALUES (16320, 'TROFEO ACQANIENE', NULL, 0, 1, NULL, NULL, NULL, 'Circolo Canottieri Aniene', 0, 0, 0, 2, '?', 17, 162, 2, '2016-10-26 14:53:48', '2016-10-26 14:53:48', 1, '2017-04-22', 'romaacqaniene', '2017', 0, 0, 2, 3, 1, 1, 12, 1, NULL, 0);
INSERT INTO `meeting_sessions` (`id`, `session_order`, `scheduled_date`, `warm_up_time`, `begin_time`, `notes`, `meeting_id`, `swimming_pool_id`, `user_id`, `created_at`, `updated_at`, `description`, `is_autofilled`, `day_part_type_id`)
  VALUES (1832, 1, '2017-04-22', '2000-01-01 00:00:00', '2000-01-01 00:00:00', '', 16320, 178, 2, '2016-10-26 14:53:48', '2016-10-26 14:53:48', 'FINALI', 1, 2);
INSERT INTO `meeting_events` (`id`, `created_at`, `updated_at`, `event_order`, `begin_time`, `is_out_of_race`, `is_autofilled`, `notes`, `meeting_session_id`, `event_type_id`, `heat_type_id`, `user_id`, `has_separate_gender_start_list`, `has_separate_category_start_list`)
  VALUES (9535, '2016-10-26 14:53:48', '2016-10-26 14:53:48', 1, '2000-01-01 08:06:00', 0, 1, NULL, 1832, 3, 3, 1, 1, 0);
INSERT INTO `meeting_events` (`id`, `created_at`, `updated_at`, `event_order`, `begin_time`, `is_out_of_race`, `is_autofilled`, `notes`, `meeting_session_id`, `event_type_id`, `heat_type_id`, `user_id`, `has_separate_gender_start_list`, `has_separate_category_start_list`)
  VALUES (9536, '2016-10-26 14:53:48', '2016-10-26 14:53:48', 2, '2000-01-01 08:50:00', 0, 1, NULL, 1832, 17, 3, 1, 1, 0);
INSERT INTO `meeting_events` (`id`, `created_at`, `updated_at`, `event_order`, `begin_time`, `is_out_of_race`, `is_autofilled`, `notes`, `meeting_session_id`, `event_type_id`, `heat_type_id`, `user_id`, `has_separate_gender_start_list`, `has_separate_category_start_list`)
  VALUES (9537, '2016-10-26 14:53:48', '2016-10-26 14:53:48', 3, '2000-01-01 09:22:00', 0, 1, NULL, 1832, 13, 3, 1, 1, 0);
INSERT INTO `meeting_events` (`id`, `created_at`, `updated_at`, `event_order`, `begin_time`, `is_out_of_race`, `is_autofilled`, `notes`, `meeting_session_id`, `event_type_id`, `heat_type_id`, `user_id`, `has_separate_gender_start_list`, `has_separate_category_start_list`)
  VALUES (9538, '2016-10-26 14:53:48', '2016-10-26 14:53:48', 4, '2000-01-01 09:52:00', 0, 1, NULL, 1832, 21, 3, 1, 1, 0);
INSERT INTO `meeting_events` (`id`, `created_at`, `updated_at`, `event_order`, `begin_time`, `is_out_of_race`, `is_autofilled`, `notes`, `meeting_session_id`, `event_type_id`, `heat_type_id`, `user_id`, `has_separate_gender_start_list`, `has_separate_category_start_list`)
  VALUES (9539, '2016-10-26 14:53:48', '2016-10-26 14:53:48', 5, '2000-01-01 10:28:00', 0, 1, NULL, 1832, 4, 3, 1, 1, 0);
INSERT INTO `meeting_events` (`id`, `created_at`, `updated_at`, `event_order`, `begin_time`, `is_out_of_race`, `is_autofilled`, `notes`, `meeting_session_id`, `event_type_id`, `heat_type_id`, `user_id`, `has_separate_gender_start_list`, `has_separate_category_start_list`)
  VALUES (9540, '2016-10-26 14:53:49', '2016-10-26 14:53:49', 6, '2000-01-01 11:08:00', 0, 1, NULL, 1832, 5, 3, 1, 1, 0);
INSERT INTO `meeting_events` (`id`, `created_at`, `updated_at`, `event_order`, `begin_time`, `is_out_of_race`, `is_autofilled`, `notes`, `meeting_session_id`, `event_type_id`, `heat_type_id`, `user_id`, `has_separate_gender_start_list`, `has_separate_category_start_list`)
  VALUES (9541, '2016-10-26 14:53:49', '2016-10-26 14:53:49', 7, '2000-01-01 11:50:00', 0, 1, NULL, 1832, 15, 3, 1, 1, 0);
INSERT INTO `meeting_events` (`id`, `created_at`, `updated_at`, `event_order`, `begin_time`, `is_out_of_race`, `is_autofilled`, `notes`, `meeting_session_id`, `event_type_id`, `heat_type_id`, `user_id`, `has_separate_gender_start_list`, `has_separate_category_start_list`)
  VALUES (9542, '2016-10-26 14:53:49', '2016-10-26 14:53:49', 8, '2000-01-01 12:34:00', 0, 1, NULL, 1832, 11, 3, 1, 1, 0);
INSERT INTO `meeting_events` (`id`, `created_at`, `updated_at`, `event_order`, `begin_time`, `is_out_of_race`, `is_autofilled`, `notes`, `meeting_session_id`, `event_type_id`, `heat_type_id`, `user_id`, `has_separate_gender_start_list`, `has_separate_category_start_list`)
  VALUES (9543, '2016-10-26 14:53:49', '2016-10-26 14:53:49', 9, '2000-01-01 13:14:00', 0, 1, NULL, 1832, 19, 3, 1, 1, 0);
INSERT INTO `meeting_events` (`id`, `created_at`, `updated_at`, `event_order`, `begin_time`, `is_out_of_race`, `is_autofilled`, `notes`, `meeting_session_id`, `event_type_id`, `heat_type_id`, `user_id`, `has_separate_gender_start_list`, `has_separate_category_start_list`)
  VALUES (9544, '2016-10-26 14:53:49', '2016-10-26 14:53:49', 10, '2000-01-01 13:58:00', 0, 1, NULL, 1832, 2, 3, 1, 1, 0);
INSERT INTO `meeting_sessions` (`id`, `session_order`, `scheduled_date`, `warm_up_time`, `begin_time`, `notes`, `meeting_id`, `swimming_pool_id`, `user_id`, `created_at`, `updated_at`, `description`, `is_autofilled`, `day_part_type_id`)
  VALUES (1833, 2, '2017-04-23', '2000-01-01 00:00:00', '2000-01-01 00:00:00', '', 16320, 178, 2, '2016-10-26 14:53:49', '2016-10-26 14:53:49', 'FINALI', 1, 1);

-- 15321-civitanovamarche TROFEO CITT DI CIVITANOVA MARCHE 2016-04-17
INSERT INTO `meetings` (`id`, `description`, `entry_deadline`, `has_warm_up_pool`, `is_under_25_admitted`, `reference_phone`, `reference_e_mail`, `reference_name`, `notes`, `has_invitation`, `has_start_list`, `are_results_acquired`, `max_individual_events`, `configuration_file`, `edition`, `season_id`, `user_id`, `created_at`, `updated_at`, `is_autofilled`, `header_date`, `code`, `header_year`, `max_individual_events_per_session`, `is_out_of_season`, `edition_type_id`, `timing_type_id`, `individual_score_computation_type_id`, `relay_score_computation_type_id`, `team_score_computation_type_id`, `meeting_score_computation_type_id`, `invitation`, `is_confirmed`)
  VALUES (16321, 'TROFEO CITT DI CIVITANOVA MARCHE', NULL, 0, 1, NULL, NULL, NULL, 'Il Grillo Soc. Coop. S.D.', 0, 0, 0, 2, '?', 17, 162, 2, '2016-10-26 14:53:49', '2016-10-26 14:53:49', 1, '2017-04-16', 'civitanovamarche', '2017', 0, 0, 2, 3, 1, 1, 12, 1, NULL, 0);
INSERT INTO `meeting_sessions` (`id`, `session_order`, `scheduled_date`, `warm_up_time`, `begin_time`, `notes`, `meeting_id`, `swimming_pool_id`, `user_id`, `created_at`, `updated_at`, `description`, `is_autofilled`, `day_part_type_id`)
  VALUES (1834, 1, '2017-04-16', '2000-01-01 00:00:00', '2000-01-01 00:00:00', '', 16321, 150, 2, '2016-10-26 14:53:49', '2016-10-26 14:53:49', 'FINALI', 1, 2);
INSERT INTO `meeting_events` (`id`, `created_at`, `updated_at`, `event_order`, `begin_time`, `is_out_of_race`, `is_autofilled`, `notes`, `meeting_session_id`, `event_type_id`, `heat_type_id`, `user_id`, `has_separate_gender_start_list`, `has_separate_category_start_list`)
  VALUES (9545, '2016-10-26 14:53:49', '2016-10-26 14:53:49', 1, '2000-01-01 08:02:00', 0, 1, NULL, 1834, 16, 3, 1, 1, 0);
INSERT INTO `meeting_events` (`id`, `created_at`, `updated_at`, `event_order`, `begin_time`, `is_out_of_race`, `is_autofilled`, `notes`, `meeting_session_id`, `event_type_id`, `heat_type_id`, `user_id`, `has_separate_gender_start_list`, `has_separate_category_start_list`)
  VALUES (9546, '2016-10-26 14:53:49', '2016-10-26 14:53:49', 2, '2000-01-01 08:28:00', 0, 1, NULL, 1834, 12, 3, 1, 1, 0);
INSERT INTO `meeting_events` (`id`, `created_at`, `updated_at`, `event_order`, `begin_time`, `is_out_of_race`, `is_autofilled`, `notes`, `meeting_session_id`, `event_type_id`, `heat_type_id`, `user_id`, `has_separate_gender_start_list`, `has_separate_category_start_list`)
  VALUES (9547, '2016-10-26 14:53:49', '2016-10-26 14:53:49', 3, '2000-01-01 08:48:00', 0, 1, NULL, 1834, 22, 3, 1, 1, 0);
INSERT INTO `meeting_events` (`id`, `created_at`, `updated_at`, `event_order`, `begin_time`, `is_out_of_race`, `is_autofilled`, `notes`, `meeting_session_id`, `event_type_id`, `heat_type_id`, `user_id`, `has_separate_gender_start_list`, `has_separate_category_start_list`)
  VALUES (9548, '2016-10-26 14:53:49', '2016-10-26 14:53:49', 4, '2000-01-01 09:22:00', 0, 1, NULL, 1834, 20, 3, 1, 1, 0);
INSERT INTO `meeting_events` (`id`, `created_at`, `updated_at`, `event_order`, `begin_time`, `is_out_of_race`, `is_autofilled`, `notes`, `meeting_session_id`, `event_type_id`, `heat_type_id`, `user_id`, `has_separate_gender_start_list`, `has_separate_category_start_list`)
  VALUES (9549, '2016-10-26 14:53:49', '2016-10-26 14:53:49', 5, '2000-01-01 09:48:00', 0, 1, NULL, 1834, 3, 3, 1, 1, 0);
INSERT INTO `meeting_events` (`id`, `created_at`, `updated_at`, `event_order`, `begin_time`, `is_out_of_race`, `is_autofilled`, `notes`, `meeting_session_id`, `event_type_id`, `heat_type_id`, `user_id`, `has_separate_gender_start_list`, `has_separate_category_start_list`)
  VALUES (9550, '2016-10-26 14:53:49', '2016-10-26 14:53:49', 6, '2000-01-01 10:16:00', 0, 1, NULL, 1834, 4, 3, 1, 1, 0);
INSERT INTO `meeting_events` (`id`, `created_at`, `updated_at`, `event_order`, `begin_time`, `is_out_of_race`, `is_autofilled`, `notes`, `meeting_session_id`, `event_type_id`, `heat_type_id`, `user_id`, `has_separate_gender_start_list`, `has_separate_category_start_list`)
  VALUES (9551, '2016-10-26 14:53:49', '2016-10-26 14:53:49', 7, '2000-01-01 10:46:00', 0, 1, NULL, 1834, 5, 3, 1, 1, 0);
INSERT INTO `meeting_events` (`id`, `created_at`, `updated_at`, `event_order`, `begin_time`, `is_out_of_race`, `is_autofilled`, `notes`, `meeting_session_id`, `event_type_id`, `heat_type_id`, `user_id`, `has_separate_gender_start_list`, `has_separate_category_start_list`)
  VALUES (9552, '2016-10-26 14:53:49', '2016-10-26 14:53:49', 8, '2000-01-01 11:20:00', 0, 1, NULL, 1834, 15, 3, 1, 1, 0);
INSERT INTO `meeting_events` (`id`, `created_at`, `updated_at`, `event_order`, `begin_time`, `is_out_of_race`, `is_autofilled`, `notes`, `meeting_session_id`, `event_type_id`, `heat_type_id`, `user_id`, `has_separate_gender_start_list`, `has_separate_category_start_list`)
  VALUES (9553, '2016-10-26 14:53:49', '2016-10-26 14:53:49', 9, '2000-01-01 11:46:00', 0, 1, NULL, 1834, 11, 3, 1, 1, 0);
INSERT INTO `meeting_events` (`id`, `created_at`, `updated_at`, `event_order`, `begin_time`, `is_out_of_race`, `is_autofilled`, `notes`, `meeting_session_id`, `event_type_id`, `heat_type_id`, `user_id`, `has_separate_gender_start_list`, `has_separate_category_start_list`)
  VALUES (9554, '2016-10-26 14:53:49', '2016-10-26 14:53:49', 10, '2000-01-01 12:12:00', 0, 1, NULL, 1834, 19, 3, 1, 1, 0);
INSERT INTO `meeting_events` (`id`, `created_at`, `updated_at`, `event_order`, `begin_time`, `is_out_of_race`, `is_autofilled`, `notes`, `meeting_session_id`, `event_type_id`, `heat_type_id`, `user_id`, `has_separate_gender_start_list`, `has_separate_category_start_list`)
  VALUES (9555, '2016-10-26 14:53:49', '2016-10-26 14:53:49', 11, '2000-01-01 12:44:00', 0, 1, NULL, 1834, 2, 3, 1, 1, 0);
INSERT INTO `meeting_events` (`id`, `created_at`, `updated_at`, `event_order`, `begin_time`, `is_out_of_race`, `is_autofilled`, `notes`, `meeting_session_id`, `event_type_id`, `heat_type_id`, `user_id`, `has_separate_gender_start_list`, `has_separate_category_start_list`)
  VALUES (9556, '2016-10-26 14:53:49', '2016-10-26 14:53:49', 12, '2000-01-01 13:16:30', 0, 1, NULL, 1834, 26, 3, 1, 1, 0);
INSERT INTO `meeting_events` (`id`, `created_at`, `updated_at`, `event_order`, `begin_time`, `is_out_of_race`, `is_autofilled`, `notes`, `meeting_session_id`, `event_type_id`, `heat_type_id`, `user_id`, `has_separate_gender_start_list`, `has_separate_category_start_list`)
  VALUES (9557, '2016-10-26 14:53:49', '2016-10-26 14:53:49', 13, '2000-01-01 13:13:30', 0, 1, NULL, 1834, 25, 3, 1, 1, 0);
INSERT INTO `meeting_sessions` (`id`, `session_order`, `scheduled_date`, `warm_up_time`, `begin_time`, `notes`, `meeting_id`, `swimming_pool_id`, `user_id`, `created_at`, `updated_at`, `description`, `is_autofilled`, `day_part_type_id`)
  VALUES (1835, 2, '2017-04-17', '2000-01-01 00:00:00', '2000-01-01 00:00:00', '', 16321, 150, 2, '2016-10-26 14:53:49', '2016-10-26 14:53:49', 'FINALI', 1, 1);

-- 15322-massarosagiovanniciuffrida MEMORIAL GIOVANNI CIUFFRIDA 2016-04-24
INSERT INTO `meetings` (`id`, `description`, `entry_deadline`, `has_warm_up_pool`, `is_under_25_admitted`, `reference_phone`, `reference_e_mail`, `reference_name`, `notes`, `has_invitation`, `has_start_list`, `are_results_acquired`, `max_individual_events`, `configuration_file`, `edition`, `season_id`, `user_id`, `created_at`, `updated_at`, `is_autofilled`, `header_date`, `code`, `header_year`, `max_individual_events_per_session`, `is_out_of_season`, `edition_type_id`, `timing_type_id`, `individual_score_computation_type_id`, `relay_score_computation_type_id`, `team_score_computation_type_id`, `meeting_score_computation_type_id`, `invitation`, `is_confirmed`)
  VALUES (16322, 'MEMORIAL GIOVANNI CIUFFRIDA', NULL, 0, 1, NULL, NULL, NULL, NULL, 0, 0, 0, 2, '?', 17, 162, 2, '2016-10-26 14:53:49', '2016-10-26 14:53:49', 1, '2017-04-23', 'massarosagiovanniciuffrida', '2017', 0, 0, 2, 3, 1, 1, 12, 1, NULL, 0);
INSERT INTO `meeting_sessions` (`id`, `session_order`, `scheduled_date`, `warm_up_time`, `begin_time`, `notes`, `meeting_id`, `swimming_pool_id`, `user_id`, `created_at`, `updated_at`, `description`, `is_autofilled`, `day_part_type_id`)
  VALUES (1836, 1, '2017-04-23', '2000-01-01 00:00:00', '2000-01-01 00:00:00', '', 16322, 81, 2, '2016-10-26 14:53:49', '2016-10-26 14:53:49', 'FINALI', 1, 1);
INSERT INTO `meeting_sessions` (`id`, `session_order`, `scheduled_date`, `warm_up_time`, `begin_time`, `notes`, `meeting_id`, `swimming_pool_id`, `user_id`, `created_at`, `updated_at`, `description`, `is_autofilled`, `day_part_type_id`)
  VALUES (1837, 2, '2017-04-23', '2000-01-01 00:00:00', '2000-01-01 00:00:00', '', 16322, 81, 2, '2016-10-26 14:53:49', '2016-10-26 14:53:49', 'FINALI', 1, 2);

-- 15324-bustogarolfo TROFEO DELLA CITT 2016-04-29
INSERT INTO `meetings` (`id`, `description`, `entry_deadline`, `has_warm_up_pool`, `is_under_25_admitted`, `reference_phone`, `reference_e_mail`, `reference_name`, `notes`, `has_invitation`, `has_start_list`, `are_results_acquired`, `max_individual_events`, `configuration_file`, `edition`, `season_id`, `user_id`, `created_at`, `updated_at`, `is_autofilled`, `header_date`, `code`, `header_year`, `max_individual_events_per_session`, `is_out_of_season`, `edition_type_id`, `timing_type_id`, `individual_score_computation_type_id`, `relay_score_computation_type_id`, `team_score_computation_type_id`, `meeting_score_computation_type_id`, `invitation`, `is_confirmed`)
  VALUES (16324, 'TROFEO DELLA CITT', NULL, 0, 1, NULL, NULL, NULL, 'Lombardia Nuoto', 0, 0, 0, 2, '?', 17, 162, 2, '2016-10-26 14:53:49', '2016-10-26 14:53:49', 1, '2017-04-28', 'bustogarolfo', '2017', 0, 0, 2, 3, 1, 1, 12, 1, NULL, 0);
INSERT INTO `meeting_sessions` (`id`, `session_order`, `scheduled_date`, `warm_up_time`, `begin_time`, `notes`, `meeting_id`, `swimming_pool_id`, `user_id`, `created_at`, `updated_at`, `description`, `is_autofilled`, `day_part_type_id`)
  VALUES (1838, 1, '2017-04-28', '2000-01-01 00:00:00', '2000-01-01 00:00:00', '', 16324, 132, 2, '2016-10-26 14:53:49', '2016-10-26 14:53:49', 'FINALI', 1, 1);
INSERT INTO `meeting_events` (`id`, `created_at`, `updated_at`, `event_order`, `begin_time`, `is_out_of_race`, `is_autofilled`, `notes`, `meeting_session_id`, `event_type_id`, `heat_type_id`, `user_id`, `has_separate_gender_start_list`, `has_separate_category_start_list`)
  VALUES (9558, '2016-10-26 14:53:49', '2016-10-26 14:53:49', 1, '2000-01-01 08:02:00', 0, 1, NULL, 1838, 16, 3, 1, 1, 0);
INSERT INTO `meeting_events` (`id`, `created_at`, `updated_at`, `event_order`, `begin_time`, `is_out_of_race`, `is_autofilled`, `notes`, `meeting_session_id`, `event_type_id`, `heat_type_id`, `user_id`, `has_separate_gender_start_list`, `has_separate_category_start_list`)
  VALUES (9559, '2016-10-26 14:53:49', '2016-10-26 14:53:49', 2, '2000-01-01 08:34:00', 0, 1, NULL, 1838, 12, 3, 1, 1, 0);
INSERT INTO `meeting_events` (`id`, `created_at`, `updated_at`, `event_order`, `begin_time`, `is_out_of_race`, `is_autofilled`, `notes`, `meeting_session_id`, `event_type_id`, `heat_type_id`, `user_id`, `has_separate_gender_start_list`, `has_separate_category_start_list`)
  VALUES (9560, '2016-10-26 14:53:49', '2016-10-26 14:53:49', 3, '2000-01-01 09:02:00', 0, 1, NULL, 1838, 20, 3, 1, 1, 0);
INSERT INTO `meeting_events` (`id`, `created_at`, `updated_at`, `event_order`, `begin_time`, `is_out_of_race`, `is_autofilled`, `notes`, `meeting_session_id`, `event_type_id`, `heat_type_id`, `user_id`, `has_separate_gender_start_list`, `has_separate_category_start_list`)
  VALUES (9561, '2016-10-26 14:53:49', '2016-10-26 14:53:49', 4, '2000-01-01 09:34:00', 0, 1, NULL, 1838, 3, 3, 1, 1, 0);
INSERT INTO `meeting_events` (`id`, `created_at`, `updated_at`, `event_order`, `begin_time`, `is_out_of_race`, `is_autofilled`, `notes`, `meeting_session_id`, `event_type_id`, `heat_type_id`, `user_id`, `has_separate_gender_start_list`, `has_separate_category_start_list`)
  VALUES (9562, '2016-10-26 14:53:49', '2016-10-26 14:53:49', 5, '2000-01-01 10:10:00', 0, 1, NULL, 1838, 23, 3, 1, 1, 0);
INSERT INTO `meeting_events` (`id`, `created_at`, `updated_at`, `event_order`, `begin_time`, `is_out_of_race`, `is_autofilled`, `notes`, `meeting_session_id`, `event_type_id`, `heat_type_id`, `user_id`, `has_separate_gender_start_list`, `has_separate_category_start_list`)
  VALUES (9563, '2016-10-26 14:53:49', '2016-10-26 14:53:49', 6, '2000-01-01 10:32:00', 0, 1, NULL, 1838, 5, 3, 1, 1, 0);
INSERT INTO `meeting_events` (`id`, `created_at`, `updated_at`, `event_order`, `begin_time`, `is_out_of_race`, `is_autofilled`, `notes`, `meeting_session_id`, `event_type_id`, `heat_type_id`, `user_id`, `has_separate_gender_start_list`, `has_separate_category_start_list`)
  VALUES (9564, '2016-10-26 14:53:49', '2016-10-26 14:53:49', 7, '2000-01-01 11:08:00', 0, 1, NULL, 1838, 15, 3, 1, 1, 0);
INSERT INTO `meeting_events` (`id`, `created_at`, `updated_at`, `event_order`, `begin_time`, `is_out_of_race`, `is_autofilled`, `notes`, `meeting_session_id`, `event_type_id`, `heat_type_id`, `user_id`, `has_separate_gender_start_list`, `has_separate_category_start_list`)
  VALUES (9565, '2016-10-26 14:53:49', '2016-10-26 14:53:49', 8, '2000-01-01 11:42:00', 0, 1, NULL, 1838, 11, 3, 1, 1, 0);
INSERT INTO `meeting_events` (`id`, `created_at`, `updated_at`, `event_order`, `begin_time`, `is_out_of_race`, `is_autofilled`, `notes`, `meeting_session_id`, `event_type_id`, `heat_type_id`, `user_id`, `has_separate_gender_start_list`, `has_separate_category_start_list`)
  VALUES (9566, '2016-10-26 14:53:49', '2016-10-26 14:53:49', 9, '2000-01-01 12:22:00', 0, 1, NULL, 1838, 19, 3, 1, 1, 0);
INSERT INTO `meeting_events` (`id`, `created_at`, `updated_at`, `event_order`, `begin_time`, `is_out_of_race`, `is_autofilled`, `notes`, `meeting_session_id`, `event_type_id`, `heat_type_id`, `user_id`, `has_separate_gender_start_list`, `has_separate_category_start_list`)
  VALUES (9567, '2016-10-26 14:53:49', '2016-10-26 14:53:49', 10, '2000-01-01 13:00:00', 0, 1, NULL, 1838, 2, 3, 1, 1, 0);

-- 15325-bastiaumbra TROFEO DELLA CITT 2016-05-01
INSERT INTO `meetings` (`id`, `description`, `entry_deadline`, `has_warm_up_pool`, `is_under_25_admitted`, `reference_phone`, `reference_e_mail`, `reference_name`, `notes`, `has_invitation`, `has_start_list`, `are_results_acquired`, `max_individual_events`, `configuration_file`, `edition`, `season_id`, `user_id`, `created_at`, `updated_at`, `is_autofilled`, `header_date`, `code`, `header_year`, `max_individual_events_per_session`, `is_out_of_season`, `edition_type_id`, `timing_type_id`, `individual_score_computation_type_id`, `relay_score_computation_type_id`, `team_score_computation_type_id`, `meeting_score_computation_type_id`, `invitation`, `is_confirmed`)
  VALUES (16325, 'TROFEO DELLA CITT', NULL, 0, 1, NULL, NULL, NULL, 'CN Bastia', 0, 0, 0, 2, '?', 17, 162, 2, '2016-10-26 14:53:49', '2016-10-26 14:53:49', 1, '2017-04-30', 'bastiaumbra', '2017', 0, 0, 2, 3, 1, 1, 12, 1, NULL, 0);
INSERT INTO `meeting_sessions` (`id`, `session_order`, `scheduled_date`, `warm_up_time`, `begin_time`, `notes`, `meeting_id`, `swimming_pool_id`, `user_id`, `created_at`, `updated_at`, `description`, `is_autofilled`, `day_part_type_id`)
  VALUES (1839, 1, '2017-04-30', '2000-01-01 00:00:00', '2000-01-01 00:00:00', '', 16325, 113, 2, '2016-10-26 14:53:49', '2016-10-26 14:53:49', 'FINALI', 1, 2);
INSERT INTO `meeting_events` (`id`, `created_at`, `updated_at`, `event_order`, `begin_time`, `is_out_of_race`, `is_autofilled`, `notes`, `meeting_session_id`, `event_type_id`, `heat_type_id`, `user_id`, `has_separate_gender_start_list`, `has_separate_category_start_list`)
  VALUES (9568, '2016-10-26 14:53:49', '2016-10-26 14:53:49', 2, '2000-01-01 08:16:00', 0, 1, NULL, 1839, 22, 3, 1, 1, 0);
INSERT INTO `meeting_events` (`id`, `created_at`, `updated_at`, `event_order`, `begin_time`, `is_out_of_race`, `is_autofilled`, `notes`, `meeting_session_id`, `event_type_id`, `heat_type_id`, `user_id`, `has_separate_gender_start_list`, `has_separate_category_start_list`)
  VALUES (9569, '2016-10-26 14:53:49', '2016-10-26 14:53:49', 3, '2000-01-01 08:46:00', 0, 1, NULL, 1839, 3, 3, 1, 1, 0);
INSERT INTO `meeting_events` (`id`, `created_at`, `updated_at`, `event_order`, `begin_time`, `is_out_of_race`, `is_autofilled`, `notes`, `meeting_session_id`, `event_type_id`, `heat_type_id`, `user_id`, `has_separate_gender_start_list`, `has_separate_category_start_list`)
  VALUES (9570, '2016-10-26 14:53:49', '2016-10-26 14:53:49', 4, '2000-01-01 09:26:00', 0, 1, NULL, 1839, 13, 3, 1, 1, 0);
INSERT INTO `meeting_events` (`id`, `created_at`, `updated_at`, `event_order`, `begin_time`, `is_out_of_race`, `is_autofilled`, `notes`, `meeting_session_id`, `event_type_id`, `heat_type_id`, `user_id`, `has_separate_gender_start_list`, `has_separate_category_start_list`)
  VALUES (9571, '2016-10-26 14:53:49', '2016-10-26 14:53:49', 5, '2000-01-01 09:44:00', 0, 1, NULL, 1839, 23, 3, 1, 1, 0);
INSERT INTO `meeting_events` (`id`, `created_at`, `updated_at`, `event_order`, `begin_time`, `is_out_of_race`, `is_autofilled`, `notes`, `meeting_session_id`, `event_type_id`, `heat_type_id`, `user_id`, `has_separate_gender_start_list`, `has_separate_category_start_list`)
  VALUES (9572, '2016-10-26 14:53:49', '2016-10-26 14:53:49', 6, '2000-01-01 10:00:00', 0, 1, NULL, 1839, 21, 3, 1, 1, 0);
INSERT INTO `meeting_events` (`id`, `created_at`, `updated_at`, `event_order`, `begin_time`, `is_out_of_race`, `is_autofilled`, `notes`, `meeting_session_id`, `event_type_id`, `heat_type_id`, `user_id`, `has_separate_gender_start_list`, `has_separate_category_start_list`)
  VALUES (9573, '2016-10-26 14:53:49', '2016-10-26 14:53:49', 8, '2000-01-01 10:56:00', 0, 1, NULL, 1839, 15, 3, 1, 1, 0);
INSERT INTO `meeting_events` (`id`, `created_at`, `updated_at`, `event_order`, `begin_time`, `is_out_of_race`, `is_autofilled`, `notes`, `meeting_session_id`, `event_type_id`, `heat_type_id`, `user_id`, `has_separate_gender_start_list`, `has_separate_category_start_list`)
  VALUES (9574, '2016-10-26 14:53:49', '2016-10-26 14:53:49', 9, '2000-01-01 11:22:00', 0, 1, NULL, 1839, 11, 3, 1, 1, 0);
INSERT INTO `meeting_events` (`id`, `created_at`, `updated_at`, `event_order`, `begin_time`, `is_out_of_race`, `is_autofilled`, `notes`, `meeting_session_id`, `event_type_id`, `heat_type_id`, `user_id`, `has_separate_gender_start_list`, `has_separate_category_start_list`)
  VALUES (9575, '2016-10-26 14:53:49', '2016-10-26 14:53:49', 10, '2000-01-01 11:54:00', 0, 1, NULL, 1839, 19, 3, 1, 1, 0);
INSERT INTO `meeting_events` (`id`, `created_at`, `updated_at`, `event_order`, `begin_time`, `is_out_of_race`, `is_autofilled`, `notes`, `meeting_session_id`, `event_type_id`, `heat_type_id`, `user_id`, `has_separate_gender_start_list`, `has_separate_category_start_list`)
  VALUES (9576, '2016-10-26 14:53:49', '2016-10-26 14:53:49', 11, '2000-01-01 12:26:00', 0, 1, NULL, 1839, 2, 3, 1, 1, 0);
INSERT INTO `meeting_events` (`id`, `created_at`, `updated_at`, `event_order`, `begin_time`, `is_out_of_race`, `is_autofilled`, `notes`, `meeting_session_id`, `event_type_id`, `heat_type_id`, `user_id`, `has_separate_gender_start_list`, `has_separate_category_start_list`)
  VALUES (9577, '2016-10-26 14:53:49', '2016-10-26 14:53:49', 13, '2000-01-01 13:50:35', 0, 1, NULL, 1839, 33, 3, 1, 1, 0);
INSERT INTO `meeting_events` (`id`, `created_at`, `updated_at`, `event_order`, `begin_time`, `is_out_of_race`, `is_autofilled`, `notes`, `meeting_session_id`, `event_type_id`, `heat_type_id`, `user_id`, `has_separate_gender_start_list`, `has_separate_category_start_list`)
  VALUES (9578, '2016-10-26 14:53:49', '2016-10-26 14:53:49', 14, '2000-01-01 14:13:35', 0, 1, NULL, 1839, 29, 3, 1, 1, 0);
INSERT INTO `meeting_events` (`id`, `created_at`, `updated_at`, `event_order`, `begin_time`, `is_out_of_race`, `is_autofilled`, `notes`, `meeting_session_id`, `event_type_id`, `heat_type_id`, `user_id`, `has_separate_gender_start_list`, `has_separate_category_start_list`)
  VALUES (9579, '2016-10-26 14:53:49', '2016-10-26 14:53:49', 15, '2000-01-01 08:02:00', 0, 1, NULL, 1839, 12, 3, 1, 1, 0);
INSERT INTO `meeting_events` (`id`, `created_at`, `updated_at`, `event_order`, `begin_time`, `is_out_of_race`, `is_autofilled`, `notes`, `meeting_session_id`, `event_type_id`, `heat_type_id`, `user_id`, `has_separate_gender_start_list`, `has_separate_category_start_list`)
  VALUES (9580, '2016-10-26 14:53:49', '2016-10-26 14:53:49', 16, '2000-01-01 09:48:00', 0, 1, NULL, 1839, 17, 3, 1, 1, 0);
INSERT INTO `meeting_events` (`id`, `created_at`, `updated_at`, `event_order`, `begin_time`, `is_out_of_race`, `is_autofilled`, `notes`, `meeting_session_id`, `event_type_id`, `heat_type_id`, `user_id`, `has_separate_gender_start_list`, `has_separate_category_start_list`)
  VALUES (9581, '2016-10-26 14:53:49', '2016-10-26 14:53:49', 17, '2000-01-01 11:28:00', 0, 1, NULL, 1839, 5, 3, 1, 1, 0);
INSERT INTO `meeting_sessions` (`id`, `session_order`, `scheduled_date`, `warm_up_time`, `begin_time`, `notes`, `meeting_id`, `swimming_pool_id`, `user_id`, `created_at`, `updated_at`, `description`, `is_autofilled`, `day_part_type_id`)
  VALUES (1840, 2, '2017-04-30', '2000-01-01 00:00:00', '2000-01-01 00:00:00', '', 16325, 113, 2, '2016-10-26 14:53:49', '2016-10-26 14:53:49', 'FINALI', 1, 1);

-- 15326-giulianoswim4life TROFEO SWIM4LIFE 2016-05-07
INSERT INTO `meetings` (`id`, `description`, `entry_deadline`, `has_warm_up_pool`, `is_under_25_admitted`, `reference_phone`, `reference_e_mail`, `reference_name`, `notes`, `has_invitation`, `has_start_list`, `are_results_acquired`, `max_individual_events`, `configuration_file`, `edition`, `season_id`, `user_id`, `created_at`, `updated_at`, `is_autofilled`, `header_date`, `code`, `header_year`, `max_individual_events_per_session`, `is_out_of_season`, `edition_type_id`, `timing_type_id`, `individual_score_computation_type_id`, `relay_score_computation_type_id`, `team_score_computation_type_id`, `meeting_score_computation_type_id`, `invitation`, `is_confirmed`)
  VALUES (16326, 'TROFEO SWIM4LIFE', NULL, 0, 1, NULL, NULL, NULL, 'ASD Swim4life', 0, 0, 0, 2, '?', 17, 162, 2, '2016-10-26 14:53:49', '2016-10-26 14:53:49', 1, '2017-05-06', 'giulianoswim4life', '2017', 0, 0, 2, 3, 1, 1, 12, 1, NULL, 0);
INSERT INTO `meeting_sessions` (`id`, `session_order`, `scheduled_date`, `warm_up_time`, `begin_time`, `notes`, `meeting_id`, `swimming_pool_id`, `user_id`, `created_at`, `updated_at`, `description`, `is_autofilled`, `day_part_type_id`)
  VALUES (1841, 1, '2017-05-06', '2000-01-01 00:00:00', '2000-01-01 00:00:00', '', 16326, 77, 2, '2016-10-26 14:53:49', '2016-10-26 14:53:49', 'FINALI', 1, 1);
INSERT INTO `meeting_events` (`id`, `created_at`, `updated_at`, `event_order`, `begin_time`, `is_out_of_race`, `is_autofilled`, `notes`, `meeting_session_id`, `event_type_id`, `heat_type_id`, `user_id`, `has_separate_gender_start_list`, `has_separate_category_start_list`)
  VALUES (9582, '2016-10-26 14:53:49', '2016-10-26 14:53:49', 1, '2000-01-01 08:04:00', 0, 1, NULL, 1841, 22, 3, 1, 1, 0);
INSERT INTO `meeting_events` (`id`, `created_at`, `updated_at`, `event_order`, `begin_time`, `is_out_of_race`, `is_autofilled`, `notes`, `meeting_session_id`, `event_type_id`, `heat_type_id`, `user_id`, `has_separate_gender_start_list`, `has_separate_category_start_list`)
  VALUES (9583, '2016-10-26 14:53:49', '2016-10-26 14:53:49', 2, '2000-01-01 08:46:00', 0, 1, NULL, 1841, 3, 3, 1, 1, 0);
INSERT INTO `meeting_events` (`id`, `created_at`, `updated_at`, `event_order`, `begin_time`, `is_out_of_race`, `is_autofilled`, `notes`, `meeting_session_id`, `event_type_id`, `heat_type_id`, `user_id`, `has_separate_gender_start_list`, `has_separate_category_start_list`)
  VALUES (9584, '2016-10-26 14:53:49', '2016-10-26 14:53:49', 3, '2000-01-01 09:28:00', 0, 1, NULL, 1841, 17, 3, 1, 1, 0);
INSERT INTO `meeting_events` (`id`, `created_at`, `updated_at`, `event_order`, `begin_time`, `is_out_of_race`, `is_autofilled`, `notes`, `meeting_session_id`, `event_type_id`, `heat_type_id`, `user_id`, `has_separate_gender_start_list`, `has_separate_category_start_list`)
  VALUES (9585, '2016-10-26 14:53:49', '2016-10-26 14:53:49', 5, '2000-01-01 10:44:00', 0, 1, NULL, 1841, 5, 3, 1, 1, 0);
INSERT INTO `meeting_events` (`id`, `created_at`, `updated_at`, `event_order`, `begin_time`, `is_out_of_race`, `is_autofilled`, `notes`, `meeting_session_id`, `event_type_id`, `heat_type_id`, `user_id`, `has_separate_gender_start_list`, `has_separate_category_start_list`)
  VALUES (9586, '2016-10-26 14:53:49', '2016-10-26 14:53:49', 6, '2000-01-01 11:24:00', 0, 1, NULL, 1841, 15, 3, 1, 1, 0);
INSERT INTO `meeting_events` (`id`, `created_at`, `updated_at`, `event_order`, `begin_time`, `is_out_of_race`, `is_autofilled`, `notes`, `meeting_session_id`, `event_type_id`, `heat_type_id`, `user_id`, `has_separate_gender_start_list`, `has_separate_category_start_list`)
  VALUES (9587, '2016-10-26 14:53:49', '2016-10-26 14:53:49', 7, '2000-01-01 12:08:00', 0, 1, NULL, 1841, 11, 3, 1, 1, 0);
INSERT INTO `meeting_events` (`id`, `created_at`, `updated_at`, `event_order`, `begin_time`, `is_out_of_race`, `is_autofilled`, `notes`, `meeting_session_id`, `event_type_id`, `heat_type_id`, `user_id`, `has_separate_gender_start_list`, `has_separate_category_start_list`)
  VALUES (9588, '2016-10-26 14:53:49', '2016-10-26 14:53:49', 8, '2000-01-01 12:42:00', 0, 1, NULL, 1841, 19, 3, 1, 1, 0);
INSERT INTO `meeting_events` (`id`, `created_at`, `updated_at`, `event_order`, `begin_time`, `is_out_of_race`, `is_autofilled`, `notes`, `meeting_session_id`, `event_type_id`, `heat_type_id`, `user_id`, `has_separate_gender_start_list`, `has_separate_category_start_list`)
  VALUES (9589, '2016-10-26 14:53:49', '2016-10-26 14:53:49', 9, '2000-01-01 13:28:00', 0, 1, NULL, 1841, 2, 3, 1, 1, 0);
INSERT INTO `meeting_events` (`id`, `created_at`, `updated_at`, `event_order`, `begin_time`, `is_out_of_race`, `is_autofilled`, `notes`, `meeting_session_id`, `event_type_id`, `heat_type_id`, `user_id`, `has_separate_gender_start_list`, `has_separate_category_start_list`)
  VALUES (9590, '2016-10-26 14:53:49', '2016-10-26 14:53:49', 10, '2000-01-01 14:12:30', 0, 1, NULL, 1841, 25, 3, 1, 1, 0);
INSERT INTO `meeting_events` (`id`, `created_at`, `updated_at`, `event_order`, `begin_time`, `is_out_of_race`, `is_autofilled`, `notes`, `meeting_session_id`, `event_type_id`, `heat_type_id`, `user_id`, `has_separate_gender_start_list`, `has_separate_category_start_list`)
  VALUES (9591, '2016-10-26 14:53:49', '2016-10-26 14:53:49', 11, '2000-01-01 08:48:00', 0, 1, NULL, 1841, 20, 3, 1, 1, 0);
INSERT INTO `meeting_events` (`id`, `created_at`, `updated_at`, `event_order`, `begin_time`, `is_out_of_race`, `is_autofilled`, `notes`, `meeting_session_id`, `event_type_id`, `heat_type_id`, `user_id`, `has_separate_gender_start_list`, `has_separate_category_start_list`)
  VALUES (9592, '2016-10-26 14:53:49', '2016-10-26 14:53:49', 12, '2000-01-01 11:02:00', 0, 1, NULL, 1841, 21, 3, 1, 1, 0);
INSERT INTO `meeting_events` (`id`, `created_at`, `updated_at`, `event_order`, `begin_time`, `is_out_of_race`, `is_autofilled`, `notes`, `meeting_session_id`, `event_type_id`, `heat_type_id`, `user_id`, `has_separate_gender_start_list`, `has_separate_category_start_list`)
  VALUES (9593, '2016-10-26 14:53:49', '2016-10-26 14:53:49', 13, '2000-01-01 15:18:30', 0, 1, NULL, 1841, 34, 3, 1, 1, 0);
INSERT INTO `meeting_sessions` (`id`, `session_order`, `scheduled_date`, `warm_up_time`, `begin_time`, `notes`, `meeting_id`, `swimming_pool_id`, `user_id`, `created_at`, `updated_at`, `description`, `is_autofilled`, `day_part_type_id`)
  VALUES (1842, 2, '2017-05-06', '2000-01-01 00:00:00', '2000-01-01 00:00:00', '', 16326, 77, 2, '2016-10-26 14:53:49', '2016-10-26 14:53:49', 'FINALI', 1, 2);

-- 15327-siracusasluciadellequaglie S.LUCIA DELLE QUAGLIE 2016-05-21
INSERT INTO `meetings` (`id`, `description`, `entry_deadline`, `has_warm_up_pool`, `is_under_25_admitted`, `reference_phone`, `reference_e_mail`, `reference_name`, `notes`, `has_invitation`, `has_start_list`, `are_results_acquired`, `max_individual_events`, `configuration_file`, `edition`, `season_id`, `user_id`, `created_at`, `updated_at`, `is_autofilled`, `header_date`, `code`, `header_year`, `max_individual_events_per_session`, `is_out_of_season`, `edition_type_id`, `timing_type_id`, `individual_score_computation_type_id`, `relay_score_computation_type_id`, `team_score_computation_type_id`, `meeting_score_computation_type_id`, `invitation`, `is_confirmed`)
  VALUES (16327, 'S.LUCIA DELLE QUAGLIE', NULL, 0, 1, NULL, NULL, NULL, 'Ortigia', 0, 0, 0, 2, '?', 17, 162, 2, '2016-10-26 14:53:49', '2016-10-26 14:53:49', 1, '2017-05-20', 'siracusasluciadellequaglie', '2017', 0, 0, 2, 3, 1, 1, 12, 1, NULL, 0);
INSERT INTO `meeting_sessions` (`id`, `session_order`, `scheduled_date`, `warm_up_time`, `begin_time`, `notes`, `meeting_id`, `swimming_pool_id`, `user_id`, `created_at`, `updated_at`, `description`, `is_autofilled`, `day_part_type_id`)
  VALUES (1843, 1, '2017-05-20', '2000-01-01 08:30:00', '2000-01-01 09:15:00', '', 16327, 179, 2, '2016-10-26 14:53:49', '2016-10-26 14:53:49', 'FINALI', 1, 1);
INSERT INTO `meeting_events` (`id`, `created_at`, `updated_at`, `event_order`, `begin_time`, `is_out_of_race`, `is_autofilled`, `notes`, `meeting_session_id`, `event_type_id`, `heat_type_id`, `user_id`, `has_separate_gender_start_list`, `has_separate_category_start_list`)
  VALUES (9594, '2016-10-26 14:53:49', '2016-10-26 14:53:49', 1, '2000-01-01 08:02:00', 0, 1, NULL, 1843, 12, 3, 1, 1, 0);
INSERT INTO `meeting_events` (`id`, `created_at`, `updated_at`, `event_order`, `begin_time`, `is_out_of_race`, `is_autofilled`, `notes`, `meeting_session_id`, `event_type_id`, `heat_type_id`, `user_id`, `has_separate_gender_start_list`, `has_separate_category_start_list`)
  VALUES (9595, '2016-10-26 14:53:49', '2016-10-26 14:53:49', 2, '2000-01-01 08:18:00', 0, 1, NULL, 1843, 17, 3, 1, 1, 0);
INSERT INTO `meeting_events` (`id`, `created_at`, `updated_at`, `event_order`, `begin_time`, `is_out_of_race`, `is_autofilled`, `notes`, `meeting_session_id`, `event_type_id`, `heat_type_id`, `user_id`, `has_separate_gender_start_list`, `has_separate_category_start_list`)
  VALUES (9596, '2016-10-26 14:53:49', '2016-10-26 14:53:49', 3, '2000-01-01 08:42:00', 0, 1, NULL, 1843, 21, 3, 1, 1, 0);
INSERT INTO `meeting_events` (`id`, `created_at`, `updated_at`, `event_order`, `begin_time`, `is_out_of_race`, `is_autofilled`, `notes`, `meeting_session_id`, `event_type_id`, `heat_type_id`, `user_id`, `has_separate_gender_start_list`, `has_separate_category_start_list`)
  VALUES (9597, '2016-10-26 14:53:50', '2016-10-26 14:53:50', 4, '2000-01-01 09:12:00', 0, 1, NULL, 1843, 5, 3, 1, 1, 0);
INSERT INTO `meeting_events` (`id`, `created_at`, `updated_at`, `event_order`, `begin_time`, `is_out_of_race`, `is_autofilled`, `notes`, `meeting_session_id`, `event_type_id`, `heat_type_id`, `user_id`, `has_separate_gender_start_list`, `has_separate_category_start_list`)
  VALUES (9598, '2016-10-26 14:53:50', '2016-10-26 14:53:50', 5, '2000-01-01 09:42:00', 0, 1, NULL, 1843, 15, 3, 1, 1, 0);
INSERT INTO `meeting_sessions` (`id`, `session_order`, `scheduled_date`, `warm_up_time`, `begin_time`, `notes`, `meeting_id`, `swimming_pool_id`, `user_id`, `created_at`, `updated_at`, `description`, `is_autofilled`, `day_part_type_id`)
  VALUES (1844, 2, '2017-05-20', '2000-01-01 14:00:00', '2000-01-01 14:45:00', '', 16327, 179, 2, '2016-10-26 14:53:50', '2016-10-26 14:53:50', 'FINALI', 1, 2);
INSERT INTO `meeting_events` (`id`, `created_at`, `updated_at`, `event_order`, `begin_time`, `is_out_of_race`, `is_autofilled`, `notes`, `meeting_session_id`, `event_type_id`, `heat_type_id`, `user_id`, `has_separate_gender_start_list`, `has_separate_category_start_list`)
  VALUES (9599, '2016-10-26 14:53:50', '2016-10-26 14:53:50', 6, '2000-01-01 10:14:00', 0, 1, NULL, 1844, 11, 3, 1, 1, 0);
INSERT INTO `meeting_events` (`id`, `created_at`, `updated_at`, `event_order`, `begin_time`, `is_out_of_race`, `is_autofilled`, `notes`, `meeting_session_id`, `event_type_id`, `heat_type_id`, `user_id`, `has_separate_gender_start_list`, `has_separate_category_start_list`)
  VALUES (9600, '2016-10-26 14:53:50', '2016-10-26 14:53:50', 7, '2000-01-01 10:46:00', 0, 1, NULL, 1844, 19, 3, 1, 1, 0);
INSERT INTO `meeting_events` (`id`, `created_at`, `updated_at`, `event_order`, `begin_time`, `is_out_of_race`, `is_autofilled`, `notes`, `meeting_session_id`, `event_type_id`, `heat_type_id`, `user_id`, `has_separate_gender_start_list`, `has_separate_category_start_list`)
  VALUES (9601, '2016-10-26 14:53:50', '2016-10-26 14:53:50', 8, '2000-01-01 11:24:00', 0, 1, NULL, 1844, 2, 3, 1, 1, 0);
INSERT INTO `meeting_events` (`id`, `created_at`, `updated_at`, `event_order`, `begin_time`, `is_out_of_race`, `is_autofilled`, `notes`, `meeting_session_id`, `event_type_id`, `heat_type_id`, `user_id`, `has_separate_gender_start_list`, `has_separate_category_start_list`)
  VALUES (9602, '2016-10-26 14:53:50', '2016-10-26 14:53:50', 9, '2000-01-01 12:02:30', 0, 1, NULL, 1844, 12, 3, 1, 1, 0);
INSERT INTO `meeting_events` (`id`, `created_at`, `updated_at`, `event_order`, `begin_time`, `is_out_of_race`, `is_autofilled`, `notes`, `meeting_session_id`, `event_type_id`, `heat_type_id`, `user_id`, `has_separate_gender_start_list`, `has_separate_category_start_list`)
  VALUES (9603, '2016-10-26 14:53:50', '2016-10-26 14:53:50', 10, '2000-01-01 08:20:00', 0, 1, NULL, 1844, 3, 3, 1, 1, 0);
INSERT INTO `meeting_events` (`id`, `created_at`, `updated_at`, `event_order`, `begin_time`, `is_out_of_race`, `is_autofilled`, `notes`, `meeting_session_id`, `event_type_id`, `heat_type_id`, `user_id`, `has_separate_gender_start_list`, `has_separate_category_start_list`)
  VALUES (9604, '2016-10-26 14:53:50', '2016-10-26 14:53:50', 11, '2000-01-01 09:30:00', 0, 1, NULL, 1844, 23, 3, 1, 1, 0);

-- 15329-siracusa MEETING CITTA' DI SIRACUSA 2016-05-22
INSERT INTO `meetings` (`id`, `description`, `entry_deadline`, `has_warm_up_pool`, `is_under_25_admitted`, `reference_phone`, `reference_e_mail`, `reference_name`, `notes`, `has_invitation`, `has_start_list`, `are_results_acquired`, `max_individual_events`, `configuration_file`, `edition`, `season_id`, `user_id`, `created_at`, `updated_at`, `is_autofilled`, `header_date`, `code`, `header_year`, `max_individual_events_per_session`, `is_out_of_season`, `edition_type_id`, `timing_type_id`, `individual_score_computation_type_id`, `relay_score_computation_type_id`, `team_score_computation_type_id`, `meeting_score_computation_type_id`, `invitation`, `is_confirmed`)
  VALUES (16329, 'MEETING CITTA'' DI SIRACUSA', NULL, 0, 1, NULL, NULL, NULL, 'Syracusa Syncro A.S.D.', 0, 0, 0, 2, '?', 17, 162, 2, '2016-10-26 14:53:50', '2016-10-26 14:53:50', 1, '2017-05-21', 'siracusa', '2017', 0, 0, 2, 3, 1, 1, 12, 1, NULL, 0);
INSERT INTO `meeting_sessions` (`id`, `session_order`, `scheduled_date`, `warm_up_time`, `begin_time`, `notes`, `meeting_id`, `swimming_pool_id`, `user_id`, `created_at`, `updated_at`, `description`, `is_autofilled`, `day_part_type_id`)
  VALUES (1845, 1, '2017-05-21', '2000-01-01 08:30:00', '2000-01-01 09:30:00', '', 16329, 179, 2, '2016-10-26 14:53:50', '2016-10-26 14:53:50', 'FINALI', 1, 1);
INSERT INTO `meeting_events` (`id`, `created_at`, `updated_at`, `event_order`, `begin_time`, `is_out_of_race`, `is_autofilled`, `notes`, `meeting_session_id`, `event_type_id`, `heat_type_id`, `user_id`, `has_separate_gender_start_list`, `has_separate_category_start_list`)
  VALUES (9605, '2016-10-26 14:53:50', '2016-10-26 14:53:50', 1, '2000-01-01 08:02:00', 0, 1, NULL, 1845, 16, 3, 1, 1, 0);
INSERT INTO `meeting_events` (`id`, `created_at`, `updated_at`, `event_order`, `begin_time`, `is_out_of_race`, `is_autofilled`, `notes`, `meeting_session_id`, `event_type_id`, `heat_type_id`, `user_id`, `has_separate_gender_start_list`, `has_separate_category_start_list`)
  VALUES (9606, '2016-10-26 14:53:50', '2016-10-26 14:53:50', 2, '2000-01-01 08:32:00', 0, 1, NULL, 1845, 20, 3, 1, 1, 0);
INSERT INTO `meeting_events` (`id`, `created_at`, `updated_at`, `event_order`, `begin_time`, `is_out_of_race`, `is_autofilled`, `notes`, `meeting_session_id`, `event_type_id`, `heat_type_id`, `user_id`, `has_separate_gender_start_list`, `has_separate_category_start_list`)
  VALUES (9607, '2016-10-26 14:53:50', '2016-10-26 14:53:50', 4, '2000-01-01 09:28:00', 0, 1, NULL, 1845, 7, 3, 1, 1, 0);
INSERT INTO `meeting_events` (`id`, `created_at`, `updated_at`, `event_order`, `begin_time`, `is_out_of_race`, `is_autofilled`, `notes`, `meeting_session_id`, `event_type_id`, `heat_type_id`, `user_id`, `has_separate_gender_start_list`, `has_separate_category_start_list`)
  VALUES (9608, '2016-10-26 14:53:50', '2016-10-26 14:53:50', 5, '2000-01-01 09:54:00', 0, 1, NULL, 1845, 15, 3, 1, 1, 0);
INSERT INTO `meeting_sessions` (`id`, `session_order`, `scheduled_date`, `warm_up_time`, `begin_time`, `notes`, `meeting_id`, `swimming_pool_id`, `user_id`, `created_at`, `updated_at`, `description`, `is_autofilled`, `day_part_type_id`)
  VALUES (1846, 2, '2017-05-21', '2000-01-01 14:30:00', '2000-01-01 15:30:00', '', 16329, 179, 2, '2016-10-26 14:53:50', '2016-10-26 14:53:50', 'FINALI', 1, 2);
INSERT INTO `meeting_events` (`id`, `created_at`, `updated_at`, `event_order`, `begin_time`, `is_out_of_race`, `is_autofilled`, `notes`, `meeting_session_id`, `event_type_id`, `heat_type_id`, `user_id`, `has_separate_gender_start_list`, `has_separate_category_start_list`)
  VALUES (9609, '2016-10-26 14:53:50', '2016-10-26 14:53:50', 6, '2000-01-01 10:30:00', 0, 1, NULL, 1846, 11, 3, 1, 1, 0);
INSERT INTO `meeting_events` (`id`, `created_at`, `updated_at`, `event_order`, `begin_time`, `is_out_of_race`, `is_autofilled`, `notes`, `meeting_session_id`, `event_type_id`, `heat_type_id`, `user_id`, `has_separate_gender_start_list`, `has_separate_category_start_list`)
  VALUES (9610, '2016-10-26 14:53:50', '2016-10-26 14:53:50', 7, '2000-01-01 11:00:00', 0, 1, NULL, 1846, 19, 3, 1, 1, 0);
INSERT INTO `meeting_events` (`id`, `created_at`, `updated_at`, `event_order`, `begin_time`, `is_out_of_race`, `is_autofilled`, `notes`, `meeting_session_id`, `event_type_id`, `heat_type_id`, `user_id`, `has_separate_gender_start_list`, `has_separate_category_start_list`)
  VALUES (9611, '2016-10-26 14:53:50', '2016-10-26 14:53:50', 8, '2000-01-01 11:32:00', 0, 1, NULL, 1846, 2, 3, 1, 1, 0);
INSERT INTO `meeting_events` (`id`, `created_at`, `updated_at`, `event_order`, `begin_time`, `is_out_of_race`, `is_autofilled`, `notes`, `meeting_session_id`, `event_type_id`, `heat_type_id`, `user_id`, `has_separate_gender_start_list`, `has_separate_category_start_list`)
  VALUES (9612, '2016-10-26 14:53:50', '2016-10-26 14:53:50', 9, '2000-01-01 12:02:30', 0, 1, NULL, 1846, 25, 3, 1, 1, 0);
INSERT INTO `meeting_events` (`id`, `created_at`, `updated_at`, `event_order`, `begin_time`, `is_out_of_race`, `is_autofilled`, `notes`, `meeting_session_id`, `event_type_id`, `heat_type_id`, `user_id`, `has_separate_gender_start_list`, `has_separate_category_start_list`)
  VALUES (9613, '2016-10-26 14:53:50', '2016-10-26 14:53:50', 10, '2000-01-01 09:38:00', 0, 1, NULL, 1846, 4, 3, 1, 1, 0);

-- 15330-trevisoabettiol MEMORIAL A. BETTIOL 2016-05-20
INSERT INTO `meetings` (`id`, `description`, `entry_deadline`, `has_warm_up_pool`, `is_under_25_admitted`, `reference_phone`, `reference_e_mail`, `reference_name`, `notes`, `has_invitation`, `has_start_list`, `are_results_acquired`, `max_individual_events`, `configuration_file`, `edition`, `season_id`, `user_id`, `created_at`, `updated_at`, `is_autofilled`, `header_date`, `code`, `header_year`, `max_individual_events_per_session`, `is_out_of_season`, `edition_type_id`, `timing_type_id`, `individual_score_computation_type_id`, `relay_score_computation_type_id`, `team_score_computation_type_id`, `meeting_score_computation_type_id`, `invitation`, `is_confirmed`)
  VALUES (16330, 'MEMORIAL A. BETTIOL', NULL, 0, 1, NULL, NULL, NULL, 'Natatorium Treviso', 0, 0, 0, 2, '?', 17, 162, 2, '2016-10-26 14:53:50', '2016-10-26 14:53:50', 1, '2017-05-19', 'trevisoabettiol', '2017', 0, 0, 2, 3, 1, 1, 12, 1, NULL, 0);
INSERT INTO `meeting_sessions` (`id`, `session_order`, `scheduled_date`, `warm_up_time`, `begin_time`, `notes`, `meeting_id`, `swimming_pool_id`, `user_id`, `created_at`, `updated_at`, `description`, `is_autofilled`, `day_part_type_id`)
  VALUES (1847, 1, '2017-05-19', '2000-01-01 00:00:00', '2000-01-01 00:00:00', '', 16330, 134, 2, '2016-10-26 14:53:50', '2016-10-26 14:53:50', 'FINALI', 1, 2);
INSERT INTO `meeting_events` (`id`, `created_at`, `updated_at`, `event_order`, `begin_time`, `is_out_of_race`, `is_autofilled`, `notes`, `meeting_session_id`, `event_type_id`, `heat_type_id`, `user_id`, `has_separate_gender_start_list`, `has_separate_category_start_list`)
  VALUES (9614, '2016-10-26 14:53:50', '2016-10-26 14:53:50', 1, '2000-01-01 08:02:00', 0, 1, NULL, 1847, 16, 3, 1, 1, 0);
INSERT INTO `meeting_events` (`id`, `created_at`, `updated_at`, `event_order`, `begin_time`, `is_out_of_race`, `is_autofilled`, `notes`, `meeting_session_id`, `event_type_id`, `heat_type_id`, `user_id`, `has_separate_gender_start_list`, `has_separate_category_start_list`)
  VALUES (9615, '2016-10-26 14:53:50', '2016-10-26 14:53:50', 2, '2000-01-01 08:38:00', 0, 1, NULL, 1847, 12, 3, 1, 1, 0);
INSERT INTO `meeting_events` (`id`, `created_at`, `updated_at`, `event_order`, `begin_time`, `is_out_of_race`, `is_autofilled`, `notes`, `meeting_session_id`, `event_type_id`, `heat_type_id`, `user_id`, `has_separate_gender_start_list`, `has_separate_category_start_list`)
  VALUES (9616, '2016-10-26 14:53:50', '2016-10-26 14:53:50', 3, '2000-01-01 09:10:00', 0, 1, NULL, 1847, 7, 3, 1, 1, 0);
INSERT INTO `meeting_events` (`id`, `created_at`, `updated_at`, `event_order`, `begin_time`, `is_out_of_race`, `is_autofilled`, `notes`, `meeting_session_id`, `event_type_id`, `heat_type_id`, `user_id`, `has_separate_gender_start_list`, `has_separate_category_start_list`)
  VALUES (9617, '2016-10-26 14:53:50', '2016-10-26 14:53:50', 4, '2000-01-01 09:44:00', 0, 1, NULL, 1847, 23, 3, 1, 1, 0);
INSERT INTO `meeting_events` (`id`, `created_at`, `updated_at`, `event_order`, `begin_time`, `is_out_of_race`, `is_autofilled`, `notes`, `meeting_session_id`, `event_type_id`, `heat_type_id`, `user_id`, `has_separate_gender_start_list`, `has_separate_category_start_list`)
  VALUES (9618, '2016-10-26 14:53:50', '2016-10-26 14:53:50', 5, '2000-01-01 10:20:00', 0, 1, NULL, 1847, 21, 3, 1, 1, 0);
INSERT INTO `meeting_events` (`id`, `created_at`, `updated_at`, `event_order`, `begin_time`, `is_out_of_race`, `is_autofilled`, `notes`, `meeting_session_id`, `event_type_id`, `heat_type_id`, `user_id`, `has_separate_gender_start_list`, `has_separate_category_start_list`)
  VALUES (9619, '2016-10-26 14:53:50', '2016-10-26 14:53:50', 6, '2000-01-01 10:56:00', 0, 1, NULL, 1847, 4, 3, 1, 1, 0);
INSERT INTO `meeting_events` (`id`, `created_at`, `updated_at`, `event_order`, `begin_time`, `is_out_of_race`, `is_autofilled`, `notes`, `meeting_session_id`, `event_type_id`, `heat_type_id`, `user_id`, `has_separate_gender_start_list`, `has_separate_category_start_list`)
  VALUES (9620, '2016-10-26 14:53:50', '2016-10-26 14:53:50', 7, '2000-01-01 11:36:00', 0, 1, NULL, 1847, 24, 3, 1, 1, 0);
INSERT INTO `meeting_events` (`id`, `created_at`, `updated_at`, `event_order`, `begin_time`, `is_out_of_race`, `is_autofilled`, `notes`, `meeting_session_id`, `event_type_id`, `heat_type_id`, `user_id`, `has_separate_gender_start_list`, `has_separate_category_start_list`)
  VALUES (9621, '2016-10-26 14:53:50', '2016-10-26 14:53:50', 8, '2000-01-01 12:06:00', 0, 1, NULL, 1847, 5, 3, 1, 1, 0);
INSERT INTO `meeting_events` (`id`, `created_at`, `updated_at`, `event_order`, `begin_time`, `is_out_of_race`, `is_autofilled`, `notes`, `meeting_session_id`, `event_type_id`, `heat_type_id`, `user_id`, `has_separate_gender_start_list`, `has_separate_category_start_list`)
  VALUES (9622, '2016-10-26 14:53:50', '2016-10-26 14:53:50', 9, '2000-01-01 12:44:00', 0, 1, NULL, 1847, 15, 3, 1, 1, 0);
INSERT INTO `meeting_events` (`id`, `created_at`, `updated_at`, `event_order`, `begin_time`, `is_out_of_race`, `is_autofilled`, `notes`, `meeting_session_id`, `event_type_id`, `heat_type_id`, `user_id`, `has_separate_gender_start_list`, `has_separate_category_start_list`)
  VALUES (9623, '2016-10-26 14:53:50', '2016-10-26 14:53:50', 10, '2000-01-01 13:24:00', 0, 1, NULL, 1847, 11, 3, 1, 1, 0);
INSERT INTO `meeting_events` (`id`, `created_at`, `updated_at`, `event_order`, `begin_time`, `is_out_of_race`, `is_autofilled`, `notes`, `meeting_session_id`, `event_type_id`, `heat_type_id`, `user_id`, `has_separate_gender_start_list`, `has_separate_category_start_list`)
  VALUES (9624, '2016-10-26 14:53:50', '2016-10-26 14:53:50', 11, '2000-01-01 14:00:00', 0, 1, NULL, 1847, 19, 3, 1, 1, 0);
INSERT INTO `meeting_events` (`id`, `created_at`, `updated_at`, `event_order`, `begin_time`, `is_out_of_race`, `is_autofilled`, `notes`, `meeting_session_id`, `event_type_id`, `heat_type_id`, `user_id`, `has_separate_gender_start_list`, `has_separate_category_start_list`)
  VALUES (9625, '2016-10-26 14:53:50', '2016-10-26 14:53:50', 12, '2000-01-01 14:46:00', 0, 1, NULL, 1847, 2, 3, 1, 1, 0);
INSERT INTO `meeting_events` (`id`, `created_at`, `updated_at`, `event_order`, `begin_time`, `is_out_of_race`, `is_autofilled`, `notes`, `meeting_session_id`, `event_type_id`, `heat_type_id`, `user_id`, `has_separate_gender_start_list`, `has_separate_category_start_list`)
  VALUES (9626, '2016-10-26 14:53:50', '2016-10-26 14:53:50', 13, '2000-01-01 15:32:00', 0, 1, NULL, 1847, 6, 3, 1, 1, 0);
INSERT INTO `meeting_events` (`id`, `created_at`, `updated_at`, `event_order`, `begin_time`, `is_out_of_race`, `is_autofilled`, `notes`, `meeting_session_id`, `event_type_id`, `heat_type_id`, `user_id`, `has_separate_gender_start_list`, `has_separate_category_start_list`)
  VALUES (9627, '2016-10-26 14:53:50', '2016-10-26 14:53:50', 14, '2000-01-01 16:08:30', 0, 1, NULL, 1847, 34, 3, 1, 1, 0);
INSERT INTO `meeting_events` (`id`, `created_at`, `updated_at`, `event_order`, `begin_time`, `is_out_of_race`, `is_autofilled`, `notes`, `meeting_session_id`, `event_type_id`, `heat_type_id`, `user_id`, `has_separate_gender_start_list`, `has_separate_category_start_list`)
  VALUES (9628, '2016-10-26 14:53:50', '2016-10-26 14:53:50', 15, '2000-01-01 16:06:00', 0, 1, NULL, 1847, 33, 3, 1, 1, 0);

-- 15331-genovapiscinedialbaro TROFEO PISCINE DI ALBARO 2016-06-04
INSERT INTO `meetings` (`id`, `description`, `entry_deadline`, `has_warm_up_pool`, `is_under_25_admitted`, `reference_phone`, `reference_e_mail`, `reference_name`, `notes`, `has_invitation`, `has_start_list`, `are_results_acquired`, `max_individual_events`, `configuration_file`, `edition`, `season_id`, `user_id`, `created_at`, `updated_at`, `is_autofilled`, `header_date`, `code`, `header_year`, `max_individual_events_per_session`, `is_out_of_season`, `edition_type_id`, `timing_type_id`, `individual_score_computation_type_id`, `relay_score_computation_type_id`, `team_score_computation_type_id`, `meeting_score_computation_type_id`, `invitation`, `is_confirmed`)
  VALUES (16331, 'TROFEO PISCINE DI ALBARO', NULL, 0, 1, NULL, NULL, NULL, 'Nuotatori Genovesi', 0, 0, 0, 2, '?', 17, 162, 2, '2016-10-26 14:53:50', '2016-10-26 14:53:50', 1, '2017-06-03', 'genovapiscinedialbaro', '2017', 0, 0, 2, 3, 1, 1, 12, 1, NULL, 0);
INSERT INTO `meeting_sessions` (`id`, `session_order`, `scheduled_date`, `warm_up_time`, `begin_time`, `notes`, `meeting_id`, `swimming_pool_id`, `user_id`, `created_at`, `updated_at`, `description`, `is_autofilled`, `day_part_type_id`)
  VALUES (1848, 1, '2017-06-03', '2000-01-01 08:15:00', '2000-01-01 09:00:00', '', 16331, 138, 2, '2016-10-26 14:53:50', '2016-10-26 14:53:50', 'FINALI', 1, 1);
INSERT INTO `meeting_events` (`id`, `created_at`, `updated_at`, `event_order`, `begin_time`, `is_out_of_race`, `is_autofilled`, `notes`, `meeting_session_id`, `event_type_id`, `heat_type_id`, `user_id`, `has_separate_gender_start_list`, `has_separate_category_start_list`)
  VALUES (9629, '2016-10-26 14:53:50', '2016-10-26 14:53:50', 1, '2000-01-01 08:02:00', 0, 1, NULL, 1848, 5, 3, 1, 1, 0);
INSERT INTO `meeting_events` (`id`, `created_at`, `updated_at`, `event_order`, `begin_time`, `is_out_of_race`, `is_autofilled`, `notes`, `meeting_session_id`, `event_type_id`, `heat_type_id`, `user_id`, `has_separate_gender_start_list`, `has_separate_category_start_list`)
  VALUES (9630, '2016-10-26 14:53:50', '2016-10-26 14:53:50', 2, '2000-01-01 08:24:00', 0, 1, NULL, 1848, 16, 3, 1, 1, 0);
INSERT INTO `meeting_events` (`id`, `created_at`, `updated_at`, `event_order`, `begin_time`, `is_out_of_race`, `is_autofilled`, `notes`, `meeting_session_id`, `event_type_id`, `heat_type_id`, `user_id`, `has_separate_gender_start_list`, `has_separate_category_start_list`)
  VALUES (9631, '2016-10-26 14:53:50', '2016-10-26 14:53:50', 3, '2000-01-01 08:40:00', 0, 1, NULL, 1848, 20, 3, 1, 1, 0);
INSERT INTO `meeting_events` (`id`, `created_at`, `updated_at`, `event_order`, `begin_time`, `is_out_of_race`, `is_autofilled`, `notes`, `meeting_session_id`, `event_type_id`, `heat_type_id`, `user_id`, `has_separate_gender_start_list`, `has_separate_category_start_list`)
  VALUES (9632, '2016-10-26 14:53:50', '2016-10-26 14:53:50', 4, '2000-01-01 09:08:00', 0, 1, NULL, 1848, 12, 3, 1, 1, 0);
INSERT INTO `meeting_events` (`id`, `created_at`, `updated_at`, `event_order`, `begin_time`, `is_out_of_race`, `is_autofilled`, `notes`, `meeting_session_id`, `event_type_id`, `heat_type_id`, `user_id`, `has_separate_gender_start_list`, `has_separate_category_start_list`)
  VALUES (9633, '2016-10-26 14:53:50', '2016-10-26 14:53:50', 5, '2000-01-01 09:46:00', 0, 1, NULL, 1848, 3, 3, 1, 1, 0);
INSERT INTO `meeting_events` (`id`, `created_at`, `updated_at`, `event_order`, `begin_time`, `is_out_of_race`, `is_autofilled`, `notes`, `meeting_session_id`, `event_type_id`, `heat_type_id`, `user_id`, `has_separate_gender_start_list`, `has_separate_category_start_list`)
  VALUES (9634, '2016-10-26 14:53:50', '2016-10-26 14:53:50', 6, '2000-01-01 10:10:00', 0, 1, NULL, 1848, 23, 3, 1, 1, 0);
INSERT INTO `meeting_events` (`id`, `created_at`, `updated_at`, `event_order`, `begin_time`, `is_out_of_race`, `is_autofilled`, `notes`, `meeting_session_id`, `event_type_id`, `heat_type_id`, `user_id`, `has_separate_gender_start_list`, `has_separate_category_start_list`)
  VALUES (9635, '2016-10-26 14:53:50', '2016-10-26 14:53:50', 7, '2000-01-01 10:42:00', 0, 1, NULL, 1848, 15, 3, 1, 1, 0);
INSERT INTO `meeting_events` (`id`, `created_at`, `updated_at`, `event_order`, `begin_time`, `is_out_of_race`, `is_autofilled`, `notes`, `meeting_session_id`, `event_type_id`, `heat_type_id`, `user_id`, `has_separate_gender_start_list`, `has_separate_category_start_list`)
  VALUES (9636, '2016-10-26 14:53:50', '2016-10-26 14:53:50', 8, '2000-01-01 11:06:00', 0, 1, NULL, 1848, 19, 3, 1, 1, 0);
INSERT INTO `meeting_events` (`id`, `created_at`, `updated_at`, `event_order`, `begin_time`, `is_out_of_race`, `is_autofilled`, `notes`, `meeting_session_id`, `event_type_id`, `heat_type_id`, `user_id`, `has_separate_gender_start_list`, `has_separate_category_start_list`)
  VALUES (9637, '2016-10-26 14:53:50', '2016-10-26 14:53:50', 9, '2000-01-01 11:34:00', 0, 1, NULL, 1848, 11, 3, 1, 1, 0);
INSERT INTO `meeting_events` (`id`, `created_at`, `updated_at`, `event_order`, `begin_time`, `is_out_of_race`, `is_autofilled`, `notes`, `meeting_session_id`, `event_type_id`, `heat_type_id`, `user_id`, `has_separate_gender_start_list`, `has_separate_category_start_list`)
  VALUES (9638, '2016-10-26 14:53:50', '2016-10-26 14:53:50', 10, '2000-01-01 12:04:00', 0, 1, NULL, 1848, 2, 3, 1, 1, 0);
INSERT INTO `meeting_events` (`id`, `created_at`, `updated_at`, `event_order`, `begin_time`, `is_out_of_race`, `is_autofilled`, `notes`, `meeting_session_id`, `event_type_id`, `heat_type_id`, `user_id`, `has_separate_gender_start_list`, `has_separate_category_start_list`)
  VALUES (9639, '2016-10-26 14:53:50', '2016-10-26 14:53:50', 11, '2000-01-01 12:44:30', 0, 1, NULL, 1848, 33, 3, 1, 1, 0);

-- 15332-cremonacanottieribaldesio MEETING CANOTTIERI BALDESIO 2016-05-21
INSERT INTO `meetings` (`id`, `description`, `entry_deadline`, `has_warm_up_pool`, `is_under_25_admitted`, `reference_phone`, `reference_e_mail`, `reference_name`, `notes`, `has_invitation`, `has_start_list`, `are_results_acquired`, `max_individual_events`, `configuration_file`, `edition`, `season_id`, `user_id`, `created_at`, `updated_at`, `is_autofilled`, `header_date`, `code`, `header_year`, `max_individual_events_per_session`, `is_out_of_season`, `edition_type_id`, `timing_type_id`, `individual_score_computation_type_id`, `relay_score_computation_type_id`, `team_score_computation_type_id`, `meeting_score_computation_type_id`, `invitation`, `is_confirmed`)
  VALUES (16332, 'MEETING CANOTTIERI BALDESIO', NULL, 0, 1, NULL, NULL, NULL, 'Canottieri Baldesio ASD', 0, 0, 0, 2, '?', 17, 162, 2, '2016-10-26 14:53:50', '2016-10-26 14:53:50', 1, '2017-05-20', 'cremonacanottieribaldesio', '2017', 0, 0, 2, 3, 1, 1, 12, 1, NULL, 0);
INSERT INTO `meeting_sessions` (`id`, `session_order`, `scheduled_date`, `warm_up_time`, `begin_time`, `notes`, `meeting_id`, `swimming_pool_id`, `user_id`, `created_at`, `updated_at`, `description`, `is_autofilled`, `day_part_type_id`)
  VALUES (1849, 1, '2017-05-20', '2000-01-01 13:00:00', '2000-01-01 14:00:00', '', 16332, 56, 2, '2016-10-26 14:53:50', '2016-10-26 14:53:50', 'FINALI', 1, 2);
INSERT INTO `meeting_events` (`id`, `created_at`, `updated_at`, `event_order`, `begin_time`, `is_out_of_race`, `is_autofilled`, `notes`, `meeting_session_id`, `event_type_id`, `heat_type_id`, `user_id`, `has_separate_gender_start_list`, `has_separate_category_start_list`)
  VALUES (9640, '2016-10-26 14:53:50', '2016-10-26 14:53:50', 1, '2000-01-01 08:02:00', 0, 1, NULL, 1849, 16, 3, 1, 1, 0);
INSERT INTO `meeting_events` (`id`, `created_at`, `updated_at`, `event_order`, `begin_time`, `is_out_of_race`, `is_autofilled`, `notes`, `meeting_session_id`, `event_type_id`, `heat_type_id`, `user_id`, `has_separate_gender_start_list`, `has_separate_category_start_list`)
  VALUES (9641, '2016-10-26 14:53:50', '2016-10-26 14:53:50', 2, '2000-01-01 08:24:00', 0, 1, NULL, 1849, 12, 3, 1, 1, 0);
INSERT INTO `meeting_events` (`id`, `created_at`, `updated_at`, `event_order`, `begin_time`, `is_out_of_race`, `is_autofilled`, `notes`, `meeting_session_id`, `event_type_id`, `heat_type_id`, `user_id`, `has_separate_gender_start_list`, `has_separate_category_start_list`)
  VALUES (9642, '2016-10-26 14:53:50', '2016-10-26 14:53:50', 3, '2000-01-01 08:50:00', 0, 1, NULL, 1849, 20, 3, 1, 1, 0);
INSERT INTO `meeting_events` (`id`, `created_at`, `updated_at`, `event_order`, `begin_time`, `is_out_of_race`, `is_autofilled`, `notes`, `meeting_session_id`, `event_type_id`, `heat_type_id`, `user_id`, `has_separate_gender_start_list`, `has_separate_category_start_list`)
  VALUES (9643, '2016-10-26 14:53:50', '2016-10-26 14:53:50', 4, '2000-01-01 09:24:00', 0, 1, NULL, 1849, 3, 3, 1, 1, 0);
INSERT INTO `meeting_events` (`id`, `created_at`, `updated_at`, `event_order`, `begin_time`, `is_out_of_race`, `is_autofilled`, `notes`, `meeting_session_id`, `event_type_id`, `heat_type_id`, `user_id`, `has_separate_gender_start_list`, `has_separate_category_start_list`)
  VALUES (9644, '2016-10-26 14:53:50', '2016-10-26 14:53:50', 5, '2000-01-01 10:06:00', 0, 1, NULL, 1849, 23, 3, 1, 1, 0);
INSERT INTO `meeting_sessions` (`id`, `session_order`, `scheduled_date`, `warm_up_time`, `begin_time`, `notes`, `meeting_id`, `swimming_pool_id`, `user_id`, `created_at`, `updated_at`, `description`, `is_autofilled`, `day_part_type_id`)
  VALUES (1850, 2, '2017-05-21', '2000-01-01 08:00:00', '2000-01-01 09:00:00', '', 16332, 56, 2, '2016-10-26 14:53:50', '2016-10-26 14:53:50', 'FINALI', 1, 1);
INSERT INTO `meeting_events` (`id`, `created_at`, `updated_at`, `event_order`, `begin_time`, `is_out_of_race`, `is_autofilled`, `notes`, `meeting_session_id`, `event_type_id`, `heat_type_id`, `user_id`, `has_separate_gender_start_list`, `has_separate_category_start_list`)
  VALUES (9645, '2016-10-26 14:53:50', '2016-10-26 14:53:50', 6, '2000-01-01 10:38:00', 0, 1, NULL, 1850, 4, 3, 1, 1, 0);
INSERT INTO `meeting_events` (`id`, `created_at`, `updated_at`, `event_order`, `begin_time`, `is_out_of_race`, `is_autofilled`, `notes`, `meeting_session_id`, `event_type_id`, `heat_type_id`, `user_id`, `has_separate_gender_start_list`, `has_separate_category_start_list`)
  VALUES (9646, '2016-10-26 14:53:50', '2016-10-26 14:53:50', 7, '2000-01-01 11:16:00', 0, 1, NULL, 1850, 15, 3, 1, 1, 0);
INSERT INTO `meeting_events` (`id`, `created_at`, `updated_at`, `event_order`, `begin_time`, `is_out_of_race`, `is_autofilled`, `notes`, `meeting_session_id`, `event_type_id`, `heat_type_id`, `user_id`, `has_separate_gender_start_list`, `has_separate_category_start_list`)
  VALUES (9647, '2016-10-26 14:53:50', '2016-10-26 14:53:50', 8, '2000-01-01 12:02:00', 0, 1, NULL, 1850, 11, 3, 1, 1, 0);
INSERT INTO `meeting_events` (`id`, `created_at`, `updated_at`, `event_order`, `begin_time`, `is_out_of_race`, `is_autofilled`, `notes`, `meeting_session_id`, `event_type_id`, `heat_type_id`, `user_id`, `has_separate_gender_start_list`, `has_separate_category_start_list`)
  VALUES (9648, '2016-10-26 14:53:50', '2016-10-26 14:53:50', 9, '2000-01-01 12:44:00', 0, 1, NULL, 1850, 19, 3, 1, 1, 0);
INSERT INTO `meeting_events` (`id`, `created_at`, `updated_at`, `event_order`, `begin_time`, `is_out_of_race`, `is_autofilled`, `notes`, `meeting_session_id`, `event_type_id`, `heat_type_id`, `user_id`, `has_separate_gender_start_list`, `has_separate_category_start_list`)
  VALUES (9649, '2016-10-26 14:53:50', '2016-10-26 14:53:50', 10, '2000-01-01 13:22:00', 0, 1, NULL, 1850, 2, 3, 1, 1, 0);
INSERT INTO `meeting_events` (`id`, `created_at`, `updated_at`, `event_order`, `begin_time`, `is_out_of_race`, `is_autofilled`, `notes`, `meeting_session_id`, `event_type_id`, `heat_type_id`, `user_id`, `has_separate_gender_start_list`, `has_separate_category_start_list`)
  VALUES (9650, '2016-10-26 14:53:50', '2016-10-26 14:53:50', 11, '2000-01-01 14:04:30', 0, 1, NULL, 1850, 28, 3, 1, 1, 0);
INSERT INTO `meeting_events` (`id`, `created_at`, `updated_at`, `event_order`, `begin_time`, `is_out_of_race`, `is_autofilled`, `notes`, `meeting_session_id`, `event_type_id`, `heat_type_id`, `user_id`, `has_separate_gender_start_list`, `has_separate_category_start_list`)
  VALUES (9651, '2016-10-26 14:53:50', '2016-10-26 14:53:50', 12, '2000-01-01 14:03:30', 0, 1, NULL, 1850, 27, 3, 1, 1, 0);

-- 15333-putignanospeedonadir TROFEO SPEEDO NADIR 2016-05-21
INSERT INTO `meetings` (`id`, `description`, `entry_deadline`, `has_warm_up_pool`, `is_under_25_admitted`, `reference_phone`, `reference_e_mail`, `reference_name`, `notes`, `has_invitation`, `has_start_list`, `are_results_acquired`, `max_individual_events`, `configuration_file`, `edition`, `season_id`, `user_id`, `created_at`, `updated_at`, `is_autofilled`, `header_date`, `code`, `header_year`, `max_individual_events_per_session`, `is_out_of_season`, `edition_type_id`, `timing_type_id`, `individual_score_computation_type_id`, `relay_score_computation_type_id`, `team_score_computation_type_id`, `meeting_score_computation_type_id`, `invitation`, `is_confirmed`)
  VALUES (16333, 'TROFEO SPEEDO NADIR', NULL, 0, 1, NULL, NULL, NULL, 'DNA Nadir SSD', 0, 0, 0, 2, '?', 17, 162, 2, '2016-10-26 14:53:50', '2016-10-26 14:53:50', 1, '2017-05-20', 'putignanospeedonadir', '2017', 0, 0, 2, 3, 1, 1, 12, 1, NULL, 0);
INSERT INTO `meeting_sessions` (`id`, `session_order`, `scheduled_date`, `warm_up_time`, `begin_time`, `notes`, `meeting_id`, `swimming_pool_id`, `user_id`, `created_at`, `updated_at`, `description`, `is_autofilled`, `day_part_type_id`)
  VALUES (1851, 1, '2017-05-20', '2000-01-01 07:45:00', '2000-01-01 08:30:00', '', 16333, 135, 2, '2016-10-26 14:53:50', '2016-10-26 14:53:50', 'FINALI', 1, 2);
INSERT INTO `meeting_events` (`id`, `created_at`, `updated_at`, `event_order`, `begin_time`, `is_out_of_race`, `is_autofilled`, `notes`, `meeting_session_id`, `event_type_id`, `heat_type_id`, `user_id`, `has_separate_gender_start_list`, `has_separate_category_start_list`)
  VALUES (9652, '2016-10-26 14:53:50', '2016-10-26 14:53:50', 1, '2000-01-01 08:02:00', 0, 1, NULL, 1851, 16, 3, 1, 1, 0);
INSERT INTO `meeting_events` (`id`, `created_at`, `updated_at`, `event_order`, `begin_time`, `is_out_of_race`, `is_autofilled`, `notes`, `meeting_session_id`, `event_type_id`, `heat_type_id`, `user_id`, `has_separate_gender_start_list`, `has_separate_category_start_list`)
  VALUES (9653, '2016-10-26 14:53:51', '2016-10-26 14:53:51', 2, '2000-01-01 08:38:00', 0, 1, NULL, 1851, 22, 3, 1, 1, 0);
INSERT INTO `meeting_events` (`id`, `created_at`, `updated_at`, `event_order`, `begin_time`, `is_out_of_race`, `is_autofilled`, `notes`, `meeting_session_id`, `event_type_id`, `heat_type_id`, `user_id`, `has_separate_gender_start_list`, `has_separate_category_start_list`)
  VALUES (9654, '2016-10-26 14:53:51', '2016-10-26 14:53:51', 3, '2000-01-01 09:14:00', 0, 1, NULL, 1851, 20, 3, 1, 1, 0);
INSERT INTO `meeting_sessions` (`id`, `session_order`, `scheduled_date`, `warm_up_time`, `begin_time`, `notes`, `meeting_id`, `swimming_pool_id`, `user_id`, `created_at`, `updated_at`, `description`, `is_autofilled`, `day_part_type_id`)
  VALUES (1852, 2, '2017-05-20', '2000-01-01 14:30:00', '2000-01-01 15:00:00', '', 16333, 135, 2, '2016-10-26 14:53:51', '2016-10-26 14:53:51', 'FINALI', 1, 1);
INSERT INTO `meeting_events` (`id`, `created_at`, `updated_at`, `event_order`, `begin_time`, `is_out_of_race`, `is_autofilled`, `notes`, `meeting_session_id`, `event_type_id`, `heat_type_id`, `user_id`, `has_separate_gender_start_list`, `has_separate_category_start_list`)
  VALUES (9655, '2016-10-26 14:53:51', '2016-10-26 14:53:51', 4, '2000-01-01 09:50:00', 0, 1, NULL, 1852, 3, 3, 1, 1, 0);
INSERT INTO `meeting_events` (`id`, `created_at`, `updated_at`, `event_order`, `begin_time`, `is_out_of_race`, `is_autofilled`, `notes`, `meeting_session_id`, `event_type_id`, `heat_type_id`, `user_id`, `has_separate_gender_start_list`, `has_separate_category_start_list`)
  VALUES (9656, '2016-10-26 14:53:51', '2016-10-26 14:53:51', 5, '2000-01-01 10:34:00', 0, 1, NULL, 1852, 7, 3, 1, 1, 0);
INSERT INTO `meeting_sessions` (`id`, `session_order`, `scheduled_date`, `warm_up_time`, `begin_time`, `notes`, `meeting_id`, `swimming_pool_id`, `user_id`, `created_at`, `updated_at`, `description`, `is_autofilled`, `day_part_type_id`)
  VALUES (1853, 3, '2017-05-21', '2000-01-01 08:30:00', '2000-01-01 09:00:00', '', 16333, 135, 2, '2016-10-26 14:53:51', '2016-10-26 14:53:51', 'FINALI', 1, 2);
INSERT INTO `meeting_events` (`id`, `created_at`, `updated_at`, `event_order`, `begin_time`, `is_out_of_race`, `is_autofilled`, `notes`, `meeting_session_id`, `event_type_id`, `heat_type_id`, `user_id`, `has_separate_gender_start_list`, `has_separate_category_start_list`)
  VALUES (9657, '2016-10-26 14:53:51', '2016-10-26 14:53:51', 9, '2000-01-01 12:24:00', 0, 1, NULL, 1853, 15, 3, 1, 1, 0);
INSERT INTO `meeting_events` (`id`, `created_at`, `updated_at`, `event_order`, `begin_time`, `is_out_of_race`, `is_autofilled`, `notes`, `meeting_session_id`, `event_type_id`, `heat_type_id`, `user_id`, `has_separate_gender_start_list`, `has_separate_category_start_list`)
  VALUES (9658, '2016-10-26 14:53:51', '2016-10-26 14:53:51', 10, '2000-01-01 13:02:00', 0, 1, NULL, 1853, 11, 3, 1, 1, 0);
INSERT INTO `meeting_events` (`id`, `created_at`, `updated_at`, `event_order`, `begin_time`, `is_out_of_race`, `is_autofilled`, `notes`, `meeting_session_id`, `event_type_id`, `heat_type_id`, `user_id`, `has_separate_gender_start_list`, `has_separate_category_start_list`)
  VALUES (9659, '2016-10-26 14:53:51', '2016-10-26 14:53:51', 11, '2000-01-01 13:42:00', 0, 1, NULL, 1853, 19, 3, 1, 1, 0);
INSERT INTO `meeting_events` (`id`, `created_at`, `updated_at`, `event_order`, `begin_time`, `is_out_of_race`, `is_autofilled`, `notes`, `meeting_session_id`, `event_type_id`, `heat_type_id`, `user_id`, `has_separate_gender_start_list`, `has_separate_category_start_list`)
  VALUES (9660, '2016-10-26 14:53:51', '2016-10-26 14:53:51', 12, '2000-01-01 14:26:00', 0, 1, NULL, 1853, 2, 3, 1, 1, 0);
INSERT INTO `meeting_sessions` (`id`, `session_order`, `scheduled_date`, `warm_up_time`, `begin_time`, `notes`, `meeting_id`, `swimming_pool_id`, `user_id`, `created_at`, `updated_at`, `description`, `is_autofilled`, `day_part_type_id`)
  VALUES (1854, 4, '2017-05-21', '2000-01-01 15:00:00', '2000-01-01 15:30:00', '', 16333, 135, 2, '2016-10-26 14:53:51', '2016-10-26 14:53:51', 'FINALI', 1, 2);
INSERT INTO `meeting_events` (`id`, `created_at`, `updated_at`, `event_order`, `begin_time`, `is_out_of_race`, `is_autofilled`, `notes`, `meeting_session_id`, `event_type_id`, `heat_type_id`, `user_id`, `has_separate_gender_start_list`, `has_separate_category_start_list`)
  VALUES (9661, '2016-10-26 14:53:51', '2016-10-26 14:53:51', 13, '2000-01-01 15:14:00', 0, 1, NULL, 1854, 6, 3, 1, 1, 0);
INSERT INTO `meeting_events` (`id`, `created_at`, `updated_at`, `event_order`, `begin_time`, `is_out_of_race`, `is_autofilled`, `notes`, `meeting_session_id`, `event_type_id`, `heat_type_id`, `user_id`, `has_separate_gender_start_list`, `has_separate_category_start_list`)
  VALUES (9662, '2016-10-26 14:53:51', '2016-10-26 14:53:51', 14, '2000-01-01 15:52:30', 0, 1, NULL, 1854, 22, 3, 1, 1, 0);
INSERT INTO `meeting_events` (`id`, `created_at`, `updated_at`, `event_order`, `begin_time`, `is_out_of_race`, `is_autofilled`, `notes`, `meeting_session_id`, `event_type_id`, `heat_type_id`, `user_id`, `has_separate_gender_start_list`, `has_separate_category_start_list`)
  VALUES (9663, '2016-10-26 14:53:51', '2016-10-26 14:53:51', 15, '2000-01-01 15:52:00', 0, 1, NULL, 1854, 15, 3, 1, 1, 0);
INSERT INTO `meeting_events` (`id`, `created_at`, `updated_at`, `event_order`, `begin_time`, `is_out_of_race`, `is_autofilled`, `notes`, `meeting_session_id`, `event_type_id`, `heat_type_id`, `user_id`, `has_separate_gender_start_list`, `has_separate_category_start_list`)
  VALUES (9664, '2016-10-26 14:53:51', '2016-10-26 14:53:51', 16, '2000-01-01 15:51:30', 0, 1, NULL, 1854, 20, 3, 1, 1, 0);
INSERT INTO `meeting_events` (`id`, `created_at`, `updated_at`, `event_order`, `begin_time`, `is_out_of_race`, `is_autofilled`, `notes`, `meeting_session_id`, `event_type_id`, `heat_type_id`, `user_id`, `has_separate_gender_start_list`, `has_separate_category_start_list`)
  VALUES (9665, '2016-10-26 14:53:51', '2016-10-26 14:53:51', 17, '2000-01-01 15:47:00', 0, 1, NULL, 1854, 25, 3, 1, 1, 0);

-- 15334-napoliilgabbiano TROFEO IL GABBIANO 2016-05-29
INSERT INTO `meetings` (`id`, `description`, `entry_deadline`, `has_warm_up_pool`, `is_under_25_admitted`, `reference_phone`, `reference_e_mail`, `reference_name`, `notes`, `has_invitation`, `has_start_list`, `are_results_acquired`, `max_individual_events`, `configuration_file`, `edition`, `season_id`, `user_id`, `created_at`, `updated_at`, `is_autofilled`, `header_date`, `code`, `header_year`, `max_individual_events_per_session`, `is_out_of_season`, `edition_type_id`, `timing_type_id`, `individual_score_computation_type_id`, `relay_score_computation_type_id`, `team_score_computation_type_id`, `meeting_score_computation_type_id`, `invitation`, `is_confirmed`)
  VALUES (16334, 'TROFEO IL GABBIANO', NULL, 0, 1, NULL, NULL, NULL, 'Il Gabbiano Napoli', 0, 0, 0, 2, '?', 17, 162, 2, '2016-10-26 14:53:51', '2016-10-26 14:53:51', 1, '2017-05-28', 'napoliilgabbiano', '2017', 0, 0, 2, 3, 1, 1, 12, 1, NULL, 0);
INSERT INTO `meeting_sessions` (`id`, `session_order`, `scheduled_date`, `warm_up_time`, `begin_time`, `notes`, `meeting_id`, `swimming_pool_id`, `user_id`, `created_at`, `updated_at`, `description`, `is_autofilled`, `day_part_type_id`)
  VALUES (1855, 1, '2017-05-28', '2000-01-01 07:45:00', '2000-01-01 08:30:00', '', 16334, 101, 2, '2016-10-26 14:53:51', '2016-10-26 14:53:51', 'FINALI', 1, 1);
INSERT INTO `meeting_events` (`id`, `created_at`, `updated_at`, `event_order`, `begin_time`, `is_out_of_race`, `is_autofilled`, `notes`, `meeting_session_id`, `event_type_id`, `heat_type_id`, `user_id`, `has_separate_gender_start_list`, `has_separate_category_start_list`)
  VALUES (9666, '2016-10-26 14:53:51', '2016-10-26 14:53:51', 1, '2000-01-01 08:02:00', 0, 1, NULL, 1855, 6, 3, 1, 1, 0);
INSERT INTO `meeting_events` (`id`, `created_at`, `updated_at`, `event_order`, `begin_time`, `is_out_of_race`, `is_autofilled`, `notes`, `meeting_session_id`, `event_type_id`, `heat_type_id`, `user_id`, `has_separate_gender_start_list`, `has_separate_category_start_list`)
  VALUES (9667, '2016-10-26 14:53:51', '2016-10-26 14:53:51', 2, '2000-01-01 08:32:00', 0, 1, NULL, 1855, 24, 3, 1, 1, 0);
INSERT INTO `meeting_events` (`id`, `created_at`, `updated_at`, `event_order`, `begin_time`, `is_out_of_race`, `is_autofilled`, `notes`, `meeting_session_id`, `event_type_id`, `heat_type_id`, `user_id`, `has_separate_gender_start_list`, `has_separate_category_start_list`)
  VALUES (9668, '2016-10-26 14:53:51', '2016-10-26 14:53:51', 3, '2000-01-01 09:00:00', 0, 1, NULL, 1855, 16, 3, 1, 1, 0);
INSERT INTO `meeting_events` (`id`, `created_at`, `updated_at`, `event_order`, `begin_time`, `is_out_of_race`, `is_autofilled`, `notes`, `meeting_session_id`, `event_type_id`, `heat_type_id`, `user_id`, `has_separate_gender_start_list`, `has_separate_category_start_list`)
  VALUES (9669, '2016-10-26 14:53:51', '2016-10-26 14:53:51', 4, '2000-01-01 09:30:00', 0, 1, NULL, 1855, 3, 3, 1, 1, 0);
INSERT INTO `meeting_events` (`id`, `created_at`, `updated_at`, `event_order`, `begin_time`, `is_out_of_race`, `is_autofilled`, `notes`, `meeting_session_id`, `event_type_id`, `heat_type_id`, `user_id`, `has_separate_gender_start_list`, `has_separate_category_start_list`)
  VALUES (9670, '2016-10-26 14:53:51', '2016-10-26 14:53:51', 5, '2000-01-01 10:10:00', 0, 1, NULL, 1855, 11, 3, 1, 1, 0);
INSERT INTO `meeting_events` (`id`, `created_at`, `updated_at`, `event_order`, `begin_time`, `is_out_of_race`, `is_autofilled`, `notes`, `meeting_session_id`, `event_type_id`, `heat_type_id`, `user_id`, `has_separate_gender_start_list`, `has_separate_category_start_list`)
  VALUES (9671, '2016-10-26 14:53:51', '2016-10-26 14:53:51', 6, '2000-01-01 10:52:00', 0, 1, NULL, 1855, 19, 3, 1, 1, 0);
INSERT INTO `meeting_sessions` (`id`, `session_order`, `scheduled_date`, `warm_up_time`, `begin_time`, `notes`, `meeting_id`, `swimming_pool_id`, `user_id`, `created_at`, `updated_at`, `description`, `is_autofilled`, `day_part_type_id`)
  VALUES (1856, 2, '2017-05-28', '2000-01-01 14:15:00', '2000-01-01 15:00:00', '', 16334, 101, 2, '2016-10-26 14:53:51', '2016-10-26 14:53:51', 'FINALI', 1, 2);
INSERT INTO `meeting_events` (`id`, `created_at`, `updated_at`, `event_order`, `begin_time`, `is_out_of_race`, `is_autofilled`, `notes`, `meeting_session_id`, `event_type_id`, `heat_type_id`, `user_id`, `has_separate_gender_start_list`, `has_separate_category_start_list`)
  VALUES (9672, '2016-10-26 14:53:51', '2016-10-26 14:53:51', 7, '2000-01-01 11:24:00', 0, 1, NULL, 1856, 2, 3, 1, 1, 0);
INSERT INTO `meeting_events` (`id`, `created_at`, `updated_at`, `event_order`, `begin_time`, `is_out_of_race`, `is_autofilled`, `notes`, `meeting_session_id`, `event_type_id`, `heat_type_id`, `user_id`, `has_separate_gender_start_list`, `has_separate_category_start_list`)
  VALUES (9673, '2016-10-26 14:53:51', '2016-10-26 14:53:51', 8, '2000-01-01 12:04:00', 0, 1, NULL, 1856, 15, 3, 1, 1, 0);
INSERT INTO `meeting_events` (`id`, `created_at`, `updated_at`, `event_order`, `begin_time`, `is_out_of_race`, `is_autofilled`, `notes`, `meeting_session_id`, `event_type_id`, `heat_type_id`, `user_id`, `has_separate_gender_start_list`, `has_separate_category_start_list`)
  VALUES (9674, '2016-10-26 14:53:51', '2016-10-26 14:53:51', 9, '2000-01-01 12:24:00', 0, 1, NULL, 1856, 20, 3, 1, 1, 0);
INSERT INTO `meeting_events` (`id`, `created_at`, `updated_at`, `event_order`, `begin_time`, `is_out_of_race`, `is_autofilled`, `notes`, `meeting_session_id`, `event_type_id`, `heat_type_id`, `user_id`, `has_separate_gender_start_list`, `has_separate_category_start_list`)
  VALUES (9675, '2016-10-26 14:53:51', '2016-10-26 14:53:51', 10, '2000-01-01 12:54:00', 0, 1, NULL, 1856, 12, 3, 1, 1, 0);
INSERT INTO `meeting_events` (`id`, `created_at`, `updated_at`, `event_order`, `begin_time`, `is_out_of_race`, `is_autofilled`, `notes`, `meeting_session_id`, `event_type_id`, `heat_type_id`, `user_id`, `has_separate_gender_start_list`, `has_separate_category_start_list`)
  VALUES (9676, '2016-10-26 14:53:51', '2016-10-26 14:53:51', 11, '2000-01-01 13:26:00', 0, 1, NULL, 1856, 23, 3, 1, 1, 0);
INSERT INTO `meeting_events` (`id`, `created_at`, `updated_at`, `event_order`, `begin_time`, `is_out_of_race`, `is_autofilled`, `notes`, `meeting_session_id`, `event_type_id`, `heat_type_id`, `user_id`, `has_separate_gender_start_list`, `has_separate_category_start_list`)
  VALUES (9677, '2016-10-26 14:53:51', '2016-10-26 14:53:51', 12, '2000-01-01 14:12:00', 0, 1, NULL, 1856, 26, 3, 1, 1, 0);

-- 15335-palermopinacattarinich TROFEO PINA CATTARINICH 2016-04-17
INSERT INTO `meetings` (`id`, `description`, `entry_deadline`, `has_warm_up_pool`, `is_under_25_admitted`, `reference_phone`, `reference_e_mail`, `reference_name`, `notes`, `has_invitation`, `has_start_list`, `are_results_acquired`, `max_individual_events`, `configuration_file`, `edition`, `season_id`, `user_id`, `created_at`, `updated_at`, `is_autofilled`, `header_date`, `code`, `header_year`, `max_individual_events_per_session`, `is_out_of_season`, `edition_type_id`, `timing_type_id`, `individual_score_computation_type_id`, `relay_score_computation_type_id`, `team_score_computation_type_id`, `meeting_score_computation_type_id`, `invitation`, `is_confirmed`)
  VALUES (16335, 'TROFEO PINA CATTARINICH', NULL, 0, 1, NULL, NULL, NULL, 'Polisportiva Nadir', 0, 0, 0, 2, '?', 17, 162, 2, '2016-10-26 14:53:51', '2016-10-26 14:53:51', 1, '2017-04-16', 'palermopinacattarinich', '2017', 0, 0, 2, 3, 1, 1, 12, 1, NULL, 0);
INSERT INTO `meeting_sessions` (`id`, `session_order`, `scheduled_date`, `warm_up_time`, `begin_time`, `notes`, `meeting_id`, `swimming_pool_id`, `user_id`, `created_at`, `updated_at`, `description`, `is_autofilled`, `day_part_type_id`)
  VALUES (1857, 1, '2017-04-16', '2000-01-01 00:00:00', '2000-01-01 00:00:00', '', 16335, 80, 2, '2016-10-26 14:53:51', '2016-10-26 14:53:51', 'FINALI', 1, 1);
INSERT INTO `meeting_events` (`id`, `created_at`, `updated_at`, `event_order`, `begin_time`, `is_out_of_race`, `is_autofilled`, `notes`, `meeting_session_id`, `event_type_id`, `heat_type_id`, `user_id`, `has_separate_gender_start_list`, `has_separate_category_start_list`)
  VALUES (9678, '2016-10-26 14:53:51', '2016-10-26 14:53:51', 1, '2000-01-01 08:02:00', 0, 1, NULL, 1857, 12, 3, 1, 1, 0);
INSERT INTO `meeting_events` (`id`, `created_at`, `updated_at`, `event_order`, `begin_time`, `is_out_of_race`, `is_autofilled`, `notes`, `meeting_session_id`, `event_type_id`, `heat_type_id`, `user_id`, `has_separate_gender_start_list`, `has_separate_category_start_list`)
  VALUES (9679, '2016-10-26 14:53:51', '2016-10-26 14:53:51', 2, '2000-01-01 08:16:00', 0, 1, NULL, 1857, 20, 3, 1, 1, 0);
INSERT INTO `meeting_events` (`id`, `created_at`, `updated_at`, `event_order`, `begin_time`, `is_out_of_race`, `is_autofilled`, `notes`, `meeting_session_id`, `event_type_id`, `heat_type_id`, `user_id`, `has_separate_gender_start_list`, `has_separate_category_start_list`)
  VALUES (9680, '2016-10-26 14:53:51', '2016-10-26 14:53:51', 3, '2000-01-01 08:52:00', 0, 1, NULL, 1857, 3, 3, 1, 1, 0);
INSERT INTO `meeting_events` (`id`, `created_at`, `updated_at`, `event_order`, `begin_time`, `is_out_of_race`, `is_autofilled`, `notes`, `meeting_session_id`, `event_type_id`, `heat_type_id`, `user_id`, `has_separate_gender_start_list`, `has_separate_category_start_list`)
  VALUES (9681, '2016-10-26 14:53:51', '2016-10-26 14:53:51', 4, '2000-01-01 09:38:00', 0, 1, NULL, 1857, 17, 3, 1, 1, 0);
INSERT INTO `meeting_events` (`id`, `created_at`, `updated_at`, `event_order`, `begin_time`, `is_out_of_race`, `is_autofilled`, `notes`, `meeting_session_id`, `event_type_id`, `heat_type_id`, `user_id`, `has_separate_gender_start_list`, `has_separate_category_start_list`)
  VALUES (9682, '2016-10-26 14:53:51', '2016-10-26 14:53:51', 5, '2000-01-01 10:10:00', 0, 1, NULL, 1857, 24, 3, 1, 1, 0);
INSERT INTO `meeting_events` (`id`, `created_at`, `updated_at`, `event_order`, `begin_time`, `is_out_of_race`, `is_autofilled`, `notes`, `meeting_session_id`, `event_type_id`, `heat_type_id`, `user_id`, `has_separate_gender_start_list`, `has_separate_category_start_list`)
  VALUES (9683, '2016-10-26 14:53:51', '2016-10-26 14:53:51', 6, '2000-01-01 10:22:00', 0, 1, NULL, 1857, 5, 3, 1, 1, 0);
INSERT INTO `meeting_events` (`id`, `created_at`, `updated_at`, `event_order`, `begin_time`, `is_out_of_race`, `is_autofilled`, `notes`, `meeting_session_id`, `event_type_id`, `heat_type_id`, `user_id`, `has_separate_gender_start_list`, `has_separate_category_start_list`)
  VALUES (9684, '2016-10-26 14:53:51', '2016-10-26 14:53:51', 7, '2000-01-01 10:58:00', 0, 1, NULL, 1857, 15, 3, 1, 1, 0);
INSERT INTO `meeting_events` (`id`, `created_at`, `updated_at`, `event_order`, `begin_time`, `is_out_of_race`, `is_autofilled`, `notes`, `meeting_session_id`, `event_type_id`, `heat_type_id`, `user_id`, `has_separate_gender_start_list`, `has_separate_category_start_list`)
  VALUES (9685, '2016-10-26 14:53:51', '2016-10-26 14:53:51', 8, '2000-01-01 11:40:00', 0, 1, NULL, 1857, 11, 3, 1, 1, 0);
INSERT INTO `meeting_events` (`id`, `created_at`, `updated_at`, `event_order`, `begin_time`, `is_out_of_race`, `is_autofilled`, `notes`, `meeting_session_id`, `event_type_id`, `heat_type_id`, `user_id`, `has_separate_gender_start_list`, `has_separate_category_start_list`)
  VALUES (9686, '2016-10-26 14:53:51', '2016-10-26 14:53:51', 9, '2000-01-01 12:16:00', 0, 1, NULL, 1857, 19, 3, 1, 1, 0);
INSERT INTO `meeting_events` (`id`, `created_at`, `updated_at`, `event_order`, `begin_time`, `is_out_of_race`, `is_autofilled`, `notes`, `meeting_session_id`, `event_type_id`, `heat_type_id`, `user_id`, `has_separate_gender_start_list`, `has_separate_category_start_list`)
  VALUES (9687, '2016-10-26 14:53:51', '2016-10-26 14:53:51', 10, '2000-01-01 12:40:00', 0, 1, NULL, 1857, 2, 3, 1, 1, 0);
INSERT INTO `meeting_sessions` (`id`, `session_order`, `scheduled_date`, `warm_up_time`, `begin_time`, `notes`, `meeting_id`, `swimming_pool_id`, `user_id`, `created_at`, `updated_at`, `description`, `is_autofilled`, `day_part_type_id`)
  VALUES (1858, 2, '2017-04-16', '2000-01-01 00:00:00', '2000-01-01 00:00:00', '', 16335, 80, 2, '2016-10-26 14:53:51', '2016-10-26 14:53:51', 'FINALI', 1, 2);

-- 15336-caldierodelleterme TROFEO DELLE TERME 2016-05-28
INSERT INTO `meetings` (`id`, `description`, `entry_deadline`, `has_warm_up_pool`, `is_under_25_admitted`, `reference_phone`, `reference_e_mail`, `reference_name`, `notes`, `has_invitation`, `has_start_list`, `are_results_acquired`, `max_individual_events`, `configuration_file`, `edition`, `season_id`, `user_id`, `created_at`, `updated_at`, `is_autofilled`, `header_date`, `code`, `header_year`, `max_individual_events_per_session`, `is_out_of_season`, `edition_type_id`, `timing_type_id`, `individual_score_computation_type_id`, `relay_score_computation_type_id`, `team_score_computation_type_id`, `meeting_score_computation_type_id`, `invitation`, `is_confirmed`)
  VALUES (16336, 'TROFEO DELLE TERME', NULL, 0, 1, NULL, NULL, NULL, 'Nuoto Giunone', 0, 0, 0, 2, '?', 17, 162, 2, '2016-10-26 14:53:51', '2016-10-26 14:53:51', 1, '2017-05-27', 'caldierodelleterme', '2017', 0, 0, 2, 3, 1, 1, 12, 1, NULL, 0);
INSERT INTO `meeting_sessions` (`id`, `session_order`, `scheduled_date`, `warm_up_time`, `begin_time`, `notes`, `meeting_id`, `swimming_pool_id`, `user_id`, `created_at`, `updated_at`, `description`, `is_autofilled`, `day_part_type_id`)
  VALUES (1859, 1, '2017-05-27', '2000-01-01 00:00:00', '2000-01-01 00:00:00', '', 16336, 137, 2, '2016-10-26 14:53:51', '2016-10-26 14:53:51', 'FINALI', 1, 1);
INSERT INTO `meeting_events` (`id`, `created_at`, `updated_at`, `event_order`, `begin_time`, `is_out_of_race`, `is_autofilled`, `notes`, `meeting_session_id`, `event_type_id`, `heat_type_id`, `user_id`, `has_separate_gender_start_list`, `has_separate_category_start_list`)
  VALUES (9688, '2016-10-26 14:53:51', '2016-10-26 14:53:51', 1, '2000-01-01 08:04:00', 0, 1, NULL, 1859, 16, 3, 1, 1, 0);
INSERT INTO `meeting_events` (`id`, `created_at`, `updated_at`, `event_order`, `begin_time`, `is_out_of_race`, `is_autofilled`, `notes`, `meeting_session_id`, `event_type_id`, `heat_type_id`, `user_id`, `has_separate_gender_start_list`, `has_separate_category_start_list`)
  VALUES (9689, '2016-10-26 14:53:51', '2016-10-26 14:53:51', 2, '2000-01-01 08:44:00', 0, 1, NULL, 1859, 12, 3, 1, 1, 0);
INSERT INTO `meeting_events` (`id`, `created_at`, `updated_at`, `event_order`, `begin_time`, `is_out_of_race`, `is_autofilled`, `notes`, `meeting_session_id`, `event_type_id`, `heat_type_id`, `user_id`, `has_separate_gender_start_list`, `has_separate_category_start_list`)
  VALUES (9690, '2016-10-26 14:53:51', '2016-10-26 14:53:51', 3, '2000-01-01 09:16:00', 0, 1, NULL, 1859, 20, 3, 1, 1, 0);
INSERT INTO `meeting_events` (`id`, `created_at`, `updated_at`, `event_order`, `begin_time`, `is_out_of_race`, `is_autofilled`, `notes`, `meeting_session_id`, `event_type_id`, `heat_type_id`, `user_id`, `has_separate_gender_start_list`, `has_separate_category_start_list`)
  VALUES (9691, '2016-10-26 14:53:51', '2016-10-26 14:53:51', 4, '2000-01-01 09:58:00', 0, 1, NULL, 1859, 3, 3, 1, 1, 0);
INSERT INTO `meeting_events` (`id`, `created_at`, `updated_at`, `event_order`, `begin_time`, `is_out_of_race`, `is_autofilled`, `notes`, `meeting_session_id`, `event_type_id`, `heat_type_id`, `user_id`, `has_separate_gender_start_list`, `has_separate_category_start_list`)
  VALUES (9692, '2016-10-26 14:53:51', '2016-10-26 14:53:51', 5, '2000-01-01 10:40:00', 0, 1, NULL, 1859, 23, 3, 1, 1, 0);
INSERT INTO `meeting_events` (`id`, `created_at`, `updated_at`, `event_order`, `begin_time`, `is_out_of_race`, `is_autofilled`, `notes`, `meeting_session_id`, `event_type_id`, `heat_type_id`, `user_id`, `has_separate_gender_start_list`, `has_separate_category_start_list`)
  VALUES (9693, '2016-10-26 14:53:51', '2016-10-26 14:53:51', 6, '2000-01-01 11:18:00', 0, 1, NULL, 1859, 19, 3, 1, 1, 0);
INSERT INTO `meeting_events` (`id`, `created_at`, `updated_at`, `event_order`, `begin_time`, `is_out_of_race`, `is_autofilled`, `notes`, `meeting_session_id`, `event_type_id`, `heat_type_id`, `user_id`, `has_separate_gender_start_list`, `has_separate_category_start_list`)
  VALUES (9694, '2016-10-26 14:53:51', '2016-10-26 14:53:51', 7, '2000-01-01 12:00:00', 0, 1, NULL, 1859, 2, 3, 1, 1, 0);
INSERT INTO `meeting_events` (`id`, `created_at`, `updated_at`, `event_order`, `begin_time`, `is_out_of_race`, `is_autofilled`, `notes`, `meeting_session_id`, `event_type_id`, `heat_type_id`, `user_id`, `has_separate_gender_start_list`, `has_separate_category_start_list`)
  VALUES (9695, '2016-10-26 14:53:51', '2016-10-26 14:53:51', 8, '2000-01-01 12:38:30', 0, 1, NULL, 1859, 25, 3, 1, 1, 0);

-- 15337-gallarate MEETING CITT DI GALLARATE 2016-05-28
INSERT INTO `meetings` (`id`, `description`, `entry_deadline`, `has_warm_up_pool`, `is_under_25_admitted`, `reference_phone`, `reference_e_mail`, `reference_name`, `notes`, `has_invitation`, `has_start_list`, `are_results_acquired`, `max_individual_events`, `configuration_file`, `edition`, `season_id`, `user_id`, `created_at`, `updated_at`, `is_autofilled`, `header_date`, `code`, `header_year`, `max_individual_events_per_session`, `is_out_of_season`, `edition_type_id`, `timing_type_id`, `individual_score_computation_type_id`, `relay_score_computation_type_id`, `team_score_computation_type_id`, `meeting_score_computation_type_id`, `invitation`, `is_confirmed`)
  VALUES (16337, 'MEETING CITT DI GALLARATE', NULL, 0, 1, NULL, NULL, NULL, 'NC Gallarate', 0, 0, 0, 2, '?', 17, 162, 2, '2016-10-26 14:53:51', '2016-10-26 14:53:51', 1, '2017-05-27', 'gallarate', '2017', 0, 0, 2, 3, 1, 1, 12, 1, NULL, 0);
INSERT INTO `meeting_sessions` (`id`, `session_order`, `scheduled_date`, `warm_up_time`, `begin_time`, `notes`, `meeting_id`, `swimming_pool_id`, `user_id`, `created_at`, `updated_at`, `description`, `is_autofilled`, `day_part_type_id`)
  VALUES (1860, 1, '2017-05-27', '2000-01-01 08:30:00', '2000-01-01 09:30:00', '', 16337, 141, 2, '2016-10-26 14:53:51', '2016-10-26 14:53:51', 'FINALI', 1, 1);
INSERT INTO `meeting_events` (`id`, `created_at`, `updated_at`, `event_order`, `begin_time`, `is_out_of_race`, `is_autofilled`, `notes`, `meeting_session_id`, `event_type_id`, `heat_type_id`, `user_id`, `has_separate_gender_start_list`, `has_separate_category_start_list`)
  VALUES (9696, '2016-10-26 14:53:51', '2016-10-26 14:53:51', 1, '2000-01-01 08:02:00', 0, 1, NULL, 1860, 5, 3, 1, 1, 0);
INSERT INTO `meeting_events` (`id`, `created_at`, `updated_at`, `event_order`, `begin_time`, `is_out_of_race`, `is_autofilled`, `notes`, `meeting_session_id`, `event_type_id`, `heat_type_id`, `user_id`, `has_separate_gender_start_list`, `has_separate_category_start_list`)
  VALUES (9697, '2016-10-26 14:53:51', '2016-10-26 14:53:51', 2, '2000-01-01 08:38:00', 0, 1, NULL, 1860, 20, 3, 1, 1, 0);
INSERT INTO `meeting_events` (`id`, `created_at`, `updated_at`, `event_order`, `begin_time`, `is_out_of_race`, `is_autofilled`, `notes`, `meeting_session_id`, `event_type_id`, `heat_type_id`, `user_id`, `has_separate_gender_start_list`, `has_separate_category_start_list`)
  VALUES (9698, '2016-10-26 14:53:51', '2016-10-26 14:53:51', 3, '2000-01-01 09:20:00', 0, 1, NULL, 1860, 16, 3, 1, 1, 0);
INSERT INTO `meeting_events` (`id`, `created_at`, `updated_at`, `event_order`, `begin_time`, `is_out_of_race`, `is_autofilled`, `notes`, `meeting_session_id`, `event_type_id`, `heat_type_id`, `user_id`, `has_separate_gender_start_list`, `has_separate_category_start_list`)
  VALUES (9699, '2016-10-26 14:53:51', '2016-10-26 14:53:51', 4, '2000-01-01 10:00:00', 0, 1, NULL, 1860, 23, 3, 1, 1, 0);
INSERT INTO `meeting_events` (`id`, `created_at`, `updated_at`, `event_order`, `begin_time`, `is_out_of_race`, `is_autofilled`, `notes`, `meeting_session_id`, `event_type_id`, `heat_type_id`, `user_id`, `has_separate_gender_start_list`, `has_separate_category_start_list`)
  VALUES (9700, '2016-10-26 14:53:51', '2016-10-26 14:53:51', 5, '2000-01-01 10:36:00', 0, 1, NULL, 1860, 5, 3, 1, 1, 0);
INSERT INTO `meeting_events` (`id`, `created_at`, `updated_at`, `event_order`, `begin_time`, `is_out_of_race`, `is_autofilled`, `notes`, `meeting_session_id`, `event_type_id`, `heat_type_id`, `user_id`, `has_separate_gender_start_list`, `has_separate_category_start_list`)
  VALUES (9701, '2016-10-26 14:53:51', '2016-10-26 14:53:51', 6, '2000-01-01 11:12:00', 0, 1, NULL, 1860, 23, 3, 1, 1, 0);

-- 15338-canosadipugliasottolestelle TROFEO SOTTO LE STELLE 2016-05-28
INSERT INTO `meetings` (`id`, `description`, `entry_deadline`, `has_warm_up_pool`, `is_under_25_admitted`, `reference_phone`, `reference_e_mail`, `reference_name`, `notes`, `has_invitation`, `has_start_list`, `are_results_acquired`, `max_individual_events`, `configuration_file`, `edition`, `season_id`, `user_id`, `created_at`, `updated_at`, `is_autofilled`, `header_date`, `code`, `header_year`, `max_individual_events_per_session`, `is_out_of_season`, `edition_type_id`, `timing_type_id`, `individual_score_computation_type_id`, `relay_score_computation_type_id`, `team_score_computation_type_id`, `meeting_score_computation_type_id`, `invitation`, `is_confirmed`)
  VALUES (16338, 'TROFEO SOTTO LE STELLE', NULL, 0, 1, NULL, NULL, NULL, NULL, 0, 0, 0, 2, '?', 17, 162, 2, '2016-10-26 14:53:51', '2016-10-26 14:53:51', 1, '2017-05-27', 'canosadipugliasottolestelle', '2016', 0, 0, 2, 3, 1, 1, 12, 1, NULL, 0);
INSERT INTO `meeting_sessions` (`id`, `session_order`, `scheduled_date`, `warm_up_time`, `begin_time`, `notes`, `meeting_id`, `swimming_pool_id`, `user_id`, `created_at`, `updated_at`, `description`, `is_autofilled`, `day_part_type_id`)
  VALUES (1861, 1, '2017-05-27', '2000-01-01 00:00:00', '2000-01-01 00:00:00', '', 16338, 181, 2, '2016-10-26 14:53:51', '2016-10-26 14:53:51', 'FINALI', 1, 1);
INSERT INTO `meeting_events` (`id`, `created_at`, `updated_at`, `event_order`, `begin_time`, `is_out_of_race`, `is_autofilled`, `notes`, `meeting_session_id`, `event_type_id`, `heat_type_id`, `user_id`, `has_separate_gender_start_list`, `has_separate_category_start_list`)
  VALUES (9702, '2016-10-26 14:53:52', '2016-10-26 14:53:52', 1, '2000-01-01 08:02:00', 0, 1, NULL, 1861, 16, 3, 1, 1, 0);
INSERT INTO `meeting_events` (`id`, `created_at`, `updated_at`, `event_order`, `begin_time`, `is_out_of_race`, `is_autofilled`, `notes`, `meeting_session_id`, `event_type_id`, `heat_type_id`, `user_id`, `has_separate_gender_start_list`, `has_separate_category_start_list`)
  VALUES (9703, '2016-10-26 14:53:52', '2016-10-26 14:53:52', 2, '2000-01-01 08:20:00', 0, 1, NULL, 1861, 22, 3, 1, 1, 0);
INSERT INTO `meeting_events` (`id`, `created_at`, `updated_at`, `event_order`, `begin_time`, `is_out_of_race`, `is_autofilled`, `notes`, `meeting_session_id`, `event_type_id`, `heat_type_id`, `user_id`, `has_separate_gender_start_list`, `has_separate_category_start_list`)
  VALUES (9704, '2016-10-26 14:53:52', '2016-10-26 14:53:52', 3, '2000-01-01 08:46:00', 0, 1, NULL, 1861, 5, 3, 1, 1, 0);
INSERT INTO `meeting_events` (`id`, `created_at`, `updated_at`, `event_order`, `begin_time`, `is_out_of_race`, `is_autofilled`, `notes`, `meeting_session_id`, `event_type_id`, `heat_type_id`, `user_id`, `has_separate_gender_start_list`, `has_separate_category_start_list`)
  VALUES (9705, '2016-10-26 14:53:52', '2016-10-26 14:53:52', 4, '2000-01-01 09:12:00', 0, 1, NULL, 1861, 11, 3, 1, 1, 0);
INSERT INTO `meeting_events` (`id`, `created_at`, `updated_at`, `event_order`, `begin_time`, `is_out_of_race`, `is_autofilled`, `notes`, `meeting_session_id`, `event_type_id`, `heat_type_id`, `user_id`, `has_separate_gender_start_list`, `has_separate_category_start_list`)
  VALUES (9706, '2016-10-26 14:53:52', '2016-10-26 14:53:52', 5, '2000-01-01 09:36:00', 0, 1, NULL, 1861, 19, 3, 1, 1, 0);
INSERT INTO `meeting_events` (`id`, `created_at`, `updated_at`, `event_order`, `begin_time`, `is_out_of_race`, `is_autofilled`, `notes`, `meeting_session_id`, `event_type_id`, `heat_type_id`, `user_id`, `has_separate_gender_start_list`, `has_separate_category_start_list`)
  VALUES (9707, '2016-10-26 14:53:52', '2016-10-26 14:53:52', 6, '2000-01-01 10:04:00', 0, 1, NULL, 1861, 2, 3, 1, 1, 0);

-- 15339-romaflaminiosc MEETING FLAMINIO SC 2016-05-28
INSERT INTO `meetings` (`id`, `description`, `entry_deadline`, `has_warm_up_pool`, `is_under_25_admitted`, `reference_phone`, `reference_e_mail`, `reference_name`, `notes`, `has_invitation`, `has_start_list`, `are_results_acquired`, `max_individual_events`, `configuration_file`, `edition`, `season_id`, `user_id`, `created_at`, `updated_at`, `is_autofilled`, `header_date`, `code`, `header_year`, `max_individual_events_per_session`, `is_out_of_season`, `edition_type_id`, `timing_type_id`, `individual_score_computation_type_id`, `relay_score_computation_type_id`, `team_score_computation_type_id`, `meeting_score_computation_type_id`, `invitation`, `is_confirmed`)
  VALUES (16339, 'MEETING FLAMINIO SC', NULL, 0, 1, NULL, NULL, NULL, 'Flaminio SC', 0, 0, 0, 2, '?', 17, 162, 2, '2016-10-26 14:53:52', '2016-10-26 14:53:52', 1, '2017-05-27', 'romaflaminiosc', '2017', 0, 0, 2, 3, 1, 1, 12, 1, NULL, 0);
INSERT INTO `meeting_sessions` (`id`, `session_order`, `scheduled_date`, `warm_up_time`, `begin_time`, `notes`, `meeting_id`, `swimming_pool_id`, `user_id`, `created_at`, `updated_at`, `description`, `is_autofilled`, `day_part_type_id`)
  VALUES (1862, 1, '2017-05-27', '2000-01-01 08:30:00', '2000-01-01 09:30:00', '', 16339, 182, 2, '2016-10-26 14:53:52', '2016-10-26 14:53:52', 'FINALI', 1, 1);
INSERT INTO `meeting_events` (`id`, `created_at`, `updated_at`, `event_order`, `begin_time`, `is_out_of_race`, `is_autofilled`, `notes`, `meeting_session_id`, `event_type_id`, `heat_type_id`, `user_id`, `has_separate_gender_start_list`, `has_separate_category_start_list`)
  VALUES (9708, '2016-10-26 14:53:52', '2016-10-26 14:53:52', 1, '2000-01-01 08:02:00', 0, 1, NULL, 1862, 16, 3, 1, 1, 0);
INSERT INTO `meeting_events` (`id`, `created_at`, `updated_at`, `event_order`, `begin_time`, `is_out_of_race`, `is_autofilled`, `notes`, `meeting_session_id`, `event_type_id`, `heat_type_id`, `user_id`, `has_separate_gender_start_list`, `has_separate_category_start_list`)
  VALUES (9709, '2016-10-26 14:53:52', '2016-10-26 14:53:52', 2, '2000-01-01 08:40:00', 0, 1, NULL, 1862, 12, 3, 1, 1, 0);
INSERT INTO `meeting_events` (`id`, `created_at`, `updated_at`, `event_order`, `begin_time`, `is_out_of_race`, `is_autofilled`, `notes`, `meeting_session_id`, `event_type_id`, `heat_type_id`, `user_id`, `has_separate_gender_start_list`, `has_separate_category_start_list`)
  VALUES (9710, '2016-10-26 14:53:52', '2016-10-26 14:53:52', 3, '2000-01-01 09:10:00', 0, 1, NULL, 1862, 20, 3, 1, 1, 0);
INSERT INTO `meeting_events` (`id`, `created_at`, `updated_at`, `event_order`, `begin_time`, `is_out_of_race`, `is_autofilled`, `notes`, `meeting_session_id`, `event_type_id`, `heat_type_id`, `user_id`, `has_separate_gender_start_list`, `has_separate_category_start_list`)
  VALUES (9711, '2016-10-26 14:53:52', '2016-10-26 14:53:52', 4, '2000-01-01 09:56:00', 0, 1, NULL, 1862, 3, 3, 1, 1, 0);
INSERT INTO `meeting_sessions` (`id`, `session_order`, `scheduled_date`, `warm_up_time`, `begin_time`, `notes`, `meeting_id`, `swimming_pool_id`, `user_id`, `created_at`, `updated_at`, `description`, `is_autofilled`, `day_part_type_id`)
  VALUES (1863, 2, '2017-05-27', '2000-01-01 14:00:00', '2000-01-01 15:00:00', '', 16339, 182, 2, '2016-10-26 14:53:52', '2016-10-26 14:53:52', 'FINALI', 1, 2);
INSERT INTO `meeting_events` (`id`, `created_at`, `updated_at`, `event_order`, `begin_time`, `is_out_of_race`, `is_autofilled`, `notes`, `meeting_session_id`, `event_type_id`, `heat_type_id`, `user_id`, `has_separate_gender_start_list`, `has_separate_category_start_list`)
  VALUES (9712, '2016-10-26 14:53:52', '2016-10-26 14:53:52', 5, '2000-01-01 10:40:00', 0, 1, NULL, 1863, 23, 3, 1, 1, 0);
INSERT INTO `meeting_events` (`id`, `created_at`, `updated_at`, `event_order`, `begin_time`, `is_out_of_race`, `is_autofilled`, `notes`, `meeting_session_id`, `event_type_id`, `heat_type_id`, `user_id`, `has_separate_gender_start_list`, `has_separate_category_start_list`)
  VALUES (9713, '2016-10-26 14:53:52', '2016-10-26 14:53:52', 6, '2000-01-01 11:24:00', 0, 1, NULL, 1863, 15, 3, 1, 1, 0);
INSERT INTO `meeting_events` (`id`, `created_at`, `updated_at`, `event_order`, `begin_time`, `is_out_of_race`, `is_autofilled`, `notes`, `meeting_session_id`, `event_type_id`, `heat_type_id`, `user_id`, `has_separate_gender_start_list`, `has_separate_category_start_list`)
  VALUES (9714, '2016-10-26 14:53:52', '2016-10-26 14:53:52', 7, '2000-01-01 12:08:00', 0, 1, NULL, 1863, 11, 3, 1, 1, 0);
INSERT INTO `meeting_events` (`id`, `created_at`, `updated_at`, `event_order`, `begin_time`, `is_out_of_race`, `is_autofilled`, `notes`, `meeting_session_id`, `event_type_id`, `heat_type_id`, `user_id`, `has_separate_gender_start_list`, `has_separate_category_start_list`)
  VALUES (9715, '2016-10-26 14:53:52', '2016-10-26 14:53:52', 8, '2000-01-01 12:50:00', 0, 1, NULL, 1863, 19, 3, 1, 1, 0);
INSERT INTO `meeting_sessions` (`id`, `session_order`, `scheduled_date`, `warm_up_time`, `begin_time`, `notes`, `meeting_id`, `swimming_pool_id`, `user_id`, `created_at`, `updated_at`, `description`, `is_autofilled`, `day_part_type_id`)
  VALUES (1864, 3, '2017-05-28', '2000-01-01 08:00:00', '2000-01-01 09:00:00', '', 16339, 182, 2, '2016-10-26 14:53:52', '2016-10-26 14:53:52', 'FINALI', 1, 1);
INSERT INTO `meeting_events` (`id`, `created_at`, `updated_at`, `event_order`, `begin_time`, `is_out_of_race`, `is_autofilled`, `notes`, `meeting_session_id`, `event_type_id`, `heat_type_id`, `user_id`, `has_separate_gender_start_list`, `has_separate_category_start_list`)
  VALUES (9716, '2016-10-26 14:53:52', '2016-10-26 14:53:52', 9, '2000-01-01 13:40:00', 0, 1, NULL, 1864, 2, 3, 1, 1, 0);
INSERT INTO `meeting_events` (`id`, `created_at`, `updated_at`, `event_order`, `begin_time`, `is_out_of_race`, `is_autofilled`, `notes`, `meeting_session_id`, `event_type_id`, `heat_type_id`, `user_id`, `has_separate_gender_start_list`, `has_separate_category_start_list`)
  VALUES (9717, '2016-10-26 14:53:52', '2016-10-26 14:53:52', 10, '2000-01-01 10:04:00', 0, 1, NULL, 1864, 17, 3, 1, 1, 0);
INSERT INTO `meeting_events` (`id`, `created_at`, `updated_at`, `event_order`, `begin_time`, `is_out_of_race`, `is_autofilled`, `notes`, `meeting_session_id`, `event_type_id`, `heat_type_id`, `user_id`, `has_separate_gender_start_list`, `has_separate_category_start_list`)
  VALUES (9718, '2016-10-26 14:53:52', '2016-10-26 14:53:52', 11, '2000-01-01 10:24:00', 0, 1, NULL, 1864, 13, 3, 1, 1, 0);
INSERT INTO `meeting_events` (`id`, `created_at`, `updated_at`, `event_order`, `begin_time`, `is_out_of_race`, `is_autofilled`, `notes`, `meeting_session_id`, `event_type_id`, `heat_type_id`, `user_id`, `has_separate_gender_start_list`, `has_separate_category_start_list`)
  VALUES (9719, '2016-10-26 14:53:52', '2016-10-26 14:53:52', 12, '2000-01-01 11:08:00', 0, 1, NULL, 1864, 21, 3, 1, 1, 0);
INSERT INTO `meeting_sessions` (`id`, `session_order`, `scheduled_date`, `warm_up_time`, `begin_time`, `notes`, `meeting_id`, `swimming_pool_id`, `user_id`, `created_at`, `updated_at`, `description`, `is_autofilled`, `day_part_type_id`)
  VALUES (1865, 4, '2017-05-28', '2000-01-01 13:30:00', '2000-01-01 14:30:00', '', 16339, 182, 2, '2016-10-26 14:53:52', '2016-10-26 14:53:52', 'FINALI', 1, 2);
INSERT INTO `meeting_events` (`id`, `created_at`, `updated_at`, `event_order`, `begin_time`, `is_out_of_race`, `is_autofilled`, `notes`, `meeting_session_id`, `event_type_id`, `heat_type_id`, `user_id`, `has_separate_gender_start_list`, `has_separate_category_start_list`)
  VALUES (9720, '2016-10-26 14:53:52', '2016-10-26 14:53:52', 13, '2000-01-01 11:32:00', 0, 1, NULL, 1865, 4, 3, 1, 1, 0);
INSERT INTO `meeting_events` (`id`, `created_at`, `updated_at`, `event_order`, `begin_time`, `is_out_of_race`, `is_autofilled`, `notes`, `meeting_session_id`, `event_type_id`, `heat_type_id`, `user_id`, `has_separate_gender_start_list`, `has_separate_category_start_list`)
  VALUES (9721, '2016-10-26 14:53:52', '2016-10-26 14:53:52', 14, '2000-01-01 12:00:00', 0, 1, NULL, 1865, 24, 3, 1, 1, 0);
INSERT INTO `meeting_events` (`id`, `created_at`, `updated_at`, `event_order`, `begin_time`, `is_out_of_race`, `is_autofilled`, `notes`, `meeting_session_id`, `event_type_id`, `heat_type_id`, `user_id`, `has_separate_gender_start_list`, `has_separate_category_start_list`)
  VALUES (9722, '2016-10-26 14:53:52', '2016-10-26 14:53:52', 15, '2000-01-01 12:14:00', 0, 1, NULL, 1865, 5, 3, 1, 1, 0);
INSERT INTO `meeting_events` (`id`, `created_at`, `updated_at`, `event_order`, `begin_time`, `is_out_of_race`, `is_autofilled`, `notes`, `meeting_session_id`, `event_type_id`, `heat_type_id`, `user_id`, `has_separate_gender_start_list`, `has_separate_category_start_list`)
  VALUES (9723, '2016-10-26 14:53:52', '2016-10-26 14:53:52', 16, '2000-01-01 15:00:30', 0, 1, NULL, 1865, 25, 3, 1, 1, 0);

-- 15340-nociotre TROFEO OTRE' 2016-06-02
INSERT INTO `meetings` (`id`, `description`, `entry_deadline`, `has_warm_up_pool`, `is_under_25_admitted`, `reference_phone`, `reference_e_mail`, `reference_name`, `notes`, `has_invitation`, `has_start_list`, `are_results_acquired`, `max_individual_events`, `configuration_file`, `edition`, `season_id`, `user_id`, `created_at`, `updated_at`, `is_autofilled`, `header_date`, `code`, `header_year`, `max_individual_events_per_session`, `is_out_of_season`, `edition_type_id`, `timing_type_id`, `individual_score_computation_type_id`, `relay_score_computation_type_id`, `team_score_computation_type_id`, `meeting_score_computation_type_id`, `invitation`, `is_confirmed`)
  VALUES (16340, 'TROFEO OTRE''', NULL, 0, 1, NULL, NULL, NULL, 'OTRE S.S.D.a.R.L', 0, 0, 0, 2, '?', 17, 162, 2, '2016-10-26 14:53:52', '2016-10-26 14:53:52', 1, '2017-06-01', 'nociotre', '2017', 0, 0, 2, 3, 1, 1, 12, 1, NULL, 0);
INSERT INTO `meeting_sessions` (`id`, `session_order`, `scheduled_date`, `warm_up_time`, `begin_time`, `notes`, `meeting_id`, `swimming_pool_id`, `user_id`, `created_at`, `updated_at`, `description`, `is_autofilled`, `day_part_type_id`)
  VALUES (1866, 1, '2017-06-01', '2000-01-01 08:00:00', '2000-01-01 09:00:00', '', 16340, 183, 2, '2016-10-26 14:53:52', '2016-10-26 14:53:52', 'FINALI', 1, 1);
INSERT INTO `meeting_events` (`id`, `created_at`, `updated_at`, `event_order`, `begin_time`, `is_out_of_race`, `is_autofilled`, `notes`, `meeting_session_id`, `event_type_id`, `heat_type_id`, `user_id`, `has_separate_gender_start_list`, `has_separate_category_start_list`)
  VALUES (9724, '2016-10-26 14:53:52', '2016-10-26 14:53:52', 1, '2000-01-01 08:02:00', 0, 1, NULL, 1866, 23, 3, 1, 1, 0);
INSERT INTO `meeting_events` (`id`, `created_at`, `updated_at`, `event_order`, `begin_time`, `is_out_of_race`, `is_autofilled`, `notes`, `meeting_session_id`, `event_type_id`, `heat_type_id`, `user_id`, `has_separate_gender_start_list`, `has_separate_category_start_list`)
  VALUES (9725, '2016-10-26 14:53:52', '2016-10-26 14:53:52', 2, '2000-01-01 08:30:00', 0, 1, NULL, 1866, 16, 3, 1, 1, 0);
INSERT INTO `meeting_events` (`id`, `created_at`, `updated_at`, `event_order`, `begin_time`, `is_out_of_race`, `is_autofilled`, `notes`, `meeting_session_id`, `event_type_id`, `heat_type_id`, `user_id`, `has_separate_gender_start_list`, `has_separate_category_start_list`)
  VALUES (9726, '2016-10-26 14:53:52', '2016-10-26 14:53:52', 3, '2000-01-01 09:04:00', 0, 1, NULL, 1866, 11, 3, 1, 1, 0);
INSERT INTO `meeting_events` (`id`, `created_at`, `updated_at`, `event_order`, `begin_time`, `is_out_of_race`, `is_autofilled`, `notes`, `meeting_session_id`, `event_type_id`, `heat_type_id`, `user_id`, `has_separate_gender_start_list`, `has_separate_category_start_list`)
  VALUES (9727, '2016-10-26 14:53:52', '2016-10-26 14:53:52', 4, '2000-01-01 09:42:00', 0, 1, NULL, 1866, 3, 3, 1, 1, 0);
INSERT INTO `meeting_sessions` (`id`, `session_order`, `scheduled_date`, `warm_up_time`, `begin_time`, `notes`, `meeting_id`, `swimming_pool_id`, `user_id`, `created_at`, `updated_at`, `description`, `is_autofilled`, `day_part_type_id`)
  VALUES (1867, 2, '2017-06-01', '2000-01-01 14:30:00', '2000-01-01 15:30:00', '', 16340, 183, 2, '2016-10-26 14:53:52', '2016-10-26 14:53:52', 'FINALI', 1, 2);
INSERT INTO `meeting_events` (`id`, `created_at`, `updated_at`, `event_order`, `begin_time`, `is_out_of_race`, `is_autofilled`, `notes`, `meeting_session_id`, `event_type_id`, `heat_type_id`, `user_id`, `has_separate_gender_start_list`, `has_separate_category_start_list`)
  VALUES (9728, '2016-10-26 14:53:52', '2016-10-26 14:53:52', 5, '2000-01-01 10:16:00', 0, 1, NULL, 1867, 5, 3, 1, 1, 0);
INSERT INTO `meeting_events` (`id`, `created_at`, `updated_at`, `event_order`, `begin_time`, `is_out_of_race`, `is_autofilled`, `notes`, `meeting_session_id`, `event_type_id`, `heat_type_id`, `user_id`, `has_separate_gender_start_list`, `has_separate_category_start_list`)
  VALUES (9729, '2016-10-26 14:53:52', '2016-10-26 14:53:52', 6, '2000-01-01 10:50:00', 0, 1, NULL, 1867, 15, 3, 1, 1, 0);
INSERT INTO `meeting_events` (`id`, `created_at`, `updated_at`, `event_order`, `begin_time`, `is_out_of_race`, `is_autofilled`, `notes`, `meeting_session_id`, `event_type_id`, `heat_type_id`, `user_id`, `has_separate_gender_start_list`, `has_separate_category_start_list`)
  VALUES (9730, '2016-10-26 14:53:52', '2016-10-26 14:53:52', 7, '2000-01-01 11:22:00', 0, 1, NULL, 1867, 20, 3, 1, 1, 0);
INSERT INTO `meeting_events` (`id`, `created_at`, `updated_at`, `event_order`, `begin_time`, `is_out_of_race`, `is_autofilled`, `notes`, `meeting_session_id`, `event_type_id`, `heat_type_id`, `user_id`, `has_separate_gender_start_list`, `has_separate_category_start_list`)
  VALUES (9731, '2016-10-26 14:53:52', '2016-10-26 14:53:52', 8, '2000-01-01 11:54:00', 0, 1, NULL, 1867, 2, 3, 1, 1, 0);
INSERT INTO `meeting_events` (`id`, `created_at`, `updated_at`, `event_order`, `begin_time`, `is_out_of_race`, `is_autofilled`, `notes`, `meeting_session_id`, `event_type_id`, `heat_type_id`, `user_id`, `has_separate_gender_start_list`, `has_separate_category_start_list`)
  VALUES (9732, '2016-10-26 14:53:52', '2016-10-26 14:53:52', 9, NULL, 0, 1, NULL, 1867, 32, 3, 2, 1, 0);

-- 15342-trentonuotatoritrentini TROFEO NUOTATORI TRENTINI 2016-06-04
INSERT INTO `meetings` (`id`, `description`, `entry_deadline`, `has_warm_up_pool`, `is_under_25_admitted`, `reference_phone`, `reference_e_mail`, `reference_name`, `notes`, `has_invitation`, `has_start_list`, `are_results_acquired`, `max_individual_events`, `configuration_file`, `edition`, `season_id`, `user_id`, `created_at`, `updated_at`, `is_autofilled`, `header_date`, `code`, `header_year`, `max_individual_events_per_session`, `is_out_of_season`, `edition_type_id`, `timing_type_id`, `individual_score_computation_type_id`, `relay_score_computation_type_id`, `team_score_computation_type_id`, `meeting_score_computation_type_id`, `invitation`, `is_confirmed`)
  VALUES (16342, 'TROFEO NUOTATORI TRENTINI', NULL, 0, 1, NULL, NULL, NULL, 'Nuotatori Trentini a.s.d.', 0, 0, 0, 2, '?', 17, 162, 2, '2016-10-26 14:53:52', '2016-10-26 14:53:52', 1, '2017-06-03', 'trentonuotatoritrentini', '2017', 0, 0, 2, 3, 1, 1, 12, 1, NULL, 0);
INSERT INTO `meeting_sessions` (`id`, `session_order`, `scheduled_date`, `warm_up_time`, `begin_time`, `notes`, `meeting_id`, `swimming_pool_id`, `user_id`, `created_at`, `updated_at`, `description`, `is_autofilled`, `day_part_type_id`)
  VALUES (1868, 1, '2017-06-03', '2000-01-01 08:30:00', '2000-01-01 09:30:00', '', 16342, 185, 2, '2016-10-26 14:53:52', '2016-10-26 14:53:52', 'FINALI', 1, 1);
INSERT INTO `meeting_events` (`id`, `created_at`, `updated_at`, `event_order`, `begin_time`, `is_out_of_race`, `is_autofilled`, `notes`, `meeting_session_id`, `event_type_id`, `heat_type_id`, `user_id`, `has_separate_gender_start_list`, `has_separate_category_start_list`)
  VALUES (9733, '2016-10-26 14:53:52', '2016-10-26 14:53:52', 1, '2000-01-01 08:02:00', 0, 1, NULL, 1868, 5, 3, 1, 1, 0);
INSERT INTO `meeting_events` (`id`, `created_at`, `updated_at`, `event_order`, `begin_time`, `is_out_of_race`, `is_autofilled`, `notes`, `meeting_session_id`, `event_type_id`, `heat_type_id`, `user_id`, `has_separate_gender_start_list`, `has_separate_category_start_list`)
  VALUES (9734, '2016-10-26 14:53:52', '2016-10-26 14:53:52', 2, '2000-01-01 08:22:00', 0, 1, NULL, 1868, 21, 3, 1, 1, 0);
INSERT INTO `meeting_events` (`id`, `created_at`, `updated_at`, `event_order`, `begin_time`, `is_out_of_race`, `is_autofilled`, `notes`, `meeting_session_id`, `event_type_id`, `heat_type_id`, `user_id`, `has_separate_gender_start_list`, `has_separate_category_start_list`)
  VALUES (9735, '2016-10-26 14:53:52', '2016-10-26 14:53:52', 3, '2000-01-01 09:02:00', 0, 1, NULL, 1868, 23, 3, 1, 1, 0);
INSERT INTO `meeting_events` (`id`, `created_at`, `updated_at`, `event_order`, `begin_time`, `is_out_of_race`, `is_autofilled`, `notes`, `meeting_session_id`, `event_type_id`, `heat_type_id`, `user_id`, `has_separate_gender_start_list`, `has_separate_category_start_list`)
  VALUES (9736, '2016-10-26 14:53:52', '2016-10-26 14:53:52', 4, '2000-01-01 09:18:00', 0, 1, NULL, 1868, 17, 3, 1, 1, 0);
INSERT INTO `meeting_events` (`id`, `created_at`, `updated_at`, `event_order`, `begin_time`, `is_out_of_race`, `is_autofilled`, `notes`, `meeting_session_id`, `event_type_id`, `heat_type_id`, `user_id`, `has_separate_gender_start_list`, `has_separate_category_start_list`)
  VALUES (9737, '2016-10-26 14:53:52', '2016-10-26 14:53:52', 5, '2000-01-01 09:42:00', 0, 1, NULL, 1868, 3, 3, 1, 1, 0);
INSERT INTO `meeting_events` (`id`, `created_at`, `updated_at`, `event_order`, `begin_time`, `is_out_of_race`, `is_autofilled`, `notes`, `meeting_session_id`, `event_type_id`, `heat_type_id`, `user_id`, `has_separate_gender_start_list`, `has_separate_category_start_list`)
  VALUES (9738, '2016-10-26 14:53:52', '2016-10-26 14:53:52', 6, '2000-01-01 10:14:00', 0, 1, NULL, 1868, 20, 3, 1, 1, 0);
INSERT INTO `meeting_events` (`id`, `created_at`, `updated_at`, `event_order`, `begin_time`, `is_out_of_race`, `is_autofilled`, `notes`, `meeting_session_id`, `event_type_id`, `heat_type_id`, `user_id`, `has_separate_gender_start_list`, `has_separate_category_start_list`)
  VALUES (9739, '2016-10-26 14:53:52', '2016-10-26 14:53:52', 7, '2000-01-01 10:42:00', 0, 1, NULL, 1868, 16, 3, 1, 1, 0);
INSERT INTO `meeting_events` (`id`, `created_at`, `updated_at`, `event_order`, `begin_time`, `is_out_of_race`, `is_autofilled`, `notes`, `meeting_session_id`, `event_type_id`, `heat_type_id`, `user_id`, `has_separate_gender_start_list`, `has_separate_category_start_list`)
  VALUES (9740, '2016-10-26 14:53:52', '2016-10-26 14:53:52', 8, '2000-01-01 11:16:00', 0, 1, NULL, 1868, 12, 3, 1, 1, 0);
INSERT INTO `meeting_events` (`id`, `created_at`, `updated_at`, `event_order`, `begin_time`, `is_out_of_race`, `is_autofilled`, `notes`, `meeting_session_id`, `event_type_id`, `heat_type_id`, `user_id`, `has_separate_gender_start_list`, `has_separate_category_start_list`)
  VALUES (9741, '2016-10-26 14:53:52', '2016-10-26 14:53:52', 9, NULL, 0, 1, NULL, 1868, 15, 3, 2, 1, 0);
INSERT INTO `meeting_events` (`id`, `created_at`, `updated_at`, `event_order`, `begin_time`, `is_out_of_race`, `is_autofilled`, `notes`, `meeting_session_id`, `event_type_id`, `heat_type_id`, `user_id`, `has_separate_gender_start_list`, `has_separate_category_start_list`)
  VALUES (9742, '2016-10-26 14:53:52', '2016-10-26 14:53:52', 10, NULL, 0, 1, NULL, 1868, 11, 3, 2, 1, 0);
INSERT INTO `meeting_events` (`id`, `created_at`, `updated_at`, `event_order`, `begin_time`, `is_out_of_race`, `is_autofilled`, `notes`, `meeting_session_id`, `event_type_id`, `heat_type_id`, `user_id`, `has_separate_gender_start_list`, `has_separate_category_start_list`)
  VALUES (9743, '2016-10-26 14:53:52', '2016-10-26 14:53:52', 11, NULL, 0, 1, NULL, 1868, 19, 3, 2, 1, 0);
INSERT INTO `meeting_events` (`id`, `created_at`, `updated_at`, `event_order`, `begin_time`, `is_out_of_race`, `is_autofilled`, `notes`, `meeting_session_id`, `event_type_id`, `heat_type_id`, `user_id`, `has_separate_gender_start_list`, `has_separate_category_start_list`)
  VALUES (9744, '2016-10-26 14:53:52', '2016-10-26 14:53:52', 12, NULL, 0, 1, NULL, 1868, 2, 3, 2, 1, 0);

-- 15344-cittadicastelloitalogalluzzi TROFEO ITALO GALLUZZI 2016-06-04
INSERT INTO `meetings` (`id`, `description`, `entry_deadline`, `has_warm_up_pool`, `is_under_25_admitted`, `reference_phone`, `reference_e_mail`, `reference_name`, `notes`, `has_invitation`, `has_start_list`, `are_results_acquired`, `max_individual_events`, `configuration_file`, `edition`, `season_id`, `user_id`, `created_at`, `updated_at`, `is_autofilled`, `header_date`, `code`, `header_year`, `max_individual_events_per_session`, `is_out_of_season`, `edition_type_id`, `timing_type_id`, `individual_score_computation_type_id`, `relay_score_computation_type_id`, `team_score_computation_type_id`, `meeting_score_computation_type_id`, `invitation`, `is_confirmed`)
  VALUES (16344, 'TROFEO ITALO GALLUZZI', NULL, 0, 1, NULL, NULL, NULL, 'Polisport', 0, 0, 0, 2, '?', 17, 162, 2, '2016-10-26 14:53:52', '2016-10-26 14:53:52', 1, '2017-06-03', 'cittadicastelloitalogalluzzi', '2017', 0, 0, 2, 3, 1, 1, 12, 1, NULL, 0);
INSERT INTO `meeting_sessions` (`id`, `session_order`, `scheduled_date`, `warm_up_time`, `begin_time`, `notes`, `meeting_id`, `swimming_pool_id`, `user_id`, `created_at`, `updated_at`, `description`, `is_autofilled`, `day_part_type_id`)
  VALUES (1869, 1, '2017-06-03', '2000-01-01 08:00:00', '2000-01-01 08:30:00', '', 16344, 142, 2, '2016-10-26 14:53:52', '2016-10-26 14:53:52', 'FINALI', 1, 1);
INSERT INTO `meeting_events` (`id`, `created_at`, `updated_at`, `event_order`, `begin_time`, `is_out_of_race`, `is_autofilled`, `notes`, `meeting_session_id`, `event_type_id`, `heat_type_id`, `user_id`, `has_separate_gender_start_list`, `has_separate_category_start_list`)
  VALUES (9745, '2016-10-26 14:53:52', '2016-10-26 14:53:52', 1, '2000-01-01 08:02:00', 0, 1, NULL, 1869, 7, 3, 1, 1, 0);
INSERT INTO `meeting_events` (`id`, `created_at`, `updated_at`, `event_order`, `begin_time`, `is_out_of_race`, `is_autofilled`, `notes`, `meeting_session_id`, `event_type_id`, `heat_type_id`, `user_id`, `has_separate_gender_start_list`, `has_separate_category_start_list`)
  VALUES (9746, '2016-10-26 14:53:52', '2016-10-26 14:53:52', 13, '2000-01-01 13:33:30', 0, 1, NULL, 1869, 26, 3, 1, 1, 0);
INSERT INTO `meeting_sessions` (`id`, `session_order`, `scheduled_date`, `warm_up_time`, `begin_time`, `notes`, `meeting_id`, `swimming_pool_id`, `user_id`, `created_at`, `updated_at`, `description`, `is_autofilled`, `day_part_type_id`)
  VALUES (1870, 2, '2017-06-03', '2000-01-01 14:00:00', '2000-01-01 14:30:00', '', 16344, 142, 2, '2016-10-26 14:53:52', '2016-10-26 14:53:52', 'FINALI', 1, 2);
INSERT INTO `meeting_events` (`id`, `created_at`, `updated_at`, `event_order`, `begin_time`, `is_out_of_race`, `is_autofilled`, `notes`, `meeting_session_id`, `event_type_id`, `heat_type_id`, `user_id`, `has_separate_gender_start_list`, `has_separate_category_start_list`)
  VALUES (9747, '2016-10-26 14:53:52', '2016-10-26 14:53:52', 2, '2000-01-01 08:34:00', 0, 1, NULL, 1870, 23, 3, 1, 1, 0);
INSERT INTO `meeting_events` (`id`, `created_at`, `updated_at`, `event_order`, `begin_time`, `is_out_of_race`, `is_autofilled`, `notes`, `meeting_session_id`, `event_type_id`, `heat_type_id`, `user_id`, `has_separate_gender_start_list`, `has_separate_category_start_list`)
  VALUES (9748, '2016-10-26 14:53:52', '2016-10-26 14:53:52', 3, '2000-01-01 09:10:00', 0, 1, NULL, 1870, 4, 3, 1, 1, 0);
INSERT INTO `meeting_events` (`id`, `created_at`, `updated_at`, `event_order`, `begin_time`, `is_out_of_race`, `is_autofilled`, `notes`, `meeting_session_id`, `event_type_id`, `heat_type_id`, `user_id`, `has_separate_gender_start_list`, `has_separate_category_start_list`)
  VALUES (9749, '2016-10-26 14:53:52', '2016-10-26 14:53:52', 4, '2000-01-01 09:46:00', 0, 1, NULL, 1870, 19, 3, 1, 1, 0);
INSERT INTO `meeting_events` (`id`, `created_at`, `updated_at`, `event_order`, `begin_time`, `is_out_of_race`, `is_autofilled`, `notes`, `meeting_session_id`, `event_type_id`, `heat_type_id`, `user_id`, `has_separate_gender_start_list`, `has_separate_category_start_list`)
  VALUES (9750, '2016-10-26 14:53:53', '2016-10-26 14:53:53', 5, '2000-01-01 10:14:00', 0, 1, NULL, 1870, 11, 3, 1, 1, 0);
INSERT INTO `meeting_events` (`id`, `created_at`, `updated_at`, `event_order`, `begin_time`, `is_out_of_race`, `is_autofilled`, `notes`, `meeting_session_id`, `event_type_id`, `heat_type_id`, `user_id`, `has_separate_gender_start_list`, `has_separate_category_start_list`)
  VALUES (9751, '2016-10-26 14:53:53', '2016-10-26 14:53:53', 6, '2000-01-01 10:46:00', 0, 1, NULL, 1870, 25, 3, 1, 1, 0);
INSERT INTO `meeting_events` (`id`, `created_at`, `updated_at`, `event_order`, `begin_time`, `is_out_of_race`, `is_autofilled`, `notes`, `meeting_session_id`, `event_type_id`, `heat_type_id`, `user_id`, `has_separate_gender_start_list`, `has_separate_category_start_list`)
  VALUES (9752, '2016-10-26 14:53:53', '2016-10-26 14:53:53', 7, '2000-01-01 11:02:00', 0, 1, NULL, 1870, 32, 3, 1, 1, 0);
INSERT INTO `meeting_sessions` (`id`, `session_order`, `scheduled_date`, `warm_up_time`, `begin_time`, `notes`, `meeting_id`, `swimming_pool_id`, `user_id`, `created_at`, `updated_at`, `description`, `is_autofilled`, `day_part_type_id`)
  VALUES (1871, 3, '2017-06-04', '2000-01-01 08:00:00', '2000-01-01 08:30:00', '', 16344, 142, 2, '2016-10-26 14:53:53', '2016-10-26 14:53:53', 'FINALI', 1, 1);
INSERT INTO `meeting_events` (`id`, `created_at`, `updated_at`, `event_order`, `begin_time`, `is_out_of_race`, `is_autofilled`, `notes`, `meeting_session_id`, `event_type_id`, `heat_type_id`, `user_id`, `has_separate_gender_start_list`, `has_separate_category_start_list`)
  VALUES (9753, '2016-10-26 14:53:53', '2016-10-26 14:53:53', 8, '2000-01-01 11:36:00', 0, 1, NULL, 1871, 3, 3, 1, 1, 0);
INSERT INTO `meeting_events` (`id`, `created_at`, `updated_at`, `event_order`, `begin_time`, `is_out_of_race`, `is_autofilled`, `notes`, `meeting_session_id`, `event_type_id`, `heat_type_id`, `user_id`, `has_separate_gender_start_list`, `has_separate_category_start_list`)
  VALUES (9754, '2016-10-26 14:53:53', '2016-10-26 14:53:53', 9, '2000-01-01 12:08:00', 0, 1, NULL, 1871, 20, 3, 1, 1, 0);
INSERT INTO `meeting_events` (`id`, `created_at`, `updated_at`, `event_order`, `begin_time`, `is_out_of_race`, `is_autofilled`, `notes`, `meeting_session_id`, `event_type_id`, `heat_type_id`, `user_id`, `has_separate_gender_start_list`, `has_separate_category_start_list`)
  VALUES (9755, '2016-10-26 14:53:53', '2016-10-26 14:53:53', 10, '2000-01-01 12:44:00', 0, 1, NULL, 1871, 24, 3, 1, 1, 0);
INSERT INTO `meeting_events` (`id`, `created_at`, `updated_at`, `event_order`, `begin_time`, `is_out_of_race`, `is_autofilled`, `notes`, `meeting_session_id`, `event_type_id`, `heat_type_id`, `user_id`, `has_separate_gender_start_list`, `has_separate_category_start_list`)
  VALUES (9756, '2016-10-26 14:53:53', '2016-10-26 14:53:53', 11, '2000-01-01 13:20:30', 0, 1, NULL, 1871, 15, 3, 1, 1, 0);
INSERT INTO `meeting_events` (`id`, `created_at`, `updated_at`, `event_order`, `begin_time`, `is_out_of_race`, `is_autofilled`, `notes`, `meeting_session_id`, `event_type_id`, `heat_type_id`, `user_id`, `has_separate_gender_start_list`, `has_separate_category_start_list`)
  VALUES (9757, '2016-10-26 14:53:53', '2016-10-26 14:53:53', 12, '2000-01-01 13:17:30', 0, 1, NULL, 1871, 2, 3, 1, 1, 0);

-- 15345-comognovaticittadicomo MEMORIAL G NOVATI CITTA' DI COMO 2016-06-05
INSERT INTO `meetings` (`id`, `description`, `entry_deadline`, `has_warm_up_pool`, `is_under_25_admitted`, `reference_phone`, `reference_e_mail`, `reference_name`, `notes`, `has_invitation`, `has_start_list`, `are_results_acquired`, `max_individual_events`, `configuration_file`, `edition`, `season_id`, `user_id`, `created_at`, `updated_at`, `is_autofilled`, `header_date`, `code`, `header_year`, `max_individual_events_per_session`, `is_out_of_season`, `edition_type_id`, `timing_type_id`, `individual_score_computation_type_id`, `relay_score_computation_type_id`, `team_score_computation_type_id`, `meeting_score_computation_type_id`, `invitation`, `is_confirmed`)
  VALUES (16345, 'MEMORIAL G NOVATI CITTA'' DI COMO', NULL, 0, 1, NULL, NULL, NULL, 'ICE CLUB COMO', 0, 0, 0, 2, '?', 17, 162, 2, '2016-10-26 14:53:53', '2016-10-26 14:53:53', 1, '2017-06-04', 'comognovaticittadicomo', '2017', 0, 0, 2, 3, 1, 1, 12, 1, NULL, 0);
INSERT INTO `meeting_sessions` (`id`, `session_order`, `scheduled_date`, `warm_up_time`, `begin_time`, `notes`, `meeting_id`, `swimming_pool_id`, `user_id`, `created_at`, `updated_at`, `description`, `is_autofilled`, `day_part_type_id`)
  VALUES (1872, 1, '2017-06-04', '2000-01-01 08:00:00', '2000-01-01 09:00:00', '', 16345, 143, 2, '2016-10-26 14:53:53', '2016-10-26 14:53:53', 'FINALI', 1, 1);
INSERT INTO `meeting_events` (`id`, `created_at`, `updated_at`, `event_order`, `begin_time`, `is_out_of_race`, `is_autofilled`, `notes`, `meeting_session_id`, `event_type_id`, `heat_type_id`, `user_id`, `has_separate_gender_start_list`, `has_separate_category_start_list`)
  VALUES (9758, '2016-10-26 14:53:53', '2016-10-26 14:53:53', 1, '2000-01-01 08:02:00', 0, 1, NULL, 1872, 4, 3, 1, 1, 0);
INSERT INTO `meeting_events` (`id`, `created_at`, `updated_at`, `event_order`, `begin_time`, `is_out_of_race`, `is_autofilled`, `notes`, `meeting_session_id`, `event_type_id`, `heat_type_id`, `user_id`, `has_separate_gender_start_list`, `has_separate_category_start_list`)
  VALUES (9759, '2016-10-26 14:53:53', '2016-10-26 14:53:53', 2, '2000-01-01 08:44:00', 0, 1, NULL, 1872, 20, 3, 1, 1, 0);
INSERT INTO `meeting_events` (`id`, `created_at`, `updated_at`, `event_order`, `begin_time`, `is_out_of_race`, `is_autofilled`, `notes`, `meeting_session_id`, `event_type_id`, `heat_type_id`, `user_id`, `has_separate_gender_start_list`, `has_separate_category_start_list`)
  VALUES (9760, '2016-10-26 14:53:53', '2016-10-26 14:53:53', 3, '2000-01-01 09:22:00', 0, 1, NULL, 1872, 16, 3, 1, 1, 0);
INSERT INTO `meeting_events` (`id`, `created_at`, `updated_at`, `event_order`, `begin_time`, `is_out_of_race`, `is_autofilled`, `notes`, `meeting_session_id`, `event_type_id`, `heat_type_id`, `user_id`, `has_separate_gender_start_list`, `has_separate_category_start_list`)
  VALUES (9761, '2016-10-26 14:53:53', '2016-10-26 14:53:53', 4, '2000-01-01 10:04:00', 0, 1, NULL, 1872, 23, 3, 1, 1, 0);
INSERT INTO `meeting_events` (`id`, `created_at`, `updated_at`, `event_order`, `begin_time`, `is_out_of_race`, `is_autofilled`, `notes`, `meeting_session_id`, `event_type_id`, `heat_type_id`, `user_id`, `has_separate_gender_start_list`, `has_separate_category_start_list`)
  VALUES (9762, '2016-10-26 14:53:53', '2016-10-26 14:53:53', 5, '2000-01-01 10:36:00', 0, 1, NULL, 1872, 32, 3, 1, 1, 0);
INSERT INTO `meeting_sessions` (`id`, `session_order`, `scheduled_date`, `warm_up_time`, `begin_time`, `notes`, `meeting_id`, `swimming_pool_id`, `user_id`, `created_at`, `updated_at`, `description`, `is_autofilled`, `day_part_type_id`)
  VALUES (1873, 2, '2017-06-04', '2000-01-01 13:30:00', '2000-01-01 14:30:00', '', 16345, 143, 2, '2016-10-26 14:53:53', '2016-10-26 14:53:53', 'FINALI', 1, 2);
INSERT INTO `meeting_events` (`id`, `created_at`, `updated_at`, `event_order`, `begin_time`, `is_out_of_race`, `is_autofilled`, `notes`, `meeting_session_id`, `event_type_id`, `heat_type_id`, `user_id`, `has_separate_gender_start_list`, `has_separate_category_start_list`)
  VALUES (9763, '2016-10-26 14:53:53', '2016-10-26 14:53:53', 6, '2000-01-01 11:14:00', 0, 1, NULL, 1873, 24, 3, 1, 1, 0);
INSERT INTO `meeting_events` (`id`, `created_at`, `updated_at`, `event_order`, `begin_time`, `is_out_of_race`, `is_autofilled`, `notes`, `meeting_session_id`, `event_type_id`, `heat_type_id`, `user_id`, `has_separate_gender_start_list`, `has_separate_category_start_list`)
  VALUES (9764, '2016-10-26 14:53:53', '2016-10-26 14:53:53', 7, '2000-01-01 11:36:00', 0, 1, NULL, 1873, 3, 3, 1, 1, 0);
INSERT INTO `meeting_events` (`id`, `created_at`, `updated_at`, `event_order`, `begin_time`, `is_out_of_race`, `is_autofilled`, `notes`, `meeting_session_id`, `event_type_id`, `heat_type_id`, `user_id`, `has_separate_gender_start_list`, `has_separate_category_start_list`)
  VALUES (9765, '2016-10-26 14:53:53', '2016-10-26 14:53:53', 8, '2000-01-01 12:10:00', 0, 1, NULL, 1873, 11, 3, 1, 1, 0);
INSERT INTO `meeting_events` (`id`, `created_at`, `updated_at`, `event_order`, `begin_time`, `is_out_of_race`, `is_autofilled`, `notes`, `meeting_session_id`, `event_type_id`, `heat_type_id`, `user_id`, `has_separate_gender_start_list`, `has_separate_category_start_list`)
  VALUES (9766, '2016-10-26 14:53:53', '2016-10-26 14:53:53', 9, '2000-01-01 12:52:00', 0, 1, NULL, 1873, 19, 3, 1, 1, 0);
INSERT INTO `meeting_events` (`id`, `created_at`, `updated_at`, `event_order`, `begin_time`, `is_out_of_race`, `is_autofilled`, `notes`, `meeting_session_id`, `event_type_id`, `heat_type_id`, `user_id`, `has_separate_gender_start_list`, `has_separate_category_start_list`)
  VALUES (9767, '2016-10-26 14:53:53', '2016-10-26 14:53:53', 10, '2000-01-01 13:30:30', 0, 1, NULL, 1873, 2, 3, 1, 1, 0);

-- 15346-romaromanuotomaster TROFEO ROMA NUOTO MASTER 2016-06-05
INSERT INTO `meetings` (`id`, `description`, `entry_deadline`, `has_warm_up_pool`, `is_under_25_admitted`, `reference_phone`, `reference_e_mail`, `reference_name`, `notes`, `has_invitation`, `has_start_list`, `are_results_acquired`, `max_individual_events`, `configuration_file`, `edition`, `season_id`, `user_id`, `created_at`, `updated_at`, `is_autofilled`, `header_date`, `code`, `header_year`, `max_individual_events_per_session`, `is_out_of_season`, `edition_type_id`, `timing_type_id`, `individual_score_computation_type_id`, `relay_score_computation_type_id`, `team_score_computation_type_id`, `meeting_score_computation_type_id`, `invitation`, `is_confirmed`)
  VALUES (16346, 'TROFEO ROMA NUOTO MASTER', NULL, 0, 1, NULL, NULL, NULL, NULL, 0, 0, 0, 2, '?', 17, 162, 2, '2016-10-26 14:53:53', '2016-10-26 14:53:53', 1, '2017-06-04', 'romaromanuotomaster', '2017', 0, 0, 2, 3, 1, 1, 12, 1, NULL, 0);
INSERT INTO `meeting_sessions` (`id`, `session_order`, `scheduled_date`, `warm_up_time`, `begin_time`, `notes`, `meeting_id`, `swimming_pool_id`, `user_id`, `created_at`, `updated_at`, `description`, `is_autofilled`, `day_part_type_id`)
  VALUES (1874, 1, '2017-06-04', '2000-01-01 07:30:00', '2000-01-01 08:15:00', '', 16346, 187, 2, '2016-10-26 14:53:53', '2016-10-26 14:53:53', 'FINALI', 1, 1);
INSERT INTO `meeting_events` (`id`, `created_at`, `updated_at`, `event_order`, `begin_time`, `is_out_of_race`, `is_autofilled`, `notes`, `meeting_session_id`, `event_type_id`, `heat_type_id`, `user_id`, `has_separate_gender_start_list`, `has_separate_category_start_list`)
  VALUES (9768, '2016-10-26 14:53:53', '2016-10-26 14:53:53', 1, '2000-01-01 08:02:00', 0, 1, NULL, 1874, 4, 3, 1, 1, 0);
INSERT INTO `meeting_events` (`id`, `created_at`, `updated_at`, `event_order`, `begin_time`, `is_out_of_race`, `is_autofilled`, `notes`, `meeting_session_id`, `event_type_id`, `heat_type_id`, `user_id`, `has_separate_gender_start_list`, `has_separate_category_start_list`)
  VALUES (9769, '2016-10-26 14:53:53', '2016-10-26 14:53:53', 2, '2000-01-01 08:40:00', 0, 1, NULL, 1874, 15, 3, 1, 1, 0);
INSERT INTO `meeting_events` (`id`, `created_at`, `updated_at`, `event_order`, `begin_time`, `is_out_of_race`, `is_autofilled`, `notes`, `meeting_session_id`, `event_type_id`, `heat_type_id`, `user_id`, `has_separate_gender_start_list`, `has_separate_category_start_list`)
  VALUES (9770, '2016-10-26 14:53:53', '2016-10-26 14:53:53', 3, '2000-01-01 09:02:00', 0, 1, NULL, 1874, 13, 3, 1, 1, 0);
INSERT INTO `meeting_events` (`id`, `created_at`, `updated_at`, `event_order`, `begin_time`, `is_out_of_race`, `is_autofilled`, `notes`, `meeting_session_id`, `event_type_id`, `heat_type_id`, `user_id`, `has_separate_gender_start_list`, `has_separate_category_start_list`)
  VALUES (9771, '2016-10-26 14:53:53', '2016-10-26 14:53:53', 4, '2000-01-01 09:40:00', 0, 1, NULL, 1874, 2, 3, 1, 1, 0);
INSERT INTO `meeting_events` (`id`, `created_at`, `updated_at`, `event_order`, `begin_time`, `is_out_of_race`, `is_autofilled`, `notes`, `meeting_session_id`, `event_type_id`, `heat_type_id`, `user_id`, `has_separate_gender_start_list`, `has_separate_category_start_list`)
  VALUES (9772, '2016-10-26 14:53:53', '2016-10-26 14:53:53', 5, '2000-01-01 10:24:00', 0, 1, NULL, 1874, 21, 3, 1, 1, 0);
INSERT INTO `meeting_sessions` (`id`, `session_order`, `scheduled_date`, `warm_up_time`, `begin_time`, `notes`, `meeting_id`, `swimming_pool_id`, `user_id`, `created_at`, `updated_at`, `description`, `is_autofilled`, `day_part_type_id`)
  VALUES (1875, 2, '2017-06-04', '2000-01-01 13:30:00', '2000-01-01 14:15:00', '', 16346, 187, 2, '2016-10-26 14:53:53', '2016-10-26 14:53:53', 'FINALI', 1, 2);
INSERT INTO `meeting_events` (`id`, `created_at`, `updated_at`, `event_order`, `begin_time`, `is_out_of_race`, `is_autofilled`, `notes`, `meeting_session_id`, `event_type_id`, `heat_type_id`, `user_id`, `has_separate_gender_start_list`, `has_separate_category_start_list`)
  VALUES (9773, '2016-10-26 14:53:53', '2016-10-26 14:53:53', 6, '2000-01-01 10:48:00', 0, 1, NULL, 1875, 24, 3, 1, 1, 0);
INSERT INTO `meeting_events` (`id`, `created_at`, `updated_at`, `event_order`, `begin_time`, `is_out_of_race`, `is_autofilled`, `notes`, `meeting_session_id`, `event_type_id`, `heat_type_id`, `user_id`, `has_separate_gender_start_list`, `has_separate_category_start_list`)
  VALUES (9774, '2016-10-26 14:53:53', '2016-10-26 14:53:53', 7, '2000-01-01 11:26:00', 0, 1, NULL, 1875, 19, 3, 1, 1, 0);
INSERT INTO `meeting_events` (`id`, `created_at`, `updated_at`, `event_order`, `begin_time`, `is_out_of_race`, `is_autofilled`, `notes`, `meeting_session_id`, `event_type_id`, `heat_type_id`, `user_id`, `has_separate_gender_start_list`, `has_separate_category_start_list`)
  VALUES (9775, '2016-10-26 14:53:53', '2016-10-26 14:53:53', 8, '2000-01-01 12:14:00', 0, 1, NULL, 1875, 3, 3, 1, 1, 0);
INSERT INTO `meeting_events` (`id`, `created_at`, `updated_at`, `event_order`, `begin_time`, `is_out_of_race`, `is_autofilled`, `notes`, `meeting_session_id`, `event_type_id`, `heat_type_id`, `user_id`, `has_separate_gender_start_list`, `has_separate_category_start_list`)
  VALUES (9776, '2016-10-26 14:53:53', '2016-10-26 14:53:53', 9, '2000-01-01 12:52:00', 0, 1, NULL, 1875, 11, 3, 1, 1, 0);
INSERT INTO `meeting_events` (`id`, `created_at`, `updated_at`, `event_order`, `begin_time`, `is_out_of_race`, `is_autofilled`, `notes`, `meeting_session_id`, `event_type_id`, `heat_type_id`, `user_id`, `has_separate_gender_start_list`, `has_separate_category_start_list`)
  VALUES (9777, '2016-10-26 14:53:53', '2016-10-26 14:53:53', 10, '2000-01-01 13:34:00', 0, 1, NULL, 1875, 17, 3, 1, 1, 0);
INSERT INTO `meeting_events` (`id`, `created_at`, `updated_at`, `event_order`, `begin_time`, `is_out_of_race`, `is_autofilled`, `notes`, `meeting_session_id`, `event_type_id`, `heat_type_id`, `user_id`, `has_separate_gender_start_list`, `has_separate_category_start_list`)
  VALUES (9778, '2016-10-26 14:53:53', '2016-10-26 14:53:53', 11, NULL, 0, 1, NULL, 1875, 35, 3, 2, 1, 0);

-- 15347-cataniadellaregione TROFEO DELLA REGIONE 2016-06-05
INSERT INTO `meetings` (`id`, `description`, `entry_deadline`, `has_warm_up_pool`, `is_under_25_admitted`, `reference_phone`, `reference_e_mail`, `reference_name`, `notes`, `has_invitation`, `has_start_list`, `are_results_acquired`, `max_individual_events`, `configuration_file`, `edition`, `season_id`, `user_id`, `created_at`, `updated_at`, `is_autofilled`, `header_date`, `code`, `header_year`, `max_individual_events_per_session`, `is_out_of_season`, `edition_type_id`, `timing_type_id`, `individual_score_computation_type_id`, `relay_score_computation_type_id`, `team_score_computation_type_id`, `meeting_score_computation_type_id`, `invitation`, `is_confirmed`)
  VALUES (16347, 'TROFEO DELLA REGIONE', NULL, 0, 1, NULL, NULL, NULL, 'Sicilia Nuoto', 0, 0, 0, 2, '?', 17, 162, 2, '2016-10-26 14:53:53', '2016-10-26 14:53:53', 1, '2017-06-04', 'cataniadellaregione', '2017', 0, 0, 2, 3, 1, 1, 12, 1, NULL, 0);
INSERT INTO `meeting_sessions` (`id`, `session_order`, `scheduled_date`, `warm_up_time`, `begin_time`, `notes`, `meeting_id`, `swimming_pool_id`, `user_id`, `created_at`, `updated_at`, `description`, `is_autofilled`, `day_part_type_id`)
  VALUES (1876, 1, '2017-06-04', '2000-01-01 08:15:00', '2000-01-01 09:00:00', '', 16347, 188, 2, '2016-10-26 14:53:53', '2016-10-26 14:53:53', 'FINALI', 1, 1);
INSERT INTO `meeting_events` (`id`, `created_at`, `updated_at`, `event_order`, `begin_time`, `is_out_of_race`, `is_autofilled`, `notes`, `meeting_session_id`, `event_type_id`, `heat_type_id`, `user_id`, `has_separate_gender_start_list`, `has_separate_category_start_list`)
  VALUES (9779, '2016-10-26 14:53:53', '2016-10-26 14:53:53', 1, '2000-01-01 08:02:00', 0, 1, NULL, 1876, 11, 3, 1, 1, 0);
INSERT INTO `meeting_events` (`id`, `created_at`, `updated_at`, `event_order`, `begin_time`, `is_out_of_race`, `is_autofilled`, `notes`, `meeting_session_id`, `event_type_id`, `heat_type_id`, `user_id`, `has_separate_gender_start_list`, `has_separate_category_start_list`)
  VALUES (9780, '2016-10-26 14:53:53', '2016-10-26 14:53:53', 2, '2000-01-01 08:36:00', 0, 1, NULL, 1876, 16, 3, 1, 1, 0);
INSERT INTO `meeting_events` (`id`, `created_at`, `updated_at`, `event_order`, `begin_time`, `is_out_of_race`, `is_autofilled`, `notes`, `meeting_session_id`, `event_type_id`, `heat_type_id`, `user_id`, `has_separate_gender_start_list`, `has_separate_category_start_list`)
  VALUES (9781, '2016-10-26 14:53:53', '2016-10-26 14:53:53', 3, '2000-01-01 09:12:00', 0, 1, NULL, 1876, 2, 3, 1, 1, 0);
INSERT INTO `meeting_events` (`id`, `created_at`, `updated_at`, `event_order`, `begin_time`, `is_out_of_race`, `is_autofilled`, `notes`, `meeting_session_id`, `event_type_id`, `heat_type_id`, `user_id`, `has_separate_gender_start_list`, `has_separate_category_start_list`)
  VALUES (9782, '2016-10-26 14:53:53', '2016-10-26 14:53:53', 4, '2000-01-01 09:44:00', 0, 1, NULL, 1876, 4, 3, 1, 1, 0);
INSERT INTO `meeting_events` (`id`, `created_at`, `updated_at`, `event_order`, `begin_time`, `is_out_of_race`, `is_autofilled`, `notes`, `meeting_session_id`, `event_type_id`, `heat_type_id`, `user_id`, `has_separate_gender_start_list`, `has_separate_category_start_list`)
  VALUES (9783, '2016-10-26 14:53:53', '2016-10-26 14:53:53', 5, '2000-01-01 09:48:00', 0, 1, NULL, 1876, 13, 3, 1, 1, 0);
INSERT INTO `meeting_events` (`id`, `created_at`, `updated_at`, `event_order`, `begin_time`, `is_out_of_race`, `is_autofilled`, `notes`, `meeting_session_id`, `event_type_id`, `heat_type_id`, `user_id`, `has_separate_gender_start_list`, `has_separate_category_start_list`)
  VALUES (9784, '2016-10-26 14:53:53', '2016-10-26 14:53:53', 6, '2000-01-01 10:16:00', 0, 1, NULL, 1876, 20, 3, 1, 1, 0);
INSERT INTO `meeting_events` (`id`, `created_at`, `updated_at`, `event_order`, `begin_time`, `is_out_of_race`, `is_autofilled`, `notes`, `meeting_session_id`, `event_type_id`, `heat_type_id`, `user_id`, `has_separate_gender_start_list`, `has_separate_category_start_list`)
  VALUES (9785, '2016-10-26 14:53:53', '2016-10-26 14:53:53', 7, '2000-01-01 10:40:00', 0, 1, NULL, 1876, 33, 3, 1, 1, 0);
INSERT INTO `meeting_events` (`id`, `created_at`, `updated_at`, `event_order`, `begin_time`, `is_out_of_race`, `is_autofilled`, `notes`, `meeting_session_id`, `event_type_id`, `heat_type_id`, `user_id`, `has_separate_gender_start_list`, `has_separate_category_start_list`)
  VALUES (9786, '2016-10-26 14:53:53', '2016-10-26 14:53:53', 14, '2000-01-01 13:43:30', 0, 1, NULL, 1876, 26, 3, 1, 1, 0);
INSERT INTO `meeting_sessions` (`id`, `session_order`, `scheduled_date`, `warm_up_time`, `begin_time`, `notes`, `meeting_id`, `swimming_pool_id`, `user_id`, `created_at`, `updated_at`, `description`, `is_autofilled`, `day_part_type_id`)
  VALUES (1877, 2, '2017-06-04', '2000-01-01 13:00:00', '2000-01-01 14:00:00', '', 16347, 188, 2, '2016-10-26 14:53:53', '2016-10-26 14:53:53', 'FINALI', 1, 2);
INSERT INTO `meeting_events` (`id`, `created_at`, `updated_at`, `event_order`, `begin_time`, `is_out_of_race`, `is_autofilled`, `notes`, `meeting_session_id`, `event_type_id`, `heat_type_id`, `user_id`, `has_separate_gender_start_list`, `has_separate_category_start_list`)
  VALUES (9787, '2016-10-26 14:53:53', '2016-10-26 14:53:53', 8, '2000-01-01 11:16:00', 0, 1, NULL, 1877, 19, 3, 1, 1, 0);
INSERT INTO `meeting_events` (`id`, `created_at`, `updated_at`, `event_order`, `begin_time`, `is_out_of_race`, `is_autofilled`, `notes`, `meeting_session_id`, `event_type_id`, `heat_type_id`, `user_id`, `has_separate_gender_start_list`, `has_separate_category_start_list`)
  VALUES (9788, '2016-10-26 14:53:53', '2016-10-26 14:53:53', 9, '2000-01-01 11:50:00', 0, 1, NULL, 1877, 3, 3, 1, 1, 0);
INSERT INTO `meeting_events` (`id`, `created_at`, `updated_at`, `event_order`, `begin_time`, `is_out_of_race`, `is_autofilled`, `notes`, `meeting_session_id`, `event_type_id`, `heat_type_id`, `user_id`, `has_separate_gender_start_list`, `has_separate_category_start_list`)
  VALUES (9789, '2016-10-26 14:53:53', '2016-10-26 14:53:53', 10, '2000-01-01 12:28:00', 0, 1, NULL, 1877, 15, 3, 1, 1, 0);
INSERT INTO `meeting_events` (`id`, `created_at`, `updated_at`, `event_order`, `begin_time`, `is_out_of_race`, `is_autofilled`, `notes`, `meeting_session_id`, `event_type_id`, `heat_type_id`, `user_id`, `has_separate_gender_start_list`, `has_separate_category_start_list`)
  VALUES (9790, '2016-10-26 14:53:53', '2016-10-26 14:53:53', 11, '2000-01-01 13:06:30', 0, 1, NULL, 1877, 23, 3, 1, 1, 0);
INSERT INTO `meeting_events` (`id`, `created_at`, `updated_at`, `event_order`, `begin_time`, `is_out_of_race`, `is_autofilled`, `notes`, `meeting_session_id`, `event_type_id`, `heat_type_id`, `user_id`, `has_separate_gender_start_list`, `has_separate_category_start_list`)
  VALUES (9791, '2016-10-26 14:53:53', '2016-10-26 14:53:53', 12, '2000-01-01 13:05:30', 0, 1, NULL, 1877, 12, 3, 1, 1, 0);
INSERT INTO `meeting_events` (`id`, `created_at`, `updated_at`, `event_order`, `begin_time`, `is_out_of_race`, `is_autofilled`, `notes`, `meeting_session_id`, `event_type_id`, `heat_type_id`, `user_id`, `has_separate_gender_start_list`, `has_separate_category_start_list`)
  VALUES (9792, '2016-10-26 14:53:53', '2016-10-26 14:53:53', 13, NULL, 0, 1, NULL, 1877, 32, 3, 2, 1, 0);

-- 15348-pietrelcinajollynuoto TROFEO JOLLY NUOTO 2016-06-04
INSERT INTO `meetings` (`id`, `description`, `entry_deadline`, `has_warm_up_pool`, `is_under_25_admitted`, `reference_phone`, `reference_e_mail`, `reference_name`, `notes`, `has_invitation`, `has_start_list`, `are_results_acquired`, `max_individual_events`, `configuration_file`, `edition`, `season_id`, `user_id`, `created_at`, `updated_at`, `is_autofilled`, `header_date`, `code`, `header_year`, `max_individual_events_per_session`, `is_out_of_season`, `edition_type_id`, `timing_type_id`, `individual_score_computation_type_id`, `relay_score_computation_type_id`, `team_score_computation_type_id`, `meeting_score_computation_type_id`, `invitation`, `is_confirmed`)
  VALUES (16348, 'TROFEO JOLLY NUOTO', NULL, 0, 1, NULL, NULL, NULL, 'Jolly Nuoto Club', 0, 0, 0, 2, '?', 17, 162, 2, '2016-10-26 14:53:53', '2016-10-26 14:53:53', 1, '2017-06-03', 'pietrelcinajollynuoto', '2017', 0, 0, 2, 3, 1, 1, 12, 1, NULL, 0);
INSERT INTO `meeting_sessions` (`id`, `session_order`, `scheduled_date`, `warm_up_time`, `begin_time`, `notes`, `meeting_id`, `swimming_pool_id`, `user_id`, `created_at`, `updated_at`, `description`, `is_autofilled`, `day_part_type_id`)
  VALUES (1878, 1, '2017-06-03', '2000-01-01 09:00:00', '2000-01-01 09:30:00', '', 16348, 189, 2, '2016-10-26 14:53:53', '2016-10-26 14:53:53', 'FINALI', 1, 1);
INSERT INTO `meeting_events` (`id`, `created_at`, `updated_at`, `event_order`, `begin_time`, `is_out_of_race`, `is_autofilled`, `notes`, `meeting_session_id`, `event_type_id`, `heat_type_id`, `user_id`, `has_separate_gender_start_list`, `has_separate_category_start_list`)
  VALUES (9793, '2016-10-26 14:53:53', '2016-10-26 14:53:53', 1, '2000-01-01 08:02:00', 0, 1, NULL, 1878, 5, 3, 1, 1, 0);
INSERT INTO `meeting_events` (`id`, `created_at`, `updated_at`, `event_order`, `begin_time`, `is_out_of_race`, `is_autofilled`, `notes`, `meeting_session_id`, `event_type_id`, `heat_type_id`, `user_id`, `has_separate_gender_start_list`, `has_separate_category_start_list`)
  VALUES (9794, '2016-10-26 14:53:53', '2016-10-26 14:53:53', 2, '2000-01-01 08:14:00', 0, 1, NULL, 1878, 22, 3, 1, 1, 0);
INSERT INTO `meeting_events` (`id`, `created_at`, `updated_at`, `event_order`, `begin_time`, `is_out_of_race`, `is_autofilled`, `notes`, `meeting_session_id`, `event_type_id`, `heat_type_id`, `user_id`, `has_separate_gender_start_list`, `has_separate_category_start_list`)
  VALUES (9795, '2016-10-26 14:53:53', '2016-10-26 14:53:53', 3, '2000-01-01 08:36:00', 0, 1, NULL, 1878, 15, 3, 1, 1, 0);
INSERT INTO `meeting_events` (`id`, `created_at`, `updated_at`, `event_order`, `begin_time`, `is_out_of_race`, `is_autofilled`, `notes`, `meeting_session_id`, `event_type_id`, `heat_type_id`, `user_id`, `has_separate_gender_start_list`, `has_separate_category_start_list`)
  VALUES (9796, '2016-10-26 14:53:53', '2016-10-26 14:53:53', 4, '2000-01-01 08:48:00', 0, 1, NULL, 1878, 25, 3, 1, 1, 0);
INSERT INTO `meeting_sessions` (`id`, `session_order`, `scheduled_date`, `warm_up_time`, `begin_time`, `notes`, `meeting_id`, `swimming_pool_id`, `user_id`, `created_at`, `updated_at`, `description`, `is_autofilled`, `day_part_type_id`)
  VALUES (1879, 2, '2017-06-03', '2000-01-01 14:30:00', '2000-01-01 15:00:00', '', 16348, 189, 2, '2016-10-26 14:53:53', '2016-10-26 14:53:53', 'FINALI', 1, 2);
INSERT INTO `meeting_events` (`id`, `created_at`, `updated_at`, `event_order`, `begin_time`, `is_out_of_race`, `is_autofilled`, `notes`, `meeting_session_id`, `event_type_id`, `heat_type_id`, `user_id`, `has_separate_gender_start_list`, `has_separate_category_start_list`)
  VALUES (9797, '2016-10-26 14:53:53', '2016-10-26 14:53:53', 5, '2000-01-01 09:12:00', 0, 1, NULL, 1879, 21, 3, 1, 1, 0);
INSERT INTO `meeting_events` (`id`, `created_at`, `updated_at`, `event_order`, `begin_time`, `is_out_of_race`, `is_autofilled`, `notes`, `meeting_session_id`, `event_type_id`, `heat_type_id`, `user_id`, `has_separate_gender_start_list`, `has_separate_category_start_list`)
  VALUES (9798, '2016-10-26 14:53:53', '2016-10-26 14:53:53', 6, '2000-01-01 09:32:00', 0, 1, NULL, 1879, 12, 3, 1, 1, 0);
INSERT INTO `meeting_events` (`id`, `created_at`, `updated_at`, `event_order`, `begin_time`, `is_out_of_race`, `is_autofilled`, `notes`, `meeting_session_id`, `event_type_id`, `heat_type_id`, `user_id`, `has_separate_gender_start_list`, `has_separate_category_start_list`)
  VALUES (9799, '2016-10-26 14:53:53', '2016-10-26 14:53:53', 7, '2000-01-01 09:54:00', 0, 1, NULL, 1879, 3, 3, 1, 1, 0);
INSERT INTO `meeting_events` (`id`, `created_at`, `updated_at`, `event_order`, `begin_time`, `is_out_of_race`, `is_autofilled`, `notes`, `meeting_session_id`, `event_type_id`, `heat_type_id`, `user_id`, `has_separate_gender_start_list`, `has_separate_category_start_list`)
  VALUES (9800, '2016-10-26 14:53:53', '2016-10-26 14:53:53', 8, '2000-01-01 10:20:00', 0, 1, NULL, 1879, 26, 3, 1, 1, 0);
INSERT INTO `meeting_sessions` (`id`, `session_order`, `scheduled_date`, `warm_up_time`, `begin_time`, `notes`, `meeting_id`, `swimming_pool_id`, `user_id`, `created_at`, `updated_at`, `description`, `is_autofilled`, `day_part_type_id`)
  VALUES (1880, 3, '2017-06-04', '2000-01-01 09:00:00', '2000-01-01 09:30:00', '', 16348, 189, 2, '2016-10-26 14:53:53', '2016-10-26 14:53:53', 'FINALI', 1, 1);
INSERT INTO `meeting_events` (`id`, `created_at`, `updated_at`, `event_order`, `begin_time`, `is_out_of_race`, `is_autofilled`, `notes`, `meeting_session_id`, `event_type_id`, `heat_type_id`, `user_id`, `has_separate_gender_start_list`, `has_separate_category_start_list`)
  VALUES (9801, '2016-10-26 14:53:53', '2016-10-26 14:53:53', 9, '2000-01-01 10:34:00', 0, 1, NULL, 1880, 24, 3, 1, 1, 0);
INSERT INTO `meeting_events` (`id`, `created_at`, `updated_at`, `event_order`, `begin_time`, `is_out_of_race`, `is_autofilled`, `notes`, `meeting_session_id`, `event_type_id`, `heat_type_id`, `user_id`, `has_separate_gender_start_list`, `has_separate_category_start_list`)
  VALUES (9802, '2016-10-26 14:53:53', '2016-10-26 14:53:53', 10, '2000-01-01 11:00:00', 0, 1, NULL, 1880, 4, 3, 1, 1, 0);
INSERT INTO `meeting_events` (`id`, `created_at`, `updated_at`, `event_order`, `begin_time`, `is_out_of_race`, `is_autofilled`, `notes`, `meeting_session_id`, `event_type_id`, `heat_type_id`, `user_id`, `has_separate_gender_start_list`, `has_separate_category_start_list`)
  VALUES (9803, '2016-10-26 14:53:53', '2016-10-26 14:53:53', 11, '2000-01-01 11:32:00', 0, 1, NULL, 1880, 19, 3, 1, 1, 0);
INSERT INTO `meeting_events` (`id`, `created_at`, `updated_at`, `event_order`, `begin_time`, `is_out_of_race`, `is_autofilled`, `notes`, `meeting_session_id`, `event_type_id`, `heat_type_id`, `user_id`, `has_separate_gender_start_list`, `has_separate_category_start_list`)
  VALUES (9804, '2016-10-26 14:53:53', '2016-10-26 14:53:53', 12, '2000-01-01 11:54:00', 0, 1, NULL, 1880, 32, 3, 1, 1, 0);
INSERT INTO `meeting_sessions` (`id`, `session_order`, `scheduled_date`, `warm_up_time`, `begin_time`, `notes`, `meeting_id`, `swimming_pool_id`, `user_id`, `created_at`, `updated_at`, `description`, `is_autofilled`, `day_part_type_id`)
  VALUES (1881, 4, '2017-06-04', '2000-01-01 14:30:00', '2000-01-01 15:00:00', '', 16348, 189, 2, '2016-10-26 14:53:53', '2016-10-26 14:53:53', 'FINALI', 1, 2);
INSERT INTO `meeting_events` (`id`, `created_at`, `updated_at`, `event_order`, `begin_time`, `is_out_of_race`, `is_autofilled`, `notes`, `meeting_session_id`, `event_type_id`, `heat_type_id`, `user_id`, `has_separate_gender_start_list`, `has_separate_category_start_list`)
  VALUES (9805, '2016-10-26 14:53:53', '2016-10-26 14:53:53', 13, '2000-01-01 12:26:00', 0, 1, NULL, 1881, 23, 3, 1, 1, 0);
INSERT INTO `meeting_events` (`id`, `created_at`, `updated_at`, `event_order`, `begin_time`, `is_out_of_race`, `is_autofilled`, `notes`, `meeting_session_id`, `event_type_id`, `heat_type_id`, `user_id`, `has_separate_gender_start_list`, `has_separate_category_start_list`)
  VALUES (9806, '2016-10-26 14:53:53', '2016-10-26 14:53:53', 14, '2000-01-01 12:56:58', 0, 1, NULL, 1881, 20, 3, 1, 1, 0);
INSERT INTO `meeting_events` (`id`, `created_at`, `updated_at`, `event_order`, `begin_time`, `is_out_of_race`, `is_autofilled`, `notes`, `meeting_session_id`, `event_type_id`, `heat_type_id`, `user_id`, `has_separate_gender_start_list`, `has_separate_category_start_list`)
  VALUES (9807, '2016-10-26 14:53:53', '2016-10-26 14:53:53', 15, '2000-01-01 12:55:02', 0, 1, NULL, 1881, 2, 3, 1, 1, 0);
INSERT INTO `meeting_events` (`id`, `created_at`, `updated_at`, `event_order`, `begin_time`, `is_out_of_race`, `is_autofilled`, `notes`, `meeting_session_id`, `event_type_id`, `heat_type_id`, `user_id`, `has_separate_gender_start_list`, `has_separate_category_start_list`)
  VALUES (9808, '2016-10-26 14:53:53', '2016-10-26 14:53:53', 16, NULL, 0, 1, NULL, 1881, 33, 3, 2, 1, 0);

-- 15349-lodidelbarbarossa TROFEO DEL BARBAROSSA 2016-03-20
INSERT INTO `meetings` (`id`, `description`, `entry_deadline`, `has_warm_up_pool`, `is_under_25_admitted`, `reference_phone`, `reference_e_mail`, `reference_name`, `notes`, `has_invitation`, `has_start_list`, `are_results_acquired`, `max_individual_events`, `configuration_file`, `edition`, `season_id`, `user_id`, `created_at`, `updated_at`, `is_autofilled`, `header_date`, `code`, `header_year`, `max_individual_events_per_session`, `is_out_of_season`, `edition_type_id`, `timing_type_id`, `individual_score_computation_type_id`, `relay_score_computation_type_id`, `team_score_computation_type_id`, `meeting_score_computation_type_id`, `invitation`, `is_confirmed`)
  VALUES (16349, 'TROFEO DEL BARBAROSSA', '2017-03-12', 0, 1, '', '', '', 'Sporting Lodi', 0, 0, 0, 2, 'FIN02', 17, 162, 2, '2016-10-26 14:53:54', '2016-10-26 14:53:54', 1, '2017-03-19', 'lodidelbarbarossa', '2017', 0, 0, 2, 3, 1, 1, 12, 1, NULL, 0);
INSERT INTO `meeting_sessions` (`id`, `session_order`, `scheduled_date`, `warm_up_time`, `begin_time`, `notes`, `meeting_id`, `swimming_pool_id`, `user_id`, `created_at`, `updated_at`, `description`, `is_autofilled`, `day_part_type_id`)
  VALUES (1882, 1, '2017-03-19', '2000-01-01 08:00:00', '2000-01-01 09:00:00', '', 16349, 190, 2, '2016-10-26 14:53:54', '2016-10-26 14:53:54', 'FINALI', 1, 1);
INSERT INTO `meeting_events` (`id`, `created_at`, `updated_at`, `event_order`, `begin_time`, `is_out_of_race`, `is_autofilled`, `notes`, `meeting_session_id`, `event_type_id`, `heat_type_id`, `user_id`, `has_separate_gender_start_list`, `has_separate_category_start_list`)
  VALUES (9809, '2016-10-26 14:53:54', '2016-10-26 14:53:54', 1, '2000-01-01 00:00:00', 0, 1, NULL, 1882, 16, 3, 2, 1, 0);
INSERT INTO `meeting_events` (`id`, `created_at`, `updated_at`, `event_order`, `begin_time`, `is_out_of_race`, `is_autofilled`, `notes`, `meeting_session_id`, `event_type_id`, `heat_type_id`, `user_id`, `has_separate_gender_start_list`, `has_separate_category_start_list`)
  VALUES (9810, '2016-10-26 14:53:54', '2016-10-26 14:53:54', 2, '2000-01-01 00:00:00', 0, 1, NULL, 1882, 4, 3, 2, 1, 0);
INSERT INTO `meeting_events` (`id`, `created_at`, `updated_at`, `event_order`, `begin_time`, `is_out_of_race`, `is_autofilled`, `notes`, `meeting_session_id`, `event_type_id`, `heat_type_id`, `user_id`, `has_separate_gender_start_list`, `has_separate_category_start_list`)
  VALUES (9811, '2016-10-26 14:53:54', '2016-10-26 14:53:54', 3, '2000-01-01 00:00:00', 0, 1, NULL, 1882, 19, 3, 2, 1, 0);
INSERT INTO `meeting_events` (`id`, `created_at`, `updated_at`, `event_order`, `begin_time`, `is_out_of_race`, `is_autofilled`, `notes`, `meeting_session_id`, `event_type_id`, `heat_type_id`, `user_id`, `has_separate_gender_start_list`, `has_separate_category_start_list`)
  VALUES (9812, '2016-10-26 14:53:54', '2016-10-26 14:53:54', 4, '2000-01-01 00:00:00', 0, 1, NULL, 1882, 22, 3, 2, 1, 0);
INSERT INTO `meeting_events` (`id`, `created_at`, `updated_at`, `event_order`, `begin_time`, `is_out_of_race`, `is_autofilled`, `notes`, `meeting_session_id`, `event_type_id`, `heat_type_id`, `user_id`, `has_separate_gender_start_list`, `has_separate_category_start_list`)
  VALUES (9813, '2016-10-26 14:53:54', '2016-10-26 14:53:54', 5, '2000-01-01 00:00:00', 0, 1, NULL, 1882, 2, 3, 2, 1, 0);
INSERT INTO `meeting_events` (`id`, `created_at`, `updated_at`, `event_order`, `begin_time`, `is_out_of_race`, `is_autofilled`, `notes`, `meeting_session_id`, `event_type_id`, `heat_type_id`, `user_id`, `has_separate_gender_start_list`, `has_separate_category_start_list`)
  VALUES (9814, '2016-10-26 14:53:54', '2016-10-26 14:53:54', 6, '2000-01-01 00:00:00', 0, 1, NULL, 1882, 20, 3, 2, 1, 0);
INSERT INTO `meeting_events` (`id`, `created_at`, `updated_at`, `event_order`, `begin_time`, `is_out_of_race`, `is_autofilled`, `notes`, `meeting_session_id`, `event_type_id`, `heat_type_id`, `user_id`, `has_separate_gender_start_list`, `has_separate_category_start_list`)
  VALUES (9815, '2016-10-26 14:53:54', '2016-10-26 14:53:54', 7, '2000-01-01 00:00:00', 0, 1, NULL, 1882, 5, 3, 2, 1, 0);
INSERT INTO `meeting_sessions` (`id`, `session_order`, `scheduled_date`, `warm_up_time`, `begin_time`, `notes`, `meeting_id`, `swimming_pool_id`, `user_id`, `created_at`, `updated_at`, `description`, `is_autofilled`, `day_part_type_id`)
  VALUES (1883, 2, '2017-03-19', '2000-01-01 14:00:00', '2000-01-01 15:00:00', '', 16349, 190, 2, '2016-10-26 14:53:54', '2016-10-26 14:53:54', 'FINALI', 1, 2);
INSERT INTO `meeting_events` (`id`, `created_at`, `updated_at`, `event_order`, `begin_time`, `is_out_of_race`, `is_autofilled`, `notes`, `meeting_session_id`, `event_type_id`, `heat_type_id`, `user_id`, `has_separate_gender_start_list`, `has_separate_category_start_list`)
  VALUES (9816, '2016-10-26 14:53:54', '2016-10-26 14:53:54', 8, '2000-01-01 00:00:00', 0, 1, NULL, 1883, 23, 3, 2, 1, 0);
INSERT INTO `meeting_events` (`id`, `created_at`, `updated_at`, `event_order`, `begin_time`, `is_out_of_race`, `is_autofilled`, `notes`, `meeting_session_id`, `event_type_id`, `heat_type_id`, `user_id`, `has_separate_gender_start_list`, `has_separate_category_start_list`)
  VALUES (9817, '2016-10-26 14:53:54', '2016-10-26 14:53:54', 9, '2000-01-01 00:00:00', 0, 1, NULL, 1883, 11, 3, 2, 1, 0);
INSERT INTO `meeting_events` (`id`, `created_at`, `updated_at`, `event_order`, `begin_time`, `is_out_of_race`, `is_autofilled`, `notes`, `meeting_session_id`, `event_type_id`, `heat_type_id`, `user_id`, `has_separate_gender_start_list`, `has_separate_category_start_list`)
  VALUES (9818, '2016-10-26 14:53:54', '2016-10-26 14:53:54', 10, '2000-01-01 00:00:00', 0, 1, NULL, 1883, 21, 3, 2, 1, 0);
INSERT INTO `meeting_events` (`id`, `created_at`, `updated_at`, `event_order`, `begin_time`, `is_out_of_race`, `is_autofilled`, `notes`, `meeting_session_id`, `event_type_id`, `heat_type_id`, `user_id`, `has_separate_gender_start_list`, `has_separate_category_start_list`)
  VALUES (9819, '2016-10-26 14:53:54', '2016-10-26 14:53:54', 11, '2000-01-01 00:00:00', 0, 1, NULL, 1883, 15, 3, 2, 1, 0);
INSERT INTO `meeting_events` (`id`, `created_at`, `updated_at`, `event_order`, `begin_time`, `is_out_of_race`, `is_autofilled`, `notes`, `meeting_session_id`, `event_type_id`, `heat_type_id`, `user_id`, `has_separate_gender_start_list`, `has_separate_category_start_list`)
  VALUES (9820, '2016-10-26 14:53:54', '2016-10-26 14:53:54', 12, '2000-01-01 00:00:00', 0, 1, NULL, 1883, 12, 3, 2, 1, 0);
INSERT INTO `meeting_events` (`id`, `created_at`, `updated_at`, `event_order`, `begin_time`, `is_out_of_race`, `is_autofilled`, `notes`, `meeting_session_id`, `event_type_id`, `heat_type_id`, `user_id`, `has_separate_gender_start_list`, `has_separate_category_start_list`)
  VALUES (9821, '2016-10-26 14:53:54', '2016-10-26 14:53:54', 13, '2000-01-01 00:00:00', 0, 1, NULL, 1883, 3, 3, 2, 1, 0);
INSERT INTO `meeting_events` (`id`, `created_at`, `updated_at`, `event_order`, `begin_time`, `is_out_of_race`, `is_autofilled`, `notes`, `meeting_session_id`, `event_type_id`, `heat_type_id`, `user_id`, `has_separate_gender_start_list`, `has_separate_category_start_list`)
  VALUES (9822, '2016-10-26 14:53:54', '2016-10-26 14:53:54', 14, '2000-01-01 00:00:00', 0, 1, NULL, 1883, 32, 3, 2, 1, 0);

-- 15350-lovadinaspresianolebandie TROFEO LE BANIDE 2016-04-17
INSERT INTO `meetings` (`id`, `description`, `entry_deadline`, `has_warm_up_pool`, `is_under_25_admitted`, `reference_phone`, `reference_e_mail`, `reference_name`, `notes`, `has_invitation`, `has_start_list`, `are_results_acquired`, `max_individual_events`, `configuration_file`, `edition`, `season_id`, `user_id`, `created_at`, `updated_at`, `is_autofilled`, `header_date`, `code`, `header_year`, `max_individual_events_per_session`, `is_out_of_season`, `edition_type_id`, `timing_type_id`, `individual_score_computation_type_id`, `relay_score_computation_type_id`, `team_score_computation_type_id`, `meeting_score_computation_type_id`, `invitation`, `is_confirmed`)
  VALUES (16350, 'TROFEO LE BANIDE', '2017-04-07', 1, 1, '', '', '', 'Centro Nuoto Le Bandie', 0, 0, 0, 2, 'FIN02', 17, 162, 2, '2016-10-26 14:53:54', '2016-10-26 14:53:54', 1, '2017-04-16', 'lovadinaspresianolebandie', '2017', 0, 0, 2, 3, 1, 1, 12, 1, NULL, 0);
INSERT INTO `meeting_sessions` (`id`, `session_order`, `scheduled_date`, `warm_up_time`, `begin_time`, `notes`, `meeting_id`, `swimming_pool_id`, `user_id`, `created_at`, `updated_at`, `description`, `is_autofilled`, `day_part_type_id`)
  VALUES (1884, 1, '2017-04-16', '2000-01-01 08:00:00', '2000-01-01 09:00:00', '', 16350, 192, 2, '2016-10-26 14:53:54', '2016-10-26 14:53:54', 'FINALI', 1, 1);
INSERT INTO `meeting_events` (`id`, `created_at`, `updated_at`, `event_order`, `begin_time`, `is_out_of_race`, `is_autofilled`, `notes`, `meeting_session_id`, `event_type_id`, `heat_type_id`, `user_id`, `has_separate_gender_start_list`, `has_separate_category_start_list`)
  VALUES (9823, '2016-10-26 14:53:54', '2016-10-26 14:53:54', 1, '2000-01-01 00:00:00', 0, 1, NULL, 1884, 3, 3, 2, 1, 0);
INSERT INTO `meeting_events` (`id`, `created_at`, `updated_at`, `event_order`, `begin_time`, `is_out_of_race`, `is_autofilled`, `notes`, `meeting_session_id`, `event_type_id`, `heat_type_id`, `user_id`, `has_separate_gender_start_list`, `has_separate_category_start_list`)
  VALUES (9824, '2016-10-26 14:53:54', '2016-10-26 14:53:54', 2, '2000-01-01 00:00:00', 0, 1, NULL, 1884, 17, 3, 2, 1, 0);
INSERT INTO `meeting_events` (`id`, `created_at`, `updated_at`, `event_order`, `begin_time`, `is_out_of_race`, `is_autofilled`, `notes`, `meeting_session_id`, `event_type_id`, `heat_type_id`, `user_id`, `has_separate_gender_start_list`, `has_separate_category_start_list`)
  VALUES (9825, '2016-10-26 14:53:54', '2016-10-26 14:53:54', 3, '2000-01-01 00:00:00', 0, 1, NULL, 1884, 20, 3, 2, 1, 0);
INSERT INTO `meeting_events` (`id`, `created_at`, `updated_at`, `event_order`, `begin_time`, `is_out_of_race`, `is_autofilled`, `notes`, `meeting_session_id`, `event_type_id`, `heat_type_id`, `user_id`, `has_separate_gender_start_list`, `has_separate_category_start_list`)
  VALUES (9826, '2016-10-26 14:53:54', '2016-10-26 14:53:54', 4, '2000-01-01 00:00:00', 0, 1, NULL, 1884, 11, 3, 2, 1, 0);
INSERT INTO `meeting_events` (`id`, `created_at`, `updated_at`, `event_order`, `begin_time`, `is_out_of_race`, `is_autofilled`, `notes`, `meeting_session_id`, `event_type_id`, `heat_type_id`, `user_id`, `has_separate_gender_start_list`, `has_separate_category_start_list`)
  VALUES (9827, '2016-10-26 14:53:54', '2016-10-26 14:53:54', 11, '2000-01-01 13:06:30', 0, 1, NULL, 1884, 34, 3, 1, 1, 0);
INSERT INTO `meeting_sessions` (`id`, `session_order`, `scheduled_date`, `warm_up_time`, `begin_time`, `notes`, `meeting_id`, `swimming_pool_id`, `user_id`, `created_at`, `updated_at`, `description`, `is_autofilled`, `day_part_type_id`)
  VALUES (1885, 2, '2017-04-16', '2000-01-01 13:30:00', '2000-01-01 14:00:00', '', 16350, 192, 2, '2016-10-26 14:53:54', '2016-10-26 14:53:54', 'FINALI', 1, 2);
INSERT INTO `meeting_events` (`id`, `created_at`, `updated_at`, `event_order`, `begin_time`, `is_out_of_race`, `is_autofilled`, `notes`, `meeting_session_id`, `event_type_id`, `heat_type_id`, `user_id`, `has_separate_gender_start_list`, `has_separate_category_start_list`)
  VALUES (9828, '2016-10-26 14:53:54', '2016-10-26 14:53:54', 5, '2000-01-01 00:00:00', 0, 1, NULL, 1885, 2, 3, 2, 1, 0);
INSERT INTO `meeting_events` (`id`, `created_at`, `updated_at`, `event_order`, `begin_time`, `is_out_of_race`, `is_autofilled`, `notes`, `meeting_session_id`, `event_type_id`, `heat_type_id`, `user_id`, `has_separate_gender_start_list`, `has_separate_category_start_list`)
  VALUES (9829, '2016-10-26 14:53:54', '2016-10-26 14:53:54', 6, '2000-01-01 00:00:00', 0, 1, NULL, 1885, 23, 3, 2, 1, 0);
INSERT INTO `meeting_events` (`id`, `created_at`, `updated_at`, `event_order`, `begin_time`, `is_out_of_race`, `is_autofilled`, `notes`, `meeting_session_id`, `event_type_id`, `heat_type_id`, `user_id`, `has_separate_gender_start_list`, `has_separate_category_start_list`)
  VALUES (9830, '2016-10-26 14:53:54', '2016-10-26 14:53:54', 7, '2000-01-01 00:00:00', 0, 1, NULL, 1885, 16, 3, 2, 1, 0);
INSERT INTO `meeting_events` (`id`, `created_at`, `updated_at`, `event_order`, `begin_time`, `is_out_of_race`, `is_autofilled`, `notes`, `meeting_session_id`, `event_type_id`, `heat_type_id`, `user_id`, `has_separate_gender_start_list`, `has_separate_category_start_list`)
  VALUES (9831, '2016-10-26 14:53:54', '2016-10-26 14:53:54', 8, '2000-01-01 00:00:00', 0, 1, NULL, 1885, 19, 3, 2, 1, 0);
INSERT INTO `meeting_events` (`id`, `created_at`, `updated_at`, `event_order`, `begin_time`, `is_out_of_race`, `is_autofilled`, `notes`, `meeting_session_id`, `event_type_id`, `heat_type_id`, `user_id`, `has_separate_gender_start_list`, `has_separate_category_start_list`)
  VALUES (9832, '2016-10-26 14:53:54', '2016-10-26 14:53:54', 9, '2000-01-01 00:00:00', 0, 1, NULL, 1885, 25, 3, 2, 1, 0);
INSERT INTO `meeting_events` (`id`, `created_at`, `updated_at`, `event_order`, `begin_time`, `is_out_of_race`, `is_autofilled`, `notes`, `meeting_session_id`, `event_type_id`, `heat_type_id`, `user_id`, `has_separate_gender_start_list`, `has_separate_category_start_list`)
  VALUES (9833, '2016-10-26 14:53:54', '2016-10-26 14:53:54', 10, '2000-01-01 00:00:00', 0, 1, NULL, 1885, 32, 3, 2, 1, 0);

-- 15351-santurbanoaquambiente TROFEO AQUAMBIENTE 2016-01-17
INSERT INTO `meetings` (`id`, `description`, `entry_deadline`, `has_warm_up_pool`, `is_under_25_admitted`, `reference_phone`, `reference_e_mail`, `reference_name`, `notes`, `has_invitation`, `has_start_list`, `are_results_acquired`, `max_individual_events`, `configuration_file`, `edition`, `season_id`, `user_id`, `created_at`, `updated_at`, `is_autofilled`, `header_date`, `code`, `header_year`, `max_individual_events_per_session`, `is_out_of_season`, `edition_type_id`, `timing_type_id`, `individual_score_computation_type_id`, `relay_score_computation_type_id`, `team_score_computation_type_id`, `meeting_score_computation_type_id`, `invitation`, `is_confirmed`)
  VALUES (16351, 'TROFEO AQUAMBIENTE', '2017-01-08', 1, 1, '', '', '', 'Acquambiente S.r.l. SSD', 0, 0, 0, 2, 'FIN02', 17, 162, 2, '2016-10-26 14:53:54', '2016-10-26 14:53:54', 1, '2017-01-15', 'santurbanoaquambiente', '2017', 0, 0, 2, 3, 1, 1, 12, 1, NULL, 0);
INSERT INTO `meeting_sessions` (`id`, `session_order`, `scheduled_date`, `warm_up_time`, `begin_time`, `notes`, `meeting_id`, `swimming_pool_id`, `user_id`, `created_at`, `updated_at`, `description`, `is_autofilled`, `day_part_type_id`)
  VALUES (1886, 1, '2017-01-15', '2000-01-01 08:30:00', '2000-01-01 09:30:00', '', 16351, 193, 2, '2016-10-26 14:53:54', '2016-10-26 14:53:54', 'FINALI', 1, 1);
INSERT INTO `meeting_events` (`id`, `created_at`, `updated_at`, `event_order`, `begin_time`, `is_out_of_race`, `is_autofilled`, `notes`, `meeting_session_id`, `event_type_id`, `heat_type_id`, `user_id`, `has_separate_gender_start_list`, `has_separate_category_start_list`)
  VALUES (9834, '2016-10-26 14:53:54', '2016-10-26 14:53:54', 1, '2000-01-01 00:00:00', 0, 1, NULL, 1886, 12, 3, 2, 1, 0);
INSERT INTO `meeting_events` (`id`, `created_at`, `updated_at`, `event_order`, `begin_time`, `is_out_of_race`, `is_autofilled`, `notes`, `meeting_session_id`, `event_type_id`, `heat_type_id`, `user_id`, `has_separate_gender_start_list`, `has_separate_category_start_list`)
  VALUES (9835, '2016-10-26 14:53:54', '2016-10-26 14:53:54', 2, '2000-01-01 00:00:00', 0, 1, NULL, 1886, 16, 3, 2, 1, 0);
INSERT INTO `meeting_events` (`id`, `created_at`, `updated_at`, `event_order`, `begin_time`, `is_out_of_race`, `is_autofilled`, `notes`, `meeting_session_id`, `event_type_id`, `heat_type_id`, `user_id`, `has_separate_gender_start_list`, `has_separate_category_start_list`)
  VALUES (9836, '2016-10-26 14:53:54', '2016-10-26 14:53:54', 3, '2000-01-01 00:00:00', 0, 1, NULL, 1886, 3, 3, 2, 1, 0);
INSERT INTO `meeting_events` (`id`, `created_at`, `updated_at`, `event_order`, `begin_time`, `is_out_of_race`, `is_autofilled`, `notes`, `meeting_session_id`, `event_type_id`, `heat_type_id`, `user_id`, `has_separate_gender_start_list`, `has_separate_category_start_list`)
  VALUES (9837, '2016-10-26 14:53:54', '2016-10-26 14:53:54', 4, '2000-01-01 00:00:00', 0, 1, NULL, 1886, 28, 3, 2, 1, 0);
INSERT INTO `meeting_events` (`id`, `created_at`, `updated_at`, `event_order`, `begin_time`, `is_out_of_race`, `is_autofilled`, `notes`, `meeting_session_id`, `event_type_id`, `heat_type_id`, `user_id`, `has_separate_gender_start_list`, `has_separate_category_start_list`)
  VALUES (9838, '2016-10-26 14:53:54', '2016-10-26 14:53:54', 8, '2000-01-01 11:14:30', 0, 1, NULL, 1886, 35, 3, 1, 1, 0);
INSERT INTO `meeting_sessions` (`id`, `session_order`, `scheduled_date`, `warm_up_time`, `begin_time`, `notes`, `meeting_id`, `swimming_pool_id`, `user_id`, `created_at`, `updated_at`, `description`, `is_autofilled`, `day_part_type_id`)
  VALUES (1887, 2, '2017-01-15', '2000-01-01 13:30:00', '2000-01-01 14:30:00', '', 16351, 193, 2, '2016-10-26 14:53:54', '2016-10-26 14:53:54', 'FINALI', 1, 2);
INSERT INTO `meeting_events` (`id`, `created_at`, `updated_at`, `event_order`, `begin_time`, `is_out_of_race`, `is_autofilled`, `notes`, `meeting_session_id`, `event_type_id`, `heat_type_id`, `user_id`, `has_separate_gender_start_list`, `has_separate_category_start_list`)
  VALUES (9839, '2016-10-26 14:53:54', '2016-10-26 14:53:54', 5, '2000-01-01 00:00:00', 0, 1, NULL, 1887, 20, 3, 2, 1, 0);
INSERT INTO `meeting_events` (`id`, `created_at`, `updated_at`, `event_order`, `begin_time`, `is_out_of_race`, `is_autofilled`, `notes`, `meeting_session_id`, `event_type_id`, `heat_type_id`, `user_id`, `has_separate_gender_start_list`, `has_separate_category_start_list`)
  VALUES (9840, '2016-10-26 14:53:54', '2016-10-26 14:53:54', 6, '2000-01-01 00:00:00', 0, 1, NULL, 1887, 22, 3, 2, 1, 0);
INSERT INTO `meeting_events` (`id`, `created_at`, `updated_at`, `event_order`, `begin_time`, `is_out_of_race`, `is_autofilled`, `notes`, `meeting_session_id`, `event_type_id`, `heat_type_id`, `user_id`, `has_separate_gender_start_list`, `has_separate_category_start_list`)
  VALUES (9841, '2016-10-26 14:53:54', '2016-10-26 14:53:54', 7, '2000-01-01 00:00:00', 0, 1, NULL, 1887, 34, 3, 2, 1, 0);

-- 15352-pozzuolileone MEMORIAL LEONE 2015-12-05
INSERT INTO `meetings` (`id`, `description`, `entry_deadline`, `has_warm_up_pool`, `is_under_25_admitted`, `reference_phone`, `reference_e_mail`, `reference_name`, `notes`, `has_invitation`, `has_start_list`, `are_results_acquired`, `max_individual_events`, `configuration_file`, `edition`, `season_id`, `user_id`, `created_at`, `updated_at`, `is_autofilled`, `header_date`, `code`, `header_year`, `max_individual_events_per_session`, `is_out_of_season`, `edition_type_id`, `timing_type_id`, `individual_score_computation_type_id`, `relay_score_computation_type_id`, `team_score_computation_type_id`, `meeting_score_computation_type_id`, `invitation`, `is_confirmed`)
  VALUES (16352, 'MEMORIAL LEONE', '2016-11-25', 1, 1, '', '', '', 'Sporting Club Flegreo', 0, 0, 0, 2, 'FIN02', 17, 162, 2, '2016-10-26 14:53:54', '2016-10-26 14:53:54', 1, '2016-12-03', 'pozzuolileone', '2017', 0, 0, 2, 3, 1, 1, 12, 1, NULL, 0);
INSERT INTO `meeting_sessions` (`id`, `session_order`, `scheduled_date`, `warm_up_time`, `begin_time`, `notes`, `meeting_id`, `swimming_pool_id`, `user_id`, `created_at`, `updated_at`, `description`, `is_autofilled`, `day_part_type_id`)
  VALUES (1888, 1, '2016-12-03', '2000-01-01 07:45:00', '2000-01-01 08:30:00', '', 16352, 194, 2, '2016-10-26 14:53:54', '2016-10-26 14:53:54', 'FINALI', 1, 1);
INSERT INTO `meeting_events` (`id`, `created_at`, `updated_at`, `event_order`, `begin_time`, `is_out_of_race`, `is_autofilled`, `notes`, `meeting_session_id`, `event_type_id`, `heat_type_id`, `user_id`, `has_separate_gender_start_list`, `has_separate_category_start_list`)
  VALUES (9842, '2016-10-26 14:53:54', '2016-10-26 14:53:54', 1, '2000-01-01 00:00:00', 0, 1, NULL, 1888, 17, 3, 2, 1, 0);
INSERT INTO `meeting_events` (`id`, `created_at`, `updated_at`, `event_order`, `begin_time`, `is_out_of_race`, `is_autofilled`, `notes`, `meeting_session_id`, `event_type_id`, `heat_type_id`, `user_id`, `has_separate_gender_start_list`, `has_separate_category_start_list`)
  VALUES (9843, '2016-10-26 14:53:54', '2016-10-26 14:53:54', 2, '2000-01-01 00:00:00', 0, 1, NULL, 1888, 20, 3, 2, 1, 0);
INSERT INTO `meeting_events` (`id`, `created_at`, `updated_at`, `event_order`, `begin_time`, `is_out_of_race`, `is_autofilled`, `notes`, `meeting_session_id`, `event_type_id`, `heat_type_id`, `user_id`, `has_separate_gender_start_list`, `has_separate_category_start_list`)
  VALUES (9844, '2016-10-26 14:53:54', '2016-10-26 14:53:54', 3, '2000-01-01 00:00:00', 0, 1, NULL, 1888, 23, 3, 2, 1, 0);
INSERT INTO `meeting_events` (`id`, `created_at`, `updated_at`, `event_order`, `begin_time`, `is_out_of_race`, `is_autofilled`, `notes`, `meeting_session_id`, `event_type_id`, `heat_type_id`, `user_id`, `has_separate_gender_start_list`, `has_separate_category_start_list`)
  VALUES (9845, '2016-10-26 14:53:54', '2016-10-26 14:53:54', 4, '2000-01-01 00:00:00', 0, 1, NULL, 1888, 3, 3, 2, 1, 0);
INSERT INTO `meeting_sessions` (`id`, `session_order`, `scheduled_date`, `warm_up_time`, `begin_time`, `notes`, `meeting_id`, `swimming_pool_id`, `user_id`, `created_at`, `updated_at`, `description`, `is_autofilled`, `day_part_type_id`)
  VALUES (1889, 2, '2016-12-03', '2000-01-01 14:45:00', '2000-01-01 15:30:00', '', 16352, 194, 2, '2016-10-26 14:53:54', '2016-10-26 14:53:54', 'FINALI', 1, 2);
INSERT INTO `meeting_events` (`id`, `created_at`, `updated_at`, `event_order`, `begin_time`, `is_out_of_race`, `is_autofilled`, `notes`, `meeting_session_id`, `event_type_id`, `heat_type_id`, `user_id`, `has_separate_gender_start_list`, `has_separate_category_start_list`)
  VALUES (9846, '2016-10-26 14:53:54', '2016-10-26 14:53:54', 5, '2000-01-01 00:00:00', 0, 1, NULL, 1889, 12, 3, 2, 1, 0);
INSERT INTO `meeting_events` (`id`, `created_at`, `updated_at`, `event_order`, `begin_time`, `is_out_of_race`, `is_autofilled`, `notes`, `meeting_session_id`, `event_type_id`, `heat_type_id`, `user_id`, `has_separate_gender_start_list`, `has_separate_category_start_list`)
  VALUES (9847, '2016-10-26 14:53:54', '2016-10-26 14:53:54', 6, '2000-01-01 00:00:00', 0, 1, NULL, 1889, 15, 3, 2, 1, 0);
INSERT INTO `meeting_events` (`id`, `created_at`, `updated_at`, `event_order`, `begin_time`, `is_out_of_race`, `is_autofilled`, `notes`, `meeting_session_id`, `event_type_id`, `heat_type_id`, `user_id`, `has_separate_gender_start_list`, `has_separate_category_start_list`)
  VALUES (9848, '2016-10-26 14:53:54', '2016-10-26 14:53:54', 7, '2000-01-01 00:00:00', 0, 1, NULL, 1889, 19, 3, 2, 1, 0);
INSERT INTO `meeting_events` (`id`, `created_at`, `updated_at`, `event_order`, `begin_time`, `is_out_of_race`, `is_autofilled`, `notes`, `meeting_session_id`, `event_type_id`, `heat_type_id`, `user_id`, `has_separate_gender_start_list`, `has_separate_category_start_list`)
  VALUES (9849, '2016-10-26 14:53:54', '2016-10-26 14:53:54', 8, '2000-01-01 00:00:00', 0, 1, NULL, 1889, 4, 3, 2, 1, 0);
INSERT INTO `meeting_sessions` (`id`, `session_order`, `scheduled_date`, `warm_up_time`, `begin_time`, `notes`, `meeting_id`, `swimming_pool_id`, `user_id`, `created_at`, `updated_at`, `description`, `is_autofilled`, `day_part_type_id`)
  VALUES (1890, 3, '2016-12-04', '2000-01-01 07:45:00', '2000-01-01 08:30:00', '', 16352, 194, 2, '2016-10-26 14:53:54', '2016-10-26 14:53:54', 'FINALI', 1, 1);
INSERT INTO `meeting_events` (`id`, `created_at`, `updated_at`, `event_order`, `begin_time`, `is_out_of_race`, `is_autofilled`, `notes`, `meeting_session_id`, `event_type_id`, `heat_type_id`, `user_id`, `has_separate_gender_start_list`, `has_separate_category_start_list`)
  VALUES (9850, '2016-10-26 14:53:54', '2016-10-26 14:53:54', 9, '2000-01-01 00:00:00', 0, 1, NULL, 1890, 2, 3, 2, 1, 0);
INSERT INTO `meeting_events` (`id`, `created_at`, `updated_at`, `event_order`, `begin_time`, `is_out_of_race`, `is_autofilled`, `notes`, `meeting_session_id`, `event_type_id`, `heat_type_id`, `user_id`, `has_separate_gender_start_list`, `has_separate_category_start_list`)
  VALUES (9851, '2016-10-26 14:53:54', '2016-10-26 14:53:54', 10, '2000-01-01 00:00:00', 0, 1, NULL, 1890, 11, 3, 2, 1, 0);
INSERT INTO `meeting_events` (`id`, `created_at`, `updated_at`, `event_order`, `begin_time`, `is_out_of_race`, `is_autofilled`, `notes`, `meeting_session_id`, `event_type_id`, `heat_type_id`, `user_id`, `has_separate_gender_start_list`, `has_separate_category_start_list`)
  VALUES (9852, '2016-10-26 14:53:54', '2016-10-26 14:53:54', 11, '2000-01-01 00:00:00', 0, 1, NULL, 1890, 21, 3, 2, 1, 0);
INSERT INTO `meeting_events` (`id`, `created_at`, `updated_at`, `event_order`, `begin_time`, `is_out_of_race`, `is_autofilled`, `notes`, `meeting_session_id`, `event_type_id`, `heat_type_id`, `user_id`, `has_separate_gender_start_list`, `has_separate_category_start_list`)
  VALUES (9853, '2016-10-26 14:53:54', '2016-10-26 14:53:54', 12, '2000-01-01 00:00:00', 0, 1, NULL, 1890, 16, 3, 2, 1, 0);

-- 15353-messinaulyssemasterspeed ULYSSE MASTER SPEED 2016-05-08
INSERT INTO `meetings` (`id`, `description`, `entry_deadline`, `has_warm_up_pool`, `is_under_25_admitted`, `reference_phone`, `reference_e_mail`, `reference_name`, `notes`, `has_invitation`, `has_start_list`, `are_results_acquired`, `max_individual_events`, `configuration_file`, `edition`, `season_id`, `user_id`, `created_at`, `updated_at`, `is_autofilled`, `header_date`, `code`, `header_year`, `max_individual_events_per_session`, `is_out_of_season`, `edition_type_id`, `timing_type_id`, `individual_score_computation_type_id`, `relay_score_computation_type_id`, `team_score_computation_type_id`, `meeting_score_computation_type_id`, `invitation`, `is_confirmed`)
  VALUES (16353, 'ULYSSE MASTER SPEED', '0217-04-27', 0, 1, '', '', '', 'A.S.D. ULYSSE', 0, 0, 0, 2, 'FIN02', 17, 162, 2, '2016-10-26 14:53:54', '2016-10-26 14:53:54', 1, '2017-05-07', 'messinaulyssemasterspeed', '2017', 0, 0, 2, 3, 1, 1, 12, 1, NULL, 0);
INSERT INTO `meeting_sessions` (`id`, `session_order`, `scheduled_date`, `warm_up_time`, `begin_time`, `notes`, `meeting_id`, `swimming_pool_id`, `user_id`, `created_at`, `updated_at`, `description`, `is_autofilled`, `day_part_type_id`)
  VALUES (1891, 1, '2017-05-07', '2000-01-01 08:15:00', '2000-01-01 09:00:00', '', 16353, 133, 2, '2016-10-26 14:53:54', '2016-10-26 14:53:54', 'FINALI', 1, 1);
INSERT INTO `meeting_events` (`id`, `created_at`, `updated_at`, `event_order`, `begin_time`, `is_out_of_race`, `is_autofilled`, `notes`, `meeting_session_id`, `event_type_id`, `heat_type_id`, `user_id`, `has_separate_gender_start_list`, `has_separate_category_start_list`)
  VALUES (9854, '2016-10-26 14:53:54', '2016-10-26 14:53:54', 1, '2000-01-01 00:00:00', 0, 1, NULL, 1891, 2, 3, 2, 1, 0);
INSERT INTO `meeting_events` (`id`, `created_at`, `updated_at`, `event_order`, `begin_time`, `is_out_of_race`, `is_autofilled`, `notes`, `meeting_session_id`, `event_type_id`, `heat_type_id`, `user_id`, `has_separate_gender_start_list`, `has_separate_category_start_list`)
  VALUES (9855, '2016-10-26 14:53:54', '2016-10-26 14:53:54', 2, '2000-01-01 00:00:00', 0, 1, NULL, 1891, 16, 3, 2, 1, 0);
INSERT INTO `meeting_events` (`id`, `created_at`, `updated_at`, `event_order`, `begin_time`, `is_out_of_race`, `is_autofilled`, `notes`, `meeting_session_id`, `event_type_id`, `heat_type_id`, `user_id`, `has_separate_gender_start_list`, `has_separate_category_start_list`)
  VALUES (9856, '2016-10-26 14:53:54', '2016-10-26 14:53:54', 3, '2000-01-01 00:00:00', 0, 1, NULL, 1891, 4, 3, 2, 1, 0);
INSERT INTO `meeting_events` (`id`, `created_at`, `updated_at`, `event_order`, `begin_time`, `is_out_of_race`, `is_autofilled`, `notes`, `meeting_session_id`, `event_type_id`, `heat_type_id`, `user_id`, `has_separate_gender_start_list`, `has_separate_category_start_list`)
  VALUES (9857, '2016-10-26 14:53:54', '2016-10-26 14:53:54', 4, '2000-01-01 00:00:00', 0, 1, NULL, 1891, 19, 3, 2, 1, 0);
INSERT INTO `meeting_events` (`id`, `created_at`, `updated_at`, `event_order`, `begin_time`, `is_out_of_race`, `is_autofilled`, `notes`, `meeting_session_id`, `event_type_id`, `heat_type_id`, `user_id`, `has_separate_gender_start_list`, `has_separate_category_start_list`)
  VALUES (9858, '2016-10-26 14:53:54', '2016-10-26 14:53:54', 5, '2000-01-01 00:00:00', 0, 1, NULL, 1891, 12, 3, 2, 1, 0);
INSERT INTO `meeting_events` (`id`, `created_at`, `updated_at`, `event_order`, `begin_time`, `is_out_of_race`, `is_autofilled`, `notes`, `meeting_session_id`, `event_type_id`, `heat_type_id`, `user_id`, `has_separate_gender_start_list`, `has_separate_category_start_list`)
  VALUES (9859, '2016-10-26 14:53:54', '2016-10-26 14:53:54', 12, '2000-01-01 11:02:00', 0, 1, NULL, 1891, 15, 3, 1, 1, 0);
INSERT INTO `meeting_sessions` (`id`, `session_order`, `scheduled_date`, `warm_up_time`, `begin_time`, `notes`, `meeting_id`, `swimming_pool_id`, `user_id`, `created_at`, `updated_at`, `description`, `is_autofilled`, `day_part_type_id`)
  VALUES (1892, 2, '2017-05-07', '2000-01-01 14:00:00', '2000-01-01 14:45:00', '', 16353, 133, 2, '2016-10-26 14:53:54', '2016-10-26 14:53:54', 'FINALI', 1, 2);
INSERT INTO `meeting_events` (`id`, `created_at`, `updated_at`, `event_order`, `begin_time`, `is_out_of_race`, `is_autofilled`, `notes`, `meeting_session_id`, `event_type_id`, `heat_type_id`, `user_id`, `has_separate_gender_start_list`, `has_separate_category_start_list`)
  VALUES (9860, '2016-10-26 14:53:54', '2016-10-26 14:53:54', 6, '2000-01-01 00:00:00', 0, 1, NULL, 1892, 5, 3, 2, 1, 0);
INSERT INTO `meeting_events` (`id`, `created_at`, `updated_at`, `event_order`, `begin_time`, `is_out_of_race`, `is_autofilled`, `notes`, `meeting_session_id`, `event_type_id`, `heat_type_id`, `user_id`, `has_separate_gender_start_list`, `has_separate_category_start_list`)
  VALUES (9861, '2016-10-26 14:53:54', '2016-10-26 14:53:54', 7, '2000-01-01 00:00:00', 0, 1, NULL, 1892, 11, 3, 2, 1, 0);
INSERT INTO `meeting_events` (`id`, `created_at`, `updated_at`, `event_order`, `begin_time`, `is_out_of_race`, `is_autofilled`, `notes`, `meeting_session_id`, `event_type_id`, `heat_type_id`, `user_id`, `has_separate_gender_start_list`, `has_separate_category_start_list`)
  VALUES (9862, '2016-10-26 14:53:54', '2016-10-26 14:53:54', 8, '2000-01-01 00:00:00', 0, 1, NULL, 1892, 20, 3, 2, 1, 0);
INSERT INTO `meeting_events` (`id`, `created_at`, `updated_at`, `event_order`, `begin_time`, `is_out_of_race`, `is_autofilled`, `notes`, `meeting_session_id`, `event_type_id`, `heat_type_id`, `user_id`, `has_separate_gender_start_list`, `has_separate_category_start_list`)
  VALUES (9863, '2016-10-26 14:53:54', '2016-10-26 14:53:54', 10, '2000-01-01 00:00:00', 0, 1, NULL, 1892, 3, 3, 2, 1, 0);
INSERT INTO `meeting_events` (`id`, `created_at`, `updated_at`, `event_order`, `begin_time`, `is_out_of_race`, `is_autofilled`, `notes`, `meeting_session_id`, `event_type_id`, `heat_type_id`, `user_id`, `has_separate_gender_start_list`, `has_separate_category_start_list`)
  VALUES (9864, '2016-10-26 14:53:55', '2016-10-26 14:53:55', 11, '2000-01-01 00:00:00', 0, 1, NULL, 1892, 27, 3, 2, 1, 0);

-- 15354-barracentroester MEETING CENTRO ESTER 2016-05-15
INSERT INTO `meetings` (`id`, `description`, `entry_deadline`, `has_warm_up_pool`, `is_under_25_admitted`, `reference_phone`, `reference_e_mail`, `reference_name`, `notes`, `has_invitation`, `has_start_list`, `are_results_acquired`, `max_individual_events`, `configuration_file`, `edition`, `season_id`, `user_id`, `created_at`, `updated_at`, `is_autofilled`, `header_date`, `code`, `header_year`, `max_individual_events_per_session`, `is_out_of_season`, `edition_type_id`, `timing_type_id`, `individual_score_computation_type_id`, `relay_score_computation_type_id`, `team_score_computation_type_id`, `meeting_score_computation_type_id`, `invitation`, `is_confirmed`)
  VALUES (16354, 'MEETING CENTRO ESTER', '2017-05-09', 0, 1, '', '', '', 'Centro Ester', 0, 0, 0, 2, 'FIN02', 17, 162, 2, '2016-10-26 14:53:55', '2016-10-26 14:53:55', 1, '2017-05-14', 'barracentroester', '2017', 0, 0, 2, 3, 1, 1, 12, 1, NULL, 0);
INSERT INTO `meeting_sessions` (`id`, `session_order`, `scheduled_date`, `warm_up_time`, `begin_time`, `notes`, `meeting_id`, `swimming_pool_id`, `user_id`, `created_at`, `updated_at`, `description`, `is_autofilled`, `day_part_type_id`)
  VALUES (1893, 1, '2017-05-14', '2000-01-01 08:15:00', '2000-01-01 09:00:00', '', 16354, 195, 2, '2016-10-26 14:53:55', '2016-10-26 14:53:55', 'FINALI', 1, 1);
INSERT INTO `meeting_events` (`id`, `created_at`, `updated_at`, `event_order`, `begin_time`, `is_out_of_race`, `is_autofilled`, `notes`, `meeting_session_id`, `event_type_id`, `heat_type_id`, `user_id`, `has_separate_gender_start_list`, `has_separate_category_start_list`)
  VALUES (9865, '2016-10-26 14:53:55', '2016-10-26 14:53:55', 1, '2000-01-01 00:00:00', 0, 1, NULL, 1893, 22, 3, 2, 1, 0);
INSERT INTO `meeting_events` (`id`, `created_at`, `updated_at`, `event_order`, `begin_time`, `is_out_of_race`, `is_autofilled`, `notes`, `meeting_session_id`, `event_type_id`, `heat_type_id`, `user_id`, `has_separate_gender_start_list`, `has_separate_category_start_list`)
  VALUES (9866, '2016-10-26 14:53:55', '2016-10-26 14:53:55', 2, '2000-01-01 00:00:00', 0, 1, NULL, 1893, 15, 3, 2, 1, 0);
INSERT INTO `meeting_events` (`id`, `created_at`, `updated_at`, `event_order`, `begin_time`, `is_out_of_race`, `is_autofilled`, `notes`, `meeting_session_id`, `event_type_id`, `heat_type_id`, `user_id`, `has_separate_gender_start_list`, `has_separate_category_start_list`)
  VALUES (9867, '2016-10-26 14:53:55', '2016-10-26 14:53:55', 3, '2000-01-01 00:00:00', 0, 1, NULL, 1893, 11, 3, 2, 1, 0);
INSERT INTO `meeting_events` (`id`, `created_at`, `updated_at`, `event_order`, `begin_time`, `is_out_of_race`, `is_autofilled`, `notes`, `meeting_session_id`, `event_type_id`, `heat_type_id`, `user_id`, `has_separate_gender_start_list`, `has_separate_category_start_list`)
  VALUES (9868, '2016-10-26 14:53:55', '2016-10-26 14:53:55', 4, '2000-01-01 00:00:00', 0, 1, NULL, 1893, 3, 3, 2, 1, 0);
INSERT INTO `meeting_events` (`id`, `created_at`, `updated_at`, `event_order`, `begin_time`, `is_out_of_race`, `is_autofilled`, `notes`, `meeting_session_id`, `event_type_id`, `heat_type_id`, `user_id`, `has_separate_gender_start_list`, `has_separate_category_start_list`)
  VALUES (9869, '2016-10-26 14:53:55', '2016-10-26 14:53:55', 5, '2000-01-01 00:00:00', 0, 1, NULL, 1893, 19, 3, 2, 1, 0);
INSERT INTO `meeting_events` (`id`, `created_at`, `updated_at`, `event_order`, `begin_time`, `is_out_of_race`, `is_autofilled`, `notes`, `meeting_session_id`, `event_type_id`, `heat_type_id`, `user_id`, `has_separate_gender_start_list`, `has_separate_category_start_list`)
  VALUES (9870, '2016-10-26 14:53:55', '2016-10-26 14:53:55', 6, '2000-01-01 00:00:00', 0, 1, NULL, 1893, 25, 3, 2, 1, 0);
INSERT INTO `meeting_events` (`id`, `created_at`, `updated_at`, `event_order`, `begin_time`, `is_out_of_race`, `is_autofilled`, `notes`, `meeting_session_id`, `event_type_id`, `heat_type_id`, `user_id`, `has_separate_gender_start_list`, `has_separate_category_start_list`)
  VALUES (9871, '2016-10-26 14:53:55', '2016-10-26 14:53:55', 12, '2000-01-01 12:04:00', 0, 1, NULL, 1893, 2, 3, 1, 1, 0);
INSERT INTO `meeting_sessions` (`id`, `session_order`, `scheduled_date`, `warm_up_time`, `begin_time`, `notes`, `meeting_id`, `swimming_pool_id`, `user_id`, `created_at`, `updated_at`, `description`, `is_autofilled`, `day_part_type_id`)
  VALUES (1894, 2, '2017-05-14', '2000-01-01 14:15:00', '2000-01-01 15:00:00', '', 16354, 195, 2, '2016-10-26 14:53:55', '2016-10-26 14:53:55', 'FINALI', 1, 2);
INSERT INTO `meeting_events` (`id`, `created_at`, `updated_at`, `event_order`, `begin_time`, `is_out_of_race`, `is_autofilled`, `notes`, `meeting_session_id`, `event_type_id`, `heat_type_id`, `user_id`, `has_separate_gender_start_list`, `has_separate_category_start_list`)
  VALUES (9872, '2016-10-26 14:53:55', '2016-10-26 14:53:55', 7, '2000-01-01 00:00:00', 0, 1, NULL, 1894, 4, 3, 2, 1, 0);
INSERT INTO `meeting_events` (`id`, `created_at`, `updated_at`, `event_order`, `begin_time`, `is_out_of_race`, `is_autofilled`, `notes`, `meeting_session_id`, `event_type_id`, `heat_type_id`, `user_id`, `has_separate_gender_start_list`, `has_separate_category_start_list`)
  VALUES (9873, '2016-10-26 14:53:55', '2016-10-26 14:53:55', 8, '2000-01-01 00:00:00', 0, 1, NULL, 1894, 16, 3, 2, 1, 0);
INSERT INTO `meeting_events` (`id`, `created_at`, `updated_at`, `event_order`, `begin_time`, `is_out_of_race`, `is_autofilled`, `notes`, `meeting_session_id`, `event_type_id`, `heat_type_id`, `user_id`, `has_separate_gender_start_list`, `has_separate_category_start_list`)
  VALUES (9874, '2016-10-26 14:53:55', '2016-10-26 14:53:55', 9, '2000-01-01 00:00:00', 0, 1, NULL, 1894, 20, 3, 2, 1, 0);
INSERT INTO `meeting_events` (`id`, `created_at`, `updated_at`, `event_order`, `begin_time`, `is_out_of_race`, `is_autofilled`, `notes`, `meeting_session_id`, `event_type_id`, `heat_type_id`, `user_id`, `has_separate_gender_start_list`, `has_separate_category_start_list`)
  VALUES (9875, '2016-10-26 14:53:55', '2016-10-26 14:53:55', 11, '2000-01-01 00:00:00', 0, 1, NULL, 1894, 26, 3, 3, 1, 0);

-- 15355-pesarodirossini TROFEO CITTA' DI ROSSINI 2016-05-21
INSERT INTO `meetings` (`id`, `description`, `entry_deadline`, `has_warm_up_pool`, `is_under_25_admitted`, `reference_phone`, `reference_e_mail`, `reference_name`, `notes`, `has_invitation`, `has_start_list`, `are_results_acquired`, `max_individual_events`, `configuration_file`, `edition`, `season_id`, `user_id`, `created_at`, `updated_at`, `is_autofilled`, `header_date`, `code`, `header_year`, `max_individual_events_per_session`, `is_out_of_season`, `edition_type_id`, `timing_type_id`, `individual_score_computation_type_id`, `relay_score_computation_type_id`, `team_score_computation_type_id`, `meeting_score_computation_type_id`, `invitation`, `is_confirmed`)
  VALUES (16355, 'TROFEO CITTA'' DI ROSSINI', '2017-05-13', 0, 1, '3384607290', 'info@sportvillagepesaro.it', 'Chiara', 'Sport Village Pesaro', 0, 0, 0, 2, 'FIN02', 17, 162, 2, '2016-10-26 14:53:55', '2016-10-26 14:53:55', 1, '2017-05-20', 'pesarodirossini', '2017', 0, 0, 2, 3, 1, 1, 12, 1, NULL, 0);
INSERT INTO `meeting_sessions` (`id`, `session_order`, `scheduled_date`, `warm_up_time`, `begin_time`, `notes`, `meeting_id`, `swimming_pool_id`, `user_id`, `created_at`, `updated_at`, `description`, `is_autofilled`, `day_part_type_id`)
  VALUES (1895, 1, '2017-05-20', '2000-01-01 14:00:00', '2000-01-01 15:00:00', '', 16355, 196, 2, '2016-10-26 14:53:55', '2016-10-26 14:53:55', 'FINALI', 1, 2);
INSERT INTO `meeting_events` (`id`, `created_at`, `updated_at`, `event_order`, `begin_time`, `is_out_of_race`, `is_autofilled`, `notes`, `meeting_session_id`, `event_type_id`, `heat_type_id`, `user_id`, `has_separate_gender_start_list`, `has_separate_category_start_list`)
  VALUES (9876, '2016-10-26 14:53:55', '2016-10-26 14:53:55', 1, '2000-01-01 00:00:00', 0, 1, NULL, 1895, 2, 3, 2, 1, 0);
INSERT INTO `meeting_events` (`id`, `created_at`, `updated_at`, `event_order`, `begin_time`, `is_out_of_race`, `is_autofilled`, `notes`, `meeting_session_id`, `event_type_id`, `heat_type_id`, `user_id`, `has_separate_gender_start_list`, `has_separate_category_start_list`)
  VALUES (9877, '2016-10-26 14:53:55', '2016-10-26 14:53:55', 2, '2000-01-01 00:00:00', 0, 1, NULL, 1895, 12, 3, 2, 1, 0);
INSERT INTO `meeting_events` (`id`, `created_at`, `updated_at`, `event_order`, `begin_time`, `is_out_of_race`, `is_autofilled`, `notes`, `meeting_session_id`, `event_type_id`, `heat_type_id`, `user_id`, `has_separate_gender_start_list`, `has_separate_category_start_list`)
  VALUES (9878, '2016-10-26 14:53:55', '2016-10-26 14:53:55', 3, '2000-01-01 00:00:00', 0, 1, NULL, 1895, 15, 3, 2, 1, 0);
INSERT INTO `meeting_events` (`id`, `created_at`, `updated_at`, `event_order`, `begin_time`, `is_out_of_race`, `is_autofilled`, `notes`, `meeting_session_id`, `event_type_id`, `heat_type_id`, `user_id`, `has_separate_gender_start_list`, `has_separate_category_start_list`)
  VALUES (9879, '2016-10-26 14:53:55', '2016-10-26 14:53:55', 4, '2000-01-01 00:00:00', 0, 1, NULL, 1895, 20, 3, 2, 1, 0);
INSERT INTO `meeting_events` (`id`, `created_at`, `updated_at`, `event_order`, `begin_time`, `is_out_of_race`, `is_autofilled`, `notes`, `meeting_session_id`, `event_type_id`, `heat_type_id`, `user_id`, `has_separate_gender_start_list`, `has_separate_category_start_list`)
  VALUES (9880, '2016-10-26 14:53:55', '2016-10-26 14:53:55', 5, '2000-01-01 00:00:00', 0, 1, NULL, 1895, 23, 3, 2, 1, 0);
INSERT INTO `meeting_events` (`id`, `created_at`, `updated_at`, `event_order`, `begin_time`, `is_out_of_race`, `is_autofilled`, `notes`, `meeting_session_id`, `event_type_id`, `heat_type_id`, `user_id`, `has_separate_gender_start_list`, `has_separate_category_start_list`)
  VALUES (9881, '2016-10-26 14:53:55', '2016-10-26 14:53:55', 6, '2000-01-01 00:00:00', 0, 1, NULL, 1895, 26, 3, 2, 1, 0);
INSERT INTO `meeting_sessions` (`id`, `session_order`, `scheduled_date`, `warm_up_time`, `begin_time`, `notes`, `meeting_id`, `swimming_pool_id`, `user_id`, `created_at`, `updated_at`, `description`, `is_autofilled`, `day_part_type_id`)
  VALUES (1896, 2, '2017-05-21', '2000-01-01 08:00:00', '2000-01-01 09:00:00', '', 16355, 196, 2, '2016-10-26 14:53:55', '2016-10-26 14:53:55', 'FINALI', 1, 1);
INSERT INTO `meeting_events` (`id`, `created_at`, `updated_at`, `event_order`, `begin_time`, `is_out_of_race`, `is_autofilled`, `notes`, `meeting_session_id`, `event_type_id`, `heat_type_id`, `user_id`, `has_separate_gender_start_list`, `has_separate_category_start_list`)
  VALUES (9882, '2016-10-26 14:53:55', '2016-10-26 14:53:55', 7, '2000-01-01 00:00:00', 0, 1, NULL, 1896, 3, 3, 2, 1, 0);
INSERT INTO `meeting_events` (`id`, `created_at`, `updated_at`, `event_order`, `begin_time`, `is_out_of_race`, `is_autofilled`, `notes`, `meeting_session_id`, `event_type_id`, `heat_type_id`, `user_id`, `has_separate_gender_start_list`, `has_separate_category_start_list`)
  VALUES (9883, '2016-10-26 14:53:55', '2016-10-26 14:53:55', 8, '2000-01-01 00:00:00', 0, 1, NULL, 1896, 11, 3, 2, 1, 0);
INSERT INTO `meeting_events` (`id`, `created_at`, `updated_at`, `event_order`, `begin_time`, `is_out_of_race`, `is_autofilled`, `notes`, `meeting_session_id`, `event_type_id`, `heat_type_id`, `user_id`, `has_separate_gender_start_list`, `has_separate_category_start_list`)
  VALUES (9884, '2016-10-26 14:53:55', '2016-10-26 14:53:55', 9, '2000-01-01 00:00:00', 0, 1, NULL, 1896, 16, 3, 2, 1, 0);
INSERT INTO `meeting_events` (`id`, `created_at`, `updated_at`, `event_order`, `begin_time`, `is_out_of_race`, `is_autofilled`, `notes`, `meeting_session_id`, `event_type_id`, `heat_type_id`, `user_id`, `has_separate_gender_start_list`, `has_separate_category_start_list`)
  VALUES (9885, '2016-10-26 14:53:55', '2016-10-26 14:53:55', 10, '2000-01-01 00:00:00', 0, 1, NULL, 1896, 19, 3, 2, 1, 0);
INSERT INTO `meeting_events` (`id`, `created_at`, `updated_at`, `event_order`, `begin_time`, `is_out_of_race`, `is_autofilled`, `notes`, `meeting_session_id`, `event_type_id`, `heat_type_id`, `user_id`, `has_separate_gender_start_list`, `has_separate_category_start_list`)
  VALUES (9886, '2016-10-26 14:53:55', '2016-10-26 14:53:55', 11, '2000-01-01 00:00:00', 0, 1, NULL, 1896, 4, 3, 2, 1, 0);
INSERT INTO `meeting_events` (`id`, `created_at`, `updated_at`, `event_order`, `begin_time`, `is_out_of_race`, `is_autofilled`, `notes`, `meeting_session_id`, `event_type_id`, `heat_type_id`, `user_id`, `has_separate_gender_start_list`, `has_separate_category_start_list`)
  VALUES (9887, '2016-10-26 14:53:55', '2016-10-26 14:53:55', 12, '2000-01-01 00:00:00', 0, 1, NULL, 1896, 25, 3, 2, 1, 0);

-- 15356-chiavarisprint TROFEO SPRINT DI CHIAVARI 2015-12-20
INSERT INTO `meetings` (`id`, `description`, `entry_deadline`, `has_warm_up_pool`, `is_under_25_admitted`, `reference_phone`, `reference_e_mail`, `reference_name`, `notes`, `has_invitation`, `has_start_list`, `are_results_acquired`, `max_individual_events`, `configuration_file`, `edition`, `season_id`, `user_id`, `created_at`, `updated_at`, `is_autofilled`, `header_date`, `code`, `header_year`, `max_individual_events_per_session`, `is_out_of_season`, `edition_type_id`, `timing_type_id`, `individual_score_computation_type_id`, `relay_score_computation_type_id`, `team_score_computation_type_id`, `meeting_score_computation_type_id`, `invitation`, `is_confirmed`)
  VALUES (16356, 'TROFEO SPRINT DI CHIAVARI', '2016-12-12', 1, 1, '3291480767', '', 'Valentina', '', 0, 0, 0, 2, 'FIN02', 17, 162, 2, '2016-10-26 14:53:55', '2016-10-26 14:53:55', 1, '2016-12-18', 'chiavarisprint', '2017', 0, 0, 2, 3, 1, 1, 12, 1, NULL, 0);
INSERT INTO `meeting_sessions` (`id`, `session_order`, `scheduled_date`, `warm_up_time`, `begin_time`, `notes`, `meeting_id`, `swimming_pool_id`, `user_id`, `created_at`, `updated_at`, `description`, `is_autofilled`, `day_part_type_id`)
  VALUES (1897, 1, '2016-12-18', '2000-01-01 09:00:00', '2000-01-01 10:00:00', '', 16356, 197, 2, '2016-10-26 14:53:55', '2016-10-26 14:53:55', 'FINALI', 1, 1);
INSERT INTO `meeting_events` (`id`, `created_at`, `updated_at`, `event_order`, `begin_time`, `is_out_of_race`, `is_autofilled`, `notes`, `meeting_session_id`, `event_type_id`, `heat_type_id`, `user_id`, `has_separate_gender_start_list`, `has_separate_category_start_list`)
  VALUES (9888, '2016-10-26 14:53:55', '2016-10-26 14:53:55', 2, '2000-01-01 00:00:00', 0, 1, NULL, 1897, 15, 3, 2, 1, 0);
INSERT INTO `meeting_events` (`id`, `created_at`, `updated_at`, `event_order`, `begin_time`, `is_out_of_race`, `is_autofilled`, `notes`, `meeting_session_id`, `event_type_id`, `heat_type_id`, `user_id`, `has_separate_gender_start_list`, `has_separate_category_start_list`)
  VALUES (9889, '2016-10-26 14:53:55', '2016-10-26 14:53:55', 3, '2000-01-01 00:00:00', 0, 1, NULL, 1897, 11, 3, 2, 1, 0);
INSERT INTO `meeting_events` (`id`, `created_at`, `updated_at`, `event_order`, `begin_time`, `is_out_of_race`, `is_autofilled`, `notes`, `meeting_session_id`, `event_type_id`, `heat_type_id`, `user_id`, `has_separate_gender_start_list`, `has_separate_category_start_list`)
  VALUES (9890, '2016-10-26 14:53:55', '2016-10-26 14:53:55', 4, '2000-01-01 00:00:00', 0, 1, NULL, 1897, 19, 3, 2, 1, 0);
INSERT INTO `meeting_events` (`id`, `created_at`, `updated_at`, `event_order`, `begin_time`, `is_out_of_race`, `is_autofilled`, `notes`, `meeting_session_id`, `event_type_id`, `heat_type_id`, `user_id`, `has_separate_gender_start_list`, `has_separate_category_start_list`)
  VALUES (9891, '2016-10-26 14:53:55', '2016-10-26 14:53:55', 5, '2000-01-01 00:00:00', 0, 1, NULL, 1897, 2, 3, 2, 1, 0);
INSERT INTO `meeting_events` (`id`, `created_at`, `updated_at`, `event_order`, `begin_time`, `is_out_of_race`, `is_autofilled`, `notes`, `meeting_session_id`, `event_type_id`, `heat_type_id`, `user_id`, `has_separate_gender_start_list`, `has_separate_category_start_list`)
  VALUES (9892, '2016-10-26 14:53:55', '2016-10-26 14:53:55', 6, '2000-01-01 00:00:00', 0, 1, NULL, 1897, 22, 3, 2, 1, 0);
INSERT INTO `meeting_events` (`id`, `created_at`, `updated_at`, `event_order`, `begin_time`, `is_out_of_race`, `is_autofilled`, `notes`, `meeting_session_id`, `event_type_id`, `heat_type_id`, `user_id`, `has_separate_gender_start_list`, `has_separate_category_start_list`)
  VALUES (9893, '2016-10-26 14:53:55', '2016-10-26 14:53:55', 1, '2000-01-01 00:00:00', 0, 1, NULL, 1897, 33, 3, 2, 1, 0);
INSERT INTO `meeting_sessions` (`id`, `session_order`, `scheduled_date`, `warm_up_time`, `begin_time`, `notes`, `meeting_id`, `swimming_pool_id`, `user_id`, `created_at`, `updated_at`, `description`, `is_autofilled`, `day_part_type_id`)
  VALUES (1898, 2, '2016-12-18', NULL, NULL, '', 16356, 197, 2, '2016-10-26 14:53:55', '2016-10-26 14:53:55', 'FINALI', 1, 2);
INSERT INTO `meeting_events` (`id`, `created_at`, `updated_at`, `event_order`, `begin_time`, `is_out_of_race`, `is_autofilled`, `notes`, `meeting_session_id`, `event_type_id`, `heat_type_id`, `user_id`, `has_separate_gender_start_list`, `has_separate_category_start_list`)
  VALUES (9894, '2016-10-26 14:53:55', '2016-10-26 14:53:55', 7, '2000-01-01 00:00:00', 0, 1, NULL, 1898, 12, 3, 2, 1, 0);
INSERT INTO `meeting_events` (`id`, `created_at`, `updated_at`, `event_order`, `begin_time`, `is_out_of_race`, `is_autofilled`, `notes`, `meeting_session_id`, `event_type_id`, `heat_type_id`, `user_id`, `has_separate_gender_start_list`, `has_separate_category_start_list`)
  VALUES (9895, '2016-10-26 14:53:55', '2016-10-26 14:53:55', 8, '2000-01-01 00:00:00', 0, 1, NULL, 1898, 16, 3, 2, 1, 0);
INSERT INTO `meeting_events` (`id`, `created_at`, `updated_at`, `event_order`, `begin_time`, `is_out_of_race`, `is_autofilled`, `notes`, `meeting_session_id`, `event_type_id`, `heat_type_id`, `user_id`, `has_separate_gender_start_list`, `has_separate_category_start_list`)
  VALUES (9896, '2016-10-26 14:53:55', '2016-10-26 14:53:55', 9, '2000-01-01 00:00:00', 0, 1, NULL, 1898, 20, 3, 2, 1, 0);
INSERT INTO `meeting_events` (`id`, `created_at`, `updated_at`, `event_order`, `begin_time`, `is_out_of_race`, `is_autofilled`, `notes`, `meeting_session_id`, `event_type_id`, `heat_type_id`, `user_id`, `has_separate_gender_start_list`, `has_separate_category_start_list`)
  VALUES (9897, '2016-10-26 14:53:55', '2016-10-26 14:53:55', 10, '2000-01-01 00:00:00', 0, 1, NULL, 1898, 3, 3, 2, 1, 0);
INSERT INTO `meeting_events` (`id`, `created_at`, `updated_at`, `event_order`, `begin_time`, `is_out_of_race`, `is_autofilled`, `notes`, `meeting_session_id`, `event_type_id`, `heat_type_id`, `user_id`, `has_separate_gender_start_list`, `has_separate_category_start_list`)
  VALUES (9898, '2016-10-26 14:53:55', '2016-10-26 14:53:55', 11, '2000-01-01 00:00:00', 0, 1, NULL, 1898, 26, 3, 2, 1, 0);

-- 15357-bariestivo TROFEO ESTIVO 2016-06-04
INSERT INTO `meetings` (`id`, `description`, `entry_deadline`, `has_warm_up_pool`, `is_under_25_admitted`, `reference_phone`, `reference_e_mail`, `reference_name`, `notes`, `has_invitation`, `has_start_list`, `are_results_acquired`, `max_individual_events`, `configuration_file`, `edition`, `season_id`, `user_id`, `created_at`, `updated_at`, `is_autofilled`, `header_date`, `code`, `header_year`, `max_individual_events_per_session`, `is_out_of_season`, `edition_type_id`, `timing_type_id`, `individual_score_computation_type_id`, `relay_score_computation_type_id`, `team_score_computation_type_id`, `meeting_score_computation_type_id`, `invitation`, `is_confirmed`)
  VALUES (16357, 'TROFEO ESTIVO', '2017-05-26', 0, 1, '3477479173', '', 'Domenico Caputo', 'CR Puglia', 0, 0, 0, 2, 'FIN02', 17, 162, 2, '2016-10-26 14:53:55', '2016-10-26 14:53:55', 1, '2017-06-03', 'bariestivo', '2017', 0, 0, 2, 3, 1, 1, 12, 1, NULL, 0);
INSERT INTO `meeting_sessions` (`id`, `session_order`, `scheduled_date`, `warm_up_time`, `begin_time`, `notes`, `meeting_id`, `swimming_pool_id`, `user_id`, `created_at`, `updated_at`, `description`, `is_autofilled`, `day_part_type_id`)
  VALUES (1899, 1, '2017-06-03', '2000-01-01 08:00:00', '2000-01-01 08:45:00', '', 16357, 102, 2, '2016-10-26 14:53:55', '2016-10-26 14:53:55', 'FINALI', 1, 1);
INSERT INTO `meeting_events` (`id`, `created_at`, `updated_at`, `event_order`, `begin_time`, `is_out_of_race`, `is_autofilled`, `notes`, `meeting_session_id`, `event_type_id`, `heat_type_id`, `user_id`, `has_separate_gender_start_list`, `has_separate_category_start_list`)
  VALUES (9899, '2016-10-26 14:53:55', '2016-10-26 14:53:55', 1, '2000-01-01 00:00:00', 0, 1, NULL, 1899, 20, 3, 2, 1, 0);
INSERT INTO `meeting_events` (`id`, `created_at`, `updated_at`, `event_order`, `begin_time`, `is_out_of_race`, `is_autofilled`, `notes`, `meeting_session_id`, `event_type_id`, `heat_type_id`, `user_id`, `has_separate_gender_start_list`, `has_separate_category_start_list`)
  VALUES (9900, '2016-10-26 14:53:55', '2016-10-26 14:53:55', 2, '2000-01-01 00:00:00', 0, 1, NULL, 1899, 16, 3, 2, 1, 0);
INSERT INTO `meeting_events` (`id`, `created_at`, `updated_at`, `event_order`, `begin_time`, `is_out_of_race`, `is_autofilled`, `notes`, `meeting_session_id`, `event_type_id`, `heat_type_id`, `user_id`, `has_separate_gender_start_list`, `has_separate_category_start_list`)
  VALUES (9901, '2016-10-26 14:53:55', '2016-10-26 14:53:55', 3, '2000-01-01 00:00:00', 0, 1, NULL, 1899, 3, 3, 2, 1, 0);
INSERT INTO `meeting_events` (`id`, `created_at`, `updated_at`, `event_order`, `begin_time`, `is_out_of_race`, `is_autofilled`, `notes`, `meeting_session_id`, `event_type_id`, `heat_type_id`, `user_id`, `has_separate_gender_start_list`, `has_separate_category_start_list`)
  VALUES (9902, '2016-10-26 14:53:55', '2016-10-26 14:53:55', 4, '2000-01-01 00:00:00', 0, 1, NULL, 1899, 12, 3, 2, 1, 0);
INSERT INTO `meeting_events` (`id`, `created_at`, `updated_at`, `event_order`, `begin_time`, `is_out_of_race`, `is_autofilled`, `notes`, `meeting_session_id`, `event_type_id`, `heat_type_id`, `user_id`, `has_separate_gender_start_list`, `has_separate_category_start_list`)
  VALUES (9903, '2016-10-26 14:53:55', '2016-10-26 14:53:55', 5, '2000-01-01 00:00:00', 0, 1, NULL, 1899, 19, 3, 2, 1, 0);
INSERT INTO `meeting_events` (`id`, `created_at`, `updated_at`, `event_order`, `begin_time`, `is_out_of_race`, `is_autofilled`, `notes`, `meeting_session_id`, `event_type_id`, `heat_type_id`, `user_id`, `has_separate_gender_start_list`, `has_separate_category_start_list`)
  VALUES (9904, '2016-10-26 14:53:55', '2016-10-26 14:53:55', 6, '2000-01-01 00:00:00', 0, 1, NULL, 1899, 33, 3, 2, 1, 0);
INSERT INTO `meeting_sessions` (`id`, `session_order`, `scheduled_date`, `warm_up_time`, `begin_time`, `notes`, `meeting_id`, `swimming_pool_id`, `user_id`, `created_at`, `updated_at`, `description`, `is_autofilled`, `day_part_type_id`)
  VALUES (1900, 2, '2017-06-04', '2000-01-01 08:00:00', '2000-01-01 08:45:00', '', 16357, 102, 2, '2016-10-26 14:53:55', '2016-10-26 14:53:55', 'FINALI', 1, 1);
INSERT INTO `meeting_events` (`id`, `created_at`, `updated_at`, `event_order`, `begin_time`, `is_out_of_race`, `is_autofilled`, `notes`, `meeting_session_id`, `event_type_id`, `heat_type_id`, `user_id`, `has_separate_gender_start_list`, `has_separate_category_start_list`)
  VALUES (9905, '2016-10-26 14:53:55', '2016-10-26 14:53:55', 7, '2000-01-01 00:00:00', 0, 1, NULL, 1900, 23, 3, 2, 1, 0);
INSERT INTO `meeting_events` (`id`, `created_at`, `updated_at`, `event_order`, `begin_time`, `is_out_of_race`, `is_autofilled`, `notes`, `meeting_session_id`, `event_type_id`, `heat_type_id`, `user_id`, `has_separate_gender_start_list`, `has_separate_category_start_list`)
  VALUES (9906, '2016-10-26 14:53:55', '2016-10-26 14:53:55', 8, '2000-01-01 00:00:00', 0, 1, NULL, 1900, 4, 3, 2, 1, 0);
INSERT INTO `meeting_events` (`id`, `created_at`, `updated_at`, `event_order`, `begin_time`, `is_out_of_race`, `is_autofilled`, `notes`, `meeting_session_id`, `event_type_id`, `heat_type_id`, `user_id`, `has_separate_gender_start_list`, `has_separate_category_start_list`)
  VALUES (9907, '2016-10-26 14:53:55', '2016-10-26 14:53:55', 9, '2000-01-01 00:00:00', 0, 1, NULL, 1900, 11, 3, 2, 1, 0);
INSERT INTO `meeting_events` (`id`, `created_at`, `updated_at`, `event_order`, `begin_time`, `is_out_of_race`, `is_autofilled`, `notes`, `meeting_session_id`, `event_type_id`, `heat_type_id`, `user_id`, `has_separate_gender_start_list`, `has_separate_category_start_list`)
  VALUES (9908, '2016-10-26 14:53:55', '2016-10-26 14:53:55', 10, '2000-01-01 00:00:00', 0, 1, NULL, 1900, 15, 3, 2, 1, 0);
INSERT INTO `meeting_events` (`id`, `created_at`, `updated_at`, `event_order`, `begin_time`, `is_out_of_race`, `is_autofilled`, `notes`, `meeting_session_id`, `event_type_id`, `heat_type_id`, `user_id`, `has_separate_gender_start_list`, `has_separate_category_start_list`)
  VALUES (9909, '2016-10-26 14:53:55', '2016-10-26 14:53:55', 11, '2000-01-01 00:00:00', 0, 1, NULL, 1900, 13, 3, 2, 1, 0);
INSERT INTO `meeting_events` (`id`, `created_at`, `updated_at`, `event_order`, `begin_time`, `is_out_of_race`, `is_autofilled`, `notes`, `meeting_session_id`, `event_type_id`, `heat_type_id`, `user_id`, `has_separate_gender_start_list`, `has_separate_category_start_list`)
  VALUES (9910, '2016-10-26 14:53:55', '2016-10-26 14:53:55', 12, '2000-01-01 00:00:00', 0, 1, NULL, 1900, 17, 3, 2, 1, 0);
INSERT INTO `meeting_events` (`id`, `created_at`, `updated_at`, `event_order`, `begin_time`, `is_out_of_race`, `is_autofilled`, `notes`, `meeting_session_id`, `event_type_id`, `heat_type_id`, `user_id`, `has_separate_gender_start_list`, `has_separate_category_start_list`)
  VALUES (9911, '2016-10-26 14:53:55', '2016-10-26 14:53:55', 13, '2000-01-01 00:00:00', 0, 1, NULL, 1900, 32, 3, 2, 1, 0);
INSERT INTO `meeting_sessions` (`id`, `session_order`, `scheduled_date`, `warm_up_time`, `begin_time`, `notes`, `meeting_id`, `swimming_pool_id`, `user_id`, `created_at`, `updated_at`, `description`, `is_autofilled`, `day_part_type_id`)
  VALUES (1901, 3, '2017-06-04', '2000-01-01 14:30:00', '2000-01-01 15:15:00', '', 16357, 102, 2, '2016-10-26 14:53:55', '2016-10-26 14:53:55', 'FINALI', 1, 2);
INSERT INTO `meeting_events` (`id`, `created_at`, `updated_at`, `event_order`, `begin_time`, `is_out_of_race`, `is_autofilled`, `notes`, `meeting_session_id`, `event_type_id`, `heat_type_id`, `user_id`, `has_separate_gender_start_list`, `has_separate_category_start_list`)
  VALUES (9912, '2016-10-26 14:53:55', '2016-10-26 14:53:55', 14, '2000-01-01 00:00:00', 0, 1, NULL, 1901, 21, 3, 2, 1, 0);
INSERT INTO `meeting_events` (`id`, `created_at`, `updated_at`, `event_order`, `begin_time`, `is_out_of_race`, `is_autofilled`, `notes`, `meeting_session_id`, `event_type_id`, `heat_type_id`, `user_id`, `has_separate_gender_start_list`, `has_separate_category_start_list`)
  VALUES (9913, '2016-10-26 14:53:55', '2016-10-26 14:53:55', 15, '2000-01-01 00:00:00', 0, 1, NULL, 1901, 2, 3, 2, 1, 0);
INSERT INTO `meeting_events` (`id`, `created_at`, `updated_at`, `event_order`, `begin_time`, `is_out_of_race`, `is_autofilled`, `notes`, `meeting_session_id`, `event_type_id`, `heat_type_id`, `user_id`, `has_separate_gender_start_list`, `has_separate_category_start_list`)
  VALUES (9914, '2016-10-26 14:53:55', '2016-10-26 14:53:55', 16, '2000-01-01 00:00:00', 0, 1, NULL, 1901, 25, 3, 2, 1, 0);



-- 162-Circuito italiano supermaster FIN 2016/2017 duplication done
-- Script ended
