-- *** SQL Diff file for ris20110528canosadipugliasottolestelle.txt ***
-- Timestamp: 201702110912
INSERT INTO `meeting_events` (`id`, `created_at`, `updated_at`, `event_order`, `begin_time`, `is_out_of_race`, `is_autofilled`, `notes`, `meeting_session_id`, `event_type_id`, `heat_type_id`, `user_id`, `has_separate_gender_start_list`, `has_separate_category_start_list`)
  VALUES (12139, '2017-02-11 08:13:54', '2017-02-11 08:13:54', 1, '2000-01-01 08:02:00', 0, 1, NULL, 2281, 22, 3, 1, 1, 0);

INSERT INTO `meeting_programs` (`id`, `event_order`, `category_type_id`, `gender_type_id`, `user_id`, `created_at`, `updated_at`, `is_autofilled`, `is_out_of_race`, `begin_time`, `meeting_event_id`, `pool_type_id`, `time_standard_id`)
  VALUES (97226, 1, 502, 2, 1, '2017-02-11 08:13:54', '2017-02-11 08:13:54', 1, 0, '2000-01-01 08:02:00', 12139, 1, 9533);

INSERT INTO `meeting_programs` (`id`, `event_order`, `category_type_id`, `gender_type_id`, `user_id`, `created_at`, `updated_at`, `is_autofilled`, `is_out_of_race`, `begin_time`, `meeting_event_id`, `pool_type_id`, `time_standard_id`)
  VALUES (97227, 2, 503, 2, 1, '2017-02-11 08:13:54', '2017-02-11 08:13:54', 1, 0, '2000-01-01 08:04:00', 12139, 1, 9534);

INSERT INTO `meeting_programs` (`id`, `event_order`, `category_type_id`, `gender_type_id`, `user_id`, `created_at`, `updated_at`, `is_autofilled`, `is_out_of_race`, `begin_time`, `meeting_event_id`, `pool_type_id`, `time_standard_id`)
  VALUES (97228, 3, 505, 2, 1, '2017-02-11 08:13:54', '2017-02-11 08:13:54', 1, 0, '2000-01-01 08:06:00', 12139, 1, 9535);

INSERT INTO `meeting_programs` (`id`, `event_order`, `category_type_id`, `gender_type_id`, `user_id`, `created_at`, `updated_at`, `is_autofilled`, `is_out_of_race`, `begin_time`, `meeting_event_id`, `pool_type_id`, `time_standard_id`)
  VALUES (97229, 4, 501, 2, 1, '2017-02-11 08:13:54', '2017-02-11 08:13:54', 1, 0, '2000-01-01 08:08:00', 12139, 1, NULL);

INSERT INTO `meeting_programs` (`id`, `event_order`, `category_type_id`, `gender_type_id`, `user_id`, `created_at`, `updated_at`, `is_autofilled`, `is_out_of_race`, `begin_time`, `meeting_event_id`, `pool_type_id`, `time_standard_id`)
  VALUES (97230, 5, 502, 1, 1, '2017-02-11 08:13:54', '2017-02-11 08:13:54', 1, 0, '2000-01-01 08:10:00', 12139, 1, 9536);

INSERT INTO `meeting_programs` (`id`, `event_order`, `category_type_id`, `gender_type_id`, `user_id`, `created_at`, `updated_at`, `is_autofilled`, `is_out_of_race`, `begin_time`, `meeting_event_id`, `pool_type_id`, `time_standard_id`)
  VALUES (97231, 6, 503, 1, 1, '2017-02-11 08:13:54', '2017-02-11 08:13:54', 1, 0, '2000-01-01 08:12:00', 12139, 1, 9537);

INSERT INTO `meeting_programs` (`id`, `event_order`, `category_type_id`, `gender_type_id`, `user_id`, `created_at`, `updated_at`, `is_autofilled`, `is_out_of_race`, `begin_time`, `meeting_event_id`, `pool_type_id`, `time_standard_id`)
  VALUES (97232, 7, 504, 1, 1, '2017-02-11 08:13:54', '2017-02-11 08:13:54', 1, 0, '2000-01-01 08:14:00', 12139, 1, 9538);

INSERT INTO `meeting_programs` (`id`, `event_order`, `category_type_id`, `gender_type_id`, `user_id`, `created_at`, `updated_at`, `is_autofilled`, `is_out_of_race`, `begin_time`, `meeting_event_id`, `pool_type_id`, `time_standard_id`)
  VALUES (97233, 8, 505, 1, 1, '2017-02-11 08:13:54', '2017-02-11 08:13:54', 1, 0, '2000-01-01 08:16:00', 12139, 1, 9539);

INSERT INTO `meeting_programs` (`id`, `event_order`, `category_type_id`, `gender_type_id`, `user_id`, `created_at`, `updated_at`, `is_autofilled`, `is_out_of_race`, `begin_time`, `meeting_event_id`, `pool_type_id`, `time_standard_id`)
  VALUES (97234, 9, 506, 1, 1, '2017-02-11 08:13:54', '2017-02-11 08:13:54', 1, 0, '2000-01-01 08:18:00', 12139, 1, 9540);

INSERT INTO `meeting_programs` (`id`, `event_order`, `category_type_id`, `gender_type_id`, `user_id`, `created_at`, `updated_at`, `is_autofilled`, `is_out_of_race`, `begin_time`, `meeting_event_id`, `pool_type_id`, `time_standard_id`)
  VALUES (97235, 10, 507, 1, 1, '2017-02-11 08:13:54', '2017-02-11 08:13:54', 1, 0, '2000-01-01 08:20:00', 12139, 1, 9541);

INSERT INTO `meeting_programs` (`id`, `event_order`, `category_type_id`, `gender_type_id`, `user_id`, `created_at`, `updated_at`, `is_autofilled`, `is_out_of_race`, `begin_time`, `meeting_event_id`, `pool_type_id`, `time_standard_id`)
  VALUES (97236, 11, 508, 1, 1, '2017-02-11 08:13:54', '2017-02-11 08:13:54', 1, 0, '2000-01-01 08:22:00', 12139, 1, 9542);

INSERT INTO `meeting_programs` (`id`, `event_order`, `category_type_id`, `gender_type_id`, `user_id`, `created_at`, `updated_at`, `is_autofilled`, `is_out_of_race`, `begin_time`, `meeting_event_id`, `pool_type_id`, `time_standard_id`)
  VALUES (97237, 12, 501, 1, 1, '2017-02-11 08:13:54', '2017-02-11 08:13:54', 1, 0, '2000-01-01 08:24:00', 12139, 1, NULL);

INSERT INTO `meeting_events` (`id`, `created_at`, `updated_at`, `event_order`, `begin_time`, `is_out_of_race`, `is_autofilled`, `notes`, `meeting_session_id`, `event_type_id`, `heat_type_id`, `user_id`, `has_separate_gender_start_list`, `has_separate_category_start_list`)
  VALUES (12140, '2017-02-11 08:13:54', '2017-02-11 08:13:54', 2, '2000-01-01 08:26:00', 0, 1, NULL, 2281, 3, 3, 1, 1, 0);

INSERT INTO `meeting_programs` (`id`, `event_order`, `category_type_id`, `gender_type_id`, `user_id`, `created_at`, `updated_at`, `is_autofilled`, `is_out_of_race`, `begin_time`, `meeting_event_id`, `pool_type_id`, `time_standard_id`)
  VALUES (97238, 13, 502, 2, 1, '2017-02-11 08:13:54', '2017-02-11 08:13:54', 1, 0, '2000-01-01 08:26:00', 12140, 1, 9425);

INSERT INTO `meeting_programs` (`id`, `event_order`, `category_type_id`, `gender_type_id`, `user_id`, `created_at`, `updated_at`, `is_autofilled`, `is_out_of_race`, `begin_time`, `meeting_event_id`, `pool_type_id`, `time_standard_id`)
  VALUES (97239, 14, 503, 2, 1, '2017-02-11 08:13:55', '2017-02-11 08:13:55', 1, 0, '2000-01-01 08:28:00', 12140, 1, 9426);

INSERT INTO `meeting_programs` (`id`, `event_order`, `category_type_id`, `gender_type_id`, `user_id`, `created_at`, `updated_at`, `is_autofilled`, `is_out_of_race`, `begin_time`, `meeting_event_id`, `pool_type_id`, `time_standard_id`)
  VALUES (97240, 15, 504, 2, 1, '2017-02-11 08:13:55', '2017-02-11 08:13:55', 1, 0, '2000-01-01 08:30:00', 12140, 1, 9427);

INSERT INTO `meeting_programs` (`id`, `event_order`, `category_type_id`, `gender_type_id`, `user_id`, `created_at`, `updated_at`, `is_autofilled`, `is_out_of_race`, `begin_time`, `meeting_event_id`, `pool_type_id`, `time_standard_id`)
  VALUES (97241, 16, 502, 1, 1, '2017-02-11 08:13:55', '2017-02-11 08:13:55', 1, 0, '2000-01-01 08:32:00', 12140, 1, 9432);

INSERT INTO `meeting_programs` (`id`, `event_order`, `category_type_id`, `gender_type_id`, `user_id`, `created_at`, `updated_at`, `is_autofilled`, `is_out_of_race`, `begin_time`, `meeting_event_id`, `pool_type_id`, `time_standard_id`)
  VALUES (97242, 17, 503, 1, 1, '2017-02-11 08:13:55', '2017-02-11 08:13:55', 1, 0, '2000-01-01 08:34:00', 12140, 1, 9433);

INSERT INTO `meeting_programs` (`id`, `event_order`, `category_type_id`, `gender_type_id`, `user_id`, `created_at`, `updated_at`, `is_autofilled`, `is_out_of_race`, `begin_time`, `meeting_event_id`, `pool_type_id`, `time_standard_id`)
  VALUES (97243, 18, 504, 1, 1, '2017-02-11 08:13:55', '2017-02-11 08:13:55', 1, 0, '2000-01-01 08:36:00', 12140, 1, 9434);

INSERT INTO `meeting_programs` (`id`, `event_order`, `category_type_id`, `gender_type_id`, `user_id`, `created_at`, `updated_at`, `is_autofilled`, `is_out_of_race`, `begin_time`, `meeting_event_id`, `pool_type_id`, `time_standard_id`)
  VALUES (97244, 19, 506, 1, 1, '2017-02-11 08:13:55', '2017-02-11 08:13:55', 1, 0, '2000-01-01 08:38:00', 12140, 1, 9436);

INSERT INTO `meeting_programs` (`id`, `event_order`, `category_type_id`, `gender_type_id`, `user_id`, `created_at`, `updated_at`, `is_autofilled`, `is_out_of_race`, `begin_time`, `meeting_event_id`, `pool_type_id`, `time_standard_id`)
  VALUES (97245, 20, 507, 1, 1, '2017-02-11 08:13:55', '2017-02-11 08:13:55', 1, 0, '2000-01-01 08:40:00', 12140, 1, 9437);

INSERT INTO `meeting_programs` (`id`, `event_order`, `category_type_id`, `gender_type_id`, `user_id`, `created_at`, `updated_at`, `is_autofilled`, `is_out_of_race`, `begin_time`, `meeting_event_id`, `pool_type_id`, `time_standard_id`)
  VALUES (97246, 21, 501, 1, 1, '2017-02-11 08:13:55', '2017-02-11 08:13:55', 1, 0, '2000-01-01 08:42:00', 12140, 1, NULL);

INSERT INTO `meeting_events` (`id`, `created_at`, `updated_at`, `event_order`, `begin_time`, `is_out_of_race`, `is_autofilled`, `notes`, `meeting_session_id`, `event_type_id`, `heat_type_id`, `user_id`, `has_separate_gender_start_list`, `has_separate_category_start_list`)
  VALUES (12141, '2017-02-11 08:13:55', '2017-02-11 08:13:55', 3, '2000-01-01 08:44:00', 0, 1, NULL, 2281, 15, 3, 1, 1, 0);

INSERT INTO `meeting_programs` (`id`, `event_order`, `category_type_id`, `gender_type_id`, `user_id`, `created_at`, `updated_at`, `is_autofilled`, `is_out_of_race`, `begin_time`, `meeting_event_id`, `pool_type_id`, `time_standard_id`)
  VALUES (97247, 22, 502, 2, 1, '2017-02-11 08:13:55', '2017-02-11 08:13:55', 1, 0, '2000-01-01 08:44:00', 12141, 1, 9468);

INSERT INTO `meeting_programs` (`id`, `event_order`, `category_type_id`, `gender_type_id`, `user_id`, `created_at`, `updated_at`, `is_autofilled`, `is_out_of_race`, `begin_time`, `meeting_event_id`, `pool_type_id`, `time_standard_id`)
  VALUES (97248, 23, 503, 2, 1, '2017-02-11 08:13:55', '2017-02-11 08:13:55', 1, 0, '2000-01-01 08:46:00', 12141, 1, 9469);

INSERT INTO `meeting_programs` (`id`, `event_order`, `category_type_id`, `gender_type_id`, `user_id`, `created_at`, `updated_at`, `is_autofilled`, `is_out_of_race`, `begin_time`, `meeting_event_id`, `pool_type_id`, `time_standard_id`)
  VALUES (97249, 24, 504, 2, 1, '2017-02-11 08:13:55', '2017-02-11 08:13:55', 1, 0, '2000-01-01 08:48:00', 12141, 1, 9470);

INSERT INTO `meeting_programs` (`id`, `event_order`, `category_type_id`, `gender_type_id`, `user_id`, `created_at`, `updated_at`, `is_autofilled`, `is_out_of_race`, `begin_time`, `meeting_event_id`, `pool_type_id`, `time_standard_id`)
  VALUES (97250, 25, 505, 2, 1, '2017-02-11 08:13:55', '2017-02-11 08:13:55', 1, 0, '2000-01-01 08:50:00', 12141, 1, 9543);

INSERT INTO `meeting_programs` (`id`, `event_order`, `category_type_id`, `gender_type_id`, `user_id`, `created_at`, `updated_at`, `is_autofilled`, `is_out_of_race`, `begin_time`, `meeting_event_id`, `pool_type_id`, `time_standard_id`)
  VALUES (97251, 26, 508, 2, 1, '2017-02-11 08:13:55', '2017-02-11 08:13:55', 1, 0, '2000-01-01 08:52:00', 12141, 1, 9473);

INSERT INTO `meeting_programs` (`id`, `event_order`, `category_type_id`, `gender_type_id`, `user_id`, `created_at`, `updated_at`, `is_autofilled`, `is_out_of_race`, `begin_time`, `meeting_event_id`, `pool_type_id`, `time_standard_id`)
  VALUES (97252, 27, 501, 2, 1, '2017-02-11 08:13:55', '2017-02-11 08:13:55', 1, 0, '2000-01-01 08:54:00', 12141, 1, NULL);

INSERT INTO `meeting_programs` (`id`, `event_order`, `category_type_id`, `gender_type_id`, `user_id`, `created_at`, `updated_at`, `is_autofilled`, `is_out_of_race`, `begin_time`, `meeting_event_id`, `pool_type_id`, `time_standard_id`)
  VALUES (97253, 28, 502, 1, 1, '2017-02-11 08:13:55', '2017-02-11 08:13:55', 1, 0, '2000-01-01 08:56:00', 12141, 1, 9474);

INSERT INTO `meeting_programs` (`id`, `event_order`, `category_type_id`, `gender_type_id`, `user_id`, `created_at`, `updated_at`, `is_autofilled`, `is_out_of_race`, `begin_time`, `meeting_event_id`, `pool_type_id`, `time_standard_id`)
  VALUES (97254, 29, 503, 1, 1, '2017-02-11 08:13:55', '2017-02-11 08:13:55', 1, 0, '2000-01-01 08:58:00', 12141, 1, 9475);

INSERT INTO `meeting_programs` (`id`, `event_order`, `category_type_id`, `gender_type_id`, `user_id`, `created_at`, `updated_at`, `is_autofilled`, `is_out_of_race`, `begin_time`, `meeting_event_id`, `pool_type_id`, `time_standard_id`)
  VALUES (97255, 30, 504, 1, 1, '2017-02-11 08:13:55', '2017-02-11 08:13:55', 1, 0, '2000-01-01 09:00:00', 12141, 1, 9476);

INSERT INTO `meeting_programs` (`id`, `event_order`, `category_type_id`, `gender_type_id`, `user_id`, `created_at`, `updated_at`, `is_autofilled`, `is_out_of_race`, `begin_time`, `meeting_event_id`, `pool_type_id`, `time_standard_id`)
  VALUES (97256, 31, 508, 1, 1, '2017-02-11 08:13:55', '2017-02-11 08:13:55', 1, 0, '2000-01-01 09:02:00', 12141, 1, 9480);

INSERT INTO `meeting_programs` (`id`, `event_order`, `category_type_id`, `gender_type_id`, `user_id`, `created_at`, `updated_at`, `is_autofilled`, `is_out_of_race`, `begin_time`, `meeting_event_id`, `pool_type_id`, `time_standard_id`)
  VALUES (97257, 32, 501, 1, 1, '2017-02-11 08:13:56', '2017-02-11 08:13:56', 1, 0, '2000-01-01 09:04:00', 12141, 1, NULL);

INSERT INTO `meeting_events` (`id`, `created_at`, `updated_at`, `event_order`, `begin_time`, `is_out_of_race`, `is_autofilled`, `notes`, `meeting_session_id`, `event_type_id`, `heat_type_id`, `user_id`, `has_separate_gender_start_list`, `has_separate_category_start_list`)
  VALUES (12142, '2017-02-11 08:13:56', '2017-02-11 08:13:56', 4, '2000-01-01 09:06:00', 0, 1, NULL, 2281, 11, 3, 1, 1, 0);

INSERT INTO `meeting_programs` (`id`, `event_order`, `category_type_id`, `gender_type_id`, `user_id`, `created_at`, `updated_at`, `is_autofilled`, `is_out_of_race`, `begin_time`, `meeting_event_id`, `pool_type_id`, `time_standard_id`)
  VALUES (97258, 33, 502, 2, 1, '2017-02-11 08:13:56', '2017-02-11 08:13:56', 1, 0, '2000-01-01 09:06:00', 12142, 1, 9482);

INSERT INTO `meeting_programs` (`id`, `event_order`, `category_type_id`, `gender_type_id`, `user_id`, `created_at`, `updated_at`, `is_autofilled`, `is_out_of_race`, `begin_time`, `meeting_event_id`, `pool_type_id`, `time_standard_id`)
  VALUES (97259, 34, 503, 2, 1, '2017-02-11 08:13:56', '2017-02-11 08:13:56', 1, 0, '2000-01-01 09:08:00', 12142, 1, 9483);

INSERT INTO `meeting_programs` (`id`, `event_order`, `category_type_id`, `gender_type_id`, `user_id`, `created_at`, `updated_at`, `is_autofilled`, `is_out_of_race`, `begin_time`, `meeting_event_id`, `pool_type_id`, `time_standard_id`)
  VALUES (97260, 35, 504, 2, 1, '2017-02-11 08:13:56', '2017-02-11 08:13:56', 1, 0, '2000-01-01 09:10:00', 12142, 1, 9484);

INSERT INTO `meeting_programs` (`id`, `event_order`, `category_type_id`, `gender_type_id`, `user_id`, `created_at`, `updated_at`, `is_autofilled`, `is_out_of_race`, `begin_time`, `meeting_event_id`, `pool_type_id`, `time_standard_id`)
  VALUES (97261, 36, 505, 2, 1, '2017-02-11 08:13:56', '2017-02-11 08:13:56', 1, 0, '2000-01-01 09:12:00', 12142, 1, 9485);

INSERT INTO `meeting_programs` (`id`, `event_order`, `category_type_id`, `gender_type_id`, `user_id`, `created_at`, `updated_at`, `is_autofilled`, `is_out_of_race`, `begin_time`, `meeting_event_id`, `pool_type_id`, `time_standard_id`)
  VALUES (97262, 37, 506, 2, 1, '2017-02-11 08:13:56', '2017-02-11 08:13:56', 1, 0, '2000-01-01 09:14:00', 12142, 1, 9544);

INSERT INTO `meeting_programs` (`id`, `event_order`, `category_type_id`, `gender_type_id`, `user_id`, `created_at`, `updated_at`, `is_autofilled`, `is_out_of_race`, `begin_time`, `meeting_event_id`, `pool_type_id`, `time_standard_id`)
  VALUES (97263, 38, 501, 2, 1, '2017-02-11 08:13:56', '2017-02-11 08:13:56', 1, 0, '2000-01-01 09:16:00', 12142, 1, NULL);

INSERT INTO `meeting_programs` (`id`, `event_order`, `category_type_id`, `gender_type_id`, `user_id`, `created_at`, `updated_at`, `is_autofilled`, `is_out_of_race`, `begin_time`, `meeting_event_id`, `pool_type_id`, `time_standard_id`)
  VALUES (97264, 39, 503, 1, 1, '2017-02-11 08:13:56', '2017-02-11 08:13:56', 1, 0, '2000-01-01 09:18:00', 12142, 1, 9489);

INSERT INTO `meeting_programs` (`id`, `event_order`, `category_type_id`, `gender_type_id`, `user_id`, `created_at`, `updated_at`, `is_autofilled`, `is_out_of_race`, `begin_time`, `meeting_event_id`, `pool_type_id`, `time_standard_id`)
  VALUES (97265, 40, 504, 1, 1, '2017-02-11 08:13:56', '2017-02-11 08:13:56', 1, 0, '2000-01-01 09:20:00', 12142, 1, 9490);

INSERT INTO `meeting_programs` (`id`, `event_order`, `category_type_id`, `gender_type_id`, `user_id`, `created_at`, `updated_at`, `is_autofilled`, `is_out_of_race`, `begin_time`, `meeting_event_id`, `pool_type_id`, `time_standard_id`)
  VALUES (97266, 41, 505, 1, 1, '2017-02-11 08:13:56', '2017-02-11 08:13:56', 1, 0, '2000-01-01 09:22:00', 12142, 1, 9491);

INSERT INTO `meeting_programs` (`id`, `event_order`, `category_type_id`, `gender_type_id`, `user_id`, `created_at`, `updated_at`, `is_autofilled`, `is_out_of_race`, `begin_time`, `meeting_event_id`, `pool_type_id`, `time_standard_id`)
  VALUES (97267, 42, 506, 1, 1, '2017-02-11 08:13:56', '2017-02-11 08:13:56', 1, 0, '2000-01-01 09:24:00', 12142, 1, 9492);

INSERT INTO `meeting_programs` (`id`, `event_order`, `category_type_id`, `gender_type_id`, `user_id`, `created_at`, `updated_at`, `is_autofilled`, `is_out_of_race`, `begin_time`, `meeting_event_id`, `pool_type_id`, `time_standard_id`)
  VALUES (97268, 43, 501, 1, 1, '2017-02-11 08:13:56', '2017-02-11 08:13:56', 1, 0, '2000-01-01 09:26:00', 12142, 1, NULL);

INSERT INTO `meeting_events` (`id`, `created_at`, `updated_at`, `event_order`, `begin_time`, `is_out_of_race`, `is_autofilled`, `notes`, `meeting_session_id`, `event_type_id`, `heat_type_id`, `user_id`, `has_separate_gender_start_list`, `has_separate_category_start_list`)
  VALUES (12143, '2017-02-11 08:13:56', '2017-02-11 08:13:56', 5, '2000-01-01 09:28:00', 0, 1, NULL, 2281, 19, 3, 1, 1, 0);

INSERT INTO `meeting_programs` (`id`, `event_order`, `category_type_id`, `gender_type_id`, `user_id`, `created_at`, `updated_at`, `is_autofilled`, `is_out_of_race`, `begin_time`, `meeting_event_id`, `pool_type_id`, `time_standard_id`)
  VALUES (97269, 44, 502, 2, 1, '2017-02-11 08:13:56', '2017-02-11 08:13:56', 1, 0, '2000-01-01 09:28:00', 12143, 1, 9497);

INSERT INTO `meeting_programs` (`id`, `event_order`, `category_type_id`, `gender_type_id`, `user_id`, `created_at`, `updated_at`, `is_autofilled`, `is_out_of_race`, `begin_time`, `meeting_event_id`, `pool_type_id`, `time_standard_id`)
  VALUES (97270, 45, 503, 2, 1, '2017-02-11 08:13:56', '2017-02-11 08:13:56', 1, 0, '2000-01-01 09:30:00', 12143, 1, 9498);

INSERT INTO `meeting_programs` (`id`, `event_order`, `category_type_id`, `gender_type_id`, `user_id`, `created_at`, `updated_at`, `is_autofilled`, `is_out_of_race`, `begin_time`, `meeting_event_id`, `pool_type_id`, `time_standard_id`)
  VALUES (97271, 46, 504, 2, 1, '2017-02-11 08:13:56', '2017-02-11 08:13:56', 1, 0, '2000-01-01 09:32:00', 12143, 1, 9499);

INSERT INTO `meeting_programs` (`id`, `event_order`, `category_type_id`, `gender_type_id`, `user_id`, `created_at`, `updated_at`, `is_autofilled`, `is_out_of_race`, `begin_time`, `meeting_event_id`, `pool_type_id`, `time_standard_id`)
  VALUES (97272, 47, 506, 2, 1, '2017-02-11 08:13:56', '2017-02-11 08:13:56', 1, 0, '2000-01-01 09:34:00', 12143, 1, 9501);

INSERT INTO `meeting_programs` (`id`, `event_order`, `category_type_id`, `gender_type_id`, `user_id`, `created_at`, `updated_at`, `is_autofilled`, `is_out_of_race`, `begin_time`, `meeting_event_id`, `pool_type_id`, `time_standard_id`)
  VALUES (97273, 48, 508, 2, 1, '2017-02-11 08:13:56', '2017-02-11 08:13:56', 1, 0, '2000-01-01 09:36:00', 12143, 1, 9503);

INSERT INTO `meeting_programs` (`id`, `event_order`, `category_type_id`, `gender_type_id`, `user_id`, `created_at`, `updated_at`, `is_autofilled`, `is_out_of_race`, `begin_time`, `meeting_event_id`, `pool_type_id`, `time_standard_id`)
  VALUES (97274, 49, 502, 1, 1, '2017-02-11 08:13:56', '2017-02-11 08:13:56', 1, 0, '2000-01-01 09:38:00', 12143, 1, 9505);

INSERT INTO `meeting_programs` (`id`, `event_order`, `category_type_id`, `gender_type_id`, `user_id`, `created_at`, `updated_at`, `is_autofilled`, `is_out_of_race`, `begin_time`, `meeting_event_id`, `pool_type_id`, `time_standard_id`)
  VALUES (97275, 50, 503, 1, 1, '2017-02-11 08:13:56', '2017-02-11 08:13:56', 1, 0, '2000-01-01 09:40:00', 12143, 1, 9506);

INSERT INTO `meeting_programs` (`id`, `event_order`, `category_type_id`, `gender_type_id`, `user_id`, `created_at`, `updated_at`, `is_autofilled`, `is_out_of_race`, `begin_time`, `meeting_event_id`, `pool_type_id`, `time_standard_id`)
  VALUES (97276, 51, 504, 1, 1, '2017-02-11 08:13:57', '2017-02-11 08:13:57', 1, 0, '2000-01-01 09:42:00', 12143, 1, 9507);

INSERT INTO `meeting_programs` (`id`, `event_order`, `category_type_id`, `gender_type_id`, `user_id`, `created_at`, `updated_at`, `is_autofilled`, `is_out_of_race`, `begin_time`, `meeting_event_id`, `pool_type_id`, `time_standard_id`)
  VALUES (97277, 52, 505, 1, 1, '2017-02-11 08:13:57', '2017-02-11 08:13:57', 1, 0, '2000-01-01 09:44:00', 12143, 1, 9508);

INSERT INTO `meeting_programs` (`id`, `event_order`, `category_type_id`, `gender_type_id`, `user_id`, `created_at`, `updated_at`, `is_autofilled`, `is_out_of_race`, `begin_time`, `meeting_event_id`, `pool_type_id`, `time_standard_id`)
  VALUES (97278, 53, 506, 1, 1, '2017-02-11 08:13:57', '2017-02-11 08:13:57', 1, 0, '2000-01-01 09:46:00', 12143, 1, 9509);

INSERT INTO `meeting_programs` (`id`, `event_order`, `category_type_id`, `gender_type_id`, `user_id`, `created_at`, `updated_at`, `is_autofilled`, `is_out_of_race`, `begin_time`, `meeting_event_id`, `pool_type_id`, `time_standard_id`)
  VALUES (97279, 54, 507, 1, 1, '2017-02-11 08:13:57', '2017-02-11 08:13:57', 1, 0, '2000-01-01 09:48:00', 12143, 1, 9510);

INSERT INTO `meeting_programs` (`id`, `event_order`, `category_type_id`, `gender_type_id`, `user_id`, `created_at`, `updated_at`, `is_autofilled`, `is_out_of_race`, `begin_time`, `meeting_event_id`, `pool_type_id`, `time_standard_id`)
  VALUES (97280, 55, 508, 1, 1, '2017-02-11 08:13:57', '2017-02-11 08:13:57', 1, 0, '2000-01-01 09:50:00', 12143, 1, 9511);

INSERT INTO `meeting_programs` (`id`, `event_order`, `category_type_id`, `gender_type_id`, `user_id`, `created_at`, `updated_at`, `is_autofilled`, `is_out_of_race`, `begin_time`, `meeting_event_id`, `pool_type_id`, `time_standard_id`)
  VALUES (97281, 56, 501, 1, 1, '2017-02-11 08:13:57', '2017-02-11 08:13:57', 1, 0, '2000-01-01 09:52:00', 12143, 1, NULL);

INSERT INTO `swimmers` (`id`, `last_name`, `first_name`, `year_of_birth`, `phone_mobile`, `phone_number`, `e_mail`, `nickname`, `associated_user_id`, `gender_type_id`, `user_id`, `created_at`, `updated_at`, `complete_name`, `is_year_guessed`)
  VALUES (32000, 'ANTONICELLI', 'GRAZIANO', 1981, NULL, NULL, NULL, '', NULL, 1, 1, '2017-02-11 08:13:57', '2017-02-11 08:13:57', 'ANTONICELLI GRAZIANO', 0);

INSERT INTO `swimmers` (`id`, `last_name`, `first_name`, `year_of_birth`, `phone_mobile`, `phone_number`, `e_mail`, `nickname`, `associated_user_id`, `gender_type_id`, `user_id`, `created_at`, `updated_at`, `complete_name`, `is_year_guessed`)
  VALUES (32001, 'BASILIO', 'MARIA CARMELA', 1973, NULL, NULL, NULL, '', NULL, 2, 1, '2017-02-11 08:13:57', '2017-02-11 08:13:57', 'BASILIO MARIA CARMELA', 0);

INSERT INTO `swimmers` (`id`, `last_name`, `first_name`, `year_of_birth`, `phone_mobile`, `phone_number`, `e_mail`, `nickname`, `associated_user_id`, `gender_type_id`, `user_id`, `created_at`, `updated_at`, `complete_name`, `is_year_guessed`)
  VALUES (32002, 'GRIECO', 'GIOVANNI', 1966, NULL, NULL, NULL, '', NULL, 1, 1, '2017-02-11 08:13:57', '2017-02-11 08:13:57', 'GRIECO GIOVANNI', 0);

INSERT INTO `swimmers` (`id`, `last_name`, `first_name`, `year_of_birth`, `phone_mobile`, `phone_number`, `e_mail`, `nickname`, `associated_user_id`, `gender_type_id`, `user_id`, `created_at`, `updated_at`, `complete_name`, `is_year_guessed`)
  VALUES (32003, 'TATTOLO', 'EMANUELE', 1984, NULL, NULL, NULL, '', NULL, 1, 1, '2017-02-11 08:13:57', '2017-02-11 08:13:57', 'TATTOLO EMANUELE', 0);

INSERT INTO `badges` (`id`, `number`, `season_id`, `swimmer_id`, `team_id`, `category_type_id`, `user_id`, `created_at`, `updated_at`, `entry_time_type_id`, `team_affiliation_id`, `final_rank`)
  VALUES (81095, '?', 102, 13220, 587, 502, 1, '2017-02-11 08:13:57', '2017-02-11 08:13:57', 5, 3827, NULL);

INSERT INTO `badges` (`id`, `number`, `season_id`, `swimmer_id`, `team_id`, `category_type_id`, `user_id`, `created_at`, `updated_at`, `entry_time_type_id`, `team_affiliation_id`, `final_rank`)
  VALUES (81096, '?', 102, 15394, 587, 502, 1, '2017-02-11 08:13:57', '2017-02-11 08:13:57', 5, 3827, NULL);

INSERT INTO `badges` (`id`, `number`, `season_id`, `swimmer_id`, `team_id`, `category_type_id`, `user_id`, `created_at`, `updated_at`, `entry_time_type_id`, `team_affiliation_id`, `final_rank`)
  VALUES (81097, '?', 102, 32003, 589, 502, 1, '2017-02-11 08:13:57', '2017-02-11 08:13:57', 5, 3829, NULL);

INSERT INTO `badges` (`id`, `number`, `season_id`, `swimmer_id`, `team_id`, `category_type_id`, `user_id`, `created_at`, `updated_at`, `entry_time_type_id`, `team_affiliation_id`, `final_rank`)
  VALUES (81098, '?', 102, 12189, 581, 503, 1, '2017-02-11 08:13:57', '2017-02-11 08:13:57', 5, 3818, NULL);

INSERT INTO `badges` (`id`, `number`, `season_id`, `swimmer_id`, `team_id`, `category_type_id`, `user_id`, `created_at`, `updated_at`, `entry_time_type_id`, `team_affiliation_id`, `final_rank`)
  VALUES (81099, '?', 102, 29620, 550, 503, 1, '2017-02-11 08:13:57', '2017-02-11 08:13:57', 5, 3831, NULL);

INSERT INTO `badges` (`id`, `number`, `season_id`, `swimmer_id`, `team_id`, `category_type_id`, `user_id`, `created_at`, `updated_at`, `entry_time_type_id`, `team_affiliation_id`, `final_rank`)
  VALUES (81100, '?', 102, 29853, 550, 503, 1, '2017-02-11 08:13:57', '2017-02-11 08:13:57', 5, 3831, NULL);

INSERT INTO `badges` (`id`, `number`, `season_id`, `swimmer_id`, `team_id`, `category_type_id`, `user_id`, `created_at`, `updated_at`, `entry_time_type_id`, `team_affiliation_id`, `final_rank`)
  VALUES (81101, '?', 102, 15530, 589, 504, 1, '2017-02-11 08:13:57', '2017-02-11 08:13:57', 5, 3829, NULL);

INSERT INTO `badges` (`id`, `number`, `season_id`, `swimmer_id`, `team_id`, `category_type_id`, `user_id`, `created_at`, `updated_at`, `entry_time_type_id`, `team_affiliation_id`, `final_rank`)
  VALUES (81102, '?', 102, 30772, 589, 501, 1, '2017-02-11 08:13:57', '2017-02-11 08:13:57', 5, 3829, NULL);

INSERT INTO `badges` (`id`, `number`, `season_id`, `swimmer_id`, `team_id`, `category_type_id`, `user_id`, `created_at`, `updated_at`, `entry_time_type_id`, `team_affiliation_id`, `final_rank`)
  VALUES (81103, '?', 102, 29734, 589, 502, 1, '2017-02-11 08:13:57', '2017-02-11 08:13:57', 5, 3829, NULL);

INSERT INTO `badges` (`id`, `number`, `season_id`, `swimmer_id`, `team_id`, `category_type_id`, `user_id`, `created_at`, `updated_at`, `entry_time_type_id`, `team_affiliation_id`, `final_rank`)
  VALUES (81104, '?', 102, 12240, 587, 502, 1, '2017-02-11 08:13:57', '2017-02-11 08:13:57', 5, 3827, NULL);

INSERT INTO `badges` (`id`, `number`, `season_id`, `swimmer_id`, `team_id`, `category_type_id`, `user_id`, `created_at`, `updated_at`, `entry_time_type_id`, `team_affiliation_id`, `final_rank`)
  VALUES (81105, '?', 102, 32001, 571, 504, 1, '2017-02-11 08:13:57', '2017-02-11 08:13:57', 5, 3803, NULL);

INSERT INTO `badges` (`id`, `number`, `season_id`, `swimmer_id`, `team_id`, `category_type_id`, `user_id`, `created_at`, `updated_at`, `entry_time_type_id`, `team_affiliation_id`, `final_rank`)
  VALUES (81106, '?', 102, 3944, 1068, 503, 1, '2017-02-11 08:13:57', '2017-02-11 08:13:57', 5, 3802, NULL);

INSERT INTO `badges` (`id`, `number`, `season_id`, `swimmer_id`, `team_id`, `category_type_id`, `user_id`, `created_at`, `updated_at`, `entry_time_type_id`, `team_affiliation_id`, `final_rank`)
  VALUES (81107, '?', 102, 32000, 550, 503, 1, '2017-02-11 08:13:57', '2017-02-11 08:13:57', 5, 3831, NULL);

INSERT INTO `badges` (`id`, `number`, `season_id`, `swimmer_id`, `team_id`, `category_type_id`, `user_id`, `created_at`, `updated_at`, `entry_time_type_id`, `team_affiliation_id`, `final_rank`)
  VALUES (81108, '?', 102, 12163, 581, 504, 1, '2017-02-11 08:13:57', '2017-02-11 08:13:57', 5, 3818, NULL);

INSERT INTO `badges` (`id`, `number`, `season_id`, `swimmer_id`, `team_id`, `category_type_id`, `user_id`, `created_at`, `updated_at`, `entry_time_type_id`, `team_affiliation_id`, `final_rank`)
  VALUES (81109, '?', 102, 13223, 587, 504, 1, '2017-02-11 08:13:57', '2017-02-11 08:13:57', 5, 3827, NULL);

INSERT INTO `badges` (`id`, `number`, `season_id`, `swimmer_id`, `team_id`, `category_type_id`, `user_id`, `created_at`, `updated_at`, `entry_time_type_id`, `team_affiliation_id`, `final_rank`)
  VALUES (81110, '?', 102, 32002, 571, 506, 1, '2017-02-11 08:13:57', '2017-02-11 08:13:57', 5, 3803, NULL);

INSERT INTO `badges` (`id`, `number`, `season_id`, `swimmer_id`, `team_id`, `category_type_id`, `user_id`, `created_at`, `updated_at`, `entry_time_type_id`, `team_affiliation_id`, `final_rank`)
  VALUES (81111, '?', 102, 13264, 587, 501, 1, '2017-02-11 08:13:57', '2017-02-11 08:13:57', 5, 3827, NULL);

INSERT INTO `badges` (`id`, `number`, `season_id`, `swimmer_id`, `team_id`, `category_type_id`, `user_id`, `created_at`, `updated_at`, `entry_time_type_id`, `team_affiliation_id`, `final_rank`)
  VALUES (81112, '?', 102, 26552, 581, 503, 1, '2017-02-11 08:13:57', '2017-02-11 08:13:57', 5, 3818, NULL);

INSERT INTO `badges` (`id`, `number`, `season_id`, `swimmer_id`, `team_id`, `category_type_id`, `user_id`, `created_at`, `updated_at`, `entry_time_type_id`, `team_affiliation_id`, `final_rank`)
  VALUES (81113, '?', 102, 29766, 589, 503, 1, '2017-02-11 08:13:57', '2017-02-11 08:13:57', 5, 3829, NULL);

INSERT INTO `badges` (`id`, `number`, `season_id`, `swimmer_id`, `team_id`, `category_type_id`, `user_id`, `created_at`, `updated_at`, `entry_time_type_id`, `team_affiliation_id`, `final_rank`)
  VALUES (81114, '?', 102, 11748, 563, 508, 1, '2017-02-11 08:13:57', '2017-02-11 08:13:57', 5, 3805, NULL);

INSERT INTO `badges` (`id`, `number`, `season_id`, `swimmer_id`, `team_id`, `category_type_id`, `user_id`, `created_at`, `updated_at`, `entry_time_type_id`, `team_affiliation_id`, `final_rank`)
  VALUES (81115, '?', 102, 30681, 571, 503, 1, '2017-02-11 08:13:57', '2017-02-11 08:13:57', 5, 3803, NULL);

INSERT INTO `badges` (`id`, `number`, `season_id`, `swimmer_id`, `team_id`, `category_type_id`, `user_id`, `created_at`, `updated_at`, `entry_time_type_id`, `team_affiliation_id`, `final_rank`)
  VALUES (81116, '?', 102, 30703, 571, 503, 1, '2017-02-11 08:13:57', '2017-02-11 08:13:57', 5, 3803, NULL);

INSERT INTO `badges` (`id`, `number`, `season_id`, `swimmer_id`, `team_id`, `category_type_id`, `user_id`, `created_at`, `updated_at`, `entry_time_type_id`, `team_affiliation_id`, `final_rank`)
  VALUES (81117, '?', 102, 11957, 587, 501, 1, '2017-02-11 08:13:58', '2017-02-11 08:13:58', 5, 3827, NULL);

INSERT INTO `meeting_individual_results` (`id`, `rank`, `is_play_off`, `is_out_of_race`, `is_disqualified`, `standard_points`, `meeting_individual_points`, `minutes`, `seconds`, `hundreds`, `meeting_program_id`, `swimmer_id`, `team_id`, `badge_id`, `user_id`, `created_at`, `updated_at`, `disqualification_code_type_id`, `goggle_cup_points`, `reaction_time`, `team_points`, `team_affiliation_id`, `is_personal_best`, `is_season_type_best`)
  VALUES (548185, 1, 1, 0, 0, 742.1, 742.1, 1, 28, 40, 97226, 11940, 589, 80821, 1, '2017-02-11 08:13:58', '2017-02-11 08:13:58', NULL, 0.0, 0.0, 0.0, 3829, 0, 0);

INSERT INTO `meeting_individual_results` (`id`, `rank`, `is_play_off`, `is_out_of_race`, `is_disqualified`, `standard_points`, `meeting_individual_points`, `minutes`, `seconds`, `hundreds`, `meeting_program_id`, `swimmer_id`, `team_id`, `badge_id`, `user_id`, `created_at`, `updated_at`, `disqualification_code_type_id`, `goggle_cup_points`, `reaction_time`, `team_points`, `team_affiliation_id`, `is_personal_best`, `is_season_type_best`)
  VALUES (548186, 2, 1, 0, 0, 646.51, 646.51, 1, 41, 50, 97226, 13220, 587, 81095, 1, '2017-02-11 08:13:58', '2017-02-11 08:13:58', NULL, 0.0, 0.0, 0.0, 3827, 0, 0);

INSERT INTO `meeting_individual_results` (`id`, `rank`, `is_play_off`, `is_out_of_race`, `is_disqualified`, `standard_points`, `meeting_individual_points`, `minutes`, `seconds`, `hundreds`, `meeting_program_id`, `swimmer_id`, `team_id`, `badge_id`, `user_id`, `created_at`, `updated_at`, `disqualification_code_type_id`, `goggle_cup_points`, `reaction_time`, `team_points`, `team_affiliation_id`, `is_personal_best`, `is_season_type_best`)
  VALUES (548187, 3, 1, 0, 0, 550.21, 550.21, 1, 59, 30, 97226, 12359, 550, 80669, 1, '2017-02-11 08:13:58', '2017-02-11 08:13:58', NULL, 0.0, 0.0, 0.0, 3831, 0, 0);

INSERT INTO `meeting_individual_results` (`id`, `rank`, `is_play_off`, `is_out_of_race`, `is_disqualified`, `standard_points`, `meeting_individual_points`, `minutes`, `seconds`, `hundreds`, `meeting_program_id`, `swimmer_id`, `team_id`, `badge_id`, `user_id`, `created_at`, `updated_at`, `disqualification_code_type_id`, `goggle_cup_points`, `reaction_time`, `team_points`, `team_affiliation_id`, `is_personal_best`, `is_season_type_best`)
  VALUES (548188, 1, 1, 0, 0, 595.53, 595.53, 1, 49, 30, 97227, 31927, 571, 80994, 1, '2017-02-11 08:13:58', '2017-02-11 08:13:58', NULL, 0.0, 0.0, 0.0, 3803, 0, 0);

INSERT INTO `meeting_individual_results` (`id`, `rank`, `is_play_off`, `is_out_of_race`, `is_disqualified`, `standard_points`, `meeting_individual_points`, `minutes`, `seconds`, `hundreds`, `meeting_program_id`, `swimmer_id`, `team_id`, `badge_id`, `user_id`, `created_at`, `updated_at`, `disqualification_code_type_id`, `goggle_cup_points`, `reaction_time`, `team_points`, `team_affiliation_id`, `is_personal_best`, `is_season_type_best`)
  VALUES (548189, 2, 1, 0, 0, 568.53, 568.53, 1, 54, 50, 97227, 18310, 571, 80996, 1, '2017-02-11 08:13:58', '2017-02-11 08:13:58', NULL, 0.0, 0.0, 0.0, 3803, 0, 0);

INSERT INTO `meeting_individual_results` (`id`, `rank`, `is_play_off`, `is_out_of_race`, `is_disqualified`, `standard_points`, `meeting_individual_points`, `minutes`, `seconds`, `hundreds`, `meeting_program_id`, `swimmer_id`, `team_id`, `badge_id`, `user_id`, `created_at`, `updated_at`, `disqualification_code_type_id`, `goggle_cup_points`, `reaction_time`, `team_points`, `team_affiliation_id`, `is_personal_best`, `is_season_type_best`)
  VALUES (548190, 1, 1, 0, 0, 731.04, 731.04, 1, 32, 90, 97228, 12208, 589, 80914, 1, '2017-02-11 08:13:58', '2017-02-11 08:13:58', NULL, 0.0, 0.0, 0.0, 3829, 0, 0);

INSERT INTO `meeting_individual_results` (`id`, `rank`, `is_play_off`, `is_out_of_race`, `is_disqualified`, `standard_points`, `meeting_individual_points`, `minutes`, `seconds`, `hundreds`, `meeting_program_id`, `swimmer_id`, `team_id`, `badge_id`, `user_id`, `created_at`, `updated_at`, `disqualification_code_type_id`, `goggle_cup_points`, `reaction_time`, `team_points`, `team_affiliation_id`, `is_personal_best`, `is_season_type_best`)
  VALUES (548191, 1, 1, 0, 0, 0.0, 0.0, 2, 0, 0, 97229, 13251, 578, 80844, 1, '2017-02-11 08:13:58', '2017-02-11 08:13:58', NULL, 0.0, 0.0, 0.0, 3815, 0, 0);

INSERT INTO `meeting_individual_results` (`id`, `rank`, `is_play_off`, `is_out_of_race`, `is_disqualified`, `standard_points`, `meeting_individual_points`, `minutes`, `seconds`, `hundreds`, `meeting_program_id`, `swimmer_id`, `team_id`, `badge_id`, `user_id`, `created_at`, `updated_at`, `disqualification_code_type_id`, `goggle_cup_points`, `reaction_time`, `team_points`, `team_affiliation_id`, `is_personal_best`, `is_season_type_best`)
  VALUES (548192, 1, 1, 0, 0, 736.85, 736.85, 1, 16, 60, 97230, 29783, 563, 80682, 1, '2017-02-11 08:13:58', '2017-02-11 08:13:58', NULL, 0.0, 0.0, 0.0, 3805, 0, 0);

INSERT INTO `meeting_individual_results` (`id`, `rank`, `is_play_off`, `is_out_of_race`, `is_disqualified`, `standard_points`, `meeting_individual_points`, `minutes`, `seconds`, `hundreds`, `meeting_program_id`, `swimmer_id`, `team_id`, `badge_id`, `user_id`, `created_at`, `updated_at`, `disqualification_code_type_id`, `goggle_cup_points`, `reaction_time`, `team_points`, `team_affiliation_id`, `is_personal_best`, `is_season_type_best`)
  VALUES (548193, 2, 1, 0, 0, 699.51, 699.51, 1, 20, 70, 97230, 15394, 587, 81096, 1, '2017-02-11 08:13:58', '2017-02-11 08:13:58', NULL, 0.0, 0.0, 0.0, 3827, 0, 0);

INSERT INTO `meeting_individual_results` (`id`, `rank`, `is_play_off`, `is_out_of_race`, `is_disqualified`, `standard_points`, `meeting_individual_points`, `minutes`, `seconds`, `hundreds`, `meeting_program_id`, `swimmer_id`, `team_id`, `badge_id`, `user_id`, `created_at`, `updated_at`, `disqualification_code_type_id`, `goggle_cup_points`, `reaction_time`, `team_points`, `team_affiliation_id`, `is_personal_best`, `is_season_type_best`)
  VALUES (548194, 3, 1, 0, 0, 665.76, 665.76, 1, 24, 80, 97230, 32003, 589, 81097, 1, '2017-02-11 08:13:58', '2017-02-11 08:13:58', NULL, 0.0, 0.0, 0.0, 3829, 0, 0);

INSERT INTO `meeting_individual_results` (`id`, `rank`, `is_play_off`, `is_out_of_race`, `is_disqualified`, `standard_points`, `meeting_individual_points`, `minutes`, `seconds`, `hundreds`, `meeting_program_id`, `swimmer_id`, `team_id`, `badge_id`, `user_id`, `created_at`, `updated_at`, `disqualification_code_type_id`, `goggle_cup_points`, `reaction_time`, `team_points`, `team_affiliation_id`, `is_personal_best`, `is_season_type_best`)
  VALUES (548195, 4, 1, 0, 0, 630.88, 630.88, 1, 29, 50, 97230, 12108, 550, 80728, 1, '2017-02-11 08:13:58', '2017-02-11 08:13:58', NULL, 0.0, 0.0, 0.0, 3831, 0, 0);

INSERT INTO `meeting_individual_results` (`id`, `rank`, `is_play_off`, `is_out_of_race`, `is_disqualified`, `standard_points`, `meeting_individual_points`, `minutes`, `seconds`, `hundreds`, `meeting_program_id`, `swimmer_id`, `team_id`, `badge_id`, `user_id`, `created_at`, `updated_at`, `disqualification_code_type_id`, `goggle_cup_points`, `reaction_time`, `team_points`, `team_affiliation_id`, `is_personal_best`, `is_season_type_best`)
  VALUES (548196, 5, 1, 0, 0, 617.12, 617.12, 1, 31, 50, 97230, 31948, 550, 80959, 1, '2017-02-11 08:13:58', '2017-02-11 08:13:58', NULL, 0.0, 0.0, 0.0, 3831, 0, 0);

INSERT INTO `meeting_individual_results` (`id`, `rank`, `is_play_off`, `is_out_of_race`, `is_disqualified`, `standard_points`, `meeting_individual_points`, `minutes`, `seconds`, `hundreds`, `meeting_program_id`, `swimmer_id`, `team_id`, `badge_id`, `user_id`, `created_at`, `updated_at`, `disqualification_code_type_id`, `goggle_cup_points`, `reaction_time`, `team_points`, `team_affiliation_id`, `is_personal_best`, `is_season_type_best`)
  VALUES (548197, 1, 1, 0, 0, 709.63, 709.63, 1, 19, 80, 97231, 12189, 581, 81098, 1, '2017-02-11 08:13:58', '2017-02-11 08:13:58', NULL, 0.0, 0.0, 0.0, 3818, 0, 0);

INSERT INTO `meeting_individual_results` (`id`, `rank`, `is_play_off`, `is_out_of_race`, `is_disqualified`, `standard_points`, `meeting_individual_points`, `minutes`, `seconds`, `hundreds`, `meeting_program_id`, `swimmer_id`, `team_id`, `badge_id`, `user_id`, `created_at`, `updated_at`, `disqualification_code_type_id`, `goggle_cup_points`, `reaction_time`, `team_points`, `team_affiliation_id`, `is_personal_best`, `is_season_type_best`)
  VALUES (548198, 2, 1, 0, 0, 682.33, 682.33, 1, 23, 0, 97231, 29620, 550, 81099, 1, '2017-02-11 08:13:59', '2017-02-11 08:13:59', NULL, 0.0, 0.0, 0.0, 3831, 0, 0);

INSERT INTO `meeting_individual_results` (`id`, `rank`, `is_play_off`, `is_out_of_race`, `is_disqualified`, `standard_points`, `meeting_individual_points`, `minutes`, `seconds`, `hundreds`, `meeting_program_id`, `swimmer_id`, `team_id`, `badge_id`, `user_id`, `created_at`, `updated_at`, `disqualification_code_type_id`, `goggle_cup_points`, `reaction_time`, `team_points`, `team_affiliation_id`, `is_personal_best`, `is_season_type_best`)
  VALUES (548199, 3, 1, 0, 0, 666.31, 666.31, 1, 25, 0, 97231, 31932, 550, 80964, 1, '2017-02-11 08:13:59', '2017-02-11 08:13:59', NULL, 0.0, 0.0, 0.0, 3831, 0, 0);

INSERT INTO `meeting_individual_results` (`id`, `rank`, `is_play_off`, `is_out_of_race`, `is_disqualified`, `standard_points`, `meeting_individual_points`, `minutes`, `seconds`, `hundreds`, `meeting_program_id`, `swimmer_id`, `team_id`, `badge_id`, `user_id`, `created_at`, `updated_at`, `disqualification_code_type_id`, `goggle_cup_points`, `reaction_time`, `team_points`, `team_affiliation_id`, `is_personal_best`, `is_season_type_best`)
  VALUES (548200, 4, 1, 0, 0, 623.16, 623.16, 1, 30, 90, 97231, 29853, 550, 81100, 1, '2017-02-11 08:13:59', '2017-02-11 08:13:59', NULL, 0.0, 0.0, 0.0, 3831, 0, 0);

INSERT INTO `meeting_individual_results` (`id`, `rank`, `is_play_off`, `is_out_of_race`, `is_disqualified`, `standard_points`, `meeting_individual_points`, `minutes`, `seconds`, `hundreds`, `meeting_program_id`, `swimmer_id`, `team_id`, `badge_id`, `user_id`, `created_at`, `updated_at`, `disqualification_code_type_id`, `goggle_cup_points`, `reaction_time`, `team_points`, `team_affiliation_id`, `is_personal_best`, `is_season_type_best`)
  VALUES (548201, 1, 1, 0, 0, 608.81, 608.81, 1, 35, 10, 97232, 15530, 589, 81101, 1, '2017-02-11 08:13:59', '2017-02-11 08:13:59', NULL, 0.0, 0.0, 0.0, 3829, 0, 0);

INSERT INTO `meeting_individual_results` (`id`, `rank`, `is_play_off`, `is_out_of_race`, `is_disqualified`, `standard_points`, `meeting_individual_points`, `minutes`, `seconds`, `hundreds`, `meeting_program_id`, `swimmer_id`, `team_id`, `badge_id`, `user_id`, `created_at`, `updated_at`, `disqualification_code_type_id`, `goggle_cup_points`, `reaction_time`, `team_points`, `team_affiliation_id`, `is_personal_best`, `is_season_type_best`)
  VALUES (548202, 2, 1, 0, 0, 603.12, 603.12, 1, 36, 0, 97232, 31300, 550, 80734, 1, '2017-02-11 08:13:59', '2017-02-11 08:13:59', NULL, 0.0, 0.0, 0.0, 3831, 0, 0);

INSERT INTO `meeting_individual_results` (`id`, `rank`, `is_play_off`, `is_out_of_race`, `is_disqualified`, `standard_points`, `meeting_individual_points`, `minutes`, `seconds`, `hundreds`, `meeting_program_id`, `swimmer_id`, `team_id`, `badge_id`, `user_id`, `created_at`, `updated_at`, `disqualification_code_type_id`, `goggle_cup_points`, `reaction_time`, `team_points`, `team_affiliation_id`, `is_personal_best`, `is_season_type_best`)
  VALUES (548203, 3, 1, 0, 0, 466.77, 466.77, 2, 4, 10, 97232, 12141, 571, 80790, 1, '2017-02-11 08:13:59', '2017-02-11 08:13:59', NULL, 0.0, 0.0, 0.0, 3803, 0, 0);

INSERT INTO `meeting_individual_results` (`id`, `rank`, `is_play_off`, `is_out_of_race`, `is_disqualified`, `standard_points`, `meeting_individual_points`, `minutes`, `seconds`, `hundreds`, `meeting_program_id`, `swimmer_id`, `team_id`, `badge_id`, `user_id`, `created_at`, `updated_at`, `disqualification_code_type_id`, `goggle_cup_points`, `reaction_time`, `team_points`, `team_affiliation_id`, `is_personal_best`, `is_season_type_best`)
  VALUES (548204, 1, 1, 0, 0, 663.42, 663.42, 1, 29, 20, 97233, 30694, 550, 80735, 1, '2017-02-11 08:13:59', '2017-02-11 08:13:59', NULL, 0.0, 0.0, 0.0, 3831, 0, 0);

INSERT INTO `meeting_individual_results` (`id`, `rank`, `is_play_off`, `is_out_of_race`, `is_disqualified`, `standard_points`, `meeting_individual_points`, `minutes`, `seconds`, `hundreds`, `meeting_program_id`, `swimmer_id`, `team_id`, `badge_id`, `user_id`, `created_at`, `updated_at`, `disqualification_code_type_id`, `goggle_cup_points`, `reaction_time`, `team_points`, `team_affiliation_id`, `is_personal_best`, `is_season_type_best`)
  VALUES (548205, 2, 1, 0, 0, 519.81, 519.81, 1, 53, 90, 97233, 12219, 571, 81051, 1, '2017-02-11 08:13:59', '2017-02-11 08:13:59', NULL, 0.0, 0.0, 0.0, 3803, 0, 0);

INSERT INTO `meeting_individual_results` (`id`, `rank`, `is_play_off`, `is_out_of_race`, `is_disqualified`, `standard_points`, `meeting_individual_points`, `minutes`, `seconds`, `hundreds`, `meeting_program_id`, `swimmer_id`, `team_id`, `badge_id`, `user_id`, `created_at`, `updated_at`, `disqualification_code_type_id`, `goggle_cup_points`, `reaction_time`, `team_points`, `team_affiliation_id`, `is_personal_best`, `is_season_type_best`)
  VALUES (548206, 1, 1, 0, 0, 620.45, 620.45, 1, 37, 60, 97234, 15410, 589, 80887, 1, '2017-02-11 08:13:59', '2017-02-11 08:13:59', NULL, 0.0, 0.0, 0.0, 3829, 0, 0);

INSERT INTO `meeting_individual_results` (`id`, `rank`, `is_play_off`, `is_out_of_race`, `is_disqualified`, `standard_points`, `meeting_individual_points`, `minutes`, `seconds`, `hundreds`, `meeting_program_id`, `swimmer_id`, `team_id`, `badge_id`, `user_id`, `created_at`, `updated_at`, `disqualification_code_type_id`, `goggle_cup_points`, `reaction_time`, `team_points`, `team_affiliation_id`, `is_personal_best`, `is_season_type_best`)
  VALUES (548207, 2, 1, 0, 0, 604.99, 604.99, 1, 40, 10, 97234, 23882, 563, 80799, 1, '2017-02-11 08:13:59', '2017-02-11 08:13:59', NULL, 0.0, 0.0, 0.0, 3805, 0, 0);

INSERT INTO `meeting_individual_results` (`id`, `rank`, `is_play_off`, `is_out_of_race`, `is_disqualified`, `standard_points`, `meeting_individual_points`, `minutes`, `seconds`, `hundreds`, `meeting_program_id`, `swimmer_id`, `team_id`, `badge_id`, `user_id`, `created_at`, `updated_at`, `disqualification_code_type_id`, `goggle_cup_points`, `reaction_time`, `team_points`, `team_affiliation_id`, `is_personal_best`, `is_season_type_best`)
  VALUES (548208, 3, 1, 0, 0, 568.16, 568.16, 1, 46, 60, 97234, 30692, 571, 80968, 1, '2017-02-11 08:13:59', '2017-02-11 08:13:59', NULL, 0.0, 0.0, 0.0, 3803, 0, 0);

INSERT INTO `meeting_individual_results` (`id`, `rank`, `is_play_off`, `is_out_of_race`, `is_disqualified`, `standard_points`, `meeting_individual_points`, `minutes`, `seconds`, `hundreds`, `meeting_program_id`, `swimmer_id`, `team_id`, `badge_id`, `user_id`, `created_at`, `updated_at`, `disqualification_code_type_id`, `goggle_cup_points`, `reaction_time`, `team_points`, `team_affiliation_id`, `is_personal_best`, `is_season_type_best`)
  VALUES (548209, 1, 1, 0, 0, 814.21, 814.21, 1, 17, 20, 97235, 12212, 578, 80946, 1, '2017-02-11 08:13:59', '2017-02-11 08:13:59', NULL, 0.0, 0.0, 0.0, 3815, 0, 0);

INSERT INTO `meeting_individual_results` (`id`, `rank`, `is_play_off`, `is_out_of_race`, `is_disqualified`, `standard_points`, `meeting_individual_points`, `minutes`, `seconds`, `hundreds`, `meeting_program_id`, `swimmer_id`, `team_id`, `badge_id`, `user_id`, `created_at`, `updated_at`, `disqualification_code_type_id`, `goggle_cup_points`, `reaction_time`, `team_points`, `team_affiliation_id`, `is_personal_best`, `is_season_type_best`)
  VALUES (548210, 2, 1, 0, 0, 647.69, 647.69, 1, 37, 10, 97235, 13248, 563, 81065, 1, '2017-02-11 08:13:59', '2017-02-11 08:13:59', NULL, 0.0, 0.0, 0.0, 3805, 0, 0);

INSERT INTO `meeting_individual_results` (`id`, `rank`, `is_play_off`, `is_out_of_race`, `is_disqualified`, `standard_points`, `meeting_individual_points`, `minutes`, `seconds`, `hundreds`, `meeting_program_id`, `swimmer_id`, `team_id`, `badge_id`, `user_id`, `created_at`, `updated_at`, `disqualification_code_type_id`, `goggle_cup_points`, `reaction_time`, `team_points`, `team_affiliation_id`, `is_personal_best`, `is_season_type_best`)
  VALUES (548211, 1, 1, 0, 0, 720.64, 720.64, 1, 30, 90, 97236, 12248, 563, 80892, 1, '2017-02-11 08:13:59', '2017-02-11 08:13:59', NULL, 0.0, 0.0, 0.0, 3805, 0, 0);

INSERT INTO `meeting_individual_results` (`id`, `rank`, `is_play_off`, `is_out_of_race`, `is_disqualified`, `standard_points`, `meeting_individual_points`, `minutes`, `seconds`, `hundreds`, `meeting_program_id`, `swimmer_id`, `team_id`, `badge_id`, `user_id`, `created_at`, `updated_at`, `disqualification_code_type_id`, `goggle_cup_points`, `reaction_time`, `team_points`, `team_affiliation_id`, `is_personal_best`, `is_season_type_best`)
  VALUES (548212, 2, 1, 0, 0, 478.5, 478.5, 2, 17, 0, 97236, 12144, 571, 80808, 1, '2017-02-11 08:13:59', '2017-02-11 08:13:59', NULL, 0.0, 0.0, 0.0, 3803, 0, 0);

INSERT INTO `meeting_individual_results` (`id`, `rank`, `is_play_off`, `is_out_of_race`, `is_disqualified`, `standard_points`, `meeting_individual_points`, `minutes`, `seconds`, `hundreds`, `meeting_program_id`, `swimmer_id`, `team_id`, `badge_id`, `user_id`, `created_at`, `updated_at`, `disqualification_code_type_id`, `goggle_cup_points`, `reaction_time`, `team_points`, `team_affiliation_id`, `is_personal_best`, `is_season_type_best`)
  VALUES (548213, 1, 1, 0, 0, 0.0, 0.0, 1, 28, 20, 97237, 12133, 571, 81077, 1, '2017-02-11 08:13:59', '2017-02-11 08:13:59', NULL, 0.0, 0.0, 0.0, 3803, 0, 0);

INSERT INTO `meeting_individual_results` (`id`, `rank`, `is_play_off`, `is_out_of_race`, `is_disqualified`, `standard_points`, `meeting_individual_points`, `minutes`, `seconds`, `hundreds`, `meeting_program_id`, `swimmer_id`, `team_id`, `badge_id`, `user_id`, `created_at`, `updated_at`, `disqualification_code_type_id`, `goggle_cup_points`, `reaction_time`, `team_points`, `team_affiliation_id`, `is_personal_best`, `is_season_type_best`)
  VALUES (548214, 2, 1, 0, 0, 0.0, 0.0, 1, 30, 50, 97237, 30772, 589, 81102, 1, '2017-02-11 08:14:00', '2017-02-11 08:14:00', NULL, 0.0, 0.0, 0.0, 3829, 0, 0);

INSERT INTO `meeting_individual_results` (`id`, `rank`, `is_play_off`, `is_out_of_race`, `is_disqualified`, `standard_points`, `meeting_individual_points`, `minutes`, `seconds`, `hundreds`, `meeting_program_id`, `swimmer_id`, `team_id`, `badge_id`, `user_id`, `created_at`, `updated_at`, `disqualification_code_type_id`, `goggle_cup_points`, `reaction_time`, `team_points`, `team_affiliation_id`, `is_personal_best`, `is_season_type_best`)
  VALUES (548215, 1, 1, 0, 0, 756.8, 756.8, 1, 15, 50, 97238, 11940, 589, 80821, 1, '2017-02-11 08:14:00', '2017-02-11 08:14:00', NULL, 0.0, 0.0, 0.0, 3829, 0, 0);

INSERT INTO `meeting_individual_results` (`id`, `rank`, `is_play_off`, `is_out_of_race`, `is_disqualified`, `standard_points`, `meeting_individual_points`, `minutes`, `seconds`, `hundreds`, `meeting_program_id`, `swimmer_id`, `team_id`, `badge_id`, `user_id`, `created_at`, `updated_at`, `disqualification_code_type_id`, `goggle_cup_points`, `reaction_time`, `team_points`, `team_affiliation_id`, `is_personal_best`, `is_season_type_best`)
  VALUES (548216, 2, 1, 0, 0, 728.88, 728.88, 1, 18, 40, 97238, 12143, 587, 80822, 1, '2017-02-11 08:14:00', '2017-02-11 08:14:00', NULL, 0.0, 0.0, 0.0, 3827, 0, 0);

INSERT INTO `meeting_individual_results` (`id`, `rank`, `is_play_off`, `is_out_of_race`, `is_disqualified`, `standard_points`, `meeting_individual_points`, `minutes`, `seconds`, `hundreds`, `meeting_program_id`, `swimmer_id`, `team_id`, `badge_id`, `user_id`, `created_at`, `updated_at`, `disqualification_code_type_id`, `goggle_cup_points`, `reaction_time`, `team_points`, `team_affiliation_id`, `is_personal_best`, `is_season_type_best`)
  VALUES (548217, 3, 1, 0, 0, 655.49, 655.49, 1, 27, 20, 97238, 29734, 589, 81103, 1, '2017-02-11 08:14:00', '2017-02-11 08:14:00', NULL, 0.0, 0.0, 0.0, 3829, 0, 0);

INSERT INTO `meeting_individual_results` (`id`, `rank`, `is_play_off`, `is_out_of_race`, `is_disqualified`, `standard_points`, `meeting_individual_points`, `minutes`, `seconds`, `hundreds`, `meeting_program_id`, `swimmer_id`, `team_id`, `badge_id`, `user_id`, `created_at`, `updated_at`, `disqualification_code_type_id`, `goggle_cup_points`, `reaction_time`, `team_points`, `team_affiliation_id`, `is_personal_best`, `is_season_type_best`)
  VALUES (548218, 4, 1, 0, 0, 622.04, 622.04, 1, 31, 90, 97238, 12240, 587, 81104, 1, '2017-02-11 08:14:00', '2017-02-11 08:14:00', NULL, 0.0, 0.0, 0.0, 3827, 0, 0);

INSERT INTO `meeting_individual_results` (`id`, `rank`, `is_play_off`, `is_out_of_race`, `is_disqualified`, `standard_points`, `meeting_individual_points`, `minutes`, `seconds`, `hundreds`, `meeting_program_id`, `swimmer_id`, `team_id`, `badge_id`, `user_id`, `created_at`, `updated_at`, `disqualification_code_type_id`, `goggle_cup_points`, `reaction_time`, `team_points`, `team_affiliation_id`, `is_personal_best`, `is_season_type_best`)
  VALUES (548219, 5, 1, 0, 0, 548.23, 548.23, 1, 44, 30, 97238, 13276, 550, 80668, 1, '2017-02-11 08:14:00', '2017-02-11 08:14:00', NULL, 0.0, 0.0, 0.0, 3831, 0, 0);

INSERT INTO `meeting_individual_results` (`id`, `rank`, `is_play_off`, `is_out_of_race`, `is_disqualified`, `standard_points`, `meeting_individual_points`, `minutes`, `seconds`, `hundreds`, `meeting_program_id`, `swimmer_id`, `team_id`, `badge_id`, `user_id`, `created_at`, `updated_at`, `disqualification_code_type_id`, `goggle_cup_points`, `reaction_time`, `team_points`, `team_affiliation_id`, `is_personal_best`, `is_season_type_best`)
  VALUES (548220, 1, 1, 0, 0, 609.84, 609.84, 1, 33, 30, 97239, 31939, 550, 80831, 1, '2017-02-11 08:14:00', '2017-02-11 08:14:00', NULL, 0.0, 0.0, 0.0, 3831, 0, 0);

INSERT INTO `meeting_individual_results` (`id`, `rank`, `is_play_off`, `is_out_of_race`, `is_disqualified`, `standard_points`, `meeting_individual_points`, `minutes`, `seconds`, `hundreds`, `meeting_program_id`, `swimmer_id`, `team_id`, `badge_id`, `user_id`, `created_at`, `updated_at`, `disqualification_code_type_id`, `goggle_cup_points`, `reaction_time`, `team_points`, `team_affiliation_id`, `is_personal_best`, `is_season_type_best`)
  VALUES (548221, 2, 1, 0, 0, 527.47, 527.47, 1, 47, 90, 97239, 17201, 587, 80750, 1, '2017-02-11 08:14:00', '2017-02-11 08:14:00', NULL, 0.0, 0.0, 0.0, 3827, 0, 0);

INSERT INTO `meeting_individual_results` (`id`, `rank`, `is_play_off`, `is_out_of_race`, `is_disqualified`, `standard_points`, `meeting_individual_points`, `minutes`, `seconds`, `hundreds`, `meeting_program_id`, `swimmer_id`, `team_id`, `badge_id`, `user_id`, `created_at`, `updated_at`, `disqualification_code_type_id`, `goggle_cup_points`, `reaction_time`, `team_points`, `team_affiliation_id`, `is_personal_best`, `is_season_type_best`)
  VALUES (548222, 1, 1, 0, 0, 419.31, 419.31, 2, 19, 10, 97240, 32001, 571, 81105, 1, '2017-02-11 08:14:00', '2017-02-11 08:14:00', NULL, 0.0, 0.0, 0.0, 3803, 0, 0);

INSERT INTO `meeting_individual_results` (`id`, `rank`, `is_play_off`, `is_out_of_race`, `is_disqualified`, `standard_points`, `meeting_individual_points`, `minutes`, `seconds`, `hundreds`, `meeting_program_id`, `swimmer_id`, `team_id`, `badge_id`, `user_id`, `created_at`, `updated_at`, `disqualification_code_type_id`, `goggle_cup_points`, `reaction_time`, `team_points`, `team_affiliation_id`, `is_personal_best`, `is_season_type_best`)
  VALUES (548223, 1, 1, 0, 0, 891.44, 891.44, 0, 55, 90, 97241, 18309, 571, 81013, 1, '2017-02-11 08:14:00', '2017-02-11 08:14:00', NULL, 0.0, 0.0, 0.0, 3803, 0, 0);

INSERT INTO `meeting_individual_results` (`id`, `rank`, `is_play_off`, `is_out_of_race`, `is_disqualified`, `standard_points`, `meeting_individual_points`, `minutes`, `seconds`, `hundreds`, `meeting_program_id`, `swimmer_id`, `team_id`, `badge_id`, `user_id`, `created_at`, `updated_at`, `disqualification_code_type_id`, `goggle_cup_points`, `reaction_time`, `team_points`, `team_affiliation_id`, `is_personal_best`, `is_season_type_best`)
  VALUES (548224, 2, 1, 0, 0, 810.53, 810.53, 1, 1, 50, 97241, 29783, 563, 80682, 1, '2017-02-11 08:14:00', '2017-02-11 08:14:00', NULL, 0.0, 0.0, 0.0, 3805, 0, 0);

INSERT INTO `meeting_individual_results` (`id`, `rank`, `is_play_off`, `is_out_of_race`, `is_disqualified`, `standard_points`, `meeting_individual_points`, `minutes`, `seconds`, `hundreds`, `meeting_program_id`, `swimmer_id`, `team_id`, `badge_id`, `user_id`, `created_at`, `updated_at`, `disqualification_code_type_id`, `goggle_cup_points`, `reaction_time`, `team_points`, `team_affiliation_id`, `is_personal_best`, `is_season_type_best`)
  VALUES (548225, 3, 1, 0, 0, 653.73, 653.73, 1, 16, 30, 97241, 12108, 550, 80728, 1, '2017-02-11 08:14:00', '2017-02-11 08:14:00', NULL, 0.0, 0.0, 0.0, 3831, 0, 0);

INSERT INTO `meeting_individual_results` (`id`, `rank`, `is_play_off`, `is_out_of_race`, `is_disqualified`, `standard_points`, `meeting_individual_points`, `minutes`, `seconds`, `hundreds`, `meeting_program_id`, `swimmer_id`, `team_id`, `badge_id`, `user_id`, `created_at`, `updated_at`, `disqualification_code_type_id`, `goggle_cup_points`, `reaction_time`, `team_points`, `team_affiliation_id`, `is_personal_best`, `is_season_type_best`)
  VALUES (548226, 1, 1, 0, 0, 750.22, 750.22, 1, 6, 90, 97242, 3944, 1068, 81106, 1, '2017-02-11 08:14:00', '2017-02-11 08:14:00', NULL, 0.0, 0.0, 0.0, 3802, 0, 0);

INSERT INTO `meeting_individual_results` (`id`, `rank`, `is_play_off`, `is_out_of_race`, `is_disqualified`, `standard_points`, `meeting_individual_points`, `minutes`, `seconds`, `hundreds`, `meeting_program_id`, `swimmer_id`, `team_id`, `badge_id`, `user_id`, `created_at`, `updated_at`, `disqualification_code_type_id`, `goggle_cup_points`, `reaction_time`, `team_points`, `team_affiliation_id`, `is_personal_best`, `is_season_type_best`)
  VALUES (548227, 2, 1, 0, 0, 745.78, 745.78, 1, 7, 30, 97242, 32000, 550, 81107, 1, '2017-02-11 08:14:00', '2017-02-11 08:14:00', NULL, 0.0, 0.0, 0.0, 3831, 0, 0);

INSERT INTO `meeting_individual_results` (`id`, `rank`, `is_play_off`, `is_out_of_race`, `is_disqualified`, `standard_points`, `meeting_individual_points`, `minutes`, `seconds`, `hundreds`, `meeting_program_id`, `swimmer_id`, `team_id`, `badge_id`, `user_id`, `created_at`, `updated_at`, `disqualification_code_type_id`, `goggle_cup_points`, `reaction_time`, `team_points`, `team_affiliation_id`, `is_personal_best`, `is_season_type_best`)
  VALUES (548228, 3, 1, 0, 0, 686.77, 686.77, 1, 13, 10, 97242, 29651, 550, 80685, 1, '2017-02-11 08:14:00', '2017-02-11 08:14:00', NULL, 0.0, 0.0, 0.0, 3831, 0, 0);

INSERT INTO `meeting_individual_results` (`id`, `rank`, `is_play_off`, `is_out_of_race`, `is_disqualified`, `standard_points`, `meeting_individual_points`, `minutes`, `seconds`, `hundreds`, `meeting_program_id`, `swimmer_id`, `team_id`, `badge_id`, `user_id`, `created_at`, `updated_at`, `disqualification_code_type_id`, `goggle_cup_points`, `reaction_time`, `team_points`, `team_affiliation_id`, `is_personal_best`, `is_season_type_best`)
  VALUES (548229, 1, 1, 0, 0, 805.66, 805.66, 1, 3, 40, 97243, 12163, 581, 81108, 1, '2017-02-11 08:14:00', '2017-02-11 08:14:00', NULL, 0.0, 0.0, 0.0, 3818, 0, 0);

INSERT INTO `meeting_individual_results` (`id`, `rank`, `is_play_off`, `is_out_of_race`, `is_disqualified`, `standard_points`, `meeting_individual_points`, `minutes`, `seconds`, `hundreds`, `meeting_program_id`, `swimmer_id`, `team_id`, `badge_id`, `user_id`, `created_at`, `updated_at`, `disqualification_code_type_id`, `goggle_cup_points`, `reaction_time`, `team_points`, `team_affiliation_id`, `is_personal_best`, `is_season_type_best`)
  VALUES (548230, 2, 1, 0, 0, 592.37, 592.37, 1, 26, 30, 97243, 13223, 587, 81109, 1, '2017-02-11 08:14:01', '2017-02-11 08:14:01', NULL, 0.0, 0.0, 0.0, 3827, 0, 0);

INSERT INTO `meeting_individual_results` (`id`, `rank`, `is_play_off`, `is_out_of_race`, `is_disqualified`, `standard_points`, `meeting_individual_points`, `minutes`, `seconds`, `hundreds`, `meeting_program_id`, `swimmer_id`, `team_id`, `badge_id`, `user_id`, `created_at`, `updated_at`, `disqualification_code_type_id`, `goggle_cup_points`, `reaction_time`, `team_points`, `team_affiliation_id`, `is_personal_best`, `is_season_type_best`)
  VALUES (548231, 3, 1, 0, 0, 553.95, 553.95, 1, 32, 30, 97243, 13245, 589, 80789, 1, '2017-02-11 08:14:01', '2017-02-11 08:14:01', NULL, 0.0, 0.0, 0.0, 3829, 0, 0);

INSERT INTO `meeting_individual_results` (`id`, `rank`, `is_play_off`, `is_out_of_race`, `is_disqualified`, `standard_points`, `meeting_individual_points`, `minutes`, `seconds`, `hundreds`, `meeting_program_id`, `swimmer_id`, `team_id`, `badge_id`, `user_id`, `created_at`, `updated_at`, `disqualification_code_type_id`, `goggle_cup_points`, `reaction_time`, `team_points`, `team_affiliation_id`, `is_personal_best`, `is_season_type_best`)
  VALUES (548232, 1, 1, 0, 0, 641.13, 641.13, 1, 23, 20, 97244, 12154, 563, 81056, 1, '2017-02-11 08:14:01', '2017-02-11 08:14:01', NULL, 0.0, 0.0, 0.0, 3805, 0, 0);

INSERT INTO `meeting_individual_results` (`id`, `rank`, `is_play_off`, `is_out_of_race`, `is_disqualified`, `standard_points`, `meeting_individual_points`, `minutes`, `seconds`, `hundreds`, `meeting_program_id`, `swimmer_id`, `team_id`, `badge_id`, `user_id`, `created_at`, `updated_at`, `disqualification_code_type_id`, `goggle_cup_points`, `reaction_time`, `team_points`, `team_affiliation_id`, `is_personal_best`, `is_season_type_best`)
  VALUES (548233, 2, 1, 0, 0, 497.4, 497.4, 1, 47, 30, 97244, 32002, 571, 81110, 1, '2017-02-11 08:14:01', '2017-02-11 08:14:01', NULL, 0.0, 0.0, 0.0, 3803, 0, 0);

INSERT INTO `meeting_individual_results` (`id`, `rank`, `is_play_off`, `is_out_of_race`, `is_disqualified`, `standard_points`, `meeting_individual_points`, `minutes`, `seconds`, `hundreds`, `meeting_program_id`, `swimmer_id`, `team_id`, `badge_id`, `user_id`, `created_at`, `updated_at`, `disqualification_code_type_id`, `goggle_cup_points`, `reaction_time`, `team_points`, `team_affiliation_id`, `is_personal_best`, `is_season_type_best`)
  VALUES (548234, 1, 1, 0, 0, 797.53, 797.53, 1, 8, 60, 97245, 12212, 578, 80946, 1, '2017-02-11 08:14:01', '2017-02-11 08:14:01', NULL, 0.0, 0.0, 0.0, 3815, 0, 0);

INSERT INTO `meeting_individual_results` (`id`, `rank`, `is_play_off`, `is_out_of_race`, `is_disqualified`, `standard_points`, `meeting_individual_points`, `minutes`, `seconds`, `hundreds`, `meeting_program_id`, `swimmer_id`, `team_id`, `badge_id`, `user_id`, `created_at`, `updated_at`, `disqualification_code_type_id`, `goggle_cup_points`, `reaction_time`, `team_points`, `team_affiliation_id`, `is_personal_best`, `is_season_type_best`)
  VALUES (548235, 1, 1, 0, 0, 0.0, 0.0, 0, 59, 20, 97246, 13264, 587, 81111, 1, '2017-02-11 08:14:01', '2017-02-11 08:14:01', NULL, 0.0, 0.0, 0.0, 3827, 0, 0);

INSERT INTO `meeting_individual_results` (`id`, `rank`, `is_play_off`, `is_out_of_race`, `is_disqualified`, `standard_points`, `meeting_individual_points`, `minutes`, `seconds`, `hundreds`, `meeting_program_id`, `swimmer_id`, `team_id`, `badge_id`, `user_id`, `created_at`, `updated_at`, `disqualification_code_type_id`, `goggle_cup_points`, `reaction_time`, `team_points`, `team_affiliation_id`, `is_personal_best`, `is_season_type_best`)
  VALUES (548236, 2, 1, 0, 0, 0.0, 0.0, 1, 7, 10, 97246, 26524, 550, 80901, 1, '2017-02-11 08:14:01', '2017-02-11 08:14:01', NULL, 0.0, 0.0, 0.0, 3831, 0, 0);

INSERT INTO `meeting_individual_results` (`id`, `rank`, `is_play_off`, `is_out_of_race`, `is_disqualified`, `standard_points`, `meeting_individual_points`, `minutes`, `seconds`, `hundreds`, `meeting_program_id`, `swimmer_id`, `team_id`, `badge_id`, `user_id`, `created_at`, `updated_at`, `disqualification_code_type_id`, `goggle_cup_points`, `reaction_time`, `team_points`, `team_affiliation_id`, `is_personal_best`, `is_season_type_best`)
  VALUES (548237, 3, 1, 0, 0, 0.0, 0.0, 1, 15, 80, 97246, 12133, 571, 81077, 1, '2017-02-11 08:14:01', '2017-02-11 08:14:01', NULL, 0.0, 0.0, 0.0, 3803, 0, 0);

INSERT INTO `meeting_individual_results` (`id`, `rank`, `is_play_off`, `is_out_of_race`, `is_disqualified`, `standard_points`, `meeting_individual_points`, `minutes`, `seconds`, `hundreds`, `meeting_program_id`, `swimmer_id`, `team_id`, `badge_id`, `user_id`, `created_at`, `updated_at`, `disqualification_code_type_id`, `goggle_cup_points`, `reaction_time`, `team_points`, `team_affiliation_id`, `is_personal_best`, `is_season_type_best`)
  VALUES (548238, 1, 1, 0, 0, 639.23, 639.23, 0, 46, 70, 97247, 29734, 589, 81103, 1, '2017-02-11 08:14:01', '2017-02-11 08:14:01', NULL, 0.0, 0.0, 0.0, 3829, 0, 0);

INSERT INTO `meeting_individual_results` (`id`, `rank`, `is_play_off`, `is_out_of_race`, `is_disqualified`, `standard_points`, `meeting_individual_points`, `minutes`, `seconds`, `hundreds`, `meeting_program_id`, `swimmer_id`, `team_id`, `badge_id`, `user_id`, `created_at`, `updated_at`, `disqualification_code_type_id`, `goggle_cup_points`, `reaction_time`, `team_points`, `team_affiliation_id`, `is_personal_best`, `is_season_type_best`)
  VALUES (548239, 2, 1, 0, 0, 609.35, 609.35, 0, 49, 0, 97247, 20286, 550, 80714, 1, '2017-02-11 08:14:01', '2017-02-11 08:14:01', NULL, 0.0, 0.0, 0.0, 3831, 0, 0);

INSERT INTO `meeting_individual_results` (`id`, `rank`, `is_play_off`, `is_out_of_race`, `is_disqualified`, `standard_points`, `meeting_individual_points`, `minutes`, `seconds`, `hundreds`, `meeting_program_id`, `swimmer_id`, `team_id`, `badge_id`, `user_id`, `created_at`, `updated_at`, `disqualification_code_type_id`, `goggle_cup_points`, `reaction_time`, `team_points`, `team_affiliation_id`, `is_personal_best`, `is_season_type_best`)
  VALUES (548240, 3, 1, 0, 0, 569.96, 569.96, 0, 52, 40, 97247, 12240, 587, 81104, 1, '2017-02-11 08:14:01', '2017-02-11 08:14:01', NULL, 0.0, 0.0, 0.0, 3827, 0, 0);

INSERT INTO `meeting_individual_results` (`id`, `rank`, `is_play_off`, `is_out_of_race`, `is_disqualified`, `standard_points`, `meeting_individual_points`, `minutes`, `seconds`, `hundreds`, `meeting_program_id`, `swimmer_id`, `team_id`, `badge_id`, `user_id`, `created_at`, `updated_at`, `disqualification_code_type_id`, `goggle_cup_points`, `reaction_time`, `team_points`, `team_affiliation_id`, `is_personal_best`, `is_season_type_best`)
  VALUES (548241, 4, 1, 0, 0, 532.5, 532.5, 0, 56, 10, 97247, 13276, 550, 80668, 1, '2017-02-11 08:14:01', '2017-02-11 08:14:01', NULL, 0.0, 0.0, 0.0, 3831, 0, 0);

INSERT INTO `meeting_individual_results` (`id`, `rank`, `is_play_off`, `is_out_of_race`, `is_disqualified`, `standard_points`, `meeting_individual_points`, `minutes`, `seconds`, `hundreds`, `meeting_program_id`, `swimmer_id`, `team_id`, `badge_id`, `user_id`, `created_at`, `updated_at`, `disqualification_code_type_id`, `goggle_cup_points`, `reaction_time`, `team_points`, `team_affiliation_id`, `is_personal_best`, `is_season_type_best`)
  VALUES (548242, 1, 1, 0, 0, 815.7, 815.7, 0, 36, 10, 97248, 26552, 581, 81112, 1, '2017-02-11 08:14:01', '2017-02-11 08:14:01', NULL, 0.0, 0.0, 0.0, 3818, 0, 0);

INSERT INTO `meeting_individual_results` (`id`, `rank`, `is_play_off`, `is_out_of_race`, `is_disqualified`, `standard_points`, `meeting_individual_points`, `minutes`, `seconds`, `hundreds`, `meeting_program_id`, `swimmer_id`, `team_id`, `badge_id`, `user_id`, `created_at`, `updated_at`, `disqualification_code_type_id`, `goggle_cup_points`, `reaction_time`, `team_points`, `team_affiliation_id`, `is_personal_best`, `is_season_type_best`)
  VALUES (548243, 2, 1, 0, 0, 580.59, 580.59, 0, 50, 80, 97248, 18310, 571, 80996, 1, '2017-02-11 08:14:01', '2017-02-11 08:14:01', NULL, 0.0, 0.0, 0.0, 3803, 0, 0);

INSERT INTO `meeting_individual_results` (`id`, `rank`, `is_play_off`, `is_out_of_race`, `is_disqualified`, `standard_points`, `meeting_individual_points`, `minutes`, `seconds`, `hundreds`, `meeting_program_id`, `swimmer_id`, `team_id`, `badge_id`, `user_id`, `created_at`, `updated_at`, `disqualification_code_type_id`, `goggle_cup_points`, `reaction_time`, `team_points`, `team_affiliation_id`, `is_personal_best`, `is_season_type_best`)
  VALUES (548244, 3, 1, 0, 0, 548.33, 548.33, 0, 53, 80, 97248, 31939, 550, 80831, 1, '2017-02-11 08:14:01', '2017-02-11 08:14:01', NULL, 0.0, 0.0, 0.0, 3831, 0, 0);

INSERT INTO `meeting_individual_results` (`id`, `rank`, `is_play_off`, `is_out_of_race`, `is_disqualified`, `standard_points`, `meeting_individual_points`, `minutes`, `seconds`, `hundreds`, `meeting_program_id`, `swimmer_id`, `team_id`, `badge_id`, `user_id`, `created_at`, `updated_at`, `disqualification_code_type_id`, `goggle_cup_points`, `reaction_time`, `team_points`, `team_affiliation_id`, `is_personal_best`, `is_season_type_best`)
  VALUES (548245, 4, 1, 0, 0, 455.54, 455.54, 1, 4, 80, 97248, 29766, 589, 81113, 1, '2017-02-11 08:14:01', '2017-02-11 08:14:01', NULL, 0.0, 0.0, 0.0, 3829, 0, 0);

INSERT INTO `meeting_individual_results` (`id`, `rank`, `is_play_off`, `is_out_of_race`, `is_disqualified`, `standard_points`, `meeting_individual_points`, `minutes`, `seconds`, `hundreds`, `meeting_program_id`, `swimmer_id`, `team_id`, `badge_id`, `user_id`, `created_at`, `updated_at`, `disqualification_code_type_id`, `goggle_cup_points`, `reaction_time`, `team_points`, `team_affiliation_id`, `is_personal_best`, `is_season_type_best`)
  VALUES (548246, 1, 1, 0, 0, 481.8, 481.8, 1, 3, 0, 97249, 32001, 571, 81105, 1, '2017-02-11 08:14:01', '2017-02-11 08:14:01', NULL, 0.0, 0.0, 0.0, 3803, 0, 0);

INSERT INTO `meeting_individual_results` (`id`, `rank`, `is_play_off`, `is_out_of_race`, `is_disqualified`, `standard_points`, `meeting_individual_points`, `minutes`, `seconds`, `hundreds`, `meeting_program_id`, `swimmer_id`, `team_id`, `badge_id`, `user_id`, `created_at`, `updated_at`, `disqualification_code_type_id`, `goggle_cup_points`, `reaction_time`, `team_points`, `team_affiliation_id`, `is_personal_best`, `is_season_type_best`)
  VALUES (548247, 1, 1, 0, 0, 683.33, 683.33, 0, 45, 40, 97250, 12208, 589, 80914, 1, '2017-02-11 08:14:02', '2017-02-11 08:14:02', NULL, 0.0, 0.0, 0.0, 3829, 0, 0);

INSERT INTO `meeting_individual_results` (`id`, `rank`, `is_play_off`, `is_out_of_race`, `is_disqualified`, `standard_points`, `meeting_individual_points`, `minutes`, `seconds`, `hundreds`, `meeting_program_id`, `swimmer_id`, `team_id`, `badge_id`, `user_id`, `created_at`, `updated_at`, `disqualification_code_type_id`, `goggle_cup_points`, `reaction_time`, `team_points`, `team_affiliation_id`, `is_personal_best`, `is_season_type_best`)
  VALUES (548248, 2, 1, 0, 0, 516.75, 516.75, 1, 0, 10, 97250, 13256, 550, 80674, 1, '2017-02-11 08:14:02', '2017-02-11 08:14:02', NULL, 0.0, 0.0, 0.0, 3831, 0, 0);

INSERT INTO `meeting_individual_results` (`id`, `rank`, `is_play_off`, `is_out_of_race`, `is_disqualified`, `standard_points`, `meeting_individual_points`, `minutes`, `seconds`, `hundreds`, `meeting_program_id`, `swimmer_id`, `team_id`, `badge_id`, `user_id`, `created_at`, `updated_at`, `disqualification_code_type_id`, `goggle_cup_points`, `reaction_time`, `team_points`, `team_affiliation_id`, `is_personal_best`, `is_season_type_best`)
  VALUES (548249, 1, 1, 0, 0, 628.22, 628.22, 0, 56, 50, 97251, 11748, 563, 81114, 1, '2017-02-11 08:14:02', '2017-02-11 08:14:02', NULL, 0.0, 0.0, 0.0, 3805, 0, 0);

INSERT INTO `meeting_individual_results` (`id`, `rank`, `is_play_off`, `is_out_of_race`, `is_disqualified`, `standard_points`, `meeting_individual_points`, `minutes`, `seconds`, `hundreds`, `meeting_program_id`, `swimmer_id`, `team_id`, `badge_id`, `user_id`, `created_at`, `updated_at`, `disqualification_code_type_id`, `goggle_cup_points`, `reaction_time`, `team_points`, `team_affiliation_id`, `is_personal_best`, `is_season_type_best`)
  VALUES (548250, 1, 1, 0, 0, 0.0, 0.0, 0, 36, 60, 97252, 13265, 571, 80955, 1, '2017-02-11 08:14:02', '2017-02-11 08:14:02', NULL, 0.0, 0.0, 0.0, 3803, 0, 0);

INSERT INTO `meeting_individual_results` (`id`, `rank`, `is_play_off`, `is_out_of_race`, `is_disqualified`, `standard_points`, `meeting_individual_points`, `minutes`, `seconds`, `hundreds`, `meeting_program_id`, `swimmer_id`, `team_id`, `badge_id`, `user_id`, `created_at`, `updated_at`, `disqualification_code_type_id`, `goggle_cup_points`, `reaction_time`, `team_points`, `team_affiliation_id`, `is_personal_best`, `is_season_type_best`)
  VALUES (548251, 2, 1, 0, 0, 0.0, 0.0, 0, 55, 0, 97252, 13251, 578, 80844, 1, '2017-02-11 08:14:02', '2017-02-11 08:14:02', NULL, 0.0, 0.0, 0.0, 3815, 0, 0);

INSERT INTO `meeting_individual_results` (`id`, `rank`, `is_play_off`, `is_out_of_race`, `is_disqualified`, `standard_points`, `meeting_individual_points`, `minutes`, `seconds`, `hundreds`, `meeting_program_id`, `swimmer_id`, `team_id`, `badge_id`, `user_id`, `created_at`, `updated_at`, `disqualification_code_type_id`, `goggle_cup_points`, `reaction_time`, `team_points`, `team_affiliation_id`, `is_personal_best`, `is_season_type_best`)
  VALUES (548252, 1, 1, 0, 0, 684.99, 684.99, 0, 37, 10, 97253, 15394, 587, 81096, 1, '2017-02-11 08:14:02', '2017-02-11 08:14:02', NULL, 0.0, 0.0, 0.0, 3827, 0, 0);

INSERT INTO `meeting_individual_results` (`id`, `rank`, `is_play_off`, `is_out_of_race`, `is_disqualified`, `standard_points`, `meeting_individual_points`, `minutes`, `seconds`, `hundreds`, `meeting_program_id`, `swimmer_id`, `team_id`, `badge_id`, `user_id`, `created_at`, `updated_at`, `disqualification_code_type_id`, `goggle_cup_points`, `reaction_time`, `team_points`, `team_affiliation_id`, `is_personal_best`, `is_season_type_best`)
  VALUES (548253, 2, 1, 0, 0, 608.33, 608.33, 0, 41, 80, 97253, 31948, 550, 80959, 1, '2017-02-11 08:14:02', '2017-02-11 08:14:02', NULL, 0.0, 0.0, 0.0, 3831, 0, 0);

INSERT INTO `meeting_individual_results` (`id`, `rank`, `is_play_off`, `is_out_of_race`, `is_disqualified`, `standard_points`, `meeting_individual_points`, `minutes`, `seconds`, `hundreds`, `meeting_program_id`, `swimmer_id`, `team_id`, `badge_id`, `user_id`, `created_at`, `updated_at`, `disqualification_code_type_id`, `goggle_cup_points`, `reaction_time`, `team_points`, `team_affiliation_id`, `is_personal_best`, `is_season_type_best`)
  VALUES (548254, 1, 1, 0, 0, 719.5, 719.5, 0, 35, 70, 97254, 3944, 1068, 81106, 1, '2017-02-11 08:14:02', '2017-02-11 08:14:02', NULL, 0.0, 0.0, 0.0, 3802, 0, 0);

INSERT INTO `meeting_individual_results` (`id`, `rank`, `is_play_off`, `is_out_of_race`, `is_disqualified`, `standard_points`, `meeting_individual_points`, `minutes`, `seconds`, `hundreds`, `meeting_program_id`, `swimmer_id`, `team_id`, `badge_id`, `user_id`, `created_at`, `updated_at`, `disqualification_code_type_id`, `goggle_cup_points`, `reaction_time`, `team_points`, `team_affiliation_id`, `is_personal_best`, `is_season_type_best`)
  VALUES (548255, 2, 1, 0, 0, 672.66, 672.66, 0, 38, 20, 97254, 29651, 550, 80685, 1, '2017-02-11 08:14:02', '2017-02-11 08:14:02', NULL, 0.0, 0.0, 0.0, 3831, 0, 0);

INSERT INTO `meeting_individual_results` (`id`, `rank`, `is_play_off`, `is_out_of_race`, `is_disqualified`, `standard_points`, `meeting_individual_points`, `minutes`, `seconds`, `hundreds`, `meeting_program_id`, `swimmer_id`, `team_id`, `badge_id`, `user_id`, `created_at`, `updated_at`, `disqualification_code_type_id`, `goggle_cup_points`, `reaction_time`, `team_points`, `team_affiliation_id`, `is_personal_best`, `is_season_type_best`)
  VALUES (548256, 3, 1, 0, 0, 642.54, 642.54, 0, 40, 0, 97254, 31932, 550, 80964, 1, '2017-02-11 08:14:02', '2017-02-11 08:14:02', NULL, 0.0, 0.0, 0.0, 3831, 0, 0);

INSERT INTO `meeting_individual_results` (`id`, `rank`, `is_play_off`, `is_out_of_race`, `is_disqualified`, `standard_points`, `meeting_individual_points`, `minutes`, `seconds`, `hundreds`, `meeting_program_id`, `swimmer_id`, `team_id`, `badge_id`, `user_id`, `created_at`, `updated_at`, `disqualification_code_type_id`, `goggle_cup_points`, `reaction_time`, `team_points`, `team_affiliation_id`, `is_personal_best`, `is_season_type_best`)
  VALUES (548257, 1, 1, 0, 0, 864.19, 864.19, 0, 30, 80, 97255, 12019, 587, 80866, 1, '2017-02-11 08:14:02', '2017-02-11 08:14:02', NULL, 0.0, 0.0, 0.0, 3827, 0, 0);

INSERT INTO `meeting_individual_results` (`id`, `rank`, `is_play_off`, `is_out_of_race`, `is_disqualified`, `standard_points`, `meeting_individual_points`, `minutes`, `seconds`, `hundreds`, `meeting_program_id`, `swimmer_id`, `team_id`, `badge_id`, `user_id`, `created_at`, `updated_at`, `disqualification_code_type_id`, `goggle_cup_points`, `reaction_time`, `team_points`, `team_affiliation_id`, `is_personal_best`, `is_season_type_best`)
  VALUES (548258, 2, 1, 0, 0, 714.4, 714.4, 0, 37, 30, 97255, 30769, 587, 80869, 1, '2017-02-11 08:14:02', '2017-02-11 08:14:02', NULL, 0.0, 0.0, 0.0, 3827, 0, 0);

INSERT INTO `meeting_individual_results` (`id`, `rank`, `is_play_off`, `is_out_of_race`, `is_disqualified`, `standard_points`, `meeting_individual_points`, `minutes`, `seconds`, `hundreds`, `meeting_program_id`, `swimmer_id`, `team_id`, `badge_id`, `user_id`, `created_at`, `updated_at`, `disqualification_code_type_id`, `goggle_cup_points`, `reaction_time`, `team_points`, `team_affiliation_id`, `is_personal_best`, `is_season_type_best`)
  VALUES (548259, 3, 1, 0, 0, 666.42, 666.42, 0, 40, 0, 97255, 12093, 550, 80775, 1, '2017-02-11 08:14:02', '2017-02-11 08:14:02', NULL, 0.0, 0.0, 0.0, 3831, 0, 0);

INSERT INTO `meeting_individual_results` (`id`, `rank`, `is_play_off`, `is_out_of_race`, `is_disqualified`, `standard_points`, `meeting_individual_points`, `minutes`, `seconds`, `hundreds`, `meeting_program_id`, `swimmer_id`, `team_id`, `badge_id`, `user_id`, `created_at`, `updated_at`, `disqualification_code_type_id`, `goggle_cup_points`, `reaction_time`, `team_points`, `team_affiliation_id`, `is_personal_best`, `is_season_type_best`)
  VALUES (548260, 1, 1, 0, 0, 746.67, 746.67, 0, 40, 30, 97256, 12248, 563, 80892, 1, '2017-02-11 08:14:02', '2017-02-11 08:14:02', NULL, 0.0, 0.0, 0.0, 3805, 0, 0);

INSERT INTO `meeting_individual_results` (`id`, `rank`, `is_play_off`, `is_out_of_race`, `is_disqualified`, `standard_points`, `meeting_individual_points`, `minutes`, `seconds`, `hundreds`, `meeting_program_id`, `swimmer_id`, `team_id`, `badge_id`, `user_id`, `created_at`, `updated_at`, `disqualification_code_type_id`, `goggle_cup_points`, `reaction_time`, `team_points`, `team_affiliation_id`, `is_personal_best`, `is_season_type_best`)
  VALUES (548261, 1, 1, 0, 0, 0.0, 0.0, 1, 0, 90, 97257, 31949, 571, 81081, 1, '2017-02-11 08:14:02', '2017-02-11 08:14:02', NULL, 0.0, 0.0, 0.0, 3803, 0, 0);

INSERT INTO `meeting_individual_results` (`id`, `rank`, `is_play_off`, `is_out_of_race`, `is_disqualified`, `standard_points`, `meeting_individual_points`, `minutes`, `seconds`, `hundreds`, `meeting_program_id`, `swimmer_id`, `team_id`, `badge_id`, `user_id`, `created_at`, `updated_at`, `disqualification_code_type_id`, `goggle_cup_points`, `reaction_time`, `team_points`, `team_affiliation_id`, `is_personal_best`, `is_season_type_best`)
  VALUES (548262, 1, 1, 0, 0, 629.69, 629.69, 0, 44, 60, 97258, 12143, 587, 80822, 1, '2017-02-11 08:14:02', '2017-02-11 08:14:02', NULL, 0.0, 0.0, 0.0, 3827, 0, 0);

INSERT INTO `meeting_individual_results` (`id`, `rank`, `is_play_off`, `is_out_of_race`, `is_disqualified`, `standard_points`, `meeting_individual_points`, `minutes`, `seconds`, `hundreds`, `meeting_program_id`, `swimmer_id`, `team_id`, `badge_id`, `user_id`, `created_at`, `updated_at`, `disqualification_code_type_id`, `goggle_cup_points`, `reaction_time`, `team_points`, `team_affiliation_id`, `is_personal_best`, `is_season_type_best`)
  VALUES (548263, 2, 1, 0, 0, 625.5, 625.5, 0, 44, 90, 97258, 20286, 550, 80714, 1, '2017-02-11 08:14:02', '2017-02-11 08:14:02', NULL, 0.0, 0.0, 0.0, 3831, 0, 0);

INSERT INTO `meeting_individual_results` (`id`, `rank`, `is_play_off`, `is_out_of_race`, `is_disqualified`, `standard_points`, `meeting_individual_points`, `minutes`, `seconds`, `hundreds`, `meeting_program_id`, `swimmer_id`, `team_id`, `badge_id`, `user_id`, `created_at`, `updated_at`, `disqualification_code_type_id`, `goggle_cup_points`, `reaction_time`, `team_points`, `team_affiliation_id`, `is_personal_best`, `is_season_type_best`)
  VALUES (548264, 1, 1, 0, 0, 480.37, 480.37, 0, 58, 90, 97259, 29766, 589, 81113, 1, '2017-02-11 08:14:02', '2017-02-11 08:14:02', NULL, 0.0, 0.0, 0.0, 3829, 0, 0);

INSERT INTO `meeting_individual_results` (`id`, `rank`, `is_play_off`, `is_out_of_race`, `is_disqualified`, `standard_points`, `meeting_individual_points`, `minutes`, `seconds`, `hundreds`, `meeting_program_id`, `swimmer_id`, `team_id`, `badge_id`, `user_id`, `created_at`, `updated_at`, `disqualification_code_type_id`, `goggle_cup_points`, `reaction_time`, `team_points`, `team_affiliation_id`, `is_personal_best`, `is_season_type_best`)
  VALUES (548265, 1, 1, 0, 0, 578.2, 578.2, 0, 49, 80, 97260, 15449, 587, 80835, 1, '2017-02-11 08:14:03', '2017-02-11 08:14:03', NULL, 0.0, 0.0, 0.0, 3827, 0, 0);

INSERT INTO `meeting_individual_results` (`id`, `rank`, `is_play_off`, `is_out_of_race`, `is_disqualified`, `standard_points`, `meeting_individual_points`, `minutes`, `seconds`, `hundreds`, `meeting_program_id`, `swimmer_id`, `team_id`, `badge_id`, `user_id`, `created_at`, `updated_at`, `disqualification_code_type_id`, `goggle_cup_points`, `reaction_time`, `team_points`, `team_affiliation_id`, `is_personal_best`, `is_season_type_best`)
  VALUES (548266, 1, 1, 0, 0, 555.89, 555.89, 0, 52, 40, 97261, 13256, 550, 80674, 1, '2017-02-11 08:14:03', '2017-02-11 08:14:03', NULL, 0.0, 0.0, 0.0, 3831, 0, 0);

INSERT INTO `meeting_individual_results` (`id`, `rank`, `is_play_off`, `is_out_of_race`, `is_disqualified`, `standard_points`, `meeting_individual_points`, `minutes`, `seconds`, `hundreds`, `meeting_program_id`, `swimmer_id`, `team_id`, `badge_id`, `user_id`, `created_at`, `updated_at`, `disqualification_code_type_id`, `goggle_cup_points`, `reaction_time`, `team_points`, `team_affiliation_id`, `is_personal_best`, `is_season_type_best`)
  VALUES (548267, 1, 1, 0, 0, 581.13, 581.13, 0, 51, 20, 97262, 13272, 564, 80675, 1, '2017-02-11 08:14:03', '2017-02-11 08:14:03', NULL, 0.0, 0.0, 0.0, 3822, 0, 0);

INSERT INTO `meeting_individual_results` (`id`, `rank`, `is_play_off`, `is_out_of_race`, `is_disqualified`, `standard_points`, `meeting_individual_points`, `minutes`, `seconds`, `hundreds`, `meeting_program_id`, `swimmer_id`, `team_id`, `badge_id`, `user_id`, `created_at`, `updated_at`, `disqualification_code_type_id`, `goggle_cup_points`, `reaction_time`, `team_points`, `team_affiliation_id`, `is_personal_best`, `is_season_type_best`)
  VALUES (548268, 1, 1, 0, 0, 0.0, 0.0, 0, 37, 0, 97263, 13265, 571, 80955, 1, '2017-02-11 08:14:03', '2017-02-11 08:14:03', NULL, 0.0, 0.0, 0.0, 3803, 0, 0);

INSERT INTO `meeting_individual_results` (`id`, `rank`, `is_play_off`, `is_out_of_race`, `is_disqualified`, `standard_points`, `meeting_individual_points`, `minutes`, `seconds`, `hundreds`, `meeting_program_id`, `swimmer_id`, `team_id`, `badge_id`, `user_id`, `created_at`, `updated_at`, `disqualification_code_type_id`, `goggle_cup_points`, `reaction_time`, `team_points`, `team_affiliation_id`, `is_personal_best`, `is_season_type_best`)
  VALUES (548269, 1, 1, 0, 0, 744.21, 744.21, 0, 32, 60, 97264, 32000, 550, 81107, 1, '2017-02-11 08:14:03', '2017-02-11 08:14:03', NULL, 0.0, 0.0, 0.0, 3831, 0, 0);

INSERT INTO `meeting_individual_results` (`id`, `rank`, `is_play_off`, `is_out_of_race`, `is_disqualified`, `standard_points`, `meeting_individual_points`, `minutes`, `seconds`, `hundreds`, `meeting_program_id`, `swimmer_id`, `team_id`, `badge_id`, `user_id`, `created_at`, `updated_at`, `disqualification_code_type_id`, `goggle_cup_points`, `reaction_time`, `team_points`, `team_affiliation_id`, `is_personal_best`, `is_season_type_best`)
  VALUES (548270, 2, 1, 0, 0, 676.18, 676.18, 0, 35, 90, 97264, 29620, 550, 81099, 1, '2017-02-11 08:14:03', '2017-02-11 08:14:03', NULL, 0.0, 0.0, 0.0, 3831, 0, 0);

INSERT INTO `meeting_individual_results` (`id`, `rank`, `is_play_off`, `is_out_of_race`, `is_disqualified`, `standard_points`, `meeting_individual_points`, `minutes`, `seconds`, `hundreds`, `meeting_program_id`, `swimmer_id`, `team_id`, `badge_id`, `user_id`, `created_at`, `updated_at`, `disqualification_code_type_id`, `goggle_cup_points`, `reaction_time`, `team_points`, `team_affiliation_id`, `is_personal_best`, `is_season_type_best`)
  VALUES (548271, 3, 1, 0, 0, 519.36, 519.36, 0, 46, 80, 97264, 30681, 571, 81115, 1, '2017-02-11 08:14:03', '2017-02-11 08:14:03', NULL, 0.0, 0.0, 0.0, 3803, 0, 0);

INSERT INTO `meeting_individual_results` (`id`, `rank`, `is_play_off`, `is_out_of_race`, `is_disqualified`, `standard_points`, `meeting_individual_points`, `minutes`, `seconds`, `hundreds`, `meeting_program_id`, `swimmer_id`, `team_id`, `badge_id`, `user_id`, `created_at`, `updated_at`, `disqualification_code_type_id`, `goggle_cup_points`, `reaction_time`, `team_points`, `team_affiliation_id`, `is_personal_best`, `is_season_type_best`)
  VALUES (548272, 4, 1, 0, 0, 510.67, 510.67, 0, 47, 60, 97264, 30703, 571, 81116, 1, '2017-02-11 08:14:03', '2017-02-11 08:14:03', NULL, 0.0, 0.0, 0.0, 3803, 0, 0);

INSERT INTO `meeting_individual_results` (`id`, `rank`, `is_play_off`, `is_out_of_race`, `is_disqualified`, `standard_points`, `meeting_individual_points`, `minutes`, `seconds`, `hundreds`, `meeting_program_id`, `swimmer_id`, `team_id`, `badge_id`, `user_id`, `created_at`, `updated_at`, `disqualification_code_type_id`, `goggle_cup_points`, `reaction_time`, `team_points`, `team_affiliation_id`, `is_personal_best`, `is_season_type_best`)
  VALUES (548273, 1, 1, 0, 0, 828.29, 828.29, 0, 30, 20, 97265, 12019, 587, 80866, 1, '2017-02-11 08:14:03', '2017-02-11 08:14:03', NULL, 0.0, 0.0, 0.0, 3827, 0, 0);

INSERT INTO `meeting_individual_results` (`id`, `rank`, `is_play_off`, `is_out_of_race`, `is_disqualified`, `standard_points`, `meeting_individual_points`, `minutes`, `seconds`, `hundreds`, `meeting_program_id`, `swimmer_id`, `team_id`, `badge_id`, `user_id`, `created_at`, `updated_at`, `disqualification_code_type_id`, `goggle_cup_points`, `reaction_time`, `team_points`, `team_affiliation_id`, `is_personal_best`, `is_season_type_best`)
  VALUES (548274, 2, 1, 0, 0, 817.53, 817.53, 0, 30, 60, 97265, 12163, 581, 81108, 1, '2017-02-11 08:14:03', '2017-02-11 08:14:03', NULL, 0.0, 0.0, 0.0, 3818, 0, 0);

INSERT INTO `meeting_individual_results` (`id`, `rank`, `is_play_off`, `is_out_of_race`, `is_disqualified`, `standard_points`, `meeting_individual_points`, `minutes`, `seconds`, `hundreds`, `meeting_program_id`, `swimmer_id`, `team_id`, `badge_id`, `user_id`, `created_at`, `updated_at`, `disqualification_code_type_id`, `goggle_cup_points`, `reaction_time`, `team_points`, `team_affiliation_id`, `is_personal_best`, `is_season_type_best`)
  VALUES (548275, 3, 1, 0, 0, 749.4, 749.4, 0, 33, 40, 97265, 30769, 587, 80869, 1, '2017-02-11 08:14:03', '2017-02-11 08:14:03', NULL, 0.0, 0.0, 0.0, 3827, 0, 0);

INSERT INTO `meeting_individual_results` (`id`, `rank`, `is_play_off`, `is_out_of_race`, `is_disqualified`, `standard_points`, `meeting_individual_points`, `minutes`, `seconds`, `hundreds`, `meeting_program_id`, `swimmer_id`, `team_id`, `badge_id`, `user_id`, `created_at`, `updated_at`, `disqualification_code_type_id`, `goggle_cup_points`, `reaction_time`, `team_points`, `team_affiliation_id`, `is_personal_best`, `is_season_type_best`)
  VALUES (548276, 1, 1, 0, 0, 677.51, 677.51, 0, 37, 60, 97266, 30694, 550, 80735, 1, '2017-02-11 08:14:03', '2017-02-11 08:14:03', NULL, 0.0, 0.0, 0.0, 3831, 0, 0);

INSERT INTO `meeting_individual_results` (`id`, `rank`, `is_play_off`, `is_out_of_race`, `is_disqualified`, `standard_points`, `meeting_individual_points`, `minutes`, `seconds`, `hundreds`, `meeting_program_id`, `swimmer_id`, `team_id`, `badge_id`, `user_id`, `created_at`, `updated_at`, `disqualification_code_type_id`, `goggle_cup_points`, `reaction_time`, `team_points`, `team_affiliation_id`, `is_personal_best`, `is_season_type_best`)
  VALUES (548277, 2, 1, 0, 0, 524.8, 524.8, 0, 48, 60, 97266, 12219, 571, 81051, 1, '2017-02-11 08:14:03', '2017-02-11 08:14:03', NULL, 0.0, 0.0, 0.0, 3803, 0, 0);

INSERT INTO `meeting_individual_results` (`id`, `rank`, `is_play_off`, `is_out_of_race`, `is_disqualified`, `standard_points`, `meeting_individual_points`, `minutes`, `seconds`, `hundreds`, `meeting_program_id`, `swimmer_id`, `team_id`, `badge_id`, `user_id`, `created_at`, `updated_at`, `disqualification_code_type_id`, `goggle_cup_points`, `reaction_time`, `team_points`, `team_affiliation_id`, `is_personal_best`, `is_season_type_best`)
  VALUES (548278, 3, 1, 0, 0, 490.61, 490.61, 0, 52, 0, 97266, 31853, 571, 81050, 1, '2017-02-11 08:14:03', '2017-02-11 08:14:03', NULL, 0.0, 0.0, 0.0, 3803, 0, 0);

INSERT INTO `meeting_individual_results` (`id`, `rank`, `is_play_off`, `is_out_of_race`, `is_disqualified`, `standard_points`, `meeting_individual_points`, `minutes`, `seconds`, `hundreds`, `meeting_program_id`, `swimmer_id`, `team_id`, `badge_id`, `user_id`, `created_at`, `updated_at`, `disqualification_code_type_id`, `goggle_cup_points`, `reaction_time`, `team_points`, `team_affiliation_id`, `is_personal_best`, `is_season_type_best`)
  VALUES (548279, 1, 1, 0, 0, 618.68, 618.68, 0, 42, 10, 97267, 15410, 589, 80887, 1, '2017-02-11 08:14:03', '2017-02-11 08:14:03', NULL, 0.0, 0.0, 0.0, 3829, 0, 0);

INSERT INTO `meeting_individual_results` (`id`, `rank`, `is_play_off`, `is_out_of_race`, `is_disqualified`, `standard_points`, `meeting_individual_points`, `minutes`, `seconds`, `hundreds`, `meeting_program_id`, `swimmer_id`, `team_id`, `badge_id`, `user_id`, `created_at`, `updated_at`, `disqualification_code_type_id`, `goggle_cup_points`, `reaction_time`, `team_points`, `team_affiliation_id`, `is_personal_best`, `is_season_type_best`)
  VALUES (548280, 2, 1, 0, 0, 584.15, 584.15, 0, 44, 60, 97267, 30692, 571, 80968, 1, '2017-02-11 08:14:03', '2017-02-11 08:14:03', NULL, 0.0, 0.0, 0.0, 3803, 0, 0);

INSERT INTO `meeting_individual_results` (`id`, `rank`, `is_play_off`, `is_out_of_race`, `is_disqualified`, `standard_points`, `meeting_individual_points`, `minutes`, `seconds`, `hundreds`, `meeting_program_id`, `swimmer_id`, `team_id`, `badge_id`, `user_id`, `created_at`, `updated_at`, `disqualification_code_type_id`, `goggle_cup_points`, `reaction_time`, `team_points`, `team_affiliation_id`, `is_personal_best`, `is_season_type_best`)
  VALUES (548281, 1, 1, 0, 0, 0.0, 0.0, 0, 29, 20, 97268, 13264, 587, 81111, 1, '2017-02-11 08:14:03', '2017-02-11 08:14:03', NULL, 0.0, 0.0, 0.0, 3827, 0, 0);

INSERT INTO `meeting_individual_results` (`id`, `rank`, `is_play_off`, `is_out_of_race`, `is_disqualified`, `standard_points`, `meeting_individual_points`, `minutes`, `seconds`, `hundreds`, `meeting_program_id`, `swimmer_id`, `team_id`, `badge_id`, `user_id`, `created_at`, `updated_at`, `disqualification_code_type_id`, `goggle_cup_points`, `reaction_time`, `team_points`, `team_affiliation_id`, `is_personal_best`, `is_season_type_best`)
  VALUES (548282, 2, 1, 0, 0, 0.0, 0.0, 0, 31, 40, 97268, 11957, 587, 81117, 1, '2017-02-11 08:14:04', '2017-02-11 08:14:04', NULL, 0.0, 0.0, 0.0, 3827, 0, 0);

INSERT INTO `meeting_individual_results` (`id`, `rank`, `is_play_off`, `is_out_of_race`, `is_disqualified`, `standard_points`, `meeting_individual_points`, `minutes`, `seconds`, `hundreds`, `meeting_program_id`, `swimmer_id`, `team_id`, `badge_id`, `user_id`, `created_at`, `updated_at`, `disqualification_code_type_id`, `goggle_cup_points`, `reaction_time`, `team_points`, `team_affiliation_id`, `is_personal_best`, `is_season_type_best`)
  VALUES (548283, 3, 1, 0, 0, 0.0, 0.0, 0, 32, 80, 97268, 26524, 550, 80901, 1, '2017-02-11 08:14:04', '2017-02-11 08:14:04', NULL, 0.0, 0.0, 0.0, 3831, 0, 0);

INSERT INTO `meeting_individual_results` (`id`, `rank`, `is_play_off`, `is_out_of_race`, `is_disqualified`, `standard_points`, `meeting_individual_points`, `minutes`, `seconds`, `hundreds`, `meeting_program_id`, `swimmer_id`, `team_id`, `badge_id`, `user_id`, `created_at`, `updated_at`, `disqualification_code_type_id`, `goggle_cup_points`, `reaction_time`, `team_points`, `team_affiliation_id`, `is_personal_best`, `is_season_type_best`)
  VALUES (548284, 1, 1, 0, 0, 598.55, 598.55, 0, 54, 90, 97269, 13220, 587, 81095, 1, '2017-02-11 08:14:04', '2017-02-11 08:14:04', NULL, 0.0, 0.0, 0.0, 3827, 0, 0);

INSERT INTO `meeting_individual_results` (`id`, `rank`, `is_play_off`, `is_out_of_race`, `is_disqualified`, `standard_points`, `meeting_individual_points`, `minutes`, `seconds`, `hundreds`, `meeting_program_id`, `swimmer_id`, `team_id`, `badge_id`, `user_id`, `created_at`, `updated_at`, `disqualification_code_type_id`, `goggle_cup_points`, `reaction_time`, `team_points`, `team_affiliation_id`, `is_personal_best`, `is_season_type_best`)
  VALUES (548285, 2, 1, 0, 0, 586.83, 586.83, 0, 56, 0, 97269, 12359, 550, 80669, 1, '2017-02-11 08:14:04', '2017-02-11 08:14:04', NULL, 0.0, 0.0, 0.0, 3831, 0, 0);

INSERT INTO `meeting_individual_results` (`id`, `rank`, `is_play_off`, `is_out_of_race`, `is_disqualified`, `standard_points`, `meeting_individual_points`, `minutes`, `seconds`, `hundreds`, `meeting_program_id`, `swimmer_id`, `team_id`, `badge_id`, `user_id`, `created_at`, `updated_at`, `disqualification_code_type_id`, `goggle_cup_points`, `reaction_time`, `team_points`, `team_affiliation_id`, `is_personal_best`, `is_season_type_best`)
  VALUES (548286, 1, 1, 0, 0, 641.6, 641.6, 0, 52, 20, 97270, 31927, 571, 80994, 1, '2017-02-11 08:14:04', '2017-02-11 08:14:04', NULL, 0.0, 0.0, 0.0, 3803, 0, 0);

INSERT INTO `meeting_individual_results` (`id`, `rank`, `is_play_off`, `is_out_of_race`, `is_disqualified`, `standard_points`, `meeting_individual_points`, `minutes`, `seconds`, `hundreds`, `meeting_program_id`, `swimmer_id`, `team_id`, `badge_id`, `user_id`, `created_at`, `updated_at`, `disqualification_code_type_id`, `goggle_cup_points`, `reaction_time`, `team_points`, `team_affiliation_id`, `is_personal_best`, `is_season_type_best`)
  VALUES (548287, 2, 1, 0, 0, 565.04, 565.04, 0, 59, 30, 97270, 17201, 587, 80750, 1, '2017-02-11 08:14:04', '2017-02-11 08:14:04', NULL, 0.0, 0.0, 0.0, 3827, 0, 0);

INSERT INTO `meeting_individual_results` (`id`, `rank`, `is_play_off`, `is_out_of_race`, `is_disqualified`, `standard_points`, `meeting_individual_points`, `minutes`, `seconds`, `hundreds`, `meeting_program_id`, `swimmer_id`, `team_id`, `badge_id`, `user_id`, `created_at`, `updated_at`, `disqualification_code_type_id`, `goggle_cup_points`, `reaction_time`, `team_points`, `team_affiliation_id`, `is_personal_best`, `is_season_type_best`)
  VALUES (548288, 1, 1, 0, 0, 628.99, 628.99, 0, 54, 30, 97271, 15449, 587, 80835, 1, '2017-02-11 08:14:04', '2017-02-11 08:14:04', NULL, 0.0, 0.0, 0.0, 3827, 0, 0);

INSERT INTO `meeting_individual_results` (`id`, `rank`, `is_play_off`, `is_out_of_race`, `is_disqualified`, `standard_points`, `meeting_individual_points`, `minutes`, `seconds`, `hundreds`, `meeting_program_id`, `swimmer_id`, `team_id`, `badge_id`, `user_id`, `created_at`, `updated_at`, `disqualification_code_type_id`, `goggle_cup_points`, `reaction_time`, `team_points`, `team_affiliation_id`, `is_personal_best`, `is_season_type_best`)
  VALUES (548289, 1, 1, 0, 0, 619.25, 619.25, 0, 55, 90, 97272, 13272, 564, 80675, 1, '2017-02-11 08:14:04', '2017-02-11 08:14:04', NULL, 0.0, 0.0, 0.0, 3822, 0, 0);

INSERT INTO `meeting_individual_results` (`id`, `rank`, `is_play_off`, `is_out_of_race`, `is_disqualified`, `standard_points`, `meeting_individual_points`, `minutes`, `seconds`, `hundreds`, `meeting_program_id`, `swimmer_id`, `team_id`, `badge_id`, `user_id`, `created_at`, `updated_at`, `disqualification_code_type_id`, `goggle_cup_points`, `reaction_time`, `team_points`, `team_affiliation_id`, `is_personal_best`, `is_season_type_best`)
  VALUES (548290, 1, 1, 0, 0, 709.26, 709.26, 0, 54, 90, 97273, 11748, 563, 81114, 1, '2017-02-11 08:14:04', '2017-02-11 08:14:04', NULL, 0.0, 0.0, 0.0, 3805, 0, 0);

INSERT INTO `meeting_individual_results` (`id`, `rank`, `is_play_off`, `is_out_of_race`, `is_disqualified`, `standard_points`, `meeting_individual_points`, `minutes`, `seconds`, `hundreds`, `meeting_program_id`, `swimmer_id`, `team_id`, `badge_id`, `user_id`, `created_at`, `updated_at`, `disqualification_code_type_id`, `goggle_cup_points`, `reaction_time`, `team_points`, `team_affiliation_id`, `is_personal_best`, `is_season_type_best`)
  VALUES (548291, 1, 1, 0, 0, 703.98, 703.98, 0, 40, 0, 97274, 32003, 589, 81097, 1, '2017-02-11 08:14:04', '2017-02-11 08:14:04', NULL, 0.0, 0.0, 0.0, 3829, 0, 0);

INSERT INTO `meeting_individual_results` (`id`, `rank`, `is_play_off`, `is_out_of_race`, `is_disqualified`, `standard_points`, `meeting_individual_points`, `minutes`, `seconds`, `hundreds`, `meeting_program_id`, `swimmer_id`, `team_id`, `badge_id`, `user_id`, `created_at`, `updated_at`, `disqualification_code_type_id`, `goggle_cup_points`, `reaction_time`, `team_points`, `team_affiliation_id`, `is_personal_best`, `is_season_type_best`)
  VALUES (548292, 1, 1, 0, 0, 734.29, 734.29, 0, 38, 0, 97275, 12189, 581, 81098, 1, '2017-02-11 08:14:04', '2017-02-11 08:14:04', NULL, 0.0, 0.0, 0.0, 3818, 0, 0);

INSERT INTO `meeting_individual_results` (`id`, `rank`, `is_play_off`, `is_out_of_race`, `is_disqualified`, `standard_points`, `meeting_individual_points`, `minutes`, `seconds`, `hundreds`, `meeting_program_id`, `swimmer_id`, `team_id`, `badge_id`, `user_id`, `created_at`, `updated_at`, `disqualification_code_type_id`, `goggle_cup_points`, `reaction_time`, `team_points`, `team_affiliation_id`, `is_personal_best`, `is_season_type_best`)
  VALUES (548293, 2, 1, 0, 0, 595.54, 595.54, 0, 46, 90, 97275, 29853, 550, 81100, 1, '2017-02-11 08:14:04', '2017-02-11 08:14:04', NULL, 0.0, 0.0, 0.0, 3831, 0, 0);

INSERT INTO `meeting_individual_results` (`id`, `rank`, `is_play_off`, `is_out_of_race`, `is_disqualified`, `standard_points`, `meeting_individual_points`, `minutes`, `seconds`, `hundreds`, `meeting_program_id`, `swimmer_id`, `team_id`, `badge_id`, `user_id`, `created_at`, `updated_at`, `disqualification_code_type_id`, `goggle_cup_points`, `reaction_time`, `team_points`, `team_affiliation_id`, `is_personal_best`, `is_season_type_best`)
  VALUES (548294, 3, 1, 0, 0, 585.59, 585.59, 0, 47, 70, 97275, 30703, 571, 81116, 1, '2017-02-11 08:14:04', '2017-02-11 08:14:04', NULL, 0.0, 0.0, 0.0, 3803, 0, 0);

INSERT INTO `meeting_individual_results` (`id`, `rank`, `is_play_off`, `is_out_of_race`, `is_disqualified`, `standard_points`, `meeting_individual_points`, `minutes`, `seconds`, `hundreds`, `meeting_program_id`, `swimmer_id`, `team_id`, `badge_id`, `user_id`, `created_at`, `updated_at`, `disqualification_code_type_id`, `goggle_cup_points`, `reaction_time`, `team_points`, `team_affiliation_id`, `is_personal_best`, `is_season_type_best`)
  VALUES (548295, 4, 1, 0, 0, 573.62, 573.62, 0, 48, 70, 97275, 30681, 571, 81115, 1, '2017-02-11 08:14:04', '2017-02-11 08:14:04', NULL, 0.0, 0.0, 0.0, 3803, 0, 0);

INSERT INTO `meeting_individual_results` (`id`, `rank`, `is_play_off`, `is_out_of_race`, `is_disqualified`, `standard_points`, `meeting_individual_points`, `minutes`, `seconds`, `hundreds`, `meeting_program_id`, `swimmer_id`, `team_id`, `badge_id`, `user_id`, `created_at`, `updated_at`, `disqualification_code_type_id`, `goggle_cup_points`, `reaction_time`, `team_points`, `team_affiliation_id`, `is_personal_best`, `is_season_type_best`)
  VALUES (548296, 1, 1, 0, 0, 742.53, 742.53, 0, 38, 60, 97276, 12093, 550, 80775, 1, '2017-02-11 08:14:04', '2017-02-11 08:14:04', NULL, 0.0, 0.0, 0.0, 3831, 0, 0);

INSERT INTO `meeting_individual_results` (`id`, `rank`, `is_play_off`, `is_out_of_race`, `is_disqualified`, `standard_points`, `meeting_individual_points`, `minutes`, `seconds`, `hundreds`, `meeting_program_id`, `swimmer_id`, `team_id`, `badge_id`, `user_id`, `created_at`, `updated_at`, `disqualification_code_type_id`, `goggle_cup_points`, `reaction_time`, `team_points`, `team_affiliation_id`, `is_personal_best`, `is_season_type_best`)
  VALUES (548297, 2, 1, 0, 0, 614.29, 614.29, 0, 46, 70, 97276, 15530, 589, 81101, 1, '2017-02-11 08:14:04', '2017-02-11 08:14:04', NULL, 0.0, 0.0, 0.0, 3829, 0, 0);

INSERT INTO `meeting_individual_results` (`id`, `rank`, `is_play_off`, `is_out_of_race`, `is_disqualified`, `standard_points`, `meeting_individual_points`, `minutes`, `seconds`, `hundreds`, `meeting_program_id`, `swimmer_id`, `team_id`, `badge_id`, `user_id`, `created_at`, `updated_at`, `disqualification_code_type_id`, `goggle_cup_points`, `reaction_time`, `team_points`, `team_affiliation_id`, `is_personal_best`, `is_season_type_best`)
  VALUES (548298, 3, 1, 0, 0, 602.72, 602.72, 0, 47, 60, 97276, 13223, 587, 81109, 1, '2017-02-11 08:14:04', '2017-02-11 08:14:04', NULL, 0.0, 0.0, 0.0, 3827, 0, 0);

INSERT INTO `meeting_individual_results` (`id`, `rank`, `is_play_off`, `is_out_of_race`, `is_disqualified`, `standard_points`, `meeting_individual_points`, `minutes`, `seconds`, `hundreds`, `meeting_program_id`, `swimmer_id`, `team_id`, `badge_id`, `user_id`, `created_at`, `updated_at`, `disqualification_code_type_id`, `goggle_cup_points`, `reaction_time`, `team_points`, `team_affiliation_id`, `is_personal_best`, `is_season_type_best`)
  VALUES (548299, 4, 1, 0, 0, 589.16, 589.16, 0, 48, 70, 97276, 13245, 589, 80789, 1, '2017-02-11 08:14:04', '2017-02-11 08:14:04', NULL, 0.0, 0.0, 0.0, 3829, 0, 0);

INSERT INTO `meeting_individual_results` (`id`, `rank`, `is_play_off`, `is_out_of_race`, `is_disqualified`, `standard_points`, `meeting_individual_points`, `minutes`, `seconds`, `hundreds`, `meeting_program_id`, `swimmer_id`, `team_id`, `badge_id`, `user_id`, `created_at`, `updated_at`, `disqualification_code_type_id`, `goggle_cup_points`, `reaction_time`, `team_points`, `team_affiliation_id`, `is_personal_best`, `is_season_type_best`)
  VALUES (548300, 5, 1, 0, 0, 586.76, 586.76, 0, 48, 90, 97276, 31300, 550, 80734, 1, '2017-02-11 08:14:04', '2017-02-11 08:14:04', NULL, 0.0, 0.0, 0.0, 3831, 0, 0);

INSERT INTO `meeting_individual_results` (`id`, `rank`, `is_play_off`, `is_out_of_race`, `is_disqualified`, `standard_points`, `meeting_individual_points`, `minutes`, `seconds`, `hundreds`, `meeting_program_id`, `swimmer_id`, `team_id`, `badge_id`, `user_id`, `created_at`, `updated_at`, `disqualification_code_type_id`, `goggle_cup_points`, `reaction_time`, `team_points`, `team_affiliation_id`, `is_personal_best`, `is_season_type_best`)
  VALUES (548301, 6, 1, 0, 0, 519.1, 519.1, 0, 55, 30, 97276, 12141, 571, 80790, 1, '2017-02-11 08:14:05', '2017-02-11 08:14:05', NULL, 0.0, 0.0, 0.0, 3803, 0, 0);

INSERT INTO `meeting_individual_results` (`id`, `rank`, `is_play_off`, `is_out_of_race`, `is_disqualified`, `standard_points`, `meeting_individual_points`, `minutes`, `seconds`, `hundreds`, `meeting_program_id`, `swimmer_id`, `team_id`, `badge_id`, `user_id`, `created_at`, `updated_at`, `disqualification_code_type_id`, `goggle_cup_points`, `reaction_time`, `team_points`, `team_affiliation_id`, `is_personal_best`, `is_season_type_best`)
  VALUES (548302, 1, 1, 0, 0, 625.21, 625.21, 0, 46, 60, 97277, 31853, 571, 81050, 1, '2017-02-11 08:14:05', '2017-02-11 08:14:05', NULL, 0.0, 0.0, 0.0, 3803, 0, 0);

INSERT INTO `meeting_individual_results` (`id`, `rank`, `is_play_off`, `is_out_of_race`, `is_disqualified`, `standard_points`, `meeting_individual_points`, `minutes`, `seconds`, `hundreds`, `meeting_program_id`, `swimmer_id`, `team_id`, `badge_id`, `user_id`, `created_at`, `updated_at`, `disqualification_code_type_id`, `goggle_cup_points`, `reaction_time`, `team_points`, `team_affiliation_id`, `is_personal_best`, `is_season_type_best`)
  VALUES (548303, 1, 1, 0, 0, 685.33, 685.33, 0, 44, 10, 97278, 23882, 563, 80799, 1, '2017-02-11 08:14:05', '2017-02-11 08:14:05', NULL, 0.0, 0.0, 0.0, 3805, 0, 0);

INSERT INTO `meeting_individual_results` (`id`, `rank`, `is_play_off`, `is_out_of_race`, `is_disqualified`, `standard_points`, `meeting_individual_points`, `minutes`, `seconds`, `hundreds`, `meeting_program_id`, `swimmer_id`, `team_id`, `badge_id`, `user_id`, `created_at`, `updated_at`, `disqualification_code_type_id`, `goggle_cup_points`, `reaction_time`, `team_points`, `team_affiliation_id`, `is_personal_best`, `is_season_type_best`)
  VALUES (548304, 2, 1, 0, 0, 594.13, 594.13, 0, 50, 90, 97278, 12154, 563, 81056, 1, '2017-02-11 08:14:05', '2017-02-11 08:14:05', NULL, 0.0, 0.0, 0.0, 3805, 0, 0);

INSERT INTO `meeting_individual_results` (`id`, `rank`, `is_play_off`, `is_out_of_race`, `is_disqualified`, `standard_points`, `meeting_individual_points`, `minutes`, `seconds`, `hundreds`, `meeting_program_id`, `swimmer_id`, `team_id`, `badge_id`, `user_id`, `created_at`, `updated_at`, `disqualification_code_type_id`, `goggle_cup_points`, `reaction_time`, `team_points`, `team_affiliation_id`, `is_personal_best`, `is_season_type_best`)
  VALUES (548305, 3, 1, 0, 0, 523.45, 523.45, 0, 57, 80, 97278, 31852, 571, 80803, 1, '2017-02-11 08:14:05', '2017-02-11 08:14:05', NULL, 0.0, 0.0, 0.0, 3803, 0, 0);

INSERT INTO `meeting_individual_results` (`id`, `rank`, `is_play_off`, `is_out_of_race`, `is_disqualified`, `standard_points`, `meeting_individual_points`, `minutes`, `seconds`, `hundreds`, `meeting_program_id`, `swimmer_id`, `team_id`, `badge_id`, `user_id`, `created_at`, `updated_at`, `disqualification_code_type_id`, `goggle_cup_points`, `reaction_time`, `team_points`, `team_affiliation_id`, `is_personal_best`, `is_season_type_best`)
  VALUES (548306, 4, 1, 0, 0, 497.7, 497.7, 1, 0, 80, 97278, 32002, 571, 81110, 1, '2017-02-11 08:14:05', '2017-02-11 08:14:05', NULL, 0.0, 0.0, 0.0, 3803, 0, 0);

INSERT INTO `meeting_individual_results` (`id`, `rank`, `is_play_off`, `is_out_of_race`, `is_disqualified`, `standard_points`, `meeting_individual_points`, `minutes`, `seconds`, `hundreds`, `meeting_program_id`, `swimmer_id`, `team_id`, `badge_id`, `user_id`, `created_at`, `updated_at`, `disqualification_code_type_id`, `goggle_cup_points`, `reaction_time`, `team_points`, `team_affiliation_id`, `is_personal_best`, `is_season_type_best`)
  VALUES (548307, 1, 1, 0, 0, 706.08, 706.08, 0, 44, 20, 97279, 13248, 563, 81065, 1, '2017-02-11 08:14:05', '2017-02-11 08:14:05', NULL, 0.0, 0.0, 0.0, 3805, 0, 0);

INSERT INTO `meeting_individual_results` (`id`, `rank`, `is_play_off`, `is_out_of_race`, `is_disqualified`, `standard_points`, `meeting_individual_points`, `minutes`, `seconds`, `hundreds`, `meeting_program_id`, `swimmer_id`, `team_id`, `badge_id`, `user_id`, `created_at`, `updated_at`, `disqualification_code_type_id`, `goggle_cup_points`, `reaction_time`, `team_points`, `team_affiliation_id`, `is_personal_best`, `is_season_type_best`)
  VALUES (548308, 1, 1, 0, 0, 645.94, 645.94, 0, 50, 30, 97280, 12144, 571, 80808, 1, '2017-02-11 08:14:05', '2017-02-11 08:14:05', NULL, 0.0, 0.0, 0.0, 3803, 0, 0);

INSERT INTO `meeting_individual_results` (`id`, `rank`, `is_play_off`, `is_out_of_race`, `is_disqualified`, `standard_points`, `meeting_individual_points`, `minutes`, `seconds`, `hundreds`, `meeting_program_id`, `swimmer_id`, `team_id`, `badge_id`, `user_id`, `created_at`, `updated_at`, `disqualification_code_type_id`, `goggle_cup_points`, `reaction_time`, `team_points`, `team_affiliation_id`, `is_personal_best`, `is_season_type_best`)
  VALUES (548309, 1, 1, 0, 0, 0.0, 0.0, 0, 40, 20, 97281, 11957, 587, 81117, 1, '2017-02-11 08:14:05', '2017-02-11 08:14:05', NULL, 0.0, 0.0, 0.0, 3827, 0, 0);

INSERT INTO `meeting_individual_results` (`id`, `rank`, `is_play_off`, `is_out_of_race`, `is_disqualified`, `standard_points`, `meeting_individual_points`, `minutes`, `seconds`, `hundreds`, `meeting_program_id`, `swimmer_id`, `team_id`, `badge_id`, `user_id`, `created_at`, `updated_at`, `disqualification_code_type_id`, `goggle_cup_points`, `reaction_time`, `team_points`, `team_affiliation_id`, `is_personal_best`, `is_season_type_best`)
  VALUES (548310, 2, 1, 0, 0, 0.0, 0.0, 0, 44, 30, 97281, 30772, 589, 81102, 1, '2017-02-11 08:14:05', '2017-02-11 08:14:05', NULL, 0.0, 0.0, 0.0, 3829, 0, 0);

INSERT INTO `meeting_individual_results` (`id`, `rank`, `is_play_off`, `is_out_of_race`, `is_disqualified`, `standard_points`, `meeting_individual_points`, `minutes`, `seconds`, `hundreds`, `meeting_program_id`, `swimmer_id`, `team_id`, `badge_id`, `user_id`, `created_at`, `updated_at`, `disqualification_code_type_id`, `goggle_cup_points`, `reaction_time`, `team_points`, `team_affiliation_id`, `is_personal_best`, `is_season_type_best`)
  VALUES (548311, 3, 1, 0, 0, 0.0, 0.0, 0, 57, 10, 97281, 31949, 571, 81081, 1, '2017-02-11 08:14:05', '2017-02-11 08:14:05', NULL, 0.0, 0.0, 0.0, 3803, 0, 0);

INSERT INTO `meeting_team_scores` (`id`, `sum_individual_points`, `sum_relay_points`, `team_id`, `meeting_id`, `created_at`, `updated_at`, `rank`, `user_id`, `sum_team_points`, `meeting_individual_points`, `meeting_relay_points`, `meeting_team_points`, `season_individual_points`, `season_relay_points`, `season_team_points`, `season_id`, `team_affiliation_id`)
  VALUES (22641, 18868.73, 0.0, 550, 10325, '2017-02-11 08:14:05', '2017-02-11 08:14:05', 0, 1, 0.0, 0.0, 0.0, 0.0, 0.0, 0.0, 0.0, 102, 3831);

INSERT INTO `meeting_team_scores` (`id`, `sum_individual_points`, `sum_relay_points`, `team_id`, `meeting_id`, `created_at`, `updated_at`, `rank`, `user_id`, `sum_team_points`, `meeting_individual_points`, `meeting_relay_points`, `meeting_team_points`, `season_individual_points`, `season_relay_points`, `season_team_points`, `season_id`, `team_affiliation_id`)
  VALUES (22642, 13309.64, 0.0, 571, 10325, '2017-02-11 08:14:05', '2017-02-11 08:14:05', 0, 1, 0.0, 0.0, 0.0, 0.0, 0.0, 0.0, 0.0, 102, 3803);

INSERT INTO `meeting_team_scores` (`id`, `sum_individual_points`, `sum_relay_points`, `team_id`, `meeting_id`, `created_at`, `updated_at`, `rank`, `user_id`, `sum_team_points`, `meeting_individual_points`, `meeting_relay_points`, `meeting_team_points`, `season_individual_points`, `season_relay_points`, `season_team_points`, `season_id`, `team_affiliation_id`)
  VALUES (22643, 11831.2, 0.0, 587, 10325, '2017-02-11 08:14:05', '2017-02-11 08:14:05', 0, 1, 0.0, 0.0, 0.0, 0.0, 0.0, 0.0, 0.0, 102, 3827);

INSERT INTO `meeting_team_scores` (`id`, `sum_individual_points`, `sum_relay_points`, `team_id`, `meeting_id`, `created_at`, `updated_at`, `rank`, `user_id`, `sum_team_points`, `meeting_individual_points`, `meeting_relay_points`, `meeting_team_points`, `season_individual_points`, `season_relay_points`, `season_team_points`, `season_id`, `team_affiliation_id`)
  VALUES (22644, 10118.98, 0.0, 589, 10325, '2017-02-11 08:14:05', '2017-02-11 08:14:05', 0, 1, 0.0, 0.0, 0.0, 0.0, 0.0, 0.0, 0.0, 102, 3829);

INSERT INTO `meeting_team_scores` (`id`, `sum_individual_points`, `sum_relay_points`, `team_id`, `meeting_id`, `created_at`, `updated_at`, `rank`, `user_id`, `sum_team_points`, `meeting_individual_points`, `meeting_relay_points`, `meeting_team_points`, `season_individual_points`, `season_relay_points`, `season_team_points`, `season_id`, `team_affiliation_id`)
  VALUES (22645, 8231.52, 0.0, 563, 10325, '2017-02-11 08:14:05', '2017-02-11 08:14:05', 0, 1, 0.0, 0.0, 0.0, 0.0, 0.0, 0.0, 0.0, 102, 3805);

INSERT INTO `meeting_team_scores` (`id`, `sum_individual_points`, `sum_relay_points`, `team_id`, `meeting_id`, `created_at`, `updated_at`, `rank`, `user_id`, `sum_team_points`, `meeting_individual_points`, `meeting_relay_points`, `meeting_team_points`, `season_individual_points`, `season_relay_points`, `season_team_points`, `season_id`, `team_affiliation_id`)
  VALUES (22646, 3882.81, 0.0, 581, 10325, '2017-02-11 08:14:05', '2017-02-11 08:14:05', 0, 1, 0.0, 0.0, 0.0, 0.0, 0.0, 0.0, 0.0, 102, 3818);

INSERT INTO `meeting_team_scores` (`id`, `sum_individual_points`, `sum_relay_points`, `team_id`, `meeting_id`, `created_at`, `updated_at`, `rank`, `user_id`, `sum_team_points`, `meeting_individual_points`, `meeting_relay_points`, `meeting_team_points`, `season_individual_points`, `season_relay_points`, `season_team_points`, `season_id`, `team_affiliation_id`)
  VALUES (22647, 1611.74, 0.0, 578, 10325, '2017-02-11 08:14:05', '2017-02-11 08:14:05', 0, 1, 0.0, 0.0, 0.0, 0.0, 0.0, 0.0, 0.0, 102, 3815);

INSERT INTO `meeting_team_scores` (`id`, `sum_individual_points`, `sum_relay_points`, `team_id`, `meeting_id`, `created_at`, `updated_at`, `rank`, `user_id`, `sum_team_points`, `meeting_individual_points`, `meeting_relay_points`, `meeting_team_points`, `season_individual_points`, `season_relay_points`, `season_team_points`, `season_id`, `team_affiliation_id`)
  VALUES (22648, 1469.72, 0.0, 1068, 10325, '2017-02-11 08:14:05', '2017-02-11 08:14:05', 0, 1, 0.0, 0.0, 0.0, 0.0, 0.0, 0.0, 0.0, 102, 3802);

INSERT INTO `meeting_team_scores` (`id`, `sum_individual_points`, `sum_relay_points`, `team_id`, `meeting_id`, `created_at`, `updated_at`, `rank`, `user_id`, `sum_team_points`, `meeting_individual_points`, `meeting_relay_points`, `meeting_team_points`, `season_individual_points`, `season_relay_points`, `season_team_points`, `season_id`, `team_affiliation_id`)
  VALUES (22649, 1200.38, 0.0, 564, 10325, '2017-02-11 08:14:05', '2017-02-11 08:14:05', 0, 1, 0.0, 0.0, 0.0, 0.0, 0.0, 0.0, 0.0, 102, 3822);


-- Meeting 10325
-- 'Results acquired' flag setting:
UPDATE meetings SET are_results_acquired = '1' WHERE id = 10325;

-- --- BeginTimeCalculator: compute_for_all( 10325 )
-- ----------------------------------------------------
-- Using RESULTS to compute heat length.

-- Event #1, M.Prg: 97226, tot. athletes: 3
-- Tot. progr. duration: 179 (sec), Heat durations: [17930] (hds)
-- Session begin time: 2011-05-28 08:30:00 +0200, Computed begin time: 2011-05-28 08:32:00 +0200
UPDATE meeting_programs SET begin_time = '2011-05-28 08:32' WHERE id = 97226;

-- Event #2, M.Prg: 97227, tot. athletes: 2
-- Tot. progr. duration: 174 (sec), Heat durations: [17450] (hds)
-- Session begin time: 2011-05-28 08:30:00 +0200, Computed begin time: 2011-05-28 08:34:59 +0200
UPDATE meeting_programs SET begin_time = '2011-05-28 08:34' WHERE id = 97227;

-- Event #3, M.Prg: 97228, tot. athletes: 1
-- Tot. progr. duration: 152 (sec), Heat durations: [15290] (hds)
-- Session begin time: 2011-05-28 08:30:00 +0200, Computed begin time: 2011-05-28 08:37:53 +0200
UPDATE meeting_programs SET begin_time = '2011-05-28 08:37' WHERE id = 97228;

-- Event #4, M.Prg: 97229, tot. athletes: 1
-- Tot. progr. duration: 180 (sec), Heat durations: [18000] (hds)
-- Session begin time: 2011-05-28 08:30:00 +0200, Computed begin time: 2011-05-28 08:40:25 +0200
UPDATE meeting_programs SET begin_time = '2011-05-28 08:40' WHERE id = 97229;

-- Event #5, M.Prg: 97230, tot. athletes: 5
-- Tot. progr. duration: 151 (sec), Heat durations: [15150] (hds)
-- Session begin time: 2011-05-28 08:30:00 +0200, Computed begin time: 2011-05-28 08:43:25 +0200
UPDATE meeting_programs SET begin_time = '2011-05-28 08:43' WHERE id = 97230;

-- Event #6, M.Prg: 97231, tot. athletes: 4
-- Tot. progr. duration: 150 (sec), Heat durations: [15090] (hds)
-- Session begin time: 2011-05-28 08:30:00 +0200, Computed begin time: 2011-05-28 08:45:56 +0200
UPDATE meeting_programs SET begin_time = '2011-05-28 08:45' WHERE id = 97231;

-- Event #7, M.Prg: 97232, tot. athletes: 3
-- Tot. progr. duration: 184 (sec), Heat durations: [18410] (hds)
-- Session begin time: 2011-05-28 08:30:00 +0200, Computed begin time: 2011-05-28 08:48:26 +0200
UPDATE meeting_programs SET begin_time = '2011-05-28 08:48' WHERE id = 97232;

-- Event #8, M.Prg: 97233, tot. athletes: 2
-- Tot. progr. duration: 173 (sec), Heat durations: [17390] (hds)
-- Session begin time: 2011-05-28 08:30:00 +0200, Computed begin time: 2011-05-28 08:51:30 +0200
UPDATE meeting_programs SET begin_time = '2011-05-28 08:51' WHERE id = 97233;

-- Event #9, M.Prg: 97234, tot. athletes: 3
-- Tot. progr. duration: 166 (sec), Heat durations: [16660] (hds)
-- Session begin time: 2011-05-28 08:30:00 +0200, Computed begin time: 2011-05-28 08:54:23 +0200
UPDATE meeting_programs SET begin_time = '2011-05-28 08:54' WHERE id = 97234;

-- Event #10, M.Prg: 97235, tot. athletes: 2
-- Tot. progr. duration: 157 (sec), Heat durations: [15710] (hds)
-- Session begin time: 2011-05-28 08:30:00 +0200, Computed begin time: 2011-05-28 08:57:09 +0200
UPDATE meeting_programs SET begin_time = '2011-05-28 08:57' WHERE id = 97235;

-- Event #11, M.Prg: 97236, tot. athletes: 2
-- Tot. progr. duration: 197 (sec), Heat durations: [19700] (hds)
-- Session begin time: 2011-05-28 08:30:00 +0200, Computed begin time: 2011-05-28 08:59:46 +0200
UPDATE meeting_programs SET begin_time = '2011-05-28 08:59' WHERE id = 97236;

-- Event #12, M.Prg: 97237, tot. athletes: 2
-- Tot. progr. duration: 150 (sec), Heat durations: [15050] (hds)
-- Session begin time: 2011-05-28 08:30:00 +0200, Computed begin time: 2011-05-28 09:03:03 +0200
UPDATE meeting_programs SET begin_time = '2011-05-28 09:03' WHERE id = 97237;

-- Event #13, M.Prg: 97238, tot. athletes: 5
-- Tot. progr. duration: 164 (sec), Heat durations: [16430] (hds)
-- Session begin time: 2011-05-28 08:30:00 +0200, Computed begin time: 2011-05-28 09:05:33 +0200
UPDATE meeting_programs SET begin_time = '2011-05-28 09:05' WHERE id = 97238;

-- Event #14, M.Prg: 97239, tot. athletes: 2
-- Tot. progr. duration: 167 (sec), Heat durations: [16790] (hds)
-- Session begin time: 2011-05-28 08:30:00 +0200, Computed begin time: 2011-05-28 09:08:17 +0200
UPDATE meeting_programs SET begin_time = '2011-05-28 09:08' WHERE id = 97239;

-- Event #15, M.Prg: 97240, tot. athletes: 1
-- Tot. progr. duration: 199 (sec), Heat durations: [19910] (hds)
-- Session begin time: 2011-05-28 08:30:00 +0200, Computed begin time: 2011-05-28 09:11:04 +0200
UPDATE meeting_programs SET begin_time = '2011-05-28 09:11' WHERE id = 97240;

-- Event #16, M.Prg: 97241, tot. athletes: 3
-- Tot. progr. duration: 136 (sec), Heat durations: [13630] (hds)
-- Session begin time: 2011-05-28 08:30:00 +0200, Computed begin time: 2011-05-28 09:14:23 +0200
UPDATE meeting_programs SET begin_time = '2011-05-28 09:14' WHERE id = 97241;

-- Event #17, M.Prg: 97242, tot. athletes: 3
-- Tot. progr. duration: 133 (sec), Heat durations: [13310] (hds)
-- Session begin time: 2011-05-28 08:30:00 +0200, Computed begin time: 2011-05-28 09:16:39 +0200
UPDATE meeting_programs SET begin_time = '2011-05-28 09:16' WHERE id = 97242;

-- Event #18, M.Prg: 97243, tot. athletes: 3
-- Tot. progr. duration: 152 (sec), Heat durations: [15230] (hds)
-- Session begin time: 2011-05-28 08:30:00 +0200, Computed begin time: 2011-05-28 09:18:52 +0200
UPDATE meeting_programs SET begin_time = '2011-05-28 09:18' WHERE id = 97243;

-- Event #19, M.Prg: 97244, tot. athletes: 2
-- Tot. progr. duration: 167 (sec), Heat durations: [16730] (hds)
-- Session begin time: 2011-05-28 08:30:00 +0200, Computed begin time: 2011-05-28 09:21:24 +0200
UPDATE meeting_programs SET begin_time = '2011-05-28 09:21' WHERE id = 97244;

-- Event #20, M.Prg: 97245, tot. athletes: 1
-- Tot. progr. duration: 128 (sec), Heat durations: [12860] (hds)
-- Session begin time: 2011-05-28 08:30:00 +0200, Computed begin time: 2011-05-28 09:24:11 +0200
UPDATE meeting_programs SET begin_time = '2011-05-28 09:24' WHERE id = 97245;

-- Event #21, M.Prg: 97246, tot. athletes: 3
-- Tot. progr. duration: 135 (sec), Heat durations: [13580] (hds)
-- Session begin time: 2011-05-28 08:30:00 +0200, Computed begin time: 2011-05-28 09:26:19 +0200
UPDATE meeting_programs SET begin_time = '2011-05-28 09:26' WHERE id = 97246;

-- Event #22, M.Prg: 97247, tot. athletes: 4
-- Tot. progr. duration: 116 (sec), Heat durations: [11610] (hds)
-- Session begin time: 2011-05-28 08:30:00 +0200, Computed begin time: 2011-05-28 09:28:34 +0200
UPDATE meeting_programs SET begin_time = '2011-05-28 09:28' WHERE id = 97247;

-- Event #23, M.Prg: 97248, tot. athletes: 4
-- Tot. progr. duration: 124 (sec), Heat durations: [12480] (hds)
-- Session begin time: 2011-05-28 08:30:00 +0200, Computed begin time: 2011-05-28 09:30:30 +0200
UPDATE meeting_programs SET begin_time = '2011-05-28 09:30' WHERE id = 97248;

-- Event #24, M.Prg: 97249, tot. athletes: 1
-- Tot. progr. duration: 123 (sec), Heat durations: [12300] (hds)
-- Session begin time: 2011-05-28 08:30:00 +0200, Computed begin time: 2011-05-28 09:32:34 +0200
UPDATE meeting_programs SET begin_time = '2011-05-28 09:32' WHERE id = 97249;

-- Event #25, M.Prg: 97250, tot. athletes: 2
-- Tot. progr. duration: 120 (sec), Heat durations: [12010] (hds)
-- Session begin time: 2011-05-28 08:30:00 +0200, Computed begin time: 2011-05-28 09:34:37 +0200
UPDATE meeting_programs SET begin_time = '2011-05-28 09:34' WHERE id = 97250;

-- Event #26, M.Prg: 97251, tot. athletes: 1
-- Tot. progr. duration: 116 (sec), Heat durations: [11650] (hds)
-- Session begin time: 2011-05-28 08:30:00 +0200, Computed begin time: 2011-05-28 09:36:37 +0200
UPDATE meeting_programs SET begin_time = '2011-05-28 09:36' WHERE id = 97251;

-- Event #27, M.Prg: 97252, tot. athletes: 2
-- Tot. progr. duration: 115 (sec), Heat durations: [11500] (hds)
-- Session begin time: 2011-05-28 08:30:00 +0200, Computed begin time: 2011-05-28 09:38:33 +0200
UPDATE meeting_programs SET begin_time = '2011-05-28 09:38' WHERE id = 97252;

-- Event #28, M.Prg: 97253, tot. athletes: 2
-- Tot. progr. duration: 101 (sec), Heat durations: [10180] (hds)
-- Session begin time: 2011-05-28 08:30:00 +0200, Computed begin time: 2011-05-28 09:40:28 +0200
UPDATE meeting_programs SET begin_time = '2011-05-28 09:40' WHERE id = 97253;

-- Event #29, M.Prg: 97254, tot. athletes: 3
-- Tot. progr. duration: 100 (sec), Heat durations: [10000] (hds)
-- Session begin time: 2011-05-28 08:30:00 +0200, Computed begin time: 2011-05-28 09:42:09 +0200
UPDATE meeting_programs SET begin_time = '2011-05-28 09:42' WHERE id = 97254;

-- Event #30, M.Prg: 97255, tot. athletes: 3
-- Tot. progr. duration: 100 (sec), Heat durations: [10000] (hds)
-- Session begin time: 2011-05-28 08:30:00 +0200, Computed begin time: 2011-05-28 09:43:49 +0200
UPDATE meeting_programs SET begin_time = '2011-05-28 09:43' WHERE id = 97255;

-- Event #31, M.Prg: 97256, tot. athletes: 1
-- Tot. progr. duration: 100 (sec), Heat durations: [10030] (hds)
-- Session begin time: 2011-05-28 08:30:00 +0200, Computed begin time: 2011-05-28 09:45:29 +0200
UPDATE meeting_programs SET begin_time = '2011-05-28 09:45' WHERE id = 97256;

-- Event #32, M.Prg: 97257, tot. athletes: 1
-- Tot. progr. duration: 120 (sec), Heat durations: [12090] (hds)
-- Session begin time: 2011-05-28 08:30:00 +0200, Computed begin time: 2011-05-28 09:47:09 +0200
UPDATE meeting_programs SET begin_time = '2011-05-28 09:47' WHERE id = 97257;

-- Event #33, M.Prg: 97258, tot. athletes: 2
-- Tot. progr. duration: 104 (sec), Heat durations: [10490] (hds)
-- Session begin time: 2011-05-28 08:30:00 +0200, Computed begin time: 2011-05-28 09:49:09 +0200
UPDATE meeting_programs SET begin_time = '2011-05-28 09:49' WHERE id = 97258;

-- Event #34, M.Prg: 97259, tot. athletes: 1
-- Tot. progr. duration: 118 (sec), Heat durations: [11890] (hds)
-- Session begin time: 2011-05-28 08:30:00 +0200, Computed begin time: 2011-05-28 09:50:53 +0200
UPDATE meeting_programs SET begin_time = '2011-05-28 09:50' WHERE id = 97259;

-- Event #35, M.Prg: 97260, tot. athletes: 1
-- Tot. progr. duration: 109 (sec), Heat durations: [10980] (hds)
-- Session begin time: 2011-05-28 08:30:00 +0200, Computed begin time: 2011-05-28 09:52:51 +0200
UPDATE meeting_programs SET begin_time = '2011-05-28 09:52' WHERE id = 97260;

-- Event #36, M.Prg: 97261, tot. athletes: 1
-- Tot. progr. duration: 112 (sec), Heat durations: [11240] (hds)
-- Session begin time: 2011-05-28 08:30:00 +0200, Computed begin time: 2011-05-28 09:54:40 +0200
UPDATE meeting_programs SET begin_time = '2011-05-28 09:54' WHERE id = 97261;

-- Event #37, M.Prg: 97262, tot. athletes: 1
-- Tot. progr. duration: 111 (sec), Heat durations: [11120] (hds)
-- Session begin time: 2011-05-28 08:30:00 +0200, Computed begin time: 2011-05-28 09:56:32 +0200
UPDATE meeting_programs SET begin_time = '2011-05-28 09:56' WHERE id = 97262;

-- Event #38, M.Prg: 97263, tot. athletes: 1
-- Tot. progr. duration: 97 (sec), Heat durations: [9700] (hds)
-- Session begin time: 2011-05-28 08:30:00 +0200, Computed begin time: 2011-05-28 09:58:23 +0200
UPDATE meeting_programs SET begin_time = '2011-05-28 09:58' WHERE id = 97263;

-- Event #39, M.Prg: 97264, tot. athletes: 4
-- Tot. progr. duration: 107 (sec), Heat durations: [10760] (hds)
-- Session begin time: 2011-05-28 08:30:00 +0200, Computed begin time: 2011-05-28 10:00:00 +0200
UPDATE meeting_programs SET begin_time = '2011-05-28 10:00' WHERE id = 97264;

-- Event #40, M.Prg: 97265, tot. athletes: 3
-- Tot. progr. duration: 93 (sec), Heat durations: [9340] (hds)
-- Session begin time: 2011-05-28 08:30:00 +0200, Computed begin time: 2011-05-28 10:01:47 +0200
UPDATE meeting_programs SET begin_time = '2011-05-28 10:01' WHERE id = 97265;

-- Event #41, M.Prg: 97266, tot. athletes: 3
-- Tot. progr. duration: 112 (sec), Heat durations: [11200] (hds)
-- Session begin time: 2011-05-28 08:30:00 +0200, Computed begin time: 2011-05-28 10:03:20 +0200
UPDATE meeting_programs SET begin_time = '2011-05-28 10:03' WHERE id = 97266;

-- Event #42, M.Prg: 97267, tot. athletes: 2
-- Tot. progr. duration: 104 (sec), Heat durations: [10460] (hds)
-- Session begin time: 2011-05-28 08:30:00 +0200, Computed begin time: 2011-05-28 10:05:12 +0200
UPDATE meeting_programs SET begin_time = '2011-05-28 10:05' WHERE id = 97267;

-- Event #43, M.Prg: 97268, tot. athletes: 3
-- Tot. progr. duration: 92 (sec), Heat durations: [9280] (hds)
-- Session begin time: 2011-05-28 08:30:00 +0200, Computed begin time: 2011-05-28 10:06:56 +0200
UPDATE meeting_programs SET begin_time = '2011-05-28 10:06' WHERE id = 97268;

-- Event #44, M.Prg: 97269, tot. athletes: 2
-- Tot. progr. duration: 116 (sec), Heat durations: [11600] (hds)
-- Session begin time: 2011-05-28 08:30:00 +0200, Computed begin time: 2011-05-28 10:08:28 +0200
UPDATE meeting_programs SET begin_time = '2011-05-28 10:08' WHERE id = 97269;

-- Event #45, M.Prg: 97270, tot. athletes: 2
-- Tot. progr. duration: 119 (sec), Heat durations: [11930] (hds)
-- Session begin time: 2011-05-28 08:30:00 +0200, Computed begin time: 2011-05-28 10:10:24 +0200
UPDATE meeting_programs SET begin_time = '2011-05-28 10:10' WHERE id = 97270;

-- Event #46, M.Prg: 97271, tot. athletes: 1
-- Tot. progr. duration: 114 (sec), Heat durations: [11430] (hds)
-- Session begin time: 2011-05-28 08:30:00 +0200, Computed begin time: 2011-05-28 10:12:23 +0200
UPDATE meeting_programs SET begin_time = '2011-05-28 10:12' WHERE id = 97271;

-- Event #47, M.Prg: 97272, tot. athletes: 1
-- Tot. progr. duration: 115 (sec), Heat durations: [11590] (hds)
-- Session begin time: 2011-05-28 08:30:00 +0200, Computed begin time: 2011-05-28 10:14:17 +0200
UPDATE meeting_programs SET begin_time = '2011-05-28 10:14' WHERE id = 97272;

-- Event #48, M.Prg: 97273, tot. athletes: 1
-- Tot. progr. duration: 114 (sec), Heat durations: [11490] (hds)
-- Session begin time: 2011-05-28 08:30:00 +0200, Computed begin time: 2011-05-28 10:16:12 +0200
UPDATE meeting_programs SET begin_time = '2011-05-28 10:16' WHERE id = 97273;

-- Event #49, M.Prg: 97274, tot. athletes: 1
-- Tot. progr. duration: 100 (sec), Heat durations: [10000] (hds)
-- Session begin time: 2011-05-28 08:30:00 +0200, Computed begin time: 2011-05-28 10:18:06 +0200
UPDATE meeting_programs SET begin_time = '2011-05-28 10:18' WHERE id = 97274;

-- Event #50, M.Prg: 97275, tot. athletes: 4
-- Tot. progr. duration: 108 (sec), Heat durations: [10870] (hds)
-- Session begin time: 2011-05-28 08:30:00 +0200, Computed begin time: 2011-05-28 10:19:46 +0200
UPDATE meeting_programs SET begin_time = '2011-05-28 10:19' WHERE id = 97275;

-- Event #51, M.Prg: 97276, tot. athletes: 6
-- Tot. progr. duration: 213 (sec), Heat durations: [11530, 9860] (hds)
-- Session begin time: 2011-05-28 08:30:00 +0200, Computed begin time: 2011-05-28 10:21:34 +0200
UPDATE meeting_programs SET begin_time = '2011-05-28 10:21' WHERE id = 97276;

-- Event #52, M.Prg: 97277, tot. athletes: 1
-- Tot. progr. duration: 106 (sec), Heat durations: [10660] (hds)
-- Session begin time: 2011-05-28 08:30:00 +0200, Computed begin time: 2011-05-28 10:25:07 +0200
UPDATE meeting_programs SET begin_time = '2011-05-28 10:25' WHERE id = 97277;

-- Event #53, M.Prg: 97278, tot. athletes: 4
-- Tot. progr. duration: 120 (sec), Heat durations: [12080] (hds)
-- Session begin time: 2011-05-28 08:30:00 +0200, Computed begin time: 2011-05-28 10:26:53 +0200
UPDATE meeting_programs SET begin_time = '2011-05-28 10:26' WHERE id = 97278;

-- Event #54, M.Prg: 97279, tot. athletes: 1
-- Tot. progr. duration: 104 (sec), Heat durations: [10420] (hds)
-- Session begin time: 2011-05-28 08:30:00 +0200, Computed begin time: 2011-05-28 10:28:53 +0200
UPDATE meeting_programs SET begin_time = '2011-05-28 10:28' WHERE id = 97279;

-- Event #55, M.Prg: 97280, tot. athletes: 1
-- Tot. progr. duration: 110 (sec), Heat durations: [11030] (hds)
-- Session begin time: 2011-05-28 08:30:00 +0200, Computed begin time: 2011-05-28 10:30:37 +0200
UPDATE meeting_programs SET begin_time = '2011-05-28 10:30' WHERE id = 97280;

-- Event #56, M.Prg: 97281, tot. athletes: 3
-- Tot. progr. duration: 117 (sec), Heat durations: [11710] (hds)
-- Session begin time: 2011-05-28 08:30:00 +0200, Computed begin time: 2011-05-28 10:32:27 +0200
UPDATE meeting_programs SET begin_time = '2011-05-28 10:32' WHERE id = 97281;


-- Last completed phase code: 30
