-- *** SQL Diff file for ris20161120poggibonsi.txt ***
-- Timestamp: 201611221919
INSERT INTO `meeting_events` (`id`, `created_at`, `updated_at`, `event_order`, `begin_time`, `is_out_of_race`, `is_autofilled`, `notes`, `meeting_session_id`, `event_type_id`, `heat_type_id`, `user_id`, `has_separate_gender_start_list`, `has_separate_category_start_list`)
  VALUES (11778, '2016-11-22 18:32:23', '2016-11-22 18:32:23', 1, '2000-01-01 08:02:00', 0, 1, NULL, 1990, 16, 3, 1, 1, 0);

INSERT INTO `meeting_programs` (`id`, `event_order`, `category_type_id`, `gender_type_id`, `user_id`, `created_at`, `updated_at`, `is_autofilled`, `is_out_of_race`, `begin_time`, `meeting_event_id`, `pool_type_id`, `time_standard_id`)
  VALUES (82918, 1, 1066, 2, 1, '2016-11-22 18:32:23', '2016-11-22 18:32:23', 1, 0, '2000-01-01 08:02:00', 11778, 1, NULL);

INSERT INTO `meeting_programs` (`id`, `event_order`, `category_type_id`, `gender_type_id`, `user_id`, `created_at`, `updated_at`, `is_autofilled`, `is_out_of_race`, `begin_time`, `meeting_event_id`, `pool_type_id`, `time_standard_id`)
  VALUES (82919, 2, 1067, 2, 1, '2016-11-22 18:32:23', '2016-11-22 18:32:23', 1, 0, '2000-01-01 08:04:00', 11778, 1, NULL);

INSERT INTO `meeting_programs` (`id`, `event_order`, `category_type_id`, `gender_type_id`, `user_id`, `created_at`, `updated_at`, `is_autofilled`, `is_out_of_race`, `begin_time`, `meeting_event_id`, `pool_type_id`, `time_standard_id`)
  VALUES (82920, 3, 1069, 2, 1, '2016-11-22 18:32:23', '2016-11-22 18:32:23', 1, 0, '2000-01-01 08:06:00', 11778, 1, NULL);

INSERT INTO `meeting_programs` (`id`, `event_order`, `category_type_id`, `gender_type_id`, `user_id`, `created_at`, `updated_at`, `is_autofilled`, `is_out_of_race`, `begin_time`, `meeting_event_id`, `pool_type_id`, `time_standard_id`)
  VALUES (82921, 4, 1070, 2, 1, '2016-11-22 18:32:23', '2016-11-22 18:32:23', 1, 0, '2000-01-01 08:08:00', 11778, 1, NULL);

INSERT INTO `meeting_programs` (`id`, `event_order`, `category_type_id`, `gender_type_id`, `user_id`, `created_at`, `updated_at`, `is_autofilled`, `is_out_of_race`, `begin_time`, `meeting_event_id`, `pool_type_id`, `time_standard_id`)
  VALUES (82922, 5, 1071, 2, 1, '2016-11-22 18:32:23', '2016-11-22 18:32:23', 1, 0, '2000-01-01 08:10:00', 11778, 1, NULL);

INSERT INTO `meeting_programs` (`id`, `event_order`, `category_type_id`, `gender_type_id`, `user_id`, `created_at`, `updated_at`, `is_autofilled`, `is_out_of_race`, `begin_time`, `meeting_event_id`, `pool_type_id`, `time_standard_id`)
  VALUES (82923, 6, 1073, 2, 1, '2016-11-22 18:32:23', '2016-11-22 18:32:23', 1, 0, '2000-01-01 08:12:00', 11778, 1, NULL);

INSERT INTO `meeting_programs` (`id`, `event_order`, `category_type_id`, `gender_type_id`, `user_id`, `created_at`, `updated_at`, `is_autofilled`, `is_out_of_race`, `begin_time`, `meeting_event_id`, `pool_type_id`, `time_standard_id`)
  VALUES (82924, 7, 1066, 1, 1, '2016-11-22 18:32:23', '2016-11-22 18:32:23', 1, 0, '2000-01-01 08:14:00', 11778, 1, NULL);

INSERT INTO `meeting_programs` (`id`, `event_order`, `category_type_id`, `gender_type_id`, `user_id`, `created_at`, `updated_at`, `is_autofilled`, `is_out_of_race`, `begin_time`, `meeting_event_id`, `pool_type_id`, `time_standard_id`)
  VALUES (82925, 8, 1068, 1, 1, '2016-11-22 18:32:23', '2016-11-22 18:32:23', 1, 0, '2000-01-01 08:16:00', 11778, 1, NULL);

INSERT INTO `meeting_programs` (`id`, `event_order`, `category_type_id`, `gender_type_id`, `user_id`, `created_at`, `updated_at`, `is_autofilled`, `is_out_of_race`, `begin_time`, `meeting_event_id`, `pool_type_id`, `time_standard_id`)
  VALUES (82926, 9, 1069, 1, 1, '2016-11-22 18:32:23', '2016-11-22 18:32:23', 1, 0, '2000-01-01 08:18:00', 11778, 1, NULL);

INSERT INTO `meeting_programs` (`id`, `event_order`, `category_type_id`, `gender_type_id`, `user_id`, `created_at`, `updated_at`, `is_autofilled`, `is_out_of_race`, `begin_time`, `meeting_event_id`, `pool_type_id`, `time_standard_id`)
  VALUES (82927, 10, 1070, 1, 1, '2016-11-22 18:32:23', '2016-11-22 18:32:23', 1, 0, '2000-01-01 08:20:00', 11778, 1, NULL);

INSERT INTO `meeting_programs` (`id`, `event_order`, `category_type_id`, `gender_type_id`, `user_id`, `created_at`, `updated_at`, `is_autofilled`, `is_out_of_race`, `begin_time`, `meeting_event_id`, `pool_type_id`, `time_standard_id`)
  VALUES (82928, 11, 1072, 1, 1, '2016-11-22 18:32:24', '2016-11-22 18:32:24', 1, 0, '2000-01-01 08:22:00', 11778, 1, NULL);

INSERT INTO `meeting_programs` (`id`, `event_order`, `category_type_id`, `gender_type_id`, `user_id`, `created_at`, `updated_at`, `is_autofilled`, `is_out_of_race`, `begin_time`, `meeting_event_id`, `pool_type_id`, `time_standard_id`)
  VALUES (82929, 12, 1073, 1, 1, '2016-11-22 18:32:24', '2016-11-22 18:32:24', 1, 0, '2000-01-01 08:24:00', 11778, 1, NULL);

INSERT INTO `meeting_programs` (`id`, `event_order`, `category_type_id`, `gender_type_id`, `user_id`, `created_at`, `updated_at`, `is_autofilled`, `is_out_of_race`, `begin_time`, `meeting_event_id`, `pool_type_id`, `time_standard_id`)
  VALUES (82930, 13, 1076, 1, 1, '2016-11-22 18:32:24', '2016-11-22 18:32:24', 1, 0, '2000-01-01 08:26:00', 11778, 1, NULL);

INSERT INTO `meeting_programs` (`id`, `event_order`, `category_type_id`, `gender_type_id`, `user_id`, `created_at`, `updated_at`, `is_autofilled`, `is_out_of_race`, `begin_time`, `meeting_event_id`, `pool_type_id`, `time_standard_id`)
  VALUES (82931, 14, 1077, 1, 1, '2016-11-22 18:32:24', '2016-11-22 18:32:24', 1, 0, '2000-01-01 08:28:00', 11778, 1, NULL);

INSERT INTO `meeting_programs` (`id`, `event_order`, `category_type_id`, `gender_type_id`, `user_id`, `created_at`, `updated_at`, `is_autofilled`, `is_out_of_race`, `begin_time`, `meeting_event_id`, `pool_type_id`, `time_standard_id`)
  VALUES (82932, 15, 1082, 1, 1, '2016-11-22 18:32:24', '2016-11-22 18:32:24', 1, 0, '2000-01-01 08:30:00', 11778, 1, NULL);

INSERT INTO `meeting_events` (`id`, `created_at`, `updated_at`, `event_order`, `begin_time`, `is_out_of_race`, `is_autofilled`, `notes`, `meeting_session_id`, `event_type_id`, `heat_type_id`, `user_id`, `has_separate_gender_start_list`, `has_separate_category_start_list`)
  VALUES (11779, '2016-11-22 18:32:24', '2016-11-22 18:32:24', 2, '2000-01-01 08:32:00', 0, 1, NULL, 1990, 12, 3, 1, 1, 0);

INSERT INTO `meeting_programs` (`id`, `event_order`, `category_type_id`, `gender_type_id`, `user_id`, `created_at`, `updated_at`, `is_autofilled`, `is_out_of_race`, `begin_time`, `meeting_event_id`, `pool_type_id`, `time_standard_id`)
  VALUES (82933, 16, 1066, 2, 1, '2016-11-22 18:32:24', '2016-11-22 18:32:24', 1, 0, '2000-01-01 08:32:00', 11779, 1, NULL);

INSERT INTO `meeting_programs` (`id`, `event_order`, `category_type_id`, `gender_type_id`, `user_id`, `created_at`, `updated_at`, `is_autofilled`, `is_out_of_race`, `begin_time`, `meeting_event_id`, `pool_type_id`, `time_standard_id`)
  VALUES (82934, 17, 1071, 2, 1, '2016-11-22 18:32:24', '2016-11-22 18:32:24', 1, 0, '2000-01-01 08:34:00', 11779, 1, NULL);

INSERT INTO `meeting_programs` (`id`, `event_order`, `category_type_id`, `gender_type_id`, `user_id`, `created_at`, `updated_at`, `is_autofilled`, `is_out_of_race`, `begin_time`, `meeting_event_id`, `pool_type_id`, `time_standard_id`)
  VALUES (82935, 18, 1073, 2, 1, '2016-11-22 18:32:24', '2016-11-22 18:32:24', 1, 0, '2000-01-01 08:36:00', 11779, 1, NULL);

INSERT INTO `meeting_programs` (`id`, `event_order`, `category_type_id`, `gender_type_id`, `user_id`, `created_at`, `updated_at`, `is_autofilled`, `is_out_of_race`, `begin_time`, `meeting_event_id`, `pool_type_id`, `time_standard_id`)
  VALUES (82936, 19, 1066, 1, 1, '2016-11-22 18:32:24', '2016-11-22 18:32:24', 1, 0, '2000-01-01 08:38:00', 11779, 1, NULL);

INSERT INTO `meeting_programs` (`id`, `event_order`, `category_type_id`, `gender_type_id`, `user_id`, `created_at`, `updated_at`, `is_autofilled`, `is_out_of_race`, `begin_time`, `meeting_event_id`, `pool_type_id`, `time_standard_id`)
  VALUES (82937, 20, 1067, 1, 1, '2016-11-22 18:32:24', '2016-11-22 18:32:24', 1, 0, '2000-01-01 08:40:00', 11779, 1, NULL);

INSERT INTO `meeting_programs` (`id`, `event_order`, `category_type_id`, `gender_type_id`, `user_id`, `created_at`, `updated_at`, `is_autofilled`, `is_out_of_race`, `begin_time`, `meeting_event_id`, `pool_type_id`, `time_standard_id`)
  VALUES (82938, 21, 1069, 1, 1, '2016-11-22 18:32:24', '2016-11-22 18:32:24', 1, 0, '2000-01-01 08:42:00', 11779, 1, NULL);

INSERT INTO `meeting_programs` (`id`, `event_order`, `category_type_id`, `gender_type_id`, `user_id`, `created_at`, `updated_at`, `is_autofilled`, `is_out_of_race`, `begin_time`, `meeting_event_id`, `pool_type_id`, `time_standard_id`)
  VALUES (82939, 22, 1070, 1, 1, '2016-11-22 18:32:24', '2016-11-22 18:32:24', 1, 0, '2000-01-01 08:44:00', 11779, 1, NULL);

INSERT INTO `meeting_programs` (`id`, `event_order`, `category_type_id`, `gender_type_id`, `user_id`, `created_at`, `updated_at`, `is_autofilled`, `is_out_of_race`, `begin_time`, `meeting_event_id`, `pool_type_id`, `time_standard_id`)
  VALUES (82940, 23, 1071, 1, 1, '2016-11-22 18:32:24', '2016-11-22 18:32:24', 1, 0, '2000-01-01 08:46:00', 11779, 1, NULL);

INSERT INTO `meeting_programs` (`id`, `event_order`, `category_type_id`, `gender_type_id`, `user_id`, `created_at`, `updated_at`, `is_autofilled`, `is_out_of_race`, `begin_time`, `meeting_event_id`, `pool_type_id`, `time_standard_id`)
  VALUES (82941, 24, 1072, 1, 1, '2016-11-22 18:32:24', '2016-11-22 18:32:24', 1, 0, '2000-01-01 08:48:00', 11779, 1, NULL);

INSERT INTO `meeting_events` (`id`, `created_at`, `updated_at`, `event_order`, `begin_time`, `is_out_of_race`, `is_autofilled`, `notes`, `meeting_session_id`, `event_type_id`, `heat_type_id`, `user_id`, `has_separate_gender_start_list`, `has_separate_category_start_list`)
  VALUES (11780, '2016-11-22 18:32:24', '2016-11-22 18:32:24', 3, '2000-01-01 08:50:00', 0, 1, NULL, 1990, 22, 3, 1, 1, 0);

INSERT INTO `meeting_programs` (`id`, `event_order`, `category_type_id`, `gender_type_id`, `user_id`, `created_at`, `updated_at`, `is_autofilled`, `is_out_of_race`, `begin_time`, `meeting_event_id`, `pool_type_id`, `time_standard_id`)
  VALUES (82942, 25, 1066, 2, 1, '2016-11-22 18:32:24', '2016-11-22 18:32:24', 1, 0, '2000-01-01 08:50:00', 11780, 1, NULL);

INSERT INTO `meeting_programs` (`id`, `event_order`, `category_type_id`, `gender_type_id`, `user_id`, `created_at`, `updated_at`, `is_autofilled`, `is_out_of_race`, `begin_time`, `meeting_event_id`, `pool_type_id`, `time_standard_id`)
  VALUES (82943, 26, 1067, 2, 1, '2016-11-22 18:32:24', '2016-11-22 18:32:24', 1, 0, '2000-01-01 08:52:00', 11780, 1, NULL);

INSERT INTO `meeting_programs` (`id`, `event_order`, `category_type_id`, `gender_type_id`, `user_id`, `created_at`, `updated_at`, `is_autofilled`, `is_out_of_race`, `begin_time`, `meeting_event_id`, `pool_type_id`, `time_standard_id`)
  VALUES (82944, 27, 1068, 2, 1, '2016-11-22 18:32:24', '2016-11-22 18:32:24', 1, 0, '2000-01-01 08:54:00', 11780, 1, NULL);

INSERT INTO `meeting_programs` (`id`, `event_order`, `category_type_id`, `gender_type_id`, `user_id`, `created_at`, `updated_at`, `is_autofilled`, `is_out_of_race`, `begin_time`, `meeting_event_id`, `pool_type_id`, `time_standard_id`)
  VALUES (82945, 28, 1069, 2, 1, '2016-11-22 18:32:24', '2016-11-22 18:32:24', 1, 0, '2000-01-01 08:56:00', 11780, 1, NULL);

INSERT INTO `meeting_programs` (`id`, `event_order`, `category_type_id`, `gender_type_id`, `user_id`, `created_at`, `updated_at`, `is_autofilled`, `is_out_of_race`, `begin_time`, `meeting_event_id`, `pool_type_id`, `time_standard_id`)
  VALUES (82946, 29, 1070, 2, 1, '2016-11-22 18:32:25', '2016-11-22 18:32:25', 1, 0, '2000-01-01 08:58:00', 11780, 1, NULL);

INSERT INTO `meeting_programs` (`id`, `event_order`, `category_type_id`, `gender_type_id`, `user_id`, `created_at`, `updated_at`, `is_autofilled`, `is_out_of_race`, `begin_time`, `meeting_event_id`, `pool_type_id`, `time_standard_id`)
  VALUES (82947, 30, 1071, 2, 1, '2016-11-22 18:32:25', '2016-11-22 18:32:25', 1, 0, '2000-01-01 09:00:00', 11780, 1, NULL);

INSERT INTO `meeting_programs` (`id`, `event_order`, `category_type_id`, `gender_type_id`, `user_id`, `created_at`, `updated_at`, `is_autofilled`, `is_out_of_race`, `begin_time`, `meeting_event_id`, `pool_type_id`, `time_standard_id`)
  VALUES (82948, 31, 1074, 2, 1, '2016-11-22 18:32:25', '2016-11-22 18:32:25', 1, 0, '2000-01-01 09:02:00', 11780, 1, NULL);

INSERT INTO `meeting_programs` (`id`, `event_order`, `category_type_id`, `gender_type_id`, `user_id`, `created_at`, `updated_at`, `is_autofilled`, `is_out_of_race`, `begin_time`, `meeting_event_id`, `pool_type_id`, `time_standard_id`)
  VALUES (82949, 32, 1082, 2, 1, '2016-11-22 18:32:25', '2016-11-22 18:32:25', 1, 0, '2000-01-01 09:04:00', 11780, 1, NULL);

INSERT INTO `meeting_programs` (`id`, `event_order`, `category_type_id`, `gender_type_id`, `user_id`, `created_at`, `updated_at`, `is_autofilled`, `is_out_of_race`, `begin_time`, `meeting_event_id`, `pool_type_id`, `time_standard_id`)
  VALUES (82950, 33, 1066, 1, 1, '2016-11-22 18:32:25', '2016-11-22 18:32:25', 1, 0, '2000-01-01 09:06:00', 11780, 1, NULL);

INSERT INTO `meeting_programs` (`id`, `event_order`, `category_type_id`, `gender_type_id`, `user_id`, `created_at`, `updated_at`, `is_autofilled`, `is_out_of_race`, `begin_time`, `meeting_event_id`, `pool_type_id`, `time_standard_id`)
  VALUES (82951, 34, 1067, 1, 1, '2016-11-22 18:32:25', '2016-11-22 18:32:25', 1, 0, '2000-01-01 09:08:00', 11780, 1, NULL);

INSERT INTO `meeting_programs` (`id`, `event_order`, `category_type_id`, `gender_type_id`, `user_id`, `created_at`, `updated_at`, `is_autofilled`, `is_out_of_race`, `begin_time`, `meeting_event_id`, `pool_type_id`, `time_standard_id`)
  VALUES (82952, 35, 1068, 1, 1, '2016-11-22 18:32:25', '2016-11-22 18:32:25', 1, 0, '2000-01-01 09:10:00', 11780, 1, NULL);

INSERT INTO `meeting_programs` (`id`, `event_order`, `category_type_id`, `gender_type_id`, `user_id`, `created_at`, `updated_at`, `is_autofilled`, `is_out_of_race`, `begin_time`, `meeting_event_id`, `pool_type_id`, `time_standard_id`)
  VALUES (82953, 36, 1069, 1, 1, '2016-11-22 18:32:25', '2016-11-22 18:32:25', 1, 0, '2000-01-01 09:12:00', 11780, 1, NULL);

INSERT INTO `meeting_programs` (`id`, `event_order`, `category_type_id`, `gender_type_id`, `user_id`, `created_at`, `updated_at`, `is_autofilled`, `is_out_of_race`, `begin_time`, `meeting_event_id`, `pool_type_id`, `time_standard_id`)
  VALUES (82954, 37, 1070, 1, 1, '2016-11-22 18:32:25', '2016-11-22 18:32:25', 1, 0, '2000-01-01 09:14:00', 11780, 1, NULL);

INSERT INTO `meeting_programs` (`id`, `event_order`, `category_type_id`, `gender_type_id`, `user_id`, `created_at`, `updated_at`, `is_autofilled`, `is_out_of_race`, `begin_time`, `meeting_event_id`, `pool_type_id`, `time_standard_id`)
  VALUES (82955, 38, 1071, 1, 1, '2016-11-22 18:32:25', '2016-11-22 18:32:25', 1, 0, '2000-01-01 09:16:00', 11780, 1, NULL);

INSERT INTO `meeting_programs` (`id`, `event_order`, `category_type_id`, `gender_type_id`, `user_id`, `created_at`, `updated_at`, `is_autofilled`, `is_out_of_race`, `begin_time`, `meeting_event_id`, `pool_type_id`, `time_standard_id`)
  VALUES (82956, 39, 1072, 1, 1, '2016-11-22 18:32:25', '2016-11-22 18:32:25', 1, 0, '2000-01-01 09:18:00', 11780, 1, NULL);

INSERT INTO `meeting_programs` (`id`, `event_order`, `category_type_id`, `gender_type_id`, `user_id`, `created_at`, `updated_at`, `is_autofilled`, `is_out_of_race`, `begin_time`, `meeting_event_id`, `pool_type_id`, `time_standard_id`)
  VALUES (82957, 40, 1073, 1, 1, '2016-11-22 18:32:25', '2016-11-22 18:32:25', 1, 0, '2000-01-01 09:20:00', 11780, 1, NULL);

INSERT INTO `meeting_programs` (`id`, `event_order`, `category_type_id`, `gender_type_id`, `user_id`, `created_at`, `updated_at`, `is_autofilled`, `is_out_of_race`, `begin_time`, `meeting_event_id`, `pool_type_id`, `time_standard_id`)
  VALUES (82958, 41, 1074, 1, 1, '2016-11-22 18:32:25', '2016-11-22 18:32:25', 1, 0, '2000-01-01 09:22:00', 11780, 1, NULL);

INSERT INTO `meeting_programs` (`id`, `event_order`, `category_type_id`, `gender_type_id`, `user_id`, `created_at`, `updated_at`, `is_autofilled`, `is_out_of_race`, `begin_time`, `meeting_event_id`, `pool_type_id`, `time_standard_id`)
  VALUES (82959, 42, 1076, 1, 1, '2016-11-22 18:32:25', '2016-11-22 18:32:25', 1, 0, '2000-01-01 09:24:00', 11780, 1, NULL);

INSERT INTO `meeting_programs` (`id`, `event_order`, `category_type_id`, `gender_type_id`, `user_id`, `created_at`, `updated_at`, `is_autofilled`, `is_out_of_race`, `begin_time`, `meeting_event_id`, `pool_type_id`, `time_standard_id`)
  VALUES (82960, 43, 1082, 1, 1, '2016-11-22 18:32:25', '2016-11-22 18:32:25', 1, 0, '2000-01-01 09:26:00', 11780, 1, NULL);

INSERT INTO `meeting_events` (`id`, `created_at`, `updated_at`, `event_order`, `begin_time`, `is_out_of_race`, `is_autofilled`, `notes`, `meeting_session_id`, `event_type_id`, `heat_type_id`, `user_id`, `has_separate_gender_start_list`, `has_separate_category_start_list`)
  VALUES (11781, '2016-11-22 18:32:25', '2016-11-22 18:32:25', 4, '2000-01-01 09:28:00', 0, 1, NULL, 1990, 20, 3, 1, 1, 0);

INSERT INTO `meeting_programs` (`id`, `event_order`, `category_type_id`, `gender_type_id`, `user_id`, `created_at`, `updated_at`, `is_autofilled`, `is_out_of_race`, `begin_time`, `meeting_event_id`, `pool_type_id`, `time_standard_id`)
  VALUES (82961, 44, 1068, 2, 1, '2016-11-22 18:32:25', '2016-11-22 18:32:25', 1, 0, '2000-01-01 09:28:00', 11781, 1, NULL);

INSERT INTO `meeting_programs` (`id`, `event_order`, `category_type_id`, `gender_type_id`, `user_id`, `created_at`, `updated_at`, `is_autofilled`, `is_out_of_race`, `begin_time`, `meeting_event_id`, `pool_type_id`, `time_standard_id`)
  VALUES (82962, 45, 1070, 2, 1, '2016-11-22 18:32:25', '2016-11-22 18:32:25', 1, 0, '2000-01-01 09:30:00', 11781, 1, NULL);

INSERT INTO `meeting_programs` (`id`, `event_order`, `category_type_id`, `gender_type_id`, `user_id`, `created_at`, `updated_at`, `is_autofilled`, `is_out_of_race`, `begin_time`, `meeting_event_id`, `pool_type_id`, `time_standard_id`)
  VALUES (82963, 46, 1071, 2, 1, '2016-11-22 18:32:25', '2016-11-22 18:32:25', 1, 0, '2000-01-01 09:32:00', 11781, 1, NULL);

INSERT INTO `meeting_programs` (`id`, `event_order`, `category_type_id`, `gender_type_id`, `user_id`, `created_at`, `updated_at`, `is_autofilled`, `is_out_of_race`, `begin_time`, `meeting_event_id`, `pool_type_id`, `time_standard_id`)
  VALUES (82964, 47, 1074, 2, 1, '2016-11-22 18:32:25', '2016-11-22 18:32:25', 1, 0, '2000-01-01 09:34:00', 11781, 1, NULL);

INSERT INTO `meeting_programs` (`id`, `event_order`, `category_type_id`, `gender_type_id`, `user_id`, `created_at`, `updated_at`, `is_autofilled`, `is_out_of_race`, `begin_time`, `meeting_event_id`, `pool_type_id`, `time_standard_id`)
  VALUES (82965, 48, 1077, 2, 1, '2016-11-22 18:32:25', '2016-11-22 18:32:25', 1, 0, '2000-01-01 09:36:00', 11781, 1, NULL);

INSERT INTO `meeting_programs` (`id`, `event_order`, `category_type_id`, `gender_type_id`, `user_id`, `created_at`, `updated_at`, `is_autofilled`, `is_out_of_race`, `begin_time`, `meeting_event_id`, `pool_type_id`, `time_standard_id`)
  VALUES (82966, 49, 1066, 1, 1, '2016-11-22 18:32:25', '2016-11-22 18:32:25', 1, 0, '2000-01-01 09:38:00', 11781, 1, NULL);

INSERT INTO `meeting_programs` (`id`, `event_order`, `category_type_id`, `gender_type_id`, `user_id`, `created_at`, `updated_at`, `is_autofilled`, `is_out_of_race`, `begin_time`, `meeting_event_id`, `pool_type_id`, `time_standard_id`)
  VALUES (82967, 50, 1067, 1, 1, '2016-11-22 18:32:25', '2016-11-22 18:32:25', 1, 0, '2000-01-01 09:40:00', 11781, 1, NULL);

INSERT INTO `meeting_programs` (`id`, `event_order`, `category_type_id`, `gender_type_id`, `user_id`, `created_at`, `updated_at`, `is_autofilled`, `is_out_of_race`, `begin_time`, `meeting_event_id`, `pool_type_id`, `time_standard_id`)
  VALUES (82968, 51, 1068, 1, 1, '2016-11-22 18:32:26', '2016-11-22 18:32:26', 1, 0, '2000-01-01 09:42:00', 11781, 1, NULL);

INSERT INTO `meeting_programs` (`id`, `event_order`, `category_type_id`, `gender_type_id`, `user_id`, `created_at`, `updated_at`, `is_autofilled`, `is_out_of_race`, `begin_time`, `meeting_event_id`, `pool_type_id`, `time_standard_id`)
  VALUES (82969, 52, 1069, 1, 1, '2016-11-22 18:32:26', '2016-11-22 18:32:26', 1, 0, '2000-01-01 09:44:00', 11781, 1, NULL);

INSERT INTO `meeting_programs` (`id`, `event_order`, `category_type_id`, `gender_type_id`, `user_id`, `created_at`, `updated_at`, `is_autofilled`, `is_out_of_race`, `begin_time`, `meeting_event_id`, `pool_type_id`, `time_standard_id`)
  VALUES (82970, 53, 1070, 1, 1, '2016-11-22 18:32:26', '2016-11-22 18:32:26', 1, 0, '2000-01-01 09:46:00', 11781, 1, NULL);

INSERT INTO `meeting_programs` (`id`, `event_order`, `category_type_id`, `gender_type_id`, `user_id`, `created_at`, `updated_at`, `is_autofilled`, `is_out_of_race`, `begin_time`, `meeting_event_id`, `pool_type_id`, `time_standard_id`)
  VALUES (82971, 54, 1071, 1, 1, '2016-11-22 18:32:26', '2016-11-22 18:32:26', 1, 0, '2000-01-01 09:48:00', 11781, 1, NULL);

INSERT INTO `meeting_programs` (`id`, `event_order`, `category_type_id`, `gender_type_id`, `user_id`, `created_at`, `updated_at`, `is_autofilled`, `is_out_of_race`, `begin_time`, `meeting_event_id`, `pool_type_id`, `time_standard_id`)
  VALUES (82972, 55, 1072, 1, 1, '2016-11-22 18:32:26', '2016-11-22 18:32:26', 1, 0, '2000-01-01 09:50:00', 11781, 1, NULL);

INSERT INTO `meeting_programs` (`id`, `event_order`, `category_type_id`, `gender_type_id`, `user_id`, `created_at`, `updated_at`, `is_autofilled`, `is_out_of_race`, `begin_time`, `meeting_event_id`, `pool_type_id`, `time_standard_id`)
  VALUES (82973, 56, 1073, 1, 1, '2016-11-22 18:32:26', '2016-11-22 18:32:26', 1, 0, '2000-01-01 09:52:00', 11781, 1, NULL);

INSERT INTO `meeting_programs` (`id`, `event_order`, `category_type_id`, `gender_type_id`, `user_id`, `created_at`, `updated_at`, `is_autofilled`, `is_out_of_race`, `begin_time`, `meeting_event_id`, `pool_type_id`, `time_standard_id`)
  VALUES (82974, 57, 1075, 1, 1, '2016-11-22 18:32:26', '2016-11-22 18:32:26', 1, 0, '2000-01-01 09:54:00', 11781, 1, NULL);

INSERT INTO `meeting_programs` (`id`, `event_order`, `category_type_id`, `gender_type_id`, `user_id`, `created_at`, `updated_at`, `is_autofilled`, `is_out_of_race`, `begin_time`, `meeting_event_id`, `pool_type_id`, `time_standard_id`)
  VALUES (82975, 58, 1076, 1, 1, '2016-11-22 18:32:26', '2016-11-22 18:32:26', 1, 0, '2000-01-01 09:56:00', 11781, 1, NULL);

INSERT INTO `meeting_events` (`id`, `created_at`, `updated_at`, `event_order`, `begin_time`, `is_out_of_race`, `is_autofilled`, `notes`, `meeting_session_id`, `event_type_id`, `heat_type_id`, `user_id`, `has_separate_gender_start_list`, `has_separate_category_start_list`)
  VALUES (11782, '2016-11-22 18:32:26', '2016-11-22 18:32:26', 5, '2000-01-01 09:58:00', 0, 1, NULL, 1990, 3, 3, 1, 1, 0);

INSERT INTO `meeting_programs` (`id`, `event_order`, `category_type_id`, `gender_type_id`, `user_id`, `created_at`, `updated_at`, `is_autofilled`, `is_out_of_race`, `begin_time`, `meeting_event_id`, `pool_type_id`, `time_standard_id`)
  VALUES (82976, 59, 1067, 2, 1, '2016-11-22 18:32:26', '2016-11-22 18:32:26', 1, 0, '2000-01-01 09:58:00', 11782, 1, NULL);

INSERT INTO `meeting_programs` (`id`, `event_order`, `category_type_id`, `gender_type_id`, `user_id`, `created_at`, `updated_at`, `is_autofilled`, `is_out_of_race`, `begin_time`, `meeting_event_id`, `pool_type_id`, `time_standard_id`)
  VALUES (82977, 60, 1068, 2, 1, '2016-11-22 18:32:26', '2016-11-22 18:32:26', 1, 0, '2000-01-01 10:00:00', 11782, 1, NULL);

INSERT INTO `meeting_programs` (`id`, `event_order`, `category_type_id`, `gender_type_id`, `user_id`, `created_at`, `updated_at`, `is_autofilled`, `is_out_of_race`, `begin_time`, `meeting_event_id`, `pool_type_id`, `time_standard_id`)
  VALUES (82978, 61, 1069, 2, 1, '2016-11-22 18:32:26', '2016-11-22 18:32:26', 1, 0, '2000-01-01 10:02:00', 11782, 1, NULL);

INSERT INTO `meeting_programs` (`id`, `event_order`, `category_type_id`, `gender_type_id`, `user_id`, `created_at`, `updated_at`, `is_autofilled`, `is_out_of_race`, `begin_time`, `meeting_event_id`, `pool_type_id`, `time_standard_id`)
  VALUES (82979, 62, 1070, 2, 1, '2016-11-22 18:32:26', '2016-11-22 18:32:26', 1, 0, '2000-01-01 10:04:00', 11782, 1, NULL);

INSERT INTO `meeting_programs` (`id`, `event_order`, `category_type_id`, `gender_type_id`, `user_id`, `created_at`, `updated_at`, `is_autofilled`, `is_out_of_race`, `begin_time`, `meeting_event_id`, `pool_type_id`, `time_standard_id`)
  VALUES (82980, 63, 1071, 2, 1, '2016-11-22 18:32:26', '2016-11-22 18:32:26', 1, 0, '2000-01-01 10:06:00', 11782, 1, NULL);

INSERT INTO `meeting_programs` (`id`, `event_order`, `category_type_id`, `gender_type_id`, `user_id`, `created_at`, `updated_at`, `is_autofilled`, `is_out_of_race`, `begin_time`, `meeting_event_id`, `pool_type_id`, `time_standard_id`)
  VALUES (82981, 64, 1074, 2, 1, '2016-11-22 18:32:26', '2016-11-22 18:32:26', 1, 0, '2000-01-01 10:08:00', 11782, 1, NULL);

INSERT INTO `meeting_programs` (`id`, `event_order`, `category_type_id`, `gender_type_id`, `user_id`, `created_at`, `updated_at`, `is_autofilled`, `is_out_of_race`, `begin_time`, `meeting_event_id`, `pool_type_id`, `time_standard_id`)
  VALUES (82982, 65, 1066, 1, 1, '2016-11-22 18:32:26', '2016-11-22 18:32:26', 1, 0, '2000-01-01 10:10:00', 11782, 1, NULL);

INSERT INTO `meeting_programs` (`id`, `event_order`, `category_type_id`, `gender_type_id`, `user_id`, `created_at`, `updated_at`, `is_autofilled`, `is_out_of_race`, `begin_time`, `meeting_event_id`, `pool_type_id`, `time_standard_id`)
  VALUES (82983, 66, 1067, 1, 1, '2016-11-22 18:32:26', '2016-11-22 18:32:26', 1, 0, '2000-01-01 10:12:00', 11782, 1, NULL);

INSERT INTO `meeting_programs` (`id`, `event_order`, `category_type_id`, `gender_type_id`, `user_id`, `created_at`, `updated_at`, `is_autofilled`, `is_out_of_race`, `begin_time`, `meeting_event_id`, `pool_type_id`, `time_standard_id`)
  VALUES (82984, 67, 1068, 1, 1, '2016-11-22 18:32:26', '2016-11-22 18:32:26', 1, 0, '2000-01-01 10:14:00', 11782, 1, NULL);

INSERT INTO `meeting_programs` (`id`, `event_order`, `category_type_id`, `gender_type_id`, `user_id`, `created_at`, `updated_at`, `is_autofilled`, `is_out_of_race`, `begin_time`, `meeting_event_id`, `pool_type_id`, `time_standard_id`)
  VALUES (82985, 68, 1069, 1, 1, '2016-11-22 18:32:26', '2016-11-22 18:32:26', 1, 0, '2000-01-01 10:16:00', 11782, 1, NULL);

INSERT INTO `meeting_programs` (`id`, `event_order`, `category_type_id`, `gender_type_id`, `user_id`, `created_at`, `updated_at`, `is_autofilled`, `is_out_of_race`, `begin_time`, `meeting_event_id`, `pool_type_id`, `time_standard_id`)
  VALUES (82986, 69, 1070, 1, 1, '2016-11-22 18:32:26', '2016-11-22 18:32:26', 1, 0, '2000-01-01 10:18:00', 11782, 1, NULL);

INSERT INTO `meeting_programs` (`id`, `event_order`, `category_type_id`, `gender_type_id`, `user_id`, `created_at`, `updated_at`, `is_autofilled`, `is_out_of_race`, `begin_time`, `meeting_event_id`, `pool_type_id`, `time_standard_id`)
  VALUES (82987, 70, 1071, 1, 1, '2016-11-22 18:32:26', '2016-11-22 18:32:26', 1, 0, '2000-01-01 10:20:00', 11782, 1, NULL);

INSERT INTO `meeting_programs` (`id`, `event_order`, `category_type_id`, `gender_type_id`, `user_id`, `created_at`, `updated_at`, `is_autofilled`, `is_out_of_race`, `begin_time`, `meeting_event_id`, `pool_type_id`, `time_standard_id`)
  VALUES (82988, 71, 1072, 1, 1, '2016-11-22 18:32:26', '2016-11-22 18:32:26', 1, 0, '2000-01-01 10:22:00', 11782, 1, NULL);

INSERT INTO `meeting_programs` (`id`, `event_order`, `category_type_id`, `gender_type_id`, `user_id`, `created_at`, `updated_at`, `is_autofilled`, `is_out_of_race`, `begin_time`, `meeting_event_id`, `pool_type_id`, `time_standard_id`)
  VALUES (82989, 72, 1073, 1, 1, '2016-11-22 18:32:26', '2016-11-22 18:32:26', 1, 0, '2000-01-01 10:24:00', 11782, 1, NULL);

INSERT INTO `meeting_programs` (`id`, `event_order`, `category_type_id`, `gender_type_id`, `user_id`, `created_at`, `updated_at`, `is_autofilled`, `is_out_of_race`, `begin_time`, `meeting_event_id`, `pool_type_id`, `time_standard_id`)
  VALUES (82990, 73, 1082, 1, 1, '2016-11-22 18:32:26', '2016-11-22 18:32:26', 1, 0, '2000-01-01 10:26:00', 11782, 1, NULL);

INSERT INTO `meeting_events` (`id`, `created_at`, `updated_at`, `event_order`, `begin_time`, `is_out_of_race`, `is_autofilled`, `notes`, `meeting_session_id`, `event_type_id`, `heat_type_id`, `user_id`, `has_separate_gender_start_list`, `has_separate_category_start_list`)
  VALUES (11783, '2016-11-22 18:32:26', '2016-11-22 18:32:26', 6, '2000-01-01 10:28:00', 0, 1, NULL, 1990, 15, 3, 1, 1, 0);

INSERT INTO `meeting_programs` (`id`, `event_order`, `category_type_id`, `gender_type_id`, `user_id`, `created_at`, `updated_at`, `is_autofilled`, `is_out_of_race`, `begin_time`, `meeting_event_id`, `pool_type_id`, `time_standard_id`)
  VALUES (82991, 74, 1066, 2, 1, '2016-11-22 18:32:27', '2016-11-22 18:32:27', 1, 0, '2000-01-01 10:28:00', 11783, 1, NULL);

INSERT INTO `meeting_programs` (`id`, `event_order`, `category_type_id`, `gender_type_id`, `user_id`, `created_at`, `updated_at`, `is_autofilled`, `is_out_of_race`, `begin_time`, `meeting_event_id`, `pool_type_id`, `time_standard_id`)
  VALUES (82992, 75, 1067, 2, 1, '2016-11-22 18:32:27', '2016-11-22 18:32:27', 1, 0, '2000-01-01 10:30:00', 11783, 1, NULL);

INSERT INTO `meeting_programs` (`id`, `event_order`, `category_type_id`, `gender_type_id`, `user_id`, `created_at`, `updated_at`, `is_autofilled`, `is_out_of_race`, `begin_time`, `meeting_event_id`, `pool_type_id`, `time_standard_id`)
  VALUES (82993, 76, 1068, 2, 1, '2016-11-22 18:32:27', '2016-11-22 18:32:27', 1, 0, '2000-01-01 10:32:00', 11783, 1, NULL);

INSERT INTO `meeting_programs` (`id`, `event_order`, `category_type_id`, `gender_type_id`, `user_id`, `created_at`, `updated_at`, `is_autofilled`, `is_out_of_race`, `begin_time`, `meeting_event_id`, `pool_type_id`, `time_standard_id`)
  VALUES (82994, 77, 1069, 2, 1, '2016-11-22 18:32:27', '2016-11-22 18:32:27', 1, 0, '2000-01-01 10:34:00', 11783, 1, NULL);

INSERT INTO `meeting_programs` (`id`, `event_order`, `category_type_id`, `gender_type_id`, `user_id`, `created_at`, `updated_at`, `is_autofilled`, `is_out_of_race`, `begin_time`, `meeting_event_id`, `pool_type_id`, `time_standard_id`)
  VALUES (82995, 78, 1066, 1, 1, '2016-11-22 18:32:27', '2016-11-22 18:32:27', 1, 0, '2000-01-01 10:36:00', 11783, 1, NULL);

INSERT INTO `meeting_programs` (`id`, `event_order`, `category_type_id`, `gender_type_id`, `user_id`, `created_at`, `updated_at`, `is_autofilled`, `is_out_of_race`, `begin_time`, `meeting_event_id`, `pool_type_id`, `time_standard_id`)
  VALUES (82996, 79, 1067, 1, 1, '2016-11-22 18:32:27', '2016-11-22 18:32:27', 1, 0, '2000-01-01 10:38:00', 11783, 1, NULL);

INSERT INTO `meeting_programs` (`id`, `event_order`, `category_type_id`, `gender_type_id`, `user_id`, `created_at`, `updated_at`, `is_autofilled`, `is_out_of_race`, `begin_time`, `meeting_event_id`, `pool_type_id`, `time_standard_id`)
  VALUES (82997, 80, 1068, 1, 1, '2016-11-22 18:32:27', '2016-11-22 18:32:27', 1, 0, '2000-01-01 10:40:00', 11783, 1, NULL);

INSERT INTO `meeting_programs` (`id`, `event_order`, `category_type_id`, `gender_type_id`, `user_id`, `created_at`, `updated_at`, `is_autofilled`, `is_out_of_race`, `begin_time`, `meeting_event_id`, `pool_type_id`, `time_standard_id`)
  VALUES (82998, 81, 1069, 1, 1, '2016-11-22 18:32:27', '2016-11-22 18:32:27', 1, 0, '2000-01-01 10:42:00', 11783, 1, NULL);

INSERT INTO `meeting_programs` (`id`, `event_order`, `category_type_id`, `gender_type_id`, `user_id`, `created_at`, `updated_at`, `is_autofilled`, `is_out_of_race`, `begin_time`, `meeting_event_id`, `pool_type_id`, `time_standard_id`)
  VALUES (82999, 82, 1070, 1, 1, '2016-11-22 18:32:27', '2016-11-22 18:32:27', 1, 0, '2000-01-01 10:44:00', 11783, 1, NULL);

INSERT INTO `meeting_programs` (`id`, `event_order`, `category_type_id`, `gender_type_id`, `user_id`, `created_at`, `updated_at`, `is_autofilled`, `is_out_of_race`, `begin_time`, `meeting_event_id`, `pool_type_id`, `time_standard_id`)
  VALUES (83000, 83, 1073, 1, 1, '2016-11-22 18:32:27', '2016-11-22 18:32:27', 1, 0, '2000-01-01 10:46:00', 11783, 1, NULL);

INSERT INTO `meeting_programs` (`id`, `event_order`, `category_type_id`, `gender_type_id`, `user_id`, `created_at`, `updated_at`, `is_autofilled`, `is_out_of_race`, `begin_time`, `meeting_event_id`, `pool_type_id`, `time_standard_id`)
  VALUES (83001, 84, 1074, 1, 1, '2016-11-22 18:32:27', '2016-11-22 18:32:27', 1, 0, '2000-01-01 10:48:00', 11783, 1, NULL);

INSERT INTO `meeting_programs` (`id`, `event_order`, `category_type_id`, `gender_type_id`, `user_id`, `created_at`, `updated_at`, `is_autofilled`, `is_out_of_race`, `begin_time`, `meeting_event_id`, `pool_type_id`, `time_standard_id`)
  VALUES (83002, 85, 1077, 1, 1, '2016-11-22 18:32:27', '2016-11-22 18:32:27', 1, 0, '2000-01-01 10:50:00', 11783, 1, NULL);

INSERT INTO `meeting_events` (`id`, `created_at`, `updated_at`, `event_order`, `begin_time`, `is_out_of_race`, `is_autofilled`, `notes`, `meeting_session_id`, `event_type_id`, `heat_type_id`, `user_id`, `has_separate_gender_start_list`, `has_separate_category_start_list`)
  VALUES (11784, '2016-11-22 18:32:27', '2016-11-22 18:32:27', 7, '2000-01-01 10:52:00', 0, 1, NULL, 1990, 11, 3, 1, 1, 0);

INSERT INTO `meeting_programs` (`id`, `event_order`, `category_type_id`, `gender_type_id`, `user_id`, `created_at`, `updated_at`, `is_autofilled`, `is_out_of_race`, `begin_time`, `meeting_event_id`, `pool_type_id`, `time_standard_id`)
  VALUES (83003, 86, 1066, 2, 1, '2016-11-22 18:32:27', '2016-11-22 18:32:27', 1, 0, '2000-01-01 10:52:00', 11784, 1, NULL);

INSERT INTO `meeting_programs` (`id`, `event_order`, `category_type_id`, `gender_type_id`, `user_id`, `created_at`, `updated_at`, `is_autofilled`, `is_out_of_race`, `begin_time`, `meeting_event_id`, `pool_type_id`, `time_standard_id`)
  VALUES (83004, 87, 1068, 2, 1, '2016-11-22 18:32:27', '2016-11-22 18:32:27', 1, 0, '2000-01-01 10:54:00', 11784, 1, NULL);

INSERT INTO `meeting_programs` (`id`, `event_order`, `category_type_id`, `gender_type_id`, `user_id`, `created_at`, `updated_at`, `is_autofilled`, `is_out_of_race`, `begin_time`, `meeting_event_id`, `pool_type_id`, `time_standard_id`)
  VALUES (83005, 88, 1069, 2, 1, '2016-11-22 18:32:27', '2016-11-22 18:32:27', 1, 0, '2000-01-01 10:56:00', 11784, 1, NULL);

INSERT INTO `meeting_programs` (`id`, `event_order`, `category_type_id`, `gender_type_id`, `user_id`, `created_at`, `updated_at`, `is_autofilled`, `is_out_of_race`, `begin_time`, `meeting_event_id`, `pool_type_id`, `time_standard_id`)
  VALUES (83006, 89, 1070, 2, 1, '2016-11-22 18:32:27', '2016-11-22 18:32:27', 1, 0, '2000-01-01 10:58:00', 11784, 1, NULL);

INSERT INTO `meeting_programs` (`id`, `event_order`, `category_type_id`, `gender_type_id`, `user_id`, `created_at`, `updated_at`, `is_autofilled`, `is_out_of_race`, `begin_time`, `meeting_event_id`, `pool_type_id`, `time_standard_id`)
  VALUES (83007, 90, 1071, 2, 1, '2016-11-22 18:32:27', '2016-11-22 18:32:27', 1, 0, '2000-01-01 11:00:00', 11784, 1, NULL);

INSERT INTO `meeting_programs` (`id`, `event_order`, `category_type_id`, `gender_type_id`, `user_id`, `created_at`, `updated_at`, `is_autofilled`, `is_out_of_race`, `begin_time`, `meeting_event_id`, `pool_type_id`, `time_standard_id`)
  VALUES (83008, 91, 1082, 2, 1, '2016-11-22 18:32:27', '2016-11-22 18:32:27', 1, 0, '2000-01-01 11:02:00', 11784, 1, NULL);

INSERT INTO `meeting_programs` (`id`, `event_order`, `category_type_id`, `gender_type_id`, `user_id`, `created_at`, `updated_at`, `is_autofilled`, `is_out_of_race`, `begin_time`, `meeting_event_id`, `pool_type_id`, `time_standard_id`)
  VALUES (83009, 92, 1066, 1, 1, '2016-11-22 18:32:27', '2016-11-22 18:32:27', 1, 0, '2000-01-01 11:04:00', 11784, 1, NULL);

INSERT INTO `meeting_programs` (`id`, `event_order`, `category_type_id`, `gender_type_id`, `user_id`, `created_at`, `updated_at`, `is_autofilled`, `is_out_of_race`, `begin_time`, `meeting_event_id`, `pool_type_id`, `time_standard_id`)
  VALUES (83010, 93, 1067, 1, 1, '2016-11-22 18:32:27', '2016-11-22 18:32:27', 1, 0, '2000-01-01 11:06:00', 11784, 1, NULL);

INSERT INTO `meeting_programs` (`id`, `event_order`, `category_type_id`, `gender_type_id`, `user_id`, `created_at`, `updated_at`, `is_autofilled`, `is_out_of_race`, `begin_time`, `meeting_event_id`, `pool_type_id`, `time_standard_id`)
  VALUES (83011, 94, 1068, 1, 1, '2016-11-22 18:32:27', '2016-11-22 18:32:27', 1, 0, '2000-01-01 11:08:00', 11784, 1, NULL);

INSERT INTO `meeting_programs` (`id`, `event_order`, `category_type_id`, `gender_type_id`, `user_id`, `created_at`, `updated_at`, `is_autofilled`, `is_out_of_race`, `begin_time`, `meeting_event_id`, `pool_type_id`, `time_standard_id`)
  VALUES (83012, 95, 1069, 1, 1, '2016-11-22 18:32:27', '2016-11-22 18:32:27', 1, 0, '2000-01-01 11:10:00', 11784, 1, NULL);

INSERT INTO `meeting_programs` (`id`, `event_order`, `category_type_id`, `gender_type_id`, `user_id`, `created_at`, `updated_at`, `is_autofilled`, `is_out_of_race`, `begin_time`, `meeting_event_id`, `pool_type_id`, `time_standard_id`)
  VALUES (83013, 96, 1070, 1, 1, '2016-11-22 18:32:27', '2016-11-22 18:32:27', 1, 0, '2000-01-01 11:12:00', 11784, 1, NULL);

INSERT INTO `meeting_programs` (`id`, `event_order`, `category_type_id`, `gender_type_id`, `user_id`, `created_at`, `updated_at`, `is_autofilled`, `is_out_of_race`, `begin_time`, `meeting_event_id`, `pool_type_id`, `time_standard_id`)
  VALUES (83014, 97, 1071, 1, 1, '2016-11-22 18:32:28', '2016-11-22 18:32:28', 1, 0, '2000-01-01 11:14:00', 11784, 1, NULL);

INSERT INTO `meeting_programs` (`id`, `event_order`, `category_type_id`, `gender_type_id`, `user_id`, `created_at`, `updated_at`, `is_autofilled`, `is_out_of_race`, `begin_time`, `meeting_event_id`, `pool_type_id`, `time_standard_id`)
  VALUES (83015, 98, 1072, 1, 1, '2016-11-22 18:32:28', '2016-11-22 18:32:28', 1, 0, '2000-01-01 11:16:00', 11784, 1, NULL);

INSERT INTO `meeting_programs` (`id`, `event_order`, `category_type_id`, `gender_type_id`, `user_id`, `created_at`, `updated_at`, `is_autofilled`, `is_out_of_race`, `begin_time`, `meeting_event_id`, `pool_type_id`, `time_standard_id`)
  VALUES (83016, 99, 1073, 1, 1, '2016-11-22 18:32:28', '2016-11-22 18:32:28', 1, 0, '2000-01-01 11:18:00', 11784, 1, NULL);

INSERT INTO `meeting_programs` (`id`, `event_order`, `category_type_id`, `gender_type_id`, `user_id`, `created_at`, `updated_at`, `is_autofilled`, `is_out_of_race`, `begin_time`, `meeting_event_id`, `pool_type_id`, `time_standard_id`)
  VALUES (83017, 100, 1074, 1, 1, '2016-11-22 18:32:28', '2016-11-22 18:32:28', 1, 0, '2000-01-01 11:20:00', 11784, 1, NULL);

INSERT INTO `meeting_programs` (`id`, `event_order`, `category_type_id`, `gender_type_id`, `user_id`, `created_at`, `updated_at`, `is_autofilled`, `is_out_of_race`, `begin_time`, `meeting_event_id`, `pool_type_id`, `time_standard_id`)
  VALUES (83018, 101, 1082, 1, 1, '2016-11-22 18:32:28', '2016-11-22 18:32:28', 1, 0, '2000-01-01 11:22:00', 11784, 1, NULL);

INSERT INTO `meeting_events` (`id`, `created_at`, `updated_at`, `event_order`, `begin_time`, `is_out_of_race`, `is_autofilled`, `notes`, `meeting_session_id`, `event_type_id`, `heat_type_id`, `user_id`, `has_separate_gender_start_list`, `has_separate_category_start_list`)
  VALUES (11785, '2016-11-22 18:32:28', '2016-11-22 18:32:28', 8, '2000-01-01 11:24:00', 0, 1, NULL, 1990, 19, 3, 1, 1, 0);

INSERT INTO `meeting_programs` (`id`, `event_order`, `category_type_id`, `gender_type_id`, `user_id`, `created_at`, `updated_at`, `is_autofilled`, `is_out_of_race`, `begin_time`, `meeting_event_id`, `pool_type_id`, `time_standard_id`)
  VALUES (83019, 102, 1066, 2, 1, '2016-11-22 18:32:28', '2016-11-22 18:32:28', 1, 0, '2000-01-01 11:24:00', 11785, 1, NULL);

INSERT INTO `meeting_programs` (`id`, `event_order`, `category_type_id`, `gender_type_id`, `user_id`, `created_at`, `updated_at`, `is_autofilled`, `is_out_of_race`, `begin_time`, `meeting_event_id`, `pool_type_id`, `time_standard_id`)
  VALUES (83020, 103, 1068, 2, 1, '2016-11-22 18:32:28', '2016-11-22 18:32:28', 1, 0, '2000-01-01 11:26:00', 11785, 1, NULL);

INSERT INTO `meeting_programs` (`id`, `event_order`, `category_type_id`, `gender_type_id`, `user_id`, `created_at`, `updated_at`, `is_autofilled`, `is_out_of_race`, `begin_time`, `meeting_event_id`, `pool_type_id`, `time_standard_id`)
  VALUES (83021, 104, 1069, 2, 1, '2016-11-22 18:32:28', '2016-11-22 18:32:28', 1, 0, '2000-01-01 11:28:00', 11785, 1, NULL);

INSERT INTO `meeting_programs` (`id`, `event_order`, `category_type_id`, `gender_type_id`, `user_id`, `created_at`, `updated_at`, `is_autofilled`, `is_out_of_race`, `begin_time`, `meeting_event_id`, `pool_type_id`, `time_standard_id`)
  VALUES (83022, 105, 1070, 2, 1, '2016-11-22 18:32:28', '2016-11-22 18:32:28', 1, 0, '2000-01-01 11:30:00', 11785, 1, NULL);

INSERT INTO `meeting_programs` (`id`, `event_order`, `category_type_id`, `gender_type_id`, `user_id`, `created_at`, `updated_at`, `is_autofilled`, `is_out_of_race`, `begin_time`, `meeting_event_id`, `pool_type_id`, `time_standard_id`)
  VALUES (83023, 106, 1071, 2, 1, '2016-11-22 18:32:28', '2016-11-22 18:32:28', 1, 0, '2000-01-01 11:32:00', 11785, 1, NULL);

INSERT INTO `meeting_programs` (`id`, `event_order`, `category_type_id`, `gender_type_id`, `user_id`, `created_at`, `updated_at`, `is_autofilled`, `is_out_of_race`, `begin_time`, `meeting_event_id`, `pool_type_id`, `time_standard_id`)
  VALUES (83024, 107, 1066, 1, 1, '2016-11-22 18:32:28', '2016-11-22 18:32:28', 1, 0, '2000-01-01 11:34:00', 11785, 1, NULL);

INSERT INTO `meeting_programs` (`id`, `event_order`, `category_type_id`, `gender_type_id`, `user_id`, `created_at`, `updated_at`, `is_autofilled`, `is_out_of_race`, `begin_time`, `meeting_event_id`, `pool_type_id`, `time_standard_id`)
  VALUES (83025, 108, 1067, 1, 1, '2016-11-22 18:32:28', '2016-11-22 18:32:28', 1, 0, '2000-01-01 11:36:00', 11785, 1, NULL);

INSERT INTO `meeting_programs` (`id`, `event_order`, `category_type_id`, `gender_type_id`, `user_id`, `created_at`, `updated_at`, `is_autofilled`, `is_out_of_race`, `begin_time`, `meeting_event_id`, `pool_type_id`, `time_standard_id`)
  VALUES (83026, 109, 1068, 1, 1, '2016-11-22 18:32:28', '2016-11-22 18:32:28', 1, 0, '2000-01-01 11:38:00', 11785, 1, NULL);

INSERT INTO `meeting_programs` (`id`, `event_order`, `category_type_id`, `gender_type_id`, `user_id`, `created_at`, `updated_at`, `is_autofilled`, `is_out_of_race`, `begin_time`, `meeting_event_id`, `pool_type_id`, `time_standard_id`)
  VALUES (83027, 110, 1069, 1, 1, '2016-11-22 18:32:28', '2016-11-22 18:32:28', 1, 0, '2000-01-01 11:40:00', 11785, 1, NULL);

INSERT INTO `meeting_programs` (`id`, `event_order`, `category_type_id`, `gender_type_id`, `user_id`, `created_at`, `updated_at`, `is_autofilled`, `is_out_of_race`, `begin_time`, `meeting_event_id`, `pool_type_id`, `time_standard_id`)
  VALUES (83028, 111, 1070, 1, 1, '2016-11-22 18:32:28', '2016-11-22 18:32:28', 1, 0, '2000-01-01 11:42:00', 11785, 1, NULL);

INSERT INTO `meeting_programs` (`id`, `event_order`, `category_type_id`, `gender_type_id`, `user_id`, `created_at`, `updated_at`, `is_autofilled`, `is_out_of_race`, `begin_time`, `meeting_event_id`, `pool_type_id`, `time_standard_id`)
  VALUES (83029, 112, 1071, 1, 1, '2016-11-22 18:32:28', '2016-11-22 18:32:28', 1, 0, '2000-01-01 11:44:00', 11785, 1, NULL);

INSERT INTO `meeting_programs` (`id`, `event_order`, `category_type_id`, `gender_type_id`, `user_id`, `created_at`, `updated_at`, `is_autofilled`, `is_out_of_race`, `begin_time`, `meeting_event_id`, `pool_type_id`, `time_standard_id`)
  VALUES (83030, 113, 1072, 1, 1, '2016-11-22 18:32:28', '2016-11-22 18:32:28', 1, 0, '2000-01-01 11:46:00', 11785, 1, NULL);

INSERT INTO `meeting_programs` (`id`, `event_order`, `category_type_id`, `gender_type_id`, `user_id`, `created_at`, `updated_at`, `is_autofilled`, `is_out_of_race`, `begin_time`, `meeting_event_id`, `pool_type_id`, `time_standard_id`)
  VALUES (83031, 114, 1073, 1, 1, '2016-11-22 18:32:28', '2016-11-22 18:32:28', 1, 0, '2000-01-01 11:48:00', 11785, 1, NULL);

INSERT INTO `meeting_programs` (`id`, `event_order`, `category_type_id`, `gender_type_id`, `user_id`, `created_at`, `updated_at`, `is_autofilled`, `is_out_of_race`, `begin_time`, `meeting_event_id`, `pool_type_id`, `time_standard_id`)
  VALUES (83032, 115, 1075, 1, 1, '2016-11-22 18:32:28', '2016-11-22 18:32:28', 1, 0, '2000-01-01 11:50:00', 11785, 1, NULL);

INSERT INTO `meeting_programs` (`id`, `event_order`, `category_type_id`, `gender_type_id`, `user_id`, `created_at`, `updated_at`, `is_autofilled`, `is_out_of_race`, `begin_time`, `meeting_event_id`, `pool_type_id`, `time_standard_id`)
  VALUES (83033, 116, 1077, 1, 1, '2016-11-22 18:32:28', '2016-11-22 18:32:28', 1, 0, '2000-01-01 11:52:00', 11785, 1, NULL);

INSERT INTO `meeting_events` (`id`, `created_at`, `updated_at`, `event_order`, `begin_time`, `is_out_of_race`, `is_autofilled`, `notes`, `meeting_session_id`, `event_type_id`, `heat_type_id`, `user_id`, `has_separate_gender_start_list`, `has_separate_category_start_list`)
  VALUES (11786, '2016-11-22 18:32:28', '2016-11-22 18:32:28', 9, '2000-01-01 11:54:00', 0, 1, NULL, 1990, 2, 3, 1, 1, 0);

INSERT INTO `meeting_programs` (`id`, `event_order`, `category_type_id`, `gender_type_id`, `user_id`, `created_at`, `updated_at`, `is_autofilled`, `is_out_of_race`, `begin_time`, `meeting_event_id`, `pool_type_id`, `time_standard_id`)
  VALUES (83034, 117, 1066, 2, 1, '2016-11-22 18:32:28', '2016-11-22 18:32:28', 1, 0, '2000-01-01 11:54:00', 11786, 1, NULL);

INSERT INTO `meeting_programs` (`id`, `event_order`, `category_type_id`, `gender_type_id`, `user_id`, `created_at`, `updated_at`, `is_autofilled`, `is_out_of_race`, `begin_time`, `meeting_event_id`, `pool_type_id`, `time_standard_id`)
  VALUES (83035, 118, 1067, 2, 1, '2016-11-22 18:32:29', '2016-11-22 18:32:29', 1, 0, '2000-01-01 11:56:00', 11786, 1, NULL);

INSERT INTO `meeting_programs` (`id`, `event_order`, `category_type_id`, `gender_type_id`, `user_id`, `created_at`, `updated_at`, `is_autofilled`, `is_out_of_race`, `begin_time`, `meeting_event_id`, `pool_type_id`, `time_standard_id`)
  VALUES (83036, 119, 1068, 2, 1, '2016-11-22 18:32:29', '2016-11-22 18:32:29', 1, 0, '2000-01-01 11:58:00', 11786, 1, NULL);

INSERT INTO `meeting_programs` (`id`, `event_order`, `category_type_id`, `gender_type_id`, `user_id`, `created_at`, `updated_at`, `is_autofilled`, `is_out_of_race`, `begin_time`, `meeting_event_id`, `pool_type_id`, `time_standard_id`)
  VALUES (83037, 120, 1069, 2, 1, '2016-11-22 18:32:29', '2016-11-22 18:32:29', 1, 0, '2000-01-01 12:00:00', 11786, 1, NULL);

INSERT INTO `meeting_programs` (`id`, `event_order`, `category_type_id`, `gender_type_id`, `user_id`, `created_at`, `updated_at`, `is_autofilled`, `is_out_of_race`, `begin_time`, `meeting_event_id`, `pool_type_id`, `time_standard_id`)
  VALUES (83038, 121, 1070, 2, 1, '2016-11-22 18:32:29', '2016-11-22 18:32:29', 1, 0, '2000-01-01 12:02:00', 11786, 1, NULL);

INSERT INTO `meeting_programs` (`id`, `event_order`, `category_type_id`, `gender_type_id`, `user_id`, `created_at`, `updated_at`, `is_autofilled`, `is_out_of_race`, `begin_time`, `meeting_event_id`, `pool_type_id`, `time_standard_id`)
  VALUES (83039, 122, 1071, 2, 1, '2016-11-22 18:32:29', '2016-11-22 18:32:29', 1, 0, '2000-01-01 12:04:00', 11786, 1, NULL);

INSERT INTO `meeting_programs` (`id`, `event_order`, `category_type_id`, `gender_type_id`, `user_id`, `created_at`, `updated_at`, `is_autofilled`, `is_out_of_race`, `begin_time`, `meeting_event_id`, `pool_type_id`, `time_standard_id`)
  VALUES (83040, 123, 1077, 2, 1, '2016-11-22 18:32:29', '2016-11-22 18:32:29', 1, 0, '2000-01-01 12:06:00', 11786, 1, NULL);

INSERT INTO `meeting_programs` (`id`, `event_order`, `category_type_id`, `gender_type_id`, `user_id`, `created_at`, `updated_at`, `is_autofilled`, `is_out_of_race`, `begin_time`, `meeting_event_id`, `pool_type_id`, `time_standard_id`)
  VALUES (83041, 124, 1066, 1, 1, '2016-11-22 18:32:29', '2016-11-22 18:32:29', 1, 0, '2000-01-01 12:08:00', 11786, 1, NULL);

INSERT INTO `meeting_programs` (`id`, `event_order`, `category_type_id`, `gender_type_id`, `user_id`, `created_at`, `updated_at`, `is_autofilled`, `is_out_of_race`, `begin_time`, `meeting_event_id`, `pool_type_id`, `time_standard_id`)
  VALUES (83042, 125, 1067, 1, 1, '2016-11-22 18:32:29', '2016-11-22 18:32:29', 1, 0, '2000-01-01 12:10:00', 11786, 1, NULL);

INSERT INTO `meeting_programs` (`id`, `event_order`, `category_type_id`, `gender_type_id`, `user_id`, `created_at`, `updated_at`, `is_autofilled`, `is_out_of_race`, `begin_time`, `meeting_event_id`, `pool_type_id`, `time_standard_id`)
  VALUES (83043, 126, 1068, 1, 1, '2016-11-22 18:32:29', '2016-11-22 18:32:29', 1, 0, '2000-01-01 12:12:00', 11786, 1, NULL);

INSERT INTO `meeting_programs` (`id`, `event_order`, `category_type_id`, `gender_type_id`, `user_id`, `created_at`, `updated_at`, `is_autofilled`, `is_out_of_race`, `begin_time`, `meeting_event_id`, `pool_type_id`, `time_standard_id`)
  VALUES (83044, 127, 1069, 1, 1, '2016-11-22 18:32:29', '2016-11-22 18:32:29', 1, 0, '2000-01-01 12:14:00', 11786, 1, NULL);

INSERT INTO `meeting_programs` (`id`, `event_order`, `category_type_id`, `gender_type_id`, `user_id`, `created_at`, `updated_at`, `is_autofilled`, `is_out_of_race`, `begin_time`, `meeting_event_id`, `pool_type_id`, `time_standard_id`)
  VALUES (83045, 128, 1070, 1, 1, '2016-11-22 18:32:29', '2016-11-22 18:32:29', 1, 0, '2000-01-01 12:16:00', 11786, 1, NULL);

INSERT INTO `meeting_programs` (`id`, `event_order`, `category_type_id`, `gender_type_id`, `user_id`, `created_at`, `updated_at`, `is_autofilled`, `is_out_of_race`, `begin_time`, `meeting_event_id`, `pool_type_id`, `time_standard_id`)
  VALUES (83046, 129, 1071, 1, 1, '2016-11-22 18:32:29', '2016-11-22 18:32:29', 1, 0, '2000-01-01 12:18:00', 11786, 1, NULL);

INSERT INTO `meeting_programs` (`id`, `event_order`, `category_type_id`, `gender_type_id`, `user_id`, `created_at`, `updated_at`, `is_autofilled`, `is_out_of_race`, `begin_time`, `meeting_event_id`, `pool_type_id`, `time_standard_id`)
  VALUES (83047, 130, 1072, 1, 1, '2016-11-22 18:32:29', '2016-11-22 18:32:29', 1, 0, '2000-01-01 12:20:00', 11786, 1, NULL);

INSERT INTO `meeting_programs` (`id`, `event_order`, `category_type_id`, `gender_type_id`, `user_id`, `created_at`, `updated_at`, `is_autofilled`, `is_out_of_race`, `begin_time`, `meeting_event_id`, `pool_type_id`, `time_standard_id`)
  VALUES (83048, 131, 1073, 1, 1, '2016-11-22 18:32:29', '2016-11-22 18:32:29', 1, 0, '2000-01-01 12:22:00', 11786, 1, NULL);

INSERT INTO `meeting_programs` (`id`, `event_order`, `category_type_id`, `gender_type_id`, `user_id`, `created_at`, `updated_at`, `is_autofilled`, `is_out_of_race`, `begin_time`, `meeting_event_id`, `pool_type_id`, `time_standard_id`)
  VALUES (83049, 132, 1074, 1, 1, '2016-11-22 18:32:29', '2016-11-22 18:32:29', 1, 0, '2000-01-01 12:24:00', 11786, 1, NULL);

INSERT INTO `meeting_programs` (`id`, `event_order`, `category_type_id`, `gender_type_id`, `user_id`, `created_at`, `updated_at`, `is_autofilled`, `is_out_of_race`, `begin_time`, `meeting_event_id`, `pool_type_id`, `time_standard_id`)
  VALUES (83050, 133, 1075, 1, 1, '2016-11-22 18:32:29', '2016-11-22 18:32:29', 1, 0, '2000-01-01 12:26:00', 11786, 1, NULL);

INSERT INTO `meeting_programs` (`id`, `event_order`, `category_type_id`, `gender_type_id`, `user_id`, `created_at`, `updated_at`, `is_autofilled`, `is_out_of_race`, `begin_time`, `meeting_event_id`, `pool_type_id`, `time_standard_id`)
  VALUES (83051, 134, 1076, 1, 1, '2016-11-22 18:32:29', '2016-11-22 18:32:29', 1, 0, '2000-01-01 12:28:00', 11786, 1, NULL);

INSERT INTO `meeting_programs` (`id`, `event_order`, `category_type_id`, `gender_type_id`, `user_id`, `created_at`, `updated_at`, `is_autofilled`, `is_out_of_race`, `begin_time`, `meeting_event_id`, `pool_type_id`, `time_standard_id`)
  VALUES (83052, 135, 1077, 1, 1, '2016-11-22 18:32:29', '2016-11-22 18:32:29', 1, 0, '2000-01-01 12:30:00', 11786, 1, NULL);

INSERT INTO `meeting_events` (`id`, `created_at`, `updated_at`, `event_order`, `begin_time`, `is_out_of_race`, `is_autofilled`, `notes`, `meeting_session_id`, `event_type_id`, `heat_type_id`, `user_id`, `has_separate_gender_start_list`, `has_separate_category_start_list`)
  VALUES (11787, '2016-11-22 18:32:29', '2016-11-22 18:32:29', 10, '2000-01-01 12:30:30', 0, 1, NULL, 1990, 26, 3, 1, 1, 0);

INSERT INTO `meeting_programs` (`id`, `event_order`, `category_type_id`, `gender_type_id`, `user_id`, `created_at`, `updated_at`, `is_autofilled`, `is_out_of_race`, `begin_time`, `meeting_event_id`, `pool_type_id`, `time_standard_id`)
  VALUES (83053, 1, 1085, 2, 1, '2016-11-22 18:32:29', '2016-11-22 18:32:29', 1, 0, '2000-01-01 12:30:30', 11787, 1, NULL);

INSERT INTO `meeting_programs` (`id`, `event_order`, `category_type_id`, `gender_type_id`, `user_id`, `created_at`, `updated_at`, `is_autofilled`, `is_out_of_race`, `begin_time`, `meeting_event_id`, `pool_type_id`, `time_standard_id`)
  VALUES (83054, 2, 1086, 2, 1, '2016-11-22 18:32:29', '2016-11-22 18:32:29', 1, 0, '2000-01-01 12:30:30', 11787, 1, NULL);

INSERT INTO `meeting_programs` (`id`, `event_order`, `category_type_id`, `gender_type_id`, `user_id`, `created_at`, `updated_at`, `is_autofilled`, `is_out_of_race`, `begin_time`, `meeting_event_id`, `pool_type_id`, `time_standard_id`)
  VALUES (83055, 3, 1088, 2, 1, '2016-11-22 18:32:29', '2016-11-22 18:32:29', 1, 0, '2000-01-01 12:30:00', 11787, 1, NULL);

INSERT INTO `meeting_programs` (`id`, `event_order`, `category_type_id`, `gender_type_id`, `user_id`, `created_at`, `updated_at`, `is_autofilled`, `is_out_of_race`, `begin_time`, `meeting_event_id`, `pool_type_id`, `time_standard_id`)
  VALUES (83056, 4, 1084, 1, 1, '2016-11-22 18:32:29', '2016-11-22 18:32:29', 1, 0, '2000-01-01 12:30:30', 11787, 1, NULL);

INSERT INTO `meeting_programs` (`id`, `event_order`, `category_type_id`, `gender_type_id`, `user_id`, `created_at`, `updated_at`, `is_autofilled`, `is_out_of_race`, `begin_time`, `meeting_event_id`, `pool_type_id`, `time_standard_id`)
  VALUES (83057, 5, 1085, 1, 1, '2016-11-22 18:32:29', '2016-11-22 18:32:29', 1, 0, '2000-01-01 12:29:30', 11787, 1, NULL);

INSERT INTO `meeting_programs` (`id`, `event_order`, `category_type_id`, `gender_type_id`, `user_id`, `created_at`, `updated_at`, `is_autofilled`, `is_out_of_race`, `begin_time`, `meeting_event_id`, `pool_type_id`, `time_standard_id`)
  VALUES (83058, 6, 1086, 1, 1, '2016-11-22 18:32:30', '2016-11-22 18:32:30', 1, 0, '2000-01-01 12:28:00', 11787, 1, NULL);

INSERT INTO `meeting_programs` (`id`, `event_order`, `category_type_id`, `gender_type_id`, `user_id`, `created_at`, `updated_at`, `is_autofilled`, `is_out_of_race`, `begin_time`, `meeting_event_id`, `pool_type_id`, `time_standard_id`)
  VALUES (83059, 7, 1087, 1, 1, '2016-11-22 18:32:30', '2016-11-22 18:32:30', 1, 0, '2000-01-01 12:29:30', 11787, 1, NULL);

INSERT INTO `meeting_programs` (`id`, `event_order`, `category_type_id`, `gender_type_id`, `user_id`, `created_at`, `updated_at`, `is_autofilled`, `is_out_of_race`, `begin_time`, `meeting_event_id`, `pool_type_id`, `time_standard_id`)
  VALUES (83060, 8, 1088, 1, 1, '2016-11-22 18:32:30', '2016-11-22 18:32:30', 1, 0, '2000-01-01 12:27:30', 11787, 1, NULL);

INSERT INTO `swimmers` (`id`, `last_name`, `first_name`, `year_of_birth`, `phone_mobile`, `phone_number`, `e_mail`, `nickname`, `associated_user_id`, `gender_type_id`, `user_id`, `created_at`, `updated_at`, `complete_name`, `is_year_guessed`)
  VALUES (28501, 'BENOCCI', 'MATTEO', 1977, NULL, NULL, NULL, '', NULL, 1, 1, '2016-11-22 18:32:30', '2016-11-22 18:32:30', 'BENOCCI MATTEO', 1);

INSERT INTO `swimmers` (`id`, `last_name`, `first_name`, `year_of_birth`, `phone_mobile`, `phone_number`, `e_mail`, `nickname`, `associated_user_id`, `gender_type_id`, `user_id`, `created_at`, `updated_at`, `complete_name`, `is_year_guessed`)
  VALUES (28502, 'BERNARDINI', 'SIMONA', 1977, NULL, NULL, NULL, '', NULL, 2, 1, '2016-11-22 18:32:30', '2016-11-22 18:32:30', 'BERNARDINI SIMONA', 1);

INSERT INTO `swimmers` (`id`, `last_name`, `first_name`, `year_of_birth`, `phone_mobile`, `phone_number`, `e_mail`, `nickname`, `associated_user_id`, `gender_type_id`, `user_id`, `created_at`, `updated_at`, `complete_name`, `is_year_guessed`)
  VALUES (28503, 'BRACALINI', 'SERENA', 1982, NULL, NULL, NULL, '', NULL, 2, 1, '2016-11-22 18:32:30', '2016-11-22 18:32:30', 'BRACALINI SERENA', 1);

INSERT INTO `swimmers` (`id`, `last_name`, `first_name`, `year_of_birth`, `phone_mobile`, `phone_number`, `e_mail`, `nickname`, `associated_user_id`, `gender_type_id`, `user_id`, `created_at`, `updated_at`, `complete_name`, `is_year_guessed`)
  VALUES (28504, 'DEI', 'ILARIA', 1987, NULL, NULL, NULL, '', NULL, 2, 1, '2016-11-22 18:32:30', '2016-11-22 18:32:30', 'DEI ILARIA', 1);

INSERT INTO `swimmers` (`id`, `last_name`, `first_name`, `year_of_birth`, `phone_mobile`, `phone_number`, `e_mail`, `nickname`, `associated_user_id`, `gender_type_id`, `user_id`, `created_at`, `updated_at`, `complete_name`, `is_year_guessed`)
  VALUES (28505, 'DINI', 'SABRINA', 1967, NULL, NULL, NULL, '', NULL, 2, 1, '2016-11-22 18:32:30', '2016-11-22 18:32:30', 'DINI SABRINA', 1);

INSERT INTO `swimmers` (`id`, `last_name`, `first_name`, `year_of_birth`, `phone_mobile`, `phone_number`, `e_mail`, `nickname`, `associated_user_id`, `gender_type_id`, `user_id`, `created_at`, `updated_at`, `complete_name`, `is_year_guessed`)
  VALUES (28506, 'GRAZZI', 'ANDREA', 1977, NULL, NULL, NULL, '', NULL, 1, 1, '2016-11-22 18:32:30', '2016-11-22 18:32:30', 'GRAZZI ANDREA', 1);

INSERT INTO `swimmers` (`id`, `last_name`, `first_name`, `year_of_birth`, `phone_mobile`, `phone_number`, `e_mail`, `nickname`, `associated_user_id`, `gender_type_id`, `user_id`, `created_at`, `updated_at`, `complete_name`, `is_year_guessed`)
  VALUES (28507, 'GUARNIERI', 'VALENTINA', 1972, NULL, NULL, NULL, '', NULL, 2, 1, '2016-11-22 18:32:30', '2016-11-22 18:32:30', 'GUARNIERI VALENTINA', 1);

INSERT INTO `swimmers` (`id`, `last_name`, `first_name`, `year_of_birth`, `phone_mobile`, `phone_number`, `e_mail`, `nickname`, `associated_user_id`, `gender_type_id`, `user_id`, `created_at`, `updated_at`, `complete_name`, `is_year_guessed`)
  VALUES (28508, 'GUIDI', 'GIOVANNI', 1977, NULL, NULL, NULL, '', NULL, 1, 1, '2016-11-22 18:32:30', '2016-11-22 18:32:30', 'GUIDI GIOVANNI', 1);

INSERT INTO `swimmers` (`id`, `last_name`, `first_name`, `year_of_birth`, `phone_mobile`, `phone_number`, `e_mail`, `nickname`, `associated_user_id`, `gender_type_id`, `user_id`, `created_at`, `updated_at`, `complete_name`, `is_year_guessed`)
  VALUES (28509, 'LENZONI', 'SILVIA', 1972, NULL, NULL, NULL, '', NULL, 2, 1, '2016-11-22 18:32:30', '2016-11-22 18:32:30', 'LENZONI SILVIA', 1);

INSERT INTO `swimmers` (`id`, `last_name`, `first_name`, `year_of_birth`, `phone_mobile`, `phone_number`, `e_mail`, `nickname`, `associated_user_id`, `gender_type_id`, `user_id`, `created_at`, `updated_at`, `complete_name`, `is_year_guessed`)
  VALUES (28510, 'MARCHETTI', 'GIORGIO', 1977, NULL, NULL, NULL, '', NULL, 1, 1, '2016-11-22 18:32:30', '2016-11-22 18:32:30', 'MARCHETTI GIORGIO', 1);

INSERT INTO `swimmers` (`id`, `last_name`, `first_name`, `year_of_birth`, `phone_mobile`, `phone_number`, `e_mail`, `nickname`, `associated_user_id`, `gender_type_id`, `user_id`, `created_at`, `updated_at`, `complete_name`, `is_year_guessed`)
  VALUES (28511, 'MUGNAI', 'ARTURO', 1987, NULL, NULL, NULL, '', NULL, 1, 1, '2016-11-22 18:32:30', '2016-11-22 18:32:30', 'MUGNAI ARTURO', 1);

INSERT INTO `swimmers` (`id`, `last_name`, `first_name`, `year_of_birth`, `phone_mobile`, `phone_number`, `e_mail`, `nickname`, `associated_user_id`, `gender_type_id`, `user_id`, `created_at`, `updated_at`, `complete_name`, `is_year_guessed`)
  VALUES (28512, 'PECCERILLO', 'DAVIDE', 1992, NULL, NULL, NULL, '', NULL, 1, 1, '2016-11-22 18:32:30', '2016-11-22 18:32:30', 'PECCERILLO DAVIDE', 1);

INSERT INTO `swimmers` (`id`, `last_name`, `first_name`, `year_of_birth`, `phone_mobile`, `phone_number`, `e_mail`, `nickname`, `associated_user_id`, `gender_type_id`, `user_id`, `created_at`, `updated_at`, `complete_name`, `is_year_guessed`)
  VALUES (28513, 'PINZUTI', 'PAOLO', 1987, NULL, NULL, NULL, '', NULL, 1, 1, '2016-11-22 18:32:30', '2016-11-22 18:32:30', 'PINZUTI PAOLO', 1);

INSERT INTO `swimmers` (`id`, `last_name`, `first_name`, `year_of_birth`, `phone_mobile`, `phone_number`, `e_mail`, `nickname`, `associated_user_id`, `gender_type_id`, `user_id`, `created_at`, `updated_at`, `complete_name`, `is_year_guessed`)
  VALUES (28514, 'PUCCI', 'SIMONE', 1967, NULL, NULL, NULL, '', NULL, 1, 1, '2016-11-22 18:32:30', '2016-11-22 18:32:30', 'PUCCI SIMONE', 1);

INSERT INTO `swimmers` (`id`, `last_name`, `first_name`, `year_of_birth`, `phone_mobile`, `phone_number`, `e_mail`, `nickname`, `associated_user_id`, `gender_type_id`, `user_id`, `created_at`, `updated_at`, `complete_name`, `is_year_guessed`)
  VALUES (28515, 'ROSSOLINI', 'VITTORIA', 1987, NULL, NULL, NULL, '', NULL, 2, 1, '2016-11-22 18:32:30', '2016-11-22 18:32:30', 'ROSSOLINI VITTORIA', 1);

INSERT INTO `swimmers` (`id`, `last_name`, `first_name`, `year_of_birth`, `phone_mobile`, `phone_number`, `e_mail`, `nickname`, `associated_user_id`, `gender_type_id`, `user_id`, `created_at`, `updated_at`, `complete_name`, `is_year_guessed`)
  VALUES (28516, 'TOMMASI', 'MASSIMO', 1972, NULL, NULL, NULL, '', NULL, 1, 1, '2016-11-22 18:32:30', '2016-11-22 18:32:30', 'TOMMASI MASSIMO', 1);

INSERT INTO `badges` (`id`, `number`, `season_id`, `swimmer_id`, `team_id`, `category_type_id`, `user_id`, `created_at`, `updated_at`, `entry_time_type_id`, `team_affiliation_id`, `final_rank`)
  VALUES (62534, '?', 162, 19529, 609, 1066, 1, '2016-11-22 18:32:30', '2016-11-22 18:32:30', 5, 2853, NULL);

INSERT INTO `badges` (`id`, `number`, `season_id`, `swimmer_id`, `team_id`, `category_type_id`, `user_id`, `created_at`, `updated_at`, `entry_time_type_id`, `team_affiliation_id`, `final_rank`)
  VALUES (62535, '?', 162, 28511, 297, 1066, 1, '2016-11-22 18:32:30', '2016-11-22 18:32:30', 5, 2677, NULL);

INSERT INTO `badges` (`id`, `number`, `season_id`, `swimmer_id`, `team_id`, `category_type_id`, `user_id`, `created_at`, `updated_at`, `entry_time_type_id`, `team_affiliation_id`, `final_rank`)
  VALUES (62536, '?', 162, 7330, 16, 1068, 1, '2016-11-22 18:32:30', '2016-11-22 18:32:30', 5, 2685, NULL);

INSERT INTO `badges` (`id`, `number`, `season_id`, `swimmer_id`, `team_id`, `category_type_id`, `user_id`, `created_at`, `updated_at`, `entry_time_type_id`, `team_affiliation_id`, `final_rank`)
  VALUES (62537, '?', 162, 9894, 219, 1070, 1, '2016-11-22 18:32:30', '2016-11-22 18:32:30', 5, 2461, NULL);

INSERT INTO `badges` (`id`, `number`, `season_id`, `swimmer_id`, `team_id`, `category_type_id`, `user_id`, `created_at`, `updated_at`, `entry_time_type_id`, `team_affiliation_id`, `final_rank`)
  VALUES (62538, '?', 162, 3528, 991, 1072, 1, '2016-11-22 18:32:30', '2016-11-22 18:32:30', 5, 2749, NULL);

INSERT INTO `badges` (`id`, `number`, `season_id`, `swimmer_id`, `team_id`, `category_type_id`, `user_id`, `created_at`, `updated_at`, `entry_time_type_id`, `team_affiliation_id`, `final_rank`)
  VALUES (62539, '?', 162, 6193, 741, 1073, 1, '2016-11-22 18:32:30', '2016-11-22 18:32:30', 5, 2683, NULL);

INSERT INTO `badges` (`id`, `number`, `season_id`, `swimmer_id`, `team_id`, `category_type_id`, `user_id`, `created_at`, `updated_at`, `entry_time_type_id`, `team_affiliation_id`, `final_rank`)
  VALUES (62540, '?', 162, 7170, 741, 1076, 1, '2016-11-22 18:32:30', '2016-11-22 18:32:30', 5, 2683, NULL);

INSERT INTO `badges` (`id`, `number`, `season_id`, `swimmer_id`, `team_id`, `category_type_id`, `user_id`, `created_at`, `updated_at`, `entry_time_type_id`, `team_affiliation_id`, `final_rank`)
  VALUES (62541, '?', 162, 27026, 609, 1082, 1, '2016-11-22 18:32:30', '2016-11-22 18:32:30', 5, 2853, NULL);

INSERT INTO `badges` (`id`, `number`, `season_id`, `swimmer_id`, `team_id`, `category_type_id`, `user_id`, `created_at`, `updated_at`, `entry_time_type_id`, `team_affiliation_id`, `final_rank`)
  VALUES (62542, '?', 162, 20932, 74, 1069, 1, '2016-11-22 18:32:30', '2016-11-22 18:32:30', 5, 2766, NULL);

INSERT INTO `badges` (`id`, `number`, `season_id`, `swimmer_id`, `team_id`, `category_type_id`, `user_id`, `created_at`, `updated_at`, `entry_time_type_id`, `team_affiliation_id`, `final_rank`)
  VALUES (62543, '?', 162, 5513, 320, 1071, 1, '2016-11-22 18:32:30', '2016-11-22 18:32:30', 5, 2699, NULL);

INSERT INTO `badges` (`id`, `number`, `season_id`, `swimmer_id`, `team_id`, `category_type_id`, `user_id`, `created_at`, `updated_at`, `entry_time_type_id`, `team_affiliation_id`, `final_rank`)
  VALUES (62544, '?', 162, 28036, 424, 1072, 1, '2016-11-22 18:32:30', '2016-11-22 18:32:30', 5, 2675, NULL);

INSERT INTO `badges` (`id`, `number`, `season_id`, `swimmer_id`, `team_id`, `category_type_id`, `user_id`, `created_at`, `updated_at`, `entry_time_type_id`, `team_affiliation_id`, `final_rank`)
  VALUES (62545, '?', 162, 28515, 366, 1066, 1, '2016-11-22 18:32:30', '2016-11-22 18:32:30', 5, 2855, NULL);

INSERT INTO `badges` (`id`, `number`, `season_id`, `swimmer_id`, `team_id`, `category_type_id`, `user_id`, `created_at`, `updated_at`, `entry_time_type_id`, `team_affiliation_id`, `final_rank`)
  VALUES (62546, '?', 162, 28502, 424, 1068, 1, '2016-11-22 18:32:30', '2016-11-22 18:32:30', 5, 2675, NULL);

INSERT INTO `badges` (`id`, `number`, `season_id`, `swimmer_id`, `team_id`, `category_type_id`, `user_id`, `created_at`, `updated_at`, `entry_time_type_id`, `team_affiliation_id`, `final_rank`)
  VALUES (62547, '?', 162, 4902, 321, 1068, 1, '2016-11-22 18:32:30', '2016-11-22 18:32:30', 5, 2643, NULL);

INSERT INTO `badges` (`id`, `number`, `season_id`, `swimmer_id`, `team_id`, `category_type_id`, `user_id`, `created_at`, `updated_at`, `entry_time_type_id`, `team_affiliation_id`, `final_rank`)
  VALUES (62548, '?', 162, 25486, 219, 1069, 1, '2016-11-22 18:32:30', '2016-11-22 18:32:30', 5, 2461, NULL);

INSERT INTO `badges` (`id`, `number`, `season_id`, `swimmer_id`, `team_id`, `category_type_id`, `user_id`, `created_at`, `updated_at`, `entry_time_type_id`, `team_affiliation_id`, `final_rank`)
  VALUES (62549, '?', 162, 28513, 366, 1066, 1, '2016-11-22 18:32:30', '2016-11-22 18:32:30', 5, 2855, NULL);

INSERT INTO `badges` (`id`, `number`, `season_id`, `swimmer_id`, `team_id`, `category_type_id`, `user_id`, `created_at`, `updated_at`, `entry_time_type_id`, `team_affiliation_id`, `final_rank`)
  VALUES (62550, '?', 162, 28107, 321, 1066, 1, '2016-11-22 18:32:30', '2016-11-22 18:32:30', 5, 2643, NULL);

INSERT INTO `badges` (`id`, `number`, `season_id`, `swimmer_id`, `team_id`, `category_type_id`, `user_id`, `created_at`, `updated_at`, `entry_time_type_id`, `team_affiliation_id`, `final_rank`)
  VALUES (62551, '?', 162, 6715, 366, 1068, 1, '2016-11-22 18:32:30', '2016-11-22 18:32:30', 5, 2855, NULL);

INSERT INTO `badges` (`id`, `number`, `season_id`, `swimmer_id`, `team_id`, `category_type_id`, `user_id`, `created_at`, `updated_at`, `entry_time_type_id`, `team_affiliation_id`, `final_rank`)
  VALUES (62552, '?', 162, 28510, 298, 1068, 1, '2016-11-22 18:32:30', '2016-11-22 18:32:30', 5, 2852, NULL);

INSERT INTO `badges` (`id`, `number`, `season_id`, `swimmer_id`, `team_id`, `category_type_id`, `user_id`, `created_at`, `updated_at`, `entry_time_type_id`, `team_affiliation_id`, `final_rank`)
  VALUES (62553, '?', 162, 25304, 980, 1070, 1, '2016-11-22 18:32:30', '2016-11-22 18:32:30', 5, 2646, NULL);

INSERT INTO `badges` (`id`, `number`, `season_id`, `swimmer_id`, `team_id`, `category_type_id`, `user_id`, `created_at`, `updated_at`, `entry_time_type_id`, `team_affiliation_id`, `final_rank`)
  VALUES (62554, '?', 162, 7960, 424, 1070, 1, '2016-11-22 18:32:30', '2016-11-22 18:32:30', 5, 2675, NULL);

INSERT INTO `badges` (`id`, `number`, `season_id`, `swimmer_id`, `team_id`, `category_type_id`, `user_id`, `created_at`, `updated_at`, `entry_time_type_id`, `team_affiliation_id`, `final_rank`)
  VALUES (62555, '?', 162, 13169, 789, 1072, 1, '2016-11-22 18:32:30', '2016-11-22 18:32:30', 5, 2849, NULL);

INSERT INTO `badges` (`id`, `number`, `season_id`, `swimmer_id`, `team_id`, `category_type_id`, `user_id`, `created_at`, `updated_at`, `entry_time_type_id`, `team_affiliation_id`, `final_rank`)
  VALUES (62556, '?', 162, 27035, 219, 1073, 1, '2016-11-22 18:32:30', '2016-11-22 18:32:30', 5, 2461, NULL);

INSERT INTO `badges` (`id`, `number`, `season_id`, `swimmer_id`, `team_id`, `category_type_id`, `user_id`, `created_at`, `updated_at`, `entry_time_type_id`, `team_affiliation_id`, `final_rank`)
  VALUES (62557, '?', 162, 9837, 741, 1076, 1, '2016-11-22 18:32:30', '2016-11-22 18:32:30', 5, 2683, NULL);

INSERT INTO `badges` (`id`, `number`, `season_id`, `swimmer_id`, `team_id`, `category_type_id`, `user_id`, `created_at`, `updated_at`, `entry_time_type_id`, `team_affiliation_id`, `final_rank`)
  VALUES (62558, '?', 162, 28512, 366, 1082, 1, '2016-11-22 18:32:31', '2016-11-22 18:32:31', 5, 2855, NULL);

INSERT INTO `badges` (`id`, `number`, `season_id`, `swimmer_id`, `team_id`, `category_type_id`, `user_id`, `created_at`, `updated_at`, `entry_time_type_id`, `team_affiliation_id`, `final_rank`)
  VALUES (62559, '?', 162, 23184, 298, 1069, 1, '2016-11-22 18:32:31', '2016-11-22 18:32:31', 5, 2852, NULL);

INSERT INTO `badges` (`id`, `number`, `season_id`, `swimmer_id`, `team_id`, `category_type_id`, `user_id`, `created_at`, `updated_at`, `entry_time_type_id`, `team_affiliation_id`, `final_rank`)
  VALUES (62560, '?', 162, 23189, 298, 1069, 1, '2016-11-22 18:32:31', '2016-11-22 18:32:31', 5, 2852, NULL);

INSERT INTO `badges` (`id`, `number`, `season_id`, `swimmer_id`, `team_id`, `category_type_id`, `user_id`, `created_at`, `updated_at`, `entry_time_type_id`, `team_affiliation_id`, `final_rank`)
  VALUES (62561, '?', 162, 7309, 320, 1071, 1, '2016-11-22 18:32:31', '2016-11-22 18:32:31', 5, 2699, NULL);

INSERT INTO `badges` (`id`, `number`, `season_id`, `swimmer_id`, `team_id`, `category_type_id`, `user_id`, `created_at`, `updated_at`, `entry_time_type_id`, `team_affiliation_id`, `final_rank`)
  VALUES (62562, '?', 162, 28503, 16, 1067, 1, '2016-11-22 18:32:31', '2016-11-22 18:32:31', 5, 2685, NULL);

INSERT INTO `badges` (`id`, `number`, `season_id`, `swimmer_id`, `team_id`, `category_type_id`, `user_id`, `created_at`, `updated_at`, `entry_time_type_id`, `team_affiliation_id`, `final_rank`)
  VALUES (62563, '?', 162, 28041, 298, 1067, 1, '2016-11-22 18:32:31', '2016-11-22 18:32:31', 5, 2852, NULL);

INSERT INTO `badges` (`id`, `number`, `season_id`, `swimmer_id`, `team_id`, `category_type_id`, `user_id`, `created_at`, `updated_at`, `entry_time_type_id`, `team_affiliation_id`, `final_rank`)
  VALUES (62564, '?', 162, 28507, 16, 1069, 1, '2016-11-22 18:32:31', '2016-11-22 18:32:31', 5, 2685, NULL);

INSERT INTO `badges` (`id`, `number`, `season_id`, `swimmer_id`, `team_id`, `category_type_id`, `user_id`, `created_at`, `updated_at`, `entry_time_type_id`, `team_affiliation_id`, `final_rank`)
  VALUES (62565, '?', 162, 6786, 741, 1070, 1, '2016-11-22 18:32:31', '2016-11-22 18:32:31', 5, 2683, NULL);

INSERT INTO `badges` (`id`, `number`, `season_id`, `swimmer_id`, `team_id`, `category_type_id`, `user_id`, `created_at`, `updated_at`, `entry_time_type_id`, `team_affiliation_id`, `final_rank`)
  VALUES (62566, '?', 162, 5075, 320, 1071, 1, '2016-11-22 18:32:31', '2016-11-22 18:32:31', 5, 2699, NULL);

INSERT INTO `badges` (`id`, `number`, `season_id`, `swimmer_id`, `team_id`, `category_type_id`, `user_id`, `created_at`, `updated_at`, `entry_time_type_id`, `team_affiliation_id`, `final_rank`)
  VALUES (62567, '?', 162, 9849, 609, 1066, 1, '2016-11-22 18:32:31', '2016-11-22 18:32:31', 5, 2853, NULL);

INSERT INTO `badges` (`id`, `number`, `season_id`, `swimmer_id`, `team_id`, `category_type_id`, `user_id`, `created_at`, `updated_at`, `entry_time_type_id`, `team_affiliation_id`, `final_rank`)
  VALUES (62568, '?', 162, 22517, 297, 1066, 1, '2016-11-22 18:32:31', '2016-11-22 18:32:31', 5, 2677, NULL);

INSERT INTO `badges` (`id`, `number`, `season_id`, `swimmer_id`, `team_id`, `category_type_id`, `user_id`, `created_at`, `updated_at`, `entry_time_type_id`, `team_affiliation_id`, `final_rank`)
  VALUES (62569, '?', 162, 17700, 16, 1067, 1, '2016-11-22 18:32:31', '2016-11-22 18:32:31', 5, 2685, NULL);

INSERT INTO `badges` (`id`, `number`, `season_id`, `swimmer_id`, `team_id`, `category_type_id`, `user_id`, `created_at`, `updated_at`, `entry_time_type_id`, `team_affiliation_id`, `final_rank`)
  VALUES (62570, '?', 162, 19585, 424, 1067, 1, '2016-11-22 18:32:31', '2016-11-22 18:32:31', 5, 2675, NULL);

INSERT INTO `badges` (`id`, `number`, `season_id`, `swimmer_id`, `team_id`, `category_type_id`, `user_id`, `created_at`, `updated_at`, `entry_time_type_id`, `team_affiliation_id`, `final_rank`)
  VALUES (62571, '?', 162, 1982, 716, 1070, 1, '2016-11-22 18:32:31', '2016-11-22 18:32:31', 5, 2498, NULL);

INSERT INTO `badges` (`id`, `number`, `season_id`, `swimmer_id`, `team_id`, `category_type_id`, `user_id`, `created_at`, `updated_at`, `entry_time_type_id`, `team_affiliation_id`, `final_rank`)
  VALUES (62572, '?', 162, 24273, 321, 1070, 1, '2016-11-22 18:32:31', '2016-11-22 18:32:31', 5, 2643, NULL);

INSERT INTO `badges` (`id`, `number`, `season_id`, `swimmer_id`, `team_id`, `category_type_id`, `user_id`, `created_at`, `updated_at`, `entry_time_type_id`, `team_affiliation_id`, `final_rank`)
  VALUES (62573, '?', 162, 21866, 54, 1070, 1, '2016-11-22 18:32:31', '2016-11-22 18:32:31', 5, 2673, NULL);

INSERT INTO `badges` (`id`, `number`, `season_id`, `swimmer_id`, `team_id`, `category_type_id`, `user_id`, `created_at`, `updated_at`, `entry_time_type_id`, `team_affiliation_id`, `final_rank`)
  VALUES (62574, '?', 162, 19542, 54, 1071, 1, '2016-11-22 18:32:31', '2016-11-22 18:32:31', 5, 2673, NULL);

INSERT INTO `badges` (`id`, `number`, `season_id`, `swimmer_id`, `team_id`, `category_type_id`, `user_id`, `created_at`, `updated_at`, `entry_time_type_id`, `team_affiliation_id`, `final_rank`)
  VALUES (62575, '?', 162, 28115, 741, 1066, 1, '2016-11-22 18:32:31', '2016-11-22 18:32:31', 5, 2683, NULL);

INSERT INTO `badges` (`id`, `number`, `season_id`, `swimmer_id`, `team_id`, `category_type_id`, `user_id`, `created_at`, `updated_at`, `entry_time_type_id`, `team_affiliation_id`, `final_rank`)
  VALUES (62576, '?', 162, 26954, 219, 1066, 1, '2016-11-22 18:32:31', '2016-11-22 18:32:31', 5, 2461, NULL);

INSERT INTO `badges` (`id`, `number`, `season_id`, `swimmer_id`, `team_id`, `category_type_id`, `user_id`, `created_at`, `updated_at`, `entry_time_type_id`, `team_affiliation_id`, `final_rank`)
  VALUES (62577, '?', 162, 24289, 321, 1066, 1, '2016-11-22 18:32:31', '2016-11-22 18:32:31', 5, 2643, NULL);

INSERT INTO `badges` (`id`, `number`, `season_id`, `swimmer_id`, `team_id`, `category_type_id`, `user_id`, `created_at`, `updated_at`, `entry_time_type_id`, `team_affiliation_id`, `final_rank`)
  VALUES (62578, '?', 162, 6706, 366, 1068, 1, '2016-11-22 18:32:31', '2016-11-22 18:32:31', 5, 2855, NULL);

INSERT INTO `badges` (`id`, `number`, `season_id`, `swimmer_id`, `team_id`, `category_type_id`, `user_id`, `created_at`, `updated_at`, `entry_time_type_id`, `team_affiliation_id`, `final_rank`)
  VALUES (62579, '?', 162, 28516, 321, 1069, 1, '2016-11-22 18:32:31', '2016-11-22 18:32:31', 5, 2643, NULL);

INSERT INTO `badges` (`id`, `number`, `season_id`, `swimmer_id`, `team_id`, `category_type_id`, `user_id`, `created_at`, `updated_at`, `entry_time_type_id`, `team_affiliation_id`, `final_rank`)
  VALUES (62580, '?', 162, 7273, 219, 1074, 1, '2016-11-22 18:32:31', '2016-11-22 18:32:31', 5, 2461, NULL);

INSERT INTO `badges` (`id`, `number`, `season_id`, `swimmer_id`, `team_id`, `category_type_id`, `user_id`, `created_at`, `updated_at`, `entry_time_type_id`, `team_affiliation_id`, `final_rank`)
  VALUES (62581, '?', 162, 22519, 685, 1067, 1, '2016-11-22 18:32:31', '2016-11-22 18:32:31', 5, 2641, NULL);

INSERT INTO `badges` (`id`, `number`, `season_id`, `swimmer_id`, `team_id`, `category_type_id`, `user_id`, `created_at`, `updated_at`, `entry_time_type_id`, `team_affiliation_id`, `final_rank`)
  VALUES (62582, '?', 162, 10747, 991, 1068, 1, '2016-11-22 18:32:31', '2016-11-22 18:32:31', 5, 2749, NULL);

INSERT INTO `badges` (`id`, `number`, `season_id`, `swimmer_id`, `team_id`, `category_type_id`, `user_id`, `created_at`, `updated_at`, `entry_time_type_id`, `team_affiliation_id`, `final_rank`)
  VALUES (62583, '?', 162, 13127, 374, 1068, 1, '2016-11-22 18:32:31', '2016-11-22 18:32:31', 5, 2679, NULL);

INSERT INTO `badges` (`id`, `number`, `season_id`, `swimmer_id`, `team_id`, `category_type_id`, `user_id`, `created_at`, `updated_at`, `entry_time_type_id`, `team_affiliation_id`, `final_rank`)
  VALUES (62584, '?', 162, 11483, 321, 1070, 1, '2016-11-22 18:32:31', '2016-11-22 18:32:31', 5, 2643, NULL);

INSERT INTO `badges` (`id`, `number`, `season_id`, `swimmer_id`, `team_id`, `category_type_id`, `user_id`, `created_at`, `updated_at`, `entry_time_type_id`, `team_affiliation_id`, `final_rank`)
  VALUES (62585, '?', 162, 11454, 54, 1072, 1, '2016-11-22 18:32:31', '2016-11-22 18:32:31', 5, 2673, NULL);

INSERT INTO `badges` (`id`, `number`, `season_id`, `swimmer_id`, `team_id`, `category_type_id`, `user_id`, `created_at`, `updated_at`, `entry_time_type_id`, `team_affiliation_id`, `final_rank`)
  VALUES (62586, '?', 162, 9828, 404, 1072, 1, '2016-11-22 18:32:31', '2016-11-22 18:32:31', 5, 2854, NULL);

INSERT INTO `badges` (`id`, `number`, `season_id`, `swimmer_id`, `team_id`, `category_type_id`, `user_id`, `created_at`, `updated_at`, `entry_time_type_id`, `team_affiliation_id`, `final_rank`)
  VALUES (62587, '?', 162, 8161, 991, 1073, 1, '2016-11-22 18:32:31', '2016-11-22 18:32:31', 5, 2749, NULL);

INSERT INTO `badges` (`id`, `number`, `season_id`, `swimmer_id`, `team_id`, `category_type_id`, `user_id`, `created_at`, `updated_at`, `entry_time_type_id`, `team_affiliation_id`, `final_rank`)
  VALUES (62588, '?', 162, 28504, 366, 1066, 1, '2016-11-22 18:32:31', '2016-11-22 18:32:31', 5, 2855, NULL);

INSERT INTO `badges` (`id`, `number`, `season_id`, `swimmer_id`, `team_id`, `category_type_id`, `user_id`, `created_at`, `updated_at`, `entry_time_type_id`, `team_affiliation_id`, `final_rank`)
  VALUES (62589, '?', 162, 27896, 219, 1068, 1, '2016-11-22 18:32:31', '2016-11-22 18:32:31', 5, 2461, NULL);

INSERT INTO `badges` (`id`, `number`, `season_id`, `swimmer_id`, `team_id`, `category_type_id`, `user_id`, `created_at`, `updated_at`, `entry_time_type_id`, `team_affiliation_id`, `final_rank`)
  VALUES (62590, '?', 162, 25129, 298, 1069, 1, '2016-11-22 18:32:31', '2016-11-22 18:32:31', 5, 2852, NULL);

INSERT INTO `badges` (`id`, `number`, `season_id`, `swimmer_id`, `team_id`, `category_type_id`, `user_id`, `created_at`, `updated_at`, `entry_time_type_id`, `team_affiliation_id`, `final_rank`)
  VALUES (62591, '?', 162, 28509, 298, 1069, 1, '2016-11-22 18:32:31', '2016-11-22 18:32:31', 5, 2852, NULL);

INSERT INTO `badges` (`id`, `number`, `season_id`, `swimmer_id`, `team_id`, `category_type_id`, `user_id`, `created_at`, `updated_at`, `entry_time_type_id`, `team_affiliation_id`, `final_rank`)
  VALUES (62592, '?', 162, 28505, 298, 1070, 1, '2016-11-22 18:32:31', '2016-11-22 18:32:31', 5, 2852, NULL);

INSERT INTO `badges` (`id`, `number`, `season_id`, `swimmer_id`, `team_id`, `category_type_id`, `user_id`, `created_at`, `updated_at`, `entry_time_type_id`, `team_affiliation_id`, `final_rank`)
  VALUES (62593, '?', 162, 7909, 424, 1070, 1, '2016-11-22 18:32:31', '2016-11-22 18:32:31', 5, 2675, NULL);

INSERT INTO `badges` (`id`, `number`, `season_id`, `swimmer_id`, `team_id`, `category_type_id`, `user_id`, `created_at`, `updated_at`, `entry_time_type_id`, `team_affiliation_id`, `final_rank`)
  VALUES (62594, '?', 162, 11447, 366, 1066, 1, '2016-11-22 18:32:31', '2016-11-22 18:32:31', 5, 2855, NULL);

INSERT INTO `badges` (`id`, `number`, `season_id`, `swimmer_id`, `team_id`, `category_type_id`, `user_id`, `created_at`, `updated_at`, `entry_time_type_id`, `team_affiliation_id`, `final_rank`)
  VALUES (62595, '?', 162, 28501, 321, 1068, 1, '2016-11-22 18:32:32', '2016-11-22 18:32:32', 5, 2643, NULL);

INSERT INTO `badges` (`id`, `number`, `season_id`, `swimmer_id`, `team_id`, `category_type_id`, `user_id`, `created_at`, `updated_at`, `entry_time_type_id`, `team_affiliation_id`, `final_rank`)
  VALUES (62596, '?', 162, 28508, 366, 1068, 1, '2016-11-22 18:32:32', '2016-11-22 18:32:32', 5, 2855, NULL);

INSERT INTO `badges` (`id`, `number`, `season_id`, `swimmer_id`, `team_id`, `category_type_id`, `user_id`, `created_at`, `updated_at`, `entry_time_type_id`, `team_affiliation_id`, `final_rank`)
  VALUES (62597, '?', 162, 28506, 366, 1068, 1, '2016-11-22 18:32:32', '2016-11-22 18:32:32', 5, 2855, NULL);

INSERT INTO `badges` (`id`, `number`, `season_id`, `swimmer_id`, `team_id`, `category_type_id`, `user_id`, `created_at`, `updated_at`, `entry_time_type_id`, `team_affiliation_id`, `final_rank`)
  VALUES (62598, '?', 162, 4007, 980, 1069, 1, '2016-11-22 18:32:32', '2016-11-22 18:32:32', 5, 2646, NULL);

INSERT INTO `badges` (`id`, `number`, `season_id`, `swimmer_id`, `team_id`, `category_type_id`, `user_id`, `created_at`, `updated_at`, `entry_time_type_id`, `team_affiliation_id`, `final_rank`)
  VALUES (62599, '?', 162, 21460, 685, 1069, 1, '2016-11-22 18:32:32', '2016-11-22 18:32:32', 5, 2641, NULL);

INSERT INTO `badges` (`id`, `number`, `season_id`, `swimmer_id`, `team_id`, `category_type_id`, `user_id`, `created_at`, `updated_at`, `entry_time_type_id`, `team_affiliation_id`, `final_rank`)
  VALUES (62600, '?', 162, 7981, 366, 1069, 1, '2016-11-22 18:32:32', '2016-11-22 18:32:32', 5, 2855, NULL);

INSERT INTO `badges` (`id`, `number`, `season_id`, `swimmer_id`, `team_id`, `category_type_id`, `user_id`, `created_at`, `updated_at`, `entry_time_type_id`, `team_affiliation_id`, `final_rank`)
  VALUES (62601, '?', 162, 28514, 366, 1070, 1, '2016-11-22 18:32:32', '2016-11-22 18:32:32', 5, 2855, NULL);

INSERT INTO `badges` (`id`, `number`, `season_id`, `swimmer_id`, `team_id`, `category_type_id`, `user_id`, `created_at`, `updated_at`, `entry_time_type_id`, `team_affiliation_id`, `final_rank`)
  VALUES (62602, '?', 162, 3705, 741, 1070, 1, '2016-11-22 18:32:32', '2016-11-22 18:32:32', 5, 2683, NULL);

INSERT INTO `badges` (`id`, `number`, `season_id`, `swimmer_id`, `team_id`, `category_type_id`, `user_id`, `created_at`, `updated_at`, `entry_time_type_id`, `team_affiliation_id`, `final_rank`)
  VALUES (62603, '?', 162, 22051, 298, 1071, 1, '2016-11-22 18:32:32', '2016-11-22 18:32:32', 5, 2852, NULL);

INSERT INTO `badges` (`id`, `number`, `season_id`, `swimmer_id`, `team_id`, `category_type_id`, `user_id`, `created_at`, `updated_at`, `entry_time_type_id`, `team_affiliation_id`, `final_rank`)
  VALUES (62604, '?', 162, 19747, 685, 1071, 1, '2016-11-22 18:32:32', '2016-11-22 18:32:32', 5, 2641, NULL);

INSERT INTO `badges` (`id`, `number`, `season_id`, `swimmer_id`, `team_id`, `category_type_id`, `user_id`, `created_at`, `updated_at`, `entry_time_type_id`, `team_affiliation_id`, `final_rank`)
  VALUES (62605, '?', 162, 7993, 366, 1066, 1, '2016-11-22 18:32:32', '2016-11-22 18:32:32', 5, 2855, NULL);

INSERT INTO `meeting_individual_results` (`id`, `rank`, `is_play_off`, `is_out_of_race`, `is_disqualified`, `standard_points`, `meeting_individual_points`, `minutes`, `seconds`, `hundreds`, `meeting_program_id`, `swimmer_id`, `team_id`, `badge_id`, `user_id`, `created_at`, `updated_at`, `disqualification_code_type_id`, `goggle_cup_points`, `reaction_time`, `team_points`, `team_affiliation_id`, `is_personal_best`, `is_season_type_best`)
  VALUES (473999, 1, 1, 0, 0, 686.02, 686.02, 1, 31, 47, 82918, 24285, 374, 58243, 1, '2016-11-22 18:32:32', '2016-11-22 18:32:32', NULL, 0.0, 0.0, 0.0, 2679, 0, 0);

INSERT INTO `meeting_individual_results` (`id`, `rank`, `is_play_off`, `is_out_of_race`, `is_disqualified`, `standard_points`, `meeting_individual_points`, `minutes`, `seconds`, `hundreds`, `meeting_program_id`, `swimmer_id`, `team_id`, `badge_id`, `user_id`, `created_at`, `updated_at`, `disqualification_code_type_id`, `goggle_cup_points`, `reaction_time`, `team_points`, `team_affiliation_id`, `is_personal_best`, `is_season_type_best`)
  VALUES (474000, 1, 1, 0, 0, 775.53, 775.53, 1, 22, 6, 82919, 16168, 685, 57225, 1, '2016-11-22 18:32:32', '2016-11-22 18:32:32', NULL, 0.0, 0.0, 0.0, 2641, 0, 0);

INSERT INTO `meeting_individual_results` (`id`, `rank`, `is_play_off`, `is_out_of_race`, `is_disqualified`, `standard_points`, `meeting_individual_points`, `minutes`, `seconds`, `hundreds`, `meeting_program_id`, `swimmer_id`, `team_id`, `badge_id`, `user_id`, `created_at`, `updated_at`, `disqualification_code_type_id`, `goggle_cup_points`, `reaction_time`, `team_points`, `team_affiliation_id`, `is_personal_best`, `is_season_type_best`)
  VALUES (474001, 1, 1, 0, 0, 880.82, 880.82, 1, 14, 68, 82920, 23195, 741, 58368, 1, '2016-11-22 18:32:32', '2016-11-22 18:32:32', NULL, 0.0, 0.0, 0.0, 2683, 0, 0);

INSERT INTO `meeting_individual_results` (`id`, `rank`, `is_play_off`, `is_out_of_race`, `is_disqualified`, `standard_points`, `meeting_individual_points`, `minutes`, `seconds`, `hundreds`, `meeting_program_id`, `swimmer_id`, `team_id`, `badge_id`, `user_id`, `created_at`, `updated_at`, `disqualification_code_type_id`, `goggle_cup_points`, `reaction_time`, `team_points`, `team_affiliation_id`, `is_personal_best`, `is_season_type_best`)
  VALUES (474002, 1, 1, 0, 0, 672.73, 672.73, 1, 40, 1, 82921, 13087, 321, 58254, 1, '2016-11-22 18:32:32', '2016-11-22 18:32:32', NULL, 0.0, 0.0, 0.0, 2643, 0, 0);

INSERT INTO `meeting_individual_results` (`id`, `rank`, `is_play_off`, `is_out_of_race`, `is_disqualified`, `standard_points`, `meeting_individual_points`, `minutes`, `seconds`, `hundreds`, `meeting_program_id`, `swimmer_id`, `team_id`, `badge_id`, `user_id`, `created_at`, `updated_at`, `disqualification_code_type_id`, `goggle_cup_points`, `reaction_time`, `team_points`, `team_affiliation_id`, `is_personal_best`, `is_season_type_best`)
  VALUES (474003, 1, 1, 0, 0, 779.26, 779.26, 1, 30, 15, 82922, 5356, 16, 58382, 1, '2016-11-22 18:32:32', '2016-11-22 18:32:32', NULL, 0.0, 0.0, 0.0, 2685, 0, 0);

INSERT INTO `meeting_individual_results` (`id`, `rank`, `is_play_off`, `is_out_of_race`, `is_disqualified`, `standard_points`, `meeting_individual_points`, `minutes`, `seconds`, `hundreds`, `meeting_program_id`, `swimmer_id`, `team_id`, `badge_id`, `user_id`, `created_at`, `updated_at`, `disqualification_code_type_id`, `goggle_cup_points`, `reaction_time`, `team_points`, `team_affiliation_id`, `is_personal_best`, `is_season_type_best`)
  VALUES (474004, 1, 1, 0, 0, 657.67, 657.67, 2, 0, 3, 82923, 1909, 741, 58512, 1, '2016-11-22 18:32:32', '2016-11-22 18:32:32', NULL, 0.0, 0.0, 0.0, 2683, 0, 0);

INSERT INTO `meeting_individual_results` (`id`, `rank`, `is_play_off`, `is_out_of_race`, `is_disqualified`, `standard_points`, `meeting_individual_points`, `minutes`, `seconds`, `hundreds`, `meeting_program_id`, `swimmer_id`, `team_id`, `badge_id`, `user_id`, `created_at`, `updated_at`, `disqualification_code_type_id`, `goggle_cup_points`, `reaction_time`, `team_points`, `team_affiliation_id`, `is_personal_best`, `is_season_type_best`)
  VALUES (474005, 1, 1, 0, 0, 832.9, 832.9, 1, 5, 77, 82924, 19529, 609, 62534, 1, '2016-11-22 18:32:32', '2016-11-22 18:32:32', NULL, 0.0, 0.0, 0.0, 2853, 0, 0);

INSERT INTO `meeting_individual_results` (`id`, `rank`, `is_play_off`, `is_out_of_race`, `is_disqualified`, `standard_points`, `meeting_individual_points`, `minutes`, `seconds`, `hundreds`, `meeting_program_id`, `swimmer_id`, `team_id`, `badge_id`, `user_id`, `created_at`, `updated_at`, `disqualification_code_type_id`, `goggle_cup_points`, `reaction_time`, `team_points`, `team_affiliation_id`, `is_personal_best`, `is_season_type_best`)
  VALUES (474006, 2, 1, 0, 0, 772.64, 772.64, 1, 10, 90, 82924, 28511, 297, 62535, 1, '2016-11-22 18:32:32', '2016-11-22 18:32:32', NULL, 0.0, 0.0, 0.0, 2677, 0, 0);

INSERT INTO `meeting_individual_results` (`id`, `rank`, `is_play_off`, `is_out_of_race`, `is_disqualified`, `standard_points`, `meeting_individual_points`, `minutes`, `seconds`, `hundreds`, `meeting_program_id`, `swimmer_id`, `team_id`, `badge_id`, `user_id`, `created_at`, `updated_at`, `disqualification_code_type_id`, `goggle_cup_points`, `reaction_time`, `team_points`, `team_affiliation_id`, `is_personal_best`, `is_season_type_best`)
  VALUES (474007, 1, 1, 0, 0, 804.64, 804.64, 1, 11, 5, 82925, 5601, 716, 58398, 1, '2016-11-22 18:32:32', '2016-11-22 18:32:32', NULL, 0.0, 0.0, 0.0, 2498, 0, 0);

INSERT INTO `meeting_individual_results` (`id`, `rank`, `is_play_off`, `is_out_of_race`, `is_disqualified`, `standard_points`, `meeting_individual_points`, `minutes`, `seconds`, `hundreds`, `meeting_program_id`, `swimmer_id`, `team_id`, `badge_id`, `user_id`, `created_at`, `updated_at`, `disqualification_code_type_id`, `goggle_cup_points`, `reaction_time`, `team_points`, `team_affiliation_id`, `is_personal_best`, `is_season_type_best`)
  VALUES (474008, 2, 1, 0, 0, 597.58, 597.58, 1, 35, 67, 82925, 7330, 16, 62536, 1, '2016-11-22 18:32:32', '2016-11-22 18:32:32', NULL, 0.0, 0.0, 0.0, 2685, 0, 0);

INSERT INTO `meeting_individual_results` (`id`, `rank`, `is_play_off`, `is_out_of_race`, `is_disqualified`, `standard_points`, `meeting_individual_points`, `minutes`, `seconds`, `hundreds`, `meeting_program_id`, `swimmer_id`, `team_id`, `badge_id`, `user_id`, `created_at`, `updated_at`, `disqualification_code_type_id`, `goggle_cup_points`, `reaction_time`, `team_points`, `team_affiliation_id`, `is_personal_best`, `is_season_type_best`)
  VALUES (474009, 1, 1, 0, 0, 768.01, 768.01, 1, 14, 96, 82926, 1948, 716, 55891, 1, '2016-11-22 18:32:33', '2016-11-22 18:32:33', NULL, 0.0, 0.0, 0.0, 2498, 0, 0);

INSERT INTO `meeting_individual_results` (`id`, `rank`, `is_play_off`, `is_out_of_race`, `is_disqualified`, `standard_points`, `meeting_individual_points`, `minutes`, `seconds`, `hundreds`, `meeting_program_id`, `swimmer_id`, `team_id`, `badge_id`, `user_id`, `created_at`, `updated_at`, `disqualification_code_type_id`, `goggle_cup_points`, `reaction_time`, `team_points`, `team_affiliation_id`, `is_personal_best`, `is_season_type_best`)
  VALUES (474010, 2, 1, 0, 0, 765.56, 765.56, 1, 15, 20, 82926, 1967, 716, 55892, 1, '2016-11-22 18:32:33', '2016-11-22 18:32:33', NULL, 0.0, 0.0, 0.0, 2498, 0, 0);

INSERT INTO `meeting_individual_results` (`id`, `rank`, `is_play_off`, `is_out_of_race`, `is_disqualified`, `standard_points`, `meeting_individual_points`, `minutes`, `seconds`, `hundreds`, `meeting_program_id`, `swimmer_id`, `team_id`, `badge_id`, `user_id`, `created_at`, `updated_at`, `disqualification_code_type_id`, `goggle_cup_points`, `reaction_time`, `team_points`, `team_affiliation_id`, `is_personal_best`, `is_season_type_best`)
  VALUES (474011, 3, 1, 0, 0, 480.59, 480.59, 1, 59, 79, 82926, 21157, 321, 58326, 1, '2016-11-22 18:32:33', '2016-11-22 18:32:33', NULL, 0.0, 0.0, 0.0, 2643, 0, 0);

INSERT INTO `meeting_individual_results` (`id`, `rank`, `is_play_off`, `is_out_of_race`, `is_disqualified`, `standard_points`, `meeting_individual_points`, `minutes`, `seconds`, `hundreds`, `meeting_program_id`, `swimmer_id`, `team_id`, `badge_id`, `user_id`, `created_at`, `updated_at`, `disqualification_code_type_id`, `goggle_cup_points`, `reaction_time`, `team_points`, `team_affiliation_id`, `is_personal_best`, `is_season_type_best`)
  VALUES (474012, 1, 1, 0, 0, 821.94, 821.94, 1, 11, 83, 82927, 9894, 219, 62537, 1, '2016-11-22 18:32:33', '2016-11-22 18:32:33', NULL, 0.0, 0.0, 0.0, 2461, 0, 0);

INSERT INTO `meeting_individual_results` (`id`, `rank`, `is_play_off`, `is_out_of_race`, `is_disqualified`, `standard_points`, `meeting_individual_points`, `minutes`, `seconds`, `hundreds`, `meeting_program_id`, `swimmer_id`, `team_id`, `badge_id`, `user_id`, `created_at`, `updated_at`, `disqualification_code_type_id`, `goggle_cup_points`, `reaction_time`, `team_points`, `team_affiliation_id`, `is_personal_best`, `is_season_type_best`)
  VALUES (474013, 2, 1, 0, 0, 768.45, 768.45, 1, 16, 83, 82927, 9793, 716, 55907, 1, '2016-11-22 18:32:33', '2016-11-22 18:32:33', NULL, 0.0, 0.0, 0.0, 2498, 0, 0);

INSERT INTO `meeting_individual_results` (`id`, `rank`, `is_play_off`, `is_out_of_race`, `is_disqualified`, `standard_points`, `meeting_individual_points`, `minutes`, `seconds`, `hundreds`, `meeting_program_id`, `swimmer_id`, `team_id`, `badge_id`, `user_id`, `created_at`, `updated_at`, `disqualification_code_type_id`, `goggle_cup_points`, `reaction_time`, `team_points`, `team_affiliation_id`, `is_personal_best`, `is_season_type_best`)
  VALUES (474014, 1, 1, 0, 0, 685.14, 685.14, 1, 33, 47, 82928, 3528, 991, 62538, 1, '2016-11-22 18:32:33', '2016-11-22 18:32:33', NULL, 0.0, 0.0, 0.0, 2749, 0, 0);

INSERT INTO `meeting_individual_results` (`id`, `rank`, `is_play_off`, `is_out_of_race`, `is_disqualified`, `standard_points`, `meeting_individual_points`, `minutes`, `seconds`, `hundreds`, `meeting_program_id`, `swimmer_id`, `team_id`, `badge_id`, `user_id`, `created_at`, `updated_at`, `disqualification_code_type_id`, `goggle_cup_points`, `reaction_time`, `team_points`, `team_affiliation_id`, `is_personal_best`, `is_season_type_best`)
  VALUES (474015, 1, 1, 0, 0, 878.15, 878.15, 1, 17, 47, 82929, 6193, 741, 62539, 1, '2016-11-22 18:32:33', '2016-11-22 18:32:33', NULL, 0.0, 0.0, 0.0, 2683, 0, 0);

INSERT INTO `meeting_individual_results` (`id`, `rank`, `is_play_off`, `is_out_of_race`, `is_disqualified`, `standard_points`, `meeting_individual_points`, `minutes`, `seconds`, `hundreds`, `meeting_program_id`, `swimmer_id`, `team_id`, `badge_id`, `user_id`, `created_at`, `updated_at`, `disqualification_code_type_id`, `goggle_cup_points`, `reaction_time`, `team_points`, `team_affiliation_id`, `is_personal_best`, `is_season_type_best`)
  VALUES (474016, 1, 1, 0, 0, 561.5, 561.5, 2, 27, 96, 82930, 7170, 741, 62540, 1, '2016-11-22 18:32:33', '2016-11-22 18:32:33', NULL, 0.0, 0.0, 0.0, 2683, 0, 0);

INSERT INTO `meeting_individual_results` (`id`, `rank`, `is_play_off`, `is_out_of_race`, `is_disqualified`, `standard_points`, `meeting_individual_points`, `minutes`, `seconds`, `hundreds`, `meeting_program_id`, `swimmer_id`, `team_id`, `badge_id`, `user_id`, `created_at`, `updated_at`, `disqualification_code_type_id`, `goggle_cup_points`, `reaction_time`, `team_points`, `team_affiliation_id`, `is_personal_best`, `is_season_type_best`)
  VALUES (474017, 1, 1, 0, 0, 737.63, 737.63, 2, 3, 68, 82931, 7156, 398, 58239, 1, '2016-11-22 18:32:33', '2016-11-22 18:32:33', NULL, 0.0, 0.0, 0.0, 2689, 0, 0);

INSERT INTO `meeting_individual_results` (`id`, `rank`, `is_play_off`, `is_out_of_race`, `is_disqualified`, `standard_points`, `meeting_individual_points`, `minutes`, `seconds`, `hundreds`, `meeting_program_id`, `swimmer_id`, `team_id`, `badge_id`, `user_id`, `created_at`, `updated_at`, `disqualification_code_type_id`, `goggle_cup_points`, `reaction_time`, `team_points`, `team_affiliation_id`, `is_personal_best`, `is_season_type_best`)
  VALUES (474018, 1, 1, 0, 0, 0.0, 0.0, 1, 7, 18, 82932, 27026, 609, 62541, 1, '2016-11-22 18:32:33', '2016-11-22 18:32:33', NULL, 0.0, 0.0, 0.0, 2853, 0, 0);

INSERT INTO `meeting_individual_results` (`id`, `rank`, `is_play_off`, `is_out_of_race`, `is_disqualified`, `standard_points`, `meeting_individual_points`, `minutes`, `seconds`, `hundreds`, `meeting_program_id`, `swimmer_id`, `team_id`, `badge_id`, `user_id`, `created_at`, `updated_at`, `disqualification_code_type_id`, `goggle_cup_points`, `reaction_time`, `team_points`, `team_affiliation_id`, `is_personal_best`, `is_season_type_best`)
  VALUES (474019, 1, 1, 0, 0, 858.25, 858.25, 1, 11, 11, 82933, 1872, 716, 55822, 1, '2016-11-22 18:32:33', '2016-11-22 18:32:33', NULL, 0.0, 0.0, 0.0, 2498, 0, 0);

INSERT INTO `meeting_individual_results` (`id`, `rank`, `is_play_off`, `is_out_of_race`, `is_disqualified`, `standard_points`, `meeting_individual_points`, `minutes`, `seconds`, `hundreds`, `meeting_program_id`, `swimmer_id`, `team_id`, `badge_id`, `user_id`, `created_at`, `updated_at`, `disqualification_code_type_id`, `goggle_cup_points`, `reaction_time`, `team_points`, `team_affiliation_id`, `is_personal_best`, `is_season_type_best`)
  VALUES (474020, 1, 1, 0, 0, 590.96, 590.96, 1, 56, 64, 82934, 6877, 219, 55695, 1, '2016-11-22 18:32:33', '2016-11-22 18:32:33', NULL, 0.0, 0.0, 0.0, 2461, 0, 0);

INSERT INTO `meeting_individual_results` (`id`, `rank`, `is_play_off`, `is_out_of_race`, `is_disqualified`, `standard_points`, `meeting_individual_points`, `minutes`, `seconds`, `hundreds`, `meeting_program_id`, `swimmer_id`, `team_id`, `badge_id`, `user_id`, `created_at`, `updated_at`, `disqualification_code_type_id`, `goggle_cup_points`, `reaction_time`, `team_points`, `team_affiliation_id`, `is_personal_best`, `is_season_type_best`)
  VALUES (474021, 1, 1, 0, 0, 630.85, 630.85, 2, 4, 15, 82935, 1909, 741, 58512, 1, '2016-11-22 18:32:33', '2016-11-22 18:32:33', NULL, 0.0, 0.0, 0.0, 2683, 0, 0);

INSERT INTO `meeting_individual_results` (`id`, `rank`, `is_play_off`, `is_out_of_race`, `is_disqualified`, `standard_points`, `meeting_individual_points`, `minutes`, `seconds`, `hundreds`, `meeting_program_id`, `swimmer_id`, `team_id`, `badge_id`, `user_id`, `created_at`, `updated_at`, `disqualification_code_type_id`, `goggle_cup_points`, `reaction_time`, `team_points`, `team_affiliation_id`, `is_personal_best`, `is_season_type_best`)
  VALUES (474022, 1, 1, 0, 0, 783.37, 783.37, 1, 8, 18, 82936, 6890, 716, 58177, 1, '2016-11-22 18:32:33', '2016-11-22 18:32:33', NULL, 0.0, 0.0, 0.0, 2498, 0, 0);

INSERT INTO `meeting_individual_results` (`id`, `rank`, `is_play_off`, `is_out_of_race`, `is_disqualified`, `standard_points`, `meeting_individual_points`, `minutes`, `seconds`, `hundreds`, `meeting_program_id`, `swimmer_id`, `team_id`, `badge_id`, `user_id`, `created_at`, `updated_at`, `disqualification_code_type_id`, `goggle_cup_points`, `reaction_time`, `team_points`, `team_affiliation_id`, `is_personal_best`, `is_season_type_best`)
  VALUES (474023, 1, 1, 0, 0, 858.48, 858.48, 1, 3, 3, 82937, 6832, 741, 58183, 1, '2016-11-22 18:32:33', '2016-11-22 18:32:33', NULL, 0.0, 0.0, 0.0, 2683, 0, 0);

INSERT INTO `meeting_individual_results` (`id`, `rank`, `is_play_off`, `is_out_of_race`, `is_disqualified`, `standard_points`, `meeting_individual_points`, `minutes`, `seconds`, `hundreds`, `meeting_program_id`, `swimmer_id`, `team_id`, `badge_id`, `user_id`, `created_at`, `updated_at`, `disqualification_code_type_id`, `goggle_cup_points`, `reaction_time`, `team_points`, `team_affiliation_id`, `is_personal_best`, `is_season_type_best`)
  VALUES (474024, 2, 1, 0, 0, 642.94, 642.94, 1, 24, 16, 82937, 27781, 321, 58190, 1, '2016-11-22 18:32:33', '2016-11-22 18:32:33', NULL, 0.0, 0.0, 0.0, 2643, 0, 0);

INSERT INTO `meeting_individual_results` (`id`, `rank`, `is_play_off`, `is_out_of_race`, `is_disqualified`, `standard_points`, `meeting_individual_points`, `minutes`, `seconds`, `hundreds`, `meeting_program_id`, `swimmer_id`, `team_id`, `badge_id`, `user_id`, `created_at`, `updated_at`, `disqualification_code_type_id`, `goggle_cup_points`, `reaction_time`, `team_points`, `team_affiliation_id`, `is_personal_best`, `is_season_type_best`)
  VALUES (474025, 3, 1, 0, 0, 607.77, 607.77, 1, 29, 3, 82937, 24294, 321, 58192, 1, '2016-11-22 18:32:33', '2016-11-22 18:32:33', NULL, 0.0, 0.0, 0.0, 2643, 0, 0);

INSERT INTO `meeting_individual_results` (`id`, `rank`, `is_play_off`, `is_out_of_race`, `is_disqualified`, `standard_points`, `meeting_individual_points`, `minutes`, `seconds`, `hundreds`, `meeting_program_id`, `swimmer_id`, `team_id`, `badge_id`, `user_id`, `created_at`, `updated_at`, `disqualification_code_type_id`, `goggle_cup_points`, `reaction_time`, `team_points`, `team_affiliation_id`, `is_personal_best`, `is_season_type_best`)
  VALUES (474026, 1, 1, 0, 0, 979.09, 979.09, 0, 57, 38, 82938, 20932, 74, 62542, 1, '2016-11-22 18:32:33', '2016-11-22 18:32:33', NULL, 0.0, 0.0, 0.0, 2766, 0, 0);

INSERT INTO `meeting_individual_results` (`id`, `rank`, `is_play_off`, `is_out_of_race`, `is_disqualified`, `standard_points`, `meeting_individual_points`, `minutes`, `seconds`, `hundreds`, `meeting_program_id`, `swimmer_id`, `team_id`, `badge_id`, `user_id`, `created_at`, `updated_at`, `disqualification_code_type_id`, `goggle_cup_points`, `reaction_time`, `team_points`, `team_affiliation_id`, `is_personal_best`, `is_season_type_best`)
  VALUES (474027, 2, 1, 0, 0, 717.41, 717.41, 1, 18, 31, 82938, 1967, 716, 55892, 1, '2016-11-22 18:32:33', '2016-11-22 18:32:33', NULL, 0.0, 0.0, 0.0, 2498, 0, 0);

INSERT INTO `meeting_individual_results` (`id`, `rank`, `is_play_off`, `is_out_of_race`, `is_disqualified`, `standard_points`, `meeting_individual_points`, `minutes`, `seconds`, `hundreds`, `meeting_program_id`, `swimmer_id`, `team_id`, `badge_id`, `user_id`, `created_at`, `updated_at`, `disqualification_code_type_id`, `goggle_cup_points`, `reaction_time`, `team_points`, `team_affiliation_id`, `is_personal_best`, `is_season_type_best`)
  VALUES (474028, 1, 1, 0, 0, 664.22, 664.22, 1, 27, 5, 82939, 21143, 321, 58330, 1, '2016-11-22 18:32:33', '2016-11-22 18:32:33', NULL, 0.0, 0.0, 0.0, 2643, 0, 0);

INSERT INTO `meeting_individual_results` (`id`, `rank`, `is_play_off`, `is_out_of_race`, `is_disqualified`, `standard_points`, `meeting_individual_points`, `minutes`, `seconds`, `hundreds`, `meeting_program_id`, `swimmer_id`, `team_id`, `badge_id`, `user_id`, `created_at`, `updated_at`, `disqualification_code_type_id`, `goggle_cup_points`, `reaction_time`, `team_points`, `team_affiliation_id`, `is_personal_best`, `is_season_type_best`)
  VALUES (474029, 1, 1, 0, 0, 852.9, 852.9, 1, 9, 75, 82940, 27217, 16, 58487, 1, '2016-11-22 18:32:34', '2016-11-22 18:32:34', NULL, 0.0, 0.0, 0.0, 2685, 0, 0);

INSERT INTO `meeting_individual_results` (`id`, `rank`, `is_play_off`, `is_out_of_race`, `is_disqualified`, `standard_points`, `meeting_individual_points`, `minutes`, `seconds`, `hundreds`, `meeting_program_id`, `swimmer_id`, `team_id`, `badge_id`, `user_id`, `created_at`, `updated_at`, `disqualification_code_type_id`, `goggle_cup_points`, `reaction_time`, `team_points`, `team_affiliation_id`, `is_personal_best`, `is_season_type_best`)
  VALUES (474030, 2, 1, 0, 0, 711.6, 711.6, 1, 23, 60, 82940, 19761, 685, 57252, 1, '2016-11-22 18:32:34', '2016-11-22 18:32:34', NULL, 0.0, 0.0, 0.0, 2641, 0, 0);

INSERT INTO `meeting_individual_results` (`id`, `rank`, `is_play_off`, `is_out_of_race`, `is_disqualified`, `standard_points`, `meeting_individual_points`, `minutes`, `seconds`, `hundreds`, `meeting_program_id`, `swimmer_id`, `team_id`, `badge_id`, `user_id`, `created_at`, `updated_at`, `disqualification_code_type_id`, `goggle_cup_points`, `reaction_time`, `team_points`, `team_affiliation_id`, `is_personal_best`, `is_season_type_best`)
  VALUES (474031, 3, 1, 0, 0, 579.2, 579.2, 1, 42, 71, 82940, 5513, 320, 62543, 1, '2016-11-22 18:32:34', '2016-11-22 18:32:34', NULL, 0.0, 0.0, 0.0, 2699, 0, 0);

INSERT INTO `meeting_individual_results` (`id`, `rank`, `is_play_off`, `is_out_of_race`, `is_disqualified`, `standard_points`, `meeting_individual_points`, `minutes`, `seconds`, `hundreds`, `meeting_program_id`, `swimmer_id`, `team_id`, `badge_id`, `user_id`, `created_at`, `updated_at`, `disqualification_code_type_id`, `goggle_cup_points`, `reaction_time`, `team_points`, `team_affiliation_id`, `is_personal_best`, `is_season_type_best`)
  VALUES (474032, 4, 1, 0, 0, 528.85, 528.85, 1, 52, 49, 82940, 1998, 716, 58282, 1, '2016-11-22 18:32:34', '2016-11-22 18:32:34', NULL, 0.0, 0.0, 0.0, 2498, 0, 0);

INSERT INTO `meeting_individual_results` (`id`, `rank`, `is_play_off`, `is_out_of_race`, `is_disqualified`, `standard_points`, `meeting_individual_points`, `minutes`, `seconds`, `hundreds`, `meeting_program_id`, `swimmer_id`, `team_id`, `badge_id`, `user_id`, `created_at`, `updated_at`, `disqualification_code_type_id`, `goggle_cup_points`, `reaction_time`, `team_points`, `team_affiliation_id`, `is_personal_best`, `is_season_type_best`)
  VALUES (474033, 5, 1, 0, 0, 518.48, 518.48, 1, 54, 74, 82940, 21328, 219, 55753, 1, '2016-11-22 18:32:34', '2016-11-22 18:32:34', NULL, 0.0, 0.0, 0.0, 2461, 0, 0);

INSERT INTO `meeting_individual_results` (`id`, `rank`, `is_play_off`, `is_out_of_race`, `is_disqualified`, `standard_points`, `meeting_individual_points`, `minutes`, `seconds`, `hundreds`, `meeting_program_id`, `swimmer_id`, `team_id`, `badge_id`, `user_id`, `created_at`, `updated_at`, `disqualification_code_type_id`, `goggle_cup_points`, `reaction_time`, `team_points`, `team_affiliation_id`, `is_personal_best`, `is_season_type_best`)
  VALUES (474034, 1, 1, 0, 0, 630.53, 630.53, 1, 37, 95, 82941, 28036, 424, 62544, 1, '2016-11-22 18:32:34', '2016-11-22 18:32:34', NULL, 0.0, 0.0, 0.0, 2675, 0, 0);

INSERT INTO `meeting_individual_results` (`id`, `rank`, `is_play_off`, `is_out_of_race`, `is_disqualified`, `standard_points`, `meeting_individual_points`, `minutes`, `seconds`, `hundreds`, `meeting_program_id`, `swimmer_id`, `team_id`, `badge_id`, `user_id`, `created_at`, `updated_at`, `disqualification_code_type_id`, `goggle_cup_points`, `reaction_time`, `team_points`, `team_affiliation_id`, `is_personal_best`, `is_season_type_best`)
  VALUES (474035, 1, 1, 0, 0, 814.2, 814.2, 1, 18, 85, 82942, 28515, 366, 62545, 1, '2016-11-22 18:32:34', '2016-11-22 18:32:34', NULL, 0.0, 0.0, 0.0, 2855, 0, 0);

INSERT INTO `meeting_individual_results` (`id`, `rank`, `is_play_off`, `is_out_of_race`, `is_disqualified`, `standard_points`, `meeting_individual_points`, `minutes`, `seconds`, `hundreds`, `meeting_program_id`, `swimmer_id`, `team_id`, `badge_id`, `user_id`, `created_at`, `updated_at`, `disqualification_code_type_id`, `goggle_cup_points`, `reaction_time`, `team_points`, `team_affiliation_id`, `is_personal_best`, `is_season_type_best`)
  VALUES (474036, 2, 1, 0, 0, 735.48, 735.48, 1, 27, 29, 82942, 24285, 374, 58243, 1, '2016-11-22 18:32:34', '2016-11-22 18:32:34', NULL, 0.0, 0.0, 0.0, 2679, 0, 0);

INSERT INTO `meeting_individual_results` (`id`, `rank`, `is_play_off`, `is_out_of_race`, `is_disqualified`, `standard_points`, `meeting_individual_points`, `minutes`, `seconds`, `hundreds`, `meeting_program_id`, `swimmer_id`, `team_id`, `badge_id`, `user_id`, `created_at`, `updated_at`, `disqualification_code_type_id`, `goggle_cup_points`, `reaction_time`, `team_points`, `team_affiliation_id`, `is_personal_best`, `is_season_type_best`)
  VALUES (474037, 1, 1, 0, 0, 686.59, 686.59, 1, 33, 52, 82943, 1884, 716, 58504, 1, '2016-11-22 18:32:34', '2016-11-22 18:32:34', NULL, 0.0, 0.0, 0.0, 2498, 0, 0);

INSERT INTO `meeting_individual_results` (`id`, `rank`, `is_play_off`, `is_out_of_race`, `is_disqualified`, `standard_points`, `meeting_individual_points`, `minutes`, `seconds`, `hundreds`, `meeting_program_id`, `swimmer_id`, `team_id`, `badge_id`, `user_id`, `created_at`, `updated_at`, `disqualification_code_type_id`, `goggle_cup_points`, `reaction_time`, `team_points`, `team_affiliation_id`, `is_personal_best`, `is_season_type_best`)
  VALUES (474038, 1, 1, 0, 0, 925.74, 925.74, 1, 11, 10, 82944, 3974, 716, 58247, 1, '2016-11-22 18:32:34', '2016-11-22 18:32:34', NULL, 0.0, 0.0, 0.0, 2498, 0, 0);

INSERT INTO `meeting_individual_results` (`id`, `rank`, `is_play_off`, `is_out_of_race`, `is_disqualified`, `standard_points`, `meeting_individual_points`, `minutes`, `seconds`, `hundreds`, `meeting_program_id`, `swimmer_id`, `team_id`, `badge_id`, `user_id`, `created_at`, `updated_at`, `disqualification_code_type_id`, `goggle_cup_points`, `reaction_time`, `team_points`, `team_affiliation_id`, `is_personal_best`, `is_season_type_best`)
  VALUES (474039, 2, 1, 0, 0, 808.0, 808.0, 1, 21, 46, 82944, 17438, 741, 58554, 1, '2016-11-22 18:32:34', '2016-11-22 18:32:34', NULL, 0.0, 0.0, 0.0, 2683, 0, 0);

INSERT INTO `meeting_individual_results` (`id`, `rank`, `is_play_off`, `is_out_of_race`, `is_disqualified`, `standard_points`, `meeting_individual_points`, `minutes`, `seconds`, `hundreds`, `meeting_program_id`, `swimmer_id`, `team_id`, `badge_id`, `user_id`, `created_at`, `updated_at`, `disqualification_code_type_id`, `goggle_cup_points`, `reaction_time`, `team_points`, `team_affiliation_id`, `is_personal_best`, `is_season_type_best`)
  VALUES (474040, 3, 1, 0, 0, 776.27, 776.27, 1, 24, 79, 82944, 7928, 424, 58248, 1, '2016-11-22 18:32:34', '2016-11-22 18:32:34', NULL, 0.0, 0.0, 0.0, 2675, 0, 0);

INSERT INTO `meeting_individual_results` (`id`, `rank`, `is_play_off`, `is_out_of_race`, `is_disqualified`, `standard_points`, `meeting_individual_points`, `minutes`, `seconds`, `hundreds`, `meeting_program_id`, `swimmer_id`, `team_id`, `badge_id`, `user_id`, `created_at`, `updated_at`, `disqualification_code_type_id`, `goggle_cup_points`, `reaction_time`, `team_points`, `team_affiliation_id`, `is_personal_best`, `is_season_type_best`)
  VALUES (474041, 4, 1, 0, 0, 611.14, 611.14, 1, 47, 70, 82944, 28502, 424, 62546, 1, '2016-11-22 18:32:34', '2016-11-22 18:32:34', NULL, 0.0, 0.0, 0.0, 2675, 0, 0);

INSERT INTO `meeting_individual_results` (`id`, `rank`, `is_play_off`, `is_out_of_race`, `is_disqualified`, `standard_points`, `meeting_individual_points`, `minutes`, `seconds`, `hundreds`, `meeting_program_id`, `swimmer_id`, `team_id`, `badge_id`, `user_id`, `created_at`, `updated_at`, `disqualification_code_type_id`, `goggle_cup_points`, `reaction_time`, `team_points`, `team_affiliation_id`, `is_personal_best`, `is_season_type_best`)
  VALUES (474042, 5, 1, 0, 0, 580.99, 580.99, 1, 53, 29, 82944, 4902, 321, 62547, 1, '2016-11-22 18:32:34', '2016-11-22 18:32:34', NULL, 0.0, 0.0, 0.0, 2643, 0, 0);

INSERT INTO `meeting_individual_results` (`id`, `rank`, `is_play_off`, `is_out_of_race`, `is_disqualified`, `standard_points`, `meeting_individual_points`, `minutes`, `seconds`, `hundreds`, `meeting_program_id`, `swimmer_id`, `team_id`, `badge_id`, `user_id`, `created_at`, `updated_at`, `disqualification_code_type_id`, `goggle_cup_points`, `reaction_time`, `team_points`, `team_affiliation_id`, `is_personal_best`, `is_season_type_best`)
  VALUES (474043, 1, 1, 0, 0, 606.11, 606.11, 1, 49, 70, 82945, 25486, 219, 62548, 1, '2016-11-22 18:32:34', '2016-11-22 18:32:34', NULL, 0.0, 0.0, 0.0, 2461, 0, 0);

INSERT INTO `meeting_individual_results` (`id`, `rank`, `is_play_off`, `is_out_of_race`, `is_disqualified`, `standard_points`, `meeting_individual_points`, `minutes`, `seconds`, `hundreds`, `meeting_program_id`, `swimmer_id`, `team_id`, `badge_id`, `user_id`, `created_at`, `updated_at`, `disqualification_code_type_id`, `goggle_cup_points`, `reaction_time`, `team_points`, `team_affiliation_id`, `is_personal_best`, `is_season_type_best`)
  VALUES (474044, 1, 1, 0, 0, 669.88, 669.88, 1, 41, 75, 82946, 13087, 321, 58254, 1, '2016-11-22 18:32:34', '2016-11-22 18:32:34', NULL, 0.0, 0.0, 0.0, 2643, 0, 0);

INSERT INTO `meeting_individual_results` (`id`, `rank`, `is_play_off`, `is_out_of_race`, `is_disqualified`, `standard_points`, `meeting_individual_points`, `minutes`, `seconds`, `hundreds`, `meeting_program_id`, `swimmer_id`, `team_id`, `badge_id`, `user_id`, `created_at`, `updated_at`, `disqualification_code_type_id`, `goggle_cup_points`, `reaction_time`, `team_points`, `team_affiliation_id`, `is_personal_best`, `is_season_type_best`)
  VALUES (474045, 1, 1, 0, 0, 769.83, 769.83, 1, 31, 41, 82947, 5356, 16, 58382, 1, '2016-11-22 18:32:34', '2016-11-22 18:32:34', NULL, 0.0, 0.0, 0.0, 2685, 0, 0);

INSERT INTO `meeting_individual_results` (`id`, `rank`, `is_play_off`, `is_out_of_race`, `is_disqualified`, `standard_points`, `meeting_individual_points`, `minutes`, `seconds`, `hundreds`, `meeting_program_id`, `swimmer_id`, `team_id`, `badge_id`, `user_id`, `created_at`, `updated_at`, `disqualification_code_type_id`, `goggle_cup_points`, `reaction_time`, `team_points`, `team_affiliation_id`, `is_personal_best`, `is_season_type_best`)
  VALUES (474046, 1, 1, 0, 0, 721.57, 721.57, 1, 55, 36, 82948, 1915, 741, 58305, 1, '2016-11-22 18:32:35', '2016-11-22 18:32:35', NULL, 0.0, 0.0, 0.0, 2683, 0, 0);

INSERT INTO `meeting_individual_results` (`id`, `rank`, `is_play_off`, `is_out_of_race`, `is_disqualified`, `standard_points`, `meeting_individual_points`, `minutes`, `seconds`, `hundreds`, `meeting_program_id`, `swimmer_id`, `team_id`, `badge_id`, `user_id`, `created_at`, `updated_at`, `disqualification_code_type_id`, `goggle_cup_points`, `reaction_time`, `team_points`, `team_affiliation_id`, `is_personal_best`, `is_season_type_best`)
  VALUES (474047, 2, 1, 0, 0, 695.0, 695.0, 1, 59, 77, 82948, 1916, 741, 58259, 1, '2016-11-22 18:32:35', '2016-11-22 18:32:35', NULL, 0.0, 0.0, 0.0, 2683, 0, 0);

INSERT INTO `meeting_individual_results` (`id`, `rank`, `is_play_off`, `is_out_of_race`, `is_disqualified`, `standard_points`, `meeting_individual_points`, `minutes`, `seconds`, `hundreds`, `meeting_program_id`, `swimmer_id`, `team_id`, `badge_id`, `user_id`, `created_at`, `updated_at`, `disqualification_code_type_id`, `goggle_cup_points`, `reaction_time`, `team_points`, `team_affiliation_id`, `is_personal_best`, `is_season_type_best`)
  VALUES (474048, 1, 1, 0, 0, 0.0, 0.0, 1, 20, 3, 82949, 22448, 219, 58260, 1, '2016-11-22 18:32:35', '2016-11-22 18:32:35', NULL, 0.0, 0.0, 0.0, 2461, 0, 0);

INSERT INTO `meeting_individual_results` (`id`, `rank`, `is_play_off`, `is_out_of_race`, `is_disqualified`, `standard_points`, `meeting_individual_points`, `minutes`, `seconds`, `hundreds`, `meeting_program_id`, `swimmer_id`, `team_id`, `badge_id`, `user_id`, `created_at`, `updated_at`, `disqualification_code_type_id`, `goggle_cup_points`, `reaction_time`, `team_points`, `team_affiliation_id`, `is_personal_best`, `is_season_type_best`)
  VALUES (474049, 1, 1, 0, 0, 810.46, 810.46, 1, 8, 43, 82950, 6928, 741, 58263, 1, '2016-11-22 18:32:35', '2016-11-22 18:32:35', NULL, 0.0, 0.0, 0.0, 2683, 0, 0);

INSERT INTO `meeting_individual_results` (`id`, `rank`, `is_play_off`, `is_out_of_race`, `is_disqualified`, `standard_points`, `meeting_individual_points`, `minutes`, `seconds`, `hundreds`, `meeting_program_id`, `swimmer_id`, `team_id`, `badge_id`, `user_id`, `created_at`, `updated_at`, `disqualification_code_type_id`, `goggle_cup_points`, `reaction_time`, `team_points`, `team_affiliation_id`, `is_personal_best`, `is_season_type_best`)
  VALUES (474050, 2, 1, 0, 0, 760.98, 760.98, 1, 12, 88, 82950, 6890, 716, 58177, 1, '2016-11-22 18:32:35', '2016-11-22 18:32:35', NULL, 0.0, 0.0, 0.0, 2498, 0, 0);

INSERT INTO `meeting_individual_results` (`id`, `rank`, `is_play_off`, `is_out_of_race`, `is_disqualified`, `standard_points`, `meeting_individual_points`, `minutes`, `seconds`, `hundreds`, `meeting_program_id`, `swimmer_id`, `team_id`, `badge_id`, `user_id`, `created_at`, `updated_at`, `disqualification_code_type_id`, `goggle_cup_points`, `reaction_time`, `team_points`, `team_affiliation_id`, `is_personal_best`, `is_season_type_best`)
  VALUES (474051, 3, 1, 0, 0, 744.23, 744.23, 1, 14, 52, 82950, 28513, 366, 62549, 1, '2016-11-22 18:32:35', '2016-11-22 18:32:35', NULL, 0.0, 0.0, 0.0, 2855, 0, 0);

INSERT INTO `meeting_individual_results` (`id`, `rank`, `is_play_off`, `is_out_of_race`, `is_disqualified`, `standard_points`, `meeting_individual_points`, `minutes`, `seconds`, `hundreds`, `meeting_program_id`, `swimmer_id`, `team_id`, `badge_id`, `user_id`, `created_at`, `updated_at`, `disqualification_code_type_id`, `goggle_cup_points`, `reaction_time`, `team_points`, `team_affiliation_id`, `is_personal_best`, `is_season_type_best`)
  VALUES (474052, 4, 1, 0, 0, 707.85, 707.85, 1, 18, 35, 82950, 28511, 297, 62535, 1, '2016-11-22 18:32:35', '2016-11-22 18:32:35', NULL, 0.0, 0.0, 0.0, 2677, 0, 0);

INSERT INTO `meeting_individual_results` (`id`, `rank`, `is_play_off`, `is_out_of_race`, `is_disqualified`, `standard_points`, `meeting_individual_points`, `minutes`, `seconds`, `hundreds`, `meeting_program_id`, `swimmer_id`, `team_id`, `badge_id`, `user_id`, `created_at`, `updated_at`, `disqualification_code_type_id`, `goggle_cup_points`, `reaction_time`, `team_points`, `team_affiliation_id`, `is_personal_best`, `is_season_type_best`)
  VALUES (474053, 5, 1, 0, 0, 685.96, 685.96, 1, 20, 85, 82950, 28107, 321, 62550, 1, '2016-11-22 18:32:35', '2016-11-22 18:32:35', NULL, 0.0, 0.0, 0.0, 2643, 0, 0);

INSERT INTO `meeting_individual_results` (`id`, `rank`, `is_play_off`, `is_out_of_race`, `is_disqualified`, `standard_points`, `meeting_individual_points`, `minutes`, `seconds`, `hundreds`, `meeting_program_id`, `swimmer_id`, `team_id`, `badge_id`, `user_id`, `created_at`, `updated_at`, `disqualification_code_type_id`, `goggle_cup_points`, `reaction_time`, `team_points`, `team_affiliation_id`, `is_personal_best`, `is_season_type_best`)
  VALUES (474054, 1, 1, 0, 0, 834.53, 834.53, 1, 6, 78, 82951, 6832, 741, 58183, 1, '2016-11-22 18:32:35', '2016-11-22 18:32:35', NULL, 0.0, 0.0, 0.0, 2683, 0, 0);

INSERT INTO `meeting_individual_results` (`id`, `rank`, `is_play_off`, `is_out_of_race`, `is_disqualified`, `standard_points`, `meeting_individual_points`, `minutes`, `seconds`, `hundreds`, `meeting_program_id`, `swimmer_id`, `team_id`, `badge_id`, `user_id`, `created_at`, `updated_at`, `disqualification_code_type_id`, `goggle_cup_points`, `reaction_time`, `team_points`, `team_affiliation_id`, `is_personal_best`, `is_season_type_best`)
  VALUES (474055, 2, 1, 0, 0, 691.95, 691.95, 1, 20, 54, 82951, 27781, 321, 58190, 1, '2016-11-22 18:32:35', '2016-11-22 18:32:35', NULL, 0.0, 0.0, 0.0, 2643, 0, 0);

INSERT INTO `meeting_individual_results` (`id`, `rank`, `is_play_off`, `is_out_of_race`, `is_disqualified`, `standard_points`, `meeting_individual_points`, `minutes`, `seconds`, `hundreds`, `meeting_program_id`, `swimmer_id`, `team_id`, `badge_id`, `user_id`, `created_at`, `updated_at`, `disqualification_code_type_id`, `goggle_cup_points`, `reaction_time`, `team_points`, `team_affiliation_id`, `is_personal_best`, `is_season_type_best`)
  VALUES (474056, 3, 1, 0, 0, 623.59, 623.59, 1, 29, 37, 82951, 24294, 321, 58192, 1, '2016-11-22 18:32:35', '2016-11-22 18:32:35', NULL, 0.0, 0.0, 0.0, 2643, 0, 0);

INSERT INTO `meeting_individual_results` (`id`, `rank`, `is_play_off`, `is_out_of_race`, `is_disqualified`, `standard_points`, `meeting_individual_points`, `minutes`, `seconds`, `hundreds`, `meeting_program_id`, `swimmer_id`, `team_id`, `badge_id`, `user_id`, `created_at`, `updated_at`, `disqualification_code_type_id`, `goggle_cup_points`, `reaction_time`, `team_points`, `team_affiliation_id`, `is_personal_best`, `is_season_type_best`)
  VALUES (474057, 1, 1, 0, 0, 816.94, 816.94, 1, 10, 3, 82952, 6715, 366, 62551, 1, '2016-11-22 18:32:35', '2016-11-22 18:32:35', NULL, 0.0, 0.0, 0.0, 2855, 0, 0);

INSERT INTO `meeting_individual_results` (`id`, `rank`, `is_play_off`, `is_out_of_race`, `is_disqualified`, `standard_points`, `meeting_individual_points`, `minutes`, `seconds`, `hundreds`, `meeting_program_id`, `swimmer_id`, `team_id`, `badge_id`, `user_id`, `created_at`, `updated_at`, `disqualification_code_type_id`, `goggle_cup_points`, `reaction_time`, `team_points`, `team_affiliation_id`, `is_personal_best`, `is_season_type_best`)
  VALUES (474058, 2, 1, 0, 0, 716.02, 716.02, 1, 19, 90, 82952, 28510, 298, 62552, 1, '2016-11-22 18:32:35', '2016-11-22 18:32:35', NULL, 0.0, 0.0, 0.0, 2852, 0, 0);

INSERT INTO `meeting_individual_results` (`id`, `rank`, `is_play_off`, `is_out_of_race`, `is_disqualified`, `standard_points`, `meeting_individual_points`, `minutes`, `seconds`, `hundreds`, `meeting_program_id`, `swimmer_id`, `team_id`, `badge_id`, `user_id`, `created_at`, `updated_at`, `disqualification_code_type_id`, `goggle_cup_points`, `reaction_time`, `team_points`, `team_affiliation_id`, `is_personal_best`, `is_season_type_best`)
  VALUES (474059, 3, 1, 0, 0, 683.35, 683.35, 1, 23, 72, 82952, 5385, 321, 58269, 1, '2016-11-22 18:32:35', '2016-11-22 18:32:35', NULL, 0.0, 0.0, 0.0, 2643, 0, 0);

INSERT INTO `meeting_individual_results` (`id`, `rank`, `is_play_off`, `is_out_of_race`, `is_disqualified`, `standard_points`, `meeting_individual_points`, `minutes`, `seconds`, `hundreds`, `meeting_program_id`, `swimmer_id`, `team_id`, `badge_id`, `user_id`, `created_at`, `updated_at`, `disqualification_code_type_id`, `goggle_cup_points`, `reaction_time`, `team_points`, `team_affiliation_id`, `is_personal_best`, `is_season_type_best`)
  VALUES (474060, 4, 1, 0, 0, 618.55, 618.55, 1, 32, 49, 82952, 7330, 16, 62536, 1, '2016-11-22 18:32:35', '2016-11-22 18:32:35', NULL, 0.0, 0.0, 0.0, 2685, 0, 0);

INSERT INTO `meeting_individual_results` (`id`, `rank`, `is_play_off`, `is_out_of_race`, `is_disqualified`, `standard_points`, `meeting_individual_points`, `minutes`, `seconds`, `hundreds`, `meeting_program_id`, `swimmer_id`, `team_id`, `badge_id`, `user_id`, `created_at`, `updated_at`, `disqualification_code_type_id`, `goggle_cup_points`, `reaction_time`, `team_points`, `team_affiliation_id`, `is_personal_best`, `is_season_type_best`)
  VALUES (474061, 1, 1, 0, 0, 686.88, 686.88, 1, 25, 27, 82953, 21171, 374, 58478, 1, '2016-11-22 18:32:35', '2016-11-22 18:32:35', NULL, 0.0, 0.0, 0.0, 2679, 0, 0);

INSERT INTO `meeting_individual_results` (`id`, `rank`, `is_play_off`, `is_out_of_race`, `is_disqualified`, `standard_points`, `meeting_individual_points`, `minutes`, `seconds`, `hundreds`, `meeting_program_id`, `swimmer_id`, `team_id`, `badge_id`, `user_id`, `created_at`, `updated_at`, `disqualification_code_type_id`, `goggle_cup_points`, `reaction_time`, `team_points`, `team_affiliation_id`, `is_personal_best`, `is_season_type_best`)
  VALUES (474062, 2, 1, 0, 0, 661.06, 661.06, 1, 28, 60, 82953, 1957, 716, 58527, 1, '2016-11-22 18:32:35', '2016-11-22 18:32:35', NULL, 0.0, 0.0, 0.0, 2498, 0, 0);

INSERT INTO `meeting_individual_results` (`id`, `rank`, `is_play_off`, `is_out_of_race`, `is_disqualified`, `standard_points`, `meeting_individual_points`, `minutes`, `seconds`, `hundreds`, `meeting_program_id`, `swimmer_id`, `team_id`, `badge_id`, `user_id`, `created_at`, `updated_at`, `disqualification_code_type_id`, `goggle_cup_points`, `reaction_time`, `team_points`, `team_affiliation_id`, `is_personal_best`, `is_season_type_best`)
  VALUES (474063, 3, 1, 0, 0, 631.28, 631.28, 1, 32, 78, 82953, 13100, 297, 58526, 1, '2016-11-22 18:32:35', '2016-11-22 18:32:35', NULL, 0.0, 0.0, 0.0, 2677, 0, 0);

INSERT INTO `meeting_individual_results` (`id`, `rank`, `is_play_off`, `is_out_of_race`, `is_disqualified`, `standard_points`, `meeting_individual_points`, `minutes`, `seconds`, `hundreds`, `meeting_program_id`, `swimmer_id`, `team_id`, `badge_id`, `user_id`, `created_at`, `updated_at`, `disqualification_code_type_id`, `goggle_cup_points`, `reaction_time`, `team_points`, `team_affiliation_id`, `is_personal_best`, `is_season_type_best`)
  VALUES (474064, 1, 1, 0, 0, 760.86, 760.86, 1, 19, 20, 82954, 25304, 980, 62553, 1, '2016-11-22 18:32:35', '2016-11-22 18:32:35', NULL, 0.0, 0.0, 0.0, 2646, 0, 0);

INSERT INTO `meeting_individual_results` (`id`, `rank`, `is_play_off`, `is_out_of_race`, `is_disqualified`, `standard_points`, `meeting_individual_points`, `minutes`, `seconds`, `hundreds`, `meeting_program_id`, `swimmer_id`, `team_id`, `badge_id`, `user_id`, `created_at`, `updated_at`, `disqualification_code_type_id`, `goggle_cup_points`, `reaction_time`, `team_points`, `team_affiliation_id`, `is_personal_best`, `is_season_type_best`)
  VALUES (474065, 2, 1, 0, 0, 746.99, 746.99, 1, 20, 67, 82954, 7960, 424, 62554, 1, '2016-11-22 18:32:35', '2016-11-22 18:32:35', NULL, 0.0, 0.0, 0.0, 2675, 0, 0);

INSERT INTO `meeting_individual_results` (`id`, `rank`, `is_play_off`, `is_out_of_race`, `is_disqualified`, `standard_points`, `meeting_individual_points`, `minutes`, `seconds`, `hundreds`, `meeting_program_id`, `swimmer_id`, `team_id`, `badge_id`, `user_id`, `created_at`, `updated_at`, `disqualification_code_type_id`, `goggle_cup_points`, `reaction_time`, `team_points`, `team_affiliation_id`, `is_personal_best`, `is_season_type_best`)
  VALUES (474066, 3, 1, 0, 0, 739.02, 739.02, 1, 21, 54, 82954, 21143, 321, 58330, 1, '2016-11-22 18:32:36', '2016-11-22 18:32:36', NULL, 0.0, 0.0, 0.0, 2643, 0, 0);

INSERT INTO `meeting_individual_results` (`id`, `rank`, `is_play_off`, `is_out_of_race`, `is_disqualified`, `standard_points`, `meeting_individual_points`, `minutes`, `seconds`, `hundreds`, `meeting_program_id`, `swimmer_id`, `team_id`, `badge_id`, `user_id`, `created_at`, `updated_at`, `disqualification_code_type_id`, `goggle_cup_points`, `reaction_time`, `team_points`, `team_affiliation_id`, `is_personal_best`, `is_season_type_best`)
  VALUES (474067, 4, 1, 0, 0, 668.22, 668.22, 1, 30, 18, 82954, 9817, 716, 58531, 1, '2016-11-22 18:32:36', '2016-11-22 18:32:36', NULL, 0.0, 0.0, 0.0, 2498, 0, 0);

INSERT INTO `meeting_individual_results` (`id`, `rank`, `is_play_off`, `is_out_of_race`, `is_disqualified`, `standard_points`, `meeting_individual_points`, `minutes`, `seconds`, `hundreds`, `meeting_program_id`, `swimmer_id`, `team_id`, `badge_id`, `user_id`, `created_at`, `updated_at`, `disqualification_code_type_id`, `goggle_cup_points`, `reaction_time`, `team_points`, `team_affiliation_id`, `is_personal_best`, `is_season_type_best`)
  VALUES (474068, 5, 1, 0, 0, 615.21, 615.21, 1, 37, 95, 82954, 13134, 321, 58224, 1, '2016-11-22 18:32:36', '2016-11-22 18:32:36', NULL, 0.0, 0.0, 0.0, 2643, 0, 0);

INSERT INTO `meeting_individual_results` (`id`, `rank`, `is_play_off`, `is_out_of_race`, `is_disqualified`, `standard_points`, `meeting_individual_points`, `minutes`, `seconds`, `hundreds`, `meeting_program_id`, `swimmer_id`, `team_id`, `badge_id`, `user_id`, `created_at`, `updated_at`, `disqualification_code_type_id`, `goggle_cup_points`, `reaction_time`, `team_points`, `team_affiliation_id`, `is_personal_best`, `is_season_type_best`)
  VALUES (474069, 1, 1, 0, 0, 803.99, 803.99, 1, 16, 78, 82955, 20696, 741, 58281, 1, '2016-11-22 18:32:36', '2016-11-22 18:32:36', NULL, 0.0, 0.0, 0.0, 2683, 0, 0);

INSERT INTO `meeting_individual_results` (`id`, `rank`, `is_play_off`, `is_out_of_race`, `is_disqualified`, `standard_points`, `meeting_individual_points`, `minutes`, `seconds`, `hundreds`, `meeting_program_id`, `swimmer_id`, `team_id`, `badge_id`, `user_id`, `created_at`, `updated_at`, `disqualification_code_type_id`, `goggle_cup_points`, `reaction_time`, `team_points`, `team_affiliation_id`, `is_personal_best`, `is_season_type_best`)
  VALUES (474070, 2, 1, 0, 0, 745.89, 745.89, 1, 22, 76, 82955, 3496, 991, 59864, 1, '2016-11-22 18:32:36', '2016-11-22 18:32:36', NULL, 0.0, 0.0, 0.0, 2749, 0, 0);

INSERT INTO `meeting_individual_results` (`id`, `rank`, `is_play_off`, `is_out_of_race`, `is_disqualified`, `standard_points`, `meeting_individual_points`, `minutes`, `seconds`, `hundreds`, `meeting_program_id`, `swimmer_id`, `team_id`, `badge_id`, `user_id`, `created_at`, `updated_at`, `disqualification_code_type_id`, `goggle_cup_points`, `reaction_time`, `team_points`, `team_affiliation_id`, `is_personal_best`, `is_season_type_best`)
  VALUES (474071, 3, 1, 0, 0, 660.28, 660.28, 1, 33, 49, 82955, 25494, 741, 58537, 1, '2016-11-22 18:32:36', '2016-11-22 18:32:36', NULL, 0.0, 0.0, 0.0, 2683, 0, 0);

INSERT INTO `meeting_individual_results` (`id`, `rank`, `is_play_off`, `is_out_of_race`, `is_disqualified`, `standard_points`, `meeting_individual_points`, `minutes`, `seconds`, `hundreds`, `meeting_program_id`, `swimmer_id`, `team_id`, `badge_id`, `user_id`, `created_at`, `updated_at`, `disqualification_code_type_id`, `goggle_cup_points`, `reaction_time`, `team_points`, `team_affiliation_id`, `is_personal_best`, `is_season_type_best`)
  VALUES (474072, 1, 1, 0, 0, 780.86, 780.86, 1, 22, 14, 82956, 13169, 789, 62555, 1, '2016-11-22 18:32:36', '2016-11-22 18:32:36', NULL, 0.0, 0.0, 0.0, 2849, 0, 0);

INSERT INTO `meeting_individual_results` (`id`, `rank`, `is_play_off`, `is_out_of_race`, `is_disqualified`, `standard_points`, `meeting_individual_points`, `minutes`, `seconds`, `hundreds`, `meeting_program_id`, `swimmer_id`, `team_id`, `badge_id`, `user_id`, `created_at`, `updated_at`, `disqualification_code_type_id`, `goggle_cup_points`, `reaction_time`, `team_points`, `team_affiliation_id`, `is_personal_best`, `is_season_type_best`)
  VALUES (474073, 1, 1, 0, 0, 776.65, 776.65, 1, 26, 59, 82957, 27035, 219, 62556, 1, '2016-11-22 18:32:36', '2016-11-22 18:32:36', NULL, 0.0, 0.0, 0.0, 2461, 0, 0);

INSERT INTO `meeting_individual_results` (`id`, `rank`, `is_play_off`, `is_out_of_race`, `is_disqualified`, `standard_points`, `meeting_individual_points`, `minutes`, `seconds`, `hundreds`, `meeting_program_id`, `swimmer_id`, `team_id`, `badge_id`, `user_id`, `created_at`, `updated_at`, `disqualification_code_type_id`, `goggle_cup_points`, `reaction_time`, `team_points`, `team_affiliation_id`, `is_personal_best`, `is_season_type_best`)
  VALUES (474074, 2, 1, 0, 0, 539.08, 539.08, 2, 4, 75, 82957, 13099, 297, 58493, 1, '2016-11-22 18:32:36', '2016-11-22 18:32:36', NULL, 0.0, 0.0, 0.0, 2677, 0, 0);

INSERT INTO `meeting_individual_results` (`id`, `rank`, `is_play_off`, `is_out_of_race`, `is_disqualified`, `standard_points`, `meeting_individual_points`, `minutes`, `seconds`, `hundreds`, `meeting_program_id`, `swimmer_id`, `team_id`, `badge_id`, `user_id`, `created_at`, `updated_at`, `disqualification_code_type_id`, `goggle_cup_points`, `reaction_time`, `team_points`, `team_affiliation_id`, `is_personal_best`, `is_season_type_best`)
  VALUES (474075, 1, 1, 0, 0, 852.85, 852.85, 1, 23, 79, 82958, 6819, 219, 58437, 1, '2016-11-22 18:32:36', '2016-11-22 18:32:36', NULL, 0.0, 0.0, 0.0, 2461, 0, 0);

INSERT INTO `meeting_individual_results` (`id`, `rank`, `is_play_off`, `is_out_of_race`, `is_disqualified`, `standard_points`, `meeting_individual_points`, `minutes`, `seconds`, `hundreds`, `meeting_program_id`, `swimmer_id`, `team_id`, `badge_id`, `user_id`, `created_at`, `updated_at`, `disqualification_code_type_id`, `goggle_cup_points`, `reaction_time`, `team_points`, `team_affiliation_id`, `is_personal_best`, `is_season_type_best`)
  VALUES (474076, 1, 1, 0, 0, 706.9, 706.9, 1, 57, 64, 82959, 9837, 741, 62557, 1, '2016-11-22 18:32:36', '2016-11-22 18:32:36', NULL, 0.0, 0.0, 0.0, 2683, 0, 0);

INSERT INTO `meeting_individual_results` (`id`, `rank`, `is_play_off`, `is_out_of_race`, `is_disqualified`, `standard_points`, `meeting_individual_points`, `minutes`, `seconds`, `hundreds`, `meeting_program_id`, `swimmer_id`, `team_id`, `badge_id`, `user_id`, `created_at`, `updated_at`, `disqualification_code_type_id`, `goggle_cup_points`, `reaction_time`, `team_points`, `team_affiliation_id`, `is_personal_best`, `is_season_type_best`)
  VALUES (474077, 1, 1, 0, 0, 0.0, 0.0, 1, 9, 70, 82960, 28512, 366, 62558, 1, '2016-11-22 18:32:36', '2016-11-22 18:32:36', NULL, 0.0, 0.0, 0.0, 2855, 0, 0);

INSERT INTO `meeting_individual_results` (`id`, `rank`, `is_play_off`, `is_out_of_race`, `is_disqualified`, `standard_points`, `meeting_individual_points`, `minutes`, `seconds`, `hundreds`, `meeting_program_id`, `swimmer_id`, `team_id`, `badge_id`, `user_id`, `created_at`, `updated_at`, `disqualification_code_type_id`, `goggle_cup_points`, `reaction_time`, `team_points`, `team_affiliation_id`, `is_personal_best`, `is_season_type_best`)
  VALUES (474078, 1, 1, 0, 0, 563.0, 563.0, 2, 7, 46, 82961, 27646, 685, 57517, 1, '2016-11-22 18:32:36', '2016-11-22 18:32:36', NULL, 0.0, 0.0, 0.0, 2641, 0, 0);

INSERT INTO `meeting_individual_results` (`id`, `rank`, `is_play_off`, `is_out_of_race`, `is_disqualified`, `standard_points`, `meeting_individual_points`, `minutes`, `seconds`, `hundreds`, `meeting_program_id`, `swimmer_id`, `team_id`, `badge_id`, `user_id`, `created_at`, `updated_at`, `disqualification_code_type_id`, `goggle_cup_points`, `reaction_time`, `team_points`, `team_affiliation_id`, `is_personal_best`, `is_season_type_best`)
  VALUES (474079, 2, 1, 0, 0, 539.43, 539.43, 2, 13, 3, 82961, 24283, 321, 58507, 1, '2016-11-22 18:32:36', '2016-11-22 18:32:36', NULL, 0.0, 0.0, 0.0, 2643, 0, 0);

INSERT INTO `meeting_individual_results` (`id`, `rank`, `is_play_off`, `is_out_of_race`, `is_disqualified`, `standard_points`, `meeting_individual_points`, `minutes`, `seconds`, `hundreds`, `meeting_program_id`, `swimmer_id`, `team_id`, `badge_id`, `user_id`, `created_at`, `updated_at`, `disqualification_code_type_id`, `goggle_cup_points`, `reaction_time`, `team_points`, `team_affiliation_id`, `is_personal_best`, `is_season_type_best`)
  VALUES (474080, 1, 1, 0, 0, 509.74, 509.74, 2, 27, 35, 82962, 18660, 54, 58255, 1, '2016-11-22 18:32:36', '2016-11-22 18:32:36', NULL, 0.0, 0.0, 0.0, 2673, 0, 0);

INSERT INTO `meeting_individual_results` (`id`, `rank`, `is_play_off`, `is_out_of_race`, `is_disqualified`, `standard_points`, `meeting_individual_points`, `minutes`, `seconds`, `hundreds`, `meeting_program_id`, `swimmer_id`, `team_id`, `badge_id`, `user_id`, `created_at`, `updated_at`, `disqualification_code_type_id`, `goggle_cup_points`, `reaction_time`, `team_points`, `team_affiliation_id`, `is_personal_best`, `is_season_type_best`)
  VALUES (474081, 1, 1, 0, 0, 791.57, 791.57, 1, 39, 46, 82963, 4713, 54, 58164, 1, '2016-11-22 18:32:36', '2016-11-22 18:32:36', NULL, 0.0, 0.0, 0.0, 2673, 0, 0);

INSERT INTO `meeting_individual_results` (`id`, `rank`, `is_play_off`, `is_out_of_race`, `is_disqualified`, `standard_points`, `meeting_individual_points`, `minutes`, `seconds`, `hundreds`, `meeting_program_id`, `swimmer_id`, `team_id`, `badge_id`, `user_id`, `created_at`, `updated_at`, `disqualification_code_type_id`, `goggle_cup_points`, `reaction_time`, `team_points`, `team_affiliation_id`, `is_personal_best`, `is_season_type_best`)
  VALUES (474082, 1, 1, 0, 0, 724.52, 724.52, 2, 9, 1, 82964, 1916, 741, 58259, 1, '2016-11-22 18:32:36', '2016-11-22 18:32:36', NULL, 0.0, 0.0, 0.0, 2683, 0, 0);

INSERT INTO `meeting_individual_results` (`id`, `rank`, `is_play_off`, `is_out_of_race`, `is_disqualified`, `standard_points`, `meeting_individual_points`, `minutes`, `seconds`, `hundreds`, `meeting_program_id`, `swimmer_id`, `team_id`, `badge_id`, `user_id`, `created_at`, `updated_at`, `disqualification_code_type_id`, `goggle_cup_points`, `reaction_time`, `team_points`, `team_affiliation_id`, `is_personal_best`, `is_season_type_best`)
  VALUES (474083, 1, 1, 0, 0, 690.46, 690.46, 2, 51, 3, 82965, 7908, 741, 58389, 1, '2016-11-22 18:32:37', '2016-11-22 18:32:37', NULL, 0.0, 0.0, 0.0, 2683, 0, 0);

INSERT INTO `meeting_individual_results` (`id`, `rank`, `is_play_off`, `is_out_of_race`, `is_disqualified`, `standard_points`, `meeting_individual_points`, `minutes`, `seconds`, `hundreds`, `meeting_program_id`, `swimmer_id`, `team_id`, `badge_id`, `user_id`, `created_at`, `updated_at`, `disqualification_code_type_id`, `goggle_cup_points`, `reaction_time`, `team_points`, `team_affiliation_id`, `is_personal_best`, `is_season_type_best`)
  VALUES (474084, 1, 1, 0, 0, 800.52, 800.52, 1, 16, 30, 82966, 6928, 741, 58263, 1, '2016-11-22 18:32:37', '2016-11-22 18:32:37', NULL, 0.0, 0.0, 0.0, 2683, 0, 0);

INSERT INTO `meeting_individual_results` (`id`, `rank`, `is_play_off`, `is_out_of_race`, `is_disqualified`, `standard_points`, `meeting_individual_points`, `minutes`, `seconds`, `hundreds`, `meeting_program_id`, `swimmer_id`, `team_id`, `badge_id`, `user_id`, `created_at`, `updated_at`, `disqualification_code_type_id`, `goggle_cup_points`, `reaction_time`, `team_points`, `team_affiliation_id`, `is_personal_best`, `is_season_type_best`)
  VALUES (474085, 2, 1, 0, 0, 708.09, 708.09, 1, 26, 26, 82966, 28513, 366, 62549, 1, '2016-11-22 18:32:37', '2016-11-22 18:32:37', NULL, 0.0, 0.0, 0.0, 2855, 0, 0);

INSERT INTO `meeting_individual_results` (`id`, `rank`, `is_play_off`, `is_out_of_race`, `is_disqualified`, `standard_points`, `meeting_individual_points`, `minutes`, `seconds`, `hundreds`, `meeting_program_id`, `swimmer_id`, `team_id`, `badge_id`, `user_id`, `created_at`, `updated_at`, `disqualification_code_type_id`, `goggle_cup_points`, `reaction_time`, `team_points`, `team_affiliation_id`, `is_personal_best`, `is_season_type_best`)
  VALUES (474086, 3, 1, 0, 0, 613.87, 613.87, 1, 39, 50, 82966, 27626, 685, 57522, 1, '2016-11-22 18:32:37', '2016-11-22 18:32:37', NULL, 0.0, 0.0, 0.0, 2641, 0, 0);

INSERT INTO `meeting_individual_results` (`id`, `rank`, `is_play_off`, `is_out_of_race`, `is_disqualified`, `standard_points`, `meeting_individual_points`, `minutes`, `seconds`, `hundreds`, `meeting_program_id`, `swimmer_id`, `team_id`, `badge_id`, `user_id`, `created_at`, `updated_at`, `disqualification_code_type_id`, `goggle_cup_points`, `reaction_time`, `team_points`, `team_affiliation_id`, `is_personal_best`, `is_season_type_best`)
  VALUES (474087, 1, 1, 0, 0, 792.84, 792.84, 1, 17, 9, 82967, 27802, 741, 58518, 1, '2016-11-22 18:32:37', '2016-11-22 18:32:37', NULL, 0.0, 0.0, 0.0, 2683, 0, 0);

INSERT INTO `meeting_individual_results` (`id`, `rank`, `is_play_off`, `is_out_of_race`, `is_disqualified`, `standard_points`, `meeting_individual_points`, `minutes`, `seconds`, `hundreds`, `meeting_program_id`, `swimmer_id`, `team_id`, `badge_id`, `user_id`, `created_at`, `updated_at`, `disqualification_code_type_id`, `goggle_cup_points`, `reaction_time`, `team_points`, `team_affiliation_id`, `is_personal_best`, `is_season_type_best`)
  VALUES (474088, 1, 1, 0, 0, 781.2, 781.2, 1, 20, 12, 82968, 6715, 366, 62551, 1, '2016-11-22 18:32:37', '2016-11-22 18:32:37', NULL, 0.0, 0.0, 0.0, 2855, 0, 0);

INSERT INTO `meeting_individual_results` (`id`, `rank`, `is_play_off`, `is_out_of_race`, `is_disqualified`, `standard_points`, `meeting_individual_points`, `minutes`, `seconds`, `hundreds`, `meeting_program_id`, `swimmer_id`, `team_id`, `badge_id`, `user_id`, `created_at`, `updated_at`, `disqualification_code_type_id`, `goggle_cup_points`, `reaction_time`, `team_points`, `team_affiliation_id`, `is_personal_best`, `is_season_type_best`)
  VALUES (474089, 1, 1, 0, 0, 752.55, 752.55, 1, 24, 22, 82969, 23184, 298, 62559, 1, '2016-11-22 18:32:37', '2016-11-22 18:32:37', NULL, 0.0, 0.0, 0.0, 2852, 0, 0);

INSERT INTO `meeting_individual_results` (`id`, `rank`, `is_play_off`, `is_out_of_race`, `is_disqualified`, `standard_points`, `meeting_individual_points`, `minutes`, `seconds`, `hundreds`, `meeting_program_id`, `swimmer_id`, `team_id`, `badge_id`, `user_id`, `created_at`, `updated_at`, `disqualification_code_type_id`, `goggle_cup_points`, `reaction_time`, `team_points`, `team_affiliation_id`, `is_personal_best`, `is_season_type_best`)
  VALUES (474090, 2, 1, 0, 0, 726.09, 726.09, 1, 27, 29, 82969, 23189, 298, 62560, 1, '2016-11-22 18:32:37', '2016-11-22 18:32:37', NULL, 0.0, 0.0, 0.0, 2852, 0, 0);

INSERT INTO `meeting_individual_results` (`id`, `rank`, `is_play_off`, `is_out_of_race`, `is_disqualified`, `standard_points`, `meeting_individual_points`, `minutes`, `seconds`, `hundreds`, `meeting_program_id`, `swimmer_id`, `team_id`, `badge_id`, `user_id`, `created_at`, `updated_at`, `disqualification_code_type_id`, `goggle_cup_points`, `reaction_time`, `team_points`, `team_affiliation_id`, `is_personal_best`, `is_season_type_best`)
  VALUES (474091, 3, 1, 0, 0, 659.25, 659.25, 1, 36, 14, 82969, 13100, 297, 58526, 1, '2016-11-22 18:32:37', '2016-11-22 18:32:37', NULL, 0.0, 0.0, 0.0, 2677, 0, 0);

INSERT INTO `meeting_individual_results` (`id`, `rank`, `is_play_off`, `is_out_of_race`, `is_disqualified`, `standard_points`, `meeting_individual_points`, `minutes`, `seconds`, `hundreds`, `meeting_program_id`, `swimmer_id`, `team_id`, `badge_id`, `user_id`, `created_at`, `updated_at`, `disqualification_code_type_id`, `goggle_cup_points`, `reaction_time`, `team_points`, `team_affiliation_id`, `is_personal_best`, `is_season_type_best`)
  VALUES (474092, 1, 1, 0, 0, 637.46, 637.46, 1, 42, 3, 82970, 13134, 321, 58224, 1, '2016-11-22 18:32:37', '2016-11-22 18:32:37', NULL, 0.0, 0.0, 0.0, 2643, 0, 0);

INSERT INTO `meeting_individual_results` (`id`, `rank`, `is_play_off`, `is_out_of_race`, `is_disqualified`, `standard_points`, `meeting_individual_points`, `minutes`, `seconds`, `hundreds`, `meeting_program_id`, `swimmer_id`, `team_id`, `badge_id`, `user_id`, `created_at`, `updated_at`, `disqualification_code_type_id`, `goggle_cup_points`, `reaction_time`, `team_points`, `team_affiliation_id`, `is_personal_best`, `is_season_type_best`)
  VALUES (474093, 2, 1, 0, 0, 610.88, 610.88, 1, 46, 47, 82970, 19566, 716, 58333, 1, '2016-11-22 18:32:37', '2016-11-22 18:32:37', NULL, 0.0, 0.0, 0.0, 2498, 0, 0);

INSERT INTO `meeting_individual_results` (`id`, `rank`, `is_play_off`, `is_out_of_race`, `is_disqualified`, `standard_points`, `meeting_individual_points`, `minutes`, `seconds`, `hundreds`, `meeting_program_id`, `swimmer_id`, `team_id`, `badge_id`, `user_id`, `created_at`, `updated_at`, `disqualification_code_type_id`, `goggle_cup_points`, `reaction_time`, `team_points`, `team_affiliation_id`, `is_personal_best`, `is_season_type_best`)
  VALUES (474094, 1, 1, 0, 0, 800.56, 800.56, 1, 26, 19, 82971, 27217, 16, 58487, 1, '2016-11-22 18:32:37', '2016-11-22 18:32:37', NULL, 0.0, 0.0, 0.0, 2685, 0, 0);

INSERT INTO `meeting_individual_results` (`id`, `rank`, `is_play_off`, `is_out_of_race`, `is_disqualified`, `standard_points`, `meeting_individual_points`, `minutes`, `seconds`, `hundreds`, `meeting_program_id`, `swimmer_id`, `team_id`, `badge_id`, `user_id`, `created_at`, `updated_at`, `disqualification_code_type_id`, `goggle_cup_points`, `reaction_time`, `team_points`, `team_affiliation_id`, `is_personal_best`, `is_season_type_best`)
  VALUES (474095, 2, 1, 0, 0, 752.7, 752.7, 1, 31, 67, 82971, 7309, 320, 62561, 1, '2016-11-22 18:32:37', '2016-11-22 18:32:37', NULL, 0.0, 0.0, 0.0, 2699, 0, 0);

INSERT INTO `meeting_individual_results` (`id`, `rank`, `is_play_off`, `is_out_of_race`, `is_disqualified`, `standard_points`, `meeting_individual_points`, `minutes`, `seconds`, `hundreds`, `meeting_program_id`, `swimmer_id`, `team_id`, `badge_id`, `user_id`, `created_at`, `updated_at`, `disqualification_code_type_id`, `goggle_cup_points`, `reaction_time`, `team_points`, `team_affiliation_id`, `is_personal_best`, `is_season_type_best`)
  VALUES (474096, 3, 1, 0, 0, 715.54, 715.54, 1, 36, 43, 82971, 25494, 741, 58537, 1, '2016-11-22 18:32:37', '2016-11-22 18:32:37', NULL, 0.0, 0.0, 0.0, 2683, 0, 0);

INSERT INTO `meeting_individual_results` (`id`, `rank`, `is_play_off`, `is_out_of_race`, `is_disqualified`, `standard_points`, `meeting_individual_points`, `minutes`, `seconds`, `hundreds`, `meeting_program_id`, `swimmer_id`, `team_id`, `badge_id`, `user_id`, `created_at`, `updated_at`, `disqualification_code_type_id`, `goggle_cup_points`, `reaction_time`, `team_points`, `team_affiliation_id`, `is_personal_best`, `is_season_type_best`)
  VALUES (474097, 4, 1, 0, 0, 695.63, 695.63, 1, 39, 19, 82971, 1998, 716, 58282, 1, '2016-11-22 18:32:37', '2016-11-22 18:32:37', NULL, 0.0, 0.0, 0.0, 2498, 0, 0);

INSERT INTO `meeting_individual_results` (`id`, `rank`, `is_play_off`, `is_out_of_race`, `is_disqualified`, `standard_points`, `meeting_individual_points`, `minutes`, `seconds`, `hundreds`, `meeting_program_id`, `swimmer_id`, `team_id`, `badge_id`, `user_id`, `created_at`, `updated_at`, `disqualification_code_type_id`, `goggle_cup_points`, `reaction_time`, `team_points`, `team_affiliation_id`, `is_personal_best`, `is_season_type_best`)
  VALUES (474098, 1, 1, 0, 0, 838.23, 838.23, 1, 24, 38, 82972, 19534, 16, 58341, 1, '2016-11-22 18:32:37', '2016-11-22 18:32:37', NULL, 0.0, 0.0, 0.0, 2685, 0, 0);

INSERT INTO `meeting_individual_results` (`id`, `rank`, `is_play_off`, `is_out_of_race`, `is_disqualified`, `standard_points`, `meeting_individual_points`, `minutes`, `seconds`, `hundreds`, `meeting_program_id`, `swimmer_id`, `team_id`, `badge_id`, `user_id`, `created_at`, `updated_at`, `disqualification_code_type_id`, `goggle_cup_points`, `reaction_time`, `team_points`, `team_affiliation_id`, `is_personal_best`, `is_season_type_best`)
  VALUES (474099, 2, 1, 0, 0, 803.2, 803.2, 1, 28, 6, 82972, 3528, 991, 62538, 1, '2016-11-22 18:32:37', '2016-11-22 18:32:37', NULL, 0.0, 0.0, 0.0, 2749, 0, 0);

INSERT INTO `meeting_individual_results` (`id`, `rank`, `is_play_off`, `is_out_of_race`, `is_disqualified`, `standard_points`, `meeting_individual_points`, `minutes`, `seconds`, `hundreds`, `meeting_program_id`, `swimmer_id`, `team_id`, `badge_id`, `user_id`, `created_at`, `updated_at`, `disqualification_code_type_id`, `goggle_cup_points`, `reaction_time`, `team_points`, `team_affiliation_id`, `is_personal_best`, `is_season_type_best`)
  VALUES (474100, 3, 1, 0, 0, 751.57, 751.57, 1, 34, 11, 82972, 11488, 16, 58542, 1, '2016-11-22 18:32:37', '2016-11-22 18:32:37', NULL, 0.0, 0.0, 0.0, 2685, 0, 0);

INSERT INTO `meeting_individual_results` (`id`, `rank`, `is_play_off`, `is_out_of_race`, `is_disqualified`, `standard_points`, `meeting_individual_points`, `minutes`, `seconds`, `hundreds`, `meeting_program_id`, `swimmer_id`, `team_id`, `badge_id`, `user_id`, `created_at`, `updated_at`, `disqualification_code_type_id`, `goggle_cup_points`, `reaction_time`, `team_points`, `team_affiliation_id`, `is_personal_best`, `is_season_type_best`)
  VALUES (474101, 1, 1, 0, 0, 552.47, 552.47, 2, 13, 4, 82973, 27768, 321, 58547, 1, '2016-11-22 18:32:38', '2016-11-22 18:32:38', NULL, 0.0, 0.0, 0.0, 2643, 0, 0);

INSERT INTO `meeting_individual_results` (`id`, `rank`, `is_play_off`, `is_out_of_race`, `is_disqualified`, `standard_points`, `meeting_individual_points`, `minutes`, `seconds`, `hundreds`, `meeting_program_id`, `swimmer_id`, `team_id`, `badge_id`, `user_id`, `created_at`, `updated_at`, `disqualification_code_type_id`, `goggle_cup_points`, `reaction_time`, `team_points`, `team_affiliation_id`, `is_personal_best`, `is_season_type_best`)
  VALUES (474102, 1, 1, 0, 0, 830.52, 830.52, 1, 41, 13, 82974, 7344, 741, 58439, 1, '2016-11-22 18:32:38', '2016-11-22 18:32:38', NULL, 0.0, 0.0, 0.0, 2683, 0, 0);

INSERT INTO `meeting_individual_results` (`id`, `rank`, `is_play_off`, `is_out_of_race`, `is_disqualified`, `standard_points`, `meeting_individual_points`, `minutes`, `seconds`, `hundreds`, `meeting_program_id`, `swimmer_id`, `team_id`, `badge_id`, `user_id`, `created_at`, `updated_at`, `disqualification_code_type_id`, `goggle_cup_points`, `reaction_time`, `team_points`, `team_affiliation_id`, `is_personal_best`, `is_season_type_best`)
  VALUES (474103, 1, 1, 0, 0, 701.49, 701.49, 2, 6, 16, 82975, 9837, 741, 62557, 1, '2016-11-22 18:32:38', '2016-11-22 18:32:38', NULL, 0.0, 0.0, 0.0, 2683, 0, 0);

INSERT INTO `meeting_individual_results` (`id`, `rank`, `is_play_off`, `is_out_of_race`, `is_disqualified`, `standard_points`, `meeting_individual_points`, `minutes`, `seconds`, `hundreds`, `meeting_program_id`, `swimmer_id`, `team_id`, `badge_id`, `user_id`, `created_at`, `updated_at`, `disqualification_code_type_id`, `goggle_cup_points`, `reaction_time`, `team_points`, `team_affiliation_id`, `is_personal_best`, `is_season_type_best`)
  VALUES (474104, 1, 1, 0, 0, 809.46, 809.46, 1, 9, 80, 82976, 28503, 16, 62562, 1, '2016-11-22 18:32:38', '2016-11-22 18:32:38', NULL, 0.0, 0.0, 0.0, 2685, 0, 0);

INSERT INTO `meeting_individual_results` (`id`, `rank`, `is_play_off`, `is_out_of_race`, `is_disqualified`, `standard_points`, `meeting_individual_points`, `minutes`, `seconds`, `hundreds`, `meeting_program_id`, `swimmer_id`, `team_id`, `badge_id`, `user_id`, `created_at`, `updated_at`, `disqualification_code_type_id`, `goggle_cup_points`, `reaction_time`, `team_points`, `team_affiliation_id`, `is_personal_best`, `is_season_type_best`)
  VALUES (474105, 2, 1, 0, 0, 723.06, 723.06, 1, 18, 14, 82976, 1884, 716, 58504, 1, '2016-11-22 18:32:38', '2016-11-22 18:32:38', NULL, 0.0, 0.0, 0.0, 2498, 0, 0);

INSERT INTO `meeting_individual_results` (`id`, `rank`, `is_play_off`, `is_out_of_race`, `is_disqualified`, `standard_points`, `meeting_individual_points`, `minutes`, `seconds`, `hundreds`, `meeting_program_id`, `swimmer_id`, `team_id`, `badge_id`, `user_id`, `created_at`, `updated_at`, `disqualification_code_type_id`, `goggle_cup_points`, `reaction_time`, `team_points`, `team_affiliation_id`, `is_personal_best`, `is_season_type_best`)
  VALUES (474106, 3, 1, 0, 0, 638.35, 638.35, 1, 28, 51, 82976, 28041, 298, 62563, 1, '2016-11-22 18:32:38', '2016-11-22 18:32:38', NULL, 0.0, 0.0, 0.0, 2852, 0, 0);

INSERT INTO `meeting_individual_results` (`id`, `rank`, `is_play_off`, `is_out_of_race`, `is_disqualified`, `standard_points`, `meeting_individual_points`, `minutes`, `seconds`, `hundreds`, `meeting_program_id`, `swimmer_id`, `team_id`, `badge_id`, `user_id`, `created_at`, `updated_at`, `disqualification_code_type_id`, `goggle_cup_points`, `reaction_time`, `team_points`, `team_affiliation_id`, `is_personal_best`, `is_season_type_best`)
  VALUES (474107, 1, 1, 0, 0, 911.96, 911.96, 1, 3, 38, 82977, 3974, 716, 58247, 1, '2016-11-22 18:32:38', '2016-11-22 18:32:38', NULL, 0.0, 0.0, 0.0, 2498, 0, 0);

INSERT INTO `meeting_individual_results` (`id`, `rank`, `is_play_off`, `is_out_of_race`, `is_disqualified`, `standard_points`, `meeting_individual_points`, `minutes`, `seconds`, `hundreds`, `meeting_program_id`, `swimmer_id`, `team_id`, `badge_id`, `user_id`, `created_at`, `updated_at`, `disqualification_code_type_id`, `goggle_cup_points`, `reaction_time`, `team_points`, `team_affiliation_id`, `is_personal_best`, `is_season_type_best`)
  VALUES (474108, 1, 1, 0, 0, 792.53, 792.53, 1, 13, 89, 82978, 13091, 16, 58156, 1, '2016-11-22 18:32:38', '2016-11-22 18:32:38', NULL, 0.0, 0.0, 0.0, 2685, 0, 0);

INSERT INTO `meeting_individual_results` (`id`, `rank`, `is_play_off`, `is_out_of_race`, `is_disqualified`, `standard_points`, `meeting_individual_points`, `minutes`, `seconds`, `hundreds`, `meeting_program_id`, `swimmer_id`, `team_id`, `badge_id`, `user_id`, `created_at`, `updated_at`, `disqualification_code_type_id`, `goggle_cup_points`, `reaction_time`, `team_points`, `team_affiliation_id`, `is_personal_best`, `is_season_type_best`)
  VALUES (474109, 2, 1, 0, 0, 694.5, 694.5, 1, 24, 32, 82978, 7903, 741, 58301, 1, '2016-11-22 18:32:38', '2016-11-22 18:32:38', NULL, 0.0, 0.0, 0.0, 2683, 0, 0);

INSERT INTO `meeting_individual_results` (`id`, `rank`, `is_play_off`, `is_out_of_race`, `is_disqualified`, `standard_points`, `meeting_individual_points`, `minutes`, `seconds`, `hundreds`, `meeting_program_id`, `swimmer_id`, `team_id`, `badge_id`, `user_id`, `created_at`, `updated_at`, `disqualification_code_type_id`, `goggle_cup_points`, `reaction_time`, `team_points`, `team_affiliation_id`, `is_personal_best`, `is_season_type_best`)
  VALUES (474110, 3, 1, 0, 0, 623.05, 623.05, 1, 33, 99, 82978, 28507, 16, 62564, 1, '2016-11-22 18:32:38', '2016-11-22 18:32:38', NULL, 0.0, 0.0, 0.0, 2685, 0, 0);

INSERT INTO `meeting_individual_results` (`id`, `rank`, `is_play_off`, `is_out_of_race`, `is_disqualified`, `standard_points`, `meeting_individual_points`, `minutes`, `seconds`, `hundreds`, `meeting_program_id`, `swimmer_id`, `team_id`, `badge_id`, `user_id`, `created_at`, `updated_at`, `disqualification_code_type_id`, `goggle_cup_points`, `reaction_time`, `team_points`, `team_affiliation_id`, `is_personal_best`, `is_season_type_best`)
  VALUES (474111, 4, 1, 0, 0, 616.75, 616.75, 1, 34, 95, 82978, 27624, 685, 57226, 1, '2016-11-22 18:32:38', '2016-11-22 18:32:38', NULL, 0.0, 0.0, 0.0, 2641, 0, 0);

INSERT INTO `meeting_individual_results` (`id`, `rank`, `is_play_off`, `is_out_of_race`, `is_disqualified`, `standard_points`, `meeting_individual_points`, `minutes`, `seconds`, `hundreds`, `meeting_program_id`, `swimmer_id`, `team_id`, `badge_id`, `user_id`, `created_at`, `updated_at`, `disqualification_code_type_id`, `goggle_cup_points`, `reaction_time`, `team_points`, `team_affiliation_id`, `is_personal_best`, `is_season_type_best`)
  VALUES (474112, 1, 1, 0, 0, 812.99, 812.99, 1, 13, 58, 82979, 21078, 741, 58252, 1, '2016-11-22 18:32:38', '2016-11-22 18:32:38', NULL, 0.0, 0.0, 0.0, 2683, 0, 0);

INSERT INTO `meeting_individual_results` (`id`, `rank`, `is_play_off`, `is_out_of_race`, `is_disqualified`, `standard_points`, `meeting_individual_points`, `minutes`, `seconds`, `hundreds`, `meeting_program_id`, `swimmer_id`, `team_id`, `badge_id`, `user_id`, `created_at`, `updated_at`, `disqualification_code_type_id`, `goggle_cup_points`, `reaction_time`, `team_points`, `team_affiliation_id`, `is_personal_best`, `is_season_type_best`)
  VALUES (474113, 2, 1, 0, 0, 717.52, 717.52, 1, 23, 37, 82979, 6786, 741, 62565, 1, '2016-11-22 18:32:38', '2016-11-22 18:32:38', NULL, 0.0, 0.0, 0.0, 2683, 0, 0);

INSERT INTO `meeting_individual_results` (`id`, `rank`, `is_play_off`, `is_out_of_race`, `is_disqualified`, `standard_points`, `meeting_individual_points`, `minutes`, `seconds`, `hundreds`, `meeting_program_id`, `swimmer_id`, `team_id`, `badge_id`, `user_id`, `created_at`, `updated_at`, `disqualification_code_type_id`, `goggle_cup_points`, `reaction_time`, `team_points`, `team_affiliation_id`, `is_personal_best`, `is_season_type_best`)
  VALUES (474114, 1, 1, 0, 0, 730.53, 730.53, 1, 24, 35, 82980, 1900, 716, 55839, 1, '2016-11-22 18:32:38', '2016-11-22 18:32:38', NULL, 0.0, 0.0, 0.0, 2498, 0, 0);

INSERT INTO `meeting_individual_results` (`id`, `rank`, `is_play_off`, `is_out_of_race`, `is_disqualified`, `standard_points`, `meeting_individual_points`, `minutes`, `seconds`, `hundreds`, `meeting_program_id`, `swimmer_id`, `team_id`, `badge_id`, `user_id`, `created_at`, `updated_at`, `disqualification_code_type_id`, `goggle_cup_points`, `reaction_time`, `team_points`, `team_affiliation_id`, `is_personal_best`, `is_season_type_best`)
  VALUES (474115, 2, 1, 0, 0, 547.1, 547.1, 1, 52, 63, 82980, 5075, 320, 62566, 1, '2016-11-22 18:32:38', '2016-11-22 18:32:38', NULL, 0.0, 0.0, 0.0, 2699, 0, 0);

INSERT INTO `meeting_individual_results` (`id`, `rank`, `is_play_off`, `is_out_of_race`, `is_disqualified`, `standard_points`, `meeting_individual_points`, `minutes`, `seconds`, `hundreds`, `meeting_program_id`, `swimmer_id`, `team_id`, `badge_id`, `user_id`, `created_at`, `updated_at`, `disqualification_code_type_id`, `goggle_cup_points`, `reaction_time`, `team_points`, `team_affiliation_id`, `is_personal_best`, `is_season_type_best`)
  VALUES (474116, 1, 1, 0, 0, 709.1, 709.1, 1, 41, 41, 82981, 1915, 741, 58305, 1, '2016-11-22 18:32:38', '2016-11-22 18:32:38', NULL, 0.0, 0.0, 0.0, 2683, 0, 0);

INSERT INTO `meeting_individual_results` (`id`, `rank`, `is_play_off`, `is_out_of_race`, `is_disqualified`, `standard_points`, `meeting_individual_points`, `minutes`, `seconds`, `hundreds`, `meeting_program_id`, `swimmer_id`, `team_id`, `badge_id`, `user_id`, `created_at`, `updated_at`, `disqualification_code_type_id`, `goggle_cup_points`, `reaction_time`, `team_points`, `team_affiliation_id`, `is_personal_best`, `is_season_type_best`)
  VALUES (474117, 1, 1, 0, 0, 930.01, 930.01, 0, 53, 1, 82982, 1927, 716, 58175, 1, '2016-11-22 18:32:38', '2016-11-22 18:32:38', NULL, 0.0, 0.0, 0.0, 2498, 0, 0);

INSERT INTO `meeting_individual_results` (`id`, `rank`, `is_play_off`, `is_out_of_race`, `is_disqualified`, `standard_points`, `meeting_individual_points`, `minutes`, `seconds`, `hundreds`, `meeting_program_id`, `swimmer_id`, `team_id`, `badge_id`, `user_id`, `created_at`, `updated_at`, `disqualification_code_type_id`, `goggle_cup_points`, `reaction_time`, `team_points`, `team_affiliation_id`, `is_personal_best`, `is_season_type_best`)
  VALUES (474118, 2, 1, 0, 0, 801.37, 801.37, 1, 1, 52, 82982, 9849, 609, 62567, 1, '2016-11-22 18:32:38', '2016-11-22 18:32:38', NULL, 0.0, 0.0, 0.0, 2853, 0, 0);

INSERT INTO `meeting_individual_results` (`id`, `rank`, `is_play_off`, `is_out_of_race`, `is_disqualified`, `standard_points`, `meeting_individual_points`, `minutes`, `seconds`, `hundreds`, `meeting_program_id`, `swimmer_id`, `team_id`, `badge_id`, `user_id`, `created_at`, `updated_at`, `disqualification_code_type_id`, `goggle_cup_points`, `reaction_time`, `team_points`, `team_affiliation_id`, `is_personal_best`, `is_season_type_best`)
  VALUES (474119, 3, 1, 0, 0, 657.77, 657.77, 1, 14, 95, 82982, 22517, 297, 62568, 1, '2016-11-22 18:32:39', '2016-11-22 18:32:39', NULL, 0.0, 0.0, 0.0, 2677, 0, 0);

INSERT INTO `meeting_individual_results` (`id`, `rank`, `is_play_off`, `is_out_of_race`, `is_disqualified`, `standard_points`, `meeting_individual_points`, `minutes`, `seconds`, `hundreds`, `meeting_program_id`, `swimmer_id`, `team_id`, `badge_id`, `user_id`, `created_at`, `updated_at`, `disqualification_code_type_id`, `goggle_cup_points`, `reaction_time`, `team_points`, `team_affiliation_id`, `is_personal_best`, `is_season_type_best`)
  VALUES (474120, 1, 1, 0, 0, 839.16, 839.16, 0, 58, 94, 82983, 17700, 16, 62569, 1, '2016-11-22 18:32:39', '2016-11-22 18:32:39', NULL, 0.0, 0.0, 0.0, 2685, 0, 0);

INSERT INTO `meeting_individual_results` (`id`, `rank`, `is_play_off`, `is_out_of_race`, `is_disqualified`, `standard_points`, `meeting_individual_points`, `minutes`, `seconds`, `hundreds`, `meeting_program_id`, `swimmer_id`, `team_id`, `badge_id`, `user_id`, `created_at`, `updated_at`, `disqualification_code_type_id`, `goggle_cup_points`, `reaction_time`, `team_points`, `team_affiliation_id`, `is_personal_best`, `is_season_type_best`)
  VALUES (474121, 2, 1, 0, 0, 771.49, 771.49, 1, 4, 11, 82983, 19585, 424, 62570, 1, '2016-11-22 18:32:39', '2016-11-22 18:32:39', NULL, 0.0, 0.0, 0.0, 2675, 0, 0);

INSERT INTO `meeting_individual_results` (`id`, `rank`, `is_play_off`, `is_out_of_race`, `is_disqualified`, `standard_points`, `meeting_individual_points`, `minutes`, `seconds`, `hundreds`, `meeting_program_id`, `swimmer_id`, `team_id`, `badge_id`, `user_id`, `created_at`, `updated_at`, `disqualification_code_type_id`, `goggle_cup_points`, `reaction_time`, `team_points`, `team_affiliation_id`, `is_personal_best`, `is_season_type_best`)
  VALUES (474122, 3, 1, 0, 0, 664.78, 664.78, 1, 14, 40, 82983, 27733, 374, 58191, 1, '2016-11-22 18:32:39', '2016-11-22 18:32:39', NULL, 0.0, 0.0, 0.0, 2679, 0, 0);

INSERT INTO `meeting_individual_results` (`id`, `rank`, `is_play_off`, `is_out_of_race`, `is_disqualified`, `standard_points`, `meeting_individual_points`, `minutes`, `seconds`, `hundreds`, `meeting_program_id`, `swimmer_id`, `team_id`, `badge_id`, `user_id`, `created_at`, `updated_at`, `disqualification_code_type_id`, `goggle_cup_points`, `reaction_time`, `team_points`, `team_affiliation_id`, `is_personal_best`, `is_season_type_best`)
  VALUES (474123, 1, 1, 0, 0, 836.4, 836.4, 1, 0, 88, 82984, 5601, 716, 58398, 1, '2016-11-22 18:32:39', '2016-11-22 18:32:39', NULL, 0.0, 0.0, 0.0, 2498, 0, 0);

INSERT INTO `meeting_individual_results` (`id`, `rank`, `is_play_off`, `is_out_of_race`, `is_disqualified`, `standard_points`, `meeting_individual_points`, `minutes`, `seconds`, `hundreds`, `meeting_program_id`, `swimmer_id`, `team_id`, `badge_id`, `user_id`, `created_at`, `updated_at`, `disqualification_code_type_id`, `goggle_cup_points`, `reaction_time`, `team_points`, `team_affiliation_id`, `is_personal_best`, `is_season_type_best`)
  VALUES (474124, 2, 1, 0, 0, 824.62, 824.62, 1, 1, 75, 82984, 6779, 741, 58470, 1, '2016-11-22 18:32:39', '2016-11-22 18:32:39', NULL, 0.0, 0.0, 0.0, 2683, 0, 0);

INSERT INTO `meeting_individual_results` (`id`, `rank`, `is_play_off`, `is_out_of_race`, `is_disqualified`, `standard_points`, `meeting_individual_points`, `minutes`, `seconds`, `hundreds`, `meeting_program_id`, `swimmer_id`, `team_id`, `badge_id`, `user_id`, `created_at`, `updated_at`, `disqualification_code_type_id`, `goggle_cup_points`, `reaction_time`, `team_points`, `team_affiliation_id`, `is_personal_best`, `is_season_type_best`)
  VALUES (474125, 3, 1, 0, 0, 766.41, 766.41, 1, 6, 44, 82984, 18575, 741, 58318, 1, '2016-11-22 18:32:39', '2016-11-22 18:32:39', NULL, 0.0, 0.0, 0.0, 2683, 0, 0);

INSERT INTO `meeting_individual_results` (`id`, `rank`, `is_play_off`, `is_out_of_race`, `is_disqualified`, `standard_points`, `meeting_individual_points`, `minutes`, `seconds`, `hundreds`, `meeting_program_id`, `swimmer_id`, `team_id`, `badge_id`, `user_id`, `created_at`, `updated_at`, `disqualification_code_type_id`, `goggle_cup_points`, `reaction_time`, `team_points`, `team_affiliation_id`, `is_personal_best`, `is_season_type_best`)
  VALUES (474126, 4, 1, 0, 0, 745.53, 745.53, 1, 8, 30, 82984, 24797, 321, 58319, 1, '2016-11-22 18:32:39', '2016-11-22 18:32:39', NULL, 0.0, 0.0, 0.0, 2643, 0, 0);

INSERT INTO `meeting_individual_results` (`id`, `rank`, `is_play_off`, `is_out_of_race`, `is_disqualified`, `standard_points`, `meeting_individual_points`, `minutes`, `seconds`, `hundreds`, `meeting_program_id`, `swimmer_id`, `team_id`, `badge_id`, `user_id`, `created_at`, `updated_at`, `disqualification_code_type_id`, `goggle_cup_points`, `reaction_time`, `team_points`, `team_affiliation_id`, `is_personal_best`, `is_season_type_best`)
  VALUES (474127, 5, 1, 0, 0, 706.24, 706.24, 1, 12, 10, 82984, 27727, 741, 58199, 1, '2016-11-22 18:32:39', '2016-11-22 18:32:39', NULL, 0.0, 0.0, 0.0, 2683, 0, 0);

INSERT INTO `meeting_individual_results` (`id`, `rank`, `is_play_off`, `is_out_of_race`, `is_disqualified`, `standard_points`, `meeting_individual_points`, `minutes`, `seconds`, `hundreds`, `meeting_program_id`, `swimmer_id`, `team_id`, `badge_id`, `user_id`, `created_at`, `updated_at`, `disqualification_code_type_id`, `goggle_cup_points`, `reaction_time`, `team_points`, `team_affiliation_id`, `is_personal_best`, `is_season_type_best`)
  VALUES (474128, 1, 1, 0, 0, 799.91, 799.91, 1, 4, 52, 82985, 23184, 298, 62559, 1, '2016-11-22 18:32:39', '2016-11-22 18:32:39', NULL, 0.0, 0.0, 0.0, 2852, 0, 0);

INSERT INTO `meeting_individual_results` (`id`, `rank`, `is_play_off`, `is_out_of_race`, `is_disqualified`, `standard_points`, `meeting_individual_points`, `minutes`, `seconds`, `hundreds`, `meeting_program_id`, `swimmer_id`, `team_id`, `badge_id`, `user_id`, `created_at`, `updated_at`, `disqualification_code_type_id`, `goggle_cup_points`, `reaction_time`, `team_points`, `team_affiliation_id`, `is_personal_best`, `is_season_type_best`)
  VALUES (474129, 2, 1, 0, 0, 790.35, 790.35, 1, 5, 30, 82985, 1948, 716, 55891, 1, '2016-11-22 18:32:39', '2016-11-22 18:32:39', NULL, 0.0, 0.0, 0.0, 2498, 0, 0);

INSERT INTO `meeting_individual_results` (`id`, `rank`, `is_play_off`, `is_out_of_race`, `is_disqualified`, `standard_points`, `meeting_individual_points`, `minutes`, `seconds`, `hundreds`, `meeting_program_id`, `swimmer_id`, `team_id`, `badge_id`, `user_id`, `created_at`, `updated_at`, `disqualification_code_type_id`, `goggle_cup_points`, `reaction_time`, `team_points`, `team_affiliation_id`, `is_personal_best`, `is_season_type_best`)
  VALUES (474130, 3, 1, 0, 0, 734.77, 734.77, 1, 10, 24, 82985, 6749, 16, 58206, 1, '2016-11-22 18:32:39', '2016-11-22 18:32:39', NULL, 0.0, 0.0, 0.0, 2685, 0, 0);

INSERT INTO `meeting_individual_results` (`id`, `rank`, `is_play_off`, `is_out_of_race`, `is_disqualified`, `standard_points`, `meeting_individual_points`, `minutes`, `seconds`, `hundreds`, `meeting_program_id`, `swimmer_id`, `team_id`, `badge_id`, `user_id`, `created_at`, `updated_at`, `disqualification_code_type_id`, `goggle_cup_points`, `reaction_time`, `team_points`, `team_affiliation_id`, `is_personal_best`, `is_season_type_best`)
  VALUES (474131, 4, 1, 0, 0, 723.94, 723.94, 1, 11, 29, 82985, 5252, 321, 58325, 1, '2016-11-22 18:32:39', '2016-11-22 18:32:39', NULL, 0.0, 0.0, 0.0, 2643, 0, 0);

INSERT INTO `meeting_individual_results` (`id`, `rank`, `is_play_off`, `is_out_of_race`, `is_disqualified`, `standard_points`, `meeting_individual_points`, `minutes`, `seconds`, `hundreds`, `meeting_program_id`, `swimmer_id`, `team_id`, `badge_id`, `user_id`, `created_at`, `updated_at`, `disqualification_code_type_id`, `goggle_cup_points`, `reaction_time`, `team_points`, `team_affiliation_id`, `is_personal_best`, `is_season_type_best`)
  VALUES (474132, 5, 1, 0, 0, 635.67, 635.67, 1, 21, 19, 82985, 21157, 321, 58326, 1, '2016-11-22 18:32:39', '2016-11-22 18:32:39', NULL, 0.0, 0.0, 0.0, 2643, 0, 0);

INSERT INTO `meeting_individual_results` (`id`, `rank`, `is_play_off`, `is_out_of_race`, `is_disqualified`, `standard_points`, `meeting_individual_points`, `minutes`, `seconds`, `hundreds`, `meeting_program_id`, `swimmer_id`, `team_id`, `badge_id`, `user_id`, `created_at`, `updated_at`, `disqualification_code_type_id`, `goggle_cup_points`, `reaction_time`, `team_points`, `team_affiliation_id`, `is_personal_best`, `is_season_type_best`)
  VALUES (474133, 6, 1, 0, 0, 581.26, 581.26, 1, 28, 79, 82985, 27749, 321, 58413, 1, '2016-11-22 18:32:39', '2016-11-22 18:32:39', NULL, 0.0, 0.0, 0.0, 2643, 0, 0);

INSERT INTO `meeting_individual_results` (`id`, `rank`, `is_play_off`, `is_out_of_race`, `is_disqualified`, `standard_points`, `meeting_individual_points`, `minutes`, `seconds`, `hundreds`, `meeting_program_id`, `swimmer_id`, `team_id`, `badge_id`, `user_id`, `created_at`, `updated_at`, `disqualification_code_type_id`, `goggle_cup_points`, `reaction_time`, `team_points`, `team_affiliation_id`, `is_personal_best`, `is_season_type_best`)
  VALUES (474134, 1, 1, 0, 0, 769.57, 769.57, 1, 8, 74, 82986, 7239, 716, 58484, 1, '2016-11-22 18:32:39', '2016-11-22 18:32:39', NULL, 0.0, 0.0, 0.0, 2498, 0, 0);

INSERT INTO `meeting_individual_results` (`id`, `rank`, `is_play_off`, `is_out_of_race`, `is_disqualified`, `standard_points`, `meeting_individual_points`, `minutes`, `seconds`, `hundreds`, `meeting_program_id`, `swimmer_id`, `team_id`, `badge_id`, `user_id`, `created_at`, `updated_at`, `disqualification_code_type_id`, `goggle_cup_points`, `reaction_time`, `team_points`, `team_affiliation_id`, `is_personal_best`, `is_season_type_best`)
  VALUES (474135, 2, 1, 0, 0, 769.34, 769.34, 1, 8, 76, 82986, 9793, 716, 55907, 1, '2016-11-22 18:32:40', '2016-11-22 18:32:40', NULL, 0.0, 0.0, 0.0, 2498, 0, 0);

INSERT INTO `meeting_individual_results` (`id`, `rank`, `is_play_off`, `is_out_of_race`, `is_disqualified`, `standard_points`, `meeting_individual_points`, `minutes`, `seconds`, `hundreds`, `meeting_program_id`, `swimmer_id`, `team_id`, `badge_id`, `user_id`, `created_at`, `updated_at`, `disqualification_code_type_id`, `goggle_cup_points`, `reaction_time`, `team_points`, `team_affiliation_id`, `is_personal_best`, `is_season_type_best`)
  VALUES (474136, 3, 1, 0, 0, 681.88, 681.88, 1, 17, 58, 82986, 6776, 716, 55915, 1, '2016-11-22 18:32:40', '2016-11-22 18:32:40', NULL, 0.0, 0.0, 0.0, 2498, 0, 0);

INSERT INTO `meeting_individual_results` (`id`, `rank`, `is_play_off`, `is_out_of_race`, `is_disqualified`, `standard_points`, `meeting_individual_points`, `minutes`, `seconds`, `hundreds`, `meeting_program_id`, `swimmer_id`, `team_id`, `badge_id`, `user_id`, `created_at`, `updated_at`, `disqualification_code_type_id`, `goggle_cup_points`, `reaction_time`, `team_points`, `team_affiliation_id`, `is_personal_best`, `is_season_type_best`)
  VALUES (474137, 4, 1, 0, 0, 671.06, 671.06, 1, 18, 83, 82986, 1982, 716, 62571, 1, '2016-11-22 18:32:40', '2016-11-22 18:32:40', NULL, 0.0, 0.0, 0.0, 2498, 0, 0);

INSERT INTO `meeting_individual_results` (`id`, `rank`, `is_play_off`, `is_out_of_race`, `is_disqualified`, `standard_points`, `meeting_individual_points`, `minutes`, `seconds`, `hundreds`, `meeting_program_id`, `swimmer_id`, `team_id`, `badge_id`, `user_id`, `created_at`, `updated_at`, `disqualification_code_type_id`, `goggle_cup_points`, `reaction_time`, `team_points`, `team_affiliation_id`, `is_personal_best`, `is_season_type_best`)
  VALUES (474138, 5, 1, 0, 0, 599.5, 599.5, 1, 28, 24, 82986, 24273, 321, 62572, 1, '2016-11-22 18:32:40', '2016-11-22 18:32:40', NULL, 0.0, 0.0, 0.0, 2643, 0, 0);

INSERT INTO `meeting_individual_results` (`id`, `rank`, `is_play_off`, `is_out_of_race`, `is_disqualified`, `standard_points`, `meeting_individual_points`, `minutes`, `seconds`, `hundreds`, `meeting_program_id`, `swimmer_id`, `team_id`, `badge_id`, `user_id`, `created_at`, `updated_at`, `disqualification_code_type_id`, `goggle_cup_points`, `reaction_time`, `team_points`, `team_affiliation_id`, `is_personal_best`, `is_season_type_best`)
  VALUES (474139, 6, 1, 0, 0, 549.1, 549.1, 1, 36, 34, 82986, 21866, 54, 62573, 1, '2016-11-22 18:32:40', '2016-11-22 18:32:40', NULL, 0.0, 0.0, 0.0, 2673, 0, 0);

INSERT INTO `meeting_individual_results` (`id`, `rank`, `is_play_off`, `is_out_of_race`, `is_disqualified`, `standard_points`, `meeting_individual_points`, `minutes`, `seconds`, `hundreds`, `meeting_program_id`, `swimmer_id`, `team_id`, `badge_id`, `user_id`, `created_at`, `updated_at`, `disqualification_code_type_id`, `goggle_cup_points`, `reaction_time`, `team_points`, `team_affiliation_id`, `is_personal_best`, `is_season_type_best`)
  VALUES (474140, 1, 1, 0, 0, 774.9, 774.9, 1, 10, 37, 82987, 19542, 54, 62574, 1, '2016-11-22 18:32:40', '2016-11-22 18:32:40', NULL, 0.0, 0.0, 0.0, 2673, 0, 0);

INSERT INTO `meeting_individual_results` (`id`, `rank`, `is_play_off`, `is_out_of_race`, `is_disqualified`, `standard_points`, `meeting_individual_points`, `minutes`, `seconds`, `hundreds`, `meeting_program_id`, `swimmer_id`, `team_id`, `badge_id`, `user_id`, `created_at`, `updated_at`, `disqualification_code_type_id`, `goggle_cup_points`, `reaction_time`, `team_points`, `team_affiliation_id`, `is_personal_best`, `is_season_type_best`)
  VALUES (474141, 2, 1, 0, 0, 744.34, 744.34, 1, 13, 26, 82987, 13153, 297, 58425, 1, '2016-11-22 18:32:40', '2016-11-22 18:32:40', NULL, 0.0, 0.0, 0.0, 2677, 0, 0);

INSERT INTO `meeting_individual_results` (`id`, `rank`, `is_play_off`, `is_out_of_race`, `is_disqualified`, `standard_points`, `meeting_individual_points`, `minutes`, `seconds`, `hundreds`, `meeting_program_id`, `swimmer_id`, `team_id`, `badge_id`, `user_id`, `created_at`, `updated_at`, `disqualification_code_type_id`, `goggle_cup_points`, `reaction_time`, `team_points`, `team_affiliation_id`, `is_personal_best`, `is_season_type_best`)
  VALUES (474142, 1, 1, 0, 0, 846.91, 846.91, 1, 6, 56, 82988, 19534, 16, 58341, 1, '2016-11-22 18:32:40', '2016-11-22 18:32:40', NULL, 0.0, 0.0, 0.0, 2685, 0, 0);

INSERT INTO `meeting_individual_results` (`id`, `rank`, `is_play_off`, `is_out_of_race`, `is_disqualified`, `standard_points`, `meeting_individual_points`, `minutes`, `seconds`, `hundreds`, `meeting_program_id`, `swimmer_id`, `team_id`, `badge_id`, `user_id`, `created_at`, `updated_at`, `disqualification_code_type_id`, `goggle_cup_points`, `reaction_time`, `team_points`, `team_affiliation_id`, `is_personal_best`, `is_season_type_best`)
  VALUES (474143, 2, 1, 0, 0, 771.66, 771.66, 1, 13, 5, 82988, 11488, 16, 58542, 1, '2016-11-22 18:32:40', '2016-11-22 18:32:40', NULL, 0.0, 0.0, 0.0, 2685, 0, 0);

INSERT INTO `meeting_individual_results` (`id`, `rank`, `is_play_off`, `is_out_of_race`, `is_disqualified`, `standard_points`, `meeting_individual_points`, `minutes`, `seconds`, `hundreds`, `meeting_program_id`, `swimmer_id`, `team_id`, `badge_id`, `user_id`, `created_at`, `updated_at`, `disqualification_code_type_id`, `goggle_cup_points`, `reaction_time`, `team_points`, `team_affiliation_id`, `is_personal_best`, `is_season_type_best`)
  VALUES (474144, 3, 1, 0, 0, 676.47, 676.47, 1, 23, 33, 82988, 9760, 741, 58433, 1, '2016-11-22 18:32:40', '2016-11-22 18:32:40', NULL, 0.0, 0.0, 0.0, 2683, 0, 0);

INSERT INTO `meeting_individual_results` (`id`, `rank`, `is_play_off`, `is_out_of_race`, `is_disqualified`, `standard_points`, `meeting_individual_points`, `minutes`, `seconds`, `hundreds`, `meeting_program_id`, `swimmer_id`, `team_id`, `badge_id`, `user_id`, `created_at`, `updated_at`, `disqualification_code_type_id`, `goggle_cup_points`, `reaction_time`, `team_points`, `team_affiliation_id`, `is_personal_best`, `is_season_type_best`)
  VALUES (474145, 1, 1, 0, 0, 950.82, 950.82, 1, 1, 61, 82989, 11451, 716, 55936, 1, '2016-11-22 18:32:40', '2016-11-22 18:32:40', NULL, 0.0, 0.0, 0.0, 2498, 0, 0);

INSERT INTO `meeting_individual_results` (`id`, `rank`, `is_play_off`, `is_out_of_race`, `is_disqualified`, `standard_points`, `meeting_individual_points`, `minutes`, `seconds`, `hundreds`, `meeting_program_id`, `swimmer_id`, `team_id`, `badge_id`, `user_id`, `created_at`, `updated_at`, `disqualification_code_type_id`, `goggle_cup_points`, `reaction_time`, `team_points`, `team_affiliation_id`, `is_personal_best`, `is_season_type_best`)
  VALUES (474146, 2, 1, 0, 0, 617.87, 617.87, 1, 34, 81, 82989, 27794, 321, 58560, 1, '2016-11-22 18:32:40', '2016-11-22 18:32:40', NULL, 0.0, 0.0, 0.0, 2643, 0, 0);

INSERT INTO `meeting_individual_results` (`id`, `rank`, `is_play_off`, `is_out_of_race`, `is_disqualified`, `standard_points`, `meeting_individual_points`, `minutes`, `seconds`, `hundreds`, `meeting_program_id`, `swimmer_id`, `team_id`, `badge_id`, `user_id`, `created_at`, `updated_at`, `disqualification_code_type_id`, `goggle_cup_points`, `reaction_time`, `team_points`, `team_affiliation_id`, `is_personal_best`, `is_season_type_best`)
  VALUES (474147, 1, 1, 0, 0, 0.0, 0.0, 0, 59, 48, 82990, 27026, 609, 62541, 1, '2016-11-22 18:32:41', '2016-11-22 18:32:41', NULL, 0.0, 0.0, 0.0, 2853, 0, 0);

INSERT INTO `meeting_individual_results` (`id`, `rank`, `is_play_off`, `is_out_of_race`, `is_disqualified`, `standard_points`, `meeting_individual_points`, `minutes`, `seconds`, `hundreds`, `meeting_program_id`, `swimmer_id`, `team_id`, `badge_id`, `user_id`, `created_at`, `updated_at`, `disqualification_code_type_id`, `goggle_cup_points`, `reaction_time`, `team_points`, `team_affiliation_id`, `is_personal_best`, `is_season_type_best`)
  VALUES (474148, 1, 1, 0, 0, 748.78, 748.78, 0, 38, 93, 82991, 28115, 741, 62575, 1, '2016-11-22 18:32:41', '2016-11-22 18:32:41', NULL, 0.0, 0.0, 0.0, 2683, 0, 0);

INSERT INTO `meeting_individual_results` (`id`, `rank`, `is_play_off`, `is_out_of_race`, `is_disqualified`, `standard_points`, `meeting_individual_points`, `minutes`, `seconds`, `hundreds`, `meeting_program_id`, `swimmer_id`, `team_id`, `badge_id`, `user_id`, `created_at`, `updated_at`, `disqualification_code_type_id`, `goggle_cup_points`, `reaction_time`, `team_points`, `team_affiliation_id`, `is_personal_best`, `is_season_type_best`)
  VALUES (474149, 1, 1, 0, 0, 778.43, 778.43, 0, 37, 73, 82992, 16168, 685, 57225, 1, '2016-11-22 18:32:41', '2016-11-22 18:32:41', NULL, 0.0, 0.0, 0.0, 2641, 0, 0);

INSERT INTO `meeting_individual_results` (`id`, `rank`, `is_play_off`, `is_out_of_race`, `is_disqualified`, `standard_points`, `meeting_individual_points`, `minutes`, `seconds`, `hundreds`, `meeting_program_id`, `swimmer_id`, `team_id`, `badge_id`, `user_id`, `created_at`, `updated_at`, `disqualification_code_type_id`, `goggle_cup_points`, `reaction_time`, `team_points`, `team_affiliation_id`, `is_personal_best`, `is_season_type_best`)
  VALUES (474150, 1, 1, 0, 0, 598.64, 598.64, 0, 49, 98, 82993, 6707, 321, 58299, 1, '2016-11-22 18:32:41', '2016-11-22 18:32:41', NULL, 0.0, 0.0, 0.0, 2643, 0, 0);

INSERT INTO `meeting_individual_results` (`id`, `rank`, `is_play_off`, `is_out_of_race`, `is_disqualified`, `standard_points`, `meeting_individual_points`, `minutes`, `seconds`, `hundreds`, `meeting_program_id`, `swimmer_id`, `team_id`, `badge_id`, `user_id`, `created_at`, `updated_at`, `disqualification_code_type_id`, `goggle_cup_points`, `reaction_time`, `team_points`, `team_affiliation_id`, `is_personal_best`, `is_season_type_best`)
  VALUES (474151, 1, 1, 0, 0, 877.7, 877.7, 0, 34, 67, 82994, 23195, 741, 58368, 1, '2016-11-22 18:32:41', '2016-11-22 18:32:41', NULL, 0.0, 0.0, 0.0, 2683, 0, 0);

INSERT INTO `meeting_individual_results` (`id`, `rank`, `is_play_off`, `is_out_of_race`, `is_disqualified`, `standard_points`, `meeting_individual_points`, `minutes`, `seconds`, `hundreds`, `meeting_program_id`, `swimmer_id`, `team_id`, `badge_id`, `user_id`, `created_at`, `updated_at`, `disqualification_code_type_id`, `goggle_cup_points`, `reaction_time`, `team_points`, `team_affiliation_id`, `is_personal_best`, `is_season_type_best`)
  VALUES (474152, 2, 1, 0, 0, 657.38, 657.38, 0, 46, 29, 82994, 27624, 685, 57226, 1, '2016-11-22 18:32:41', '2016-11-22 18:32:41', NULL, 0.0, 0.0, 0.0, 2641, 0, 0);

INSERT INTO `meeting_individual_results` (`id`, `rank`, `is_play_off`, `is_out_of_race`, `is_disqualified`, `standard_points`, `meeting_individual_points`, `minutes`, `seconds`, `hundreds`, `meeting_program_id`, `swimmer_id`, `team_id`, `badge_id`, `user_id`, `created_at`, `updated_at`, `disqualification_code_type_id`, `goggle_cup_points`, `reaction_time`, `team_points`, `team_affiliation_id`, `is_personal_best`, `is_season_type_best`)
  VALUES (474153, 1, 1, 0, 0, 723.07, 723.07, 0, 34, 63, 82995, 26954, 219, 62576, 1, '2016-11-22 18:32:41', '2016-11-22 18:32:41', NULL, 0.0, 0.0, 0.0, 2461, 0, 0);

INSERT INTO `meeting_individual_results` (`id`, `rank`, `is_play_off`, `is_out_of_race`, `is_disqualified`, `standard_points`, `meeting_individual_points`, `minutes`, `seconds`, `hundreds`, `meeting_program_id`, `swimmer_id`, `team_id`, `badge_id`, `user_id`, `created_at`, `updated_at`, `disqualification_code_type_id`, `goggle_cup_points`, `reaction_time`, `team_points`, `team_affiliation_id`, `is_personal_best`, `is_season_type_best`)
  VALUES (474154, 2, 1, 0, 0, 648.54, 648.54, 0, 38, 61, 82995, 24289, 321, 62577, 1, '2016-11-22 18:32:41', '2016-11-22 18:32:41', NULL, 0.0, 0.0, 0.0, 2643, 0, 0);

INSERT INTO `meeting_individual_results` (`id`, `rank`, `is_play_off`, `is_out_of_race`, `is_disqualified`, `standard_points`, `meeting_individual_points`, `minutes`, `seconds`, `hundreds`, `meeting_program_id`, `swimmer_id`, `team_id`, `badge_id`, `user_id`, `created_at`, `updated_at`, `disqualification_code_type_id`, `goggle_cup_points`, `reaction_time`, `team_points`, `team_affiliation_id`, `is_personal_best`, `is_season_type_best`)
  VALUES (474155, 1, 1, 0, 0, 453.85, 453.85, 0, 56, 1, 82996, 27783, 321, 58396, 1, '2016-11-22 18:32:41', '2016-11-22 18:32:41', NULL, 0.0, 0.0, 0.0, 2643, 0, 0);

INSERT INTO `meeting_individual_results` (`id`, `rank`, `is_play_off`, `is_out_of_race`, `is_disqualified`, `standard_points`, `meeting_individual_points`, `minutes`, `seconds`, `hundreds`, `meeting_program_id`, `swimmer_id`, `team_id`, `badge_id`, `user_id`, `created_at`, `updated_at`, `disqualification_code_type_id`, `goggle_cup_points`, `reaction_time`, `team_points`, `team_affiliation_id`, `is_personal_best`, `is_season_type_best`)
  VALUES (474156, 1, 1, 0, 0, 592.83, 592.83, 0, 44, 33, 82997, 6706, 366, 62578, 1, '2016-11-22 18:32:41', '2016-11-22 18:32:41', NULL, 0.0, 0.0, 0.0, 2855, 0, 0);

INSERT INTO `meeting_individual_results` (`id`, `rank`, `is_play_off`, `is_out_of_race`, `is_disqualified`, `standard_points`, `meeting_individual_points`, `minutes`, `seconds`, `hundreds`, `meeting_program_id`, `swimmer_id`, `team_id`, `badge_id`, `user_id`, `created_at`, `updated_at`, `disqualification_code_type_id`, `goggle_cup_points`, `reaction_time`, `team_points`, `team_affiliation_id`, `is_personal_best`, `is_season_type_best`)
  VALUES (474157, 1, 1, 0, 0, 550.46, 550.46, 0, 48, 45, 82998, 28516, 321, 62579, 1, '2016-11-22 18:32:41', '2016-11-22 18:32:41', NULL, 0.0, 0.0, 0.0, 2643, 0, 0);

INSERT INTO `meeting_individual_results` (`id`, `rank`, `is_play_off`, `is_out_of_race`, `is_disqualified`, `standard_points`, `meeting_individual_points`, `minutes`, `seconds`, `hundreds`, `meeting_program_id`, `swimmer_id`, `team_id`, `badge_id`, `user_id`, `created_at`, `updated_at`, `disqualification_code_type_id`, `goggle_cup_points`, `reaction_time`, `team_points`, `team_affiliation_id`, `is_personal_best`, `is_season_type_best`)
  VALUES (474158, 2, 1, 0, 0, 449.82, 449.82, 0, 59, 29, 82998, 27763, 321, 58414, 1, '2016-11-22 18:32:41', '2016-11-22 18:32:41', NULL, 0.0, 0.0, 0.0, 2643, 0, 0);

INSERT INTO `meeting_individual_results` (`id`, `rank`, `is_play_off`, `is_out_of_race`, `is_disqualified`, `standard_points`, `meeting_individual_points`, `minutes`, `seconds`, `hundreds`, `meeting_program_id`, `swimmer_id`, `team_id`, `badge_id`, `user_id`, `created_at`, `updated_at`, `disqualification_code_type_id`, `goggle_cup_points`, `reaction_time`, `team_points`, `team_affiliation_id`, `is_personal_best`, `is_season_type_best`)
  VALUES (474159, 1, 1, 0, 0, 824.95, 824.95, 0, 33, 2, 82999, 9894, 219, 62537, 1, '2016-11-22 18:32:41', '2016-11-22 18:32:41', NULL, 0.0, 0.0, 0.0, 2461, 0, 0);

INSERT INTO `meeting_individual_results` (`id`, `rank`, `is_play_off`, `is_out_of_race`, `is_disqualified`, `standard_points`, `meeting_individual_points`, `minutes`, `seconds`, `hundreds`, `meeting_program_id`, `swimmer_id`, `team_id`, `badge_id`, `user_id`, `created_at`, `updated_at`, `disqualification_code_type_id`, `goggle_cup_points`, `reaction_time`, `team_points`, `team_affiliation_id`, `is_personal_best`, `is_season_type_best`)
  VALUES (474160, 1, 1, 0, 0, 671.35, 671.35, 0, 46, 22, 83000, 24280, 321, 58492, 1, '2016-11-22 18:32:41', '2016-11-22 18:32:41', NULL, 0.0, 0.0, 0.0, 2643, 0, 0);

INSERT INTO `meeting_individual_results` (`id`, `rank`, `is_play_off`, `is_out_of_race`, `is_disqualified`, `standard_points`, `meeting_individual_points`, `minutes`, `seconds`, `hundreds`, `meeting_program_id`, `swimmer_id`, `team_id`, `badge_id`, `user_id`, `created_at`, `updated_at`, `disqualification_code_type_id`, `goggle_cup_points`, `reaction_time`, `team_points`, `team_affiliation_id`, `is_personal_best`, `is_season_type_best`)
  VALUES (474161, 1, 1, 0, 0, 722.38, 722.38, 0, 44, 99, 83001, 7273, 219, 62580, 1, '2016-11-22 18:32:41', '2016-11-22 18:32:41', NULL, 0.0, 0.0, 0.0, 2461, 0, 0);

INSERT INTO `meeting_individual_results` (`id`, `rank`, `is_play_off`, `is_out_of_race`, `is_disqualified`, `standard_points`, `meeting_individual_points`, `minutes`, `seconds`, `hundreds`, `meeting_program_id`, `swimmer_id`, `team_id`, `badge_id`, `user_id`, `created_at`, `updated_at`, `disqualification_code_type_id`, `goggle_cup_points`, `reaction_time`, `team_points`, `team_affiliation_id`, `is_personal_best`, `is_season_type_best`)
  VALUES (474162, 1, 1, 0, 0, 773.04, 773.04, 0, 52, 8, 83002, 7100, 219, 58440, 1, '2016-11-22 18:32:41', '2016-11-22 18:32:41', NULL, 0.0, 0.0, 0.0, 2461, 0, 0);

INSERT INTO `meeting_individual_results` (`id`, `rank`, `is_play_off`, `is_out_of_race`, `is_disqualified`, `standard_points`, `meeting_individual_points`, `minutes`, `seconds`, `hundreds`, `meeting_program_id`, `swimmer_id`, `team_id`, `badge_id`, `user_id`, `created_at`, `updated_at`, `disqualification_code_type_id`, `goggle_cup_points`, `reaction_time`, `team_points`, `team_affiliation_id`, `is_personal_best`, `is_season_type_best`)
  VALUES (474163, 1, 1, 0, 0, 851.68, 851.68, 0, 32, 16, 83003, 1872, 716, 55822, 1, '2016-11-22 18:32:41', '2016-11-22 18:32:41', NULL, 0.0, 0.0, 0.0, 2498, 0, 0);

INSERT INTO `meeting_individual_results` (`id`, `rank`, `is_play_off`, `is_out_of_race`, `is_disqualified`, `standard_points`, `meeting_individual_points`, `minutes`, `seconds`, `hundreds`, `meeting_program_id`, `swimmer_id`, `team_id`, `badge_id`, `user_id`, `created_at`, `updated_at`, `disqualification_code_type_id`, `goggle_cup_points`, `reaction_time`, `team_points`, `team_affiliation_id`, `is_personal_best`, `is_season_type_best`)
  VALUES (474164, 2, 1, 0, 0, 777.9, 777.9, 0, 35, 21, 83003, 28515, 366, 62545, 1, '2016-11-22 18:32:41', '2016-11-22 18:32:41', NULL, 0.0, 0.0, 0.0, 2855, 0, 0);

INSERT INTO `meeting_individual_results` (`id`, `rank`, `is_play_off`, `is_out_of_race`, `is_disqualified`, `standard_points`, `meeting_individual_points`, `minutes`, `seconds`, `hundreds`, `meeting_program_id`, `swimmer_id`, `team_id`, `badge_id`, `user_id`, `created_at`, `updated_at`, `disqualification_code_type_id`, `goggle_cup_points`, `reaction_time`, `team_points`, `team_affiliation_id`, `is_personal_best`, `is_season_type_best`)
  VALUES (474165, 1, 1, 0, 0, 799.72, 799.72, 0, 35, 65, 83004, 17438, 741, 58554, 1, '2016-11-22 18:32:42', '2016-11-22 18:32:42', NULL, 0.0, 0.0, 0.0, 2683, 0, 0);

INSERT INTO `meeting_individual_results` (`id`, `rank`, `is_play_off`, `is_out_of_race`, `is_disqualified`, `standard_points`, `meeting_individual_points`, `minutes`, `seconds`, `hundreds`, `meeting_program_id`, `swimmer_id`, `team_id`, `badge_id`, `user_id`, `created_at`, `updated_at`, `disqualification_code_type_id`, `goggle_cup_points`, `reaction_time`, `team_points`, `team_affiliation_id`, `is_personal_best`, `is_season_type_best`)
  VALUES (474166, 2, 1, 0, 0, 745.16, 745.16, 0, 38, 26, 83004, 7928, 424, 58248, 1, '2016-11-22 18:32:42', '2016-11-22 18:32:42', NULL, 0.0, 0.0, 0.0, 2675, 0, 0);

INSERT INTO `meeting_individual_results` (`id`, `rank`, `is_play_off`, `is_out_of_race`, `is_disqualified`, `standard_points`, `meeting_individual_points`, `minutes`, `seconds`, `hundreds`, `meeting_program_id`, `swimmer_id`, `team_id`, `badge_id`, `user_id`, `created_at`, `updated_at`, `disqualification_code_type_id`, `goggle_cup_points`, `reaction_time`, `team_points`, `team_affiliation_id`, `is_personal_best`, `is_season_type_best`)
  VALUES (474167, 1, 1, 0, 0, 842.01, 842.01, 0, 34, 18, 83005, 4919, 976, 58300, 1, '2016-11-22 18:32:42', '2016-11-22 18:32:42', NULL, 0.0, 0.0, 0.0, 2496, 0, 0);

INSERT INTO `meeting_individual_results` (`id`, `rank`, `is_play_off`, `is_out_of_race`, `is_disqualified`, `standard_points`, `meeting_individual_points`, `minutes`, `seconds`, `hundreds`, `meeting_program_id`, `swimmer_id`, `team_id`, `badge_id`, `user_id`, `created_at`, `updated_at`, `disqualification_code_type_id`, `goggle_cup_points`, `reaction_time`, `team_points`, `team_affiliation_id`, `is_personal_best`, `is_season_type_best`)
  VALUES (474168, 1, 1, 0, 0, 783.32, 783.32, 0, 37, 52, 83006, 21078, 741, 58252, 1, '2016-11-22 18:32:42', '2016-11-22 18:32:42', NULL, 0.0, 0.0, 0.0, 2683, 0, 0);

INSERT INTO `meeting_individual_results` (`id`, `rank`, `is_play_off`, `is_out_of_race`, `is_disqualified`, `standard_points`, `meeting_individual_points`, `minutes`, `seconds`, `hundreds`, `meeting_program_id`, `swimmer_id`, `team_id`, `badge_id`, `user_id`, `created_at`, `updated_at`, `disqualification_code_type_id`, `goggle_cup_points`, `reaction_time`, `team_points`, `team_affiliation_id`, `is_personal_best`, `is_season_type_best`)
  VALUES (474169, 2, 1, 0, 0, 529.36, 529.36, 0, 55, 52, 83006, 18660, 54, 58255, 1, '2016-11-22 18:32:42', '2016-11-22 18:32:42', NULL, 0.0, 0.0, 0.0, 2673, 0, 0);

INSERT INTO `meeting_individual_results` (`id`, `rank`, `is_play_off`, `is_out_of_race`, `is_disqualified`, `standard_points`, `meeting_individual_points`, `minutes`, `seconds`, `hundreds`, `meeting_program_id`, `swimmer_id`, `team_id`, `badge_id`, `user_id`, `created_at`, `updated_at`, `disqualification_code_type_id`, `goggle_cup_points`, `reaction_time`, `team_points`, `team_affiliation_id`, `is_personal_best`, `is_season_type_best`)
  VALUES (474170, 1, 1, 0, 0, 622.49, 622.49, 0, 48, 90, 83007, 1900, 716, 55839, 1, '2016-11-22 18:32:42', '2016-11-22 18:32:42', NULL, 0.0, 0.0, 0.0, 2498, 0, 0);

INSERT INTO `meeting_individual_results` (`id`, `rank`, `is_play_off`, `is_out_of_race`, `is_disqualified`, `standard_points`, `meeting_individual_points`, `minutes`, `seconds`, `hundreds`, `meeting_program_id`, `swimmer_id`, `team_id`, `badge_id`, `user_id`, `created_at`, `updated_at`, `disqualification_code_type_id`, `goggle_cup_points`, `reaction_time`, `team_points`, `team_affiliation_id`, `is_personal_best`, `is_season_type_best`)
  VALUES (474171, 2, 1, 0, 0, 603.13, 603.13, 0, 50, 47, 83007, 6877, 219, 55695, 1, '2016-11-22 18:32:42', '2016-11-22 18:32:42', NULL, 0.0, 0.0, 0.0, 2461, 0, 0);

INSERT INTO `meeting_individual_results` (`id`, `rank`, `is_play_off`, `is_out_of_race`, `is_disqualified`, `standard_points`, `meeting_individual_points`, `minutes`, `seconds`, `hundreds`, `meeting_program_id`, `swimmer_id`, `team_id`, `badge_id`, `user_id`, `created_at`, `updated_at`, `disqualification_code_type_id`, `goggle_cup_points`, `reaction_time`, `team_points`, `team_affiliation_id`, `is_personal_best`, `is_season_type_best`)
  VALUES (474172, 1, 1, 0, 0, 0.0, 0.0, 0, 35, 60, 83008, 22448, 219, 58260, 1, '2016-11-22 18:32:42', '2016-11-22 18:32:42', NULL, 0.0, 0.0, 0.0, 2461, 0, 0);

INSERT INTO `meeting_individual_results` (`id`, `rank`, `is_play_off`, `is_out_of_race`, `is_disqualified`, `standard_points`, `meeting_individual_points`, `minutes`, `seconds`, `hundreds`, `meeting_program_id`, `swimmer_id`, `team_id`, `badge_id`, `user_id`, `created_at`, `updated_at`, `disqualification_code_type_id`, `goggle_cup_points`, `reaction_time`, `team_points`, `team_affiliation_id`, `is_personal_best`, `is_season_type_best`)
  VALUES (474173, 1, 1, 0, 0, 835.08, 835.08, 0, 28, 62, 83009, 19529, 609, 62534, 1, '2016-11-22 18:32:42', '2016-11-22 18:32:42', NULL, 0.0, 0.0, 0.0, 2853, 0, 0);

INSERT INTO `meeting_individual_results` (`id`, `rank`, `is_play_off`, `is_out_of_race`, `is_disqualified`, `standard_points`, `meeting_individual_points`, `minutes`, `seconds`, `hundreds`, `meeting_program_id`, `swimmer_id`, `team_id`, `badge_id`, `user_id`, `created_at`, `updated_at`, `disqualification_code_type_id`, `goggle_cup_points`, `reaction_time`, `team_points`, `team_affiliation_id`, `is_personal_best`, `is_season_type_best`)
  VALUES (474174, 2, 1, 0, 0, 667.78, 667.78, 0, 35, 79, 83009, 28107, 321, 62550, 1, '2016-11-22 18:32:42', '2016-11-22 18:32:42', NULL, 0.0, 0.0, 0.0, 2643, 0, 0);

INSERT INTO `meeting_individual_results` (`id`, `rank`, `is_play_off`, `is_out_of_race`, `is_disqualified`, `standard_points`, `meeting_individual_points`, `minutes`, `seconds`, `hundreds`, `meeting_program_id`, `swimmer_id`, `team_id`, `badge_id`, `user_id`, `created_at`, `updated_at`, `disqualification_code_type_id`, `goggle_cup_points`, `reaction_time`, `team_points`, `team_affiliation_id`, `is_personal_best`, `is_season_type_best`)
  VALUES (474175, 1, 1, 0, 0, 775.08, 775.08, 0, 31, 30, 83010, 22519, 685, 62581, 1, '2016-11-22 18:32:42', '2016-11-22 18:32:42', NULL, 0.0, 0.0, 0.0, 2641, 0, 0);

INSERT INTO `meeting_individual_results` (`id`, `rank`, `is_play_off`, `is_out_of_race`, `is_disqualified`, `standard_points`, `meeting_individual_points`, `minutes`, `seconds`, `hundreds`, `meeting_program_id`, `swimmer_id`, `team_id`, `badge_id`, `user_id`, `created_at`, `updated_at`, `disqualification_code_type_id`, `goggle_cup_points`, `reaction_time`, `team_points`, `team_affiliation_id`, `is_personal_best`, `is_season_type_best`)
  VALUES (474176, 2, 1, 0, 0, 752.01, 752.01, 0, 32, 26, 83010, 17700, 16, 62569, 1, '2016-11-22 18:32:42', '2016-11-22 18:32:42', NULL, 0.0, 0.0, 0.0, 2685, 0, 0);

INSERT INTO `meeting_individual_results` (`id`, `rank`, `is_play_off`, `is_out_of_race`, `is_disqualified`, `standard_points`, `meeting_individual_points`, `minutes`, `seconds`, `hundreds`, `meeting_program_id`, `swimmer_id`, `team_id`, `badge_id`, `user_id`, `created_at`, `updated_at`, `disqualification_code_type_id`, `goggle_cup_points`, `reaction_time`, `team_points`, `team_affiliation_id`, `is_personal_best`, `is_season_type_best`)
  VALUES (474177, 1, 1, 0, 0, 719.81, 719.81, 0, 34, 12, 83011, 28510, 298, 62552, 1, '2016-11-22 18:32:42', '2016-11-22 18:32:42', NULL, 0.0, 0.0, 0.0, 2852, 0, 0);

INSERT INTO `meeting_individual_results` (`id`, `rank`, `is_play_off`, `is_out_of_race`, `is_disqualified`, `standard_points`, `meeting_individual_points`, `minutes`, `seconds`, `hundreds`, `meeting_program_id`, `swimmer_id`, `team_id`, `badge_id`, `user_id`, `created_at`, `updated_at`, `disqualification_code_type_id`, `goggle_cup_points`, `reaction_time`, `team_points`, `team_affiliation_id`, `is_personal_best`, `is_season_type_best`)
  VALUES (474178, 2, 1, 0, 0, 701.51, 701.51, 0, 35, 1, 83011, 5385, 321, 58269, 1, '2016-11-22 18:32:42', '2016-11-22 18:32:42', NULL, 0.0, 0.0, 0.0, 2643, 0, 0);

INSERT INTO `meeting_individual_results` (`id`, `rank`, `is_play_off`, `is_out_of_race`, `is_disqualified`, `standard_points`, `meeting_individual_points`, `minutes`, `seconds`, `hundreds`, `meeting_program_id`, `swimmer_id`, `team_id`, `badge_id`, `user_id`, `created_at`, `updated_at`, `disqualification_code_type_id`, `goggle_cup_points`, `reaction_time`, `team_points`, `team_affiliation_id`, `is_personal_best`, `is_season_type_best`)
  VALUES (474179, 3, 1, 0, 0, 671.77, 671.77, 0, 36, 56, 83011, 10747, 991, 62582, 1, '2016-11-22 18:32:42', '2016-11-22 18:32:42', NULL, 0.0, 0.0, 0.0, 2749, 0, 0);

INSERT INTO `meeting_individual_results` (`id`, `rank`, `is_play_off`, `is_out_of_race`, `is_disqualified`, `standard_points`, `meeting_individual_points`, `minutes`, `seconds`, `hundreds`, `meeting_program_id`, `swimmer_id`, `team_id`, `badge_id`, `user_id`, `created_at`, `updated_at`, `disqualification_code_type_id`, `goggle_cup_points`, `reaction_time`, `team_points`, `team_affiliation_id`, `is_personal_best`, `is_season_type_best`)
  VALUES (474180, 4, 1, 0, 0, 641.25, 641.25, 0, 38, 30, 83011, 13127, 374, 62583, 1, '2016-11-22 18:32:42', '2016-11-22 18:32:42', NULL, 0.0, 0.0, 0.0, 2679, 0, 0);

INSERT INTO `meeting_individual_results` (`id`, `rank`, `is_play_off`, `is_out_of_race`, `is_disqualified`, `standard_points`, `meeting_individual_points`, `minutes`, `seconds`, `hundreds`, `meeting_program_id`, `swimmer_id`, `team_id`, `badge_id`, `user_id`, `created_at`, `updated_at`, `disqualification_code_type_id`, `goggle_cup_points`, `reaction_time`, `team_points`, `team_affiliation_id`, `is_personal_best`, `is_season_type_best`)
  VALUES (474181, 1, 1, 0, 0, 803.97, 803.97, 0, 31, 27, 83012, 7939, 424, 58524, 1, '2016-11-22 18:32:42', '2016-11-22 18:32:42', NULL, 0.0, 0.0, 0.0, 2675, 0, 0);

INSERT INTO `meeting_individual_results` (`id`, `rank`, `is_play_off`, `is_out_of_race`, `is_disqualified`, `standard_points`, `meeting_individual_points`, `minutes`, `seconds`, `hundreds`, `meeting_program_id`, `swimmer_id`, `team_id`, `badge_id`, `user_id`, `created_at`, `updated_at`, `disqualification_code_type_id`, `goggle_cup_points`, `reaction_time`, `team_points`, `team_affiliation_id`, `is_personal_best`, `is_season_type_best`)
  VALUES (474182, 2, 1, 0, 0, 585.2, 585.2, 0, 42, 96, 83012, 1957, 716, 58527, 1, '2016-11-22 18:32:43', '2016-11-22 18:32:43', NULL, 0.0, 0.0, 0.0, 2498, 0, 0);

INSERT INTO `meeting_individual_results` (`id`, `rank`, `is_play_off`, `is_out_of_race`, `is_disqualified`, `standard_points`, `meeting_individual_points`, `minutes`, `seconds`, `hundreds`, `meeting_program_id`, `swimmer_id`, `team_id`, `badge_id`, `user_id`, `created_at`, `updated_at`, `disqualification_code_type_id`, `goggle_cup_points`, `reaction_time`, `team_points`, `team_affiliation_id`, `is_personal_best`, `is_season_type_best`)
  VALUES (474183, 1, 1, 0, 0, 633.51, 633.51, 0, 40, 82, 83013, 9817, 716, 58531, 1, '2016-11-22 18:32:43', '2016-11-22 18:32:43', NULL, 0.0, 0.0, 0.0, 2498, 0, 0);

INSERT INTO `meeting_individual_results` (`id`, `rank`, `is_play_off`, `is_out_of_race`, `is_disqualified`, `standard_points`, `meeting_individual_points`, `minutes`, `seconds`, `hundreds`, `meeting_program_id`, `swimmer_id`, `team_id`, `badge_id`, `user_id`, `created_at`, `updated_at`, `disqualification_code_type_id`, `goggle_cup_points`, `reaction_time`, `team_points`, `team_affiliation_id`, `is_personal_best`, `is_season_type_best`)
  VALUES (474184, 2, 1, 0, 0, 631.66, 631.66, 0, 40, 94, 83013, 11483, 321, 62584, 1, '2016-11-22 18:32:43', '2016-11-22 18:32:43', NULL, 0.0, 0.0, 0.0, 2643, 0, 0);

INSERT INTO `meeting_individual_results` (`id`, `rank`, `is_play_off`, `is_out_of_race`, `is_disqualified`, `standard_points`, `meeting_individual_points`, `minutes`, `seconds`, `hundreds`, `meeting_program_id`, `swimmer_id`, `team_id`, `badge_id`, `user_id`, `created_at`, `updated_at`, `disqualification_code_type_id`, `goggle_cup_points`, `reaction_time`, `team_points`, `team_affiliation_id`, `is_personal_best`, `is_season_type_best`)
  VALUES (474185, 3, 1, 0, 0, 601.96, 601.96, 0, 42, 96, 83013, 6776, 716, 55915, 1, '2016-11-22 18:32:43', '2016-11-22 18:32:43', NULL, 0.0, 0.0, 0.0, 2498, 0, 0);

INSERT INTO `meeting_individual_results` (`id`, `rank`, `is_play_off`, `is_out_of_race`, `is_disqualified`, `standard_points`, `meeting_individual_points`, `minutes`, `seconds`, `hundreds`, `meeting_program_id`, `swimmer_id`, `team_id`, `badge_id`, `user_id`, `created_at`, `updated_at`, `disqualification_code_type_id`, `goggle_cup_points`, `reaction_time`, `team_points`, `team_affiliation_id`, `is_personal_best`, `is_season_type_best`)
  VALUES (474186, 1, 1, 0, 0, 864.07, 864.07, 0, 30, 75, 83014, 4076, 219, 58423, 1, '2016-11-22 18:32:43', '2016-11-22 18:32:43', NULL, 0.0, 0.0, 0.0, 2461, 0, 0);

INSERT INTO `meeting_individual_results` (`id`, `rank`, `is_play_off`, `is_out_of_race`, `is_disqualified`, `standard_points`, `meeting_individual_points`, `minutes`, `seconds`, `hundreds`, `meeting_program_id`, `swimmer_id`, `team_id`, `badge_id`, `user_id`, `created_at`, `updated_at`, `disqualification_code_type_id`, `goggle_cup_points`, `reaction_time`, `team_points`, `team_affiliation_id`, `is_personal_best`, `is_season_type_best`)
  VALUES (474187, 2, 1, 0, 0, 844.83, 844.83, 0, 31, 45, 83014, 4953, 16, 58226, 1, '2016-11-22 18:32:43', '2016-11-22 18:32:43', NULL, 0.0, 0.0, 0.0, 2685, 0, 0);

INSERT INTO `meeting_individual_results` (`id`, `rank`, `is_play_off`, `is_out_of_race`, `is_disqualified`, `standard_points`, `meeting_individual_points`, `minutes`, `seconds`, `hundreds`, `meeting_program_id`, `swimmer_id`, `team_id`, `badge_id`, `user_id`, `created_at`, `updated_at`, `disqualification_code_type_id`, `goggle_cup_points`, `reaction_time`, `team_points`, `team_affiliation_id`, `is_personal_best`, `is_season_type_best`)
  VALUES (474188, 3, 1, 0, 0, 766.59, 766.59, 0, 34, 66, 83014, 19542, 54, 62574, 1, '2016-11-22 18:32:43', '2016-11-22 18:32:43', NULL, 0.0, 0.0, 0.0, 2673, 0, 0);

INSERT INTO `meeting_individual_results` (`id`, `rank`, `is_play_off`, `is_out_of_race`, `is_disqualified`, `standard_points`, `meeting_individual_points`, `minutes`, `seconds`, `hundreds`, `meeting_program_id`, `swimmer_id`, `team_id`, `badge_id`, `user_id`, `created_at`, `updated_at`, `disqualification_code_type_id`, `goggle_cup_points`, `reaction_time`, `team_points`, `team_affiliation_id`, `is_personal_best`, `is_season_type_best`)
  VALUES (474189, 4, 1, 0, 0, 755.47, 755.47, 0, 35, 17, 83014, 3496, 991, 59864, 1, '2016-11-22 18:32:43', '2016-11-22 18:32:43', NULL, 0.0, 0.0, 0.0, 2749, 0, 0);

INSERT INTO `meeting_individual_results` (`id`, `rank`, `is_play_off`, `is_out_of_race`, `is_disqualified`, `standard_points`, `meeting_individual_points`, `minutes`, `seconds`, `hundreds`, `meeting_program_id`, `swimmer_id`, `team_id`, `badge_id`, `user_id`, `created_at`, `updated_at`, `disqualification_code_type_id`, `goggle_cup_points`, `reaction_time`, `team_points`, `team_affiliation_id`, `is_personal_best`, `is_season_type_best`)
  VALUES (474190, 5, 1, 0, 0, 617.33, 617.33, 0, 43, 4, 83014, 5513, 320, 62543, 1, '2016-11-22 18:32:43', '2016-11-22 18:32:43', NULL, 0.0, 0.0, 0.0, 2699, 0, 0);

INSERT INTO `meeting_individual_results` (`id`, `rank`, `is_play_off`, `is_out_of_race`, `is_disqualified`, `standard_points`, `meeting_individual_points`, `minutes`, `seconds`, `hundreds`, `meeting_program_id`, `swimmer_id`, `team_id`, `badge_id`, `user_id`, `created_at`, `updated_at`, `disqualification_code_type_id`, `goggle_cup_points`, `reaction_time`, `team_points`, `team_affiliation_id`, `is_personal_best`, `is_season_type_best`)
  VALUES (474191, 6, 1, 0, 0, 549.53, 549.53, 0, 48, 35, 83014, 21328, 219, 55753, 1, '2016-11-22 18:32:43', '2016-11-22 18:32:43', NULL, 0.0, 0.0, 0.0, 2461, 0, 0);

INSERT INTO `meeting_individual_results` (`id`, `rank`, `is_play_off`, `is_out_of_race`, `is_disqualified`, `standard_points`, `meeting_individual_points`, `minutes`, `seconds`, `hundreds`, `meeting_program_id`, `swimmer_id`, `team_id`, `badge_id`, `user_id`, `created_at`, `updated_at`, `disqualification_code_type_id`, `goggle_cup_points`, `reaction_time`, `team_points`, `team_affiliation_id`, `is_personal_best`, `is_season_type_best`)
  VALUES (474192, 1, 1, 0, 0, 787.06, 787.06, 0, 34, 61, 83015, 13169, 789, 62555, 1, '2016-11-22 18:32:43', '2016-11-22 18:32:43', NULL, 0.0, 0.0, 0.0, 2849, 0, 0);

INSERT INTO `meeting_individual_results` (`id`, `rank`, `is_play_off`, `is_out_of_race`, `is_disqualified`, `standard_points`, `meeting_individual_points`, `minutes`, `seconds`, `hundreds`, `meeting_program_id`, `swimmer_id`, `team_id`, `badge_id`, `user_id`, `created_at`, `updated_at`, `disqualification_code_type_id`, `goggle_cup_points`, `reaction_time`, `team_points`, `team_affiliation_id`, `is_personal_best`, `is_season_type_best`)
  VALUES (474193, 2, 1, 0, 0, 687.88, 687.88, 0, 39, 60, 83015, 11454, 54, 62585, 1, '2016-11-22 18:32:43', '2016-11-22 18:32:43', NULL, 0.0, 0.0, 0.0, 2673, 0, 0);

INSERT INTO `meeting_individual_results` (`id`, `rank`, `is_play_off`, `is_out_of_race`, `is_disqualified`, `standard_points`, `meeting_individual_points`, `minutes`, `seconds`, `hundreds`, `meeting_program_id`, `swimmer_id`, `team_id`, `badge_id`, `user_id`, `created_at`, `updated_at`, `disqualification_code_type_id`, `goggle_cup_points`, `reaction_time`, `team_points`, `team_affiliation_id`, `is_personal_best`, `is_season_type_best`)
  VALUES (474194, 3, 1, 0, 0, 616.85, 616.85, 0, 44, 16, 83015, 9828, 404, 62586, 1, '2016-11-22 18:32:43', '2016-11-22 18:32:43', NULL, 0.0, 0.0, 0.0, 2854, 0, 0);

INSERT INTO `meeting_individual_results` (`id`, `rank`, `is_play_off`, `is_out_of_race`, `is_disqualified`, `standard_points`, `meeting_individual_points`, `minutes`, `seconds`, `hundreds`, `meeting_program_id`, `swimmer_id`, `team_id`, `badge_id`, `user_id`, `created_at`, `updated_at`, `disqualification_code_type_id`, `goggle_cup_points`, `reaction_time`, `team_points`, `team_affiliation_id`, `is_personal_best`, `is_season_type_best`)
  VALUES (474195, 1, 1, 0, 0, 868.6, 868.6, 0, 32, 80, 83016, 6193, 741, 62539, 1, '2016-11-22 18:32:43', '2016-11-22 18:32:43', NULL, 0.0, 0.0, 0.0, 2683, 0, 0);

INSERT INTO `meeting_individual_results` (`id`, `rank`, `is_play_off`, `is_out_of_race`, `is_disqualified`, `standard_points`, `meeting_individual_points`, `minutes`, `seconds`, `hundreds`, `meeting_program_id`, `swimmer_id`, `team_id`, `badge_id`, `user_id`, `created_at`, `updated_at`, `disqualification_code_type_id`, `goggle_cup_points`, `reaction_time`, `team_points`, `team_affiliation_id`, `is_personal_best`, `is_season_type_best`)
  VALUES (474196, 2, 1, 0, 0, 862.29, 862.29, 0, 33, 4, 83016, 8161, 991, 62587, 1, '2016-11-22 18:32:43', '2016-11-22 18:32:43', NULL, 0.0, 0.0, 0.0, 2749, 0, 0);

INSERT INTO `meeting_individual_results` (`id`, `rank`, `is_play_off`, `is_out_of_race`, `is_disqualified`, `standard_points`, `meeting_individual_points`, `minutes`, `seconds`, `hundreds`, `meeting_program_id`, `swimmer_id`, `team_id`, `badge_id`, `user_id`, `created_at`, `updated_at`, `disqualification_code_type_id`, `goggle_cup_points`, `reaction_time`, `team_points`, `team_affiliation_id`, `is_personal_best`, `is_season_type_best`)
  VALUES (474197, 3, 1, 0, 0, 667.21, 667.21, 0, 42, 70, 83016, 24280, 321, 58492, 1, '2016-11-22 18:32:43', '2016-11-22 18:32:43', NULL, 0.0, 0.0, 0.0, 2643, 0, 0);

INSERT INTO `meeting_individual_results` (`id`, `rank`, `is_play_off`, `is_out_of_race`, `is_disqualified`, `standard_points`, `meeting_individual_points`, `minutes`, `seconds`, `hundreds`, `meeting_program_id`, `swimmer_id`, `team_id`, `badge_id`, `user_id`, `created_at`, `updated_at`, `disqualification_code_type_id`, `goggle_cup_points`, `reaction_time`, `team_points`, `team_affiliation_id`, `is_personal_best`, `is_season_type_best`)
  VALUES (474198, 4, 1, 0, 0, 557.64, 557.64, 0, 51, 9, 83016, 13099, 297, 58493, 1, '2016-11-22 18:32:43', '2016-11-22 18:32:43', NULL, 0.0, 0.0, 0.0, 2677, 0, 0);

INSERT INTO `meeting_individual_results` (`id`, `rank`, `is_play_off`, `is_out_of_race`, `is_disqualified`, `standard_points`, `meeting_individual_points`, `minutes`, `seconds`, `hundreds`, `meeting_program_id`, `swimmer_id`, `team_id`, `badge_id`, `user_id`, `created_at`, `updated_at`, `disqualification_code_type_id`, `goggle_cup_points`, `reaction_time`, `team_points`, `team_affiliation_id`, `is_personal_best`, `is_season_type_best`)
  VALUES (474199, 1, 1, 0, 0, 803.02, 803.02, 0, 37, 11, 83017, 6819, 219, 58437, 1, '2016-11-22 18:32:43', '2016-11-22 18:32:43', NULL, 0.0, 0.0, 0.0, 2461, 0, 0);

INSERT INTO `meeting_individual_results` (`id`, `rank`, `is_play_off`, `is_out_of_race`, `is_disqualified`, `standard_points`, `meeting_individual_points`, `minutes`, `seconds`, `hundreds`, `meeting_program_id`, `swimmer_id`, `team_id`, `badge_id`, `user_id`, `created_at`, `updated_at`, `disqualification_code_type_id`, `goggle_cup_points`, `reaction_time`, `team_points`, `team_affiliation_id`, `is_personal_best`, `is_season_type_best`)
  VALUES (474200, 1, 1, 0, 0, 0.0, 0.0, 0, 30, 54, 83018, 28512, 366, 62558, 1, '2016-11-22 18:32:44', '2016-11-22 18:32:44', NULL, 0.0, 0.0, 0.0, 2855, 0, 0);

INSERT INTO `meeting_individual_results` (`id`, `rank`, `is_play_off`, `is_out_of_race`, `is_disqualified`, `standard_points`, `meeting_individual_points`, `minutes`, `seconds`, `hundreds`, `meeting_program_id`, `swimmer_id`, `team_id`, `badge_id`, `user_id`, `created_at`, `updated_at`, `disqualification_code_type_id`, `goggle_cup_points`, `reaction_time`, `team_points`, `team_affiliation_id`, `is_personal_best`, `is_season_type_best`)
  VALUES (474201, 1, 1, 0, 0, 758.54, 758.54, 0, 42, 16, 83019, 28504, 366, 62588, 1, '2016-11-22 18:32:44', '2016-11-22 18:32:44', NULL, 0.0, 0.0, 0.0, 2855, 0, 0);

INSERT INTO `meeting_individual_results` (`id`, `rank`, `is_play_off`, `is_out_of_race`, `is_disqualified`, `standard_points`, `meeting_individual_points`, `minutes`, `seconds`, `hundreds`, `meeting_program_id`, `swimmer_id`, `team_id`, `badge_id`, `user_id`, `created_at`, `updated_at`, `disqualification_code_type_id`, `goggle_cup_points`, `reaction_time`, `team_points`, `team_affiliation_id`, `is_personal_best`, `is_season_type_best`)
  VALUES (474202, 1, 1, 0, 0, 662.51, 662.51, 0, 49, 69, 83020, 28502, 424, 62546, 1, '2016-11-22 18:32:44', '2016-11-22 18:32:44', NULL, 0.0, 0.0, 0.0, 2675, 0, 0);

INSERT INTO `meeting_individual_results` (`id`, `rank`, `is_play_off`, `is_out_of_race`, `is_disqualified`, `standard_points`, `meeting_individual_points`, `minutes`, `seconds`, `hundreds`, `meeting_program_id`, `swimmer_id`, `team_id`, `badge_id`, `user_id`, `created_at`, `updated_at`, `disqualification_code_type_id`, `goggle_cup_points`, `reaction_time`, `team_points`, `team_affiliation_id`, `is_personal_best`, `is_season_type_best`)
  VALUES (474203, 2, 1, 0, 0, 599.53, 599.53, 0, 54, 91, 83020, 4902, 321, 62547, 1, '2016-11-22 18:32:44', '2016-11-22 18:32:44', NULL, 0.0, 0.0, 0.0, 2643, 0, 0);

INSERT INTO `meeting_individual_results` (`id`, `rank`, `is_play_off`, `is_out_of_race`, `is_disqualified`, `standard_points`, `meeting_individual_points`, `minutes`, `seconds`, `hundreds`, `meeting_program_id`, `swimmer_id`, `team_id`, `badge_id`, `user_id`, `created_at`, `updated_at`, `disqualification_code_type_id`, `goggle_cup_points`, `reaction_time`, `team_points`, `team_affiliation_id`, `is_personal_best`, `is_season_type_best`)
  VALUES (474204, 3, 1, 0, 0, 581.93, 581.93, 0, 56, 57, 83020, 27896, 219, 62589, 1, '2016-11-22 18:32:44', '2016-11-22 18:32:44', NULL, 0.0, 0.0, 0.0, 2461, 0, 0);

INSERT INTO `meeting_individual_results` (`id`, `rank`, `is_play_off`, `is_out_of_race`, `is_disqualified`, `standard_points`, `meeting_individual_points`, `minutes`, `seconds`, `hundreds`, `meeting_program_id`, `swimmer_id`, `team_id`, `badge_id`, `user_id`, `created_at`, `updated_at`, `disqualification_code_type_id`, `goggle_cup_points`, `reaction_time`, `team_points`, `team_affiliation_id`, `is_personal_best`, `is_season_type_best`)
  VALUES (474205, 1, 1, 0, 0, 724.06, 724.06, 0, 46, 35, 83021, 25486, 219, 62548, 1, '2016-11-22 18:32:44', '2016-11-22 18:32:44', NULL, 0.0, 0.0, 0.0, 2461, 0, 0);

INSERT INTO `meeting_individual_results` (`id`, `rank`, `is_play_off`, `is_out_of_race`, `is_disqualified`, `standard_points`, `meeting_individual_points`, `minutes`, `seconds`, `hundreds`, `meeting_program_id`, `swimmer_id`, `team_id`, `badge_id`, `user_id`, `created_at`, `updated_at`, `disqualification_code_type_id`, `goggle_cup_points`, `reaction_time`, `team_points`, `team_affiliation_id`, `is_personal_best`, `is_season_type_best`)
  VALUES (474206, 2, 1, 0, 0, 648.75, 648.75, 0, 51, 73, 83021, 25129, 298, 62590, 1, '2016-11-22 18:32:44', '2016-11-22 18:32:44', NULL, 0.0, 0.0, 0.0, 2852, 0, 0);

INSERT INTO `meeting_individual_results` (`id`, `rank`, `is_play_off`, `is_out_of_race`, `is_disqualified`, `standard_points`, `meeting_individual_points`, `minutes`, `seconds`, `hundreds`, `meeting_program_id`, `swimmer_id`, `team_id`, `badge_id`, `user_id`, `created_at`, `updated_at`, `disqualification_code_type_id`, `goggle_cup_points`, `reaction_time`, `team_points`, `team_affiliation_id`, `is_personal_best`, `is_season_type_best`)
  VALUES (474207, 3, 1, 0, 0, 621.48, 621.48, 0, 54, 0, 83021, 28509, 298, 62591, 1, '2016-11-22 18:32:44', '2016-11-22 18:32:44', NULL, 0.0, 0.0, 0.0, 2852, 0, 0);

INSERT INTO `meeting_individual_results` (`id`, `rank`, `is_play_off`, `is_out_of_race`, `is_disqualified`, `standard_points`, `meeting_individual_points`, `minutes`, `seconds`, `hundreds`, `meeting_program_id`, `swimmer_id`, `team_id`, `badge_id`, `user_id`, `created_at`, `updated_at`, `disqualification_code_type_id`, `goggle_cup_points`, `reaction_time`, `team_points`, `team_affiliation_id`, `is_personal_best`, `is_season_type_best`)
  VALUES (474208, 1, 1, 0, 0, 670.64, 670.64, 0, 51, 16, 83022, 6786, 741, 62565, 1, '2016-11-22 18:32:44', '2016-11-22 18:32:44', NULL, 0.0, 0.0, 0.0, 2683, 0, 0);

INSERT INTO `meeting_individual_results` (`id`, `rank`, `is_play_off`, `is_out_of_race`, `is_disqualified`, `standard_points`, `meeting_individual_points`, `minutes`, `seconds`, `hundreds`, `meeting_program_id`, `swimmer_id`, `team_id`, `badge_id`, `user_id`, `created_at`, `updated_at`, `disqualification_code_type_id`, `goggle_cup_points`, `reaction_time`, `team_points`, `team_affiliation_id`, `is_personal_best`, `is_season_type_best`)
  VALUES (474209, 2, 1, 0, 0, 630.47, 630.47, 0, 54, 42, 83022, 28505, 298, 62592, 1, '2016-11-22 18:32:44', '2016-11-22 18:32:44', NULL, 0.0, 0.0, 0.0, 2852, 0, 0);

INSERT INTO `meeting_individual_results` (`id`, `rank`, `is_play_off`, `is_out_of_race`, `is_disqualified`, `standard_points`, `meeting_individual_points`, `minutes`, `seconds`, `hundreds`, `meeting_program_id`, `swimmer_id`, `team_id`, `badge_id`, `user_id`, `created_at`, `updated_at`, `disqualification_code_type_id`, `goggle_cup_points`, `reaction_time`, `team_points`, `team_affiliation_id`, `is_personal_best`, `is_season_type_best`)
  VALUES (474210, 3, 1, 0, 0, 582.41, 582.41, 0, 58, 91, 83022, 7909, 424, 62593, 1, '2016-11-22 18:32:44', '2016-11-22 18:32:44', NULL, 0.0, 0.0, 0.0, 2675, 0, 0);

INSERT INTO `meeting_individual_results` (`id`, `rank`, `is_play_off`, `is_out_of_race`, `is_disqualified`, `standard_points`, `meeting_individual_points`, `minutes`, `seconds`, `hundreds`, `meeting_program_id`, `swimmer_id`, `team_id`, `badge_id`, `user_id`, `created_at`, `updated_at`, `disqualification_code_type_id`, `goggle_cup_points`, `reaction_time`, `team_points`, `team_affiliation_id`, `is_personal_best`, `is_season_type_best`)
  VALUES (474211, 1, 1, 0, 0, 771.14, 771.14, 0, 46, 36, 83023, 4713, 54, 58164, 1, '2016-11-22 18:32:44', '2016-11-22 18:32:44', NULL, 0.0, 0.0, 0.0, 2673, 0, 0);

INSERT INTO `meeting_individual_results` (`id`, `rank`, `is_play_off`, `is_out_of_race`, `is_disqualified`, `standard_points`, `meeting_individual_points`, `minutes`, `seconds`, `hundreds`, `meeting_program_id`, `swimmer_id`, `team_id`, `badge_id`, `user_id`, `created_at`, `updated_at`, `disqualification_code_type_id`, `goggle_cup_points`, `reaction_time`, `team_points`, `team_affiliation_id`, `is_personal_best`, `is_season_type_best`)
  VALUES (474212, 1, 1, 0, 0, 677.43, 677.43, 0, 40, 89, 83024, 24276, 321, 58515, 1, '2016-11-22 18:32:44', '2016-11-22 18:32:44', NULL, 0.0, 0.0, 0.0, 2643, 0, 0);

INSERT INTO `meeting_individual_results` (`id`, `rank`, `is_play_off`, `is_out_of_race`, `is_disqualified`, `standard_points`, `meeting_individual_points`, `minutes`, `seconds`, `hundreds`, `meeting_program_id`, `swimmer_id`, `team_id`, `badge_id`, `user_id`, `created_at`, `updated_at`, `disqualification_code_type_id`, `goggle_cup_points`, `reaction_time`, `team_points`, `team_affiliation_id`, `is_personal_best`, `is_season_type_best`)
  VALUES (474213, 2, 1, 0, 0, 664.11, 664.11, 0, 41, 71, 83024, 27626, 685, 57522, 1, '2016-11-22 18:32:44', '2016-11-22 18:32:44', NULL, 0.0, 0.0, 0.0, 2641, 0, 0);

INSERT INTO `meeting_individual_results` (`id`, `rank`, `is_play_off`, `is_out_of_race`, `is_disqualified`, `standard_points`, `meeting_individual_points`, `minutes`, `seconds`, `hundreds`, `meeting_program_id`, `swimmer_id`, `team_id`, `badge_id`, `user_id`, `created_at`, `updated_at`, `disqualification_code_type_id`, `goggle_cup_points`, `reaction_time`, `team_points`, `team_affiliation_id`, `is_personal_best`, `is_season_type_best`)
  VALUES (474214, 3, 1, 0, 0, 604.8, 604.8, 0, 45, 80, 83024, 11447, 366, 62594, 1, '2016-11-22 18:32:44', '2016-11-22 18:32:44', NULL, 0.0, 0.0, 0.0, 2855, 0, 0);

INSERT INTO `meeting_individual_results` (`id`, `rank`, `is_play_off`, `is_out_of_race`, `is_disqualified`, `standard_points`, `meeting_individual_points`, `minutes`, `seconds`, `hundreds`, `meeting_program_id`, `swimmer_id`, `team_id`, `badge_id`, `user_id`, `created_at`, `updated_at`, `disqualification_code_type_id`, `goggle_cup_points`, `reaction_time`, `team_points`, `team_affiliation_id`, `is_personal_best`, `is_season_type_best`)
  VALUES (474215, 1, 1, 0, 0, 786.42, 786.42, 0, 35, 49, 83025, 27802, 741, 58518, 1, '2016-11-22 18:32:44', '2016-11-22 18:32:44', NULL, 0.0, 0.0, 0.0, 2683, 0, 0);

INSERT INTO `meeting_individual_results` (`id`, `rank`, `is_play_off`, `is_out_of_race`, `is_disqualified`, `standard_points`, `meeting_individual_points`, `minutes`, `seconds`, `hundreds`, `meeting_program_id`, `swimmer_id`, `team_id`, `badge_id`, `user_id`, `created_at`, `updated_at`, `disqualification_code_type_id`, `goggle_cup_points`, `reaction_time`, `team_points`, `team_affiliation_id`, `is_personal_best`, `is_season_type_best`)
  VALUES (474216, 2, 1, 0, 0, 607.53, 607.53, 0, 45, 94, 83025, 27790, 321, 58395, 1, '2016-11-22 18:32:45', '2016-11-22 18:32:45', NULL, 0.0, 0.0, 0.0, 2643, 0, 0);

INSERT INTO `meeting_individual_results` (`id`, `rank`, `is_play_off`, `is_out_of_race`, `is_disqualified`, `standard_points`, `meeting_individual_points`, `minutes`, `seconds`, `hundreds`, `meeting_program_id`, `swimmer_id`, `team_id`, `badge_id`, `user_id`, `created_at`, `updated_at`, `disqualification_code_type_id`, `goggle_cup_points`, `reaction_time`, `team_points`, `team_affiliation_id`, `is_personal_best`, `is_season_type_best`)
  VALUES (474217, 1, 1, 0, 0, 695.91, 695.91, 0, 41, 27, 83026, 13127, 374, 62583, 1, '2016-11-22 18:32:45', '2016-11-22 18:32:45', NULL, 0.0, 0.0, 0.0, 2679, 0, 0);

INSERT INTO `meeting_individual_results` (`id`, `rank`, `is_play_off`, `is_out_of_race`, `is_disqualified`, `standard_points`, `meeting_individual_points`, `minutes`, `seconds`, `hundreds`, `meeting_program_id`, `swimmer_id`, `team_id`, `badge_id`, `user_id`, `created_at`, `updated_at`, `disqualification_code_type_id`, `goggle_cup_points`, `reaction_time`, `team_points`, `team_affiliation_id`, `is_personal_best`, `is_season_type_best`)
  VALUES (474218, 2, 1, 0, 0, 671.18, 671.18, 0, 42, 79, 83026, 28501, 321, 62595, 1, '2016-11-22 18:32:45', '2016-11-22 18:32:45', NULL, 0.0, 0.0, 0.0, 2643, 0, 0);

INSERT INTO `meeting_individual_results` (`id`, `rank`, `is_play_off`, `is_out_of_race`, `is_disqualified`, `standard_points`, `meeting_individual_points`, `minutes`, `seconds`, `hundreds`, `meeting_program_id`, `swimmer_id`, `team_id`, `badge_id`, `user_id`, `created_at`, `updated_at`, `disqualification_code_type_id`, `goggle_cup_points`, `reaction_time`, `team_points`, `team_affiliation_id`, `is_personal_best`, `is_season_type_best`)
  VALUES (474219, 3, 1, 0, 0, 662.36, 662.36, 0, 43, 36, 83026, 28508, 366, 62596, 1, '2016-11-22 18:32:45', '2016-11-22 18:32:45', NULL, 0.0, 0.0, 0.0, 2855, 0, 0);

INSERT INTO `meeting_individual_results` (`id`, `rank`, `is_play_off`, `is_out_of_race`, `is_disqualified`, `standard_points`, `meeting_individual_points`, `minutes`, `seconds`, `hundreds`, `meeting_program_id`, `swimmer_id`, `team_id`, `badge_id`, `user_id`, `created_at`, `updated_at`, `disqualification_code_type_id`, `goggle_cup_points`, `reaction_time`, `team_points`, `team_affiliation_id`, `is_personal_best`, `is_season_type_best`)
  VALUES (474220, 4, 1, 0, 0, 606.55, 606.55, 0, 47, 35, 83026, 28506, 366, 62597, 1, '2016-11-22 18:32:45', '2016-11-22 18:32:45', NULL, 0.0, 0.0, 0.0, 2855, 0, 0);

INSERT INTO `meeting_individual_results` (`id`, `rank`, `is_play_off`, `is_out_of_race`, `is_disqualified`, `standard_points`, `meeting_individual_points`, `minutes`, `seconds`, `hundreds`, `meeting_program_id`, `swimmer_id`, `team_id`, `badge_id`, `user_id`, `created_at`, `updated_at`, `disqualification_code_type_id`, `goggle_cup_points`, `reaction_time`, `team_points`, `team_affiliation_id`, `is_personal_best`, `is_season_type_best`)
  VALUES (474221, 1, 1, 0, 0, 874.81, 874.81, 0, 33, 7, 83027, 4007, 980, 62598, 1, '2016-11-22 18:32:45', '2016-11-22 18:32:45', NULL, 0.0, 0.0, 0.0, 2646, 0, 0);

INSERT INTO `meeting_individual_results` (`id`, `rank`, `is_play_off`, `is_out_of_race`, `is_disqualified`, `standard_points`, `meeting_individual_points`, `minutes`, `seconds`, `hundreds`, `meeting_program_id`, `swimmer_id`, `team_id`, `badge_id`, `user_id`, `created_at`, `updated_at`, `disqualification_code_type_id`, `goggle_cup_points`, `reaction_time`, `team_points`, `team_affiliation_id`, `is_personal_best`, `is_season_type_best`)
  VALUES (474222, 2, 1, 0, 0, 750.65, 750.65, 0, 38, 54, 83027, 6749, 16, 58206, 1, '2016-11-22 18:32:45', '2016-11-22 18:32:45', NULL, 0.0, 0.0, 0.0, 2685, 0, 0);

INSERT INTO `meeting_individual_results` (`id`, `rank`, `is_play_off`, `is_out_of_race`, `is_disqualified`, `standard_points`, `meeting_individual_points`, `minutes`, `seconds`, `hundreds`, `meeting_program_id`, `swimmer_id`, `team_id`, `badge_id`, `user_id`, `created_at`, `updated_at`, `disqualification_code_type_id`, `goggle_cup_points`, `reaction_time`, `team_points`, `team_affiliation_id`, `is_personal_best`, `is_season_type_best`)
  VALUES (474223, 3, 1, 0, 0, 735.2, 735.2, 0, 39, 35, 83027, 23189, 298, 62560, 1, '2016-11-22 18:32:45', '2016-11-22 18:32:45', NULL, 0.0, 0.0, 0.0, 2852, 0, 0);

INSERT INTO `meeting_individual_results` (`id`, `rank`, `is_play_off`, `is_out_of_race`, `is_disqualified`, `standard_points`, `meeting_individual_points`, `minutes`, `seconds`, `hundreds`, `meeting_program_id`, `swimmer_id`, `team_id`, `badge_id`, `user_id`, `created_at`, `updated_at`, `disqualification_code_type_id`, `goggle_cup_points`, `reaction_time`, `team_points`, `team_affiliation_id`, `is_personal_best`, `is_season_type_best`)
  VALUES (474224, 4, 1, 0, 0, 721.09, 721.09, 0, 40, 12, 83027, 21460, 685, 62599, 1, '2016-11-22 18:32:45', '2016-11-22 18:32:45', NULL, 0.0, 0.0, 0.0, 2641, 0, 0);

INSERT INTO `meeting_individual_results` (`id`, `rank`, `is_play_off`, `is_out_of_race`, `is_disqualified`, `standard_points`, `meeting_individual_points`, `minutes`, `seconds`, `hundreds`, `meeting_program_id`, `swimmer_id`, `team_id`, `badge_id`, `user_id`, `created_at`, `updated_at`, `disqualification_code_type_id`, `goggle_cup_points`, `reaction_time`, `team_points`, `team_affiliation_id`, `is_personal_best`, `is_season_type_best`)
  VALUES (474225, 5, 1, 0, 0, 689.96, 689.96, 0, 41, 93, 83027, 21171, 374, 58478, 1, '2016-11-22 18:32:45', '2016-11-22 18:32:45', NULL, 0.0, 0.0, 0.0, 2679, 0, 0);

INSERT INTO `meeting_individual_results` (`id`, `rank`, `is_play_off`, `is_out_of_race`, `is_disqualified`, `standard_points`, `meeting_individual_points`, `minutes`, `seconds`, `hundreds`, `meeting_program_id`, `swimmer_id`, `team_id`, `badge_id`, `user_id`, `created_at`, `updated_at`, `disqualification_code_type_id`, `goggle_cup_points`, `reaction_time`, `team_points`, `team_affiliation_id`, `is_personal_best`, `is_season_type_best`)
  VALUES (474226, 6, 1, 0, 0, 680.87, 680.87, 0, 42, 49, 83027, 7981, 366, 62600, 1, '2016-11-22 18:32:45', '2016-11-22 18:32:45', NULL, 0.0, 0.0, 0.0, 2855, 0, 0);

INSERT INTO `meeting_individual_results` (`id`, `rank`, `is_play_off`, `is_out_of_race`, `is_disqualified`, `standard_points`, `meeting_individual_points`, `minutes`, `seconds`, `hundreds`, `meeting_program_id`, `swimmer_id`, `team_id`, `badge_id`, `user_id`, `created_at`, `updated_at`, `disqualification_code_type_id`, `goggle_cup_points`, `reaction_time`, `team_points`, `team_affiliation_id`, `is_personal_best`, `is_season_type_best`)
  VALUES (474227, 7, 1, 0, 0, 680.07, 680.07, 0, 42, 54, 83027, 5252, 321, 58325, 1, '2016-11-22 18:32:45', '2016-11-22 18:32:45', NULL, 0.0, 0.0, 0.0, 2643, 0, 0);

INSERT INTO `meeting_individual_results` (`id`, `rank`, `is_play_off`, `is_out_of_race`, `is_disqualified`, `standard_points`, `meeting_individual_points`, `minutes`, `seconds`, `hundreds`, `meeting_program_id`, `swimmer_id`, `team_id`, `badge_id`, `user_id`, `created_at`, `updated_at`, `disqualification_code_type_id`, `goggle_cup_points`, `reaction_time`, `team_points`, `team_affiliation_id`, `is_personal_best`, `is_season_type_best`)
  VALUES (474228, 1, 1, 0, 0, 771.59, 771.59, 0, 38, 44, 83028, 25304, 980, 62553, 1, '2016-11-22 18:32:45', '2016-11-22 18:32:45', NULL, 0.0, 0.0, 0.0, 2646, 0, 0);

INSERT INTO `meeting_individual_results` (`id`, `rank`, `is_play_off`, `is_out_of_race`, `is_disqualified`, `standard_points`, `meeting_individual_points`, `minutes`, `seconds`, `hundreds`, `meeting_program_id`, `swimmer_id`, `team_id`, `badge_id`, `user_id`, `created_at`, `updated_at`, `disqualification_code_type_id`, `goggle_cup_points`, `reaction_time`, `team_points`, `team_affiliation_id`, `is_personal_best`, `is_season_type_best`)
  VALUES (474229, 2, 1, 0, 0, 758.96, 758.96, 0, 39, 8, 83028, 7960, 424, 62554, 1, '2016-11-22 18:32:45', '2016-11-22 18:32:45', NULL, 0.0, 0.0, 0.0, 2675, 0, 0);

INSERT INTO `meeting_individual_results` (`id`, `rank`, `is_play_off`, `is_out_of_race`, `is_disqualified`, `standard_points`, `meeting_individual_points`, `minutes`, `seconds`, `hundreds`, `meeting_program_id`, `swimmer_id`, `team_id`, `badge_id`, `user_id`, `created_at`, `updated_at`, `disqualification_code_type_id`, `goggle_cup_points`, `reaction_time`, `team_points`, `team_affiliation_id`, `is_personal_best`, `is_season_type_best`)
  VALUES (474230, 3, 1, 0, 0, 633.63, 633.63, 0, 46, 81, 83028, 28514, 366, 62601, 1, '2016-11-22 18:32:45', '2016-11-22 18:32:45', NULL, 0.0, 0.0, 0.0, 2855, 0, 0);

INSERT INTO `meeting_individual_results` (`id`, `rank`, `is_play_off`, `is_out_of_race`, `is_disqualified`, `standard_points`, `meeting_individual_points`, `minutes`, `seconds`, `hundreds`, `meeting_program_id`, `swimmer_id`, `team_id`, `badge_id`, `user_id`, `created_at`, `updated_at`, `disqualification_code_type_id`, `goggle_cup_points`, `reaction_time`, `team_points`, `team_affiliation_id`, `is_personal_best`, `is_season_type_best`)
  VALUES (474231, 4, 1, 0, 0, 620.63, 620.63, 0, 47, 79, 83028, 24273, 321, 62572, 1, '2016-11-22 18:32:45', '2016-11-22 18:32:45', NULL, 0.0, 0.0, 0.0, 2643, 0, 0);

INSERT INTO `meeting_individual_results` (`id`, `rank`, `is_play_off`, `is_out_of_race`, `is_disqualified`, `standard_points`, `meeting_individual_points`, `minutes`, `seconds`, `hundreds`, `meeting_program_id`, `swimmer_id`, `team_id`, `badge_id`, `user_id`, `created_at`, `updated_at`, `disqualification_code_type_id`, `goggle_cup_points`, `reaction_time`, `team_points`, `team_affiliation_id`, `is_personal_best`, `is_season_type_best`)
  VALUES (474232, 5, 1, 0, 0, 394.41, 394.41, 1, 15, 20, 83028, 3705, 741, 62602, 1, '2016-11-22 18:32:45', '2016-11-22 18:32:45', NULL, 0.0, 0.0, 0.0, 2683, 0, 0);

INSERT INTO `meeting_individual_results` (`id`, `rank`, `is_play_off`, `is_out_of_race`, `is_disqualified`, `standard_points`, `meeting_individual_points`, `minutes`, `seconds`, `hundreds`, `meeting_program_id`, `swimmer_id`, `team_id`, `badge_id`, `user_id`, `created_at`, `updated_at`, `disqualification_code_type_id`, `goggle_cup_points`, `reaction_time`, `team_points`, `team_affiliation_id`, `is_personal_best`, `is_season_type_best`)
  VALUES (474233, 1, 1, 0, 0, 870.57, 870.57, 0, 35, 54, 83029, 4953, 16, 58226, 1, '2016-11-22 18:32:45', '2016-11-22 18:32:45', NULL, 0.0, 0.0, 0.0, 2685, 0, 0);

INSERT INTO `meeting_individual_results` (`id`, `rank`, `is_play_off`, `is_out_of_race`, `is_disqualified`, `standard_points`, `meeting_individual_points`, `minutes`, `seconds`, `hundreds`, `meeting_program_id`, `swimmer_id`, `team_id`, `badge_id`, `user_id`, `created_at`, `updated_at`, `disqualification_code_type_id`, `goggle_cup_points`, `reaction_time`, `team_points`, `team_affiliation_id`, `is_personal_best`, `is_season_type_best`)
  VALUES (474234, 2, 1, 0, 0, 857.06, 857.06, 0, 36, 10, 83029, 22051, 298, 62603, 1, '2016-11-22 18:32:46', '2016-11-22 18:32:46', NULL, 0.0, 0.0, 0.0, 2852, 0, 0);

INSERT INTO `meeting_individual_results` (`id`, `rank`, `is_play_off`, `is_out_of_race`, `is_disqualified`, `standard_points`, `meeting_individual_points`, `minutes`, `seconds`, `hundreds`, `meeting_program_id`, `swimmer_id`, `team_id`, `badge_id`, `user_id`, `created_at`, `updated_at`, `disqualification_code_type_id`, `goggle_cup_points`, `reaction_time`, `team_points`, `team_affiliation_id`, `is_personal_best`, `is_season_type_best`)
  VALUES (474235, 3, 1, 0, 0, 834.41, 834.41, 0, 37, 8, 83029, 20696, 741, 58281, 1, '2016-11-22 18:32:46', '2016-11-22 18:32:46', NULL, 0.0, 0.0, 0.0, 2683, 0, 0);

INSERT INTO `meeting_individual_results` (`id`, `rank`, `is_play_off`, `is_out_of_race`, `is_disqualified`, `standard_points`, `meeting_individual_points`, `minutes`, `seconds`, `hundreds`, `meeting_program_id`, `swimmer_id`, `team_id`, `badge_id`, `user_id`, `created_at`, `updated_at`, `disqualification_code_type_id`, `goggle_cup_points`, `reaction_time`, `team_points`, `team_affiliation_id`, `is_personal_best`, `is_season_type_best`)
  VALUES (474236, 4, 1, 0, 0, 765.08, 765.08, 0, 40, 44, 83029, 19747, 685, 62604, 1, '2016-11-22 18:32:46', '2016-11-22 18:32:46', NULL, 0.0, 0.0, 0.0, 2641, 0, 0);

INSERT INTO `meeting_individual_results` (`id`, `rank`, `is_play_off`, `is_out_of_race`, `is_disqualified`, `standard_points`, `meeting_individual_points`, `minutes`, `seconds`, `hundreds`, `meeting_program_id`, `swimmer_id`, `team_id`, `badge_id`, `user_id`, `created_at`, `updated_at`, `disqualification_code_type_id`, `goggle_cup_points`, `reaction_time`, `team_points`, `team_affiliation_id`, `is_personal_best`, `is_season_type_best`)
  VALUES (474237, 5, 1, 0, 0, 749.52, 749.52, 0, 41, 28, 83029, 7309, 320, 62561, 1, '2016-11-22 18:32:46', '2016-11-22 18:32:46', NULL, 0.0, 0.0, 0.0, 2699, 0, 0);

INSERT INTO `meeting_individual_results` (`id`, `rank`, `is_play_off`, `is_out_of_race`, `is_disqualified`, `standard_points`, `meeting_individual_points`, `minutes`, `seconds`, `hundreds`, `meeting_program_id`, `swimmer_id`, `team_id`, `badge_id`, `user_id`, `created_at`, `updated_at`, `disqualification_code_type_id`, `goggle_cup_points`, `reaction_time`, `team_points`, `team_affiliation_id`, `is_personal_best`, `is_season_type_best`)
  VALUES (474238, 1, 1, 0, 0, 637.57, 637.57, 0, 49, 94, 83030, 9760, 741, 58433, 1, '2016-11-22 18:32:46', '2016-11-22 18:32:46', NULL, 0.0, 0.0, 0.0, 2683, 0, 0);

INSERT INTO `meeting_individual_results` (`id`, `rank`, `is_play_off`, `is_out_of_race`, `is_disqualified`, `standard_points`, `meeting_individual_points`, `minutes`, `seconds`, `hundreds`, `meeting_program_id`, `swimmer_id`, `team_id`, `badge_id`, `user_id`, `created_at`, `updated_at`, `disqualification_code_type_id`, `goggle_cup_points`, `reaction_time`, `team_points`, `team_affiliation_id`, `is_personal_best`, `is_season_type_best`)
  VALUES (474239, 1, 1, 0, 0, 784.1, 784.1, 0, 42, 15, 83031, 27035, 219, 62556, 1, '2016-11-22 18:32:46', '2016-11-22 18:32:46', NULL, 0.0, 0.0, 0.0, 2461, 0, 0);

INSERT INTO `meeting_individual_results` (`id`, `rank`, `is_play_off`, `is_out_of_race`, `is_disqualified`, `standard_points`, `meeting_individual_points`, `minutes`, `seconds`, `hundreds`, `meeting_program_id`, `swimmer_id`, `team_id`, `badge_id`, `user_id`, `created_at`, `updated_at`, `disqualification_code_type_id`, `goggle_cup_points`, `reaction_time`, `team_points`, `team_affiliation_id`, `is_personal_best`, `is_season_type_best`)
  VALUES (474240, 1, 1, 0, 0, 856.78, 856.78, 0, 43, 29, 83032, 7344, 741, 58439, 1, '2016-11-22 18:32:46', '2016-11-22 18:32:46', NULL, 0.0, 0.0, 0.0, 2683, 0, 0);

INSERT INTO `meeting_individual_results` (`id`, `rank`, `is_play_off`, `is_out_of_race`, `is_disqualified`, `standard_points`, `meeting_individual_points`, `minutes`, `seconds`, `hundreds`, `meeting_program_id`, `swimmer_id`, `team_id`, `badge_id`, `user_id`, `created_at`, `updated_at`, `disqualification_code_type_id`, `goggle_cup_points`, `reaction_time`, `team_points`, `team_affiliation_id`, `is_personal_best`, `is_season_type_best`)
  VALUES (474241, 2, 1, 0, 0, 445.9, 445.9, 1, 23, 18, 83032, 3719, 741, 58289, 1, '2016-11-22 18:32:46', '2016-11-22 18:32:46', NULL, 0.0, 0.0, 0.0, 2683, 0, 0);

INSERT INTO `meeting_individual_results` (`id`, `rank`, `is_play_off`, `is_out_of_race`, `is_disqualified`, `standard_points`, `meeting_individual_points`, `minutes`, `seconds`, `hundreds`, `meeting_program_id`, `swimmer_id`, `team_id`, `badge_id`, `user_id`, `created_at`, `updated_at`, `disqualification_code_type_id`, `goggle_cup_points`, `reaction_time`, `team_points`, `team_affiliation_id`, `is_personal_best`, `is_season_type_best`)
  VALUES (474242, 1, 1, 0, 0, 827.82, 827.82, 0, 52, 91, 83033, 7100, 219, 58440, 1, '2016-11-22 18:32:46', '2016-11-22 18:32:46', NULL, 0.0, 0.0, 0.0, 2461, 0, 0);

INSERT INTO `meeting_individual_results` (`id`, `rank`, `is_play_off`, `is_out_of_race`, `is_disqualified`, `standard_points`, `meeting_individual_points`, `minutes`, `seconds`, `hundreds`, `meeting_program_id`, `swimmer_id`, `team_id`, `badge_id`, `user_id`, `created_at`, `updated_at`, `disqualification_code_type_id`, `goggle_cup_points`, `reaction_time`, `team_points`, `team_affiliation_id`, `is_personal_best`, `is_season_type_best`)
  VALUES (474243, 1, 1, 0, 0, 789.65, 789.65, 0, 32, 47, 83034, 28115, 741, 62575, 1, '2016-11-22 18:32:46', '2016-11-22 18:32:46', NULL, 0.0, 0.0, 0.0, 2683, 0, 0);

INSERT INTO `meeting_individual_results` (`id`, `rank`, `is_play_off`, `is_out_of_race`, `is_disqualified`, `standard_points`, `meeting_individual_points`, `minutes`, `seconds`, `hundreds`, `meeting_program_id`, `swimmer_id`, `team_id`, `badge_id`, `user_id`, `created_at`, `updated_at`, `disqualification_code_type_id`, `goggle_cup_points`, `reaction_time`, `team_points`, `team_affiliation_id`, `is_personal_best`, `is_season_type_best`)
  VALUES (474244, 2, 1, 0, 0, 776.5, 776.5, 0, 33, 2, 83034, 28504, 366, 62588, 1, '2016-11-22 18:32:46', '2016-11-22 18:32:46', NULL, 0.0, 0.0, 0.0, 2855, 0, 0);

INSERT INTO `meeting_individual_results` (`id`, `rank`, `is_play_off`, `is_out_of_race`, `is_disqualified`, `standard_points`, `meeting_individual_points`, `minutes`, `seconds`, `hundreds`, `meeting_program_id`, `swimmer_id`, `team_id`, `badge_id`, `user_id`, `created_at`, `updated_at`, `disqualification_code_type_id`, `goggle_cup_points`, `reaction_time`, `team_points`, `team_affiliation_id`, `is_personal_best`, `is_season_type_best`)
  VALUES (474245, 1, 1, 0, 0, 817.06, 817.06, 0, 31, 54, 83035, 28503, 16, 62562, 1, '2016-11-22 18:32:46', '2016-11-22 18:32:46', NULL, 0.0, 0.0, 0.0, 2685, 0, 0);

INSERT INTO `meeting_individual_results` (`id`, `rank`, `is_play_off`, `is_out_of_race`, `is_disqualified`, `standard_points`, `meeting_individual_points`, `minutes`, `seconds`, `hundreds`, `meeting_program_id`, `swimmer_id`, `team_id`, `badge_id`, `user_id`, `created_at`, `updated_at`, `disqualification_code_type_id`, `goggle_cup_points`, `reaction_time`, `team_points`, `team_affiliation_id`, `is_personal_best`, `is_season_type_best`)
  VALUES (474246, 2, 1, 0, 0, 677.27, 677.27, 0, 38, 5, 83035, 28041, 298, 62563, 1, '2016-11-22 18:32:46', '2016-11-22 18:32:46', NULL, 0.0, 0.0, 0.0, 2852, 0, 0);

INSERT INTO `meeting_individual_results` (`id`, `rank`, `is_play_off`, `is_out_of_race`, `is_disqualified`, `standard_points`, `meeting_individual_points`, `minutes`, `seconds`, `hundreds`, `meeting_program_id`, `swimmer_id`, `team_id`, `badge_id`, `user_id`, `created_at`, `updated_at`, `disqualification_code_type_id`, `goggle_cup_points`, `reaction_time`, `team_points`, `team_affiliation_id`, `is_personal_best`, `is_season_type_best`)
  VALUES (474247, 1, 1, 0, 0, 709.6, 709.6, 0, 36, 88, 83036, 6707, 321, 58299, 1, '2016-11-22 18:32:46', '2016-11-22 18:32:46', NULL, 0.0, 0.0, 0.0, 2643, 0, 0);

INSERT INTO `meeting_individual_results` (`id`, `rank`, `is_play_off`, `is_out_of_race`, `is_disqualified`, `standard_points`, `meeting_individual_points`, `minutes`, `seconds`, `hundreds`, `meeting_program_id`, `swimmer_id`, `team_id`, `badge_id`, `user_id`, `created_at`, `updated_at`, `disqualification_code_type_id`, `goggle_cup_points`, `reaction_time`, `team_points`, `team_affiliation_id`, `is_personal_best`, `is_season_type_best`)
  VALUES (474248, 2, 1, 0, 0, 572.77, 572.77, 0, 45, 69, 83036, 27646, 685, 57517, 1, '2016-11-22 18:32:46', '2016-11-22 18:32:46', NULL, 0.0, 0.0, 0.0, 2641, 0, 0);

INSERT INTO `meeting_individual_results` (`id`, `rank`, `is_play_off`, `is_out_of_race`, `is_disqualified`, `standard_points`, `meeting_individual_points`, `minutes`, `seconds`, `hundreds`, `meeting_program_id`, `swimmer_id`, `team_id`, `badge_id`, `user_id`, `created_at`, `updated_at`, `disqualification_code_type_id`, `goggle_cup_points`, `reaction_time`, `team_points`, `team_affiliation_id`, `is_personal_best`, `is_season_type_best`)
  VALUES (474249, 3, 1, 0, 0, 481.95, 481.95, 0, 54, 30, 83036, 27896, 219, 62589, 1, '2016-11-22 18:32:47', '2016-11-22 18:32:47', NULL, 0.0, 0.0, 0.0, 2461, 0, 0);

INSERT INTO `meeting_individual_results` (`id`, `rank`, `is_play_off`, `is_out_of_race`, `is_disqualified`, `standard_points`, `meeting_individual_points`, `minutes`, `seconds`, `hundreds`, `meeting_program_id`, `swimmer_id`, `team_id`, `badge_id`, `user_id`, `created_at`, `updated_at`, `disqualification_code_type_id`, `goggle_cup_points`, `reaction_time`, `team_points`, `team_affiliation_id`, `is_personal_best`, `is_season_type_best`)
  VALUES (474250, 1, 1, 0, 0, 793.93, 793.93, 0, 33, 63, 83037, 13091, 16, 58156, 1, '2016-11-22 18:32:47', '2016-11-22 18:32:47', NULL, 0.0, 0.0, 0.0, 2685, 0, 0);

INSERT INTO `meeting_individual_results` (`id`, `rank`, `is_play_off`, `is_out_of_race`, `is_disqualified`, `standard_points`, `meeting_individual_points`, `minutes`, `seconds`, `hundreds`, `meeting_program_id`, `swimmer_id`, `team_id`, `badge_id`, `user_id`, `created_at`, `updated_at`, `disqualification_code_type_id`, `goggle_cup_points`, `reaction_time`, `team_points`, `team_affiliation_id`, `is_personal_best`, `is_season_type_best`)
  VALUES (474251, 2, 1, 0, 0, 724.36, 724.36, 0, 36, 86, 83037, 7903, 741, 58301, 1, '2016-11-22 18:32:47', '2016-11-22 18:32:47', NULL, 0.0, 0.0, 0.0, 2683, 0, 0);

INSERT INTO `meeting_individual_results` (`id`, `rank`, `is_play_off`, `is_out_of_race`, `is_disqualified`, `standard_points`, `meeting_individual_points`, `minutes`, `seconds`, `hundreds`, `meeting_program_id`, `swimmer_id`, `team_id`, `badge_id`, `user_id`, `created_at`, `updated_at`, `disqualification_code_type_id`, `goggle_cup_points`, `reaction_time`, `team_points`, `team_affiliation_id`, `is_personal_best`, `is_season_type_best`)
  VALUES (474252, 3, 1, 0, 0, 620.07, 620.07, 0, 43, 6, 83037, 28507, 16, 62564, 1, '2016-11-22 18:32:47', '2016-11-22 18:32:47', NULL, 0.0, 0.0, 0.0, 2685, 0, 0);

INSERT INTO `meeting_individual_results` (`id`, `rank`, `is_play_off`, `is_out_of_race`, `is_disqualified`, `standard_points`, `meeting_individual_points`, `minutes`, `seconds`, `hundreds`, `meeting_program_id`, `swimmer_id`, `team_id`, `badge_id`, `user_id`, `created_at`, `updated_at`, `disqualification_code_type_id`, `goggle_cup_points`, `reaction_time`, `team_points`, `team_affiliation_id`, `is_personal_best`, `is_season_type_best`)
  VALUES (474253, 4, 1, 0, 0, 600.95, 600.95, 0, 44, 43, 83037, 28509, 298, 62591, 1, '2016-11-22 18:32:47', '2016-11-22 18:32:47', NULL, 0.0, 0.0, 0.0, 2852, 0, 0);

INSERT INTO `meeting_individual_results` (`id`, `rank`, `is_play_off`, `is_out_of_race`, `is_disqualified`, `standard_points`, `meeting_individual_points`, `minutes`, `seconds`, `hundreds`, `meeting_program_id`, `swimmer_id`, `team_id`, `badge_id`, `user_id`, `created_at`, `updated_at`, `disqualification_code_type_id`, `goggle_cup_points`, `reaction_time`, `team_points`, `team_affiliation_id`, `is_personal_best`, `is_season_type_best`)
  VALUES (474254, 5, 1, 0, 0, 573.08, 573.08, 0, 46, 59, 83037, 25129, 298, 62590, 1, '2016-11-22 18:32:47', '2016-11-22 18:32:47', NULL, 0.0, 0.0, 0.0, 2852, 0, 0);

INSERT INTO `meeting_individual_results` (`id`, `rank`, `is_play_off`, `is_out_of_race`, `is_disqualified`, `standard_points`, `meeting_individual_points`, `minutes`, `seconds`, `hundreds`, `meeting_program_id`, `swimmer_id`, `team_id`, `badge_id`, `user_id`, `created_at`, `updated_at`, `disqualification_code_type_id`, `goggle_cup_points`, `reaction_time`, `team_points`, `team_affiliation_id`, `is_personal_best`, `is_season_type_best`)
  VALUES (474255, 1, 1, 0, 0, 621.47, 621.47, 0, 43, 51, 83038, 7909, 424, 62593, 1, '2016-11-22 18:32:47', '2016-11-22 18:32:47', NULL, 0.0, 0.0, 0.0, 2675, 0, 0);

INSERT INTO `meeting_individual_results` (`id`, `rank`, `is_play_off`, `is_out_of_race`, `is_disqualified`, `standard_points`, `meeting_individual_points`, `minutes`, `seconds`, `hundreds`, `meeting_program_id`, `swimmer_id`, `team_id`, `badge_id`, `user_id`, `created_at`, `updated_at`, `disqualification_code_type_id`, `goggle_cup_points`, `reaction_time`, `team_points`, `team_affiliation_id`, `is_personal_best`, `is_season_type_best`)
  VALUES (474256, 1, 1, 0, 0, 559.83, 559.83, 0, 49, 64, 83039, 5075, 320, 62566, 1, '2016-11-22 18:32:47', '2016-11-22 18:32:47', NULL, 0.0, 0.0, 0.0, 2699, 0, 0);

INSERT INTO `meeting_individual_results` (`id`, `rank`, `is_play_off`, `is_out_of_race`, `is_disqualified`, `standard_points`, `meeting_individual_points`, `minutes`, `seconds`, `hundreds`, `meeting_program_id`, `swimmer_id`, `team_id`, `badge_id`, `user_id`, `created_at`, `updated_at`, `disqualification_code_type_id`, `goggle_cup_points`, `reaction_time`, `team_points`, `team_affiliation_id`, `is_personal_best`, `is_season_type_best`)
  VALUES (474257, 1, 1, 0, 0, 689.74, 689.74, 0, 59, 24, 83040, 7908, 741, 58389, 1, '2016-11-22 18:32:47', '2016-11-22 18:32:47', NULL, 0.0, 0.0, 0.0, 2683, 0, 0);

INSERT INTO `meeting_individual_results` (`id`, `rank`, `is_play_off`, `is_out_of_race`, `is_disqualified`, `standard_points`, `meeting_individual_points`, `minutes`, `seconds`, `hundreds`, `meeting_program_id`, `swimmer_id`, `team_id`, `badge_id`, `user_id`, `created_at`, `updated_at`, `disqualification_code_type_id`, `goggle_cup_points`, `reaction_time`, `team_points`, `team_affiliation_id`, `is_personal_best`, `is_season_type_best`)
  VALUES (474258, 1, 1, 0, 0, 910.39, 910.39, 0, 24, 44, 83041, 1927, 716, 58175, 1, '2016-11-22 18:32:47', '2016-11-22 18:32:47', NULL, 0.0, 0.0, 0.0, 2498, 0, 0);

INSERT INTO `meeting_individual_results` (`id`, `rank`, `is_play_off`, `is_out_of_race`, `is_disqualified`, `standard_points`, `meeting_individual_points`, `minutes`, `seconds`, `hundreds`, `meeting_program_id`, `swimmer_id`, `team_id`, `badge_id`, `user_id`, `created_at`, `updated_at`, `disqualification_code_type_id`, `goggle_cup_points`, `reaction_time`, `team_points`, `team_affiliation_id`, `is_personal_best`, `is_season_type_best`)
  VALUES (474259, 2, 1, 0, 0, 813.83, 813.83, 0, 27, 34, 83041, 7993, 366, 62605, 1, '2016-11-22 18:32:47', '2016-11-22 18:32:47', NULL, 0.0, 0.0, 0.0, 2855, 0, 0);

INSERT INTO `meeting_individual_results` (`id`, `rank`, `is_play_off`, `is_out_of_race`, `is_disqualified`, `standard_points`, `meeting_individual_points`, `minutes`, `seconds`, `hundreds`, `meeting_program_id`, `swimmer_id`, `team_id`, `badge_id`, `user_id`, `created_at`, `updated_at`, `disqualification_code_type_id`, `goggle_cup_points`, `reaction_time`, `team_points`, `team_affiliation_id`, `is_personal_best`, `is_season_type_best`)
  VALUES (474260, 3, 1, 0, 0, 793.51, 793.51, 0, 28, 4, 83041, 9849, 609, 62567, 1, '2016-11-22 18:32:47', '2016-11-22 18:32:47', NULL, 0.0, 0.0, 0.0, 2853, 0, 0);

INSERT INTO `meeting_individual_results` (`id`, `rank`, `is_play_off`, `is_out_of_race`, `is_disqualified`, `standard_points`, `meeting_individual_points`, `minutes`, `seconds`, `hundreds`, `meeting_program_id`, `swimmer_id`, `team_id`, `badge_id`, `user_id`, `created_at`, `updated_at`, `disqualification_code_type_id`, `goggle_cup_points`, `reaction_time`, `team_points`, `team_affiliation_id`, `is_personal_best`, `is_season_type_best`)
  VALUES (474261, 4, 1, 0, 0, 769.9, 769.9, 0, 28, 90, 83041, 26954, 219, 62576, 1, '2016-11-22 18:32:47', '2016-11-22 18:32:47', NULL, 0.0, 0.0, 0.0, 2461, 0, 0);

INSERT INTO `meeting_individual_results` (`id`, `rank`, `is_play_off`, `is_out_of_race`, `is_disqualified`, `standard_points`, `meeting_individual_points`, `minutes`, `seconds`, `hundreds`, `meeting_program_id`, `swimmer_id`, `team_id`, `badge_id`, `user_id`, `created_at`, `updated_at`, `disqualification_code_type_id`, `goggle_cup_points`, `reaction_time`, `team_points`, `team_affiliation_id`, `is_personal_best`, `is_season_type_best`)
  VALUES (474262, 5, 1, 0, 0, 724.28, 724.28, 0, 30, 72, 83041, 11447, 366, 62594, 1, '2016-11-22 18:32:47', '2016-11-22 18:32:47', NULL, 0.0, 0.0, 0.0, 2855, 0, 0);

INSERT INTO `meeting_individual_results` (`id`, `rank`, `is_play_off`, `is_out_of_race`, `is_disqualified`, `standard_points`, `meeting_individual_points`, `minutes`, `seconds`, `hundreds`, `meeting_program_id`, `swimmer_id`, `team_id`, `badge_id`, `user_id`, `created_at`, `updated_at`, `disqualification_code_type_id`, `goggle_cup_points`, `reaction_time`, `team_points`, `team_affiliation_id`, `is_personal_best`, `is_season_type_best`)
  VALUES (474263, 6, 1, 0, 0, 710.18, 710.18, 0, 31, 33, 83041, 24289, 321, 62577, 1, '2016-11-22 18:32:47', '2016-11-22 18:32:47', NULL, 0.0, 0.0, 0.0, 2643, 0, 0);

INSERT INTO `meeting_individual_results` (`id`, `rank`, `is_play_off`, `is_out_of_race`, `is_disqualified`, `standard_points`, `meeting_individual_points`, `minutes`, `seconds`, `hundreds`, `meeting_program_id`, `swimmer_id`, `team_id`, `badge_id`, `user_id`, `created_at`, `updated_at`, `disqualification_code_type_id`, `goggle_cup_points`, `reaction_time`, `team_points`, `team_affiliation_id`, `is_personal_best`, `is_season_type_best`)
  VALUES (474264, 7, 1, 0, 0, 672.61, 672.61, 0, 33, 8, 83041, 24276, 321, 58515, 1, '2016-11-22 18:32:47', '2016-11-22 18:32:47', NULL, 0.0, 0.0, 0.0, 2643, 0, 0);

INSERT INTO `meeting_individual_results` (`id`, `rank`, `is_play_off`, `is_out_of_race`, `is_disqualified`, `standard_points`, `meeting_individual_points`, `minutes`, `seconds`, `hundreds`, `meeting_program_id`, `swimmer_id`, `team_id`, `badge_id`, `user_id`, `created_at`, `updated_at`, `disqualification_code_type_id`, `goggle_cup_points`, `reaction_time`, `team_points`, `team_affiliation_id`, `is_personal_best`, `is_season_type_best`)
  VALUES (474265, 1, 1, 0, 0, 822.57, 822.57, 0, 27, 11, 83042, 19585, 424, 62570, 1, '2016-11-22 18:32:47', '2016-11-22 18:32:47', NULL, 0.0, 0.0, 0.0, 2675, 0, 0);

INSERT INTO `meeting_individual_results` (`id`, `rank`, `is_play_off`, `is_out_of_race`, `is_disqualified`, `standard_points`, `meeting_individual_points`, `minutes`, `seconds`, `hundreds`, `meeting_program_id`, `swimmer_id`, `team_id`, `badge_id`, `user_id`, `created_at`, `updated_at`, `disqualification_code_type_id`, `goggle_cup_points`, `reaction_time`, `team_points`, `team_affiliation_id`, `is_personal_best`, `is_season_type_best`)
  VALUES (474266, 2, 1, 0, 0, 767.64, 767.64, 0, 29, 5, 83042, 22519, 685, 62581, 1, '2016-11-22 18:32:48', '2016-11-22 18:32:48', NULL, 0.0, 0.0, 0.0, 2641, 0, 0);

INSERT INTO `meeting_individual_results` (`id`, `rank`, `is_play_off`, `is_out_of_race`, `is_disqualified`, `standard_points`, `meeting_individual_points`, `minutes`, `seconds`, `hundreds`, `meeting_program_id`, `swimmer_id`, `team_id`, `badge_id`, `user_id`, `created_at`, `updated_at`, `disqualification_code_type_id`, `goggle_cup_points`, `reaction_time`, `team_points`, `team_affiliation_id`, `is_personal_best`, `is_season_type_best`)
  VALUES (474267, 3, 1, 0, 0, 666.47, 666.47, 0, 33, 46, 83042, 27733, 374, 58191, 1, '2016-11-22 18:32:48', '2016-11-22 18:32:48', NULL, 0.0, 0.0, 0.0, 2679, 0, 0);

INSERT INTO `meeting_individual_results` (`id`, `rank`, `is_play_off`, `is_out_of_race`, `is_disqualified`, `standard_points`, `meeting_individual_points`, `minutes`, `seconds`, `hundreds`, `meeting_program_id`, `swimmer_id`, `team_id`, `badge_id`, `user_id`, `created_at`, `updated_at`, `disqualification_code_type_id`, `goggle_cup_points`, `reaction_time`, `team_points`, `team_affiliation_id`, `is_personal_best`, `is_season_type_best`)
  VALUES (474268, 4, 1, 0, 0, 606.97, 606.97, 0, 36, 74, 83042, 27790, 321, 58395, 1, '2016-11-22 18:32:48', '2016-11-22 18:32:48', NULL, 0.0, 0.0, 0.0, 2643, 0, 0);

INSERT INTO `meeting_individual_results` (`id`, `rank`, `is_play_off`, `is_out_of_race`, `is_disqualified`, `standard_points`, `meeting_individual_points`, `minutes`, `seconds`, `hundreds`, `meeting_program_id`, `swimmer_id`, `team_id`, `badge_id`, `user_id`, `created_at`, `updated_at`, `disqualification_code_type_id`, `goggle_cup_points`, `reaction_time`, `team_points`, `team_affiliation_id`, `is_personal_best`, `is_season_type_best`)
  VALUES (474269, 5, 1, 0, 0, 505.44, 505.44, 0, 44, 12, 83042, 27783, 321, 58396, 1, '2016-11-22 18:32:48', '2016-11-22 18:32:48', NULL, 0.0, 0.0, 0.0, 2643, 0, 0);

INSERT INTO `meeting_individual_results` (`id`, `rank`, `is_play_off`, `is_out_of_race`, `is_disqualified`, `standard_points`, `meeting_individual_points`, `minutes`, `seconds`, `hundreds`, `meeting_program_id`, `swimmer_id`, `team_id`, `badge_id`, `user_id`, `created_at`, `updated_at`, `disqualification_code_type_id`, `goggle_cup_points`, `reaction_time`, `team_points`, `team_affiliation_id`, `is_personal_best`, `is_season_type_best`)
  VALUES (474270, 1, 1, 0, 0, 831.57, 831.57, 0, 27, 43, 83043, 6779, 741, 58470, 1, '2016-11-22 18:32:48', '2016-11-22 18:32:48', NULL, 0.0, 0.0, 0.0, 2683, 0, 0);

INSERT INTO `meeting_individual_results` (`id`, `rank`, `is_play_off`, `is_out_of_race`, `is_disqualified`, `standard_points`, `meeting_individual_points`, `minutes`, `seconds`, `hundreds`, `meeting_program_id`, `swimmer_id`, `team_id`, `badge_id`, `user_id`, `created_at`, `updated_at`, `disqualification_code_type_id`, `goggle_cup_points`, `reaction_time`, `team_points`, `team_affiliation_id`, `is_personal_best`, `is_season_type_best`)
  VALUES (474271, 2, 1, 0, 0, 773.74, 773.74, 0, 29, 48, 83043, 24797, 321, 58319, 1, '2016-11-22 18:32:48', '2016-11-22 18:32:48', NULL, 0.0, 0.0, 0.0, 2643, 0, 0);

INSERT INTO `meeting_individual_results` (`id`, `rank`, `is_play_off`, `is_out_of_race`, `is_disqualified`, `standard_points`, `meeting_individual_points`, `minutes`, `seconds`, `hundreds`, `meeting_program_id`, `swimmer_id`, `team_id`, `badge_id`, `user_id`, `created_at`, `updated_at`, `disqualification_code_type_id`, `goggle_cup_points`, `reaction_time`, `team_points`, `team_affiliation_id`, `is_personal_best`, `is_season_type_best`)
  VALUES (474272, 3, 1, 0, 0, 749.59, 749.59, 0, 30, 43, 83043, 18575, 741, 58318, 1, '2016-11-22 18:32:48', '2016-11-22 18:32:48', NULL, 0.0, 0.0, 0.0, 2683, 0, 0);

INSERT INTO `meeting_individual_results` (`id`, `rank`, `is_play_off`, `is_out_of_race`, `is_disqualified`, `standard_points`, `meeting_individual_points`, `minutes`, `seconds`, `hundreds`, `meeting_program_id`, `swimmer_id`, `team_id`, `badge_id`, `user_id`, `created_at`, `updated_at`, `disqualification_code_type_id`, `goggle_cup_points`, `reaction_time`, `team_points`, `team_affiliation_id`, `is_personal_best`, `is_season_type_best`)
  VALUES (474273, 4, 1, 0, 0, 705.97, 705.97, 0, 32, 31, 83043, 28508, 366, 62596, 1, '2016-11-22 18:32:48', '2016-11-22 18:32:48', NULL, 0.0, 0.0, 0.0, 2855, 0, 0);

INSERT INTO `meeting_individual_results` (`id`, `rank`, `is_play_off`, `is_out_of_race`, `is_disqualified`, `standard_points`, `meeting_individual_points`, `minutes`, `seconds`, `hundreds`, `meeting_program_id`, `swimmer_id`, `team_id`, `badge_id`, `user_id`, `created_at`, `updated_at`, `disqualification_code_type_id`, `goggle_cup_points`, `reaction_time`, `team_points`, `team_affiliation_id`, `is_personal_best`, `is_season_type_best`)
  VALUES (474274, 5, 1, 0, 0, 704.45, 704.45, 0, 32, 38, 83043, 27727, 741, 58199, 1, '2016-11-22 18:32:48', '2016-11-22 18:32:48', NULL, 0.0, 0.0, 0.0, 2683, 0, 0);

INSERT INTO `meeting_individual_results` (`id`, `rank`, `is_play_off`, `is_out_of_race`, `is_disqualified`, `standard_points`, `meeting_individual_points`, `minutes`, `seconds`, `hundreds`, `meeting_program_id`, `swimmer_id`, `team_id`, `badge_id`, `user_id`, `created_at`, `updated_at`, `disqualification_code_type_id`, `goggle_cup_points`, `reaction_time`, `team_points`, `team_affiliation_id`, `is_personal_best`, `is_season_type_best`)
  VALUES (474275, 6, 1, 0, 0, 679.07, 679.07, 0, 33, 59, 83043, 28501, 321, 62595, 1, '2016-11-22 18:32:48', '2016-11-22 18:32:48', NULL, 0.0, 0.0, 0.0, 2643, 0, 0);

INSERT INTO `meeting_individual_results` (`id`, `rank`, `is_play_off`, `is_out_of_race`, `is_disqualified`, `standard_points`, `meeting_individual_points`, `minutes`, `seconds`, `hundreds`, `meeting_program_id`, `swimmer_id`, `team_id`, `badge_id`, `user_id`, `created_at`, `updated_at`, `disqualification_code_type_id`, `goggle_cup_points`, `reaction_time`, `team_points`, `team_affiliation_id`, `is_personal_best`, `is_season_type_best`)
  VALUES (474276, 7, 1, 0, 0, 671.47, 671.47, 0, 33, 97, 83043, 10747, 991, 62582, 1, '2016-11-22 18:32:48', '2016-11-22 18:32:48', NULL, 0.0, 0.0, 0.0, 2749, 0, 0);

INSERT INTO `meeting_individual_results` (`id`, `rank`, `is_play_off`, `is_out_of_race`, `is_disqualified`, `standard_points`, `meeting_individual_points`, `minutes`, `seconds`, `hundreds`, `meeting_program_id`, `swimmer_id`, `team_id`, `badge_id`, `user_id`, `created_at`, `updated_at`, `disqualification_code_type_id`, `goggle_cup_points`, `reaction_time`, `team_points`, `team_affiliation_id`, `is_personal_best`, `is_season_type_best`)
  VALUES (474277, 8, 1, 0, 0, 660.01, 660.01, 0, 34, 56, 83043, 6706, 366, 62578, 1, '2016-11-22 18:32:48', '2016-11-22 18:32:48', NULL, 0.0, 0.0, 0.0, 2855, 0, 0);

INSERT INTO `meeting_individual_results` (`id`, `rank`, `is_play_off`, `is_out_of_race`, `is_disqualified`, `standard_points`, `meeting_individual_points`, `minutes`, `seconds`, `hundreds`, `meeting_program_id`, `swimmer_id`, `team_id`, `badge_id`, `user_id`, `created_at`, `updated_at`, `disqualification_code_type_id`, `goggle_cup_points`, `reaction_time`, `team_points`, `team_affiliation_id`, `is_personal_best`, `is_season_type_best`)
  VALUES (474278, 9, 1, 0, 0, 615.16, 615.16, 0, 37, 8, 83043, 28506, 366, 62597, 1, '2016-11-22 18:32:48', '2016-11-22 18:32:48', NULL, 0.0, 0.0, 0.0, 2855, 0, 0);

INSERT INTO `meeting_individual_results` (`id`, `rank`, `is_play_off`, `is_out_of_race`, `is_disqualified`, `standard_points`, `meeting_individual_points`, `minutes`, `seconds`, `hundreds`, `meeting_program_id`, `swimmer_id`, `team_id`, `badge_id`, `user_id`, `created_at`, `updated_at`, `disqualification_code_type_id`, `goggle_cup_points`, `reaction_time`, `team_points`, `team_affiliation_id`, `is_personal_best`, `is_season_type_best`)
  VALUES (474279, 1, 1, 0, 0, 886.74, 886.74, 0, 26, 40, 83044, 4007, 980, 62598, 1, '2016-11-22 18:32:48', '2016-11-22 18:32:48', NULL, 0.0, 0.0, 0.0, 2646, 0, 0);

INSERT INTO `meeting_individual_results` (`id`, `rank`, `is_play_off`, `is_out_of_race`, `is_disqualified`, `standard_points`, `meeting_individual_points`, `minutes`, `seconds`, `hundreds`, `meeting_program_id`, `swimmer_id`, `team_id`, `badge_id`, `user_id`, `created_at`, `updated_at`, `disqualification_code_type_id`, `goggle_cup_points`, `reaction_time`, `team_points`, `team_affiliation_id`, `is_personal_best`, `is_season_type_best`)
  VALUES (474280, 2, 1, 0, 0, 825.46, 825.46, 0, 28, 36, 83044, 7939, 424, 58524, 1, '2016-11-22 18:32:48', '2016-11-22 18:32:48', NULL, 0.0, 0.0, 0.0, 2675, 0, 0);

INSERT INTO `meeting_individual_results` (`id`, `rank`, `is_play_off`, `is_out_of_race`, `is_disqualified`, `standard_points`, `meeting_individual_points`, `minutes`, `seconds`, `hundreds`, `meeting_program_id`, `swimmer_id`, `team_id`, `badge_id`, `user_id`, `created_at`, `updated_at`, `disqualification_code_type_id`, `goggle_cup_points`, `reaction_time`, `team_points`, `team_affiliation_id`, `is_personal_best`, `is_season_type_best`)
  VALUES (474281, 3, 1, 0, 0, 688.93, 688.93, 0, 33, 98, 83044, 21460, 685, 62599, 1, '2016-11-22 18:32:48', '2016-11-22 18:32:48', NULL, 0.0, 0.0, 0.0, 2641, 0, 0);

INSERT INTO `meeting_individual_results` (`id`, `rank`, `is_play_off`, `is_out_of_race`, `is_disqualified`, `standard_points`, `meeting_individual_points`, `minutes`, `seconds`, `hundreds`, `meeting_program_id`, `swimmer_id`, `team_id`, `badge_id`, `user_id`, `created_at`, `updated_at`, `disqualification_code_type_id`, `goggle_cup_points`, `reaction_time`, `team_points`, `team_affiliation_id`, `is_personal_best`, `is_season_type_best`)
  VALUES (474282, 4, 1, 0, 0, 670.01, 670.01, 0, 34, 94, 83044, 7981, 366, 62600, 1, '2016-11-22 18:32:48', '2016-11-22 18:32:48', NULL, 0.0, 0.0, 0.0, 2855, 0, 0);

INSERT INTO `meeting_individual_results` (`id`, `rank`, `is_play_off`, `is_out_of_race`, `is_disqualified`, `standard_points`, `meeting_individual_points`, `minutes`, `seconds`, `hundreds`, `meeting_program_id`, `swimmer_id`, `team_id`, `badge_id`, `user_id`, `created_at`, `updated_at`, `disqualification_code_type_id`, `goggle_cup_points`, `reaction_time`, `team_points`, `team_affiliation_id`, `is_personal_best`, `is_season_type_best`)
  VALUES (474283, 5, 1, 0, 0, 663.93, 663.93, 0, 35, 26, 83044, 28516, 321, 62579, 1, '2016-11-22 18:32:49', '2016-11-22 18:32:49', NULL, 0.0, 0.0, 0.0, 2643, 0, 0);

INSERT INTO `meeting_individual_results` (`id`, `rank`, `is_play_off`, `is_out_of_race`, `is_disqualified`, `standard_points`, `meeting_individual_points`, `minutes`, `seconds`, `hundreds`, `meeting_program_id`, `swimmer_id`, `team_id`, `badge_id`, `user_id`, `created_at`, `updated_at`, `disqualification_code_type_id`, `goggle_cup_points`, `reaction_time`, `team_points`, `team_affiliation_id`, `is_personal_best`, `is_season_type_best`)
  VALUES (474284, 6, 1, 0, 0, 652.09, 652.09, 0, 35, 90, 83044, 27749, 321, 58413, 1, '2016-11-22 18:32:49', '2016-11-22 18:32:49', NULL, 0.0, 0.0, 0.0, 2643, 0, 0);

INSERT INTO `meeting_individual_results` (`id`, `rank`, `is_play_off`, `is_out_of_race`, `is_disqualified`, `standard_points`, `meeting_individual_points`, `minutes`, `seconds`, `hundreds`, `meeting_program_id`, `swimmer_id`, `team_id`, `badge_id`, `user_id`, `created_at`, `updated_at`, `disqualification_code_type_id`, `goggle_cup_points`, `reaction_time`, `team_points`, `team_affiliation_id`, `is_personal_best`, `is_season_type_best`)
  VALUES (474285, 7, 1, 0, 0, 550.18, 550.18, 0, 42, 55, 83044, 27763, 321, 58414, 1, '2016-11-22 18:32:49', '2016-11-22 18:32:49', NULL, 0.0, 0.0, 0.0, 2643, 0, 0);

INSERT INTO `meeting_individual_results` (`id`, `rank`, `is_play_off`, `is_out_of_race`, `is_disqualified`, `standard_points`, `meeting_individual_points`, `minutes`, `seconds`, `hundreds`, `meeting_program_id`, `swimmer_id`, `team_id`, `badge_id`, `user_id`, `created_at`, `updated_at`, `disqualification_code_type_id`, `goggle_cup_points`, `reaction_time`, `team_points`, `team_affiliation_id`, `is_personal_best`, `is_season_type_best`)
  VALUES (474286, 1, 1, 0, 0, 784.77, 784.77, 0, 30, 34, 83045, 7239, 716, 58484, 1, '2016-11-22 18:32:49', '2016-11-22 18:32:49', NULL, 0.0, 0.0, 0.0, 2498, 0, 0);

INSERT INTO `meeting_individual_results` (`id`, `rank`, `is_play_off`, `is_out_of_race`, `is_disqualified`, `standard_points`, `meeting_individual_points`, `minutes`, `seconds`, `hundreds`, `meeting_program_id`, `swimmer_id`, `team_id`, `badge_id`, `user_id`, `created_at`, `updated_at`, `disqualification_code_type_id`, `goggle_cup_points`, `reaction_time`, `team_points`, `team_affiliation_id`, `is_personal_best`, `is_season_type_best`)
  VALUES (474287, 2, 1, 0, 0, 703.19, 703.19, 0, 33, 86, 83045, 1982, 716, 62571, 1, '2016-11-22 18:32:49', '2016-11-22 18:32:49', NULL, 0.0, 0.0, 0.0, 2498, 0, 0);

INSERT INTO `meeting_individual_results` (`id`, `rank`, `is_play_off`, `is_out_of_race`, `is_disqualified`, `standard_points`, `meeting_individual_points`, `minutes`, `seconds`, `hundreds`, `meeting_program_id`, `swimmer_id`, `team_id`, `badge_id`, `user_id`, `created_at`, `updated_at`, `disqualification_code_type_id`, `goggle_cup_points`, `reaction_time`, `team_points`, `team_affiliation_id`, `is_personal_best`, `is_season_type_best`)
  VALUES (474288, 3, 1, 0, 0, 675.84, 675.84, 0, 35, 23, 83045, 11483, 321, 62584, 1, '2016-11-22 18:32:49', '2016-11-22 18:32:49', NULL, 0.0, 0.0, 0.0, 2643, 0, 0);

INSERT INTO `meeting_individual_results` (`id`, `rank`, `is_play_off`, `is_out_of_race`, `is_disqualified`, `standard_points`, `meeting_individual_points`, `minutes`, `seconds`, `hundreds`, `meeting_program_id`, `swimmer_id`, `team_id`, `badge_id`, `user_id`, `created_at`, `updated_at`, `disqualification_code_type_id`, `goggle_cup_points`, `reaction_time`, `team_points`, `team_affiliation_id`, `is_personal_best`, `is_season_type_best`)
  VALUES (474289, 4, 1, 0, 0, 582.58, 582.58, 0, 40, 87, 83045, 21866, 54, 62573, 1, '2016-11-22 18:32:49', '2016-11-22 18:32:49', NULL, 0.0, 0.0, 0.0, 2673, 0, 0);

INSERT INTO `meeting_individual_results` (`id`, `rank`, `is_play_off`, `is_out_of_race`, `is_disqualified`, `standard_points`, `meeting_individual_points`, `minutes`, `seconds`, `hundreds`, `meeting_program_id`, `swimmer_id`, `team_id`, `badge_id`, `user_id`, `created_at`, `updated_at`, `disqualification_code_type_id`, `goggle_cup_points`, `reaction_time`, `team_points`, `team_affiliation_id`, `is_personal_best`, `is_season_type_best`)
  VALUES (474290, 5, 1, 0, 0, 545.85, 545.85, 0, 43, 62, 83045, 28514, 366, 62601, 1, '2016-11-22 18:32:49', '2016-11-22 18:32:49', NULL, 0.0, 0.0, 0.0, 2855, 0, 0);

INSERT INTO `meeting_individual_results` (`id`, `rank`, `is_play_off`, `is_out_of_race`, `is_disqualified`, `standard_points`, `meeting_individual_points`, `minutes`, `seconds`, `hundreds`, `meeting_program_id`, `swimmer_id`, `team_id`, `badge_id`, `user_id`, `created_at`, `updated_at`, `disqualification_code_type_id`, `goggle_cup_points`, `reaction_time`, `team_points`, `team_affiliation_id`, `is_personal_best`, `is_season_type_best`)
  VALUES (474291, 6, 1, 0, 0, 410.31, 410.31, 0, 58, 3, 83045, 3705, 741, 62602, 1, '2016-11-22 18:32:49', '2016-11-22 18:32:49', NULL, 0.0, 0.0, 0.0, 2683, 0, 0);

INSERT INTO `meeting_individual_results` (`id`, `rank`, `is_play_off`, `is_out_of_race`, `is_disqualified`, `standard_points`, `meeting_individual_points`, `minutes`, `seconds`, `hundreds`, `meeting_program_id`, `swimmer_id`, `team_id`, `badge_id`, `user_id`, `created_at`, `updated_at`, `disqualification_code_type_id`, `goggle_cup_points`, `reaction_time`, `team_points`, `team_affiliation_id`, `is_personal_best`, `is_season_type_best`)
  VALUES (474292, 1, 1, 0, 0, 865.07, 865.07, 0, 28, 46, 83046, 4076, 219, 58423, 1, '2016-11-22 18:32:49', '2016-11-22 18:32:49', NULL, 0.0, 0.0, 0.0, 2461, 0, 0);

INSERT INTO `meeting_individual_results` (`id`, `rank`, `is_play_off`, `is_out_of_race`, `is_disqualified`, `standard_points`, `meeting_individual_points`, `minutes`, `seconds`, `hundreds`, `meeting_program_id`, `swimmer_id`, `team_id`, `badge_id`, `user_id`, `created_at`, `updated_at`, `disqualification_code_type_id`, `goggle_cup_points`, `reaction_time`, `team_points`, `team_affiliation_id`, `is_personal_best`, `is_season_type_best`)
  VALUES (474293, 2, 1, 0, 0, 831.48, 831.48, 0, 29, 61, 83046, 19761, 685, 57252, 1, '2016-11-22 18:32:49', '2016-11-22 18:32:49', NULL, 0.0, 0.0, 0.0, 2641, 0, 0);

INSERT INTO `meeting_individual_results` (`id`, `rank`, `is_play_off`, `is_out_of_race`, `is_disqualified`, `standard_points`, `meeting_individual_points`, `minutes`, `seconds`, `hundreds`, `meeting_program_id`, `swimmer_id`, `team_id`, `badge_id`, `user_id`, `created_at`, `updated_at`, `disqualification_code_type_id`, `goggle_cup_points`, `reaction_time`, `team_points`, `team_affiliation_id`, `is_personal_best`, `is_season_type_best`)
  VALUES (474294, 3, 1, 0, 0, 795.99, 795.99, 0, 30, 93, 83046, 19747, 685, 62604, 1, '2016-11-22 18:32:49', '2016-11-22 18:32:49', NULL, 0.0, 0.0, 0.0, 2641, 0, 0);

INSERT INTO `meeting_individual_results` (`id`, `rank`, `is_play_off`, `is_out_of_race`, `is_disqualified`, `standard_points`, `meeting_individual_points`, `minutes`, `seconds`, `hundreds`, `meeting_program_id`, `swimmer_id`, `team_id`, `badge_id`, `user_id`, `created_at`, `updated_at`, `disqualification_code_type_id`, `goggle_cup_points`, `reaction_time`, `team_points`, `team_affiliation_id`, `is_personal_best`, `is_season_type_best`)
  VALUES (474295, 4, 1, 0, 0, 769.13, 769.13, 0, 32, 1, 83046, 13153, 297, 58425, 1, '2016-11-22 18:32:49', '2016-11-22 18:32:49', NULL, 0.0, 0.0, 0.0, 2677, 0, 0);

INSERT INTO `meeting_individual_results` (`id`, `rank`, `is_play_off`, `is_out_of_race`, `is_disqualified`, `standard_points`, `meeting_individual_points`, `minutes`, `seconds`, `hundreds`, `meeting_program_id`, `swimmer_id`, `team_id`, `badge_id`, `user_id`, `created_at`, `updated_at`, `disqualification_code_type_id`, `goggle_cup_points`, `reaction_time`, `team_points`, `team_affiliation_id`, `is_personal_best`, `is_season_type_best`)
  VALUES (474296, 1, 1, 0, 0, 740.21, 740.21, 0, 33, 95, 83047, 11454, 54, 62585, 1, '2016-11-22 18:32:49', '2016-11-22 18:32:49', NULL, 0.0, 0.0, 0.0, 2673, 0, 0);

INSERT INTO `meeting_individual_results` (`id`, `rank`, `is_play_off`, `is_out_of_race`, `is_disqualified`, `standard_points`, `meeting_individual_points`, `minutes`, `seconds`, `hundreds`, `meeting_program_id`, `swimmer_id`, `team_id`, `badge_id`, `user_id`, `created_at`, `updated_at`, `disqualification_code_type_id`, `goggle_cup_points`, `reaction_time`, `team_points`, `team_affiliation_id`, `is_personal_best`, `is_season_type_best`)
  VALUES (474297, 1, 1, 0, 0, 939.92, 939.92, 0, 27, 63, 83048, 11451, 716, 55936, 1, '2016-11-22 18:32:49', '2016-11-22 18:32:49', NULL, 0.0, 0.0, 0.0, 2498, 0, 0);

INSERT INTO `meeting_individual_results` (`id`, `rank`, `is_play_off`, `is_out_of_race`, `is_disqualified`, `standard_points`, `meeting_individual_points`, `minutes`, `seconds`, `hundreds`, `meeting_program_id`, `swimmer_id`, `team_id`, `badge_id`, `user_id`, `created_at`, `updated_at`, `disqualification_code_type_id`, `goggle_cup_points`, `reaction_time`, `team_points`, `team_affiliation_id`, `is_personal_best`, `is_season_type_best`)
  VALUES (474298, 2, 1, 0, 0, 837.47, 837.47, 0, 31, 1, 83048, 8161, 991, 62587, 1, '2016-11-22 18:32:49', '2016-11-22 18:32:49', NULL, 0.0, 0.0, 0.0, 2749, 0, 0);

INSERT INTO `meeting_individual_results` (`id`, `rank`, `is_play_off`, `is_out_of_race`, `is_disqualified`, `standard_points`, `meeting_individual_points`, `minutes`, `seconds`, `hundreds`, `meeting_program_id`, `swimmer_id`, `team_id`, `badge_id`, `user_id`, `created_at`, `updated_at`, `disqualification_code_type_id`, `goggle_cup_points`, `reaction_time`, `team_points`, `team_affiliation_id`, `is_personal_best`, `is_season_type_best`)
  VALUES (474299, 3, 1, 0, 0, 651.53, 651.53, 0, 39, 86, 83048, 27794, 321, 58560, 1, '2016-11-22 18:32:49', '2016-11-22 18:32:49', NULL, 0.0, 0.0, 0.0, 2643, 0, 0);

INSERT INTO `meeting_individual_results` (`id`, `rank`, `is_play_off`, `is_out_of_race`, `is_disqualified`, `standard_points`, `meeting_individual_points`, `minutes`, `seconds`, `hundreds`, `meeting_program_id`, `swimmer_id`, `team_id`, `badge_id`, `user_id`, `created_at`, `updated_at`, `disqualification_code_type_id`, `goggle_cup_points`, `reaction_time`, `team_points`, `team_affiliation_id`, `is_personal_best`, `is_season_type_best`)
  VALUES (474300, 4, 1, 0, 0, 489.17, 489.17, 0, 53, 9, 83048, 27768, 321, 58547, 1, '2016-11-22 18:32:49', '2016-11-22 18:32:49', NULL, 0.0, 0.0, 0.0, 2643, 0, 0);

INSERT INTO `meeting_individual_results` (`id`, `rank`, `is_play_off`, `is_out_of_race`, `is_disqualified`, `standard_points`, `meeting_individual_points`, `minutes`, `seconds`, `hundreds`, `meeting_program_id`, `swimmer_id`, `team_id`, `badge_id`, `user_id`, `created_at`, `updated_at`, `disqualification_code_type_id`, `goggle_cup_points`, `reaction_time`, `team_points`, `team_affiliation_id`, `is_personal_best`, `is_season_type_best`)
  VALUES (474301, 1, 1, 0, 0, 810.25, 810.25, 0, 33, 36, 83049, 7273, 219, 62580, 1, '2016-11-22 18:32:50', '2016-11-22 18:32:50', NULL, 0.0, 0.0, 0.0, 2461, 0, 0);

INSERT INTO `meeting_individual_results` (`id`, `rank`, `is_play_off`, `is_out_of_race`, `is_disqualified`, `standard_points`, `meeting_individual_points`, `minutes`, `seconds`, `hundreds`, `meeting_program_id`, `swimmer_id`, `team_id`, `badge_id`, `user_id`, `created_at`, `updated_at`, `disqualification_code_type_id`, `goggle_cup_points`, `reaction_time`, `team_points`, `team_affiliation_id`, `is_personal_best`, `is_season_type_best`)
  VALUES (474302, 1, 1, 0, 0, 422.99, 422.99, 1, 7, 26, 83050, 3719, 741, 58289, 1, '2016-11-22 18:32:50', '2016-11-22 18:32:50', NULL, 0.0, 0.0, 0.0, 2683, 0, 0);

INSERT INTO `meeting_individual_results` (`id`, `rank`, `is_play_off`, `is_out_of_race`, `is_disqualified`, `standard_points`, `meeting_individual_points`, `minutes`, `seconds`, `hundreds`, `meeting_program_id`, `swimmer_id`, `team_id`, `badge_id`, `user_id`, `created_at`, `updated_at`, `disqualification_code_type_id`, `goggle_cup_points`, `reaction_time`, `team_points`, `team_affiliation_id`, `is_personal_best`, `is_season_type_best`)
  VALUES (474303, 1, 1, 0, 0, 482.57, 482.57, 1, 4, 53, 83051, 7170, 741, 62540, 1, '2016-11-22 18:32:50', '2016-11-22 18:32:50', NULL, 0.0, 0.0, 0.0, 2683, 0, 0);

INSERT INTO `meeting_individual_results` (`id`, `rank`, `is_play_off`, `is_out_of_race`, `is_disqualified`, `standard_points`, `meeting_individual_points`, `minutes`, `seconds`, `hundreds`, `meeting_program_id`, `swimmer_id`, `team_id`, `badge_id`, `user_id`, `created_at`, `updated_at`, `disqualification_code_type_id`, `goggle_cup_points`, `reaction_time`, `team_points`, `team_affiliation_id`, `is_personal_best`, `is_season_type_best`)
  VALUES (474304, 1, 1, 0, 0, 763.83, 763.83, 0, 43, 57, 83052, 7156, 398, 58239, 1, '2016-11-22 18:32:50', '2016-11-22 18:32:50', NULL, 0.0, 0.0, 0.0, 2689, 0, 0);

INSERT INTO `meeting_relay_results` (`id`, `created_at`, `updated_at`, `rank`, `is_play_off`, `is_out_of_race`, `is_disqualified`, `standard_points`, `meeting_points`, `minutes`, `seconds`, `hundreds`, `team_id`, `user_id`, `meeting_program_id`, `disqualification_code_type_id`, `relay_header`, `reaction_time`, `entry_minutes`, `entry_seconds`, `entry_hundreds`, `team_affiliation_id`, `entry_time_type_id`)
  VALUES (20892, '2016-11-22 18:32:50', '2016-11-22 18:32:50', 1, 1, 0, 0, 0.0, 0.0, 2, 28, 89, 716, 1, 83053, NULL, 'AMICI DEL NUOTO FIRENZE', 0.0, NULL, NULL, NULL, 2498, NULL);

INSERT INTO `meeting_relay_results` (`id`, `created_at`, `updated_at`, `rank`, `is_play_off`, `is_out_of_race`, `is_disqualified`, `standard_points`, `meeting_points`, `minutes`, `seconds`, `hundreds`, `team_id`, `user_id`, `meeting_program_id`, `disqualification_code_type_id`, `relay_header`, `reaction_time`, `entry_minutes`, `entry_seconds`, `entry_hundreds`, `team_affiliation_id`, `entry_time_type_id`)
  VALUES (20893, '2016-11-22 18:32:50', '2016-11-22 18:32:50', 2, 1, 0, 0, 0.0, 0.0, 2, 31, 98, 741, 1, 83053, NULL, 'FIRENZE NUOTA EXTREMO', 0.0, NULL, NULL, NULL, 2683, NULL);

INSERT INTO `meeting_relay_results` (`id`, `created_at`, `updated_at`, `rank`, `is_play_off`, `is_out_of_race`, `is_disqualified`, `standard_points`, `meeting_points`, `minutes`, `seconds`, `hundreds`, `team_id`, `user_id`, `meeting_program_id`, `disqualification_code_type_id`, `relay_header`, `reaction_time`, `entry_minutes`, `entry_seconds`, `entry_hundreds`, `team_affiliation_id`, `entry_time_type_id`)
  VALUES (20894, '2016-11-22 18:32:50', '2016-11-22 18:32:50', 3, 1, 0, 0, 0.0, 0.0, 3, 26, 20, 298, 1, 83053, NULL, 'BLU WATER', 0.0, NULL, NULL, NULL, 2852, NULL);

INSERT INTO `meeting_relay_results` (`id`, `created_at`, `updated_at`, `rank`, `is_play_off`, `is_out_of_race`, `is_disqualified`, `standard_points`, `meeting_points`, `minutes`, `seconds`, `hundreds`, `team_id`, `user_id`, `meeting_program_id`, `disqualification_code_type_id`, `relay_header`, `reaction_time`, `entry_minutes`, `entry_seconds`, `entry_hundreds`, `team_affiliation_id`, `entry_time_type_id`)
  VALUES (20895, '2016-11-22 18:32:50', '2016-11-22 18:32:50', 1, 1, 0, 0, 0.0, 0.0, 2, 55, 21, 16, 1, 83054, NULL, 'H SPORT - PRATO', 0.0, NULL, NULL, NULL, 2685, NULL);

INSERT INTO `meeting_relay_results` (`id`, `created_at`, `updated_at`, `rank`, `is_play_off`, `is_out_of_race`, `is_disqualified`, `standard_points`, `meeting_points`, `minutes`, `seconds`, `hundreds`, `team_id`, `user_id`, `meeting_program_id`, `disqualification_code_type_id`, `relay_header`, `reaction_time`, `entry_minutes`, `entry_seconds`, `entry_hundreds`, `team_affiliation_id`, `entry_time_type_id`)
  VALUES (20896, '2016-11-22 18:32:50', '2016-11-22 18:32:50', 2, 1, 0, 0, 0.0, 0.0, 3, 17, 35, 321, 1, 83054, NULL, 'VIRTUS BUONCONVENTO', 0.0, NULL, NULL, NULL, 2643, NULL);

INSERT INTO `meeting_relay_results` (`id`, `created_at`, `updated_at`, `rank`, `is_play_off`, `is_out_of_race`, `is_disqualified`, `standard_points`, `meeting_points`, `minutes`, `seconds`, `hundreds`, `team_id`, `user_id`, `meeting_program_id`, `disqualification_code_type_id`, `relay_header`, `reaction_time`, `entry_minutes`, `entry_seconds`, `entry_hundreds`, `team_affiliation_id`, `entry_time_type_id`)
  VALUES (20897, '2016-11-22 18:32:50', '2016-11-22 18:32:50', 1, 1, 0, 0, 0.0, 0.0, 3, 43, 98, 741, 1, 83055, NULL, 'FIRENZE NUOTA EXTREMO', 0.0, NULL, NULL, NULL, 2683, NULL);

INSERT INTO `meeting_relay_results` (`id`, `created_at`, `updated_at`, `rank`, `is_play_off`, `is_out_of_race`, `is_disqualified`, `standard_points`, `meeting_points`, `minutes`, `seconds`, `hundreds`, `team_id`, `user_id`, `meeting_program_id`, `disqualification_code_type_id`, `relay_header`, `reaction_time`, `entry_minutes`, `entry_seconds`, `entry_hundreds`, `team_affiliation_id`, `entry_time_type_id`)
  VALUES (20898, '2016-11-22 18:32:50', '2016-11-22 18:32:50', 1, 1, 0, 0, 0.0, 0.0, 2, 11, 50, 366, 1, 83056, NULL, 'VIRTUS POGGIBONSI', 0.0, NULL, NULL, NULL, 2855, NULL);

INSERT INTO `meeting_relay_results` (`id`, `created_at`, `updated_at`, `rank`, `is_play_off`, `is_out_of_race`, `is_disqualified`, `standard_points`, `meeting_points`, `minutes`, `seconds`, `hundreds`, `team_id`, `user_id`, `meeting_program_id`, `disqualification_code_type_id`, `relay_header`, `reaction_time`, `entry_minutes`, `entry_seconds`, `entry_hundreds`, `team_affiliation_id`, `entry_time_type_id`)
  VALUES (20899, '2016-11-22 18:32:50', '2016-11-22 18:32:50', 2, 1, 0, 0, 0.0, 0.0, 2, 31, 42, 321, 1, 83056, NULL, 'VIRTUS BUONCONVENTO', 0.0, NULL, NULL, NULL, 2643, NULL);

INSERT INTO `meeting_relay_results` (`id`, `created_at`, `updated_at`, `rank`, `is_play_off`, `is_out_of_race`, `is_disqualified`, `standard_points`, `meeting_points`, `minutes`, `seconds`, `hundreds`, `team_id`, `user_id`, `meeting_program_id`, `disqualification_code_type_id`, `relay_header`, `reaction_time`, `entry_minutes`, `entry_seconds`, `entry_hundreds`, `team_affiliation_id`, `entry_time_type_id`)
  VALUES (20900, '2016-11-22 18:32:50', '2016-11-22 18:32:50', 1, 1, 0, 0, 0.0, 0.0, 2, 2, 64, 741, 1, 83057, NULL, 'FIRENZE NUOTA EXTREMO', 0.0, NULL, NULL, NULL, 2683, NULL);

INSERT INTO `meeting_relay_results` (`id`, `created_at`, `updated_at`, `rank`, `is_play_off`, `is_out_of_race`, `is_disqualified`, `standard_points`, `meeting_points`, `minutes`, `seconds`, `hundreds`, `team_id`, `user_id`, `meeting_program_id`, `disqualification_code_type_id`, `relay_header`, `reaction_time`, `entry_minutes`, `entry_seconds`, `entry_hundreds`, `team_affiliation_id`, `entry_time_type_id`)
  VALUES (20901, '2016-11-22 18:32:50', '2016-11-22 18:32:50', 2, 1, 0, 0, 0.0, 0.0, 2, 3, 72, 716, 1, 83057, NULL, 'AMICI DEL NUOTO FIRENZE', 0.0, NULL, NULL, NULL, 2498, NULL);

INSERT INTO `meeting_relay_results` (`id`, `created_at`, `updated_at`, `rank`, `is_play_off`, `is_out_of_race`, `is_disqualified`, `standard_points`, `meeting_points`, `minutes`, `seconds`, `hundreds`, `team_id`, `user_id`, `meeting_program_id`, `disqualification_code_type_id`, `relay_header`, `reaction_time`, `entry_minutes`, `entry_seconds`, `entry_hundreds`, `team_affiliation_id`, `entry_time_type_id`)
  VALUES (20902, '2016-11-22 18:32:50', '2016-11-22 18:32:50', 3, 1, 0, 0, 0.0, 0.0, 2, 27, 35, 321, 1, 83057, NULL, 'VIRTUS BUONCONVENTO', 0.0, NULL, NULL, NULL, 2643, NULL);

INSERT INTO `meeting_relay_results` (`id`, `created_at`, `updated_at`, `rank`, `is_play_off`, `is_out_of_race`, `is_disqualified`, `standard_points`, `meeting_points`, `minutes`, `seconds`, `hundreds`, `team_id`, `user_id`, `meeting_program_id`, `disqualification_code_type_id`, `relay_header`, `reaction_time`, `entry_minutes`, `entry_seconds`, `entry_hundreds`, `team_affiliation_id`, `entry_time_type_id`)
  VALUES (20903, '2016-11-22 18:32:50', '2016-11-22 18:32:50', 4, 1, 0, 0, 0.0, 0.0, 2, 27, 88, 297, 1, 83057, NULL, 'AREZZO NUOTO', 0.0, NULL, NULL, NULL, 2677, NULL);

INSERT INTO `meeting_relay_results` (`id`, `created_at`, `updated_at`, `rank`, `is_play_off`, `is_out_of_race`, `is_disqualified`, `standard_points`, `meeting_points`, `minutes`, `seconds`, `hundreds`, `team_id`, `user_id`, `meeting_program_id`, `disqualification_code_type_id`, `relay_header`, `reaction_time`, `entry_minutes`, `entry_seconds`, `entry_hundreds`, `team_affiliation_id`, `entry_time_type_id`)
  VALUES (20904, '2016-11-22 18:32:50', '2016-11-22 18:32:50', 1, 1, 0, 0, 0.0, 0.0, 2, 17, 7, 685, 1, 83058, NULL, 'UMBRIA NUOTO', 0.0, NULL, NULL, NULL, 2641, NULL);

INSERT INTO `meeting_relay_results` (`id`, `created_at`, `updated_at`, `rank`, `is_play_off`, `is_out_of_race`, `is_disqualified`, `standard_points`, `meeting_points`, `minutes`, `seconds`, `hundreds`, `team_id`, `user_id`, `meeting_program_id`, `disqualification_code_type_id`, `relay_header`, `reaction_time`, `entry_minutes`, `entry_seconds`, `entry_hundreds`, `team_affiliation_id`, `entry_time_type_id`)
  VALUES (20905, '2016-11-22 18:32:50', '2016-11-22 18:32:50', 2, 1, 0, 0, 0.0, 0.0, 2, 18, 29, 298, 1, 83058, NULL, 'BLU WATER', 0.0, NULL, NULL, NULL, 2852, NULL);

INSERT INTO `meeting_relay_results` (`id`, `created_at`, `updated_at`, `rank`, `is_play_off`, `is_out_of_race`, `is_disqualified`, `standard_points`, `meeting_points`, `minutes`, `seconds`, `hundreds`, `team_id`, `user_id`, `meeting_program_id`, `disqualification_code_type_id`, `relay_header`, `reaction_time`, `entry_minutes`, `entry_seconds`, `entry_hundreds`, `team_affiliation_id`, `entry_time_type_id`)
  VALUES (20906, '2016-11-22 18:32:50', '2016-11-22 18:32:50', 3, 1, 0, 0, 0.0, 0.0, 2, 29, 53, 716, 1, 83058, NULL, 'AMICI DEL NUOTO FIRENZE', 0.0, NULL, NULL, NULL, 2498, NULL);

INSERT INTO `meeting_relay_results` (`id`, `created_at`, `updated_at`, `rank`, `is_play_off`, `is_out_of_race`, `is_disqualified`, `standard_points`, `meeting_points`, `minutes`, `seconds`, `hundreds`, `team_id`, `user_id`, `meeting_program_id`, `disqualification_code_type_id`, `relay_header`, `reaction_time`, `entry_minutes`, `entry_seconds`, `entry_hundreds`, `team_affiliation_id`, `entry_time_type_id`)
  VALUES (20907, '2016-11-22 18:32:50', '2016-11-22 18:32:50', 1, 1, 0, 0, 0.0, 0.0, 2, 18, 46, 16, 1, 83059, NULL, 'H SPORT - PRATO', 0.0, NULL, NULL, NULL, 2685, NULL);

INSERT INTO `meeting_relay_results` (`id`, `created_at`, `updated_at`, `rank`, `is_play_off`, `is_out_of_race`, `is_disqualified`, `standard_points`, `meeting_points`, `minutes`, `seconds`, `hundreds`, `team_id`, `user_id`, `meeting_program_id`, `disqualification_code_type_id`, `relay_header`, `reaction_time`, `entry_minutes`, `entry_seconds`, `entry_hundreds`, `team_affiliation_id`, `entry_time_type_id`)
  VALUES (20908, '2016-11-22 18:32:50', '2016-11-22 18:32:50', 2, 1, 0, 0, 0.0, 0.0, 2, 32, 20, 991, 1, 83059, NULL, 'ASD BABEL', 0.0, NULL, NULL, NULL, 2749, NULL);

INSERT INTO `meeting_relay_results` (`id`, `created_at`, `updated_at`, `rank`, `is_play_off`, `is_out_of_race`, `is_disqualified`, `standard_points`, `meeting_points`, `minutes`, `seconds`, `hundreds`, `team_id`, `user_id`, `meeting_program_id`, `disqualification_code_type_id`, `relay_header`, `reaction_time`, `entry_minutes`, `entry_seconds`, `entry_hundreds`, `team_affiliation_id`, `entry_time_type_id`)
  VALUES (20909, '2016-11-22 18:32:50', '2016-11-22 18:32:50', 3, 1, 0, 0, 0.0, 0.0, 3, 10, 33, 321, 1, 83059, NULL, 'VIRTUS BUONCONVENTO', 0.0, NULL, NULL, NULL, 2643, NULL);

INSERT INTO `meeting_relay_results` (`id`, `created_at`, `updated_at`, `rank`, `is_play_off`, `is_out_of_race`, `is_disqualified`, `standard_points`, `meeting_points`, `minutes`, `seconds`, `hundreds`, `team_id`, `user_id`, `meeting_program_id`, `disqualification_code_type_id`, `relay_header`, `reaction_time`, `entry_minutes`, `entry_seconds`, `entry_hundreds`, `team_affiliation_id`, `entry_time_type_id`)
  VALUES (20910, '2016-11-22 18:32:50', '2016-11-22 18:32:50', 1, 1, 0, 0, 0.0, 0.0, 2, 26, 78, 219, 1, 83060, NULL, 'DLF NUOTO LIVORNO', 0.0, NULL, NULL, NULL, 2461, NULL);

INSERT INTO `meeting_team_scores` (`id`, `sum_individual_points`, `sum_relay_points`, `team_id`, `meeting_id`, `created_at`, `updated_at`, `rank`, `user_id`, `sum_team_points`, `meeting_individual_points`, `meeting_relay_points`, `meeting_team_points`, `season_individual_points`, `season_relay_points`, `season_team_points`, `season_id`, `team_affiliation_id`)
  VALUES (19092, 36181.42, 0.0, 741, 16245, '2016-11-22 18:32:50', '2016-11-22 18:32:50', 0, 1, 0.0, 0.0, 0.0, 0.0, 0.0, 0.0, 0.0, 162, 2683);

INSERT INTO `meeting_team_scores` (`id`, `sum_individual_points`, `sum_relay_points`, `team_id`, `meeting_id`, `created_at`, `updated_at`, `rank`, `user_id`, `sum_team_points`, `meeting_individual_points`, `meeting_relay_points`, `meeting_team_points`, `season_individual_points`, `season_relay_points`, `season_team_points`, `season_id`, `team_affiliation_id`)
  VALUES (19093, 32228.87, 0.0, 321, 16245, '2016-11-22 18:32:51', '2016-11-22 18:32:51', 0, 1, 0.0, 0.0, 0.0, 0.0, 0.0, 0.0, 0.0, 162, 2643);

INSERT INTO `meeting_team_scores` (`id`, `sum_individual_points`, `sum_relay_points`, `team_id`, `meeting_id`, `created_at`, `updated_at`, `rank`, `user_id`, `sum_team_points`, `meeting_individual_points`, `meeting_relay_points`, `meeting_team_points`, `season_individual_points`, `season_relay_points`, `season_team_points`, `season_id`, `team_affiliation_id`)
  VALUES (19094, 26401.73, 0.0, 716, 16245, '2016-11-22 18:32:51', '2016-11-22 18:32:51', 0, 1, 0.0, 0.0, 0.0, 0.0, 0.0, 0.0, 0.0, 162, 2498);

INSERT INTO `meeting_team_scores` (`id`, `sum_individual_points`, `sum_relay_points`, `team_id`, `meeting_id`, `created_at`, `updated_at`, `rank`, `user_id`, `sum_team_points`, `meeting_individual_points`, `meeting_relay_points`, `meeting_team_points`, `season_individual_points`, `season_relay_points`, `season_team_points`, `season_id`, `team_affiliation_id`)
  VALUES (19095, 16875.14, 0.0, 16, 16245, '2016-11-22 18:32:51', '2016-11-22 18:32:51', 0, 1, 0.0, 0.0, 0.0, 0.0, 0.0, 0.0, 0.0, 162, 2685);

INSERT INTO `meeting_team_scores` (`id`, `sum_individual_points`, `sum_relay_points`, `team_id`, `meeting_id`, `created_at`, `updated_at`, `rank`, `user_id`, `sum_team_points`, `meeting_individual_points`, `meeting_relay_points`, `meeting_team_points`, `season_individual_points`, `season_relay_points`, `season_team_points`, `season_id`, `team_affiliation_id`)
  VALUES (19096, 15875.26, 0.0, 219, 16245, '2016-11-22 18:32:51', '2016-11-22 18:32:51', 0, 1, 0.0, 0.0, 0.0, 0.0, 0.0, 0.0, 0.0, 162, 2461);

INSERT INTO `meeting_team_scores` (`id`, `sum_individual_points`, `sum_relay_points`, `team_id`, `meeting_id`, `created_at`, `updated_at`, `rank`, `user_id`, `sum_team_points`, `meeting_individual_points`, `meeting_relay_points`, `meeting_team_points`, `season_individual_points`, `season_relay_points`, `season_team_points`, `season_id`, `team_affiliation_id`)
  VALUES (19097, 14693.75, 0.0, 366, 16245, '2016-11-22 18:32:51', '2016-11-22 18:32:51', 0, 1, 0.0, 0.0, 0.0, 0.0, 0.0, 0.0, 0.0, 162, 2855);

INSERT INTO `meeting_team_scores` (`id`, `sum_individual_points`, `sum_relay_points`, `team_id`, `meeting_id`, `created_at`, `updated_at`, `rank`, `user_id`, `sum_team_points`, `meeting_individual_points`, `meeting_relay_points`, `meeting_team_points`, `season_individual_points`, `season_relay_points`, `season_team_points`, `season_id`, `team_affiliation_id`)
  VALUES (19098, 11298.73, 0.0, 685, 16245, '2016-11-22 18:32:51', '2016-11-22 18:32:51', 0, 1, 0.0, 0.0, 0.0, 0.0, 0.0, 0.0, 0.0, 162, 2641);

INSERT INTO `meeting_team_scores` (`id`, `sum_individual_points`, `sum_relay_points`, `team_id`, `meeting_id`, `created_at`, `updated_at`, `rank`, `user_id`, `sum_team_points`, `meeting_individual_points`, `meeting_relay_points`, `meeting_team_points`, `season_individual_points`, `season_relay_points`, `season_team_points`, `season_id`, `team_affiliation_id`)
  VALUES (19099, 9696.99, 0.0, 298, 16245, '2016-11-22 18:32:51', '2016-11-22 18:32:51', 0, 1, 0.0, 0.0, 0.0, 0.0, 0.0, 0.0, 0.0, 162, 2852);

INSERT INTO `meeting_team_scores` (`id`, `sum_individual_points`, `sum_relay_points`, `team_id`, `meeting_id`, `created_at`, `updated_at`, `rank`, `user_id`, `sum_team_points`, `meeting_individual_points`, `meeting_relay_points`, `meeting_team_points`, `season_individual_points`, `season_relay_points`, `season_team_points`, `season_id`, `team_affiliation_id`)
  VALUES (19100, 9358.93, 0.0, 424, 16245, '2016-11-22 18:32:51', '2016-11-22 18:32:51', 0, 1, 0.0, 0.0, 0.0, 0.0, 0.0, 0.0, 0.0, 162, 2675);

INSERT INTO `meeting_team_scores` (`id`, `sum_individual_points`, `sum_relay_points`, `team_id`, `meeting_id`, `created_at`, `updated_at`, `rank`, `user_id`, `sum_team_points`, `meeting_individual_points`, `meeting_relay_points`, `meeting_team_points`, `season_individual_points`, `season_relay_points`, `season_team_points`, `season_id`, `team_affiliation_id`)
  VALUES (19101, 6703.07, 0.0, 54, 16245, '2016-11-22 18:32:51', '2016-11-22 18:32:51', 0, 1, 0.0, 0.0, 0.0, 0.0, 0.0, 0.0, 0.0, 162, 2673);

INSERT INTO `meeting_team_scores` (`id`, `sum_individual_points`, `sum_relay_points`, `team_id`, `meeting_id`, `created_at`, `updated_at`, `rank`, `user_id`, `sum_team_points`, `meeting_individual_points`, `meeting_relay_points`, `meeting_team_points`, `season_individual_points`, `season_relay_points`, `season_team_points`, `season_id`, `team_affiliation_id`)
  VALUES (19102, 6038.98, 0.0, 297, 16245, '2016-11-22 18:32:51', '2016-11-22 18:32:51', 0, 1, 0.0, 0.0, 0.0, 0.0, 0.0, 0.0, 0.0, 162, 2677);

INSERT INTO `meeting_team_scores` (`id`, `sum_individual_points`, `sum_relay_points`, `team_id`, `meeting_id`, `created_at`, `updated_at`, `rank`, `user_id`, `sum_team_points`, `meeting_individual_points`, `meeting_relay_points`, `meeting_team_points`, `season_individual_points`, `season_relay_points`, `season_team_points`, `season_id`, `team_affiliation_id`)
  VALUES (19103, 6032.7, 0.0, 991, 16245, '2016-11-22 18:32:51', '2016-11-22 18:32:51', 0, 1, 0.0, 0.0, 0.0, 0.0, 0.0, 0.0, 0.0, 162, 2749);

INSERT INTO `meeting_team_scores` (`id`, `sum_individual_points`, `sum_relay_points`, `team_id`, `meeting_id`, `created_at`, `updated_at`, `rank`, `user_id`, `sum_team_points`, `meeting_individual_points`, `meeting_relay_points`, `meeting_team_points`, `season_individual_points`, `season_relay_points`, `season_team_points`, `season_id`, `team_affiliation_id`)
  VALUES (19104, 5466.75, 0.0, 374, 16245, '2016-11-22 18:32:51', '2016-11-22 18:32:51', 0, 1, 0.0, 0.0, 0.0, 0.0, 0.0, 0.0, 0.0, 162, 2679);

INSERT INTO `meeting_team_scores` (`id`, `sum_individual_points`, `sum_relay_points`, `team_id`, `meeting_id`, `created_at`, `updated_at`, `rank`, `user_id`, `sum_team_points`, `meeting_individual_points`, `meeting_relay_points`, `meeting_team_points`, `season_individual_points`, `season_relay_points`, `season_team_points`, `season_id`, `team_affiliation_id`)
  VALUES (19105, 3805.68, 0.0, 320, 16245, '2016-11-22 18:32:51', '2016-11-22 18:32:51', 0, 1, 0.0, 0.0, 0.0, 0.0, 0.0, 0.0, 0.0, 162, 2699);

INSERT INTO `meeting_team_scores` (`id`, `sum_individual_points`, `sum_relay_points`, `team_id`, `meeting_id`, `created_at`, `updated_at`, `rank`, `user_id`, `sum_team_points`, `meeting_individual_points`, `meeting_relay_points`, `meeting_team_points`, `season_individual_points`, `season_relay_points`, `season_team_points`, `season_id`, `team_affiliation_id`)
  VALUES (19106, 3294.0, 0.0, 980, 16245, '2016-11-22 18:32:51', '2016-11-22 18:32:51', 0, 1, 0.0, 0.0, 0.0, 0.0, 0.0, 0.0, 0.0, 162, 2646);

INSERT INTO `meeting_team_scores` (`id`, `sum_individual_points`, `sum_relay_points`, `team_id`, `meeting_id`, `created_at`, `updated_at`, `rank`, `user_id`, `sum_team_points`, `meeting_individual_points`, `meeting_relay_points`, `meeting_team_points`, `season_individual_points`, `season_relay_points`, `season_team_points`, `season_id`, `team_affiliation_id`)
  VALUES (19107, 3262.86, 0.0, 609, 16245, '2016-11-22 18:32:51', '2016-11-22 18:32:51', 0, 1, 0.0, 0.0, 0.0, 0.0, 0.0, 0.0, 0.0, 162, 2853);

INSERT INTO `meeting_team_scores` (`id`, `sum_individual_points`, `sum_relay_points`, `team_id`, `meeting_id`, `created_at`, `updated_at`, `rank`, `user_id`, `sum_team_points`, `meeting_individual_points`, `meeting_relay_points`, `meeting_team_points`, `season_individual_points`, `season_relay_points`, `season_team_points`, `season_id`, `team_affiliation_id`)
  VALUES (19108, 1567.92, 0.0, 789, 16245, '2016-11-22 18:32:51', '2016-11-22 18:32:51', 0, 1, 0.0, 0.0, 0.0, 0.0, 0.0, 0.0, 0.0, 162, 2849);

INSERT INTO `meeting_team_scores` (`id`, `sum_individual_points`, `sum_relay_points`, `team_id`, `meeting_id`, `created_at`, `updated_at`, `rank`, `user_id`, `sum_team_points`, `meeting_individual_points`, `meeting_relay_points`, `meeting_team_points`, `season_individual_points`, `season_relay_points`, `season_team_points`, `season_id`, `team_affiliation_id`)
  VALUES (19109, 1501.46, 0.0, 398, 16245, '2016-11-22 18:32:51', '2016-11-22 18:32:51', 0, 1, 0.0, 0.0, 0.0, 0.0, 0.0, 0.0, 0.0, 162, 2689);

INSERT INTO `meeting_team_scores` (`id`, `sum_individual_points`, `sum_relay_points`, `team_id`, `meeting_id`, `created_at`, `updated_at`, `rank`, `user_id`, `sum_team_points`, `meeting_individual_points`, `meeting_relay_points`, `meeting_team_points`, `season_individual_points`, `season_relay_points`, `season_team_points`, `season_id`, `team_affiliation_id`)
  VALUES (19110, 979.09, 0.0, 74, 16245, '2016-11-22 18:32:51', '2016-11-22 18:32:51', 0, 1, 0.0, 0.0, 0.0, 0.0, 0.0, 0.0, 0.0, 162, 2766);

INSERT INTO `meeting_team_scores` (`id`, `sum_individual_points`, `sum_relay_points`, `team_id`, `meeting_id`, `created_at`, `updated_at`, `rank`, `user_id`, `sum_team_points`, `meeting_individual_points`, `meeting_relay_points`, `meeting_team_points`, `season_individual_points`, `season_relay_points`, `season_team_points`, `season_id`, `team_affiliation_id`)
  VALUES (19111, 842.01, 0.0, 976, 16245, '2016-11-22 18:32:51', '2016-11-22 18:32:51', 0, 1, 0.0, 0.0, 0.0, 0.0, 0.0, 0.0, 0.0, 162, 2496);

INSERT INTO `meeting_team_scores` (`id`, `sum_individual_points`, `sum_relay_points`, `team_id`, `meeting_id`, `created_at`, `updated_at`, `rank`, `user_id`, `sum_team_points`, `meeting_individual_points`, `meeting_relay_points`, `meeting_team_points`, `season_individual_points`, `season_relay_points`, `season_team_points`, `season_id`, `team_affiliation_id`)
  VALUES (19112, 616.85, 0.0, 404, 16245, '2016-11-22 18:32:51', '2016-11-22 18:32:51', 0, 1, 0.0, 0.0, 0.0, 0.0, 0.0, 0.0, 0.0, 162, 2854);


-- Meeting 16245
-- 'Results acquired' flag setting:
UPDATE meetings SET are_results_acquired = '1' WHERE id = 16245;

-- --- BeginTimeCalculator: compute_for_all( 16245 )
-- ----------------------------------------------------
-- Using RESULTS to compute heat length.

-- Event #1, M.Prg: 82918, tot. athletes: 1
-- Tot. progr. duration: 151 (sec), Heat durations: [15147] (hds)
-- Session begin time: 2016-11-20 08:30:00 +0100, Computed begin time: 2016-11-20 08:32:00 +0100
UPDATE meeting_programs SET begin_time = '2016-11-20 08:32' WHERE id = 82918;

-- Event #1, M.Prg: 83053, tot. athletes: 0
-- Tot. progr. duration: 0 (sec), Heat durations: [] (hds)
-- Session begin time: 2016-11-20 08:30:00 +0100, Computed begin time: 2016-11-20 08:34:31 +0100
UPDATE meeting_programs SET begin_time = '2016-11-20 08:34' WHERE id = 83053;

-- Event #2, M.Prg: 83054, tot. athletes: 0
-- Tot. progr. duration: 0 (sec), Heat durations: [] (hds)
-- Session begin time: 2016-11-20 08:30:00 +0100, Computed begin time: 2016-11-20 08:34:31 +0100
UPDATE meeting_programs SET begin_time = '2016-11-20 08:34' WHERE id = 83054;

-- Event #2, M.Prg: 82919, tot. athletes: 1
-- Tot. progr. duration: 142 (sec), Heat durations: [14206] (hds)
-- Session begin time: 2016-11-20 08:30:00 +0100, Computed begin time: 2016-11-20 08:34:31 +0100
UPDATE meeting_programs SET begin_time = '2016-11-20 08:34' WHERE id = 82919;

-- Event #3, M.Prg: 83055, tot. athletes: 0
-- Tot. progr. duration: 0 (sec), Heat durations: [] (hds)
-- Session begin time: 2016-11-20 08:30:00 +0100, Computed begin time: 2016-11-20 08:36:53 +0100
UPDATE meeting_programs SET begin_time = '2016-11-20 08:36' WHERE id = 83055;

-- Event #3, M.Prg: 82920, tot. athletes: 1
-- Tot. progr. duration: 134 (sec), Heat durations: [13468] (hds)
-- Session begin time: 2016-11-20 08:30:00 +0100, Computed begin time: 2016-11-20 08:36:53 +0100
UPDATE meeting_programs SET begin_time = '2016-11-20 08:36' WHERE id = 82920;

-- Event #4, M.Prg: 83056, tot. athletes: 0
-- Tot. progr. duration: 0 (sec), Heat durations: [] (hds)
-- Session begin time: 2016-11-20 08:30:00 +0100, Computed begin time: 2016-11-20 08:39:07 +0100
UPDATE meeting_programs SET begin_time = '2016-11-20 08:39' WHERE id = 83056;

-- Event #4, M.Prg: 82921, tot. athletes: 1
-- Tot. progr. duration: 160 (sec), Heat durations: [16001] (hds)
-- Session begin time: 2016-11-20 08:30:00 +0100, Computed begin time: 2016-11-20 08:39:07 +0100
UPDATE meeting_programs SET begin_time = '2016-11-20 08:39' WHERE id = 82921;

-- Event #5, M.Prg: 82922, tot. athletes: 1
-- Tot. progr. duration: 150 (sec), Heat durations: [15015] (hds)
-- Session begin time: 2016-11-20 08:30:00 +0100, Computed begin time: 2016-11-20 08:41:47 +0100
UPDATE meeting_programs SET begin_time = '2016-11-20 08:41' WHERE id = 82922;

-- Event #5, M.Prg: 83057, tot. athletes: 0
-- Tot. progr. duration: 0 (sec), Heat durations: [] (hds)
-- Session begin time: 2016-11-20 08:30:00 +0100, Computed begin time: 2016-11-20 08:44:17 +0100
UPDATE meeting_programs SET begin_time = '2016-11-20 08:44' WHERE id = 83057;

-- Event #6, M.Prg: 83058, tot. athletes: 0
-- Tot. progr. duration: 0 (sec), Heat durations: [] (hds)
-- Session begin time: 2016-11-20 08:30:00 +0100, Computed begin time: 2016-11-20 08:44:17 +0100
UPDATE meeting_programs SET begin_time = '2016-11-20 08:44' WHERE id = 83058;

-- Event #6, M.Prg: 82923, tot. athletes: 1
-- Tot. progr. duration: 180 (sec), Heat durations: [18003] (hds)
-- Session begin time: 2016-11-20 08:30:00 +0100, Computed begin time: 2016-11-20 08:44:17 +0100
UPDATE meeting_programs SET begin_time = '2016-11-20 08:44' WHERE id = 82923;

-- Event #7, M.Prg: 83059, tot. athletes: 0
-- Tot. progr. duration: 0 (sec), Heat durations: [] (hds)
-- Session begin time: 2016-11-20 08:30:00 +0100, Computed begin time: 2016-11-20 08:47:17 +0100
UPDATE meeting_programs SET begin_time = '2016-11-20 08:47' WHERE id = 83059;

-- Event #7, M.Prg: 82924, tot. athletes: 2
-- Tot. progr. duration: 130 (sec), Heat durations: [13090] (hds)
-- Session begin time: 2016-11-20 08:30:00 +0100, Computed begin time: 2016-11-20 08:47:17 +0100
UPDATE meeting_programs SET begin_time = '2016-11-20 08:47' WHERE id = 82924;

-- Event #8, M.Prg: 83060, tot. athletes: 0
-- Tot. progr. duration: 0 (sec), Heat durations: [] (hds)
-- Session begin time: 2016-11-20 08:30:00 +0100, Computed begin time: 2016-11-20 08:49:27 +0100
UPDATE meeting_programs SET begin_time = '2016-11-20 08:49' WHERE id = 83060;

-- Event #8, M.Prg: 82925, tot. athletes: 2
-- Tot. progr. duration: 155 (sec), Heat durations: [15567] (hds)
-- Session begin time: 2016-11-20 08:30:00 +0100, Computed begin time: 2016-11-20 08:49:27 +0100
UPDATE meeting_programs SET begin_time = '2016-11-20 08:49' WHERE id = 82925;

-- Event #9, M.Prg: 82926, tot. athletes: 3
-- Tot. progr. duration: 179 (sec), Heat durations: [17979] (hds)
-- Session begin time: 2016-11-20 08:30:00 +0100, Computed begin time: 2016-11-20 08:52:02 +0100
UPDATE meeting_programs SET begin_time = '2016-11-20 08:52' WHERE id = 82926;

-- Event #10, M.Prg: 82927, tot. athletes: 2
-- Tot. progr. duration: 136 (sec), Heat durations: [13683] (hds)
-- Session begin time: 2016-11-20 08:30:00 +0100, Computed begin time: 2016-11-20 08:55:01 +0100
UPDATE meeting_programs SET begin_time = '2016-11-20 08:55' WHERE id = 82927;

-- Event #11, M.Prg: 82928, tot. athletes: 1
-- Tot. progr. duration: 153 (sec), Heat durations: [15347] (hds)
-- Session begin time: 2016-11-20 08:30:00 +0100, Computed begin time: 2016-11-20 08:57:17 +0100
UPDATE meeting_programs SET begin_time = '2016-11-20 08:57' WHERE id = 82928;

-- Event #12, M.Prg: 82929, tot. athletes: 1
-- Tot. progr. duration: 137 (sec), Heat durations: [13747] (hds)
-- Session begin time: 2016-11-20 08:30:00 +0100, Computed begin time: 2016-11-20 08:59:50 +0100
UPDATE meeting_programs SET begin_time = '2016-11-20 08:59' WHERE id = 82929;

-- Event #13, M.Prg: 82930, tot. athletes: 1
-- Tot. progr. duration: 207 (sec), Heat durations: [20796] (hds)
-- Session begin time: 2016-11-20 08:30:00 +0100, Computed begin time: 2016-11-20 09:02:07 +0100
UPDATE meeting_programs SET begin_time = '2016-11-20 09:02' WHERE id = 82930;

-- Event #14, M.Prg: 82931, tot. athletes: 1
-- Tot. progr. duration: 183 (sec), Heat durations: [18368] (hds)
-- Session begin time: 2016-11-20 08:30:00 +0100, Computed begin time: 2016-11-20 09:05:34 +0100
UPDATE meeting_programs SET begin_time = '2016-11-20 09:05' WHERE id = 82931;

-- Event #15, M.Prg: 82932, tot. athletes: 1
-- Tot. progr. duration: 127 (sec), Heat durations: [12718] (hds)
-- Session begin time: 2016-11-20 08:30:00 +0100, Computed begin time: 2016-11-20 09:08:37 +0100
UPDATE meeting_programs SET begin_time = '2016-11-20 09:08' WHERE id = 82932;

-- Event #16, M.Prg: 82933, tot. athletes: 1
-- Tot. progr. duration: 131 (sec), Heat durations: [13111] (hds)
-- Session begin time: 2016-11-20 08:30:00 +0100, Computed begin time: 2016-11-20 09:10:44 +0100
UPDATE meeting_programs SET begin_time = '2016-11-20 09:10' WHERE id = 82933;

-- Event #17, M.Prg: 82934, tot. athletes: 1
-- Tot. progr. duration: 176 (sec), Heat durations: [17664] (hds)
-- Session begin time: 2016-11-20 08:30:00 +0100, Computed begin time: 2016-11-20 09:12:55 +0100
UPDATE meeting_programs SET begin_time = '2016-11-20 09:12' WHERE id = 82934;

-- Event #18, M.Prg: 82935, tot. athletes: 1
-- Tot. progr. duration: 184 (sec), Heat durations: [18415] (hds)
-- Session begin time: 2016-11-20 08:30:00 +0100, Computed begin time: 2016-11-20 09:15:51 +0100
UPDATE meeting_programs SET begin_time = '2016-11-20 09:15' WHERE id = 82935;

-- Event #19, M.Prg: 82936, tot. athletes: 1
-- Tot. progr. duration: 128 (sec), Heat durations: [12818] (hds)
-- Session begin time: 2016-11-20 08:30:00 +0100, Computed begin time: 2016-11-20 09:18:55 +0100
UPDATE meeting_programs SET begin_time = '2016-11-20 09:18' WHERE id = 82936;

-- Event #20, M.Prg: 82937, tot. athletes: 3
-- Tot. progr. duration: 149 (sec), Heat durations: [14903] (hds)
-- Session begin time: 2016-11-20 08:30:00 +0100, Computed begin time: 2016-11-20 09:21:03 +0100
UPDATE meeting_programs SET begin_time = '2016-11-20 09:21' WHERE id = 82937;

-- Event #21, M.Prg: 82938, tot. athletes: 2
-- Tot. progr. duration: 138 (sec), Heat durations: [13831] (hds)
-- Session begin time: 2016-11-20 08:30:00 +0100, Computed begin time: 2016-11-20 09:23:32 +0100
UPDATE meeting_programs SET begin_time = '2016-11-20 09:23' WHERE id = 82938;

-- Event #22, M.Prg: 82939, tot. athletes: 1
-- Tot. progr. duration: 147 (sec), Heat durations: [14705] (hds)
-- Session begin time: 2016-11-20 08:30:00 +0100, Computed begin time: 2016-11-20 09:25:50 +0100
UPDATE meeting_programs SET begin_time = '2016-11-20 09:25' WHERE id = 82939;

-- Event #23, M.Prg: 82940, tot. athletes: 5
-- Tot. progr. duration: 174 (sec), Heat durations: [17474] (hds)
-- Session begin time: 2016-11-20 08:30:00 +0100, Computed begin time: 2016-11-20 09:28:17 +0100
UPDATE meeting_programs SET begin_time = '2016-11-20 09:28' WHERE id = 82940;

-- Event #24, M.Prg: 82941, tot. athletes: 1
-- Tot. progr. duration: 157 (sec), Heat durations: [15795] (hds)
-- Session begin time: 2016-11-20 08:30:00 +0100, Computed begin time: 2016-11-20 09:31:11 +0100
UPDATE meeting_programs SET begin_time = '2016-11-20 09:31' WHERE id = 82941;

-- Event #25, M.Prg: 82942, tot. athletes: 2
-- Tot. progr. duration: 147 (sec), Heat durations: [14729] (hds)
-- Session begin time: 2016-11-20 08:30:00 +0100, Computed begin time: 2016-11-20 09:33:48 +0100
UPDATE meeting_programs SET begin_time = '2016-11-20 09:33' WHERE id = 82942;

-- Event #26, M.Prg: 82943, tot. athletes: 1
-- Tot. progr. duration: 153 (sec), Heat durations: [15352] (hds)
-- Session begin time: 2016-11-20 08:30:00 +0100, Computed begin time: 2016-11-20 09:36:15 +0100
UPDATE meeting_programs SET begin_time = '2016-11-20 09:36' WHERE id = 82943;

-- Event #27, M.Prg: 82944, tot. athletes: 5
-- Tot. progr. duration: 173 (sec), Heat durations: [17329] (hds)
-- Session begin time: 2016-11-20 08:30:00 +0100, Computed begin time: 2016-11-20 09:38:48 +0100
UPDATE meeting_programs SET begin_time = '2016-11-20 09:38' WHERE id = 82944;

-- Event #28, M.Prg: 82945, tot. athletes: 1
-- Tot. progr. duration: 169 (sec), Heat durations: [16970] (hds)
-- Session begin time: 2016-11-20 08:30:00 +0100, Computed begin time: 2016-11-20 09:41:41 +0100
UPDATE meeting_programs SET begin_time = '2016-11-20 09:41' WHERE id = 82945;

-- Event #29, M.Prg: 82946, tot. athletes: 1
-- Tot. progr. duration: 161 (sec), Heat durations: [16175] (hds)
-- Session begin time: 2016-11-20 08:30:00 +0100, Computed begin time: 2016-11-20 09:44:30 +0100
UPDATE meeting_programs SET begin_time = '2016-11-20 09:44' WHERE id = 82946;

-- Event #30, M.Prg: 82947, tot. athletes: 1
-- Tot. progr. duration: 151 (sec), Heat durations: [15141] (hds)
-- Session begin time: 2016-11-20 08:30:00 +0100, Computed begin time: 2016-11-20 09:47:11 +0100
UPDATE meeting_programs SET begin_time = '2016-11-20 09:47' WHERE id = 82947;

-- Event #31, M.Prg: 82948, tot. athletes: 2
-- Tot. progr. duration: 179 (sec), Heat durations: [17977] (hds)
-- Session begin time: 2016-11-20 08:30:00 +0100, Computed begin time: 2016-11-20 09:49:42 +0100
UPDATE meeting_programs SET begin_time = '2016-11-20 09:49' WHERE id = 82948;

-- Event #32, M.Prg: 82949, tot. athletes: 1
-- Tot. progr. duration: 140 (sec), Heat durations: [14003] (hds)
-- Session begin time: 2016-11-20 08:30:00 +0100, Computed begin time: 2016-11-20 09:52:41 +0100
UPDATE meeting_programs SET begin_time = '2016-11-20 09:52' WHERE id = 82949;

-- Event #33, M.Prg: 82950, tot. athletes: 5
-- Tot. progr. duration: 140 (sec), Heat durations: [14085] (hds)
-- Session begin time: 2016-11-20 08:30:00 +0100, Computed begin time: 2016-11-20 09:55:01 +0100
UPDATE meeting_programs SET begin_time = '2016-11-20 09:55' WHERE id = 82950;

-- Event #34, M.Prg: 82951, tot. athletes: 3
-- Tot. progr. duration: 149 (sec), Heat durations: [14937] (hds)
-- Session begin time: 2016-11-20 08:30:00 +0100, Computed begin time: 2016-11-20 09:57:21 +0100
UPDATE meeting_programs SET begin_time = '2016-11-20 09:57' WHERE id = 82951;

-- Event #35, M.Prg: 82952, tot. athletes: 4
-- Tot. progr. duration: 152 (sec), Heat durations: [15249] (hds)
-- Session begin time: 2016-11-20 08:30:00 +0100, Computed begin time: 2016-11-20 09:59:50 +0100
UPDATE meeting_programs SET begin_time = '2016-11-20 09:59' WHERE id = 82952;

-- Event #36, M.Prg: 82953, tot. athletes: 3
-- Tot. progr. duration: 152 (sec), Heat durations: [15278] (hds)
-- Session begin time: 2016-11-20 08:30:00 +0100, Computed begin time: 2016-11-20 10:02:22 +0100
UPDATE meeting_programs SET begin_time = '2016-11-20 10:02' WHERE id = 82953;

-- Event #37, M.Prg: 82954, tot. athletes: 5
-- Tot. progr. duration: 157 (sec), Heat durations: [15795] (hds)
-- Session begin time: 2016-11-20 08:30:00 +0100, Computed begin time: 2016-11-20 10:04:54 +0100
UPDATE meeting_programs SET begin_time = '2016-11-20 10:04' WHERE id = 82954;

-- Event #38, M.Prg: 82955, tot. athletes: 3
-- Tot. progr. duration: 153 (sec), Heat durations: [15349] (hds)
-- Session begin time: 2016-11-20 08:30:00 +0100, Computed begin time: 2016-11-20 10:07:31 +0100
UPDATE meeting_programs SET begin_time = '2016-11-20 10:07' WHERE id = 82955;

-- Event #39, M.Prg: 82956, tot. athletes: 1
-- Tot. progr. duration: 142 (sec), Heat durations: [14214] (hds)
-- Session begin time: 2016-11-20 08:30:00 +0100, Computed begin time: 2016-11-20 10:10:04 +0100
UPDATE meeting_programs SET begin_time = '2016-11-20 10:10' WHERE id = 82956;

-- Event #40, M.Prg: 82957, tot. athletes: 2
-- Tot. progr. duration: 184 (sec), Heat durations: [18475] (hds)
-- Session begin time: 2016-11-20 08:30:00 +0100, Computed begin time: 2016-11-20 10:12:26 +0100
UPDATE meeting_programs SET begin_time = '2016-11-20 10:12' WHERE id = 82957;

-- Event #41, M.Prg: 82958, tot. athletes: 1
-- Tot. progr. duration: 143 (sec), Heat durations: [14379] (hds)
-- Session begin time: 2016-11-20 08:30:00 +0100, Computed begin time: 2016-11-20 10:15:30 +0100
UPDATE meeting_programs SET begin_time = '2016-11-20 10:15' WHERE id = 82958;

-- Event #42, M.Prg: 82959, tot. athletes: 1
-- Tot. progr. duration: 177 (sec), Heat durations: [17764] (hds)
-- Session begin time: 2016-11-20 08:30:00 +0100, Computed begin time: 2016-11-20 10:17:53 +0100
UPDATE meeting_programs SET begin_time = '2016-11-20 10:17' WHERE id = 82959;

-- Event #43, M.Prg: 82960, tot. athletes: 1
-- Tot. progr. duration: 129 (sec), Heat durations: [12970] (hds)
-- Session begin time: 2016-11-20 08:30:00 +0100, Computed begin time: 2016-11-20 10:20:50 +0100
UPDATE meeting_programs SET begin_time = '2016-11-20 10:20' WHERE id = 82960;

-- Event #44, M.Prg: 82961, tot. athletes: 2
-- Tot. progr. duration: 193 (sec), Heat durations: [19303] (hds)
-- Session begin time: 2016-11-20 08:30:00 +0100, Computed begin time: 2016-11-20 10:22:59 +0100
UPDATE meeting_programs SET begin_time = '2016-11-20 10:22' WHERE id = 82961;

-- Event #45, M.Prg: 82962, tot. athletes: 1
-- Tot. progr. duration: 207 (sec), Heat durations: [20735] (hds)
-- Session begin time: 2016-11-20 08:30:00 +0100, Computed begin time: 2016-11-20 10:26:12 +0100
UPDATE meeting_programs SET begin_time = '2016-11-20 10:26' WHERE id = 82962;

-- Event #46, M.Prg: 82963, tot. athletes: 1
-- Tot. progr. duration: 159 (sec), Heat durations: [15946] (hds)
-- Session begin time: 2016-11-20 08:30:00 +0100, Computed begin time: 2016-11-20 10:29:39 +0100
UPDATE meeting_programs SET begin_time = '2016-11-20 10:29' WHERE id = 82963;

-- Event #47, M.Prg: 82964, tot. athletes: 1
-- Tot. progr. duration: 189 (sec), Heat durations: [18901] (hds)
-- Session begin time: 2016-11-20 08:30:00 +0100, Computed begin time: 2016-11-20 10:32:18 +0100
UPDATE meeting_programs SET begin_time = '2016-11-20 10:32' WHERE id = 82964;

-- Event #48, M.Prg: 82965, tot. athletes: 1
-- Tot. progr. duration: 231 (sec), Heat durations: [23103] (hds)
-- Session begin time: 2016-11-20 08:30:00 +0100, Computed begin time: 2016-11-20 10:35:27 +0100
UPDATE meeting_programs SET begin_time = '2016-11-20 10:35' WHERE id = 82965;

-- Event #49, M.Prg: 82966, tot. athletes: 3
-- Tot. progr. duration: 159 (sec), Heat durations: [15950] (hds)
-- Session begin time: 2016-11-20 08:30:00 +0100, Computed begin time: 2016-11-20 10:39:18 +0100
UPDATE meeting_programs SET begin_time = '2016-11-20 10:39' WHERE id = 82966;

-- Event #50, M.Prg: 82967, tot. athletes: 1
-- Tot. progr. duration: 137 (sec), Heat durations: [13709] (hds)
-- Session begin time: 2016-11-20 08:30:00 +0100, Computed begin time: 2016-11-20 10:41:57 +0100
UPDATE meeting_programs SET begin_time = '2016-11-20 10:41' WHERE id = 82967;

-- Event #51, M.Prg: 82968, tot. athletes: 1
-- Tot. progr. duration: 140 (sec), Heat durations: [14012] (hds)
-- Session begin time: 2016-11-20 08:30:00 +0100, Computed begin time: 2016-11-20 10:44:14 +0100
UPDATE meeting_programs SET begin_time = '2016-11-20 10:44' WHERE id = 82968;

-- Event #52, M.Prg: 82969, tot. athletes: 3
-- Tot. progr. duration: 156 (sec), Heat durations: [15614] (hds)
-- Session begin time: 2016-11-20 08:30:00 +0100, Computed begin time: 2016-11-20 10:46:34 +0100
UPDATE meeting_programs SET begin_time = '2016-11-20 10:46' WHERE id = 82969;

-- Event #53, M.Prg: 82970, tot. athletes: 2
-- Tot. progr. duration: 166 (sec), Heat durations: [16647] (hds)
-- Session begin time: 2016-11-20 08:30:00 +0100, Computed begin time: 2016-11-20 10:49:10 +0100
UPDATE meeting_programs SET begin_time = '2016-11-20 10:49' WHERE id = 82970;

-- Event #54, M.Prg: 82971, tot. athletes: 4
-- Tot. progr. duration: 159 (sec), Heat durations: [15919] (hds)
-- Session begin time: 2016-11-20 08:30:00 +0100, Computed begin time: 2016-11-20 10:51:56 +0100
UPDATE meeting_programs SET begin_time = '2016-11-20 10:51' WHERE id = 82971;

-- Event #55, M.Prg: 82972, tot. athletes: 3
-- Tot. progr. duration: 154 (sec), Heat durations: [15411] (hds)
-- Session begin time: 2016-11-20 08:30:00 +0100, Computed begin time: 2016-11-20 10:54:35 +0100
UPDATE meeting_programs SET begin_time = '2016-11-20 10:54' WHERE id = 82972;

-- Event #56, M.Prg: 82973, tot. athletes: 1
-- Tot. progr. duration: 193 (sec), Heat durations: [19304] (hds)
-- Session begin time: 2016-11-20 08:30:00 +0100, Computed begin time: 2016-11-20 10:57:09 +0100
UPDATE meeting_programs SET begin_time = '2016-11-20 10:57' WHERE id = 82973;

-- Event #57, M.Prg: 82974, tot. athletes: 1
-- Tot. progr. duration: 161 (sec), Heat durations: [16113] (hds)
-- Session begin time: 2016-11-20 08:30:00 +0100, Computed begin time: 2016-11-20 11:00:22 +0100
UPDATE meeting_programs SET begin_time = '2016-11-20 11:00' WHERE id = 82974;

-- Event #58, M.Prg: 82975, tot. athletes: 1
-- Tot. progr. duration: 186 (sec), Heat durations: [18616] (hds)
-- Session begin time: 2016-11-20 08:30:00 +0100, Computed begin time: 2016-11-20 11:03:03 +0100
UPDATE meeting_programs SET begin_time = '2016-11-20 11:03' WHERE id = 82975;

-- Event #59, M.Prg: 82976, tot. athletes: 3
-- Tot. progr. duration: 148 (sec), Heat durations: [14851] (hds)
-- Session begin time: 2016-11-20 08:30:00 +0100, Computed begin time: 2016-11-20 11:06:09 +0100
UPDATE meeting_programs SET begin_time = '2016-11-20 11:06' WHERE id = 82976;

-- Event #60, M.Prg: 82977, tot. athletes: 1
-- Tot. progr. duration: 123 (sec), Heat durations: [12338] (hds)
-- Session begin time: 2016-11-20 08:30:00 +0100, Computed begin time: 2016-11-20 11:08:37 +0100
UPDATE meeting_programs SET begin_time = '2016-11-20 11:08' WHERE id = 82977;

-- Event #61, M.Prg: 82978, tot. athletes: 4
-- Tot. progr. duration: 154 (sec), Heat durations: [15495] (hds)
-- Session begin time: 2016-11-20 08:30:00 +0100, Computed begin time: 2016-11-20 11:10:40 +0100
UPDATE meeting_programs SET begin_time = '2016-11-20 11:10' WHERE id = 82978;

-- Event #62, M.Prg: 82979, tot. athletes: 2
-- Tot. progr. duration: 143 (sec), Heat durations: [14337] (hds)
-- Session begin time: 2016-11-20 08:30:00 +0100, Computed begin time: 2016-11-20 11:13:14 +0100
UPDATE meeting_programs SET begin_time = '2016-11-20 11:13' WHERE id = 82979;

-- Event #63, M.Prg: 82980, tot. athletes: 2
-- Tot. progr. duration: 172 (sec), Heat durations: [17263] (hds)
-- Session begin time: 2016-11-20 08:30:00 +0100, Computed begin time: 2016-11-20 11:15:37 +0100
UPDATE meeting_programs SET begin_time = '2016-11-20 11:15' WHERE id = 82980;

-- Event #64, M.Prg: 82981, tot. athletes: 1
-- Tot. progr. duration: 161 (sec), Heat durations: [16141] (hds)
-- Session begin time: 2016-11-20 08:30:00 +0100, Computed begin time: 2016-11-20 11:18:29 +0100
UPDATE meeting_programs SET begin_time = '2016-11-20 11:18' WHERE id = 82981;

-- Event #65, M.Prg: 82982, tot. athletes: 3
-- Tot. progr. duration: 134 (sec), Heat durations: [13495] (hds)
-- Session begin time: 2016-11-20 08:30:00 +0100, Computed begin time: 2016-11-20 11:21:10 +0100
UPDATE meeting_programs SET begin_time = '2016-11-20 11:21' WHERE id = 82982;

-- Event #66, M.Prg: 82983, tot. athletes: 3
-- Tot. progr. duration: 134 (sec), Heat durations: [13440] (hds)
-- Session begin time: 2016-11-20 08:30:00 +0100, Computed begin time: 2016-11-20 11:23:24 +0100
UPDATE meeting_programs SET begin_time = '2016-11-20 11:23' WHERE id = 82983;

-- Event #67, M.Prg: 82984, tot. athletes: 5
-- Tot. progr. duration: 132 (sec), Heat durations: [13210] (hds)
-- Session begin time: 2016-11-20 08:30:00 +0100, Computed begin time: 2016-11-20 11:25:38 +0100
UPDATE meeting_programs SET begin_time = '2016-11-20 11:25' WHERE id = 82984;

-- Event #68, M.Prg: 82985, tot. athletes: 6
-- Tot. progr. duration: 148 (sec), Heat durations: [14879] (hds)
-- Session begin time: 2016-11-20 08:30:00 +0100, Computed begin time: 2016-11-20 11:27:50 +0100
UPDATE meeting_programs SET begin_time = '2016-11-20 11:27' WHERE id = 82985;

-- Event #69, M.Prg: 82986, tot. athletes: 6
-- Tot. progr. duration: 156 (sec), Heat durations: [15634] (hds)
-- Session begin time: 2016-11-20 08:30:00 +0100, Computed begin time: 2016-11-20 11:30:18 +0100
UPDATE meeting_programs SET begin_time = '2016-11-20 11:30' WHERE id = 82986;

-- Event #70, M.Prg: 82987, tot. athletes: 2
-- Tot. progr. duration: 133 (sec), Heat durations: [13326] (hds)
-- Session begin time: 2016-11-20 08:30:00 +0100, Computed begin time: 2016-11-20 11:32:54 +0100
UPDATE meeting_programs SET begin_time = '2016-11-20 11:32' WHERE id = 82987;

-- Event #71, M.Prg: 82988, tot. athletes: 3
-- Tot. progr. duration: 143 (sec), Heat durations: [14333] (hds)
-- Session begin time: 2016-11-20 08:30:00 +0100, Computed begin time: 2016-11-20 11:35:07 +0100
UPDATE meeting_programs SET begin_time = '2016-11-20 11:35' WHERE id = 82988;

-- Event #72, M.Prg: 82989, tot. athletes: 2
-- Tot. progr. duration: 154 (sec), Heat durations: [15481] (hds)
-- Session begin time: 2016-11-20 08:30:00 +0100, Computed begin time: 2016-11-20 11:37:30 +0100
UPDATE meeting_programs SET begin_time = '2016-11-20 11:37' WHERE id = 82989;

-- Event #73, M.Prg: 82990, tot. athletes: 1
-- Tot. progr. duration: 119 (sec), Heat durations: [11948] (hds)
-- Session begin time: 2016-11-20 08:30:00 +0100, Computed begin time: 2016-11-20 11:40:04 +0100
UPDATE meeting_programs SET begin_time = '2016-11-20 11:40' WHERE id = 82990;

-- Event #74, M.Prg: 82991, tot. athletes: 1
-- Tot. progr. duration: 98 (sec), Heat durations: [9893] (hds)
-- Session begin time: 2016-11-20 08:30:00 +0100, Computed begin time: 2016-11-20 11:42:03 +0100
UPDATE meeting_programs SET begin_time = '2016-11-20 11:42' WHERE id = 82991;

-- Event #75, M.Prg: 82992, tot. athletes: 1
-- Tot. progr. duration: 97 (sec), Heat durations: [9773] (hds)
-- Session begin time: 2016-11-20 08:30:00 +0100, Computed begin time: 2016-11-20 11:43:41 +0100
UPDATE meeting_programs SET begin_time = '2016-11-20 11:43' WHERE id = 82992;

-- Event #76, M.Prg: 82993, tot. athletes: 1
-- Tot. progr. duration: 109 (sec), Heat durations: [10998] (hds)
-- Session begin time: 2016-11-20 08:30:00 +0100, Computed begin time: 2016-11-20 11:45:18 +0100
UPDATE meeting_programs SET begin_time = '2016-11-20 11:45' WHERE id = 82993;

-- Event #77, M.Prg: 82994, tot. athletes: 2
-- Tot. progr. duration: 106 (sec), Heat durations: [10629] (hds)
-- Session begin time: 2016-11-20 08:30:00 +0100, Computed begin time: 2016-11-20 11:47:07 +0100
UPDATE meeting_programs SET begin_time = '2016-11-20 11:47' WHERE id = 82994;

-- Event #78, M.Prg: 82995, tot. athletes: 2
-- Tot. progr. duration: 98 (sec), Heat durations: [9861] (hds)
-- Session begin time: 2016-11-20 08:30:00 +0100, Computed begin time: 2016-11-20 11:48:53 +0100
UPDATE meeting_programs SET begin_time = '2016-11-20 11:48' WHERE id = 82995;

-- Event #79, M.Prg: 82996, tot. athletes: 1
-- Tot. progr. duration: 116 (sec), Heat durations: [11601] (hds)
-- Session begin time: 2016-11-20 08:30:00 +0100, Computed begin time: 2016-11-20 11:50:31 +0100
UPDATE meeting_programs SET begin_time = '2016-11-20 11:50' WHERE id = 82996;

-- Event #80, M.Prg: 82997, tot. athletes: 1
-- Tot. progr. duration: 104 (sec), Heat durations: [10433] (hds)
-- Session begin time: 2016-11-20 08:30:00 +0100, Computed begin time: 2016-11-20 11:52:27 +0100
UPDATE meeting_programs SET begin_time = '2016-11-20 11:52' WHERE id = 82997;

-- Event #81, M.Prg: 82998, tot. athletes: 2
-- Tot. progr. duration: 119 (sec), Heat durations: [11929] (hds)
-- Session begin time: 2016-11-20 08:30:00 +0100, Computed begin time: 2016-11-20 11:54:11 +0100
UPDATE meeting_programs SET begin_time = '2016-11-20 11:54' WHERE id = 82998;

-- Event #82, M.Prg: 82999, tot. athletes: 1
-- Tot. progr. duration: 93 (sec), Heat durations: [9302] (hds)
-- Session begin time: 2016-11-20 08:30:00 +0100, Computed begin time: 2016-11-20 11:56:10 +0100
UPDATE meeting_programs SET begin_time = '2016-11-20 11:56' WHERE id = 82999;

-- Event #83, M.Prg: 83000, tot. athletes: 1
-- Tot. progr. duration: 106 (sec), Heat durations: [10622] (hds)
-- Session begin time: 2016-11-20 08:30:00 +0100, Computed begin time: 2016-11-20 11:57:43 +0100
UPDATE meeting_programs SET begin_time = '2016-11-20 11:57' WHERE id = 83000;

-- Event #84, M.Prg: 83001, tot. athletes: 1
-- Tot. progr. duration: 104 (sec), Heat durations: [10499] (hds)
-- Session begin time: 2016-11-20 08:30:00 +0100, Computed begin time: 2016-11-20 11:59:29 +0100
UPDATE meeting_programs SET begin_time = '2016-11-20 11:59' WHERE id = 83001;

-- Event #85, M.Prg: 83002, tot. athletes: 1
-- Tot. progr. duration: 112 (sec), Heat durations: [11208] (hds)
-- Session begin time: 2016-11-20 08:30:00 +0100, Computed begin time: 2016-11-20 12:01:13 +0100
UPDATE meeting_programs SET begin_time = '2016-11-20 12:01' WHERE id = 83002;

-- Event #86, M.Prg: 83003, tot. athletes: 2
-- Tot. progr. duration: 95 (sec), Heat durations: [9521] (hds)
-- Session begin time: 2016-11-20 08:30:00 +0100, Computed begin time: 2016-11-20 12:03:05 +0100
UPDATE meeting_programs SET begin_time = '2016-11-20 12:03' WHERE id = 83003;

-- Event #87, M.Prg: 83004, tot. athletes: 2
-- Tot. progr. duration: 98 (sec), Heat durations: [9826] (hds)
-- Session begin time: 2016-11-20 08:30:00 +0100, Computed begin time: 2016-11-20 12:04:40 +0100
UPDATE meeting_programs SET begin_time = '2016-11-20 12:04' WHERE id = 83004;

-- Event #88, M.Prg: 83005, tot. athletes: 1
-- Tot. progr. duration: 94 (sec), Heat durations: [9418] (hds)
-- Session begin time: 2016-11-20 08:30:00 +0100, Computed begin time: 2016-11-20 12:06:18 +0100
UPDATE meeting_programs SET begin_time = '2016-11-20 12:06' WHERE id = 83005;

-- Event #89, M.Prg: 83006, tot. athletes: 2
-- Tot. progr. duration: 115 (sec), Heat durations: [11552] (hds)
-- Session begin time: 2016-11-20 08:30:00 +0100, Computed begin time: 2016-11-20 12:07:52 +0100
UPDATE meeting_programs SET begin_time = '2016-11-20 12:07' WHERE id = 83006;

-- Event #90, M.Prg: 83007, tot. athletes: 2
-- Tot. progr. duration: 110 (sec), Heat durations: [11047] (hds)
-- Session begin time: 2016-11-20 08:30:00 +0100, Computed begin time: 2016-11-20 12:09:47 +0100
UPDATE meeting_programs SET begin_time = '2016-11-20 12:09' WHERE id = 83007;

-- Event #91, M.Prg: 83008, tot. athletes: 1
-- Tot. progr. duration: 95 (sec), Heat durations: [9560] (hds)
-- Session begin time: 2016-11-20 08:30:00 +0100, Computed begin time: 2016-11-20 12:11:37 +0100
UPDATE meeting_programs SET begin_time = '2016-11-20 12:11' WHERE id = 83008;

-- Event #92, M.Prg: 83009, tot. athletes: 2
-- Tot. progr. duration: 95 (sec), Heat durations: [9579] (hds)
-- Session begin time: 2016-11-20 08:30:00 +0100, Computed begin time: 2016-11-20 12:13:12 +0100
UPDATE meeting_programs SET begin_time = '2016-11-20 12:13' WHERE id = 83009;

-- Event #93, M.Prg: 83010, tot. athletes: 2
-- Tot. progr. duration: 92 (sec), Heat durations: [9226] (hds)
-- Session begin time: 2016-11-20 08:30:00 +0100, Computed begin time: 2016-11-20 12:14:47 +0100
UPDATE meeting_programs SET begin_time = '2016-11-20 12:14' WHERE id = 83010;

-- Event #94, M.Prg: 83011, tot. athletes: 4
-- Tot. progr. duration: 98 (sec), Heat durations: [9830] (hds)
-- Session begin time: 2016-11-20 08:30:00 +0100, Computed begin time: 2016-11-20 12:16:19 +0100
UPDATE meeting_programs SET begin_time = '2016-11-20 12:16' WHERE id = 83011;

-- Event #95, M.Prg: 83012, tot. athletes: 2
-- Tot. progr. duration: 102 (sec), Heat durations: [10296] (hds)
-- Session begin time: 2016-11-20 08:30:00 +0100, Computed begin time: 2016-11-20 12:17:57 +0100
UPDATE meeting_programs SET begin_time = '2016-11-20 12:17' WHERE id = 83012;

-- Event #96, M.Prg: 83013, tot. athletes: 3
-- Tot. progr. duration: 102 (sec), Heat durations: [10296] (hds)
-- Session begin time: 2016-11-20 08:30:00 +0100, Computed begin time: 2016-11-20 12:19:39 +0100
UPDATE meeting_programs SET begin_time = '2016-11-20 12:19' WHERE id = 83013;

-- Event #97, M.Prg: 83014, tot. athletes: 6
-- Tot. progr. duration: 108 (sec), Heat durations: [10835] (hds)
-- Session begin time: 2016-11-20 08:30:00 +0100, Computed begin time: 2016-11-20 12:21:21 +0100
UPDATE meeting_programs SET begin_time = '2016-11-20 12:21' WHERE id = 83014;

-- Event #98, M.Prg: 83015, tot. athletes: 3
-- Tot. progr. duration: 104 (sec), Heat durations: [10416] (hds)
-- Session begin time: 2016-11-20 08:30:00 +0100, Computed begin time: 2016-11-20 12:23:09 +0100
UPDATE meeting_programs SET begin_time = '2016-11-20 12:23' WHERE id = 83015;

-- Event #99, M.Prg: 83016, tot. athletes: 4
-- Tot. progr. duration: 111 (sec), Heat durations: [11109] (hds)
-- Session begin time: 2016-11-20 08:30:00 +0100, Computed begin time: 2016-11-20 12:24:53 +0100
UPDATE meeting_programs SET begin_time = '2016-11-20 12:24' WHERE id = 83016;

-- Event #100, M.Prg: 83017, tot. athletes: 1
-- Tot. progr. duration: 97 (sec), Heat durations: [9711] (hds)
-- Session begin time: 2016-11-20 08:30:00 +0100, Computed begin time: 2016-11-20 12:26:44 +0100
UPDATE meeting_programs SET begin_time = '2016-11-20 12:26' WHERE id = 83017;

-- Event #101, M.Prg: 83018, tot. athletes: 1
-- Tot. progr. duration: 90 (sec), Heat durations: [9054] (hds)
-- Session begin time: 2016-11-20 08:30:00 +0100, Computed begin time: 2016-11-20 12:28:21 +0100
UPDATE meeting_programs SET begin_time = '2016-11-20 12:28' WHERE id = 83018;

-- Event #102, M.Prg: 83019, tot. athletes: 1
-- Tot. progr. duration: 102 (sec), Heat durations: [10216] (hds)
-- Session begin time: 2016-11-20 08:30:00 +0100, Computed begin time: 2016-11-20 12:29:51 +0100
UPDATE meeting_programs SET begin_time = '2016-11-20 12:29' WHERE id = 83019;

-- Event #103, M.Prg: 83020, tot. athletes: 3
-- Tot. progr. duration: 116 (sec), Heat durations: [11657] (hds)
-- Session begin time: 2016-11-20 08:30:00 +0100, Computed begin time: 2016-11-20 12:31:33 +0100
UPDATE meeting_programs SET begin_time = '2016-11-20 12:31' WHERE id = 83020;

-- Event #104, M.Prg: 83021, tot. athletes: 3
-- Tot. progr. duration: 114 (sec), Heat durations: [11400] (hds)
-- Session begin time: 2016-11-20 08:30:00 +0100, Computed begin time: 2016-11-20 12:33:29 +0100
UPDATE meeting_programs SET begin_time = '2016-11-20 12:33' WHERE id = 83021;

-- Event #105, M.Prg: 83022, tot. athletes: 3
-- Tot. progr. duration: 118 (sec), Heat durations: [11891] (hds)
-- Session begin time: 2016-11-20 08:30:00 +0100, Computed begin time: 2016-11-20 12:35:23 +0100
UPDATE meeting_programs SET begin_time = '2016-11-20 12:35' WHERE id = 83022;

-- Event #106, M.Prg: 83023, tot. athletes: 1
-- Tot. progr. duration: 106 (sec), Heat durations: [10636] (hds)
-- Session begin time: 2016-11-20 08:30:00 +0100, Computed begin time: 2016-11-20 12:37:21 +0100
UPDATE meeting_programs SET begin_time = '2016-11-20 12:37' WHERE id = 83023;

-- Event #107, M.Prg: 83024, tot. athletes: 3
-- Tot. progr. duration: 105 (sec), Heat durations: [10580] (hds)
-- Session begin time: 2016-11-20 08:30:00 +0100, Computed begin time: 2016-11-20 12:39:07 +0100
UPDATE meeting_programs SET begin_time = '2016-11-20 12:39' WHERE id = 83024;

-- Event #108, M.Prg: 83025, tot. athletes: 2
-- Tot. progr. duration: 105 (sec), Heat durations: [10594] (hds)
-- Session begin time: 2016-11-20 08:30:00 +0100, Computed begin time: 2016-11-20 12:40:52 +0100
UPDATE meeting_programs SET begin_time = '2016-11-20 12:40' WHERE id = 83025;

-- Event #109, M.Prg: 83026, tot. athletes: 4
-- Tot. progr. duration: 107 (sec), Heat durations: [10735] (hds)
-- Session begin time: 2016-11-20 08:30:00 +0100, Computed begin time: 2016-11-20 12:42:37 +0100
UPDATE meeting_programs SET begin_time = '2016-11-20 12:42' WHERE id = 83026;

-- Event #110, M.Prg: 83027, tot. athletes: 7
-- Tot. progr. duration: 195 (sec), Heat durations: [10254, 9307] (hds)
-- Session begin time: 2016-11-20 08:30:00 +0100, Computed begin time: 2016-11-20 12:44:24 +0100
UPDATE meeting_programs SET begin_time = '2016-11-20 12:44' WHERE id = 83027;

-- Event #111, M.Prg: 83028, tot. athletes: 5
-- Tot. progr. duration: 135 (sec), Heat durations: [13520] (hds)
-- Session begin time: 2016-11-20 08:30:00 +0100, Computed begin time: 2016-11-20 12:47:39 +0100
UPDATE meeting_programs SET begin_time = '2016-11-20 12:47' WHERE id = 83028;

-- Event #112, M.Prg: 83029, tot. athletes: 5
-- Tot. progr. duration: 101 (sec), Heat durations: [10128] (hds)
-- Session begin time: 2016-11-20 08:30:00 +0100, Computed begin time: 2016-11-20 12:49:54 +0100
UPDATE meeting_programs SET begin_time = '2016-11-20 12:49' WHERE id = 83029;

-- Event #113, M.Prg: 83030, tot. athletes: 1
-- Tot. progr. duration: 109 (sec), Heat durations: [10994] (hds)
-- Session begin time: 2016-11-20 08:30:00 +0100, Computed begin time: 2016-11-20 12:51:35 +0100
UPDATE meeting_programs SET begin_time = '2016-11-20 12:51' WHERE id = 83030;

-- Event #114, M.Prg: 83031, tot. athletes: 1
-- Tot. progr. duration: 102 (sec), Heat durations: [10215] (hds)
-- Session begin time: 2016-11-20 08:30:00 +0100, Computed begin time: 2016-11-20 12:53:24 +0100
UPDATE meeting_programs SET begin_time = '2016-11-20 12:53' WHERE id = 83031;

-- Event #115, M.Prg: 83032, tot. athletes: 2
-- Tot. progr. duration: 143 (sec), Heat durations: [14318] (hds)
-- Session begin time: 2016-11-20 08:30:00 +0100, Computed begin time: 2016-11-20 12:55:06 +0100
UPDATE meeting_programs SET begin_time = '2016-11-20 12:55' WHERE id = 83032;

-- Event #116, M.Prg: 83033, tot. athletes: 1
-- Tot. progr. duration: 112 (sec), Heat durations: [11291] (hds)
-- Session begin time: 2016-11-20 08:30:00 +0100, Computed begin time: 2016-11-20 12:57:29 +0100
UPDATE meeting_programs SET begin_time = '2016-11-20 12:57' WHERE id = 83033;

-- Event #117, M.Prg: 83034, tot. athletes: 2
-- Tot. progr. duration: 93 (sec), Heat durations: [9302] (hds)
-- Session begin time: 2016-11-20 08:30:00 +0100, Computed begin time: 2016-11-20 12:59:21 +0100
UPDATE meeting_programs SET begin_time = '2016-11-20 12:59' WHERE id = 83034;

-- Event #118, M.Prg: 83035, tot. athletes: 2
-- Tot. progr. duration: 98 (sec), Heat durations: [9805] (hds)
-- Session begin time: 2016-11-20 08:30:00 +0100, Computed begin time: 2016-11-20 13:00:54 +0100
UPDATE meeting_programs SET begin_time = '2016-11-20 13:00' WHERE id = 83035;

-- Event #119, M.Prg: 83036, tot. athletes: 3
-- Tot. progr. duration: 114 (sec), Heat durations: [11430] (hds)
-- Session begin time: 2016-11-20 08:30:00 +0100, Computed begin time: 2016-11-20 13:02:32 +0100
UPDATE meeting_programs SET begin_time = '2016-11-20 13:02' WHERE id = 83036;

-- Event #120, M.Prg: 83037, tot. athletes: 5
-- Tot. progr. duration: 106 (sec), Heat durations: [10659] (hds)
-- Session begin time: 2016-11-20 08:30:00 +0100, Computed begin time: 2016-11-20 13:04:26 +0100
UPDATE meeting_programs SET begin_time = '2016-11-20 13:04' WHERE id = 83037;

-- Event #121, M.Prg: 83038, tot. athletes: 1
-- Tot. progr. duration: 103 (sec), Heat durations: [10351] (hds)
-- Session begin time: 2016-11-20 08:30:00 +0100, Computed begin time: 2016-11-20 13:06:12 +0100
UPDATE meeting_programs SET begin_time = '2016-11-20 13:06' WHERE id = 83038;

-- Event #122, M.Prg: 83039, tot. athletes: 1
-- Tot. progr. duration: 109 (sec), Heat durations: [10964] (hds)
-- Session begin time: 2016-11-20 08:30:00 +0100, Computed begin time: 2016-11-20 13:07:55 +0100
UPDATE meeting_programs SET begin_time = '2016-11-20 13:07' WHERE id = 83039;

-- Event #123, M.Prg: 83040, tot. athletes: 1
-- Tot. progr. duration: 119 (sec), Heat durations: [11924] (hds)
-- Session begin time: 2016-11-20 08:30:00 +0100, Computed begin time: 2016-11-20 13:09:44 +0100
UPDATE meeting_programs SET begin_time = '2016-11-20 13:09' WHERE id = 83040;

-- Event #124, M.Prg: 83041, tot. athletes: 7
-- Tot. progr. duration: 177 (sec), Heat durations: [9308, 8444] (hds)
-- Session begin time: 2016-11-20 08:30:00 +0100, Computed begin time: 2016-11-20 13:11:43 +0100
UPDATE meeting_programs SET begin_time = '2016-11-20 13:11' WHERE id = 83041;

-- Event #125, M.Prg: 83042, tot. athletes: 5
-- Tot. progr. duration: 104 (sec), Heat durations: [10412] (hds)
-- Session begin time: 2016-11-20 08:30:00 +0100, Computed begin time: 2016-11-20 13:14:40 +0100
UPDATE meeting_programs SET begin_time = '2016-11-20 13:14' WHERE id = 83042;

-- Event #126, M.Prg: 83043, tot. athletes: 9
-- Tot. progr. duration: 187 (sec), Heat durations: [9708, 9043] (hds)
-- Session begin time: 2016-11-20 08:30:00 +0100, Computed begin time: 2016-11-20 13:16:24 +0100
UPDATE meeting_programs SET begin_time = '2016-11-20 13:16' WHERE id = 83043;

-- Event #127, M.Prg: 83044, tot. athletes: 7
-- Tot. progr. duration: 188 (sec), Heat durations: [10255, 8640] (hds)
-- Session begin time: 2016-11-20 08:30:00 +0100, Computed begin time: 2016-11-20 13:19:31 +0100
UPDATE meeting_programs SET begin_time = '2016-11-20 13:19' WHERE id = 83044;

-- Event #128, M.Prg: 83045, tot. athletes: 6
-- Tot. progr. duration: 118 (sec), Heat durations: [11803] (hds)
-- Session begin time: 2016-11-20 08:30:00 +0100, Computed begin time: 2016-11-20 13:22:39 +0100
UPDATE meeting_programs SET begin_time = '2016-11-20 13:22' WHERE id = 83045;

-- Event #129, M.Prg: 83046, tot. athletes: 4
-- Tot. progr. duration: 92 (sec), Heat durations: [9201] (hds)
-- Session begin time: 2016-11-20 08:30:00 +0100, Computed begin time: 2016-11-20 13:24:37 +0100
UPDATE meeting_programs SET begin_time = '2016-11-20 13:24' WHERE id = 83046;

-- Event #130, M.Prg: 83047, tot. athletes: 1
-- Tot. progr. duration: 93 (sec), Heat durations: [9395] (hds)
-- Session begin time: 2016-11-20 08:30:00 +0100, Computed begin time: 2016-11-20 13:26:09 +0100
UPDATE meeting_programs SET begin_time = '2016-11-20 13:26' WHERE id = 83047;

-- Event #131, M.Prg: 83048, tot. athletes: 4
-- Tot. progr. duration: 113 (sec), Heat durations: [11309] (hds)
-- Session begin time: 2016-11-20 08:30:00 +0100, Computed begin time: 2016-11-20 13:27:42 +0100
UPDATE meeting_programs SET begin_time = '2016-11-20 13:27' WHERE id = 83048;

-- Event #132, M.Prg: 83049, tot. athletes: 1
-- Tot. progr. duration: 93 (sec), Heat durations: [9336] (hds)
-- Session begin time: 2016-11-20 08:30:00 +0100, Computed begin time: 2016-11-20 13:29:35 +0100
UPDATE meeting_programs SET begin_time = '2016-11-20 13:29' WHERE id = 83049;

-- Event #133, M.Prg: 83050, tot. athletes: 1
-- Tot. progr. duration: 127 (sec), Heat durations: [12726] (hds)
-- Session begin time: 2016-11-20 08:30:00 +0100, Computed begin time: 2016-11-20 13:31:08 +0100
UPDATE meeting_programs SET begin_time = '2016-11-20 13:31' WHERE id = 83050;

-- Event #134, M.Prg: 83051, tot. athletes: 1
-- Tot. progr. duration: 124 (sec), Heat durations: [12453] (hds)
-- Session begin time: 2016-11-20 08:30:00 +0100, Computed begin time: 2016-11-20 13:33:15 +0100
UPDATE meeting_programs SET begin_time = '2016-11-20 13:33' WHERE id = 83051;

-- Event #135, M.Prg: 83052, tot. athletes: 1
-- Tot. progr. duration: 103 (sec), Heat durations: [10357] (hds)
-- Session begin time: 2016-11-20 08:30:00 +0100, Computed begin time: 2016-11-20 13:35:19 +0100
UPDATE meeting_programs SET begin_time = '2016-11-20 13:35' WHERE id = 83052;


-- Last completed phase code: 30
