-- *** SQL Diff file for ris20160117certaldodelboccaccio.txt ***
-- Timestamp: 201611160823
INSERT INTO `meeting_events` (`id`, `created_at`, `updated_at`, `event_order`, `begin_time`, `is_out_of_race`, `is_autofilled`, `notes`, `meeting_session_id`, `event_type_id`, `heat_type_id`, `user_id`, `has_separate_gender_start_list`, `has_separate_category_start_list`)
  VALUES (11669, '2016-11-16 07:33:25', '2016-11-16 07:33:25', 1, '2000-01-01 08:02:00', 0, 1, NULL, 1104, 16, 3, 1, 1, 0);

INSERT INTO `meeting_programs` (`id`, `event_order`, `category_type_id`, `gender_type_id`, `user_id`, `created_at`, `updated_at`, `is_autofilled`, `is_out_of_race`, `begin_time`, `meeting_event_id`, `pool_type_id`, `time_standard_id`)
  VALUES (80157, 1, 908, 2, 1, '2016-11-16 07:33:25', '2016-11-16 07:33:25', 1, 0, '2000-01-01 08:02:00', 11669, 1, NULL);

INSERT INTO `meeting_programs` (`id`, `event_order`, `category_type_id`, `gender_type_id`, `user_id`, `created_at`, `updated_at`, `is_autofilled`, `is_out_of_race`, `begin_time`, `meeting_event_id`, `pool_type_id`, `time_standard_id`)
  VALUES (80158, 2, 910, 2, 1, '2016-11-16 07:33:25', '2016-11-16 07:33:25', 1, 0, '2000-01-01 08:04:00', 11669, 1, NULL);

INSERT INTO `meeting_programs` (`id`, `event_order`, `category_type_id`, `gender_type_id`, `user_id`, `created_at`, `updated_at`, `is_autofilled`, `is_out_of_race`, `begin_time`, `meeting_event_id`, `pool_type_id`, `time_standard_id`)
  VALUES (80159, 3, 911, 2, 1, '2016-11-16 07:33:25', '2016-11-16 07:33:25', 1, 0, '2000-01-01 08:06:00', 11669, 1, NULL);

INSERT INTO `meeting_programs` (`id`, `event_order`, `category_type_id`, `gender_type_id`, `user_id`, `created_at`, `updated_at`, `is_autofilled`, `is_out_of_race`, `begin_time`, `meeting_event_id`, `pool_type_id`, `time_standard_id`)
  VALUES (80160, 4, 912, 2, 1, '2016-11-16 07:33:25', '2016-11-16 07:33:25', 1, 0, '2000-01-01 08:08:00', 11669, 1, NULL);

INSERT INTO `meeting_programs` (`id`, `event_order`, `category_type_id`, `gender_type_id`, `user_id`, `created_at`, `updated_at`, `is_autofilled`, `is_out_of_race`, `begin_time`, `meeting_event_id`, `pool_type_id`, `time_standard_id`)
  VALUES (80161, 5, 908, 1, 1, '2016-11-16 07:33:25', '2016-11-16 07:33:25', 1, 0, '2000-01-01 08:10:00', 11669, 1, NULL);

INSERT INTO `meeting_programs` (`id`, `event_order`, `category_type_id`, `gender_type_id`, `user_id`, `created_at`, `updated_at`, `is_autofilled`, `is_out_of_race`, `begin_time`, `meeting_event_id`, `pool_type_id`, `time_standard_id`)
  VALUES (80162, 6, 910, 1, 1, '2016-11-16 07:33:25', '2016-11-16 07:33:25', 1, 0, '2000-01-01 08:12:00', 11669, 1, NULL);

INSERT INTO `meeting_programs` (`id`, `event_order`, `category_type_id`, `gender_type_id`, `user_id`, `created_at`, `updated_at`, `is_autofilled`, `is_out_of_race`, `begin_time`, `meeting_event_id`, `pool_type_id`, `time_standard_id`)
  VALUES (80163, 7, 912, 1, 1, '2016-11-16 07:33:25', '2016-11-16 07:33:25', 1, 0, '2000-01-01 08:14:00', 11669, 1, NULL);

INSERT INTO `meeting_programs` (`id`, `event_order`, `category_type_id`, `gender_type_id`, `user_id`, `created_at`, `updated_at`, `is_autofilled`, `is_out_of_race`, `begin_time`, `meeting_event_id`, `pool_type_id`, `time_standard_id`)
  VALUES (80164, 8, 913, 1, 1, '2016-11-16 07:33:25', '2016-11-16 07:33:25', 1, 0, '2000-01-01 08:16:00', 11669, 1, NULL);

INSERT INTO `meeting_programs` (`id`, `event_order`, `category_type_id`, `gender_type_id`, `user_id`, `created_at`, `updated_at`, `is_autofilled`, `is_out_of_race`, `begin_time`, `meeting_event_id`, `pool_type_id`, `time_standard_id`)
  VALUES (80165, 9, 914, 1, 1, '2016-11-16 07:33:25', '2016-11-16 07:33:25', 1, 0, '2000-01-01 08:18:00', 11669, 1, NULL);

INSERT INTO `meeting_programs` (`id`, `event_order`, `category_type_id`, `gender_type_id`, `user_id`, `created_at`, `updated_at`, `is_autofilled`, `is_out_of_race`, `begin_time`, `meeting_event_id`, `pool_type_id`, `time_standard_id`)
  VALUES (80166, 10, 917, 1, 1, '2016-11-16 07:33:25', '2016-11-16 07:33:25', 1, 0, '2000-01-01 08:20:00', 11669, 1, NULL);

INSERT INTO `meeting_programs` (`id`, `event_order`, `category_type_id`, `gender_type_id`, `user_id`, `created_at`, `updated_at`, `is_autofilled`, `is_out_of_race`, `begin_time`, `meeting_event_id`, `pool_type_id`, `time_standard_id`)
  VALUES (80167, 11, 918, 1, 1, '2016-11-16 07:33:25', '2016-11-16 07:33:25', 1, 0, '2000-01-01 08:22:00', 11669, 1, NULL);

INSERT INTO `meeting_programs` (`id`, `event_order`, `category_type_id`, `gender_type_id`, `user_id`, `created_at`, `updated_at`, `is_autofilled`, `is_out_of_race`, `begin_time`, `meeting_event_id`, `pool_type_id`, `time_standard_id`)
  VALUES (80168, 12, 919, 1, 1, '2016-11-16 07:33:25', '2016-11-16 07:33:25', 1, 0, '2000-01-01 08:24:00', 11669, 1, NULL);

INSERT INTO `meeting_events` (`id`, `created_at`, `updated_at`, `event_order`, `begin_time`, `is_out_of_race`, `is_autofilled`, `notes`, `meeting_session_id`, `event_type_id`, `heat_type_id`, `user_id`, `has_separate_gender_start_list`, `has_separate_category_start_list`)
  VALUES (11670, '2016-11-16 07:33:25', '2016-11-16 07:33:25', 2, '2000-01-01 08:26:00', 0, 1, NULL, 1104, 22, 3, 1, 1, 0);

INSERT INTO `meeting_programs` (`id`, `event_order`, `category_type_id`, `gender_type_id`, `user_id`, `created_at`, `updated_at`, `is_autofilled`, `is_out_of_race`, `begin_time`, `meeting_event_id`, `pool_type_id`, `time_standard_id`)
  VALUES (80169, 13, 908, 2, 1, '2016-11-16 07:33:25', '2016-11-16 07:33:25', 1, 0, '2000-01-01 08:26:00', 11670, 1, NULL);

INSERT INTO `meeting_programs` (`id`, `event_order`, `category_type_id`, `gender_type_id`, `user_id`, `created_at`, `updated_at`, `is_autofilled`, `is_out_of_race`, `begin_time`, `meeting_event_id`, `pool_type_id`, `time_standard_id`)
  VALUES (80170, 14, 909, 2, 1, '2016-11-16 07:33:25', '2016-11-16 07:33:25', 1, 0, '2000-01-01 08:28:00', 11670, 1, NULL);

INSERT INTO `meeting_programs` (`id`, `event_order`, `category_type_id`, `gender_type_id`, `user_id`, `created_at`, `updated_at`, `is_autofilled`, `is_out_of_race`, `begin_time`, `meeting_event_id`, `pool_type_id`, `time_standard_id`)
  VALUES (80171, 15, 910, 2, 1, '2016-11-16 07:33:25', '2016-11-16 07:33:25', 1, 0, '2000-01-01 08:30:00', 11670, 1, NULL);

INSERT INTO `meeting_programs` (`id`, `event_order`, `category_type_id`, `gender_type_id`, `user_id`, `created_at`, `updated_at`, `is_autofilled`, `is_out_of_race`, `begin_time`, `meeting_event_id`, `pool_type_id`, `time_standard_id`)
  VALUES (80172, 16, 911, 2, 1, '2016-11-16 07:33:25', '2016-11-16 07:33:25', 1, 0, '2000-01-01 08:32:00', 11670, 1, NULL);

INSERT INTO `meeting_programs` (`id`, `event_order`, `category_type_id`, `gender_type_id`, `user_id`, `created_at`, `updated_at`, `is_autofilled`, `is_out_of_race`, `begin_time`, `meeting_event_id`, `pool_type_id`, `time_standard_id`)
  VALUES (80173, 17, 912, 2, 1, '2016-11-16 07:33:25', '2016-11-16 07:33:25', 1, 0, '2000-01-01 08:34:00', 11670, 1, NULL);

INSERT INTO `meeting_programs` (`id`, `event_order`, `category_type_id`, `gender_type_id`, `user_id`, `created_at`, `updated_at`, `is_autofilled`, `is_out_of_race`, `begin_time`, `meeting_event_id`, `pool_type_id`, `time_standard_id`)
  VALUES (80174, 18, 913, 2, 1, '2016-11-16 07:33:26', '2016-11-16 07:33:26', 1, 0, '2000-01-01 08:36:00', 11670, 1, NULL);

INSERT INTO `meeting_programs` (`id`, `event_order`, `category_type_id`, `gender_type_id`, `user_id`, `created_at`, `updated_at`, `is_autofilled`, `is_out_of_race`, `begin_time`, `meeting_event_id`, `pool_type_id`, `time_standard_id`)
  VALUES (80175, 19, 916, 2, 1, '2016-11-16 07:33:26', '2016-11-16 07:33:26', 1, 0, '2000-01-01 08:38:00', 11670, 1, NULL);

INSERT INTO `meeting_programs` (`id`, `event_order`, `category_type_id`, `gender_type_id`, `user_id`, `created_at`, `updated_at`, `is_autofilled`, `is_out_of_race`, `begin_time`, `meeting_event_id`, `pool_type_id`, `time_standard_id`)
  VALUES (80176, 20, 917, 2, 1, '2016-11-16 07:33:26', '2016-11-16 07:33:26', 1, 0, '2000-01-01 08:40:00', 11670, 1, NULL);

INSERT INTO `meeting_programs` (`id`, `event_order`, `category_type_id`, `gender_type_id`, `user_id`, `created_at`, `updated_at`, `is_autofilled`, `is_out_of_race`, `begin_time`, `meeting_event_id`, `pool_type_id`, `time_standard_id`)
  VALUES (80177, 21, 924, 2, 1, '2016-11-16 07:33:26', '2016-11-16 07:33:26', 1, 0, '2000-01-01 08:42:00', 11670, 1, NULL);

INSERT INTO `meeting_programs` (`id`, `event_order`, `category_type_id`, `gender_type_id`, `user_id`, `created_at`, `updated_at`, `is_autofilled`, `is_out_of_race`, `begin_time`, `meeting_event_id`, `pool_type_id`, `time_standard_id`)
  VALUES (80178, 22, 908, 1, 1, '2016-11-16 07:33:26', '2016-11-16 07:33:26', 1, 0, '2000-01-01 08:44:00', 11670, 1, NULL);

INSERT INTO `meeting_programs` (`id`, `event_order`, `category_type_id`, `gender_type_id`, `user_id`, `created_at`, `updated_at`, `is_autofilled`, `is_out_of_race`, `begin_time`, `meeting_event_id`, `pool_type_id`, `time_standard_id`)
  VALUES (80179, 23, 909, 1, 1, '2016-11-16 07:33:26', '2016-11-16 07:33:26', 1, 0, '2000-01-01 08:46:00', 11670, 1, NULL);

INSERT INTO `meeting_programs` (`id`, `event_order`, `category_type_id`, `gender_type_id`, `user_id`, `created_at`, `updated_at`, `is_autofilled`, `is_out_of_race`, `begin_time`, `meeting_event_id`, `pool_type_id`, `time_standard_id`)
  VALUES (80180, 24, 910, 1, 1, '2016-11-16 07:33:26', '2016-11-16 07:33:26', 1, 0, '2000-01-01 08:48:00', 11670, 1, NULL);

INSERT INTO `meeting_programs` (`id`, `event_order`, `category_type_id`, `gender_type_id`, `user_id`, `created_at`, `updated_at`, `is_autofilled`, `is_out_of_race`, `begin_time`, `meeting_event_id`, `pool_type_id`, `time_standard_id`)
  VALUES (80181, 25, 911, 1, 1, '2016-11-16 07:33:26', '2016-11-16 07:33:26', 1, 0, '2000-01-01 08:50:00', 11670, 1, NULL);

INSERT INTO `meeting_programs` (`id`, `event_order`, `category_type_id`, `gender_type_id`, `user_id`, `created_at`, `updated_at`, `is_autofilled`, `is_out_of_race`, `begin_time`, `meeting_event_id`, `pool_type_id`, `time_standard_id`)
  VALUES (80182, 26, 912, 1, 1, '2016-11-16 07:33:26', '2016-11-16 07:33:26', 1, 0, '2000-01-01 08:52:00', 11670, 1, NULL);

INSERT INTO `meeting_programs` (`id`, `event_order`, `category_type_id`, `gender_type_id`, `user_id`, `created_at`, `updated_at`, `is_autofilled`, `is_out_of_race`, `begin_time`, `meeting_event_id`, `pool_type_id`, `time_standard_id`)
  VALUES (80183, 27, 913, 1, 1, '2016-11-16 07:33:26', '2016-11-16 07:33:26', 1, 0, '2000-01-01 08:54:00', 11670, 1, NULL);

INSERT INTO `meeting_programs` (`id`, `event_order`, `category_type_id`, `gender_type_id`, `user_id`, `created_at`, `updated_at`, `is_autofilled`, `is_out_of_race`, `begin_time`, `meeting_event_id`, `pool_type_id`, `time_standard_id`)
  VALUES (80184, 28, 914, 1, 1, '2016-11-16 07:33:26', '2016-11-16 07:33:26', 1, 0, '2000-01-01 08:56:00', 11670, 1, NULL);

INSERT INTO `meeting_programs` (`id`, `event_order`, `category_type_id`, `gender_type_id`, `user_id`, `created_at`, `updated_at`, `is_autofilled`, `is_out_of_race`, `begin_time`, `meeting_event_id`, `pool_type_id`, `time_standard_id`)
  VALUES (80185, 29, 915, 1, 1, '2016-11-16 07:33:26', '2016-11-16 07:33:26', 1, 0, '2000-01-01 08:58:00', 11670, 1, NULL);

INSERT INTO `meeting_programs` (`id`, `event_order`, `category_type_id`, `gender_type_id`, `user_id`, `created_at`, `updated_at`, `is_autofilled`, `is_out_of_race`, `begin_time`, `meeting_event_id`, `pool_type_id`, `time_standard_id`)
  VALUES (80186, 30, 918, 1, 1, '2016-11-16 07:33:26', '2016-11-16 07:33:26', 1, 0, '2000-01-01 09:00:00', 11670, 1, NULL);

INSERT INTO `meeting_programs` (`id`, `event_order`, `category_type_id`, `gender_type_id`, `user_id`, `created_at`, `updated_at`, `is_autofilled`, `is_out_of_race`, `begin_time`, `meeting_event_id`, `pool_type_id`, `time_standard_id`)
  VALUES (80187, 31, 924, 1, 1, '2016-11-16 07:33:26', '2016-11-16 07:33:26', 1, 0, '2000-01-01 09:02:00', 11670, 1, NULL);

INSERT INTO `meeting_events` (`id`, `created_at`, `updated_at`, `event_order`, `begin_time`, `is_out_of_race`, `is_autofilled`, `notes`, `meeting_session_id`, `event_type_id`, `heat_type_id`, `user_id`, `has_separate_gender_start_list`, `has_separate_category_start_list`)
  VALUES (11671, '2016-11-16 07:33:26', '2016-11-16 07:33:26', 3, '2000-01-01 09:04:00', 0, 1, NULL, 1104, 20, 3, 1, 1, 0);

INSERT INTO `meeting_programs` (`id`, `event_order`, `category_type_id`, `gender_type_id`, `user_id`, `created_at`, `updated_at`, `is_autofilled`, `is_out_of_race`, `begin_time`, `meeting_event_id`, `pool_type_id`, `time_standard_id`)
  VALUES (80188, 32, 908, 2, 1, '2016-11-16 07:33:26', '2016-11-16 07:33:26', 1, 0, '2000-01-01 09:04:00', 11671, 1, NULL);

INSERT INTO `meeting_programs` (`id`, `event_order`, `category_type_id`, `gender_type_id`, `user_id`, `created_at`, `updated_at`, `is_autofilled`, `is_out_of_race`, `begin_time`, `meeting_event_id`, `pool_type_id`, `time_standard_id`)
  VALUES (80189, 33, 910, 1, 1, '2016-11-16 07:33:26', '2016-11-16 07:33:26', 1, 0, '2000-01-01 09:06:00', 11671, 1, NULL);

INSERT INTO `meeting_programs` (`id`, `event_order`, `category_type_id`, `gender_type_id`, `user_id`, `created_at`, `updated_at`, `is_autofilled`, `is_out_of_race`, `begin_time`, `meeting_event_id`, `pool_type_id`, `time_standard_id`)
  VALUES (80190, 34, 912, 1, 1, '2016-11-16 07:33:26', '2016-11-16 07:33:26', 1, 0, '2000-01-01 09:08:00', 11671, 1, NULL);

INSERT INTO `meeting_programs` (`id`, `event_order`, `category_type_id`, `gender_type_id`, `user_id`, `created_at`, `updated_at`, `is_autofilled`, `is_out_of_race`, `begin_time`, `meeting_event_id`, `pool_type_id`, `time_standard_id`)
  VALUES (80191, 35, 913, 1, 1, '2016-11-16 07:33:26', '2016-11-16 07:33:26', 1, 0, '2000-01-01 09:10:00', 11671, 1, NULL);

INSERT INTO `meeting_programs` (`id`, `event_order`, `category_type_id`, `gender_type_id`, `user_id`, `created_at`, `updated_at`, `is_autofilled`, `is_out_of_race`, `begin_time`, `meeting_event_id`, `pool_type_id`, `time_standard_id`)
  VALUES (80192, 36, 914, 1, 1, '2016-11-16 07:33:26', '2016-11-16 07:33:26', 1, 0, '2000-01-01 09:12:00', 11671, 1, NULL);

INSERT INTO `meeting_programs` (`id`, `event_order`, `category_type_id`, `gender_type_id`, `user_id`, `created_at`, `updated_at`, `is_autofilled`, `is_out_of_race`, `begin_time`, `meeting_event_id`, `pool_type_id`, `time_standard_id`)
  VALUES (80193, 37, 916, 1, 1, '2016-11-16 07:33:27', '2016-11-16 07:33:27', 1, 0, '2000-01-01 09:14:00', 11671, 1, NULL);

INSERT INTO `meeting_events` (`id`, `created_at`, `updated_at`, `event_order`, `begin_time`, `is_out_of_race`, `is_autofilled`, `notes`, `meeting_session_id`, `event_type_id`, `heat_type_id`, `user_id`, `has_separate_gender_start_list`, `has_separate_category_start_list`)
  VALUES (11672, '2016-11-16 07:33:27', '2016-11-16 07:33:27', 4, '2000-01-01 09:16:00', 0, 1, NULL, 1104, 3, 3, 1, 1, 0);

INSERT INTO `meeting_programs` (`id`, `event_order`, `category_type_id`, `gender_type_id`, `user_id`, `created_at`, `updated_at`, `is_autofilled`, `is_out_of_race`, `begin_time`, `meeting_event_id`, `pool_type_id`, `time_standard_id`)
  VALUES (80194, 38, 912, 2, 1, '2016-11-16 07:33:27', '2016-11-16 07:33:27', 1, 0, '2000-01-01 09:16:00', 11672, 1, NULL);

INSERT INTO `meeting_programs` (`id`, `event_order`, `category_type_id`, `gender_type_id`, `user_id`, `created_at`, `updated_at`, `is_autofilled`, `is_out_of_race`, `begin_time`, `meeting_event_id`, `pool_type_id`, `time_standard_id`)
  VALUES (80195, 39, 913, 2, 1, '2016-11-16 07:33:27', '2016-11-16 07:33:27', 1, 0, '2000-01-01 09:18:00', 11672, 1, NULL);

INSERT INTO `meeting_programs` (`id`, `event_order`, `category_type_id`, `gender_type_id`, `user_id`, `created_at`, `updated_at`, `is_autofilled`, `is_out_of_race`, `begin_time`, `meeting_event_id`, `pool_type_id`, `time_standard_id`)
  VALUES (80196, 40, 908, 1, 1, '2016-11-16 07:33:27', '2016-11-16 07:33:27', 1, 0, '2000-01-01 09:20:00', 11672, 1, NULL);

INSERT INTO `meeting_programs` (`id`, `event_order`, `category_type_id`, `gender_type_id`, `user_id`, `created_at`, `updated_at`, `is_autofilled`, `is_out_of_race`, `begin_time`, `meeting_event_id`, `pool_type_id`, `time_standard_id`)
  VALUES (80197, 41, 909, 1, 1, '2016-11-16 07:33:27', '2016-11-16 07:33:27', 1, 0, '2000-01-01 09:22:00', 11672, 1, NULL);

INSERT INTO `meeting_programs` (`id`, `event_order`, `category_type_id`, `gender_type_id`, `user_id`, `created_at`, `updated_at`, `is_autofilled`, `is_out_of_race`, `begin_time`, `meeting_event_id`, `pool_type_id`, `time_standard_id`)
  VALUES (80198, 42, 910, 1, 1, '2016-11-16 07:33:27', '2016-11-16 07:33:27', 1, 0, '2000-01-01 09:24:00', 11672, 1, NULL);

INSERT INTO `meeting_programs` (`id`, `event_order`, `category_type_id`, `gender_type_id`, `user_id`, `created_at`, `updated_at`, `is_autofilled`, `is_out_of_race`, `begin_time`, `meeting_event_id`, `pool_type_id`, `time_standard_id`)
  VALUES (80199, 43, 911, 1, 1, '2016-11-16 07:33:27', '2016-11-16 07:33:27', 1, 0, '2000-01-01 09:26:00', 11672, 1, NULL);

INSERT INTO `meeting_programs` (`id`, `event_order`, `category_type_id`, `gender_type_id`, `user_id`, `created_at`, `updated_at`, `is_autofilled`, `is_out_of_race`, `begin_time`, `meeting_event_id`, `pool_type_id`, `time_standard_id`)
  VALUES (80200, 44, 912, 1, 1, '2016-11-16 07:33:27', '2016-11-16 07:33:27', 1, 0, '2000-01-01 09:28:00', 11672, 1, NULL);

INSERT INTO `meeting_programs` (`id`, `event_order`, `category_type_id`, `gender_type_id`, `user_id`, `created_at`, `updated_at`, `is_autofilled`, `is_out_of_race`, `begin_time`, `meeting_event_id`, `pool_type_id`, `time_standard_id`)
  VALUES (80201, 45, 913, 1, 1, '2016-11-16 07:33:27', '2016-11-16 07:33:27', 1, 0, '2000-01-01 09:30:00', 11672, 1, NULL);

INSERT INTO `meeting_programs` (`id`, `event_order`, `category_type_id`, `gender_type_id`, `user_id`, `created_at`, `updated_at`, `is_autofilled`, `is_out_of_race`, `begin_time`, `meeting_event_id`, `pool_type_id`, `time_standard_id`)
  VALUES (80202, 46, 914, 1, 1, '2016-11-16 07:33:27', '2016-11-16 07:33:27', 1, 0, '2000-01-01 09:32:00', 11672, 1, NULL);

INSERT INTO `meeting_programs` (`id`, `event_order`, `category_type_id`, `gender_type_id`, `user_id`, `created_at`, `updated_at`, `is_autofilled`, `is_out_of_race`, `begin_time`, `meeting_event_id`, `pool_type_id`, `time_standard_id`)
  VALUES (80203, 47, 916, 1, 1, '2016-11-16 07:33:27', '2016-11-16 07:33:27', 1, 0, '2000-01-01 09:34:00', 11672, 1, NULL);

INSERT INTO `meeting_programs` (`id`, `event_order`, `category_type_id`, `gender_type_id`, `user_id`, `created_at`, `updated_at`, `is_autofilled`, `is_out_of_race`, `begin_time`, `meeting_event_id`, `pool_type_id`, `time_standard_id`)
  VALUES (80204, 48, 917, 1, 1, '2016-11-16 07:33:27', '2016-11-16 07:33:27', 1, 0, '2000-01-01 09:36:00', 11672, 1, NULL);

INSERT INTO `meeting_events` (`id`, `created_at`, `updated_at`, `event_order`, `begin_time`, `is_out_of_race`, `is_autofilled`, `notes`, `meeting_session_id`, `event_type_id`, `heat_type_id`, `user_id`, `has_separate_gender_start_list`, `has_separate_category_start_list`)
  VALUES (11673, '2016-11-16 07:33:27', '2016-11-16 07:33:27', 5, '2000-01-01 09:38:00', 0, 1, NULL, 1104, 4, 3, 1, 1, 0);

INSERT INTO `meeting_programs` (`id`, `event_order`, `category_type_id`, `gender_type_id`, `user_id`, `created_at`, `updated_at`, `is_autofilled`, `is_out_of_race`, `begin_time`, `meeting_event_id`, `pool_type_id`, `time_standard_id`)
  VALUES (80205, 49, 908, 2, 1, '2016-11-16 07:33:27', '2016-11-16 07:33:27', 1, 0, '2000-01-01 09:38:00', 11673, 1, NULL);

INSERT INTO `meeting_programs` (`id`, `event_order`, `category_type_id`, `gender_type_id`, `user_id`, `created_at`, `updated_at`, `is_autofilled`, `is_out_of_race`, `begin_time`, `meeting_event_id`, `pool_type_id`, `time_standard_id`)
  VALUES (80206, 50, 910, 2, 1, '2016-11-16 07:33:27', '2016-11-16 07:33:27', 1, 0, '2000-01-01 09:40:00', 11673, 1, NULL);

INSERT INTO `meeting_programs` (`id`, `event_order`, `category_type_id`, `gender_type_id`, `user_id`, `created_at`, `updated_at`, `is_autofilled`, `is_out_of_race`, `begin_time`, `meeting_event_id`, `pool_type_id`, `time_standard_id`)
  VALUES (80207, 51, 911, 2, 1, '2016-11-16 07:33:27', '2016-11-16 07:33:27', 1, 0, '2000-01-01 09:42:00', 11673, 1, NULL);

INSERT INTO `meeting_programs` (`id`, `event_order`, `category_type_id`, `gender_type_id`, `user_id`, `created_at`, `updated_at`, `is_autofilled`, `is_out_of_race`, `begin_time`, `meeting_event_id`, `pool_type_id`, `time_standard_id`)
  VALUES (80208, 52, 912, 2, 1, '2016-11-16 07:33:27', '2016-11-16 07:33:27', 1, 0, '2000-01-01 09:44:00', 11673, 1, NULL);

INSERT INTO `meeting_programs` (`id`, `event_order`, `category_type_id`, `gender_type_id`, `user_id`, `created_at`, `updated_at`, `is_autofilled`, `is_out_of_race`, `begin_time`, `meeting_event_id`, `pool_type_id`, `time_standard_id`)
  VALUES (80209, 53, 913, 2, 1, '2016-11-16 07:33:27', '2016-11-16 07:33:27', 1, 0, '2000-01-01 09:46:00', 11673, 1, NULL);

INSERT INTO `meeting_programs` (`id`, `event_order`, `category_type_id`, `gender_type_id`, `user_id`, `created_at`, `updated_at`, `is_autofilled`, `is_out_of_race`, `begin_time`, `meeting_event_id`, `pool_type_id`, `time_standard_id`)
  VALUES (80210, 54, 914, 2, 1, '2016-11-16 07:33:27', '2016-11-16 07:33:27', 1, 0, '2000-01-01 09:48:00', 11673, 1, NULL);

INSERT INTO `meeting_programs` (`id`, `event_order`, `category_type_id`, `gender_type_id`, `user_id`, `created_at`, `updated_at`, `is_autofilled`, `is_out_of_race`, `begin_time`, `meeting_event_id`, `pool_type_id`, `time_standard_id`)
  VALUES (80211, 55, 909, 1, 1, '2016-11-16 07:33:27', '2016-11-16 07:33:27', 1, 0, '2000-01-01 09:50:00', 11673, 1, NULL);

INSERT INTO `meeting_programs` (`id`, `event_order`, `category_type_id`, `gender_type_id`, `user_id`, `created_at`, `updated_at`, `is_autofilled`, `is_out_of_race`, `begin_time`, `meeting_event_id`, `pool_type_id`, `time_standard_id`)
  VALUES (80212, 56, 910, 1, 1, '2016-11-16 07:33:27', '2016-11-16 07:33:27', 1, 0, '2000-01-01 09:52:00', 11673, 1, NULL);

INSERT INTO `meeting_programs` (`id`, `event_order`, `category_type_id`, `gender_type_id`, `user_id`, `created_at`, `updated_at`, `is_autofilled`, `is_out_of_race`, `begin_time`, `meeting_event_id`, `pool_type_id`, `time_standard_id`)
  VALUES (80213, 57, 911, 1, 1, '2016-11-16 07:33:27', '2016-11-16 07:33:27', 1, 0, '2000-01-01 09:54:00', 11673, 1, NULL);

INSERT INTO `meeting_programs` (`id`, `event_order`, `category_type_id`, `gender_type_id`, `user_id`, `created_at`, `updated_at`, `is_autofilled`, `is_out_of_race`, `begin_time`, `meeting_event_id`, `pool_type_id`, `time_standard_id`)
  VALUES (80214, 58, 912, 1, 1, '2016-11-16 07:33:27', '2016-11-16 07:33:27', 1, 0, '2000-01-01 09:56:00', 11673, 1, NULL);

INSERT INTO `meeting_programs` (`id`, `event_order`, `category_type_id`, `gender_type_id`, `user_id`, `created_at`, `updated_at`, `is_autofilled`, `is_out_of_race`, `begin_time`, `meeting_event_id`, `pool_type_id`, `time_standard_id`)
  VALUES (80215, 59, 914, 1, 1, '2016-11-16 07:33:27', '2016-11-16 07:33:27', 1, 0, '2000-01-01 09:58:00', 11673, 1, NULL);

INSERT INTO `meeting_programs` (`id`, `event_order`, `category_type_id`, `gender_type_id`, `user_id`, `created_at`, `updated_at`, `is_autofilled`, `is_out_of_race`, `begin_time`, `meeting_event_id`, `pool_type_id`, `time_standard_id`)
  VALUES (80216, 60, 915, 1, 1, '2016-11-16 07:33:28', '2016-11-16 07:33:28', 1, 0, '2000-01-01 10:00:00', 11673, 1, NULL);

INSERT INTO `meeting_programs` (`id`, `event_order`, `category_type_id`, `gender_type_id`, `user_id`, `created_at`, `updated_at`, `is_autofilled`, `is_out_of_race`, `begin_time`, `meeting_event_id`, `pool_type_id`, `time_standard_id`)
  VALUES (80217, 61, 918, 1, 1, '2016-11-16 07:33:28', '2016-11-16 07:33:28', 1, 0, '2000-01-01 10:02:00', 11673, 1, NULL);

INSERT INTO `meeting_events` (`id`, `created_at`, `updated_at`, `event_order`, `begin_time`, `is_out_of_race`, `is_autofilled`, `notes`, `meeting_session_id`, `event_type_id`, `heat_type_id`, `user_id`, `has_separate_gender_start_list`, `has_separate_category_start_list`)
  VALUES (11674, '2016-11-16 07:33:28', '2016-11-16 07:33:28', 6, '2000-01-01 10:04:00', 0, 1, NULL, 1104, 5, 3, 1, 1, 0);

INSERT INTO `meeting_programs` (`id`, `event_order`, `category_type_id`, `gender_type_id`, `user_id`, `created_at`, `updated_at`, `is_autofilled`, `is_out_of_race`, `begin_time`, `meeting_event_id`, `pool_type_id`, `time_standard_id`)
  VALUES (80218, 62, 909, 2, 1, '2016-11-16 07:33:28', '2016-11-16 07:33:28', 1, 0, '2000-01-01 10:04:00', 11674, 1, NULL);

INSERT INTO `meeting_programs` (`id`, `event_order`, `category_type_id`, `gender_type_id`, `user_id`, `created_at`, `updated_at`, `is_autofilled`, `is_out_of_race`, `begin_time`, `meeting_event_id`, `pool_type_id`, `time_standard_id`)
  VALUES (80219, 63, 910, 2, 1, '2016-11-16 07:33:28', '2016-11-16 07:33:28', 1, 0, '2000-01-01 10:06:00', 11674, 1, NULL);

INSERT INTO `meeting_programs` (`id`, `event_order`, `category_type_id`, `gender_type_id`, `user_id`, `created_at`, `updated_at`, `is_autofilled`, `is_out_of_race`, `begin_time`, `meeting_event_id`, `pool_type_id`, `time_standard_id`)
  VALUES (80220, 64, 911, 2, 1, '2016-11-16 07:33:28', '2016-11-16 07:33:28', 1, 0, '2000-01-01 10:08:00', 11674, 1, NULL);

INSERT INTO `meeting_programs` (`id`, `event_order`, `category_type_id`, `gender_type_id`, `user_id`, `created_at`, `updated_at`, `is_autofilled`, `is_out_of_race`, `begin_time`, `meeting_event_id`, `pool_type_id`, `time_standard_id`)
  VALUES (80221, 65, 912, 2, 1, '2016-11-16 07:33:28', '2016-11-16 07:33:28', 1, 0, '2000-01-01 10:10:00', 11674, 1, NULL);

INSERT INTO `meeting_programs` (`id`, `event_order`, `category_type_id`, `gender_type_id`, `user_id`, `created_at`, `updated_at`, `is_autofilled`, `is_out_of_race`, `begin_time`, `meeting_event_id`, `pool_type_id`, `time_standard_id`)
  VALUES (80222, 66, 913, 2, 1, '2016-11-16 07:33:28', '2016-11-16 07:33:28', 1, 0, '2000-01-01 10:12:00', 11674, 1, NULL);

INSERT INTO `meeting_programs` (`id`, `event_order`, `category_type_id`, `gender_type_id`, `user_id`, `created_at`, `updated_at`, `is_autofilled`, `is_out_of_race`, `begin_time`, `meeting_event_id`, `pool_type_id`, `time_standard_id`)
  VALUES (80223, 67, 914, 2, 1, '2016-11-16 07:33:28', '2016-11-16 07:33:28', 1, 0, '2000-01-01 10:14:00', 11674, 1, NULL);

INSERT INTO `meeting_programs` (`id`, `event_order`, `category_type_id`, `gender_type_id`, `user_id`, `created_at`, `updated_at`, `is_autofilled`, `is_out_of_race`, `begin_time`, `meeting_event_id`, `pool_type_id`, `time_standard_id`)
  VALUES (80224, 68, 915, 2, 1, '2016-11-16 07:33:28', '2016-11-16 07:33:28', 1, 0, '2000-01-01 10:16:00', 11674, 1, NULL);

INSERT INTO `meeting_programs` (`id`, `event_order`, `category_type_id`, `gender_type_id`, `user_id`, `created_at`, `updated_at`, `is_autofilled`, `is_out_of_race`, `begin_time`, `meeting_event_id`, `pool_type_id`, `time_standard_id`)
  VALUES (80225, 69, 910, 1, 1, '2016-11-16 07:33:28', '2016-11-16 07:33:28', 1, 0, '2000-01-01 10:18:00', 11674, 1, NULL);

INSERT INTO `meeting_programs` (`id`, `event_order`, `category_type_id`, `gender_type_id`, `user_id`, `created_at`, `updated_at`, `is_autofilled`, `is_out_of_race`, `begin_time`, `meeting_event_id`, `pool_type_id`, `time_standard_id`)
  VALUES (80226, 70, 911, 1, 1, '2016-11-16 07:33:28', '2016-11-16 07:33:28', 1, 0, '2000-01-01 10:20:00', 11674, 1, NULL);

INSERT INTO `meeting_programs` (`id`, `event_order`, `category_type_id`, `gender_type_id`, `user_id`, `created_at`, `updated_at`, `is_autofilled`, `is_out_of_race`, `begin_time`, `meeting_event_id`, `pool_type_id`, `time_standard_id`)
  VALUES (80227, 71, 912, 1, 1, '2016-11-16 07:33:28', '2016-11-16 07:33:28', 1, 0, '2000-01-01 10:22:00', 11674, 1, NULL);

INSERT INTO `meeting_programs` (`id`, `event_order`, `category_type_id`, `gender_type_id`, `user_id`, `created_at`, `updated_at`, `is_autofilled`, `is_out_of_race`, `begin_time`, `meeting_event_id`, `pool_type_id`, `time_standard_id`)
  VALUES (80228, 72, 913, 1, 1, '2016-11-16 07:33:28', '2016-11-16 07:33:28', 1, 0, '2000-01-01 10:24:00', 11674, 1, NULL);

INSERT INTO `meeting_programs` (`id`, `event_order`, `category_type_id`, `gender_type_id`, `user_id`, `created_at`, `updated_at`, `is_autofilled`, `is_out_of_race`, `begin_time`, `meeting_event_id`, `pool_type_id`, `time_standard_id`)
  VALUES (80229, 73, 914, 1, 1, '2016-11-16 07:33:28', '2016-11-16 07:33:28', 1, 0, '2000-01-01 10:26:00', 11674, 1, NULL);

INSERT INTO `meeting_programs` (`id`, `event_order`, `category_type_id`, `gender_type_id`, `user_id`, `created_at`, `updated_at`, `is_autofilled`, `is_out_of_race`, `begin_time`, `meeting_event_id`, `pool_type_id`, `time_standard_id`)
  VALUES (80230, 74, 915, 1, 1, '2016-11-16 07:33:28', '2016-11-16 07:33:28', 1, 0, '2000-01-01 10:28:00', 11674, 1, NULL);

INSERT INTO `meeting_programs` (`id`, `event_order`, `category_type_id`, `gender_type_id`, `user_id`, `created_at`, `updated_at`, `is_autofilled`, `is_out_of_race`, `begin_time`, `meeting_event_id`, `pool_type_id`, `time_standard_id`)
  VALUES (80231, 75, 916, 1, 1, '2016-11-16 07:33:28', '2016-11-16 07:33:28', 1, 0, '2000-01-01 10:30:00', 11674, 1, NULL);

INSERT INTO `meeting_programs` (`id`, `event_order`, `category_type_id`, `gender_type_id`, `user_id`, `created_at`, `updated_at`, `is_autofilled`, `is_out_of_race`, `begin_time`, `meeting_event_id`, `pool_type_id`, `time_standard_id`)
  VALUES (80232, 76, 917, 1, 1, '2016-11-16 07:33:28', '2016-11-16 07:33:28', 1, 0, '2000-01-01 10:32:00', 11674, 1, NULL);

INSERT INTO `meeting_programs` (`id`, `event_order`, `category_type_id`, `gender_type_id`, `user_id`, `created_at`, `updated_at`, `is_autofilled`, `is_out_of_race`, `begin_time`, `meeting_event_id`, `pool_type_id`, `time_standard_id`)
  VALUES (80233, 77, 919, 1, 1, '2016-11-16 07:33:28', '2016-11-16 07:33:28', 1, 0, '2000-01-01 10:34:00', 11674, 1, NULL);

INSERT INTO `meeting_events` (`id`, `created_at`, `updated_at`, `event_order`, `begin_time`, `is_out_of_race`, `is_autofilled`, `notes`, `meeting_session_id`, `event_type_id`, `heat_type_id`, `user_id`, `has_separate_gender_start_list`, `has_separate_category_start_list`)
  VALUES (11675, '2016-11-16 07:33:28', '2016-11-16 07:33:28', 7, '2000-01-01 10:36:00', 0, 1, NULL, 1104, 15, 3, 1, 1, 0);

INSERT INTO `meeting_programs` (`id`, `event_order`, `category_type_id`, `gender_type_id`, `user_id`, `created_at`, `updated_at`, `is_autofilled`, `is_out_of_race`, `begin_time`, `meeting_event_id`, `pool_type_id`, `time_standard_id`)
  VALUES (80234, 78, 911, 2, 1, '2016-11-16 07:33:28', '2016-11-16 07:33:28', 1, 0, '2000-01-01 10:36:00', 11675, 1, NULL);

INSERT INTO `meeting_programs` (`id`, `event_order`, `category_type_id`, `gender_type_id`, `user_id`, `created_at`, `updated_at`, `is_autofilled`, `is_out_of_race`, `begin_time`, `meeting_event_id`, `pool_type_id`, `time_standard_id`)
  VALUES (80235, 79, 913, 2, 1, '2016-11-16 07:33:28', '2016-11-16 07:33:28', 1, 0, '2000-01-01 10:38:00', 11675, 1, NULL);

INSERT INTO `meeting_programs` (`id`, `event_order`, `category_type_id`, `gender_type_id`, `user_id`, `created_at`, `updated_at`, `is_autofilled`, `is_out_of_race`, `begin_time`, `meeting_event_id`, `pool_type_id`, `time_standard_id`)
  VALUES (80236, 80, 908, 1, 1, '2016-11-16 07:33:28', '2016-11-16 07:33:28', 1, 0, '2000-01-01 10:40:00', 11675, 1, NULL);

INSERT INTO `meeting_programs` (`id`, `event_order`, `category_type_id`, `gender_type_id`, `user_id`, `created_at`, `updated_at`, `is_autofilled`, `is_out_of_race`, `begin_time`, `meeting_event_id`, `pool_type_id`, `time_standard_id`)
  VALUES (80237, 81, 909, 1, 1, '2016-11-16 07:33:28', '2016-11-16 07:33:28', 1, 0, '2000-01-01 10:42:00', 11675, 1, NULL);

INSERT INTO `meeting_programs` (`id`, `event_order`, `category_type_id`, `gender_type_id`, `user_id`, `created_at`, `updated_at`, `is_autofilled`, `is_out_of_race`, `begin_time`, `meeting_event_id`, `pool_type_id`, `time_standard_id`)
  VALUES (80238, 82, 910, 1, 1, '2016-11-16 07:33:28', '2016-11-16 07:33:28', 1, 0, '2000-01-01 10:44:00', 11675, 1, NULL);

INSERT INTO `meeting_programs` (`id`, `event_order`, `category_type_id`, `gender_type_id`, `user_id`, `created_at`, `updated_at`, `is_autofilled`, `is_out_of_race`, `begin_time`, `meeting_event_id`, `pool_type_id`, `time_standard_id`)
  VALUES (80239, 83, 912, 1, 1, '2016-11-16 07:33:29', '2016-11-16 07:33:29', 1, 0, '2000-01-01 10:46:00', 11675, 1, NULL);

INSERT INTO `meeting_programs` (`id`, `event_order`, `category_type_id`, `gender_type_id`, `user_id`, `created_at`, `updated_at`, `is_autofilled`, `is_out_of_race`, `begin_time`, `meeting_event_id`, `pool_type_id`, `time_standard_id`)
  VALUES (80240, 84, 913, 1, 1, '2016-11-16 07:33:29', '2016-11-16 07:33:29', 1, 0, '2000-01-01 10:48:00', 11675, 1, NULL);

INSERT INTO `meeting_programs` (`id`, `event_order`, `category_type_id`, `gender_type_id`, `user_id`, `created_at`, `updated_at`, `is_autofilled`, `is_out_of_race`, `begin_time`, `meeting_event_id`, `pool_type_id`, `time_standard_id`)
  VALUES (80241, 85, 914, 1, 1, '2016-11-16 07:33:29', '2016-11-16 07:33:29', 1, 0, '2000-01-01 10:50:00', 11675, 1, NULL);

INSERT INTO `meeting_programs` (`id`, `event_order`, `category_type_id`, `gender_type_id`, `user_id`, `created_at`, `updated_at`, `is_autofilled`, `is_out_of_race`, `begin_time`, `meeting_event_id`, `pool_type_id`, `time_standard_id`)
  VALUES (80242, 86, 916, 1, 1, '2016-11-16 07:33:29', '2016-11-16 07:33:29', 1, 0, '2000-01-01 10:52:00', 11675, 1, NULL);

INSERT INTO `meeting_programs` (`id`, `event_order`, `category_type_id`, `gender_type_id`, `user_id`, `created_at`, `updated_at`, `is_autofilled`, `is_out_of_race`, `begin_time`, `meeting_event_id`, `pool_type_id`, `time_standard_id`)
  VALUES (80243, 87, 917, 1, 1, '2016-11-16 07:33:29', '2016-11-16 07:33:29', 1, 0, '2000-01-01 10:54:00', 11675, 1, NULL);

INSERT INTO `meeting_programs` (`id`, `event_order`, `category_type_id`, `gender_type_id`, `user_id`, `created_at`, `updated_at`, `is_autofilled`, `is_out_of_race`, `begin_time`, `meeting_event_id`, `pool_type_id`, `time_standard_id`)
  VALUES (80244, 88, 918, 1, 1, '2016-11-16 07:33:29', '2016-11-16 07:33:29', 1, 0, '2000-01-01 10:56:00', 11675, 1, NULL);

INSERT INTO `meeting_programs` (`id`, `event_order`, `category_type_id`, `gender_type_id`, `user_id`, `created_at`, `updated_at`, `is_autofilled`, `is_out_of_race`, `begin_time`, `meeting_event_id`, `pool_type_id`, `time_standard_id`)
  VALUES (80245, 89, 919, 1, 1, '2016-11-16 07:33:29', '2016-11-16 07:33:29', 1, 0, '2000-01-01 10:58:00', 11675, 1, NULL);

INSERT INTO `meeting_events` (`id`, `created_at`, `updated_at`, `event_order`, `begin_time`, `is_out_of_race`, `is_autofilled`, `notes`, `meeting_session_id`, `event_type_id`, `heat_type_id`, `user_id`, `has_separate_gender_start_list`, `has_separate_category_start_list`)
  VALUES (11676, '2016-11-16 07:33:29', '2016-11-16 07:33:29', 8, '2000-01-01 11:00:00', 0, 1, NULL, 1104, 11, 3, 1, 1, 0);

INSERT INTO `meeting_programs` (`id`, `event_order`, `category_type_id`, `gender_type_id`, `user_id`, `created_at`, `updated_at`, `is_autofilled`, `is_out_of_race`, `begin_time`, `meeting_event_id`, `pool_type_id`, `time_standard_id`)
  VALUES (80246, 90, 908, 2, 1, '2016-11-16 07:33:29', '2016-11-16 07:33:29', 1, 0, '2000-01-01 11:00:00', 11676, 1, NULL);

INSERT INTO `meeting_programs` (`id`, `event_order`, `category_type_id`, `gender_type_id`, `user_id`, `created_at`, `updated_at`, `is_autofilled`, `is_out_of_race`, `begin_time`, `meeting_event_id`, `pool_type_id`, `time_standard_id`)
  VALUES (80247, 91, 909, 2, 1, '2016-11-16 07:33:29', '2016-11-16 07:33:29', 1, 0, '2000-01-01 11:02:00', 11676, 1, NULL);

INSERT INTO `meeting_programs` (`id`, `event_order`, `category_type_id`, `gender_type_id`, `user_id`, `created_at`, `updated_at`, `is_autofilled`, `is_out_of_race`, `begin_time`, `meeting_event_id`, `pool_type_id`, `time_standard_id`)
  VALUES (80248, 92, 910, 2, 1, '2016-11-16 07:33:29', '2016-11-16 07:33:29', 1, 0, '2000-01-01 11:04:00', 11676, 1, NULL);

INSERT INTO `meeting_programs` (`id`, `event_order`, `category_type_id`, `gender_type_id`, `user_id`, `created_at`, `updated_at`, `is_autofilled`, `is_out_of_race`, `begin_time`, `meeting_event_id`, `pool_type_id`, `time_standard_id`)
  VALUES (80249, 93, 913, 2, 1, '2016-11-16 07:33:29', '2016-11-16 07:33:29', 1, 0, '2000-01-01 11:06:00', 11676, 1, NULL);

INSERT INTO `meeting_programs` (`id`, `event_order`, `category_type_id`, `gender_type_id`, `user_id`, `created_at`, `updated_at`, `is_autofilled`, `is_out_of_race`, `begin_time`, `meeting_event_id`, `pool_type_id`, `time_standard_id`)
  VALUES (80250, 94, 915, 2, 1, '2016-11-16 07:33:29', '2016-11-16 07:33:29', 1, 0, '2000-01-01 11:08:00', 11676, 1, NULL);

INSERT INTO `meeting_programs` (`id`, `event_order`, `category_type_id`, `gender_type_id`, `user_id`, `created_at`, `updated_at`, `is_autofilled`, `is_out_of_race`, `begin_time`, `meeting_event_id`, `pool_type_id`, `time_standard_id`)
  VALUES (80251, 95, 917, 2, 1, '2016-11-16 07:33:29', '2016-11-16 07:33:29', 1, 0, '2000-01-01 11:10:00', 11676, 1, NULL);

INSERT INTO `meeting_programs` (`id`, `event_order`, `category_type_id`, `gender_type_id`, `user_id`, `created_at`, `updated_at`, `is_autofilled`, `is_out_of_race`, `begin_time`, `meeting_event_id`, `pool_type_id`, `time_standard_id`)
  VALUES (80252, 96, 924, 2, 1, '2016-11-16 07:33:29', '2016-11-16 07:33:29', 1, 0, '2000-01-01 11:12:00', 11676, 1, NULL);

INSERT INTO `meeting_programs` (`id`, `event_order`, `category_type_id`, `gender_type_id`, `user_id`, `created_at`, `updated_at`, `is_autofilled`, `is_out_of_race`, `begin_time`, `meeting_event_id`, `pool_type_id`, `time_standard_id`)
  VALUES (80253, 97, 908, 1, 1, '2016-11-16 07:33:29', '2016-11-16 07:33:29', 1, 0, '2000-01-01 11:14:00', 11676, 1, NULL);

INSERT INTO `meeting_programs` (`id`, `event_order`, `category_type_id`, `gender_type_id`, `user_id`, `created_at`, `updated_at`, `is_autofilled`, `is_out_of_race`, `begin_time`, `meeting_event_id`, `pool_type_id`, `time_standard_id`)
  VALUES (80254, 98, 909, 1, 1, '2016-11-16 07:33:29', '2016-11-16 07:33:29', 1, 0, '2000-01-01 11:16:00', 11676, 1, NULL);

INSERT INTO `meeting_programs` (`id`, `event_order`, `category_type_id`, `gender_type_id`, `user_id`, `created_at`, `updated_at`, `is_autofilled`, `is_out_of_race`, `begin_time`, `meeting_event_id`, `pool_type_id`, `time_standard_id`)
  VALUES (80255, 99, 910, 1, 1, '2016-11-16 07:33:29', '2016-11-16 07:33:29', 1, 0, '2000-01-01 11:18:00', 11676, 1, NULL);

INSERT INTO `meeting_programs` (`id`, `event_order`, `category_type_id`, `gender_type_id`, `user_id`, `created_at`, `updated_at`, `is_autofilled`, `is_out_of_race`, `begin_time`, `meeting_event_id`, `pool_type_id`, `time_standard_id`)
  VALUES (80256, 100, 911, 1, 1, '2016-11-16 07:33:29', '2016-11-16 07:33:29', 1, 0, '2000-01-01 11:20:00', 11676, 1, NULL);

INSERT INTO `meeting_programs` (`id`, `event_order`, `category_type_id`, `gender_type_id`, `user_id`, `created_at`, `updated_at`, `is_autofilled`, `is_out_of_race`, `begin_time`, `meeting_event_id`, `pool_type_id`, `time_standard_id`)
  VALUES (80257, 101, 912, 1, 1, '2016-11-16 07:33:29', '2016-11-16 07:33:29', 1, 0, '2000-01-01 11:22:00', 11676, 1, NULL);

INSERT INTO `meeting_programs` (`id`, `event_order`, `category_type_id`, `gender_type_id`, `user_id`, `created_at`, `updated_at`, `is_autofilled`, `is_out_of_race`, `begin_time`, `meeting_event_id`, `pool_type_id`, `time_standard_id`)
  VALUES (80258, 102, 913, 1, 1, '2016-11-16 07:33:29', '2016-11-16 07:33:29', 1, 0, '2000-01-01 11:24:00', 11676, 1, NULL);

INSERT INTO `meeting_programs` (`id`, `event_order`, `category_type_id`, `gender_type_id`, `user_id`, `created_at`, `updated_at`, `is_autofilled`, `is_out_of_race`, `begin_time`, `meeting_event_id`, `pool_type_id`, `time_standard_id`)
  VALUES (80259, 103, 914, 1, 1, '2016-11-16 07:33:29', '2016-11-16 07:33:29', 1, 0, '2000-01-01 11:26:00', 11676, 1, NULL);

INSERT INTO `meeting_programs` (`id`, `event_order`, `category_type_id`, `gender_type_id`, `user_id`, `created_at`, `updated_at`, `is_autofilled`, `is_out_of_race`, `begin_time`, `meeting_event_id`, `pool_type_id`, `time_standard_id`)
  VALUES (80260, 104, 915, 1, 1, '2016-11-16 07:33:30', '2016-11-16 07:33:30', 1, 0, '2000-01-01 11:28:00', 11676, 1, NULL);

INSERT INTO `meeting_programs` (`id`, `event_order`, `category_type_id`, `gender_type_id`, `user_id`, `created_at`, `updated_at`, `is_autofilled`, `is_out_of_race`, `begin_time`, `meeting_event_id`, `pool_type_id`, `time_standard_id`)
  VALUES (80261, 105, 916, 1, 1, '2016-11-16 07:33:30', '2016-11-16 07:33:30', 1, 0, '2000-01-01 11:30:00', 11676, 1, NULL);

INSERT INTO `meeting_programs` (`id`, `event_order`, `category_type_id`, `gender_type_id`, `user_id`, `created_at`, `updated_at`, `is_autofilled`, `is_out_of_race`, `begin_time`, `meeting_event_id`, `pool_type_id`, `time_standard_id`)
  VALUES (80262, 106, 924, 1, 1, '2016-11-16 07:33:30', '2016-11-16 07:33:30', 1, 0, '2000-01-01 11:32:00', 11676, 1, NULL);

INSERT INTO `meeting_events` (`id`, `created_at`, `updated_at`, `event_order`, `begin_time`, `is_out_of_race`, `is_autofilled`, `notes`, `meeting_session_id`, `event_type_id`, `heat_type_id`, `user_id`, `has_separate_gender_start_list`, `has_separate_category_start_list`)
  VALUES (11677, '2016-11-16 07:33:30', '2016-11-16 07:33:30', 9, '2000-01-01 11:34:00', 0, 1, NULL, 1104, 19, 3, 1, 1, 0);

INSERT INTO `meeting_programs` (`id`, `event_order`, `category_type_id`, `gender_type_id`, `user_id`, `created_at`, `updated_at`, `is_autofilled`, `is_out_of_race`, `begin_time`, `meeting_event_id`, `pool_type_id`, `time_standard_id`)
  VALUES (80263, 107, 908, 2, 1, '2016-11-16 07:33:30', '2016-11-16 07:33:30', 1, 0, '2000-01-01 11:34:00', 11677, 1, NULL);

INSERT INTO `meeting_programs` (`id`, `event_order`, `category_type_id`, `gender_type_id`, `user_id`, `created_at`, `updated_at`, `is_autofilled`, `is_out_of_race`, `begin_time`, `meeting_event_id`, `pool_type_id`, `time_standard_id`)
  VALUES (80264, 108, 909, 2, 1, '2016-11-16 07:33:30', '2016-11-16 07:33:30', 1, 0, '2000-01-01 11:36:00', 11677, 1, NULL);

INSERT INTO `meeting_programs` (`id`, `event_order`, `category_type_id`, `gender_type_id`, `user_id`, `created_at`, `updated_at`, `is_autofilled`, `is_out_of_race`, `begin_time`, `meeting_event_id`, `pool_type_id`, `time_standard_id`)
  VALUES (80265, 109, 910, 2, 1, '2016-11-16 07:33:30', '2016-11-16 07:33:30', 1, 0, '2000-01-01 11:38:00', 11677, 1, NULL);

INSERT INTO `meeting_programs` (`id`, `event_order`, `category_type_id`, `gender_type_id`, `user_id`, `created_at`, `updated_at`, `is_autofilled`, `is_out_of_race`, `begin_time`, `meeting_event_id`, `pool_type_id`, `time_standard_id`)
  VALUES (80266, 110, 911, 2, 1, '2016-11-16 07:33:30', '2016-11-16 07:33:30', 1, 0, '2000-01-01 11:40:00', 11677, 1, NULL);

INSERT INTO `meeting_programs` (`id`, `event_order`, `category_type_id`, `gender_type_id`, `user_id`, `created_at`, `updated_at`, `is_autofilled`, `is_out_of_race`, `begin_time`, `meeting_event_id`, `pool_type_id`, `time_standard_id`)
  VALUES (80267, 111, 912, 2, 1, '2016-11-16 07:33:30', '2016-11-16 07:33:30', 1, 0, '2000-01-01 11:42:00', 11677, 1, NULL);

INSERT INTO `meeting_programs` (`id`, `event_order`, `category_type_id`, `gender_type_id`, `user_id`, `created_at`, `updated_at`, `is_autofilled`, `is_out_of_race`, `begin_time`, `meeting_event_id`, `pool_type_id`, `time_standard_id`)
  VALUES (80268, 112, 913, 2, 1, '2016-11-16 07:33:30', '2016-11-16 07:33:30', 1, 0, '2000-01-01 11:44:00', 11677, 1, NULL);

INSERT INTO `meeting_programs` (`id`, `event_order`, `category_type_id`, `gender_type_id`, `user_id`, `created_at`, `updated_at`, `is_autofilled`, `is_out_of_race`, `begin_time`, `meeting_event_id`, `pool_type_id`, `time_standard_id`)
  VALUES (80269, 113, 916, 2, 1, '2016-11-16 07:33:30', '2016-11-16 07:33:30', 1, 0, '2000-01-01 11:46:00', 11677, 1, NULL);

INSERT INTO `meeting_programs` (`id`, `event_order`, `category_type_id`, `gender_type_id`, `user_id`, `created_at`, `updated_at`, `is_autofilled`, `is_out_of_race`, `begin_time`, `meeting_event_id`, `pool_type_id`, `time_standard_id`)
  VALUES (80270, 114, 924, 2, 1, '2016-11-16 07:33:30', '2016-11-16 07:33:30', 1, 0, '2000-01-01 11:48:00', 11677, 1, NULL);

INSERT INTO `meeting_programs` (`id`, `event_order`, `category_type_id`, `gender_type_id`, `user_id`, `created_at`, `updated_at`, `is_autofilled`, `is_out_of_race`, `begin_time`, `meeting_event_id`, `pool_type_id`, `time_standard_id`)
  VALUES (80271, 115, 908, 1, 1, '2016-11-16 07:33:30', '2016-11-16 07:33:30', 1, 0, '2000-01-01 11:50:00', 11677, 1, NULL);

INSERT INTO `meeting_programs` (`id`, `event_order`, `category_type_id`, `gender_type_id`, `user_id`, `created_at`, `updated_at`, `is_autofilled`, `is_out_of_race`, `begin_time`, `meeting_event_id`, `pool_type_id`, `time_standard_id`)
  VALUES (80272, 116, 909, 1, 1, '2016-11-16 07:33:30', '2016-11-16 07:33:30', 1, 0, '2000-01-01 11:52:00', 11677, 1, NULL);

INSERT INTO `meeting_programs` (`id`, `event_order`, `category_type_id`, `gender_type_id`, `user_id`, `created_at`, `updated_at`, `is_autofilled`, `is_out_of_race`, `begin_time`, `meeting_event_id`, `pool_type_id`, `time_standard_id`)
  VALUES (80273, 117, 910, 1, 1, '2016-11-16 07:33:30', '2016-11-16 07:33:30', 1, 0, '2000-01-01 11:54:00', 11677, 1, NULL);

INSERT INTO `meeting_programs` (`id`, `event_order`, `category_type_id`, `gender_type_id`, `user_id`, `created_at`, `updated_at`, `is_autofilled`, `is_out_of_race`, `begin_time`, `meeting_event_id`, `pool_type_id`, `time_standard_id`)
  VALUES (80274, 118, 911, 1, 1, '2016-11-16 07:33:30', '2016-11-16 07:33:30', 1, 0, '2000-01-01 11:56:00', 11677, 1, NULL);

INSERT INTO `meeting_programs` (`id`, `event_order`, `category_type_id`, `gender_type_id`, `user_id`, `created_at`, `updated_at`, `is_autofilled`, `is_out_of_race`, `begin_time`, `meeting_event_id`, `pool_type_id`, `time_standard_id`)
  VALUES (80275, 119, 912, 1, 1, '2016-11-16 07:33:30', '2016-11-16 07:33:30', 1, 0, '2000-01-01 11:58:00', 11677, 1, NULL);

INSERT INTO `meeting_programs` (`id`, `event_order`, `category_type_id`, `gender_type_id`, `user_id`, `created_at`, `updated_at`, `is_autofilled`, `is_out_of_race`, `begin_time`, `meeting_event_id`, `pool_type_id`, `time_standard_id`)
  VALUES (80276, 120, 913, 1, 1, '2016-11-16 07:33:30', '2016-11-16 07:33:30', 1, 0, '2000-01-01 12:00:00', 11677, 1, NULL);

INSERT INTO `meeting_programs` (`id`, `event_order`, `category_type_id`, `gender_type_id`, `user_id`, `created_at`, `updated_at`, `is_autofilled`, `is_out_of_race`, `begin_time`, `meeting_event_id`, `pool_type_id`, `time_standard_id`)
  VALUES (80277, 121, 914, 1, 1, '2016-11-16 07:33:30', '2016-11-16 07:33:30', 1, 0, '2000-01-01 12:02:00', 11677, 1, NULL);

INSERT INTO `meeting_programs` (`id`, `event_order`, `category_type_id`, `gender_type_id`, `user_id`, `created_at`, `updated_at`, `is_autofilled`, `is_out_of_race`, `begin_time`, `meeting_event_id`, `pool_type_id`, `time_standard_id`)
  VALUES (80278, 122, 915, 1, 1, '2016-11-16 07:33:30', '2016-11-16 07:33:30', 1, 0, '2000-01-01 12:04:00', 11677, 1, NULL);

INSERT INTO `meeting_programs` (`id`, `event_order`, `category_type_id`, `gender_type_id`, `user_id`, `created_at`, `updated_at`, `is_autofilled`, `is_out_of_race`, `begin_time`, `meeting_event_id`, `pool_type_id`, `time_standard_id`)
  VALUES (80279, 123, 916, 1, 1, '2016-11-16 07:33:30', '2016-11-16 07:33:30', 1, 0, '2000-01-01 12:06:00', 11677, 1, NULL);

INSERT INTO `meeting_programs` (`id`, `event_order`, `category_type_id`, `gender_type_id`, `user_id`, `created_at`, `updated_at`, `is_autofilled`, `is_out_of_race`, `begin_time`, `meeting_event_id`, `pool_type_id`, `time_standard_id`)
  VALUES (80280, 124, 924, 1, 1, '2016-11-16 07:33:30', '2016-11-16 07:33:30', 1, 0, '2000-01-01 12:08:00', 11677, 1, NULL);

INSERT INTO `meeting_events` (`id`, `created_at`, `updated_at`, `event_order`, `begin_time`, `is_out_of_race`, `is_autofilled`, `notes`, `meeting_session_id`, `event_type_id`, `heat_type_id`, `user_id`, `has_separate_gender_start_list`, `has_separate_category_start_list`)
  VALUES (11678, '2016-11-16 07:33:30', '2016-11-16 07:33:30', 10, '2000-01-01 12:10:00', 0, 1, NULL, 1104, 2, 3, 1, 1, 0);

INSERT INTO `meeting_programs` (`id`, `event_order`, `category_type_id`, `gender_type_id`, `user_id`, `created_at`, `updated_at`, `is_autofilled`, `is_out_of_race`, `begin_time`, `meeting_event_id`, `pool_type_id`, `time_standard_id`)
  VALUES (80281, 125, 908, 2, 1, '2016-11-16 07:33:30', '2016-11-16 07:33:30', 1, 0, '2000-01-01 12:10:00', 11678, 1, NULL);

INSERT INTO `meeting_programs` (`id`, `event_order`, `category_type_id`, `gender_type_id`, `user_id`, `created_at`, `updated_at`, `is_autofilled`, `is_out_of_race`, `begin_time`, `meeting_event_id`, `pool_type_id`, `time_standard_id`)
  VALUES (80282, 126, 909, 2, 1, '2016-11-16 07:33:30', '2016-11-16 07:33:30', 1, 0, '2000-01-01 12:12:00', 11678, 1, NULL);

INSERT INTO `meeting_programs` (`id`, `event_order`, `category_type_id`, `gender_type_id`, `user_id`, `created_at`, `updated_at`, `is_autofilled`, `is_out_of_race`, `begin_time`, `meeting_event_id`, `pool_type_id`, `time_standard_id`)
  VALUES (80283, 127, 910, 2, 1, '2016-11-16 07:33:30', '2016-11-16 07:33:30', 1, 0, '2000-01-01 12:14:00', 11678, 1, NULL);

INSERT INTO `meeting_programs` (`id`, `event_order`, `category_type_id`, `gender_type_id`, `user_id`, `created_at`, `updated_at`, `is_autofilled`, `is_out_of_race`, `begin_time`, `meeting_event_id`, `pool_type_id`, `time_standard_id`)
  VALUES (80284, 128, 911, 2, 1, '2016-11-16 07:33:31', '2016-11-16 07:33:31', 1, 0, '2000-01-01 12:16:00', 11678, 1, NULL);

INSERT INTO `meeting_programs` (`id`, `event_order`, `category_type_id`, `gender_type_id`, `user_id`, `created_at`, `updated_at`, `is_autofilled`, `is_out_of_race`, `begin_time`, `meeting_event_id`, `pool_type_id`, `time_standard_id`)
  VALUES (80285, 129, 912, 2, 1, '2016-11-16 07:33:31', '2016-11-16 07:33:31', 1, 0, '2000-01-01 12:18:00', 11678, 1, NULL);

INSERT INTO `meeting_programs` (`id`, `event_order`, `category_type_id`, `gender_type_id`, `user_id`, `created_at`, `updated_at`, `is_autofilled`, `is_out_of_race`, `begin_time`, `meeting_event_id`, `pool_type_id`, `time_standard_id`)
  VALUES (80286, 130, 913, 2, 1, '2016-11-16 07:33:31', '2016-11-16 07:33:31', 1, 0, '2000-01-01 12:20:00', 11678, 1, NULL);

INSERT INTO `meeting_programs` (`id`, `event_order`, `category_type_id`, `gender_type_id`, `user_id`, `created_at`, `updated_at`, `is_autofilled`, `is_out_of_race`, `begin_time`, `meeting_event_id`, `pool_type_id`, `time_standard_id`)
  VALUES (80287, 131, 908, 1, 1, '2016-11-16 07:33:31', '2016-11-16 07:33:31', 1, 0, '2000-01-01 12:22:00', 11678, 1, NULL);

INSERT INTO `meeting_programs` (`id`, `event_order`, `category_type_id`, `gender_type_id`, `user_id`, `created_at`, `updated_at`, `is_autofilled`, `is_out_of_race`, `begin_time`, `meeting_event_id`, `pool_type_id`, `time_standard_id`)
  VALUES (80288, 132, 909, 1, 1, '2016-11-16 07:33:31', '2016-11-16 07:33:31', 1, 0, '2000-01-01 12:24:00', 11678, 1, NULL);

INSERT INTO `meeting_programs` (`id`, `event_order`, `category_type_id`, `gender_type_id`, `user_id`, `created_at`, `updated_at`, `is_autofilled`, `is_out_of_race`, `begin_time`, `meeting_event_id`, `pool_type_id`, `time_standard_id`)
  VALUES (80289, 133, 910, 1, 1, '2016-11-16 07:33:31', '2016-11-16 07:33:31', 1, 0, '2000-01-01 12:26:00', 11678, 1, NULL);

INSERT INTO `meeting_programs` (`id`, `event_order`, `category_type_id`, `gender_type_id`, `user_id`, `created_at`, `updated_at`, `is_autofilled`, `is_out_of_race`, `begin_time`, `meeting_event_id`, `pool_type_id`, `time_standard_id`)
  VALUES (80290, 134, 911, 1, 1, '2016-11-16 07:33:31', '2016-11-16 07:33:31', 1, 0, '2000-01-01 12:28:00', 11678, 1, NULL);

INSERT INTO `meeting_programs` (`id`, `event_order`, `category_type_id`, `gender_type_id`, `user_id`, `created_at`, `updated_at`, `is_autofilled`, `is_out_of_race`, `begin_time`, `meeting_event_id`, `pool_type_id`, `time_standard_id`)
  VALUES (80291, 135, 912, 1, 1, '2016-11-16 07:33:31', '2016-11-16 07:33:31', 1, 0, '2000-01-01 12:30:00', 11678, 1, NULL);

INSERT INTO `meeting_programs` (`id`, `event_order`, `category_type_id`, `gender_type_id`, `user_id`, `created_at`, `updated_at`, `is_autofilled`, `is_out_of_race`, `begin_time`, `meeting_event_id`, `pool_type_id`, `time_standard_id`)
  VALUES (80292, 136, 913, 1, 1, '2016-11-16 07:33:31', '2016-11-16 07:33:31', 1, 0, '2000-01-01 12:32:00', 11678, 1, NULL);

INSERT INTO `meeting_programs` (`id`, `event_order`, `category_type_id`, `gender_type_id`, `user_id`, `created_at`, `updated_at`, `is_autofilled`, `is_out_of_race`, `begin_time`, `meeting_event_id`, `pool_type_id`, `time_standard_id`)
  VALUES (80293, 137, 914, 1, 1, '2016-11-16 07:33:31', '2016-11-16 07:33:31', 1, 0, '2000-01-01 12:34:00', 11678, 1, NULL);

INSERT INTO `meeting_programs` (`id`, `event_order`, `category_type_id`, `gender_type_id`, `user_id`, `created_at`, `updated_at`, `is_autofilled`, `is_out_of_race`, `begin_time`, `meeting_event_id`, `pool_type_id`, `time_standard_id`)
  VALUES (80294, 138, 915, 1, 1, '2016-11-16 07:33:31', '2016-11-16 07:33:31', 1, 0, '2000-01-01 12:36:00', 11678, 1, NULL);

INSERT INTO `meeting_programs` (`id`, `event_order`, `category_type_id`, `gender_type_id`, `user_id`, `created_at`, `updated_at`, `is_autofilled`, `is_out_of_race`, `begin_time`, `meeting_event_id`, `pool_type_id`, `time_standard_id`)
  VALUES (80295, 139, 916, 1, 1, '2016-11-16 07:33:31', '2016-11-16 07:33:31', 1, 0, '2000-01-01 12:38:00', 11678, 1, NULL);

INSERT INTO `meeting_programs` (`id`, `event_order`, `category_type_id`, `gender_type_id`, `user_id`, `created_at`, `updated_at`, `is_autofilled`, `is_out_of_race`, `begin_time`, `meeting_event_id`, `pool_type_id`, `time_standard_id`)
  VALUES (80296, 140, 919, 1, 1, '2016-11-16 07:33:31', '2016-11-16 07:33:31', 1, 0, '2000-01-01 12:40:00', 11678, 1, NULL);

INSERT INTO `meeting_programs` (`id`, `event_order`, `category_type_id`, `gender_type_id`, `user_id`, `created_at`, `updated_at`, `is_autofilled`, `is_out_of_race`, `begin_time`, `meeting_event_id`, `pool_type_id`, `time_standard_id`)
  VALUES (80297, 141, 924, 1, 1, '2016-11-16 07:33:31', '2016-11-16 07:33:31', 1, 0, '2000-01-01 12:42:00', 11678, 1, NULL);

INSERT INTO `meeting_events` (`id`, `created_at`, `updated_at`, `event_order`, `begin_time`, `is_out_of_race`, `is_autofilled`, `notes`, `meeting_session_id`, `event_type_id`, `heat_type_id`, `user_id`, `has_separate_gender_start_list`, `has_separate_category_start_list`)
  VALUES (11679, '2016-11-16 07:33:31', '2016-11-16 07:33:31', 11, '2000-01-01 12:42:30', 0, 1, NULL, 1104, 26, 3, 1, 1, 0);

INSERT INTO `meeting_programs` (`id`, `event_order`, `category_type_id`, `gender_type_id`, `user_id`, `created_at`, `updated_at`, `is_autofilled`, `is_out_of_race`, `begin_time`, `meeting_event_id`, `pool_type_id`, `time_standard_id`)
  VALUES (80298, 1, 928, 2, 1, '2016-11-16 07:33:31', '2016-11-16 07:33:31', 1, 0, '2000-01-01 12:42:30', 11679, 1, NULL);

INSERT INTO `meeting_programs` (`id`, `event_order`, `category_type_id`, `gender_type_id`, `user_id`, `created_at`, `updated_at`, `is_autofilled`, `is_out_of_race`, `begin_time`, `meeting_event_id`, `pool_type_id`, `time_standard_id`)
  VALUES (80299, 2, 927, 1, 1, '2016-11-16 07:33:31', '2016-11-16 07:33:31', 1, 0, '2000-01-01 12:42:30', 11679, 1, NULL);

INSERT INTO `meeting_programs` (`id`, `event_order`, `category_type_id`, `gender_type_id`, `user_id`, `created_at`, `updated_at`, `is_autofilled`, `is_out_of_race`, `begin_time`, `meeting_event_id`, `pool_type_id`, `time_standard_id`)
  VALUES (80300, 3, 928, 1, 1, '2016-11-16 07:33:31', '2016-11-16 07:33:31', 1, 0, '2000-01-01 12:42:00', 11679, 1, NULL);

INSERT INTO `meeting_programs` (`id`, `event_order`, `category_type_id`, `gender_type_id`, `user_id`, `created_at`, `updated_at`, `is_autofilled`, `is_out_of_race`, `begin_time`, `meeting_event_id`, `pool_type_id`, `time_standard_id`)
  VALUES (80301, 4, 929, 1, 1, '2016-11-16 07:33:31', '2016-11-16 07:33:31', 1, 0, '2000-01-01 12:42:30', 11679, 1, NULL);

INSERT INTO `swimmers` (`id`, `last_name`, `first_name`, `year_of_birth`, `phone_mobile`, `phone_number`, `e_mail`, `nickname`, `associated_user_id`, `gender_type_id`, `user_id`, `created_at`, `updated_at`, `complete_name`, `is_year_guessed`)
  VALUES (28099, 'COSTAGLI', 'CHRISTIAN', 1994, NULL, NULL, NULL, '', NULL, 1, 1, '2016-11-16 07:33:31', '2016-11-16 07:33:31', 'COSTAGLI CHRISTIAN', 0);

INSERT INTO `swimmers` (`id`, `last_name`, `first_name`, `year_of_birth`, `phone_mobile`, `phone_number`, `e_mail`, `nickname`, `associated_user_id`, `gender_type_id`, `user_id`, `created_at`, `updated_at`, `complete_name`, `is_year_guessed`)
  VALUES (28100, 'GALLETTI', 'GIULIO', 1989, NULL, NULL, NULL, '', NULL, 1, 1, '2016-11-16 07:33:31', '2016-11-16 07:33:31', 'GALLETTI GIULIO', 0);

INSERT INTO `swimmers` (`id`, `last_name`, `first_name`, `year_of_birth`, `phone_mobile`, `phone_number`, `e_mail`, `nickname`, `associated_user_id`, `gender_type_id`, `user_id`, `created_at`, `updated_at`, `complete_name`, `is_year_guessed`)
  VALUES (28101, 'PERINI', 'PARIS', 1965, NULL, NULL, NULL, '', NULL, 1, 1, '2016-11-16 07:33:31', '2016-11-16 07:33:31', 'PERINI PARIS', 0);

INSERT INTO `swimmers` (`id`, `last_name`, `first_name`, `year_of_birth`, `phone_mobile`, `phone_number`, `e_mail`, `nickname`, `associated_user_id`, `gender_type_id`, `user_id`, `created_at`, `updated_at`, `complete_name`, `is_year_guessed`)
  VALUES (28102, 'SARDELLI', 'MATTEO', 1980, NULL, NULL, NULL, '', NULL, 1, 1, '2016-11-16 07:33:31', '2016-11-16 07:33:31', 'SARDELLI MATTEO', 0);

INSERT INTO `swimmers` (`id`, `last_name`, `first_name`, `year_of_birth`, `phone_mobile`, `phone_number`, `e_mail`, `nickname`, `associated_user_id`, `gender_type_id`, `user_id`, `created_at`, `updated_at`, `complete_name`, `is_year_guessed`)
  VALUES (28103, 'STOPPIONI', 'RICCARDO', 1947, NULL, NULL, NULL, '', NULL, 1, 1, '2016-11-16 07:33:31', '2016-11-16 07:33:31', 'STOPPIONI RICCARDO', 0);

INSERT INTO `badges` (`id`, `number`, `season_id`, `swimmer_id`, `team_id`, `category_type_id`, `user_id`, `created_at`, `updated_at`, `entry_time_type_id`, `team_affiliation_id`, `final_rank`)
  VALUES (60003, '?', 152, 19543, 219, 912, 1, '2016-11-16 07:33:31', '2016-11-16 07:33:31', 5, 1739, NULL);

INSERT INTO `badges` (`id`, `number`, `season_id`, `swimmer_id`, `team_id`, `category_type_id`, `user_id`, `created_at`, `updated_at`, `entry_time_type_id`, `team_affiliation_id`, `final_rank`)
  VALUES (60004, '?', 152, 6914, 741, 910, 1, '2016-11-16 07:33:31', '2016-11-16 07:33:31', 5, 1547, NULL);

INSERT INTO `badges` (`id`, `number`, `season_id`, `swimmer_id`, `team_id`, `category_type_id`, `user_id`, `created_at`, `updated_at`, `entry_time_type_id`, `team_affiliation_id`, `final_rank`)
  VALUES (60005, '?', 152, 27871, 219, 911, 1, '2016-11-16 07:33:31', '2016-11-16 07:33:31', 5, 1739, NULL);

INSERT INTO `badges` (`id`, `number`, `season_id`, `swimmer_id`, `team_id`, `category_type_id`, `user_id`, `created_at`, `updated_at`, `entry_time_type_id`, `team_affiliation_id`, `final_rank`)
  VALUES (60006, '?', 152, 28100, 609, 908, 1, '2016-11-16 07:33:31', '2016-11-16 07:33:31', 5, 1692, NULL);

INSERT INTO `badges` (`id`, `number`, `season_id`, `swimmer_id`, `team_id`, `category_type_id`, `user_id`, `created_at`, `updated_at`, `entry_time_type_id`, `team_affiliation_id`, `final_rank`)
  VALUES (60007, '?', 152, 27881, 878, 911, 1, '2016-11-16 07:33:32', '2016-11-16 07:33:32', 5, 1974, NULL);

INSERT INTO `badges` (`id`, `number`, `season_id`, `swimmer_id`, `team_id`, `category_type_id`, `user_id`, `created_at`, `updated_at`, `entry_time_type_id`, `team_affiliation_id`, `final_rank`)
  VALUES (60008, '?', 152, 26751, 878, 910, 1, '2016-11-16 07:33:32', '2016-11-16 07:33:32', 5, 1974, NULL);

INSERT INTO `badges` (`id`, `number`, `season_id`, `swimmer_id`, `team_id`, `category_type_id`, `user_id`, `created_at`, `updated_at`, `entry_time_type_id`, `team_affiliation_id`, `final_rank`)
  VALUES (60009, '?', 152, 28102, 878, 910, 1, '2016-11-16 07:33:32', '2016-11-16 07:33:32', 5, 1974, NULL);

INSERT INTO `badges` (`id`, `number`, `season_id`, `swimmer_id`, `team_id`, `category_type_id`, `user_id`, `created_at`, `updated_at`, `entry_time_type_id`, `team_affiliation_id`, `final_rank`)
  VALUES (60010, '?', 152, 27890, 878, 911, 1, '2016-11-16 07:33:32', '2016-11-16 07:33:32', 5, 1974, NULL);

INSERT INTO `badges` (`id`, `number`, `season_id`, `swimmer_id`, `team_id`, `category_type_id`, `user_id`, `created_at`, `updated_at`, `entry_time_type_id`, `team_affiliation_id`, `final_rank`)
  VALUES (60011, '?', 152, 7202, 398, 910, 1, '2016-11-16 07:33:32', '2016-11-16 07:33:32', 5, 2223, NULL);

INSERT INTO `badges` (`id`, `number`, `season_id`, `swimmer_id`, `team_id`, `category_type_id`, `user_id`, `created_at`, `updated_at`, `entry_time_type_id`, `team_affiliation_id`, `final_rank`)
  VALUES (60012, '?', 152, 28101, 988, 913, 1, '2016-11-16 07:33:32', '2016-11-16 07:33:32', 5, 2720, NULL);

INSERT INTO `badges` (`id`, `number`, `season_id`, `swimmer_id`, `team_id`, `category_type_id`, `user_id`, `created_at`, `updated_at`, `entry_time_type_id`, `team_affiliation_id`, `final_rank`)
  VALUES (60013, '?', 152, 28103, 741, 916, 1, '2016-11-16 07:33:32', '2016-11-16 07:33:32', 5, 1547, NULL);

INSERT INTO `badges` (`id`, `number`, `season_id`, `swimmer_id`, `team_id`, `category_type_id`, `user_id`, `created_at`, `updated_at`, `entry_time_type_id`, `team_affiliation_id`, `final_rank`)
  VALUES (60014, '?', 152, 7151, 219, 913, 1, '2016-11-16 07:33:32', '2016-11-16 07:33:32', 5, 1739, NULL);

INSERT INTO `badges` (`id`, `number`, `season_id`, `swimmer_id`, `team_id`, `category_type_id`, `user_id`, `created_at`, `updated_at`, `entry_time_type_id`, `team_affiliation_id`, `final_rank`)
  VALUES (60015, '?', 152, 27905, 219, 910, 1, '2016-11-16 07:33:32', '2016-11-16 07:33:32', 5, 1739, NULL);

INSERT INTO `badges` (`id`, `number`, `season_id`, `swimmer_id`, `team_id`, `category_type_id`, `user_id`, `created_at`, `updated_at`, `entry_time_type_id`, `team_affiliation_id`, `final_rank`)
  VALUES (60016, '?', 152, 26955, 741, 914, 1, '2016-11-16 07:33:32', '2016-11-16 07:33:32', 5, 1547, NULL);

INSERT INTO `badges` (`id`, `number`, `season_id`, `swimmer_id`, `team_id`, `category_type_id`, `user_id`, `created_at`, `updated_at`, `entry_time_type_id`, `team_affiliation_id`, `final_rank`)
  VALUES (60017, '?', 152, 28099, 424, 924, 1, '2016-11-16 07:33:32', '2016-11-16 07:33:32', 5, 2727, NULL);

INSERT INTO `meeting_individual_results` (`id`, `rank`, `is_play_off`, `is_out_of_race`, `is_disqualified`, `standard_points`, `meeting_individual_points`, `minutes`, `seconds`, `hundreds`, `meeting_program_id`, `swimmer_id`, `team_id`, `badge_id`, `user_id`, `created_at`, `updated_at`, `disqualification_code_type_id`, `goggle_cup_points`, `reaction_time`, `team_points`, `team_affiliation_id`, `is_personal_best`, `is_season_type_best`)
  VALUES (462975, 1, 1, 0, 0, 763.29, 763.29, 1, 22, 21, 80157, 3722, 218, 36027, 1, '2016-11-16 07:33:32', '2016-11-16 07:33:32', NULL, 0.0, 0.0, 0.0, 1839, 0, 0);

INSERT INTO `meeting_individual_results` (`id`, `rank`, `is_play_off`, `is_out_of_race`, `is_disqualified`, `standard_points`, `meeting_individual_points`, `minutes`, `seconds`, `hundreds`, `meeting_program_id`, `swimmer_id`, `team_id`, `badge_id`, `user_id`, `created_at`, `updated_at`, `disqualification_code_type_id`, `goggle_cup_points`, `reaction_time`, `team_points`, `team_affiliation_id`, `is_personal_best`, `is_season_type_best`)
  VALUES (462976, 1, 1, 0, 0, 865.56, 865.56, 1, 14, 1, 80158, 3974, 716, 55164, 1, '2016-11-16 07:33:32', '2016-11-16 07:33:32', NULL, 0.0, 0.0, 0.0, 1563, 0, 0);

INSERT INTO `meeting_individual_results` (`id`, `rank`, `is_play_off`, `is_out_of_race`, `is_disqualified`, `standard_points`, `meeting_individual_points`, `minutes`, `seconds`, `hundreds`, `meeting_program_id`, `swimmer_id`, `team_id`, `badge_id`, `user_id`, `created_at`, `updated_at`, `disqualification_code_type_id`, `goggle_cup_points`, `reaction_time`, `team_points`, `team_affiliation_id`, `is_personal_best`, `is_season_type_best`)
  VALUES (462977, 1, 1, 0, 0, 891.92, 891.92, 1, 14, 11, 80159, 23195, 390, 41806, 1, '2016-11-16 07:33:32', '2016-11-16 07:33:32', NULL, 0.0, 0.0, 0.0, 2399, 0, 0);

INSERT INTO `meeting_individual_results` (`id`, `rank`, `is_play_off`, `is_out_of_race`, `is_disqualified`, `standard_points`, `meeting_individual_points`, `minutes`, `seconds`, `hundreds`, `meeting_program_id`, `swimmer_id`, `team_id`, `badge_id`, `user_id`, `created_at`, `updated_at`, `disqualification_code_type_id`, `goggle_cup_points`, `reaction_time`, `team_points`, `team_affiliation_id`, `is_personal_best`, `is_season_type_best`)
  VALUES (462978, 2, 1, 0, 0, 890.6, 890.6, 1, 14, 22, 80159, 6402, 54, 32250, 1, '2016-11-16 07:33:32', '2016-11-16 07:33:32', NULL, 0.0, 0.0, 0.0, 1572, 0, 0);

INSERT INTO `meeting_individual_results` (`id`, `rank`, `is_play_off`, `is_out_of_race`, `is_disqualified`, `standard_points`, `meeting_individual_points`, `minutes`, `seconds`, `hundreds`, `meeting_program_id`, `swimmer_id`, `team_id`, `badge_id`, `user_id`, `created_at`, `updated_at`, `disqualification_code_type_id`, `goggle_cup_points`, `reaction_time`, `team_points`, `team_affiliation_id`, `is_personal_best`, `is_season_type_best`)
  VALUES (462979, 1, 1, 0, 0, 700.53, 700.53, 1, 36, 57, 80160, 19543, 219, 60003, 1, '2016-11-16 07:33:32', '2016-11-16 07:33:32', NULL, 0.0, 0.0, 0.0, 1739, 0, 0);

INSERT INTO `meeting_individual_results` (`id`, `rank`, `is_play_off`, `is_out_of_race`, `is_disqualified`, `standard_points`, `meeting_individual_points`, `minutes`, `seconds`, `hundreds`, `meeting_program_id`, `swimmer_id`, `team_id`, `badge_id`, `user_id`, `created_at`, `updated_at`, `disqualification_code_type_id`, `goggle_cup_points`, `reaction_time`, `team_points`, `team_affiliation_id`, `is_personal_best`, `is_season_type_best`)
  VALUES (462980, 1, 1, 0, 0, 738.27, 738.27, 1, 14, 58, 80161, 26954, 219, 59335, 1, '2016-11-16 07:33:32', '2016-11-16 07:33:32', NULL, 0.0, 0.0, 0.0, 1739, 0, 0);

INSERT INTO `meeting_individual_results` (`id`, `rank`, `is_play_off`, `is_out_of_race`, `is_disqualified`, `standard_points`, `meeting_individual_points`, `minutes`, `seconds`, `hundreds`, `meeting_program_id`, `swimmer_id`, `team_id`, `badge_id`, `user_id`, `created_at`, `updated_at`, `disqualification_code_type_id`, `goggle_cup_points`, `reaction_time`, `team_points`, `team_affiliation_id`, `is_personal_best`, `is_season_type_best`)
  VALUES (462981, 2, 1, 0, 0, 646.55, 646.55, 1, 25, 16, 80161, 24279, 374, 45177, 1, '2016-11-16 07:33:32', '2016-11-16 07:33:32', NULL, 0.0, 0.0, 0.0, 1567, 0, 0);

INSERT INTO `meeting_individual_results` (`id`, `rank`, `is_play_off`, `is_out_of_race`, `is_disqualified`, `standard_points`, `meeting_individual_points`, `minutes`, `seconds`, `hundreds`, `meeting_program_id`, `swimmer_id`, `team_id`, `badge_id`, `user_id`, `created_at`, `updated_at`, `disqualification_code_type_id`, `goggle_cup_points`, `reaction_time`, `team_points`, `team_affiliation_id`, `is_personal_best`, `is_season_type_best`)
  VALUES (462982, 1, 1, 0, 0, 1004.21, 1004.21, 0, 56, 98, 80162, 6914, 741, 60004, 1, '2016-11-16 07:33:32', '2016-11-16 07:33:32', NULL, 0.0, 0.0, 0.0, 1547, 0, 0);

INSERT INTO `meeting_individual_results` (`id`, `rank`, `is_play_off`, `is_out_of_race`, `is_disqualified`, `standard_points`, `meeting_individual_points`, `minutes`, `seconds`, `hundreds`, `meeting_program_id`, `swimmer_id`, `team_id`, `badge_id`, `user_id`, `created_at`, `updated_at`, `disqualification_code_type_id`, `goggle_cup_points`, `reaction_time`, `team_points`, `team_affiliation_id`, `is_personal_best`, `is_season_type_best`)
  VALUES (462983, 1, 1, 0, 0, 754.89, 754.89, 1, 18, 21, 80163, 9894, 219, 55307, 1, '2016-11-16 07:33:32', '2016-11-16 07:33:32', NULL, 0.0, 0.0, 0.0, 1739, 0, 0);

INSERT INTO `meeting_individual_results` (`id`, `rank`, `is_play_off`, `is_out_of_race`, `is_disqualified`, `standard_points`, `meeting_individual_points`, `minutes`, `seconds`, `hundreds`, `meeting_program_id`, `swimmer_id`, `team_id`, `badge_id`, `user_id`, `created_at`, `updated_at`, `disqualification_code_type_id`, `goggle_cup_points`, `reaction_time`, `team_points`, `team_affiliation_id`, `is_personal_best`, `is_season_type_best`)
  VALUES (462984, 2, 1, 0, 0, 519.72, 519.72, 1, 53, 60, 80163, 6776, 716, 32208, 1, '2016-11-16 07:33:32', '2016-11-16 07:33:32', NULL, 0.0, 0.0, 0.0, 1563, 0, 0);

INSERT INTO `meeting_individual_results` (`id`, `rank`, `is_play_off`, `is_out_of_race`, `is_disqualified`, `standard_points`, `meeting_individual_points`, `minutes`, `seconds`, `hundreds`, `meeting_program_id`, `swimmer_id`, `team_id`, `badge_id`, `user_id`, `created_at`, `updated_at`, `disqualification_code_type_id`, `goggle_cup_points`, `reaction_time`, `team_points`, `team_affiliation_id`, `is_personal_best`, `is_season_type_best`)
  VALUES (462985, 1, 1, 0, 0, 752.51, 752.51, 1, 21, 62, 80164, 7204, 219, 58650, 1, '2016-11-16 07:33:32', '2016-11-16 07:33:32', NULL, 0.0, 0.0, 0.0, 1739, 0, 0);

INSERT INTO `meeting_individual_results` (`id`, `rank`, `is_play_off`, `is_out_of_race`, `is_disqualified`, `standard_points`, `meeting_individual_points`, `minutes`, `seconds`, `hundreds`, `meeting_program_id`, `swimmer_id`, `team_id`, `badge_id`, `user_id`, `created_at`, `updated_at`, `disqualification_code_type_id`, `goggle_cup_points`, `reaction_time`, `team_points`, `team_affiliation_id`, `is_personal_best`, `is_season_type_best`)
  VALUES (462986, 2, 1, 0, 0, 707.6, 707.6, 1, 26, 80, 80164, 8417, 189, 36156, 1, '2016-11-16 07:33:32', '2016-11-16 07:33:32', NULL, 0.0, 0.0, 0.0, 1799, 0, 0);

INSERT INTO `meeting_individual_results` (`id`, `rank`, `is_play_off`, `is_out_of_race`, `is_disqualified`, `standard_points`, `meeting_individual_points`, `minutes`, `seconds`, `hundreds`, `meeting_program_id`, `swimmer_id`, `team_id`, `badge_id`, `user_id`, `created_at`, `updated_at`, `disqualification_code_type_id`, `goggle_cup_points`, `reaction_time`, `team_points`, `team_affiliation_id`, `is_personal_best`, `is_season_type_best`)
  VALUES (462987, 3, 1, 0, 0, 676.73, 676.73, 1, 30, 76, 80164, 4529, 275, 34253, 1, '2016-11-16 07:33:32', '2016-11-16 07:33:32', NULL, 0.0, 0.0, 0.0, 1723, 0, 0);

INSERT INTO `meeting_individual_results` (`id`, `rank`, `is_play_off`, `is_out_of_race`, `is_disqualified`, `standard_points`, `meeting_individual_points`, `minutes`, `seconds`, `hundreds`, `meeting_program_id`, `swimmer_id`, `team_id`, `badge_id`, `user_id`, `created_at`, `updated_at`, `disqualification_code_type_id`, `goggle_cup_points`, `reaction_time`, `team_points`, `team_affiliation_id`, `is_personal_best`, `is_season_type_best`)
  VALUES (462988, 1, 1, 0, 0, 647.4, 647.4, 1, 40, 34, 80165, 5096, 716, 55138, 1, '2016-11-16 07:33:33', '2016-11-16 07:33:33', NULL, 0.0, 0.0, 0.0, 1563, 0, 0);

INSERT INTO `meeting_individual_results` (`id`, `rank`, `is_play_off`, `is_out_of_race`, `is_disqualified`, `standard_points`, `meeting_individual_points`, `minutes`, `seconds`, `hundreds`, `meeting_program_id`, `swimmer_id`, `team_id`, `badge_id`, `user_id`, `created_at`, `updated_at`, `disqualification_code_type_id`, `goggle_cup_points`, `reaction_time`, `team_points`, `team_affiliation_id`, `is_personal_best`, `is_season_type_best`)
  VALUES (462989, 1, 1, 0, 0, 879.84, 879.84, 1, 27, 72, 80166, 17779, 393, 55243, 1, '2016-11-16 07:33:33', '2016-11-16 07:33:33', NULL, 0.0, 0.0, 0.0, 1888, 0, 0);

INSERT INTO `meeting_individual_results` (`id`, `rank`, `is_play_off`, `is_out_of_race`, `is_disqualified`, `standard_points`, `meeting_individual_points`, `minutes`, `seconds`, `hundreds`, `meeting_program_id`, `swimmer_id`, `team_id`, `badge_id`, `user_id`, `created_at`, `updated_at`, `disqualification_code_type_id`, `goggle_cup_points`, `reaction_time`, `team_points`, `team_affiliation_id`, `is_personal_best`, `is_season_type_best`)
  VALUES (462990, 1, 1, 0, 0, 752.41, 752.41, 1, 50, 95, 80167, 9694, 219, 37525, 1, '2016-11-16 07:33:33', '2016-11-16 07:33:33', NULL, 0.0, 0.0, 0.0, 1739, 0, 0);

INSERT INTO `meeting_individual_results` (`id`, `rank`, `is_play_off`, `is_out_of_race`, `is_disqualified`, `standard_points`, `meeting_individual_points`, `minutes`, `seconds`, `hundreds`, `meeting_program_id`, `swimmer_id`, `team_id`, `badge_id`, `user_id`, `created_at`, `updated_at`, `disqualification_code_type_id`, `goggle_cup_points`, `reaction_time`, `team_points`, `team_affiliation_id`, `is_personal_best`, `is_season_type_best`)
  VALUES (462991, 1, 1, 0, 0, 572.49, 572.49, 2, 40, 16, 80168, 9829, 741, 58682, 1, '2016-11-16 07:33:33', '2016-11-16 07:33:33', NULL, 0.0, 0.0, 0.0, 1547, 0, 0);

INSERT INTO `meeting_individual_results` (`id`, `rank`, `is_play_off`, `is_out_of_race`, `is_disqualified`, `standard_points`, `meeting_individual_points`, `minutes`, `seconds`, `hundreds`, `meeting_program_id`, `swimmer_id`, `team_id`, `badge_id`, `user_id`, `created_at`, `updated_at`, `disqualification_code_type_id`, `goggle_cup_points`, `reaction_time`, `team_points`, `team_affiliation_id`, `is_personal_best`, `is_season_type_best`)
  VALUES (462992, 1, 1, 0, 0, 825.16, 825.16, 1, 17, 90, 80169, 27245, 609, 55251, 1, '2016-11-16 07:33:33', '2016-11-16 07:33:33', NULL, 0.0, 0.0, 0.0, 1692, 0, 0);

INSERT INTO `meeting_individual_results` (`id`, `rank`, `is_play_off`, `is_out_of_race`, `is_disqualified`, `standard_points`, `meeting_individual_points`, `minutes`, `seconds`, `hundreds`, `meeting_program_id`, `swimmer_id`, `team_id`, `badge_id`, `user_id`, `created_at`, `updated_at`, `disqualification_code_type_id`, `goggle_cup_points`, `reaction_time`, `team_points`, `team_affiliation_id`, `is_personal_best`, `is_season_type_best`)
  VALUES (462993, 2, 1, 0, 0, 814.19, 814.19, 1, 18, 95, 80169, 9880, 741, 58694, 1, '2016-11-16 07:33:33', '2016-11-16 07:33:33', NULL, 0.0, 0.0, 0.0, 1547, 0, 0);

INSERT INTO `meeting_individual_results` (`id`, `rank`, `is_play_off`, `is_out_of_race`, `is_disqualified`, `standard_points`, `meeting_individual_points`, `minutes`, `seconds`, `hundreds`, `meeting_program_id`, `swimmer_id`, `team_id`, `badge_id`, `user_id`, `created_at`, `updated_at`, `disqualification_code_type_id`, `goggle_cup_points`, `reaction_time`, `team_points`, `team_affiliation_id`, `is_personal_best`, `is_season_type_best`)
  VALUES (462994, 1, 1, 0, 0, 687.76, 687.76, 1, 33, 39, 80170, 1884, 716, 46364, 1, '2016-11-16 07:33:33', '2016-11-16 07:33:33', NULL, 0.0, 0.0, 0.0, 1563, 0, 0);

INSERT INTO `meeting_individual_results` (`id`, `rank`, `is_play_off`, `is_out_of_race`, `is_disqualified`, `standard_points`, `meeting_individual_points`, `minutes`, `seconds`, `hundreds`, `meeting_program_id`, `swimmer_id`, `team_id`, `badge_id`, `user_id`, `created_at`, `updated_at`, `disqualification_code_type_id`, `goggle_cup_points`, `reaction_time`, `team_points`, `team_affiliation_id`, `is_personal_best`, `is_season_type_best`)
  VALUES (462995, 1, 1, 0, 0, 673.5, 673.5, 1, 38, 10, 80171, 7054, 111, 59230, 1, '2016-11-16 07:33:33', '2016-11-16 07:33:33', NULL, 0.0, 0.0, 0.0, 1658, 0, 0);

INSERT INTO `meeting_individual_results` (`id`, `rank`, `is_play_off`, `is_out_of_race`, `is_disqualified`, `standard_points`, `meeting_individual_points`, `minutes`, `seconds`, `hundreds`, `meeting_program_id`, `swimmer_id`, `team_id`, `badge_id`, `user_id`, `created_at`, `updated_at`, `disqualification_code_type_id`, `goggle_cup_points`, `reaction_time`, `team_points`, `team_affiliation_id`, `is_personal_best`, `is_season_type_best`)
  VALUES (462996, 1, 1, 0, 0, 826.78, 826.78, 1, 20, 88, 80172, 25479, 219, 47859, 1, '2016-11-16 07:33:33', '2016-11-16 07:33:33', NULL, 0.0, 0.0, 0.0, 1739, 0, 0);

INSERT INTO `meeting_individual_results` (`id`, `rank`, `is_play_off`, `is_out_of_race`, `is_disqualified`, `standard_points`, `meeting_individual_points`, `minutes`, `seconds`, `hundreds`, `meeting_program_id`, `swimmer_id`, `team_id`, `badge_id`, `user_id`, `created_at`, `updated_at`, `disqualification_code_type_id`, `goggle_cup_points`, `reaction_time`, `team_points`, `team_affiliation_id`, `is_personal_best`, `is_season_type_best`)
  VALUES (462997, 2, 1, 0, 0, 611.41, 611.41, 1, 49, 37, 80172, 27871, 219, 60005, 1, '2016-11-16 07:33:33', '2016-11-16 07:33:33', NULL, 0.0, 0.0, 0.0, 1739, 0, 0);

INSERT INTO `meeting_individual_results` (`id`, `rank`, `is_play_off`, `is_out_of_race`, `is_disqualified`, `standard_points`, `meeting_individual_points`, `minutes`, `seconds`, `hundreds`, `meeting_program_id`, `swimmer_id`, `team_id`, `badge_id`, `user_id`, `created_at`, `updated_at`, `disqualification_code_type_id`, `goggle_cup_points`, `reaction_time`, `team_points`, `team_affiliation_id`, `is_personal_best`, `is_season_type_best`)
  VALUES (462998, 1, 1, 0, 0, 903.94, 903.94, 1, 15, 68, 80173, 22464, 219, 39578, 1, '2016-11-16 07:33:33', '2016-11-16 07:33:33', NULL, 0.0, 0.0, 0.0, 1739, 0, 0);

INSERT INTO `meeting_individual_results` (`id`, `rank`, `is_play_off`, `is_out_of_race`, `is_disqualified`, `standard_points`, `meeting_individual_points`, `minutes`, `seconds`, `hundreds`, `meeting_program_id`, `swimmer_id`, `team_id`, `badge_id`, `user_id`, `created_at`, `updated_at`, `disqualification_code_type_id`, `goggle_cup_points`, `reaction_time`, `team_points`, `team_affiliation_id`, `is_personal_best`, `is_season_type_best`)
  VALUES (462999, 2, 1, 0, 0, 833.05, 833.05, 1, 22, 12, 80173, 27739, 219, 59214, 1, '2016-11-16 07:33:33', '2016-11-16 07:33:33', NULL, 0.0, 0.0, 0.0, 1739, 0, 0);

INSERT INTO `meeting_individual_results` (`id`, `rank`, `is_play_off`, `is_out_of_race`, `is_disqualified`, `standard_points`, `meeting_individual_points`, `minutes`, `seconds`, `hundreds`, `meeting_program_id`, `swimmer_id`, `team_id`, `badge_id`, `user_id`, `created_at`, `updated_at`, `disqualification_code_type_id`, `goggle_cup_points`, `reaction_time`, `team_points`, `team_affiliation_id`, `is_personal_best`, `is_season_type_best`)
  VALUES (463000, 3, 1, 0, 0, 706.35, 706.35, 1, 36, 85, 80173, 19543, 219, 60003, 1, '2016-11-16 07:33:33', '2016-11-16 07:33:33', NULL, 0.0, 0.0, 0.0, 1739, 0, 0);

INSERT INTO `meeting_individual_results` (`id`, `rank`, `is_play_off`, `is_out_of_race`, `is_disqualified`, `standard_points`, `meeting_individual_points`, `minutes`, `seconds`, `hundreds`, `meeting_program_id`, `swimmer_id`, `team_id`, `badge_id`, `user_id`, `created_at`, `updated_at`, `disqualification_code_type_id`, `goggle_cup_points`, `reaction_time`, `team_points`, `team_affiliation_id`, `is_personal_best`, `is_season_type_best`)
  VALUES (463001, 4, 1, 0, 0, 695.79, 695.79, 1, 38, 32, 80173, 1897, 716, 58662, 1, '2016-11-16 07:33:33', '2016-11-16 07:33:33', NULL, 0.0, 0.0, 0.0, 1563, 0, 0);

INSERT INTO `meeting_individual_results` (`id`, `rank`, `is_play_off`, `is_out_of_race`, `is_disqualified`, `standard_points`, `meeting_individual_points`, `minutes`, `seconds`, `hundreds`, `meeting_program_id`, `swimmer_id`, `team_id`, `badge_id`, `user_id`, `created_at`, `updated_at`, `disqualification_code_type_id`, `goggle_cup_points`, `reaction_time`, `team_points`, `team_affiliation_id`, `is_personal_best`, `is_season_type_best`)
  VALUES (463002, 5, 1, 0, 0, 666.76, 666.76, 1, 42, 60, 80173, 21836, 219, 37505, 1, '2016-11-16 07:33:33', '2016-11-16 07:33:33', NULL, 0.0, 0.0, 0.0, 1739, 0, 0);

INSERT INTO `meeting_individual_results` (`id`, `rank`, `is_play_off`, `is_out_of_race`, `is_disqualified`, `standard_points`, `meeting_individual_points`, `minutes`, `seconds`, `hundreds`, `meeting_program_id`, `swimmer_id`, `team_id`, `badge_id`, `user_id`, `created_at`, `updated_at`, `disqualification_code_type_id`, `goggle_cup_points`, `reaction_time`, `team_points`, `team_affiliation_id`, `is_personal_best`, `is_season_type_best`)
  VALUES (463003, 6, 1, 0, 0, 566.73, 566.73, 2, 0, 71, 80173, 7909, 424, 59681, 1, '2016-11-16 07:33:33', '2016-11-16 07:33:33', NULL, 0.0, 0.0, 0.0, 2727, 0, 0);

INSERT INTO `meeting_individual_results` (`id`, `rank`, `is_play_off`, `is_out_of_race`, `is_disqualified`, `standard_points`, `meeting_individual_points`, `minutes`, `seconds`, `hundreds`, `meeting_program_id`, `swimmer_id`, `team_id`, `badge_id`, `user_id`, `created_at`, `updated_at`, `disqualification_code_type_id`, `goggle_cup_points`, `reaction_time`, `team_points`, `team_affiliation_id`, `is_personal_best`, `is_season_type_best`)
  VALUES (463004, 1, 1, 0, 0, 913.47, 913.47, 1, 18, 12, 80174, 7315, 741, 58642, 1, '2016-11-16 07:33:33', '2016-11-16 07:33:33', NULL, 0.0, 0.0, 0.0, 1547, 0, 0);

INSERT INTO `meeting_individual_results` (`id`, `rank`, `is_play_off`, `is_out_of_race`, `is_disqualified`, `standard_points`, `meeting_individual_points`, `minutes`, `seconds`, `hundreds`, `meeting_program_id`, `swimmer_id`, `team_id`, `badge_id`, `user_id`, `created_at`, `updated_at`, `disqualification_code_type_id`, `goggle_cup_points`, `reaction_time`, `team_points`, `team_affiliation_id`, `is_personal_best`, `is_season_type_best`)
  VALUES (463005, 2, 1, 0, 0, 639.54, 639.54, 1, 51, 58, 80174, 27857, 111, 59232, 1, '2016-11-16 07:33:33', '2016-11-16 07:33:33', NULL, 0.0, 0.0, 0.0, 1658, 0, 0);

INSERT INTO `meeting_individual_results` (`id`, `rank`, `is_play_off`, `is_out_of_race`, `is_disqualified`, `standard_points`, `meeting_individual_points`, `minutes`, `seconds`, `hundreds`, `meeting_program_id`, `swimmer_id`, `team_id`, `badge_id`, `user_id`, `created_at`, `updated_at`, `disqualification_code_type_id`, `goggle_cup_points`, `reaction_time`, `team_points`, `team_affiliation_id`, `is_personal_best`, `is_season_type_best`)
  VALUES (463006, 1, 1, 0, 0, 694.75, 694.75, 2, 1, 5, 80175, 1916, 716, 32431, 1, '2016-11-16 07:33:34', '2016-11-16 07:33:34', NULL, 0.0, 0.0, 0.0, 1563, 0, 0);

INSERT INTO `meeting_individual_results` (`id`, `rank`, `is_play_off`, `is_out_of_race`, `is_disqualified`, `standard_points`, `meeting_individual_points`, `minutes`, `seconds`, `hundreds`, `meeting_program_id`, `swimmer_id`, `team_id`, `badge_id`, `user_id`, `created_at`, `updated_at`, `disqualification_code_type_id`, `goggle_cup_points`, `reaction_time`, `team_points`, `team_affiliation_id`, `is_personal_best`, `is_season_type_best`)
  VALUES (463007, 1, 1, 0, 0, 648.99, 648.99, 2, 21, 62, 80176, 7059, 219, 59296, 1, '2016-11-16 07:33:34', '2016-11-16 07:33:34', NULL, 0.0, 0.0, 0.0, 1739, 0, 0);

INSERT INTO `meeting_individual_results` (`id`, `rank`, `is_play_off`, `is_out_of_race`, `is_disqualified`, `standard_points`, `meeting_individual_points`, `minutes`, `seconds`, `hundreds`, `meeting_program_id`, `swimmer_id`, `team_id`, `badge_id`, `user_id`, `created_at`, `updated_at`, `disqualification_code_type_id`, `goggle_cup_points`, `reaction_time`, `team_points`, `team_affiliation_id`, `is_personal_best`, `is_season_type_best`)
  VALUES (463008, 1, 1, 0, 0, 0.0, 0.0, 1, 21, 69, 80177, 27985, 609, 59264, 1, '2016-11-16 07:33:34', '2016-11-16 07:33:34', NULL, 0.0, 0.0, 0.0, 1692, 0, 0);

INSERT INTO `meeting_individual_results` (`id`, `rank`, `is_play_off`, `is_out_of_race`, `is_disqualified`, `standard_points`, `meeting_individual_points`, `minutes`, `seconds`, `hundreds`, `meeting_program_id`, `swimmer_id`, `team_id`, `badge_id`, `user_id`, `created_at`, `updated_at`, `disqualification_code_type_id`, `goggle_cup_points`, `reaction_time`, `team_points`, `team_affiliation_id`, `is_personal_best`, `is_season_type_best`)
  VALUES (463009, 2, 1, 0, 0, 0.0, 0.0, 1, 22, 66, 80177, 22448, 219, 39605, 1, '2016-11-16 07:33:34', '2016-11-16 07:33:34', NULL, 0.0, 0.0, 0.0, 1739, 0, 0);

INSERT INTO `meeting_individual_results` (`id`, `rank`, `is_play_off`, `is_out_of_race`, `is_disqualified`, `standard_points`, `meeting_individual_points`, `minutes`, `seconds`, `hundreds`, `meeting_program_id`, `swimmer_id`, `team_id`, `badge_id`, `user_id`, `created_at`, `updated_at`, `disqualification_code_type_id`, `goggle_cup_points`, `reaction_time`, `team_points`, `team_affiliation_id`, `is_personal_best`, `is_season_type_best`)
  VALUES (463010, 1, 1, 0, 0, 786.71, 786.71, 1, 10, 75, 80178, 11545, 219, 47877, 1, '2016-11-16 07:33:34', '2016-11-16 07:33:34', NULL, 0.0, 0.0, 0.0, 1739, 0, 0);

INSERT INTO `meeting_individual_results` (`id`, `rank`, `is_play_off`, `is_out_of_race`, `is_disqualified`, `standard_points`, `meeting_individual_points`, `minutes`, `seconds`, `hundreds`, `meeting_program_id`, `swimmer_id`, `team_id`, `badge_id`, `user_id`, `created_at`, `updated_at`, `disqualification_code_type_id`, `goggle_cup_points`, `reaction_time`, `team_points`, `team_affiliation_id`, `is_personal_best`, `is_season_type_best`)
  VALUES (463011, 2, 1, 0, 0, 773.49, 773.49, 1, 11, 96, 80178, 28100, 609, 60006, 1, '2016-11-16 07:33:34', '2016-11-16 07:33:34', NULL, 0.0, 0.0, 0.0, 1692, 0, 0);

INSERT INTO `meeting_individual_results` (`id`, `rank`, `is_play_off`, `is_out_of_race`, `is_disqualified`, `standard_points`, `meeting_individual_points`, `minutes`, `seconds`, `hundreds`, `meeting_program_id`, `swimmer_id`, `team_id`, `badge_id`, `user_id`, `created_at`, `updated_at`, `disqualification_code_type_id`, `goggle_cup_points`, `reaction_time`, `team_points`, `team_affiliation_id`, `is_personal_best`, `is_season_type_best`)
  VALUES (463012, 3, 1, 0, 0, 742.83, 742.83, 1, 14, 93, 80178, 6003, 609, 33813, 1, '2016-11-16 07:33:34', '2016-11-16 07:33:34', NULL, 0.0, 0.0, 0.0, 1692, 0, 0);

INSERT INTO `meeting_individual_results` (`id`, `rank`, `is_play_off`, `is_out_of_race`, `is_disqualified`, `standard_points`, `meeting_individual_points`, `minutes`, `seconds`, `hundreds`, `meeting_program_id`, `swimmer_id`, `team_id`, `badge_id`, `user_id`, `created_at`, `updated_at`, `disqualification_code_type_id`, `goggle_cup_points`, `reaction_time`, `team_points`, `team_affiliation_id`, `is_personal_best`, `is_season_type_best`)
  VALUES (463013, 4, 1, 0, 0, 724.83, 724.83, 1, 16, 79, 80178, 24279, 374, 45177, 1, '2016-11-16 07:33:34', '2016-11-16 07:33:34', NULL, 0.0, 0.0, 0.0, 1567, 0, 0);

INSERT INTO `meeting_individual_results` (`id`, `rank`, `is_play_off`, `is_out_of_race`, `is_disqualified`, `standard_points`, `meeting_individual_points`, `minutes`, `seconds`, `hundreds`, `meeting_program_id`, `swimmer_id`, `team_id`, `badge_id`, `user_id`, `created_at`, `updated_at`, `disqualification_code_type_id`, `goggle_cup_points`, `reaction_time`, `team_points`, `team_affiliation_id`, `is_personal_best`, `is_season_type_best`)
  VALUES (463014, 1, 1, 0, 0, 627.94, 627.94, 1, 29, 18, 80179, 27204, 366, 55103, 1, '2016-11-16 07:33:34', '2016-11-16 07:33:34', NULL, 0.0, 0.0, 0.0, 2404, 0, 0);

INSERT INTO `meeting_individual_results` (`id`, `rank`, `is_play_off`, `is_out_of_race`, `is_disqualified`, `standard_points`, `meeting_individual_points`, `minutes`, `seconds`, `hundreds`, `meeting_program_id`, `swimmer_id`, `team_id`, `badge_id`, `user_id`, `created_at`, `updated_at`, `disqualification_code_type_id`, `goggle_cup_points`, `reaction_time`, `team_points`, `team_affiliation_id`, `is_personal_best`, `is_season_type_best`)
  VALUES (463015, 1, 1, 0, 0, 873.95, 873.95, 1, 5, 61, 80180, 9902, 54, 37463, 1, '2016-11-16 07:33:34', '2016-11-16 07:33:34', NULL, 0.0, 0.0, 0.0, 1572, 0, 0);

INSERT INTO `meeting_individual_results` (`id`, `rank`, `is_play_off`, `is_out_of_race`, `is_disqualified`, `standard_points`, `meeting_individual_points`, `minutes`, `seconds`, `hundreds`, `meeting_program_id`, `swimmer_id`, `team_id`, `badge_id`, `user_id`, `created_at`, `updated_at`, `disqualification_code_type_id`, `goggle_cup_points`, `reaction_time`, `team_points`, `team_affiliation_id`, `is_personal_best`, `is_season_type_best`)
  VALUES (463016, 2, 1, 0, 0, 819.38, 819.38, 1, 9, 98, 80180, 7988, 314, 58688, 1, '2016-11-16 07:33:34', '2016-11-16 07:33:34', NULL, 0.0, 0.0, 0.0, 1895, 0, 0);

INSERT INTO `meeting_individual_results` (`id`, `rank`, `is_play_off`, `is_out_of_race`, `is_disqualified`, `standard_points`, `meeting_individual_points`, `minutes`, `seconds`, `hundreds`, `meeting_program_id`, `swimmer_id`, `team_id`, `badge_id`, `user_id`, `created_at`, `updated_at`, `disqualification_code_type_id`, `goggle_cup_points`, `reaction_time`, `team_points`, `team_affiliation_id`, `is_personal_best`, `is_season_type_best`)
  VALUES (463017, 3, 1, 0, 0, 802.29, 802.29, 1, 11, 47, 80180, 7911, 741, 59981, 1, '2016-11-16 07:33:34', '2016-11-16 07:33:34', NULL, 0.0, 0.0, 0.0, 1547, 0, 0);

INSERT INTO `meeting_individual_results` (`id`, `rank`, `is_play_off`, `is_out_of_race`, `is_disqualified`, `standard_points`, `meeting_individual_points`, `minutes`, `seconds`, `hundreds`, `meeting_program_id`, `swimmer_id`, `team_id`, `badge_id`, `user_id`, `created_at`, `updated_at`, `disqualification_code_type_id`, `goggle_cup_points`, `reaction_time`, `team_points`, `team_affiliation_id`, `is_personal_best`, `is_season_type_best`)
  VALUES (463018, 4, 1, 0, 0, 724.54, 724.54, 1, 19, 14, 80180, 27206, 880, 55197, 1, '2016-11-16 07:33:34', '2016-11-16 07:33:34', NULL, 0.0, 0.0, 0.0, 1979, 0, 0);

INSERT INTO `meeting_individual_results` (`id`, `rank`, `is_play_off`, `is_out_of_race`, `is_disqualified`, `standard_points`, `meeting_individual_points`, `minutes`, `seconds`, `hundreds`, `meeting_program_id`, `swimmer_id`, `team_id`, `badge_id`, `user_id`, `created_at`, `updated_at`, `disqualification_code_type_id`, `goggle_cup_points`, `reaction_time`, `team_points`, `team_affiliation_id`, `is_personal_best`, `is_season_type_best`)
  VALUES (463019, 1, 1, 0, 0, 819.81, 819.81, 1, 11, 59, 80181, 27881, 878, 60007, 1, '2016-11-16 07:33:34', '2016-11-16 07:33:34', NULL, 0.0, 0.0, 0.0, 1974, 0, 0);

INSERT INTO `meeting_individual_results` (`id`, `rank`, `is_play_off`, `is_out_of_race`, `is_disqualified`, `standard_points`, `meeting_individual_points`, `minutes`, `seconds`, `hundreds`, `meeting_program_id`, `swimmer_id`, `team_id`, `badge_id`, `user_id`, `created_at`, `updated_at`, `disqualification_code_type_id`, `goggle_cup_points`, `reaction_time`, `team_points`, `team_affiliation_id`, `is_personal_best`, `is_season_type_best`)
  VALUES (463020, 2, 1, 0, 0, 814.57, 814.57, 1, 12, 5, 80181, 27193, 741, 55121, 1, '2016-11-16 07:33:34', '2016-11-16 07:33:34', NULL, 0.0, 0.0, 0.0, 1547, 0, 0);

INSERT INTO `meeting_individual_results` (`id`, `rank`, `is_play_off`, `is_out_of_race`, `is_disqualified`, `standard_points`, `meeting_individual_points`, `minutes`, `seconds`, `hundreds`, `meeting_program_id`, `swimmer_id`, `team_id`, `badge_id`, `user_id`, `created_at`, `updated_at`, `disqualification_code_type_id`, `goggle_cup_points`, `reaction_time`, `team_points`, `team_affiliation_id`, `is_personal_best`, `is_season_type_best`)
  VALUES (463021, 3, 1, 0, 0, 768.8, 768.8, 1, 16, 34, 80181, 27194, 880, 55238, 1, '2016-11-16 07:33:34', '2016-11-16 07:33:34', NULL, 0.0, 0.0, 0.0, 1979, 0, 0);

INSERT INTO `meeting_individual_results` (`id`, `rank`, `is_play_off`, `is_out_of_race`, `is_disqualified`, `standard_points`, `meeting_individual_points`, `minutes`, `seconds`, `hundreds`, `meeting_program_id`, `swimmer_id`, `team_id`, `badge_id`, `user_id`, `created_at`, `updated_at`, `disqualification_code_type_id`, `goggle_cup_points`, `reaction_time`, `team_points`, `team_affiliation_id`, `is_personal_best`, `is_season_type_best`)
  VALUES (463022, 4, 1, 0, 0, 743.48, 743.48, 1, 18, 94, 80181, 27212, 393, 55248, 1, '2016-11-16 07:33:34', '2016-11-16 07:33:34', NULL, 0.0, 0.0, 0.0, 1888, 0, 0);

INSERT INTO `meeting_individual_results` (`id`, `rank`, `is_play_off`, `is_out_of_race`, `is_disqualified`, `standard_points`, `meeting_individual_points`, `minutes`, `seconds`, `hundreds`, `meeting_program_id`, `swimmer_id`, `team_id`, `badge_id`, `user_id`, `created_at`, `updated_at`, `disqualification_code_type_id`, `goggle_cup_points`, `reaction_time`, `team_points`, `team_affiliation_id`, `is_personal_best`, `is_season_type_best`)
  VALUES (463023, 5, 1, 0, 0, 691.94, 691.94, 1, 24, 82, 80181, 19753, 189, 41010, 1, '2016-11-16 07:33:35', '2016-11-16 07:33:35', NULL, 0.0, 0.0, 0.0, 1799, 0, 0);

INSERT INTO `meeting_individual_results` (`id`, `rank`, `is_play_off`, `is_out_of_race`, `is_disqualified`, `standard_points`, `meeting_individual_points`, `minutes`, `seconds`, `hundreds`, `meeting_program_id`, `swimmer_id`, `team_id`, `badge_id`, `user_id`, `created_at`, `updated_at`, `disqualification_code_type_id`, `goggle_cup_points`, `reaction_time`, `team_points`, `team_affiliation_id`, `is_personal_best`, `is_season_type_best`)
  VALUES (463024, 1, 1, 0, 0, 865.56, 865.56, 1, 9, 62, 80182, 6136, 111, 59245, 1, '2016-11-16 07:33:35', '2016-11-16 07:33:35', NULL, 0.0, 0.0, 0.0, 1658, 0, 0);

INSERT INTO `meeting_individual_results` (`id`, `rank`, `is_play_off`, `is_out_of_race`, `is_disqualified`, `standard_points`, `meeting_individual_points`, `minutes`, `seconds`, `hundreds`, `meeting_program_id`, `swimmer_id`, `team_id`, `badge_id`, `user_id`, `created_at`, `updated_at`, `disqualification_code_type_id`, `goggle_cup_points`, `reaction_time`, `team_points`, `team_affiliation_id`, `is_personal_best`, `is_season_type_best`)
  VALUES (463025, 2, 1, 0, 0, 757.32, 757.32, 1, 19, 57, 80182, 7235, 219, 59294, 1, '2016-11-16 07:33:35', '2016-11-16 07:33:35', NULL, 0.0, 0.0, 0.0, 1739, 0, 0);

INSERT INTO `meeting_individual_results` (`id`, `rank`, `is_play_off`, `is_out_of_race`, `is_disqualified`, `standard_points`, `meeting_individual_points`, `minutes`, `seconds`, `hundreds`, `meeting_program_id`, `swimmer_id`, `team_id`, `badge_id`, `user_id`, `created_at`, `updated_at`, `disqualification_code_type_id`, `goggle_cup_points`, `reaction_time`, `team_points`, `team_affiliation_id`, `is_personal_best`, `is_season_type_best`)
  VALUES (463026, 3, 1, 0, 0, 753.06, 753.06, 1, 20, 2, 80182, 5182, 716, 58706, 1, '2016-11-16 07:33:35', '2016-11-16 07:33:35', NULL, 0.0, 0.0, 0.0, 1563, 0, 0);

INSERT INTO `meeting_individual_results` (`id`, `rank`, `is_play_off`, `is_out_of_race`, `is_disqualified`, `standard_points`, `meeting_individual_points`, `minutes`, `seconds`, `hundreds`, `meeting_program_id`, `swimmer_id`, `team_id`, `badge_id`, `user_id`, `created_at`, `updated_at`, `disqualification_code_type_id`, `goggle_cup_points`, `reaction_time`, `team_points`, `team_affiliation_id`, `is_personal_best`, `is_season_type_best`)
  VALUES (463027, 4, 1, 0, 0, 684.77, 684.77, 1, 28, 0, 80182, 21143, 321, 33495, 1, '2016-11-16 07:33:35', '2016-11-16 07:33:35', NULL, 0.0, 0.0, 0.0, 1652, 0, 0);

INSERT INTO `meeting_individual_results` (`id`, `rank`, `is_play_off`, `is_out_of_race`, `is_disqualified`, `standard_points`, `meeting_individual_points`, `minutes`, `seconds`, `hundreds`, `meeting_program_id`, `swimmer_id`, `team_id`, `badge_id`, `user_id`, `created_at`, `updated_at`, `disqualification_code_type_id`, `goggle_cup_points`, `reaction_time`, `team_points`, `team_affiliation_id`, `is_personal_best`, `is_season_type_best`)
  VALUES (463028, 5, 1, 0, 0, 629.48, 629.48, 1, 35, 73, 80182, 27799, 716, 58710, 1, '2016-11-16 07:33:35', '2016-11-16 07:33:35', NULL, 0.0, 0.0, 0.0, 1563, 0, 0);

INSERT INTO `meeting_individual_results` (`id`, `rank`, `is_play_off`, `is_out_of_race`, `is_disqualified`, `standard_points`, `meeting_individual_points`, `minutes`, `seconds`, `hundreds`, `meeting_program_id`, `swimmer_id`, `team_id`, `badge_id`, `user_id`, `created_at`, `updated_at`, `disqualification_code_type_id`, `goggle_cup_points`, `reaction_time`, `team_points`, `team_affiliation_id`, `is_personal_best`, `is_season_type_best`)
  VALUES (463029, 6, 1, 0, 0, 618.24, 618.24, 1, 37, 47, 80182, 13134, 321, 32943, 1, '2016-11-16 07:33:35', '2016-11-16 07:33:35', NULL, 0.0, 0.0, 0.0, 1652, 0, 0);

INSERT INTO `meeting_individual_results` (`id`, `rank`, `is_play_off`, `is_out_of_race`, `is_disqualified`, `standard_points`, `meeting_individual_points`, `minutes`, `seconds`, `hundreds`, `meeting_program_id`, `swimmer_id`, `team_id`, `badge_id`, `user_id`, `created_at`, `updated_at`, `disqualification_code_type_id`, `goggle_cup_points`, `reaction_time`, `team_points`, `team_affiliation_id`, `is_personal_best`, `is_season_type_best`)
  VALUES (463030, 1, 1, 0, 0, 832.64, 832.64, 1, 14, 39, 80183, 27211, 393, 55133, 1, '2016-11-16 07:33:35', '2016-11-16 07:33:35', NULL, 0.0, 0.0, 0.0, 1888, 0, 0);

INSERT INTO `meeting_individual_results` (`id`, `rank`, `is_play_off`, `is_out_of_race`, `is_disqualified`, `standard_points`, `meeting_individual_points`, `minutes`, `seconds`, `hundreds`, `meeting_program_id`, `swimmer_id`, `team_id`, `badge_id`, `user_id`, `created_at`, `updated_at`, `disqualification_code_type_id`, `goggle_cup_points`, `reaction_time`, `team_points`, `team_affiliation_id`, `is_personal_best`, `is_season_type_best`)
  VALUES (463031, 2, 1, 0, 0, 774.35, 774.35, 1, 19, 99, 80183, 9842, 295, 55134, 1, '2016-11-16 07:33:35', '2016-11-16 07:33:35', NULL, 0.0, 0.0, 0.0, 2401, 0, 0);

INSERT INTO `meeting_individual_results` (`id`, `rank`, `is_play_off`, `is_out_of_race`, `is_disqualified`, `standard_points`, `meeting_individual_points`, `minutes`, `seconds`, `hundreds`, `meeting_program_id`, `swimmer_id`, `team_id`, `badge_id`, `user_id`, `created_at`, `updated_at`, `disqualification_code_type_id`, `goggle_cup_points`, `reaction_time`, `team_points`, `team_affiliation_id`, `is_personal_best`, `is_season_type_best`)
  VALUES (463032, 3, 1, 0, 0, 672.9, 672.9, 1, 32, 5, 80183, 1998, 716, 33238, 1, '2016-11-16 07:33:35', '2016-11-16 07:33:35', NULL, 0.0, 0.0, 0.0, 1563, 0, 0);

INSERT INTO `meeting_individual_results` (`id`, `rank`, `is_play_off`, `is_out_of_race`, `is_disqualified`, `standard_points`, `meeting_individual_points`, `minutes`, `seconds`, `hundreds`, `meeting_program_id`, `swimmer_id`, `team_id`, `badge_id`, `user_id`, `created_at`, `updated_at`, `disqualification_code_type_id`, `goggle_cup_points`, `reaction_time`, `team_points`, `team_affiliation_id`, `is_personal_best`, `is_season_type_best`)
  VALUES (463033, 4, 1, 0, 0, 669.69, 669.69, 1, 32, 49, 80183, 22005, 111, 38233, 1, '2016-11-16 07:33:35', '2016-11-16 07:33:35', NULL, 0.0, 0.0, 0.0, 1658, 0, 0);

INSERT INTO `meeting_individual_results` (`id`, `rank`, `is_play_off`, `is_out_of_race`, `is_disqualified`, `standard_points`, `meeting_individual_points`, `minutes`, `seconds`, `hundreds`, `meeting_program_id`, `swimmer_id`, `team_id`, `badge_id`, `user_id`, `created_at`, `updated_at`, `disqualification_code_type_id`, `goggle_cup_points`, `reaction_time`, `team_points`, `team_affiliation_id`, `is_personal_best`, `is_season_type_best`)
  VALUES (463034, 1, 1, 0, 0, 877.64, 877.64, 1, 13, 96, 80184, 22431, 295, 39611, 1, '2016-11-16 07:33:35', '2016-11-16 07:33:35', NULL, 0.0, 0.0, 0.0, 2401, 0, 0);

INSERT INTO `meeting_individual_results` (`id`, `rank`, `is_play_off`, `is_out_of_race`, `is_disqualified`, `standard_points`, `meeting_individual_points`, `minutes`, `seconds`, `hundreds`, `meeting_program_id`, `swimmer_id`, `team_id`, `badge_id`, `user_id`, `created_at`, `updated_at`, `disqualification_code_type_id`, `goggle_cup_points`, `reaction_time`, `team_points`, `team_affiliation_id`, `is_personal_best`, `is_season_type_best`)
  VALUES (463035, 2, 1, 0, 0, 847.83, 847.83, 1, 16, 56, 80184, 7334, 219, 58716, 1, '2016-11-16 07:33:35', '2016-11-16 07:33:35', NULL, 0.0, 0.0, 0.0, 1739, 0, 0);

INSERT INTO `meeting_individual_results` (`id`, `rank`, `is_play_off`, `is_out_of_race`, `is_disqualified`, `standard_points`, `meeting_individual_points`, `minutes`, `seconds`, `hundreds`, `meeting_program_id`, `swimmer_id`, `team_id`, `badge_id`, `user_id`, `created_at`, `updated_at`, `disqualification_code_type_id`, `goggle_cup_points`, `reaction_time`, `team_points`, `team_affiliation_id`, `is_personal_best`, `is_season_type_best`)
  VALUES (463036, 3, 1, 0, 0, 810.87, 810.87, 1, 20, 5, 80184, 9773, 741, 55516, 1, '2016-11-16 07:33:35', '2016-11-16 07:33:35', NULL, 0.0, 0.0, 0.0, 1547, 0, 0);

INSERT INTO `meeting_individual_results` (`id`, `rank`, `is_play_off`, `is_out_of_race`, `is_disqualified`, `standard_points`, `meeting_individual_points`, `minutes`, `seconds`, `hundreds`, `meeting_program_id`, `swimmer_id`, `team_id`, `badge_id`, `user_id`, `created_at`, `updated_at`, `disqualification_code_type_id`, `goggle_cup_points`, `reaction_time`, `team_points`, `team_affiliation_id`, `is_personal_best`, `is_season_type_best`)
  VALUES (463037, 4, 1, 0, 0, 807.14, 807.14, 1, 20, 42, 80184, 11491, 219, 55178, 1, '2016-11-16 07:33:35', '2016-11-16 07:33:35', NULL, 0.0, 0.0, 0.0, 1739, 0, 0);

INSERT INTO `meeting_individual_results` (`id`, `rank`, `is_play_off`, `is_out_of_race`, `is_disqualified`, `standard_points`, `meeting_individual_points`, `minutes`, `seconds`, `hundreds`, `meeting_program_id`, `swimmer_id`, `team_id`, `badge_id`, `user_id`, `created_at`, `updated_at`, `disqualification_code_type_id`, `goggle_cup_points`, `reaction_time`, `team_points`, `team_affiliation_id`, `is_personal_best`, `is_season_type_best`)
  VALUES (463038, 5, 1, 0, 0, 801.46, 801.46, 1, 20, 99, 80184, 8161, 189, 40007, 1, '2016-11-16 07:33:35', '2016-11-16 07:33:35', NULL, 0.0, 0.0, 0.0, 1799, 0, 0);

INSERT INTO `meeting_individual_results` (`id`, `rank`, `is_play_off`, `is_out_of_race`, `is_disqualified`, `standard_points`, `meeting_individual_points`, `minutes`, `seconds`, `hundreds`, `meeting_program_id`, `swimmer_id`, `team_id`, `badge_id`, `user_id`, `created_at`, `updated_at`, `disqualification_code_type_id`, `goggle_cup_points`, `reaction_time`, `team_points`, `team_affiliation_id`, `is_personal_best`, `is_season_type_best`)
  VALUES (463039, 6, 1, 0, 0, 582.26, 582.26, 1, 51, 48, 80184, 9687, 741, 58619, 1, '2016-11-16 07:33:35', '2016-11-16 07:33:35', NULL, 0.0, 0.0, 0.0, 1547, 0, 0);

INSERT INTO `meeting_individual_results` (`id`, `rank`, `is_play_off`, `is_out_of_race`, `is_disqualified`, `standard_points`, `meeting_individual_points`, `minutes`, `seconds`, `hundreds`, `meeting_program_id`, `swimmer_id`, `team_id`, `badge_id`, `user_id`, `created_at`, `updated_at`, `disqualification_code_type_id`, `goggle_cup_points`, `reaction_time`, `team_points`, `team_affiliation_id`, `is_personal_best`, `is_season_type_best`)
  VALUES (463040, 1, 1, 0, 0, 801.55, 801.55, 1, 24, 0, 80185, 5231, 741, 55507, 1, '2016-11-16 07:33:35', '2016-11-16 07:33:35', NULL, 0.0, 0.0, 0.0, 1547, 0, 0);

INSERT INTO `meeting_individual_results` (`id`, `rank`, `is_play_off`, `is_out_of_race`, `is_disqualified`, `standard_points`, `meeting_individual_points`, `minutes`, `seconds`, `hundreds`, `meeting_program_id`, `swimmer_id`, `team_id`, `badge_id`, `user_id`, `created_at`, `updated_at`, `disqualification_code_type_id`, `goggle_cup_points`, `reaction_time`, `team_points`, `team_affiliation_id`, `is_personal_best`, `is_season_type_best`)
  VALUES (463041, 2, 1, 0, 0, 749.03, 749.03, 1, 29, 89, 80185, 9811, 219, 55222, 1, '2016-11-16 07:33:36', '2016-11-16 07:33:36', NULL, 0.0, 0.0, 0.0, 1739, 0, 0);

INSERT INTO `meeting_individual_results` (`id`, `rank`, `is_play_off`, `is_out_of_race`, `is_disqualified`, `standard_points`, `meeting_individual_points`, `minutes`, `seconds`, `hundreds`, `meeting_program_id`, `swimmer_id`, `team_id`, `badge_id`, `user_id`, `created_at`, `updated_at`, `disqualification_code_type_id`, `goggle_cup_points`, `reaction_time`, `team_points`, `team_affiliation_id`, `is_personal_best`, `is_season_type_best`)
  VALUES (463042, 3, 1, 0, 0, 674.24, 674.24, 1, 39, 86, 80185, 7388, 111, 59251, 1, '2016-11-16 07:33:36', '2016-11-16 07:33:36', NULL, 0.0, 0.0, 0.0, 1658, 0, 0);

INSERT INTO `meeting_individual_results` (`id`, `rank`, `is_play_off`, `is_out_of_race`, `is_disqualified`, `standard_points`, `meeting_individual_points`, `minutes`, `seconds`, `hundreds`, `meeting_program_id`, `swimmer_id`, `team_id`, `badge_id`, `user_id`, `created_at`, `updated_at`, `disqualification_code_type_id`, `goggle_cup_points`, `reaction_time`, `team_points`, `team_affiliation_id`, `is_personal_best`, `is_season_type_best`)
  VALUES (463043, 4, 1, 0, 0, 647.9, 647.9, 1, 43, 92, 80185, 7088, 219, 59353, 1, '2016-11-16 07:33:36', '2016-11-16 07:33:36', NULL, 0.0, 0.0, 0.0, 1739, 0, 0);

INSERT INTO `meeting_individual_results` (`id`, `rank`, `is_play_off`, `is_out_of_race`, `is_disqualified`, `standard_points`, `meeting_individual_points`, `minutes`, `seconds`, `hundreds`, `meeting_program_id`, `swimmer_id`, `team_id`, `badge_id`, `user_id`, `created_at`, `updated_at`, `disqualification_code_type_id`, `goggle_cup_points`, `reaction_time`, `team_points`, `team_affiliation_id`, `is_personal_best`, `is_season_type_best`)
  VALUES (463044, 1, 1, 0, 0, 446.77, 446.77, 3, 6, 92, 80186, 7170, 741, 59977, 1, '2016-11-16 07:33:36', '2016-11-16 07:33:36', NULL, 0.0, 0.0, 0.0, 1547, 0, 0);

INSERT INTO `meeting_individual_results` (`id`, `rank`, `is_play_off`, `is_out_of_race`, `is_disqualified`, `standard_points`, `meeting_individual_points`, `minutes`, `seconds`, `hundreds`, `meeting_program_id`, `swimmer_id`, `team_id`, `badge_id`, `user_id`, `created_at`, `updated_at`, `disqualification_code_type_id`, `goggle_cup_points`, `reaction_time`, `team_points`, `team_affiliation_id`, `is_personal_best`, `is_season_type_best`)
  VALUES (463045, 1, 1, 0, 0, 0.0, 0.0, 1, 6, 59, 80187, 25668, 314, 55244, 1, '2016-11-16 07:33:36', '2016-11-16 07:33:36', NULL, 0.0, 0.0, 0.0, 1895, 0, 0);

INSERT INTO `meeting_individual_results` (`id`, `rank`, `is_play_off`, `is_out_of_race`, `is_disqualified`, `standard_points`, `meeting_individual_points`, `minutes`, `seconds`, `hundreds`, `meeting_program_id`, `swimmer_id`, `team_id`, `badge_id`, `user_id`, `created_at`, `updated_at`, `disqualification_code_type_id`, `goggle_cup_points`, `reaction_time`, `team_points`, `team_affiliation_id`, `is_personal_best`, `is_season_type_best`)
  VALUES (463046, 2, 1, 0, 0, 0.0, 0.0, 1, 10, 35, 80187, 27224, 880, 55224, 1, '2016-11-16 07:33:36', '2016-11-16 07:33:36', NULL, 0.0, 0.0, 0.0, 1979, 0, 0);

INSERT INTO `meeting_individual_results` (`id`, `rank`, `is_play_off`, `is_out_of_race`, `is_disqualified`, `standard_points`, `meeting_individual_points`, `minutes`, `seconds`, `hundreds`, `meeting_program_id`, `swimmer_id`, `team_id`, `badge_id`, `user_id`, `created_at`, `updated_at`, `disqualification_code_type_id`, `goggle_cup_points`, `reaction_time`, `team_points`, `team_affiliation_id`, `is_personal_best`, `is_season_type_best`)
  VALUES (463047, 3, 1, 0, 0, 0.0, 0.0, 1, 14, 46, 80187, 27221, 880, 55226, 1, '2016-11-16 07:33:36', '2016-11-16 07:33:36', NULL, 0.0, 0.0, 0.0, 1979, 0, 0);

INSERT INTO `meeting_individual_results` (`id`, `rank`, `is_play_off`, `is_out_of_race`, `is_disqualified`, `standard_points`, `meeting_individual_points`, `minutes`, `seconds`, `hundreds`, `meeting_program_id`, `swimmer_id`, `team_id`, `badge_id`, `user_id`, `created_at`, `updated_at`, `disqualification_code_type_id`, `goggle_cup_points`, `reaction_time`, `team_points`, `team_affiliation_id`, `is_personal_best`, `is_season_type_best`)
  VALUES (463048, 1, 1, 0, 0, 743.13, 743.13, 1, 34, 64, 80188, 3722, 218, 36027, 1, '2016-11-16 07:33:36', '2016-11-16 07:33:36', NULL, 0.0, 0.0, 0.0, 1839, 0, 0);

INSERT INTO `meeting_individual_results` (`id`, `rank`, `is_play_off`, `is_out_of_race`, `is_disqualified`, `standard_points`, `meeting_individual_points`, `minutes`, `seconds`, `hundreds`, `meeting_program_id`, `swimmer_id`, `team_id`, `badge_id`, `user_id`, `created_at`, `updated_at`, `disqualification_code_type_id`, `goggle_cup_points`, `reaction_time`, `team_points`, `team_affiliation_id`, `is_personal_best`, `is_season_type_best`)
  VALUES (463049, 1, 1, 0, 0, 848.82, 848.82, 1, 13, 82, 80189, 20950, 54, 32446, 1, '2016-11-16 07:33:36', '2016-11-16 07:33:36', NULL, 0.0, 0.0, 0.0, 1572, 0, 0);

INSERT INTO `meeting_individual_results` (`id`, `rank`, `is_play_off`, `is_out_of_race`, `is_disqualified`, `standard_points`, `meeting_individual_points`, `minutes`, `seconds`, `hundreds`, `meeting_program_id`, `swimmer_id`, `team_id`, `badge_id`, `user_id`, `created_at`, `updated_at`, `disqualification_code_type_id`, `goggle_cup_points`, `reaction_time`, `team_points`, `team_affiliation_id`, `is_personal_best`, `is_season_type_best`)
  VALUES (463050, 2, 1, 0, 0, 818.87, 818.87, 1, 16, 52, 80189, 3692, 218, 36063, 1, '2016-11-16 07:33:36', '2016-11-16 07:33:36', NULL, 0.0, 0.0, 0.0, 1839, 0, 0);

INSERT INTO `meeting_individual_results` (`id`, `rank`, `is_play_off`, `is_out_of_race`, `is_disqualified`, `standard_points`, `meeting_individual_points`, `minutes`, `seconds`, `hundreds`, `meeting_program_id`, `swimmer_id`, `team_id`, `badge_id`, `user_id`, `created_at`, `updated_at`, `disqualification_code_type_id`, `goggle_cup_points`, `reaction_time`, `team_points`, `team_affiliation_id`, `is_personal_best`, `is_season_type_best`)
  VALUES (463051, 3, 1, 0, 0, 766.48, 766.48, 1, 21, 75, 80189, 26751, 878, 60008, 1, '2016-11-16 07:33:36', '2016-11-16 07:33:36', NULL, 0.0, 0.0, 0.0, 1974, 0, 0);

INSERT INTO `meeting_individual_results` (`id`, `rank`, `is_play_off`, `is_out_of_race`, `is_disqualified`, `standard_points`, `meeting_individual_points`, `minutes`, `seconds`, `hundreds`, `meeting_program_id`, `swimmer_id`, `team_id`, `badge_id`, `user_id`, `created_at`, `updated_at`, `disqualification_code_type_id`, `goggle_cup_points`, `reaction_time`, `team_points`, `team_affiliation_id`, `is_personal_best`, `is_season_type_best`)
  VALUES (463052, 4, 1, 0, 0, 639.45, 639.45, 1, 37, 99, 80189, 21171, 374, 33429, 1, '2016-11-16 07:33:36', '2016-11-16 07:33:36', NULL, 0.0, 0.0, 0.0, 1567, 0, 0);

INSERT INTO `meeting_individual_results` (`id`, `rank`, `is_play_off`, `is_out_of_race`, `is_disqualified`, `standard_points`, `meeting_individual_points`, `minutes`, `seconds`, `hundreds`, `meeting_program_id`, `swimmer_id`, `team_id`, `badge_id`, `user_id`, `created_at`, `updated_at`, `disqualification_code_type_id`, `goggle_cup_points`, `reaction_time`, `team_points`, `team_affiliation_id`, `is_personal_best`, `is_season_type_best`)
  VALUES (463053, 1, 1, 0, 0, 761.77, 761.77, 1, 25, 38, 80190, 6889, 54, 33233, 1, '2016-11-16 07:33:36', '2016-11-16 07:33:36', NULL, 0.0, 0.0, 0.0, 1572, 0, 0);

INSERT INTO `meeting_individual_results` (`id`, `rank`, `is_play_off`, `is_out_of_race`, `is_disqualified`, `standard_points`, `meeting_individual_points`, `minutes`, `seconds`, `hundreds`, `meeting_program_id`, `swimmer_id`, `team_id`, `badge_id`, `user_id`, `created_at`, `updated_at`, `disqualification_code_type_id`, `goggle_cup_points`, `reaction_time`, `team_points`, `team_affiliation_id`, `is_personal_best`, `is_season_type_best`)
  VALUES (463054, 2, 1, 0, 0, 757.51, 757.51, 1, 25, 86, 80190, 7278, 218, 58632, 1, '2016-11-16 07:33:36', '2016-11-16 07:33:36', NULL, 0.0, 0.0, 0.0, 1839, 0, 0);

INSERT INTO `meeting_individual_results` (`id`, `rank`, `is_play_off`, `is_out_of_race`, `is_disqualified`, `standard_points`, `meeting_individual_points`, `minutes`, `seconds`, `hundreds`, `meeting_program_id`, `swimmer_id`, `team_id`, `badge_id`, `user_id`, `created_at`, `updated_at`, `disqualification_code_type_id`, `goggle_cup_points`, `reaction_time`, `team_points`, `team_affiliation_id`, `is_personal_best`, `is_season_type_best`)
  VALUES (463055, 3, 1, 0, 0, 673.57, 673.57, 1, 36, 56, 80190, 26950, 393, 55214, 1, '2016-11-16 07:33:36', '2016-11-16 07:33:36', NULL, 0.0, 0.0, 0.0, 1888, 0, 0);

INSERT INTO `meeting_individual_results` (`id`, `rank`, `is_play_off`, `is_out_of_race`, `is_disqualified`, `standard_points`, `meeting_individual_points`, `minutes`, `seconds`, `hundreds`, `meeting_program_id`, `swimmer_id`, `team_id`, `badge_id`, `user_id`, `created_at`, `updated_at`, `disqualification_code_type_id`, `goggle_cup_points`, `reaction_time`, `team_points`, `team_affiliation_id`, `is_personal_best`, `is_season_type_best`)
  VALUES (463056, 1, 1, 0, 0, 813.79, 813.79, 1, 24, 96, 80191, 4529, 275, 34253, 1, '2016-11-16 07:33:36', '2016-11-16 07:33:36', NULL, 0.0, 0.0, 0.0, 1723, 0, 0);

INSERT INTO `meeting_individual_results` (`id`, `rank`, `is_play_off`, `is_out_of_race`, `is_disqualified`, `standard_points`, `meeting_individual_points`, `minutes`, `seconds`, `hundreds`, `meeting_program_id`, `swimmer_id`, `team_id`, `badge_id`, `user_id`, `created_at`, `updated_at`, `disqualification_code_type_id`, `goggle_cup_points`, `reaction_time`, `team_points`, `team_affiliation_id`, `is_personal_best`, `is_season_type_best`)
  VALUES (463057, 2, 1, 0, 0, 695.78, 695.78, 1, 39, 37, 80191, 5513, 320, 32348, 1, '2016-11-16 07:33:36', '2016-11-16 07:33:36', NULL, 0.0, 0.0, 0.0, 1575, 0, 0);

INSERT INTO `meeting_individual_results` (`id`, `rank`, `is_play_off`, `is_out_of_race`, `is_disqualified`, `standard_points`, `meeting_individual_points`, `minutes`, `seconds`, `hundreds`, `meeting_program_id`, `swimmer_id`, `team_id`, `badge_id`, `user_id`, `created_at`, `updated_at`, `disqualification_code_type_id`, `goggle_cup_points`, `reaction_time`, `team_points`, `team_affiliation_id`, `is_personal_best`, `is_season_type_best`)
  VALUES (463058, 1, 1, 0, 0, 826.95, 826.95, 1, 26, 62, 80192, 3528, 189, 40308, 1, '2016-11-16 07:33:36', '2016-11-16 07:33:36', NULL, 0.0, 0.0, 0.0, 1799, 0, 0);

INSERT INTO `meeting_individual_results` (`id`, `rank`, `is_play_off`, `is_out_of_race`, `is_disqualified`, `standard_points`, `meeting_individual_points`, `minutes`, `seconds`, `hundreds`, `meeting_program_id`, `swimmer_id`, `team_id`, `badge_id`, `user_id`, `created_at`, `updated_at`, `disqualification_code_type_id`, `goggle_cup_points`, `reaction_time`, `team_points`, `team_affiliation_id`, `is_personal_best`, `is_season_type_best`)
  VALUES (463059, 2, 1, 0, 0, 752.26, 752.26, 1, 35, 22, 80192, 11488, 16, 55180, 1, '2016-11-16 07:33:37', '2016-11-16 07:33:37', NULL, 0.0, 0.0, 0.0, 2701, 0, 0);

INSERT INTO `meeting_individual_results` (`id`, `rank`, `is_play_off`, `is_out_of_race`, `is_disqualified`, `standard_points`, `meeting_individual_points`, `minutes`, `seconds`, `hundreds`, `meeting_program_id`, `swimmer_id`, `team_id`, `badge_id`, `user_id`, `created_at`, `updated_at`, `disqualification_code_type_id`, `goggle_cup_points`, `reaction_time`, `team_points`, `team_affiliation_id`, `is_personal_best`, `is_season_type_best`)
  VALUES (463060, 3, 1, 0, 0, 695.37, 695.37, 1, 43, 1, 80192, 5096, 716, 55138, 1, '2016-11-16 07:33:37', '2016-11-16 07:33:37', NULL, 0.0, 0.0, 0.0, 1563, 0, 0);

INSERT INTO `meeting_individual_results` (`id`, `rank`, `is_play_off`, `is_out_of_race`, `is_disqualified`, `standard_points`, `meeting_individual_points`, `minutes`, `seconds`, `hundreds`, `meeting_program_id`, `swimmer_id`, `team_id`, `badge_id`, `user_id`, `created_at`, `updated_at`, `disqualification_code_type_id`, `goggle_cup_points`, `reaction_time`, `team_points`, `team_affiliation_id`, `is_personal_best`, `is_season_type_best`)
  VALUES (463061, 1, 1, 0, 0, 810.04, 810.04, 1, 37, 2, 80193, 6819, 219, 37492, 1, '2016-11-16 07:33:37', '2016-11-16 07:33:37', NULL, 0.0, 0.0, 0.0, 1739, 0, 0);

INSERT INTO `meeting_individual_results` (`id`, `rank`, `is_play_off`, `is_out_of_race`, `is_disqualified`, `standard_points`, `meeting_individual_points`, `minutes`, `seconds`, `hundreds`, `meeting_program_id`, `swimmer_id`, `team_id`, `badge_id`, `user_id`, `created_at`, `updated_at`, `disqualification_code_type_id`, `goggle_cup_points`, `reaction_time`, `team_points`, `team_affiliation_id`, `is_personal_best`, `is_season_type_best`)
  VALUES (463062, 2, 1, 0, 0, 761.09, 761.09, 1, 43, 26, 80193, 17734, 219, 37495, 1, '2016-11-16 07:33:37', '2016-11-16 07:33:37', NULL, 0.0, 0.0, 0.0, 1739, 0, 0);

INSERT INTO `meeting_individual_results` (`id`, `rank`, `is_play_off`, `is_out_of_race`, `is_disqualified`, `standard_points`, `meeting_individual_points`, `minutes`, `seconds`, `hundreds`, `meeting_program_id`, `swimmer_id`, `team_id`, `badge_id`, `user_id`, `created_at`, `updated_at`, `disqualification_code_type_id`, `goggle_cup_points`, `reaction_time`, `team_points`, `team_affiliation_id`, `is_personal_best`, `is_season_type_best`)
  VALUES (463063, 1, 1, 0, 0, 688.56, 688.56, 1, 27, 8, 80194, 21836, 219, 37505, 1, '2016-11-16 07:33:37', '2016-11-16 07:33:37', NULL, 0.0, 0.0, 0.0, 1739, 0, 0);

INSERT INTO `meeting_individual_results` (`id`, `rank`, `is_play_off`, `is_out_of_race`, `is_disqualified`, `standard_points`, `meeting_individual_points`, `minutes`, `seconds`, `hundreds`, `meeting_program_id`, `swimmer_id`, `team_id`, `badge_id`, `user_id`, `created_at`, `updated_at`, `disqualification_code_type_id`, `goggle_cup_points`, `reaction_time`, `team_points`, `team_affiliation_id`, `is_personal_best`, `is_season_type_best`)
  VALUES (463064, 1, 1, 0, 0, 576.42, 576.42, 1, 47, 63, 80195, 5075, 320, 32256, 1, '2016-11-16 07:33:37', '2016-11-16 07:33:37', NULL, 0.0, 0.0, 0.0, 1575, 0, 0);

INSERT INTO `meeting_individual_results` (`id`, `rank`, `is_play_off`, `is_out_of_race`, `is_disqualified`, `standard_points`, `meeting_individual_points`, `minutes`, `seconds`, `hundreds`, `meeting_program_id`, `swimmer_id`, `team_id`, `badge_id`, `user_id`, `created_at`, `updated_at`, `disqualification_code_type_id`, `goggle_cup_points`, `reaction_time`, `team_points`, `team_affiliation_id`, `is_personal_best`, `is_season_type_best`)
  VALUES (463065, 1, 1, 0, 0, 789.06, 789.06, 1, 2, 53, 80196, 11545, 219, 47877, 1, '2016-11-16 07:33:37', '2016-11-16 07:33:37', NULL, 0.0, 0.0, 0.0, 1739, 0, 0);

INSERT INTO `meeting_individual_results` (`id`, `rank`, `is_play_off`, `is_out_of_race`, `is_disqualified`, `standard_points`, `meeting_individual_points`, `minutes`, `seconds`, `hundreds`, `meeting_program_id`, `swimmer_id`, `team_id`, `badge_id`, `user_id`, `created_at`, `updated_at`, `disqualification_code_type_id`, `goggle_cup_points`, `reaction_time`, `team_points`, `team_affiliation_id`, `is_personal_best`, `is_season_type_best`)
  VALUES (463066, 1, 1, 0, 0, 729.91, 729.91, 1, 8, 20, 80197, 3941, 218, 55098, 1, '2016-11-16 07:33:37', '2016-11-16 07:33:37', NULL, 0.0, 0.0, 0.0, 1839, 0, 0);

INSERT INTO `meeting_individual_results` (`id`, `rank`, `is_play_off`, `is_out_of_race`, `is_disqualified`, `standard_points`, `meeting_individual_points`, `minutes`, `seconds`, `hundreds`, `meeting_program_id`, `swimmer_id`, `team_id`, `badge_id`, `user_id`, `created_at`, `updated_at`, `disqualification_code_type_id`, `goggle_cup_points`, `reaction_time`, `team_points`, `team_affiliation_id`, `is_personal_best`, `is_season_type_best`)
  VALUES (463067, 1, 1, 0, 0, 725.0, 725.0, 1, 10, 29, 80198, 24797, 321, 46464, 1, '2016-11-16 07:33:37', '2016-11-16 07:33:37', NULL, 0.0, 0.0, 0.0, 1652, 0, 0);

INSERT INTO `meeting_individual_results` (`id`, `rank`, `is_play_off`, `is_out_of_race`, `is_disqualified`, `standard_points`, `meeting_individual_points`, `minutes`, `seconds`, `hundreds`, `meeting_program_id`, `swimmer_id`, `team_id`, `badge_id`, `user_id`, `created_at`, `updated_at`, `disqualification_code_type_id`, `goggle_cup_points`, `reaction_time`, `team_points`, `team_affiliation_id`, `is_personal_best`, `is_season_type_best`)
  VALUES (463068, 1, 1, 0, 0, 941.67, 941.67, 0, 55, 3, 80199, 19421, 54, 34137, 1, '2016-11-16 07:33:37', '2016-11-16 07:33:37', NULL, 0.0, 0.0, 0.0, 1572, 0, 0);

INSERT INTO `meeting_individual_results` (`id`, `rank`, `is_play_off`, `is_out_of_race`, `is_disqualified`, `standard_points`, `meeting_individual_points`, `minutes`, `seconds`, `hundreds`, `meeting_program_id`, `swimmer_id`, `team_id`, `badge_id`, `user_id`, `created_at`, `updated_at`, `disqualification_code_type_id`, `goggle_cup_points`, `reaction_time`, `team_points`, `team_affiliation_id`, `is_personal_best`, `is_season_type_best`)
  VALUES (463069, 2, 1, 0, 0, 727.2, 727.2, 1, 11, 26, 80199, 24282, 374, 45172, 1, '2016-11-16 07:33:37', '2016-11-16 07:33:37', NULL, 0.0, 0.0, 0.0, 1567, 0, 0);

INSERT INTO `meeting_individual_results` (`id`, `rank`, `is_play_off`, `is_out_of_race`, `is_disqualified`, `standard_points`, `meeting_individual_points`, `minutes`, `seconds`, `hundreds`, `meeting_program_id`, `swimmer_id`, `team_id`, `badge_id`, `user_id`, `created_at`, `updated_at`, `disqualification_code_type_id`, `goggle_cup_points`, `reaction_time`, `team_points`, `team_affiliation_id`, `is_personal_best`, `is_season_type_best`)
  VALUES (463070, 1, 1, 0, 0, 739.43, 739.43, 1, 11, 69, 80200, 26950, 393, 55214, 1, '2016-11-16 07:33:37', '2016-11-16 07:33:37', NULL, 0.0, 0.0, 0.0, 1888, 0, 0);

INSERT INTO `meeting_individual_results` (`id`, `rank`, `is_play_off`, `is_out_of_race`, `is_disqualified`, `standard_points`, `meeting_individual_points`, `minutes`, `seconds`, `hundreds`, `meeting_program_id`, `swimmer_id`, `team_id`, `badge_id`, `user_id`, `created_at`, `updated_at`, `disqualification_code_type_id`, `goggle_cup_points`, `reaction_time`, `team_points`, `team_affiliation_id`, `is_personal_best`, `is_season_type_best`)
  VALUES (463071, 2, 1, 0, 0, 736.35, 736.35, 1, 11, 99, 80200, 8174, 189, 40280, 1, '2016-11-16 07:33:37', '2016-11-16 07:33:37', NULL, 0.0, 0.0, 0.0, 1799, 0, 0);

INSERT INTO `meeting_individual_results` (`id`, `rank`, `is_play_off`, `is_out_of_race`, `is_disqualified`, `standard_points`, `meeting_individual_points`, `minutes`, `seconds`, `hundreds`, `meeting_program_id`, `swimmer_id`, `team_id`, `badge_id`, `user_id`, `created_at`, `updated_at`, `disqualification_code_type_id`, `goggle_cup_points`, `reaction_time`, `team_points`, `team_affiliation_id`, `is_personal_best`, `is_season_type_best`)
  VALUES (463072, 1, 1, 0, 0, 875.48, 875.48, 1, 2, 40, 80201, 21840, 54, 37375, 1, '2016-11-16 07:33:37', '2016-11-16 07:33:37', NULL, 0.0, 0.0, 0.0, 1572, 0, 0);

INSERT INTO `meeting_individual_results` (`id`, `rank`, `is_play_off`, `is_out_of_race`, `is_disqualified`, `standard_points`, `meeting_individual_points`, `minutes`, `seconds`, `hundreds`, `meeting_program_id`, `swimmer_id`, `team_id`, `badge_id`, `user_id`, `created_at`, `updated_at`, `disqualification_code_type_id`, `goggle_cup_points`, `reaction_time`, `team_points`, `team_affiliation_id`, `is_personal_best`, `is_season_type_best`)
  VALUES (463073, 2, 1, 0, 0, 797.4, 797.4, 1, 8, 51, 80201, 8077, 201, 40605, 1, '2016-11-16 07:33:37', '2016-11-16 07:33:37', NULL, 0.0, 0.0, 0.0, 1717, 0, 0);

INSERT INTO `meeting_individual_results` (`id`, `rank`, `is_play_off`, `is_out_of_race`, `is_disqualified`, `standard_points`, `meeting_individual_points`, `minutes`, `seconds`, `hundreds`, `meeting_program_id`, `swimmer_id`, `team_id`, `badge_id`, `user_id`, `created_at`, `updated_at`, `disqualification_code_type_id`, `goggle_cup_points`, `reaction_time`, `team_points`, `team_affiliation_id`, `is_personal_best`, `is_season_type_best`)
  VALUES (463074, 3, 1, 0, 0, 761.61, 761.61, 1, 11, 73, 80201, 3496, 189, 40156, 1, '2016-11-16 07:33:37', '2016-11-16 07:33:37', NULL, 0.0, 0.0, 0.0, 1799, 0, 0);

INSERT INTO `meeting_individual_results` (`id`, `rank`, `is_play_off`, `is_out_of_race`, `is_disqualified`, `standard_points`, `meeting_individual_points`, `minutes`, `seconds`, `hundreds`, `meeting_program_id`, `swimmer_id`, `team_id`, `badge_id`, `user_id`, `created_at`, `updated_at`, `disqualification_code_type_id`, `goggle_cup_points`, `reaction_time`, `team_points`, `team_affiliation_id`, `is_personal_best`, `is_season_type_best`)
  VALUES (463075, 4, 1, 0, 0, 683.9, 683.9, 1, 19, 88, 80201, 22802, 189, 40530, 1, '2016-11-16 07:33:38', '2016-11-16 07:33:38', NULL, 0.0, 0.0, 0.0, 1799, 0, 0);

INSERT INTO `meeting_individual_results` (`id`, `rank`, `is_play_off`, `is_out_of_race`, `is_disqualified`, `standard_points`, `meeting_individual_points`, `minutes`, `seconds`, `hundreds`, `meeting_program_id`, `swimmer_id`, `team_id`, `badge_id`, `user_id`, `created_at`, `updated_at`, `disqualification_code_type_id`, `goggle_cup_points`, `reaction_time`, `team_points`, `team_affiliation_id`, `is_personal_best`, `is_season_type_best`)
  VALUES (463076, 5, 1, 0, 0, 641.95, 641.95, 1, 25, 10, 80201, 27261, 219, 55338, 1, '2016-11-16 07:33:38', '2016-11-16 07:33:38', NULL, 0.0, 0.0, 0.0, 1739, 0, 0);

INSERT INTO `meeting_individual_results` (`id`, `rank`, `is_play_off`, `is_out_of_race`, `is_disqualified`, `standard_points`, `meeting_individual_points`, `minutes`, `seconds`, `hundreds`, `meeting_program_id`, `swimmer_id`, `team_id`, `badge_id`, `user_id`, `created_at`, `updated_at`, `disqualification_code_type_id`, `goggle_cup_points`, `reaction_time`, `team_points`, `team_affiliation_id`, `is_personal_best`, `is_season_type_best`)
  VALUES (463077, 1, 1, 0, 0, 826.33, 826.33, 1, 8, 52, 80202, 8161, 189, 40007, 1, '2016-11-16 07:33:38', '2016-11-16 07:33:38', NULL, 0.0, 0.0, 0.0, 1799, 0, 0);

INSERT INTO `meeting_individual_results` (`id`, `rank`, `is_play_off`, `is_out_of_race`, `is_disqualified`, `standard_points`, `meeting_individual_points`, `minutes`, `seconds`, `hundreds`, `meeting_program_id`, `swimmer_id`, `team_id`, `badge_id`, `user_id`, `created_at`, `updated_at`, `disqualification_code_type_id`, `goggle_cup_points`, `reaction_time`, `team_points`, `team_affiliation_id`, `is_personal_best`, `is_season_type_best`)
  VALUES (463078, 2, 1, 0, 0, 775.51, 775.51, 1, 13, 1, 80202, 11488, 16, 55180, 1, '2016-11-16 07:33:38', '2016-11-16 07:33:38', NULL, 0.0, 0.0, 0.0, 2701, 0, 0);

INSERT INTO `meeting_individual_results` (`id`, `rank`, `is_play_off`, `is_out_of_race`, `is_disqualified`, `standard_points`, `meeting_individual_points`, `minutes`, `seconds`, `hundreds`, `meeting_program_id`, `swimmer_id`, `team_id`, `badge_id`, `user_id`, `created_at`, `updated_at`, `disqualification_code_type_id`, `goggle_cup_points`, `reaction_time`, `team_points`, `team_affiliation_id`, `is_personal_best`, `is_season_type_best`)
  VALUES (463079, 1, 1, 0, 0, 606.33, 606.33, 1, 40, 54, 80203, 7076, 295, 58624, 1, '2016-11-16 07:33:38', '2016-11-16 07:33:38', NULL, 0.0, 0.0, 0.0, 2401, 0, 0);

INSERT INTO `meeting_individual_results` (`id`, `rank`, `is_play_off`, `is_out_of_race`, `is_disqualified`, `standard_points`, `meeting_individual_points`, `minutes`, `seconds`, `hundreds`, `meeting_program_id`, `swimmer_id`, `team_id`, `badge_id`, `user_id`, `created_at`, `updated_at`, `disqualification_code_type_id`, `goggle_cup_points`, `reaction_time`, `team_points`, `team_affiliation_id`, `is_personal_best`, `is_season_type_best`)
  VALUES (463080, 1, 1, 0, 0, 758.06, 758.06, 1, 25, 56, 80204, 6883, 374, 45190, 1, '2016-11-16 07:33:38', '2016-11-16 07:33:38', NULL, 0.0, 0.0, 0.0, 1567, 0, 0);

INSERT INTO `meeting_individual_results` (`id`, `rank`, `is_play_off`, `is_out_of_race`, `is_disqualified`, `standard_points`, `meeting_individual_points`, `minutes`, `seconds`, `hundreds`, `meeting_program_id`, `swimmer_id`, `team_id`, `badge_id`, `user_id`, `created_at`, `updated_at`, `disqualification_code_type_id`, `goggle_cup_points`, `reaction_time`, `team_points`, `team_affiliation_id`, `is_personal_best`, `is_season_type_best`)
  VALUES (463081, 2, 1, 0, 0, 457.05, 457.05, 2, 21, 91, 80204, 3719, 741, 46368, 1, '2016-11-16 07:33:38', '2016-11-16 07:33:38', NULL, 0.0, 0.0, 0.0, 1547, 0, 0);

INSERT INTO `meeting_individual_results` (`id`, `rank`, `is_play_off`, `is_out_of_race`, `is_disqualified`, `standard_points`, `meeting_individual_points`, `minutes`, `seconds`, `hundreds`, `meeting_program_id`, `swimmer_id`, `team_id`, `badge_id`, `user_id`, `created_at`, `updated_at`, `disqualification_code_type_id`, `goggle_cup_points`, `reaction_time`, `team_points`, `team_affiliation_id`, `is_personal_best`, `is_season_type_best`)
  VALUES (463082, 1, 1, 0, 0, 734.54, 734.54, 2, 49, 63, 80205, 16671, 189, 40616, 1, '2016-11-16 07:33:38', '2016-11-16 07:33:38', NULL, 0.0, 0.0, 0.0, 1799, 0, 0);

INSERT INTO `meeting_individual_results` (`id`, `rank`, `is_play_off`, `is_out_of_race`, `is_disqualified`, `standard_points`, `meeting_individual_points`, `minutes`, `seconds`, `hundreds`, `meeting_program_id`, `swimmer_id`, `team_id`, `badge_id`, `user_id`, `created_at`, `updated_at`, `disqualification_code_type_id`, `goggle_cup_points`, `reaction_time`, `team_points`, `team_affiliation_id`, `is_personal_best`, `is_season_type_best`)
  VALUES (463083, 1, 1, 0, 0, 902.45, 902.45, 2, 20, 14, 80206, 4919, 741, 33393, 1, '2016-11-16 07:33:38', '2016-11-16 07:33:38', NULL, 0.0, 0.0, 0.0, 1547, 0, 0);

INSERT INTO `meeting_individual_results` (`id`, `rank`, `is_play_off`, `is_out_of_race`, `is_disqualified`, `standard_points`, `meeting_individual_points`, `minutes`, `seconds`, `hundreds`, `meeting_program_id`, `swimmer_id`, `team_id`, `badge_id`, `user_id`, `created_at`, `updated_at`, `disqualification_code_type_id`, `goggle_cup_points`, `reaction_time`, `team_points`, `team_affiliation_id`, `is_personal_best`, `is_season_type_best`)
  VALUES (463084, 1, 1, 0, 0, 849.36, 849.36, 2, 31, 35, 80207, 10687, 189, 47578, 1, '2016-11-16 07:33:38', '2016-11-16 07:33:38', NULL, 0.0, 0.0, 0.0, 1799, 0, 0);

INSERT INTO `meeting_individual_results` (`id`, `rank`, `is_play_off`, `is_out_of_race`, `is_disqualified`, `standard_points`, `meeting_individual_points`, `minutes`, `seconds`, `hundreds`, `meeting_program_id`, `swimmer_id`, `team_id`, `badge_id`, `user_id`, `created_at`, `updated_at`, `disqualification_code_type_id`, `goggle_cup_points`, `reaction_time`, `team_points`, `team_affiliation_id`, `is_personal_best`, `is_season_type_best`)
  VALUES (463085, 2, 1, 0, 0, 674.63, 674.63, 3, 10, 55, 80207, 6711, 321, 45149, 1, '2016-11-16 07:33:38', '2016-11-16 07:33:38', NULL, 0.0, 0.0, 0.0, 1652, 0, 0);

INSERT INTO `meeting_individual_results` (`id`, `rank`, `is_play_off`, `is_out_of_race`, `is_disqualified`, `standard_points`, `meeting_individual_points`, `minutes`, `seconds`, `hundreds`, `meeting_program_id`, `swimmer_id`, `team_id`, `badge_id`, `user_id`, `created_at`, `updated_at`, `disqualification_code_type_id`, `goggle_cup_points`, `reaction_time`, `team_points`, `team_affiliation_id`, `is_personal_best`, `is_season_type_best`)
  VALUES (463086, 1, 1, 0, 0, 846.85, 846.85, 2, 35, 34, 80208, 1890, 716, 32872, 1, '2016-11-16 07:33:38', '2016-11-16 07:33:38', NULL, 0.0, 0.0, 0.0, 1563, 0, 0);

INSERT INTO `meeting_individual_results` (`id`, `rank`, `is_play_off`, `is_out_of_race`, `is_disqualified`, `standard_points`, `meeting_individual_points`, `minutes`, `seconds`, `hundreds`, `meeting_program_id`, `swimmer_id`, `team_id`, `badge_id`, `user_id`, `created_at`, `updated_at`, `disqualification_code_type_id`, `goggle_cup_points`, `reaction_time`, `team_points`, `team_affiliation_id`, `is_personal_best`, `is_season_type_best`)
  VALUES (463087, 1, 1, 0, 0, 555.35, 555.35, 4, 3, 7, 80209, 5075, 320, 32256, 1, '2016-11-16 07:33:38', '2016-11-16 07:33:38', NULL, 0.0, 0.0, 0.0, 1575, 0, 0);

INSERT INTO `meeting_individual_results` (`id`, `rank`, `is_play_off`, `is_out_of_race`, `is_disqualified`, `standard_points`, `meeting_individual_points`, `minutes`, `seconds`, `hundreds`, `meeting_program_id`, `swimmer_id`, `team_id`, `badge_id`, `user_id`, `created_at`, `updated_at`, `disqualification_code_type_id`, `goggle_cup_points`, `reaction_time`, `team_points`, `team_affiliation_id`, `is_personal_best`, `is_season_type_best`)
  VALUES (463088, 1, 1, 0, 0, 558.12, 558.12, 4, 17, 56, 80210, 22672, 189, 40507, 1, '2016-11-16 07:33:38', '2016-11-16 07:33:38', NULL, 0.0, 0.0, 0.0, 1799, 0, 0);

INSERT INTO `meeting_individual_results` (`id`, `rank`, `is_play_off`, `is_out_of_race`, `is_disqualified`, `standard_points`, `meeting_individual_points`, `minutes`, `seconds`, `hundreds`, `meeting_program_id`, `swimmer_id`, `team_id`, `badge_id`, `user_id`, `created_at`, `updated_at`, `disqualification_code_type_id`, `goggle_cup_points`, `reaction_time`, `team_points`, `team_affiliation_id`, `is_personal_best`, `is_season_type_best`)
  VALUES (463089, 1, 1, 0, 0, 791.95, 791.95, 2, 18, 43, 80211, 6715, 366, 55099, 1, '2016-11-16 07:33:38', '2016-11-16 07:33:38', NULL, 0.0, 0.0, 0.0, 2404, 0, 0);

INSERT INTO `meeting_individual_results` (`id`, `rank`, `is_play_off`, `is_out_of_race`, `is_disqualified`, `standard_points`, `meeting_individual_points`, `minutes`, `seconds`, `hundreds`, `meeting_program_id`, `swimmer_id`, `team_id`, `badge_id`, `user_id`, `created_at`, `updated_at`, `disqualification_code_type_id`, `goggle_cup_points`, `reaction_time`, `team_points`, `team_affiliation_id`, `is_personal_best`, `is_season_type_best`)
  VALUES (463090, 1, 1, 0, 0, 724.94, 724.94, 2, 36, 11, 80212, 28102, 878, 60009, 1, '2016-11-16 07:33:38', '2016-11-16 07:33:38', NULL, 0.0, 0.0, 0.0, 1974, 0, 0);

INSERT INTO `meeting_individual_results` (`id`, `rank`, `is_play_off`, `is_out_of_race`, `is_disqualified`, `standard_points`, `meeting_individual_points`, `minutes`, `seconds`, `hundreds`, `meeting_program_id`, `swimmer_id`, `team_id`, `badge_id`, `user_id`, `created_at`, `updated_at`, `disqualification_code_type_id`, `goggle_cup_points`, `reaction_time`, `team_points`, `team_affiliation_id`, `is_personal_best`, `is_season_type_best`)
  VALUES (463091, 2, 1, 0, 0, 658.81, 658.81, 2, 51, 78, 80212, 6706, 366, 55113, 1, '2016-11-16 07:33:38', '2016-11-16 07:33:38', NULL, 0.0, 0.0, 0.0, 2404, 0, 0);

INSERT INTO `meeting_individual_results` (`id`, `rank`, `is_play_off`, `is_out_of_race`, `is_disqualified`, `standard_points`, `meeting_individual_points`, `minutes`, `seconds`, `hundreds`, `meeting_program_id`, `swimmer_id`, `team_id`, `badge_id`, `user_id`, `created_at`, `updated_at`, `disqualification_code_type_id`, `goggle_cup_points`, `reaction_time`, `team_points`, `team_affiliation_id`, `is_personal_best`, `is_season_type_best`)
  VALUES (463092, 1, 1, 0, 0, 772.4, 772.4, 2, 28, 68, 80213, 1967, 716, 39815, 1, '2016-11-16 07:33:38', '2016-11-16 07:33:38', NULL, 0.0, 0.0, 0.0, 1563, 0, 0);

INSERT INTO `meeting_individual_results` (`id`, `rank`, `is_play_off`, `is_out_of_race`, `is_disqualified`, `standard_points`, `meeting_individual_points`, `minutes`, `seconds`, `hundreds`, `meeting_program_id`, `swimmer_id`, `team_id`, `badge_id`, `user_id`, `created_at`, `updated_at`, `disqualification_code_type_id`, `goggle_cup_points`, `reaction_time`, `team_points`, `team_affiliation_id`, `is_personal_best`, `is_season_type_best`)
  VALUES (463093, 2, 1, 0, 0, 635.95, 635.95, 3, 0, 58, 80213, 27890, 878, 60010, 1, '2016-11-16 07:33:39', '2016-11-16 07:33:39', NULL, 0.0, 0.0, 0.0, 1974, 0, 0);

INSERT INTO `meeting_individual_results` (`id`, `rank`, `is_play_off`, `is_out_of_race`, `is_disqualified`, `standard_points`, `meeting_individual_points`, `minutes`, `seconds`, `hundreds`, `meeting_program_id`, `swimmer_id`, `team_id`, `badge_id`, `user_id`, `created_at`, `updated_at`, `disqualification_code_type_id`, `goggle_cup_points`, `reaction_time`, `team_points`, `team_affiliation_id`, `is_personal_best`, `is_season_type_best`)
  VALUES (463094, 1, 1, 0, 0, 758.34, 758.34, 2, 33, 81, 80214, 9793, 716, 39816, 1, '2016-11-16 07:33:39', '2016-11-16 07:33:39', NULL, 0.0, 0.0, 0.0, 1563, 0, 0);

INSERT INTO `meeting_individual_results` (`id`, `rank`, `is_play_off`, `is_out_of_race`, `is_disqualified`, `standard_points`, `meeting_individual_points`, `minutes`, `seconds`, `hundreds`, `meeting_program_id`, `swimmer_id`, `team_id`, `badge_id`, `user_id`, `created_at`, `updated_at`, `disqualification_code_type_id`, `goggle_cup_points`, `reaction_time`, `team_points`, `team_affiliation_id`, `is_personal_best`, `is_season_type_best`)
  VALUES (463095, 2, 1, 0, 0, 750.53, 750.53, 2, 35, 41, 80214, 7239, 716, 58673, 1, '2016-11-16 07:33:39', '2016-11-16 07:33:39', NULL, 0.0, 0.0, 0.0, 1563, 0, 0);

INSERT INTO `meeting_individual_results` (`id`, `rank`, `is_play_off`, `is_out_of_race`, `is_disqualified`, `standard_points`, `meeting_individual_points`, `minutes`, `seconds`, `hundreds`, `meeting_program_id`, `swimmer_id`, `team_id`, `badge_id`, `user_id`, `created_at`, `updated_at`, `disqualification_code_type_id`, `goggle_cup_points`, `reaction_time`, `team_points`, `team_affiliation_id`, `is_personal_best`, `is_season_type_best`)
  VALUES (463096, 3, 1, 0, 0, 727.82, 727.82, 2, 40, 26, 80214, 7278, 218, 58632, 1, '2016-11-16 07:33:39', '2016-11-16 07:33:39', NULL, 0.0, 0.0, 0.0, 1839, 0, 0);

INSERT INTO `meeting_individual_results` (`id`, `rank`, `is_play_off`, `is_out_of_race`, `is_disqualified`, `standard_points`, `meeting_individual_points`, `minutes`, `seconds`, `hundreds`, `meeting_program_id`, `swimmer_id`, `team_id`, `badge_id`, `user_id`, `created_at`, `updated_at`, `disqualification_code_type_id`, `goggle_cup_points`, `reaction_time`, `team_points`, `team_affiliation_id`, `is_personal_best`, `is_season_type_best`)
  VALUES (463097, 4, 1, 0, 0, 626.12, 626.12, 3, 6, 29, 80214, 6776, 716, 32208, 1, '2016-11-16 07:33:39', '2016-11-16 07:33:39', NULL, 0.0, 0.0, 0.0, 1563, 0, 0);

INSERT INTO `meeting_individual_results` (`id`, `rank`, `is_play_off`, `is_out_of_race`, `is_disqualified`, `standard_points`, `meeting_individual_points`, `minutes`, `seconds`, `hundreds`, `meeting_program_id`, `swimmer_id`, `team_id`, `badge_id`, `user_id`, `created_at`, `updated_at`, `disqualification_code_type_id`, `goggle_cup_points`, `reaction_time`, `team_points`, `team_affiliation_id`, `is_personal_best`, `is_season_type_best`)
  VALUES (463098, 5, 1, 0, 0, 615.58, 615.58, 3, 9, 48, 80214, 4876, 716, 58709, 1, '2016-11-16 07:33:39', '2016-11-16 07:33:39', NULL, 0.0, 0.0, 0.0, 1563, 0, 0);

INSERT INTO `meeting_individual_results` (`id`, `rank`, `is_play_off`, `is_out_of_race`, `is_disqualified`, `standard_points`, `meeting_individual_points`, `minutes`, `seconds`, `hundreds`, `meeting_program_id`, `swimmer_id`, `team_id`, `badge_id`, `user_id`, `created_at`, `updated_at`, `disqualification_code_type_id`, `goggle_cup_points`, `reaction_time`, `team_points`, `team_affiliation_id`, `is_personal_best`, `is_season_type_best`)
  VALUES (463099, 1, 1, 0, 0, 768.16, 768.16, 2, 43, 0, 80215, 3709, 219, 37402, 1, '2016-11-16 07:33:39', '2016-11-16 07:33:39', NULL, 0.0, 0.0, 0.0, 1739, 0, 0);

INSERT INTO `meeting_individual_results` (`id`, `rank`, `is_play_off`, `is_out_of_race`, `is_disqualified`, `standard_points`, `meeting_individual_points`, `minutes`, `seconds`, `hundreds`, `meeting_program_id`, `swimmer_id`, `team_id`, `badge_id`, `user_id`, `created_at`, `updated_at`, `disqualification_code_type_id`, `goggle_cup_points`, `reaction_time`, `team_points`, `team_affiliation_id`, `is_personal_best`, `is_season_type_best`)
  VALUES (463100, 2, 1, 0, 0, 736.44, 736.44, 2, 50, 2, 80215, 9828, 404, 59994, 1, '2016-11-16 07:33:39', '2016-11-16 07:33:39', NULL, 0.0, 0.0, 0.0, 2752, 0, 0);

INSERT INTO `meeting_individual_results` (`id`, `rank`, `is_play_off`, `is_out_of_race`, `is_disqualified`, `standard_points`, `meeting_individual_points`, `minutes`, `seconds`, `hundreds`, `meeting_program_id`, `swimmer_id`, `team_id`, `badge_id`, `user_id`, `created_at`, `updated_at`, `disqualification_code_type_id`, `goggle_cup_points`, `reaction_time`, `team_points`, `team_affiliation_id`, `is_personal_best`, `is_season_type_best`)
  VALUES (463101, 1, 1, 0, 0, 972.89, 972.89, 2, 15, 2, 80216, 11451, 741, 33443, 1, '2016-11-16 07:33:39', '2016-11-16 07:33:39', NULL, 0.0, 0.0, 0.0, 1547, 0, 0);

INSERT INTO `meeting_individual_results` (`id`, `rank`, `is_play_off`, `is_out_of_race`, `is_disqualified`, `standard_points`, `meeting_individual_points`, `minutes`, `seconds`, `hundreds`, `meeting_program_id`, `swimmer_id`, `team_id`, `badge_id`, `user_id`, `created_at`, `updated_at`, `disqualification_code_type_id`, `goggle_cup_points`, `reaction_time`, `team_points`, `team_affiliation_id`, `is_personal_best`, `is_season_type_best`)
  VALUES (463102, 1, 1, 0, 0, 540.4, 540.4, 5, 0, 9, 80217, 7170, 741, 59977, 1, '2016-11-16 07:33:39', '2016-11-16 07:33:39', NULL, 0.0, 0.0, 0.0, 1547, 0, 0);

INSERT INTO `meeting_individual_results` (`id`, `rank`, `is_play_off`, `is_out_of_race`, `is_disqualified`, `standard_points`, `meeting_individual_points`, `minutes`, `seconds`, `hundreds`, `meeting_program_id`, `swimmer_id`, `team_id`, `badge_id`, `user_id`, `created_at`, `updated_at`, `disqualification_code_type_id`, `goggle_cup_points`, `reaction_time`, `team_points`, `team_affiliation_id`, `is_personal_best`, `is_season_type_best`)
  VALUES (463103, 1, 1, 0, 0, 901.78, 901.78, 4, 51, 78, 80218, 9833, 741, 47776, 1, '2016-11-16 07:33:39', '2016-11-16 07:33:39', NULL, 0.0, 0.0, 0.0, 1547, 0, 0);

INSERT INTO `meeting_individual_results` (`id`, `rank`, `is_play_off`, `is_out_of_race`, `is_disqualified`, `standard_points`, `meeting_individual_points`, `minutes`, `seconds`, `hundreds`, `meeting_program_id`, `swimmer_id`, `team_id`, `badge_id`, `user_id`, `created_at`, `updated_at`, `disqualification_code_type_id`, `goggle_cup_points`, `reaction_time`, `team_points`, `team_affiliation_id`, `is_personal_best`, `is_season_type_best`)
  VALUES (463104, 2, 1, 0, 0, 764.39, 764.39, 5, 44, 22, 80218, 8212, 953, 35331, 1, '2016-11-16 07:33:39', '2016-11-16 07:33:39', NULL, 0.0, 0.0, 0.0, 2730, 0, 0);

INSERT INTO `meeting_individual_results` (`id`, `rank`, `is_play_off`, `is_out_of_race`, `is_disqualified`, `standard_points`, `meeting_individual_points`, `minutes`, `seconds`, `hundreds`, `meeting_program_id`, `swimmer_id`, `team_id`, `badge_id`, `user_id`, `created_at`, `updated_at`, `disqualification_code_type_id`, `goggle_cup_points`, `reaction_time`, `team_points`, `team_affiliation_id`, `is_personal_best`, `is_season_type_best`)
  VALUES (463105, 3, 1, 0, 0, 745.68, 745.68, 5, 52, 86, 80218, 26752, 424, 59679, 1, '2016-11-16 07:33:39', '2016-11-16 07:33:39', NULL, 0.0, 0.0, 0.0, 2727, 0, 0);

INSERT INTO `meeting_individual_results` (`id`, `rank`, `is_play_off`, `is_out_of_race`, `is_disqualified`, `standard_points`, `meeting_individual_points`, `minutes`, `seconds`, `hundreds`, `meeting_program_id`, `swimmer_id`, `team_id`, `badge_id`, `user_id`, `created_at`, `updated_at`, `disqualification_code_type_id`, `goggle_cup_points`, `reaction_time`, `team_points`, `team_affiliation_id`, `is_personal_best`, `is_season_type_best`)
  VALUES (463106, 4, 1, 0, 0, 676.66, 676.66, 6, 28, 85, 80218, 1884, 716, 46364, 1, '2016-11-16 07:33:39', '2016-11-16 07:33:39', NULL, 0.0, 0.0, 0.0, 1563, 0, 0);

INSERT INTO `meeting_individual_results` (`id`, `rank`, `is_play_off`, `is_out_of_race`, `is_disqualified`, `standard_points`, `meeting_individual_points`, `minutes`, `seconds`, `hundreds`, `meeting_program_id`, `swimmer_id`, `team_id`, `badge_id`, `user_id`, `created_at`, `updated_at`, `disqualification_code_type_id`, `goggle_cup_points`, `reaction_time`, `team_points`, `team_affiliation_id`, `is_personal_best`, `is_season_type_best`)
  VALUES (463107, 1, 1, 0, 0, 937.59, 937.59, 4, 45, 19, 80219, 3974, 716, 55164, 1, '2016-11-16 07:33:39', '2016-11-16 07:33:39', NULL, 0.0, 0.0, 0.0, 1563, 0, 0);

INSERT INTO `meeting_individual_results` (`id`, `rank`, `is_play_off`, `is_out_of_race`, `is_disqualified`, `standard_points`, `meeting_individual_points`, `minutes`, `seconds`, `hundreds`, `meeting_program_id`, `swimmer_id`, `team_id`, `badge_id`, `user_id`, `created_at`, `updated_at`, `disqualification_code_type_id`, `goggle_cup_points`, `reaction_time`, `team_points`, `team_affiliation_id`, `is_personal_best`, `is_season_type_best`)
  VALUES (463108, 2, 1, 0, 0, 923.28, 923.28, 4, 49, 61, 80219, 4919, 741, 33393, 1, '2016-11-16 07:33:39', '2016-11-16 07:33:39', NULL, 0.0, 0.0, 0.0, 1547, 0, 0);

INSERT INTO `meeting_individual_results` (`id`, `rank`, `is_play_off`, `is_out_of_race`, `is_disqualified`, `standard_points`, `meeting_individual_points`, `minutes`, `seconds`, `hundreds`, `meeting_program_id`, `swimmer_id`, `team_id`, `badge_id`, `user_id`, `created_at`, `updated_at`, `disqualification_code_type_id`, `goggle_cup_points`, `reaction_time`, `team_points`, `team_affiliation_id`, `is_personal_best`, `is_season_type_best`)
  VALUES (463109, 3, 1, 0, 0, 689.91, 689.91, 6, 27, 57, 80219, 7202, 398, 60011, 1, '2016-11-16 07:33:40', '2016-11-16 07:33:40', NULL, 0.0, 0.0, 0.0, 2223, 0, 0);

INSERT INTO `meeting_individual_results` (`id`, `rank`, `is_play_off`, `is_out_of_race`, `is_disqualified`, `standard_points`, `meeting_individual_points`, `minutes`, `seconds`, `hundreds`, `meeting_program_id`, `swimmer_id`, `team_id`, `badge_id`, `user_id`, `created_at`, `updated_at`, `disqualification_code_type_id`, `goggle_cup_points`, `reaction_time`, `team_points`, `team_affiliation_id`, `is_personal_best`, `is_season_type_best`)
  VALUES (463110, 1, 1, 0, 0, 849.99, 849.99, 5, 18, 31, 80220, 10687, 189, 47578, 1, '2016-11-16 07:33:40', '2016-11-16 07:33:40', NULL, 0.0, 0.0, 0.0, 1799, 0, 0);

INSERT INTO `meeting_individual_results` (`id`, `rank`, `is_play_off`, `is_out_of_race`, `is_disqualified`, `standard_points`, `meeting_individual_points`, `minutes`, `seconds`, `hundreds`, `meeting_program_id`, `swimmer_id`, `team_id`, `badge_id`, `user_id`, `created_at`, `updated_at`, `disqualification_code_type_id`, `goggle_cup_points`, `reaction_time`, `team_points`, `team_affiliation_id`, `is_personal_best`, `is_season_type_best`)
  VALUES (463111, 2, 1, 0, 0, 681.96, 681.96, 6, 36, 74, 80220, 9804, 741, 55188, 1, '2016-11-16 07:33:40', '2016-11-16 07:33:40', NULL, 0.0, 0.0, 0.0, 1547, 0, 0);

INSERT INTO `meeting_individual_results` (`id`, `rank`, `is_play_off`, `is_out_of_race`, `is_disqualified`, `standard_points`, `meeting_individual_points`, `minutes`, `seconds`, `hundreds`, `meeting_program_id`, `swimmer_id`, `team_id`, `badge_id`, `user_id`, `created_at`, `updated_at`, `disqualification_code_type_id`, `goggle_cup_points`, `reaction_time`, `team_points`, `team_affiliation_id`, `is_personal_best`, `is_season_type_best`)
  VALUES (463112, 1, 1, 0, 0, 917.63, 917.63, 5, 4, 73, 80221, 22464, 219, 39578, 1, '2016-11-16 07:33:40', '2016-11-16 07:33:40', NULL, 0.0, 0.0, 0.0, 1739, 0, 0);

INSERT INTO `meeting_individual_results` (`id`, `rank`, `is_play_off`, `is_out_of_race`, `is_disqualified`, `standard_points`, `meeting_individual_points`, `minutes`, `seconds`, `hundreds`, `meeting_program_id`, `swimmer_id`, `team_id`, `badge_id`, `user_id`, `created_at`, `updated_at`, `disqualification_code_type_id`, `goggle_cup_points`, `reaction_time`, `team_points`, `team_affiliation_id`, `is_personal_best`, `is_season_type_best`)
  VALUES (463113, 2, 1, 0, 0, 818.13, 818.13, 5, 41, 79, 80221, 21078, 741, 33005, 1, '2016-11-16 07:33:40', '2016-11-16 07:33:40', NULL, 0.0, 0.0, 0.0, 1547, 0, 0);

INSERT INTO `meeting_individual_results` (`id`, `rank`, `is_play_off`, `is_out_of_race`, `is_disqualified`, `standard_points`, `meeting_individual_points`, `minutes`, `seconds`, `hundreds`, `meeting_program_id`, `swimmer_id`, `team_id`, `badge_id`, `user_id`, `created_at`, `updated_at`, `disqualification_code_type_id`, `goggle_cup_points`, `reaction_time`, `team_points`, `team_affiliation_id`, `is_personal_best`, `is_season_type_best`)
  VALUES (463114, 3, 1, 0, 0, 788.73, 788.73, 5, 54, 53, 80221, 6165, 741, 33206, 1, '2016-11-16 07:33:40', '2016-11-16 07:33:40', NULL, 0.0, 0.0, 0.0, 1547, 0, 0);

INSERT INTO `meeting_individual_results` (`id`, `rank`, `is_play_off`, `is_out_of_race`, `is_disqualified`, `standard_points`, `meeting_individual_points`, `minutes`, `seconds`, `hundreds`, `meeting_program_id`, `swimmer_id`, `team_id`, `badge_id`, `user_id`, `created_at`, `updated_at`, `disqualification_code_type_id`, `goggle_cup_points`, `reaction_time`, `team_points`, `team_affiliation_id`, `is_personal_best`, `is_season_type_best`)
  VALUES (463115, 4, 1, 0, 0, 717.79, 717.79, 6, 29, 57, 80221, 27810, 741, 58641, 1, '2016-11-16 07:33:40', '2016-11-16 07:33:40', NULL, 0.0, 0.0, 0.0, 1547, 0, 0);

INSERT INTO `meeting_individual_results` (`id`, `rank`, `is_play_off`, `is_out_of_race`, `is_disqualified`, `standard_points`, `meeting_individual_points`, `minutes`, `seconds`, `hundreds`, `meeting_program_id`, `swimmer_id`, `team_id`, `badge_id`, `user_id`, `created_at`, `updated_at`, `disqualification_code_type_id`, `goggle_cup_points`, `reaction_time`, `team_points`, `team_affiliation_id`, `is_personal_best`, `is_season_type_best`)
  VALUES (463116, 1, 1, 0, 0, 787.42, 787.42, 6, 0, 95, 80222, 16697, 716, 33208, 1, '2016-11-16 07:33:40', '2016-11-16 07:33:40', NULL, 0.0, 0.0, 0.0, 1563, 0, 0);

INSERT INTO `meeting_individual_results` (`id`, `rank`, `is_play_off`, `is_out_of_race`, `is_disqualified`, `standard_points`, `meeting_individual_points`, `minutes`, `seconds`, `hundreds`, `meeting_program_id`, `swimmer_id`, `team_id`, `badge_id`, `user_id`, `created_at`, `updated_at`, `disqualification_code_type_id`, `goggle_cup_points`, `reaction_time`, `team_points`, `team_affiliation_id`, `is_personal_best`, `is_season_type_best`)
  VALUES (463117, 1, 1, 0, 0, 558.87, 558.87, 9, 0, 32, 80223, 22672, 189, 40507, 1, '2016-11-16 07:33:40', '2016-11-16 07:33:40', NULL, 0.0, 0.0, 0.0, 1799, 0, 0);

INSERT INTO `meeting_individual_results` (`id`, `rank`, `is_play_off`, `is_out_of_race`, `is_disqualified`, `standard_points`, `meeting_individual_points`, `minutes`, `seconds`, `hundreds`, `meeting_program_id`, `swimmer_id`, `team_id`, `badge_id`, `user_id`, `created_at`, `updated_at`, `disqualification_code_type_id`, `goggle_cup_points`, `reaction_time`, `team_points`, `team_affiliation_id`, `is_personal_best`, `is_season_type_best`)
  VALUES (463118, 1, 1, 0, 0, 769.08, 769.08, 6, 59, 23, 80224, 1909, 741, 32388, 1, '2016-11-16 07:33:40', '2016-11-16 07:33:40', NULL, 0.0, 0.0, 0.0, 1547, 0, 0);

INSERT INTO `meeting_individual_results` (`id`, `rank`, `is_play_off`, `is_out_of_race`, `is_disqualified`, `standard_points`, `meeting_individual_points`, `minutes`, `seconds`, `hundreds`, `meeting_program_id`, `swimmer_id`, `team_id`, `badge_id`, `user_id`, `created_at`, `updated_at`, `disqualification_code_type_id`, `goggle_cup_points`, `reaction_time`, `team_points`, `team_affiliation_id`, `is_personal_best`, `is_season_type_best`)
  VALUES (463119, 1, 1, 0, 0, 872.36, 872.36, 4, 38, 29, 80225, 3692, 218, 36063, 1, '2016-11-16 07:33:40', '2016-11-16 07:33:40', NULL, 0.0, 0.0, 0.0, 1839, 0, 0);

INSERT INTO `meeting_individual_results` (`id`, `rank`, `is_play_off`, `is_out_of_race`, `is_disqualified`, `standard_points`, `meeting_individual_points`, `minutes`, `seconds`, `hundreds`, `meeting_program_id`, `swimmer_id`, `team_id`, `badge_id`, `user_id`, `created_at`, `updated_at`, `disqualification_code_type_id`, `goggle_cup_points`, `reaction_time`, `team_points`, `team_affiliation_id`, `is_personal_best`, `is_season_type_best`)
  VALUES (463120, 2, 1, 0, 0, 864.23, 864.23, 4, 40, 91, 80225, 9902, 54, 37463, 1, '2016-11-16 07:33:40', '2016-11-16 07:33:40', NULL, 0.0, 0.0, 0.0, 1572, 0, 0);

INSERT INTO `meeting_individual_results` (`id`, `rank`, `is_play_off`, `is_out_of_race`, `is_disqualified`, `standard_points`, `meeting_individual_points`, `minutes`, `seconds`, `hundreds`, `meeting_program_id`, `swimmer_id`, `team_id`, `badge_id`, `user_id`, `created_at`, `updated_at`, `disqualification_code_type_id`, `goggle_cup_points`, `reaction_time`, `team_points`, `team_affiliation_id`, `is_personal_best`, `is_season_type_best`)
  VALUES (463121, 1, 1, 0, 0, 846.86, 846.86, 4, 48, 96, 80226, 3997, 716, 55204, 1, '2016-11-16 07:33:40', '2016-11-16 07:33:40', NULL, 0.0, 0.0, 0.0, 1563, 0, 0);

INSERT INTO `meeting_individual_results` (`id`, `rank`, `is_play_off`, `is_out_of_race`, `is_disqualified`, `standard_points`, `meeting_individual_points`, `minutes`, `seconds`, `hundreds`, `meeting_program_id`, `swimmer_id`, `team_id`, `badge_id`, `user_id`, `created_at`, `updated_at`, `disqualification_code_type_id`, `goggle_cup_points`, `reaction_time`, `team_points`, `team_affiliation_id`, `is_personal_best`, `is_season_type_best`)
  VALUES (463122, 2, 1, 0, 0, 828.09, 828.09, 4, 55, 51, 80226, 1948, 716, 47889, 1, '2016-11-16 07:33:40', '2016-11-16 07:33:40', NULL, 0.0, 0.0, 0.0, 1563, 0, 0);

INSERT INTO `meeting_individual_results` (`id`, `rank`, `is_play_off`, `is_out_of_race`, `is_disqualified`, `standard_points`, `meeting_individual_points`, `minutes`, `seconds`, `hundreds`, `meeting_program_id`, `swimmer_id`, `team_id`, `badge_id`, `user_id`, `created_at`, `updated_at`, `disqualification_code_type_id`, `goggle_cup_points`, `reaction_time`, `team_points`, `team_affiliation_id`, `is_personal_best`, `is_season_type_best`)
  VALUES (463123, 3, 1, 0, 0, 766.95, 766.95, 5, 19, 7, 80226, 1967, 716, 39815, 1, '2016-11-16 07:33:40', '2016-11-16 07:33:40', NULL, 0.0, 0.0, 0.0, 1563, 0, 0);

INSERT INTO `meeting_individual_results` (`id`, `rank`, `is_play_off`, `is_out_of_race`, `is_disqualified`, `standard_points`, `meeting_individual_points`, `minutes`, `seconds`, `hundreds`, `meeting_program_id`, `swimmer_id`, `team_id`, `badge_id`, `user_id`, `created_at`, `updated_at`, `disqualification_code_type_id`, `goggle_cup_points`, `reaction_time`, `team_points`, `team_affiliation_id`, `is_personal_best`, `is_season_type_best`)
  VALUES (463124, 4, 1, 0, 0, 730.52, 730.52, 5, 34, 98, 80226, 27800, 716, 59275, 1, '2016-11-16 07:33:40', '2016-11-16 07:33:40', NULL, 0.0, 0.0, 0.0, 1563, 0, 0);

INSERT INTO `meeting_individual_results` (`id`, `rank`, `is_play_off`, `is_out_of_race`, `is_disqualified`, `standard_points`, `meeting_individual_points`, `minutes`, `seconds`, `hundreds`, `meeting_program_id`, `swimmer_id`, `team_id`, `badge_id`, `user_id`, `created_at`, `updated_at`, `disqualification_code_type_id`, `goggle_cup_points`, `reaction_time`, `team_points`, `team_affiliation_id`, `is_personal_best`, `is_season_type_best`)
  VALUES (463125, 1, 1, 0, 0, 890.7, 890.7, 4, 42, 7, 80227, 17851, 741, 58705, 1, '2016-11-16 07:33:40', '2016-11-16 07:33:40', NULL, 0.0, 0.0, 0.0, 1547, 0, 0);

INSERT INTO `meeting_individual_results` (`id`, `rank`, `is_play_off`, `is_out_of_race`, `is_disqualified`, `standard_points`, `meeting_individual_points`, `minutes`, `seconds`, `hundreds`, `meeting_program_id`, `swimmer_id`, `team_id`, `badge_id`, `user_id`, `created_at`, `updated_at`, `disqualification_code_type_id`, `goggle_cup_points`, `reaction_time`, `team_points`, `team_affiliation_id`, `is_personal_best`, `is_season_type_best`)
  VALUES (463126, 2, 1, 0, 0, 884.99, 884.99, 4, 43, 89, 80227, 9897, 741, 47774, 1, '2016-11-16 07:33:40', '2016-11-16 07:33:40', NULL, 0.0, 0.0, 0.0, 1547, 0, 0);

INSERT INTO `meeting_individual_results` (`id`, `rank`, `is_play_off`, `is_out_of_race`, `is_disqualified`, `standard_points`, `meeting_individual_points`, `minutes`, `seconds`, `hundreds`, `meeting_program_id`, `swimmer_id`, `team_id`, `badge_id`, `user_id`, `created_at`, `updated_at`, `disqualification_code_type_id`, `goggle_cup_points`, `reaction_time`, `team_points`, `team_affiliation_id`, `is_personal_best`, `is_season_type_best`)
  VALUES (463127, 3, 1, 0, 0, 883.47, 883.47, 4, 44, 38, 80227, 11515, 741, 58631, 1, '2016-11-16 07:33:40', '2016-11-16 07:33:40', NULL, 0.0, 0.0, 0.0, 1547, 0, 0);

INSERT INTO `meeting_individual_results` (`id`, `rank`, `is_play_off`, `is_out_of_race`, `is_disqualified`, `standard_points`, `meeting_individual_points`, `minutes`, `seconds`, `hundreds`, `meeting_program_id`, `swimmer_id`, `team_id`, `badge_id`, `user_id`, `created_at`, `updated_at`, `disqualification_code_type_id`, `goggle_cup_points`, `reaction_time`, `team_points`, `team_affiliation_id`, `is_personal_best`, `is_season_type_best`)
  VALUES (463128, 4, 1, 0, 0, 739.72, 739.72, 5, 39, 64, 80227, 9793, 716, 39816, 1, '2016-11-16 07:33:41', '2016-11-16 07:33:41', NULL, 0.0, 0.0, 0.0, 1563, 0, 0);

INSERT INTO `meeting_individual_results` (`id`, `rank`, `is_play_off`, `is_out_of_race`, `is_disqualified`, `standard_points`, `meeting_individual_points`, `minutes`, `seconds`, `hundreds`, `meeting_program_id`, `swimmer_id`, `team_id`, `badge_id`, `user_id`, `created_at`, `updated_at`, `disqualification_code_type_id`, `goggle_cup_points`, `reaction_time`, `team_points`, `team_affiliation_id`, `is_personal_best`, `is_season_type_best`)
  VALUES (463129, 5, 1, 0, 0, 722.68, 722.68, 5, 47, 65, 80227, 7239, 716, 58673, 1, '2016-11-16 07:33:41', '2016-11-16 07:33:41', NULL, 0.0, 0.0, 0.0, 1563, 0, 0);

INSERT INTO `meeting_individual_results` (`id`, `rank`, `is_play_off`, `is_out_of_race`, `is_disqualified`, `standard_points`, `meeting_individual_points`, `minutes`, `seconds`, `hundreds`, `meeting_program_id`, `swimmer_id`, `team_id`, `badge_id`, `user_id`, `created_at`, `updated_at`, `disqualification_code_type_id`, `goggle_cup_points`, `reaction_time`, `team_points`, `team_affiliation_id`, `is_personal_best`, `is_season_type_best`)
  VALUES (463130, 6, 1, 0, 0, 721.87, 721.87, 5, 48, 4, 80227, 12731, 393, 37477, 1, '2016-11-16 07:33:41', '2016-11-16 07:33:41', NULL, 0.0, 0.0, 0.0, 1888, 0, 0);

INSERT INTO `meeting_individual_results` (`id`, `rank`, `is_play_off`, `is_out_of_race`, `is_disqualified`, `standard_points`, `meeting_individual_points`, `minutes`, `seconds`, `hundreds`, `meeting_program_id`, `swimmer_id`, `team_id`, `badge_id`, `user_id`, `created_at`, `updated_at`, `disqualification_code_type_id`, `goggle_cup_points`, `reaction_time`, `team_points`, `team_affiliation_id`, `is_personal_best`, `is_season_type_best`)
  VALUES (463131, 7, 1, 0, 0, 674.9, 674.9, 6, 12, 26, 80227, 4976, 76, 41871, 1, '2016-11-16 07:33:41', '2016-11-16 07:33:41', NULL, 0.0, 0.0, 0.0, 1606, 0, 0);

INSERT INTO `meeting_individual_results` (`id`, `rank`, `is_play_off`, `is_out_of_race`, `is_disqualified`, `standard_points`, `meeting_individual_points`, `minutes`, `seconds`, `hundreds`, `meeting_program_id`, `swimmer_id`, `team_id`, `badge_id`, `user_id`, `created_at`, `updated_at`, `disqualification_code_type_id`, `goggle_cup_points`, `reaction_time`, `team_points`, `team_affiliation_id`, `is_personal_best`, `is_season_type_best`)
  VALUES (463132, 8, 1, 0, 0, 668.16, 668.16, 6, 16, 2, 80227, 13134, 321, 32943, 1, '2016-11-16 07:33:41', '2016-11-16 07:33:41', NULL, 0.0, 0.0, 0.0, 1652, 0, 0);

INSERT INTO `meeting_individual_results` (`id`, `rank`, `is_play_off`, `is_out_of_race`, `is_disqualified`, `standard_points`, `meeting_individual_points`, `minutes`, `seconds`, `hundreds`, `meeting_program_id`, `swimmer_id`, `team_id`, `badge_id`, `user_id`, `created_at`, `updated_at`, `disqualification_code_type_id`, `goggle_cup_points`, `reaction_time`, `team_points`, `team_affiliation_id`, `is_personal_best`, `is_season_type_best`)
  VALUES (463133, 9, 1, 0, 0, 654.32, 654.32, 6, 23, 97, 80227, 9890, 609, 55332, 1, '2016-11-16 07:33:41', '2016-11-16 07:33:41', NULL, 0.0, 0.0, 0.0, 1692, 0, 0);

INSERT INTO `meeting_individual_results` (`id`, `rank`, `is_play_off`, `is_out_of_race`, `is_disqualified`, `standard_points`, `meeting_individual_points`, `minutes`, `seconds`, `hundreds`, `meeting_program_id`, `swimmer_id`, `team_id`, `badge_id`, `user_id`, `created_at`, `updated_at`, `disqualification_code_type_id`, `goggle_cup_points`, `reaction_time`, `team_points`, `team_affiliation_id`, `is_personal_best`, `is_season_type_best`)
  VALUES (463134, 10, 1, 0, 0, 649.72, 649.72, 6, 26, 69, 80227, 9723, 609, 55333, 1, '2016-11-16 07:33:41', '2016-11-16 07:33:41', NULL, 0.0, 0.0, 0.0, 1692, 0, 0);

INSERT INTO `meeting_individual_results` (`id`, `rank`, `is_play_off`, `is_out_of_race`, `is_disqualified`, `standard_points`, `meeting_individual_points`, `minutes`, `seconds`, `hundreds`, `meeting_program_id`, `swimmer_id`, `team_id`, `badge_id`, `user_id`, `created_at`, `updated_at`, `disqualification_code_type_id`, `goggle_cup_points`, `reaction_time`, `team_points`, `team_affiliation_id`, `is_personal_best`, `is_season_type_best`)
  VALUES (463135, 11, 1, 0, 0, 468.24, 468.24, 8, 56, 56, 80227, 3705, 741, 46367, 1, '2016-11-16 07:33:41', '2016-11-16 07:33:41', NULL, 0.0, 0.0, 0.0, 1547, 0, 0);

INSERT INTO `meeting_individual_results` (`id`, `rank`, `is_play_off`, `is_out_of_race`, `is_disqualified`, `standard_points`, `meeting_individual_points`, `minutes`, `seconds`, `hundreds`, `meeting_program_id`, `swimmer_id`, `team_id`, `badge_id`, `user_id`, `created_at`, `updated_at`, `disqualification_code_type_id`, `goggle_cup_points`, `reaction_time`, `team_points`, `team_affiliation_id`, `is_personal_best`, `is_season_type_best`)
  VALUES (463136, 1, 1, 0, 0, 874.73, 874.73, 4, 55, 69, 80228, 17922, 219, 58727, 1, '2016-11-16 07:33:41', '2016-11-16 07:33:41', NULL, 0.0, 0.0, 0.0, 1739, 0, 0);

INSERT INTO `meeting_individual_results` (`id`, `rank`, `is_play_off`, `is_out_of_race`, `is_disqualified`, `standard_points`, `meeting_individual_points`, `minutes`, `seconds`, `hundreds`, `meeting_program_id`, `swimmer_id`, `team_id`, `badge_id`, `user_id`, `created_at`, `updated_at`, `disqualification_code_type_id`, `goggle_cup_points`, `reaction_time`, `team_points`, `team_affiliation_id`, `is_personal_best`, `is_season_type_best`)
  VALUES (463137, 2, 1, 0, 0, 819.81, 819.81, 5, 15, 50, 80228, 4944, 741, 59663, 1, '2016-11-16 07:33:41', '2016-11-16 07:33:41', NULL, 0.0, 0.0, 0.0, 1547, 0, 0);

INSERT INTO `meeting_individual_results` (`id`, `rank`, `is_play_off`, `is_out_of_race`, `is_disqualified`, `standard_points`, `meeting_individual_points`, `minutes`, `seconds`, `hundreds`, `meeting_program_id`, `swimmer_id`, `team_id`, `badge_id`, `user_id`, `created_at`, `updated_at`, `disqualification_code_type_id`, `goggle_cup_points`, `reaction_time`, `team_points`, `team_affiliation_id`, `is_personal_best`, `is_season_type_best`)
  VALUES (463138, 3, 1, 0, 0, 791.32, 791.32, 5, 26, 86, 80228, 11441, 393, 47871, 1, '2016-11-16 07:33:41', '2016-11-16 07:33:41', NULL, 0.0, 0.0, 0.0, 1888, 0, 0);

INSERT INTO `meeting_individual_results` (`id`, `rank`, `is_play_off`, `is_out_of_race`, `is_disqualified`, `standard_points`, `meeting_individual_points`, `minutes`, `seconds`, `hundreds`, `meeting_program_id`, `swimmer_id`, `team_id`, `badge_id`, `user_id`, `created_at`, `updated_at`, `disqualification_code_type_id`, `goggle_cup_points`, `reaction_time`, `team_points`, `team_affiliation_id`, `is_personal_best`, `is_season_type_best`)
  VALUES (463139, 4, 1, 0, 0, 785.69, 785.69, 5, 29, 20, 80228, 28101, 988, 60012, 1, '2016-11-16 07:33:41', '2016-11-16 07:33:41', NULL, 0.0, 0.0, 0.0, 2720, 0, 0);

INSERT INTO `meeting_individual_results` (`id`, `rank`, `is_play_off`, `is_out_of_race`, `is_disqualified`, `standard_points`, `meeting_individual_points`, `minutes`, `seconds`, `hundreds`, `meeting_program_id`, `swimmer_id`, `team_id`, `badge_id`, `user_id`, `created_at`, `updated_at`, `disqualification_code_type_id`, `goggle_cup_points`, `reaction_time`, `team_points`, `team_affiliation_id`, `is_personal_best`, `is_season_type_best`)
  VALUES (463140, 5, 1, 0, 0, 764.29, 764.29, 5, 38, 42, 80228, 8417, 189, 36156, 1, '2016-11-16 07:33:41', '2016-11-16 07:33:41', NULL, 0.0, 0.0, 0.0, 1799, 0, 0);

INSERT INTO `meeting_individual_results` (`id`, `rank`, `is_play_off`, `is_out_of_race`, `is_disqualified`, `standard_points`, `meeting_individual_points`, `minutes`, `seconds`, `hundreds`, `meeting_program_id`, `swimmer_id`, `team_id`, `badge_id`, `user_id`, `created_at`, `updated_at`, `disqualification_code_type_id`, `goggle_cup_points`, `reaction_time`, `team_points`, `team_affiliation_id`, `is_personal_best`, `is_season_type_best`)
  VALUES (463141, 6, 1, 0, 0, 760.2, 760.2, 5, 40, 24, 80228, 6777, 16, 48079, 1, '2016-11-16 07:33:41', '2016-11-16 07:33:41', NULL, 0.0, 0.0, 0.0, 2701, 0, 0);

INSERT INTO `meeting_individual_results` (`id`, `rank`, `is_play_off`, `is_out_of_race`, `is_disqualified`, `standard_points`, `meeting_individual_points`, `minutes`, `seconds`, `hundreds`, `meeting_program_id`, `swimmer_id`, `team_id`, `badge_id`, `user_id`, `created_at`, `updated_at`, `disqualification_code_type_id`, `goggle_cup_points`, `reaction_time`, `team_points`, `team_affiliation_id`, `is_personal_best`, `is_season_type_best`)
  VALUES (463142, 7, 1, 0, 0, 735.28, 735.28, 5, 51, 77, 80228, 27965, 988, 59359, 1, '2016-11-16 07:33:41', '2016-11-16 07:33:41', NULL, 0.0, 0.0, 0.0, 2720, 0, 0);

INSERT INTO `meeting_individual_results` (`id`, `rank`, `is_play_off`, `is_out_of_race`, `is_disqualified`, `standard_points`, `meeting_individual_points`, `minutes`, `seconds`, `hundreds`, `meeting_program_id`, `swimmer_id`, `team_id`, `badge_id`, `user_id`, `created_at`, `updated_at`, `disqualification_code_type_id`, `goggle_cup_points`, `reaction_time`, `team_points`, `team_affiliation_id`, `is_personal_best`, `is_season_type_best`)
  VALUES (463143, 8, 1, 0, 0, 698.34, 698.34, 6, 10, 38, 80228, 1998, 716, 33238, 1, '2016-11-16 07:33:41', '2016-11-16 07:33:41', NULL, 0.0, 0.0, 0.0, 1563, 0, 0);

INSERT INTO `meeting_individual_results` (`id`, `rank`, `is_play_off`, `is_out_of_race`, `is_disqualified`, `standard_points`, `meeting_individual_points`, `minutes`, `seconds`, `hundreds`, `meeting_program_id`, `swimmer_id`, `team_id`, `badge_id`, `user_id`, `created_at`, `updated_at`, `disqualification_code_type_id`, `goggle_cup_points`, `reaction_time`, `team_points`, `team_affiliation_id`, `is_personal_best`, `is_season_type_best`)
  VALUES (463144, 9, 1, 0, 0, 638.36, 638.36, 6, 45, 18, 80228, 22802, 189, 40530, 1, '2016-11-16 07:33:41', '2016-11-16 07:33:41', NULL, 0.0, 0.0, 0.0, 1799, 0, 0);

INSERT INTO `meeting_individual_results` (`id`, `rank`, `is_play_off`, `is_out_of_race`, `is_disqualified`, `standard_points`, `meeting_individual_points`, `minutes`, `seconds`, `hundreds`, `meeting_program_id`, `swimmer_id`, `team_id`, `badge_id`, `user_id`, `created_at`, `updated_at`, `disqualification_code_type_id`, `goggle_cup_points`, `reaction_time`, `team_points`, `team_affiliation_id`, `is_personal_best`, `is_season_type_best`)
  VALUES (463145, 10, 1, 0, 0, 601.13, 601.13, 7, 10, 27, 80228, 27261, 219, 55338, 1, '2016-11-16 07:33:42', '2016-11-16 07:33:42', NULL, 0.0, 0.0, 0.0, 1739, 0, 0);

INSERT INTO `meeting_individual_results` (`id`, `rank`, `is_play_off`, `is_out_of_race`, `is_disqualified`, `standard_points`, `meeting_individual_points`, `minutes`, `seconds`, `hundreds`, `meeting_program_id`, `swimmer_id`, `team_id`, `badge_id`, `user_id`, `created_at`, `updated_at`, `disqualification_code_type_id`, `goggle_cup_points`, `reaction_time`, `team_points`, `team_affiliation_id`, `is_personal_best`, `is_season_type_best`)
  VALUES (463146, 1, 1, 0, 0, 854.86, 854.86, 5, 16, 58, 80229, 22431, 295, 39611, 1, '2016-11-16 07:33:42', '2016-11-16 07:33:42', NULL, 0.0, 0.0, 0.0, 2401, 0, 0);

INSERT INTO `meeting_individual_results` (`id`, `rank`, `is_play_off`, `is_out_of_race`, `is_disqualified`, `standard_points`, `meeting_individual_points`, `minutes`, `seconds`, `hundreds`, `meeting_program_id`, `swimmer_id`, `team_id`, `badge_id`, `user_id`, `created_at`, `updated_at`, `disqualification_code_type_id`, `goggle_cup_points`, `reaction_time`, `team_points`, `team_affiliation_id`, `is_personal_best`, `is_season_type_best`)
  VALUES (463147, 2, 1, 0, 0, 849.76, 849.76, 5, 18, 48, 80229, 6193, 741, 58634, 1, '2016-11-16 07:33:42', '2016-11-16 07:33:42', NULL, 0.0, 0.0, 0.0, 1547, 0, 0);

INSERT INTO `meeting_individual_results` (`id`, `rank`, `is_play_off`, `is_out_of_race`, `is_disqualified`, `standard_points`, `meeting_individual_points`, `minutes`, `seconds`, `hundreds`, `meeting_program_id`, `swimmer_id`, `team_id`, `badge_id`, `user_id`, `created_at`, `updated_at`, `disqualification_code_type_id`, `goggle_cup_points`, `reaction_time`, `team_points`, `team_affiliation_id`, `is_personal_best`, `is_season_type_best`)
  VALUES (463148, 3, 1, 0, 0, 776.2, 776.2, 5, 48, 66, 80229, 3709, 219, 37402, 1, '2016-11-16 07:33:42', '2016-11-16 07:33:42', NULL, 0.0, 0.0, 0.0, 1739, 0, 0);

INSERT INTO `meeting_individual_results` (`id`, `rank`, `is_play_off`, `is_out_of_race`, `is_disqualified`, `standard_points`, `meeting_individual_points`, `minutes`, `seconds`, `hundreds`, `meeting_program_id`, `swimmer_id`, `team_id`, `badge_id`, `user_id`, `created_at`, `updated_at`, `disqualification_code_type_id`, `goggle_cup_points`, `reaction_time`, `team_points`, `team_affiliation_id`, `is_personal_best`, `is_season_type_best`)
  VALUES (463149, 4, 1, 0, 0, 763.22, 763.22, 5, 54, 59, 80229, 3528, 189, 40308, 1, '2016-11-16 07:33:42', '2016-11-16 07:33:42', NULL, 0.0, 0.0, 0.0, 1799, 0, 0);

INSERT INTO `meeting_individual_results` (`id`, `rank`, `is_play_off`, `is_out_of_race`, `is_disqualified`, `standard_points`, `meeting_individual_points`, `minutes`, `seconds`, `hundreds`, `meeting_program_id`, `swimmer_id`, `team_id`, `badge_id`, `user_id`, `created_at`, `updated_at`, `disqualification_code_type_id`, `goggle_cup_points`, `reaction_time`, `team_points`, `team_affiliation_id`, `is_personal_best`, `is_season_type_best`)
  VALUES (463150, 5, 1, 0, 0, 660.12, 660.12, 6, 49, 97, 80229, 7942, 741, 58620, 1, '2016-11-16 07:33:42', '2016-11-16 07:33:42', NULL, 0.0, 0.0, 0.0, 1547, 0, 0);

INSERT INTO `meeting_individual_results` (`id`, `rank`, `is_play_off`, `is_out_of_race`, `is_disqualified`, `standard_points`, `meeting_individual_points`, `minutes`, `seconds`, `hundreds`, `meeting_program_id`, `swimmer_id`, `team_id`, `badge_id`, `user_id`, `created_at`, `updated_at`, `disqualification_code_type_id`, `goggle_cup_points`, `reaction_time`, `team_points`, `team_affiliation_id`, `is_personal_best`, `is_season_type_best`)
  VALUES (463151, 6, 1, 0, 0, 601.15, 601.15, 7, 30, 19, 80229, 3602, 527, 34247, 1, '2016-11-16 07:33:42', '2016-11-16 07:33:42', NULL, 0.0, 0.0, 0.0, 1718, 0, 0);

INSERT INTO `meeting_individual_results` (`id`, `rank`, `is_play_off`, `is_out_of_race`, `is_disqualified`, `standard_points`, `meeting_individual_points`, `minutes`, `seconds`, `hundreds`, `meeting_program_id`, `swimmer_id`, `team_id`, `badge_id`, `user_id`, `created_at`, `updated_at`, `disqualification_code_type_id`, `goggle_cup_points`, `reaction_time`, `team_points`, `team_affiliation_id`, `is_personal_best`, `is_season_type_best`)
  VALUES (463152, 1, 1, 0, 0, 1017.31, 1017.31, 4, 39, 7, 80230, 11451, 741, 33443, 1, '2016-11-16 07:33:42', '2016-11-16 07:33:42', NULL, 0.0, 0.0, 0.0, 1547, 0, 0);

INSERT INTO `meeting_individual_results` (`id`, `rank`, `is_play_off`, `is_out_of_race`, `is_disqualified`, `standard_points`, `meeting_individual_points`, `minutes`, `seconds`, `hundreds`, `meeting_program_id`, `swimmer_id`, `team_id`, `badge_id`, `user_id`, `created_at`, `updated_at`, `disqualification_code_type_id`, `goggle_cup_points`, `reaction_time`, `team_points`, `team_affiliation_id`, `is_personal_best`, `is_season_type_best`)
  VALUES (463153, 2, 1, 0, 0, 757.59, 757.59, 6, 14, 74, 80230, 9811, 219, 55222, 1, '2016-11-16 07:33:42', '2016-11-16 07:33:42', NULL, 0.0, 0.0, 0.0, 1739, 0, 0);

INSERT INTO `meeting_individual_results` (`id`, `rank`, `is_play_off`, `is_out_of_race`, `is_disqualified`, `standard_points`, `meeting_individual_points`, `minutes`, `seconds`, `hundreds`, `meeting_program_id`, `swimmer_id`, `team_id`, `badge_id`, `user_id`, `created_at`, `updated_at`, `disqualification_code_type_id`, `goggle_cup_points`, `reaction_time`, `team_points`, `team_affiliation_id`, `is_personal_best`, `is_season_type_best`)
  VALUES (463154, 3, 1, 0, 0, 687.29, 687.29, 6, 53, 7, 80230, 7088, 219, 59353, 1, '2016-11-16 07:33:42', '2016-11-16 07:33:42', NULL, 0.0, 0.0, 0.0, 1739, 0, 0);

INSERT INTO `meeting_individual_results` (`id`, `rank`, `is_play_off`, `is_out_of_race`, `is_disqualified`, `standard_points`, `meeting_individual_points`, `minutes`, `seconds`, `hundreds`, `meeting_program_id`, `swimmer_id`, `team_id`, `badge_id`, `user_id`, `created_at`, `updated_at`, `disqualification_code_type_id`, `goggle_cup_points`, `reaction_time`, `team_points`, `team_affiliation_id`, `is_personal_best`, `is_season_type_best`)
  VALUES (463155, 4, 1, 0, 0, 572.38, 572.38, 8, 16, 0, 80230, 21842, 219, 37491, 1, '2016-11-16 07:33:42', '2016-11-16 07:33:42', NULL, 0.0, 0.0, 0.0, 1739, 0, 0);

INSERT INTO `meeting_individual_results` (`id`, `rank`, `is_play_off`, `is_out_of_race`, `is_disqualified`, `standard_points`, `meeting_individual_points`, `minutes`, `seconds`, `hundreds`, `meeting_program_id`, `swimmer_id`, `team_id`, `badge_id`, `user_id`, `created_at`, `updated_at`, `disqualification_code_type_id`, `goggle_cup_points`, `reaction_time`, `team_points`, `team_affiliation_id`, `is_personal_best`, `is_season_type_best`)
  VALUES (463156, 1, 1, 0, 0, 681.97, 681.97, 7, 19, 1, 80231, 28103, 741, 60013, 1, '2016-11-16 07:33:42', '2016-11-16 07:33:42', NULL, 0.0, 0.0, 0.0, 1547, 0, 0);

INSERT INTO `meeting_individual_results` (`id`, `rank`, `is_play_off`, `is_out_of_race`, `is_disqualified`, `standard_points`, `meeting_individual_points`, `minutes`, `seconds`, `hundreds`, `meeting_program_id`, `swimmer_id`, `team_id`, `badge_id`, `user_id`, `created_at`, `updated_at`, `disqualification_code_type_id`, `goggle_cup_points`, `reaction_time`, `team_points`, `team_affiliation_id`, `is_personal_best`, `is_season_type_best`)
  VALUES (463157, 2, 1, 0, 0, 625.84, 625.84, 7, 58, 38, 80231, 27234, 219, 55183, 1, '2016-11-16 07:33:42', '2016-11-16 07:33:42', NULL, 0.0, 0.0, 0.0, 1739, 0, 0);

INSERT INTO `meeting_individual_results` (`id`, `rank`, `is_play_off`, `is_out_of_race`, `is_disqualified`, `standard_points`, `meeting_individual_points`, `minutes`, `seconds`, `hundreds`, `meeting_program_id`, `swimmer_id`, `team_id`, `badge_id`, `user_id`, `created_at`, `updated_at`, `disqualification_code_type_id`, `goggle_cup_points`, `reaction_time`, `team_points`, `team_affiliation_id`, `is_personal_best`, `is_season_type_best`)
  VALUES (463158, 1, 1, 0, 0, 772.1, 772.1, 6, 55, 1, 80232, 6883, 374, 45190, 1, '2016-11-16 07:33:42', '2016-11-16 07:33:42', NULL, 0.0, 0.0, 0.0, 1567, 0, 0);

INSERT INTO `meeting_individual_results` (`id`, `rank`, `is_play_off`, `is_out_of_race`, `is_disqualified`, `standard_points`, `meeting_individual_points`, `minutes`, `seconds`, `hundreds`, `meeting_program_id`, `swimmer_id`, `team_id`, `badge_id`, `user_id`, `created_at`, `updated_at`, `disqualification_code_type_id`, `goggle_cup_points`, `reaction_time`, `team_points`, `team_affiliation_id`, `is_personal_best`, `is_season_type_best`)
  VALUES (463159, 2, 1, 0, 0, 543.62, 543.62, 9, 49, 44, 80232, 3719, 741, 46368, 1, '2016-11-16 07:33:42', '2016-11-16 07:33:42', NULL, 0.0, 0.0, 0.0, 1547, 0, 0);

INSERT INTO `meeting_individual_results` (`id`, `rank`, `is_play_off`, `is_out_of_race`, `is_disqualified`, `standard_points`, `meeting_individual_points`, `minutes`, `seconds`, `hundreds`, `meeting_program_id`, `swimmer_id`, `team_id`, `badge_id`, `user_id`, `created_at`, `updated_at`, `disqualification_code_type_id`, `goggle_cup_points`, `reaction_time`, `team_points`, `team_affiliation_id`, `is_personal_best`, `is_season_type_best`)
  VALUES (463160, 1, 1, 0, 0, 576.24, 576.24, 10, 59, 41, 80233, 11479, 295, 55157, 1, '2016-11-16 07:33:42', '2016-11-16 07:33:42', NULL, 0.0, 0.0, 0.0, 2401, 0, 0);

INSERT INTO `meeting_individual_results` (`id`, `rank`, `is_play_off`, `is_out_of_race`, `is_disqualified`, `standard_points`, `meeting_individual_points`, `minutes`, `seconds`, `hundreds`, `meeting_program_id`, `swimmer_id`, `team_id`, `badge_id`, `user_id`, `created_at`, `updated_at`, `disqualification_code_type_id`, `goggle_cup_points`, `reaction_time`, `team_points`, `team_affiliation_id`, `is_personal_best`, `is_season_type_best`)
  VALUES (463161, 1, 1, 0, 0, 885.76, 885.76, 0, 34, 49, 80234, 6402, 54, 32250, 1, '2016-11-16 07:33:42', '2016-11-16 07:33:42', NULL, 0.0, 0.0, 0.0, 1572, 0, 0);

INSERT INTO `meeting_individual_results` (`id`, `rank`, `is_play_off`, `is_out_of_race`, `is_disqualified`, `standard_points`, `meeting_individual_points`, `minutes`, `seconds`, `hundreds`, `meeting_program_id`, `swimmer_id`, `team_id`, `badge_id`, `user_id`, `created_at`, `updated_at`, `disqualification_code_type_id`, `goggle_cup_points`, `reaction_time`, `team_points`, `team_affiliation_id`, `is_personal_best`, `is_season_type_best`)
  VALUES (463162, 2, 1, 0, 0, 883.97, 883.97, 0, 34, 56, 80234, 23195, 390, 41806, 1, '2016-11-16 07:33:42', '2016-11-16 07:33:42', NULL, 0.0, 0.0, 0.0, 2399, 0, 0);

INSERT INTO `meeting_individual_results` (`id`, `rank`, `is_play_off`, `is_out_of_race`, `is_disqualified`, `standard_points`, `meeting_individual_points`, `minutes`, `seconds`, `hundreds`, `meeting_program_id`, `swimmer_id`, `team_id`, `badge_id`, `user_id`, `created_at`, `updated_at`, `disqualification_code_type_id`, `goggle_cup_points`, `reaction_time`, `team_points`, `team_affiliation_id`, `is_personal_best`, `is_season_type_best`)
  VALUES (463163, 3, 1, 0, 0, 597.61, 597.61, 0, 51, 12, 80234, 6711, 321, 45149, 1, '2016-11-16 07:33:42', '2016-11-16 07:33:42', NULL, 0.0, 0.0, 0.0, 1652, 0, 0);

INSERT INTO `meeting_individual_results` (`id`, `rank`, `is_play_off`, `is_out_of_race`, `is_disqualified`, `standard_points`, `meeting_individual_points`, `minutes`, `seconds`, `hundreds`, `meeting_program_id`, `swimmer_id`, `team_id`, `badge_id`, `user_id`, `created_at`, `updated_at`, `disqualification_code_type_id`, `goggle_cup_points`, `reaction_time`, `team_points`, `team_affiliation_id`, `is_personal_best`, `is_season_type_best`)
  VALUES (463164, 1, 1, 0, 0, 697.13, 697.13, 0, 47, 5, 80235, 7151, 219, 60014, 1, '2016-11-16 07:33:43', '2016-11-16 07:33:43', NULL, 0.0, 0.0, 0.0, 1739, 0, 0);

INSERT INTO `meeting_individual_results` (`id`, `rank`, `is_play_off`, `is_out_of_race`, `is_disqualified`, `standard_points`, `meeting_individual_points`, `minutes`, `seconds`, `hundreds`, `meeting_program_id`, `swimmer_id`, `team_id`, `badge_id`, `user_id`, `created_at`, `updated_at`, `disqualification_code_type_id`, `goggle_cup_points`, `reaction_time`, `team_points`, `team_affiliation_id`, `is_personal_best`, `is_season_type_best`)
  VALUES (463165, 1, 1, 0, 0, 719.78, 719.78, 0, 34, 83, 80236, 26954, 219, 59335, 1, '2016-11-16 07:33:43', '2016-11-16 07:33:43', NULL, 0.0, 0.0, 0.0, 1739, 0, 0);

INSERT INTO `meeting_individual_results` (`id`, `rank`, `is_play_off`, `is_out_of_race`, `is_disqualified`, `standard_points`, `meeting_individual_points`, `minutes`, `seconds`, `hundreds`, `meeting_program_id`, `swimmer_id`, `team_id`, `badge_id`, `user_id`, `created_at`, `updated_at`, `disqualification_code_type_id`, `goggle_cup_points`, `reaction_time`, `team_points`, `team_affiliation_id`, `is_personal_best`, `is_season_type_best`)
  VALUES (463166, 1, 1, 0, 0, 771.93, 771.93, 0, 33, 6, 80237, 3941, 218, 55098, 1, '2016-11-16 07:33:43', '2016-11-16 07:33:43', NULL, 0.0, 0.0, 0.0, 1839, 0, 0);

INSERT INTO `meeting_individual_results` (`id`, `rank`, `is_play_off`, `is_out_of_race`, `is_disqualified`, `standard_points`, `meeting_individual_points`, `minutes`, `seconds`, `hundreds`, `meeting_program_id`, `swimmer_id`, `team_id`, `badge_id`, `user_id`, `created_at`, `updated_at`, `disqualification_code_type_id`, `goggle_cup_points`, `reaction_time`, `team_points`, `team_affiliation_id`, `is_personal_best`, `is_season_type_best`)
  VALUES (463167, 2, 1, 0, 0, 668.76, 668.76, 0, 38, 16, 80237, 4994, 54, 33214, 1, '2016-11-16 07:33:43', '2016-11-16 07:33:43', NULL, 0.0, 0.0, 0.0, 1572, 0, 0);

INSERT INTO `meeting_individual_results` (`id`, `rank`, `is_play_off`, `is_out_of_race`, `is_disqualified`, `standard_points`, `meeting_individual_points`, `minutes`, `seconds`, `hundreds`, `meeting_program_id`, `swimmer_id`, `team_id`, `badge_id`, `user_id`, `created_at`, `updated_at`, `disqualification_code_type_id`, `goggle_cup_points`, `reaction_time`, `team_points`, `team_affiliation_id`, `is_personal_best`, `is_season_type_best`)
  VALUES (463168, 1, 1, 0, 0, 991.35, 991.35, 0, 26, 60, 80238, 6914, 741, 60004, 1, '2016-11-16 07:33:43', '2016-11-16 07:33:43', NULL, 0.0, 0.0, 0.0, 1547, 0, 0);

INSERT INTO `meeting_individual_results` (`id`, `rank`, `is_play_off`, `is_out_of_race`, `is_disqualified`, `standard_points`, `meeting_individual_points`, `minutes`, `seconds`, `hundreds`, `meeting_program_id`, `swimmer_id`, `team_id`, `badge_id`, `user_id`, `created_at`, `updated_at`, `disqualification_code_type_id`, `goggle_cup_points`, `reaction_time`, `team_points`, `team_affiliation_id`, `is_personal_best`, `is_season_type_best`)
  VALUES (463169, 2, 1, 0, 0, 624.29, 624.29, 0, 42, 24, 80238, 24797, 321, 46464, 1, '2016-11-16 07:33:43', '2016-11-16 07:33:43', NULL, 0.0, 0.0, 0.0, 1652, 0, 0);

INSERT INTO `meeting_individual_results` (`id`, `rank`, `is_play_off`, `is_out_of_race`, `is_disqualified`, `standard_points`, `meeting_individual_points`, `minutes`, `seconds`, `hundreds`, `meeting_program_id`, `swimmer_id`, `team_id`, `badge_id`, `user_id`, `created_at`, `updated_at`, `disqualification_code_type_id`, `goggle_cup_points`, `reaction_time`, `team_points`, `team_affiliation_id`, `is_personal_best`, `is_season_type_best`)
  VALUES (463170, 3, 1, 0, 0, 564.31, 564.31, 0, 46, 73, 80238, 6706, 366, 55113, 1, '2016-11-16 07:33:43', '2016-11-16 07:33:43', NULL, 0.0, 0.0, 0.0, 2404, 0, 0);

INSERT INTO `meeting_individual_results` (`id`, `rank`, `is_play_off`, `is_out_of_race`, `is_disqualified`, `standard_points`, `meeting_individual_points`, `minutes`, `seconds`, `hundreds`, `meeting_program_id`, `swimmer_id`, `team_id`, `badge_id`, `user_id`, `created_at`, `updated_at`, `disqualification_code_type_id`, `goggle_cup_points`, `reaction_time`, `team_points`, `team_affiliation_id`, `is_personal_best`, `is_season_type_best`)
  VALUES (463171, 1, 1, 0, 0, 785.49, 785.49, 0, 34, 87, 80239, 9894, 219, 55307, 1, '2016-11-16 07:33:43', '2016-11-16 07:33:43', NULL, 0.0, 0.0, 0.0, 1739, 0, 0);

INSERT INTO `meeting_individual_results` (`id`, `rank`, `is_play_off`, `is_out_of_race`, `is_disqualified`, `standard_points`, `meeting_individual_points`, `minutes`, `seconds`, `hundreds`, `meeting_program_id`, `swimmer_id`, `team_id`, `badge_id`, `user_id`, `created_at`, `updated_at`, `disqualification_code_type_id`, `goggle_cup_points`, `reaction_time`, `team_points`, `team_affiliation_id`, `is_personal_best`, `is_season_type_best`)
  VALUES (463172, 2, 1, 0, 0, 741.27, 741.27, 0, 36, 95, 80239, 1968, 716, 32935, 1, '2016-11-16 07:33:43', '2016-11-16 07:33:43', NULL, 0.0, 0.0, 0.0, 1563, 0, 0);

INSERT INTO `meeting_individual_results` (`id`, `rank`, `is_play_off`, `is_out_of_race`, `is_disqualified`, `standard_points`, `meeting_individual_points`, `minutes`, `seconds`, `hundreds`, `meeting_program_id`, `swimmer_id`, `team_id`, `badge_id`, `user_id`, `created_at`, `updated_at`, `disqualification_code_type_id`, `goggle_cup_points`, `reaction_time`, `team_points`, `team_affiliation_id`, `is_personal_best`, `is_season_type_best`)
  VALUES (463173, 3, 1, 0, 0, 695.88, 695.88, 0, 39, 36, 80239, 6889, 54, 33233, 1, '2016-11-16 07:33:43', '2016-11-16 07:33:43', NULL, 0.0, 0.0, 0.0, 1572, 0, 0);

INSERT INTO `meeting_individual_results` (`id`, `rank`, `is_play_off`, `is_out_of_race`, `is_disqualified`, `standard_points`, `meeting_individual_points`, `minutes`, `seconds`, `hundreds`, `meeting_program_id`, `swimmer_id`, `team_id`, `badge_id`, `user_id`, `created_at`, `updated_at`, `disqualification_code_type_id`, `goggle_cup_points`, `reaction_time`, `team_points`, `team_affiliation_id`, `is_personal_best`, `is_season_type_best`)
  VALUES (463174, 4, 1, 0, 0, 491.74, 491.74, 0, 55, 70, 80239, 4876, 716, 58709, 1, '2016-11-16 07:33:43', '2016-11-16 07:33:43', NULL, 0.0, 0.0, 0.0, 1563, 0, 0);

INSERT INTO `meeting_individual_results` (`id`, `rank`, `is_play_off`, `is_out_of_race`, `is_disqualified`, `standard_points`, `meeting_individual_points`, `minutes`, `seconds`, `hundreds`, `meeting_program_id`, `swimmer_id`, `team_id`, `badge_id`, `user_id`, `created_at`, `updated_at`, `disqualification_code_type_id`, `goggle_cup_points`, `reaction_time`, `team_points`, `team_affiliation_id`, `is_personal_best`, `is_season_type_best`)
  VALUES (463175, 1, 1, 0, 0, 768.09, 768.09, 0, 37, 4, 80240, 7204, 219, 58650, 1, '2016-11-16 07:33:43', '2016-11-16 07:33:43', NULL, 0.0, 0.0, 0.0, 1739, 0, 0);

INSERT INTO `meeting_individual_results` (`id`, `rank`, `is_play_off`, `is_out_of_race`, `is_disqualified`, `standard_points`, `meeting_individual_points`, `minutes`, `seconds`, `hundreds`, `meeting_program_id`, `swimmer_id`, `team_id`, `badge_id`, `user_id`, `created_at`, `updated_at`, `disqualification_code_type_id`, `goggle_cup_points`, `reaction_time`, `team_points`, `team_affiliation_id`, `is_personal_best`, `is_season_type_best`)
  VALUES (463176, 2, 1, 0, 0, 748.88, 748.88, 0, 37, 99, 80240, 21840, 54, 37375, 1, '2016-11-16 07:33:43', '2016-11-16 07:33:43', NULL, 0.0, 0.0, 0.0, 1572, 0, 0);

INSERT INTO `meeting_individual_results` (`id`, `rank`, `is_play_off`, `is_out_of_race`, `is_disqualified`, `standard_points`, `meeting_individual_points`, `minutes`, `seconds`, `hundreds`, `meeting_program_id`, `swimmer_id`, `team_id`, `badge_id`, `user_id`, `created_at`, `updated_at`, `disqualification_code_type_id`, `goggle_cup_points`, `reaction_time`, `team_points`, `team_affiliation_id`, `is_personal_best`, `is_season_type_best`)
  VALUES (463177, 3, 1, 0, 0, 497.38, 497.38, 0, 57, 20, 80240, 5513, 320, 32348, 1, '2016-11-16 07:33:43', '2016-11-16 07:33:43', NULL, 0.0, 0.0, 0.0, 1575, 0, 0);

INSERT INTO `meeting_individual_results` (`id`, `rank`, `is_play_off`, `is_out_of_race`, `is_disqualified`, `standard_points`, `meeting_individual_points`, `minutes`, `seconds`, `hundreds`, `meeting_program_id`, `swimmer_id`, `team_id`, `badge_id`, `user_id`, `created_at`, `updated_at`, `disqualification_code_type_id`, `goggle_cup_points`, `reaction_time`, `team_points`, `team_affiliation_id`, `is_personal_best`, `is_season_type_best`)
  VALUES (463178, 1, 1, 0, 0, 775.08, 775.08, 0, 38, 37, 80241, 9877, 219, 47869, 1, '2016-11-16 07:33:43', '2016-11-16 07:33:43', NULL, 0.0, 0.0, 0.0, 1739, 0, 0);

INSERT INTO `meeting_individual_results` (`id`, `rank`, `is_play_off`, `is_out_of_race`, `is_disqualified`, `standard_points`, `meeting_individual_points`, `minutes`, `seconds`, `hundreds`, `meeting_program_id`, `swimmer_id`, `team_id`, `badge_id`, `user_id`, `created_at`, `updated_at`, `disqualification_code_type_id`, `goggle_cup_points`, `reaction_time`, `team_points`, `team_affiliation_id`, `is_personal_best`, `is_season_type_best`)
  VALUES (463179, 2, 1, 0, 0, 563.36, 563.36, 0, 52, 79, 80241, 3602, 527, 34247, 1, '2016-11-16 07:33:43', '2016-11-16 07:33:43', NULL, 0.0, 0.0, 0.0, 1718, 0, 0);

INSERT INTO `meeting_individual_results` (`id`, `rank`, `is_play_off`, `is_out_of_race`, `is_disqualified`, `standard_points`, `meeting_individual_points`, `minutes`, `seconds`, `hundreds`, `meeting_program_id`, `swimmer_id`, `team_id`, `badge_id`, `user_id`, `created_at`, `updated_at`, `disqualification_code_type_id`, `goggle_cup_points`, `reaction_time`, `team_points`, `team_affiliation_id`, `is_personal_best`, `is_season_type_best`)
  VALUES (463180, 1, 1, 0, 0, 574.93, 574.93, 0, 56, 79, 80242, 7076, 295, 58624, 1, '2016-11-16 07:33:43', '2016-11-16 07:33:43', NULL, 0.0, 0.0, 0.0, 2401, 0, 0);

INSERT INTO `meeting_individual_results` (`id`, `rank`, `is_play_off`, `is_out_of_race`, `is_disqualified`, `standard_points`, `meeting_individual_points`, `minutes`, `seconds`, `hundreds`, `meeting_program_id`, `swimmer_id`, `team_id`, `badge_id`, `user_id`, `created_at`, `updated_at`, `disqualification_code_type_id`, `goggle_cup_points`, `reaction_time`, `team_points`, `team_affiliation_id`, `is_personal_best`, `is_season_type_best`)
  VALUES (463181, 1, 1, 0, 0, 859.17, 859.17, 0, 40, 90, 80243, 17779, 393, 55243, 1, '2016-11-16 07:33:44', '2016-11-16 07:33:44', NULL, 0.0, 0.0, 0.0, 1888, 0, 0);

INSERT INTO `meeting_individual_results` (`id`, `rank`, `is_play_off`, `is_out_of_race`, `is_disqualified`, `standard_points`, `meeting_individual_points`, `minutes`, `seconds`, `hundreds`, `meeting_program_id`, `swimmer_id`, `team_id`, `badge_id`, `user_id`, `created_at`, `updated_at`, `disqualification_code_type_id`, `goggle_cup_points`, `reaction_time`, `team_points`, `team_affiliation_id`, `is_personal_best`, `is_season_type_best`)
  VALUES (463182, 1, 1, 0, 0, 713.74, 713.74, 0, 52, 47, 80244, 9694, 219, 37525, 1, '2016-11-16 07:33:44', '2016-11-16 07:33:44', NULL, 0.0, 0.0, 0.0, 1739, 0, 0);

INSERT INTO `meeting_individual_results` (`id`, `rank`, `is_play_off`, `is_out_of_race`, `is_disqualified`, `standard_points`, `meeting_individual_points`, `minutes`, `seconds`, `hundreds`, `meeting_program_id`, `swimmer_id`, `team_id`, `badge_id`, `user_id`, `created_at`, `updated_at`, `disqualification_code_type_id`, `goggle_cup_points`, `reaction_time`, `team_points`, `team_affiliation_id`, `is_personal_best`, `is_season_type_best`)
  VALUES (463183, 1, 1, 0, 0, 546.05, 546.05, 1, 13, 73, 80245, 9829, 741, 58682, 1, '2016-11-16 07:33:44', '2016-11-16 07:33:44', NULL, 0.0, 0.0, 0.0, 1547, 0, 0);

INSERT INTO `meeting_individual_results` (`id`, `rank`, `is_play_off`, `is_out_of_race`, `is_disqualified`, `standard_points`, `meeting_individual_points`, `minutes`, `seconds`, `hundreds`, `meeting_program_id`, `swimmer_id`, `team_id`, `badge_id`, `user_id`, `created_at`, `updated_at`, `disqualification_code_type_id`, `goggle_cup_points`, `reaction_time`, `team_points`, `team_affiliation_id`, `is_personal_best`, `is_season_type_best`)
  VALUES (463184, 1, 1, 0, 0, 850.79, 850.79, 0, 32, 37, 80246, 6047, 609, 33735, 1, '2016-11-16 07:33:44', '2016-11-16 07:33:44', NULL, 0.0, 0.0, 0.0, 1692, 0, 0);

INSERT INTO `meeting_individual_results` (`id`, `rank`, `is_play_off`, `is_out_of_race`, `is_disqualified`, `standard_points`, `meeting_individual_points`, `minutes`, `seconds`, `hundreds`, `meeting_program_id`, `swimmer_id`, `team_id`, `badge_id`, `user_id`, `created_at`, `updated_at`, `disqualification_code_type_id`, `goggle_cup_points`, `reaction_time`, `team_points`, `team_affiliation_id`, `is_personal_best`, `is_season_type_best`)
  VALUES (463185, 2, 1, 0, 0, 658.54, 658.54, 0, 41, 82, 80246, 5902, 609, 33776, 1, '2016-11-16 07:33:44', '2016-11-16 07:33:44', NULL, 0.0, 0.0, 0.0, 1692, 0, 0);

INSERT INTO `meeting_individual_results` (`id`, `rank`, `is_play_off`, `is_out_of_race`, `is_disqualified`, `standard_points`, `meeting_individual_points`, `minutes`, `seconds`, `hundreds`, `meeting_program_id`, `swimmer_id`, `team_id`, `badge_id`, `user_id`, `created_at`, `updated_at`, `disqualification_code_type_id`, `goggle_cup_points`, `reaction_time`, `team_points`, `team_affiliation_id`, `is_personal_best`, `is_season_type_best`)
  VALUES (463186, 1, 1, 0, 0, 875.71, 875.71, 0, 31, 86, 80247, 7905, 741, 59979, 1, '2016-11-16 07:33:44', '2016-11-16 07:33:44', NULL, 0.0, 0.0, 0.0, 1547, 0, 0);

INSERT INTO `meeting_individual_results` (`id`, `rank`, `is_play_off`, `is_out_of_race`, `is_disqualified`, `standard_points`, `meeting_individual_points`, `minutes`, `seconds`, `hundreds`, `meeting_program_id`, `swimmer_id`, `team_id`, `badge_id`, `user_id`, `created_at`, `updated_at`, `disqualification_code_type_id`, `goggle_cup_points`, `reaction_time`, `team_points`, `team_affiliation_id`, `is_personal_best`, `is_season_type_best`)
  VALUES (463187, 2, 1, 0, 0, 848.8, 848.8, 0, 32, 87, 80247, 21289, 54, 34110, 1, '2016-11-16 07:33:44', '2016-11-16 07:33:44', NULL, 0.0, 0.0, 0.0, 1572, 0, 0);

INSERT INTO `meeting_individual_results` (`id`, `rank`, `is_play_off`, `is_out_of_race`, `is_disqualified`, `standard_points`, `meeting_individual_points`, `minutes`, `seconds`, `hundreds`, `meeting_program_id`, `swimmer_id`, `team_id`, `badge_id`, `user_id`, `created_at`, `updated_at`, `disqualification_code_type_id`, `goggle_cup_points`, `reaction_time`, `team_points`, `team_affiliation_id`, `is_personal_best`, `is_season_type_best`)
  VALUES (463188, 3, 1, 0, 0, 714.65, 714.65, 0, 39, 4, 80247, 26752, 424, 59679, 1, '2016-11-16 07:33:44', '2016-11-16 07:33:44', NULL, 0.0, 0.0, 0.0, 2727, 0, 0);

INSERT INTO `meeting_individual_results` (`id`, `rank`, `is_play_off`, `is_out_of_race`, `is_disqualified`, `standard_points`, `meeting_individual_points`, `minutes`, `seconds`, `hundreds`, `meeting_program_id`, `swimmer_id`, `team_id`, `badge_id`, `user_id`, `created_at`, `updated_at`, `disqualification_code_type_id`, `goggle_cup_points`, `reaction_time`, `team_points`, `team_affiliation_id`, `is_personal_best`, `is_season_type_best`)
  VALUES (463189, 1, 1, 0, 0, 627.61, 627.61, 0, 45, 49, 80248, 6707, 321, 46460, 1, '2016-11-16 07:33:44', '2016-11-16 07:33:44', NULL, 0.0, 0.0, 0.0, 1652, 0, 0);

INSERT INTO `meeting_individual_results` (`id`, `rank`, `is_play_off`, `is_out_of_race`, `is_disqualified`, `standard_points`, `meeting_individual_points`, `minutes`, `seconds`, `hundreds`, `meeting_program_id`, `swimmer_id`, `team_id`, `badge_id`, `user_id`, `created_at`, `updated_at`, `disqualification_code_type_id`, `goggle_cup_points`, `reaction_time`, `team_points`, `team_affiliation_id`, `is_personal_best`, `is_season_type_best`)
  VALUES (463190, 1, 1, 0, 0, 893.97, 893.97, 0, 34, 33, 80249, 7315, 741, 58642, 1, '2016-11-16 07:33:44', '2016-11-16 07:33:44', NULL, 0.0, 0.0, 0.0, 1547, 0, 0);

INSERT INTO `meeting_individual_results` (`id`, `rank`, `is_play_off`, `is_out_of_race`, `is_disqualified`, `standard_points`, `meeting_individual_points`, `minutes`, `seconds`, `hundreds`, `meeting_program_id`, `swimmer_id`, `team_id`, `badge_id`, `user_id`, `created_at`, `updated_at`, `disqualification_code_type_id`, `goggle_cup_points`, `reaction_time`, `team_points`, `team_affiliation_id`, `is_personal_best`, `is_season_type_best`)
  VALUES (463191, 1, 1, 0, 0, 702.44, 702.44, 0, 48, 46, 80250, 1909, 741, 32388, 1, '2016-11-16 07:33:44', '2016-11-16 07:33:44', NULL, 0.0, 0.0, 0.0, 1547, 0, 0);

INSERT INTO `meeting_individual_results` (`id`, `rank`, `is_play_off`, `is_out_of_race`, `is_disqualified`, `standard_points`, `meeting_individual_points`, `minutes`, `seconds`, `hundreds`, `meeting_program_id`, `swimmer_id`, `team_id`, `badge_id`, `user_id`, `created_at`, `updated_at`, `disqualification_code_type_id`, `goggle_cup_points`, `reaction_time`, `team_points`, `team_affiliation_id`, `is_personal_best`, `is_season_type_best`)
  VALUES (463192, 1, 1, 0, 0, 582.08, 582.08, 1, 8, 29, 80251, 7059, 219, 59296, 1, '2016-11-16 07:33:44', '2016-11-16 07:33:44', NULL, 0.0, 0.0, 0.0, 1739, 0, 0);

INSERT INTO `meeting_individual_results` (`id`, `rank`, `is_play_off`, `is_out_of_race`, `is_disqualified`, `standard_points`, `meeting_individual_points`, `minutes`, `seconds`, `hundreds`, `meeting_program_id`, `swimmer_id`, `team_id`, `badge_id`, `user_id`, `created_at`, `updated_at`, `disqualification_code_type_id`, `goggle_cup_points`, `reaction_time`, `team_points`, `team_affiliation_id`, `is_personal_best`, `is_season_type_best`)
  VALUES (463193, 1, 1, 0, 0, 0.0, 0.0, 0, 36, 17, 80252, 22448, 219, 39605, 1, '2016-11-16 07:33:44', '2016-11-16 07:33:44', NULL, 0.0, 0.0, 0.0, 1739, 0, 0);

INSERT INTO `meeting_individual_results` (`id`, `rank`, `is_play_off`, `is_out_of_race`, `is_disqualified`, `standard_points`, `meeting_individual_points`, `minutes`, `seconds`, `hundreds`, `meeting_program_id`, `swimmer_id`, `team_id`, `badge_id`, `user_id`, `created_at`, `updated_at`, `disqualification_code_type_id`, `goggle_cup_points`, `reaction_time`, `team_points`, `team_affiliation_id`, `is_personal_best`, `is_season_type_best`)
  VALUES (463194, 1, 1, 0, 0, 809.25, 809.25, 0, 29, 62, 80253, 17771, 609, 33748, 1, '2016-11-16 07:33:44', '2016-11-16 07:33:44', NULL, 0.0, 0.0, 0.0, 1692, 0, 0);

INSERT INTO `meeting_individual_results` (`id`, `rank`, `is_play_off`, `is_out_of_race`, `is_disqualified`, `standard_points`, `meeting_individual_points`, `minutes`, `seconds`, `hundreds`, `meeting_program_id`, `swimmer_id`, `team_id`, `badge_id`, `user_id`, `created_at`, `updated_at`, `disqualification_code_type_id`, `goggle_cup_points`, `reaction_time`, `team_points`, `team_affiliation_id`, `is_personal_best`, `is_season_type_best`)
  VALUES (463195, 2, 1, 0, 0, 704.17, 704.17, 0, 34, 4, 80253, 6003, 609, 33813, 1, '2016-11-16 07:33:44', '2016-11-16 07:33:44', NULL, 0.0, 0.0, 0.0, 1692, 0, 0);

INSERT INTO `meeting_individual_results` (`id`, `rank`, `is_play_off`, `is_out_of_race`, `is_disqualified`, `standard_points`, `meeting_individual_points`, `minutes`, `seconds`, `hundreds`, `meeting_program_id`, `swimmer_id`, `team_id`, `badge_id`, `user_id`, `created_at`, `updated_at`, `disqualification_code_type_id`, `goggle_cup_points`, `reaction_time`, `team_points`, `team_affiliation_id`, `is_personal_best`, `is_season_type_best`)
  VALUES (463196, 1, 1, 0, 0, 699.37, 699.37, 0, 34, 86, 80254, 19585, 424, 59648, 1, '2016-11-16 07:33:44', '2016-11-16 07:33:44', NULL, 0.0, 0.0, 0.0, 2727, 0, 0);

INSERT INTO `meeting_individual_results` (`id`, `rank`, `is_play_off`, `is_out_of_race`, `is_disqualified`, `standard_points`, `meeting_individual_points`, `minutes`, `seconds`, `hundreds`, `meeting_program_id`, `swimmer_id`, `team_id`, `badge_id`, `user_id`, `created_at`, `updated_at`, `disqualification_code_type_id`, `goggle_cup_points`, `reaction_time`, `team_points`, `team_affiliation_id`, `is_personal_best`, `is_season_type_best`)
  VALUES (463197, 1, 1, 0, 0, 806.57, 806.57, 0, 30, 45, 80255, 27206, 880, 55197, 1, '2016-11-16 07:33:44', '2016-11-16 07:33:44', NULL, 0.0, 0.0, 0.0, 1979, 0, 0);

INSERT INTO `meeting_individual_results` (`id`, `rank`, `is_play_off`, `is_out_of_race`, `is_disqualified`, `standard_points`, `meeting_individual_points`, `minutes`, `seconds`, `hundreds`, `meeting_program_id`, `swimmer_id`, `team_id`, `badge_id`, `user_id`, `created_at`, `updated_at`, `disqualification_code_type_id`, `goggle_cup_points`, `reaction_time`, `team_points`, `team_affiliation_id`, `is_personal_best`, `is_season_type_best`)
  VALUES (463198, 2, 1, 0, 0, 792.51, 792.51, 0, 30, 99, 80255, 28096, 424, 60000, 1, '2016-11-16 07:33:44', '2016-11-16 07:33:44', NULL, 0.0, 0.0, 0.0, 2727, 0, 0);

INSERT INTO `meeting_individual_results` (`id`, `rank`, `is_play_off`, `is_out_of_race`, `is_disqualified`, `standard_points`, `meeting_individual_points`, `minutes`, `seconds`, `hundreds`, `meeting_program_id`, `swimmer_id`, `team_id`, `badge_id`, `user_id`, `created_at`, `updated_at`, `disqualification_code_type_id`, `goggle_cup_points`, `reaction_time`, `team_points`, `team_affiliation_id`, `is_personal_best`, `is_season_type_best`)
  VALUES (463199, 3, 1, 0, 0, 776.72, 776.72, 0, 31, 62, 80255, 7911, 741, 59981, 1, '2016-11-16 07:33:44', '2016-11-16 07:33:44', NULL, 0.0, 0.0, 0.0, 1547, 0, 0);

INSERT INTO `meeting_individual_results` (`id`, `rank`, `is_play_off`, `is_out_of_race`, `is_disqualified`, `standard_points`, `meeting_individual_points`, `minutes`, `seconds`, `hundreds`, `meeting_program_id`, `swimmer_id`, `team_id`, `badge_id`, `user_id`, `created_at`, `updated_at`, `disqualification_code_type_id`, `goggle_cup_points`, `reaction_time`, `team_points`, `team_affiliation_id`, `is_personal_best`, `is_season_type_best`)
  VALUES (463200, 1, 1, 0, 0, 913.74, 913.74, 0, 27, 59, 80256, 19421, 54, 34137, 1, '2016-11-16 07:33:45', '2016-11-16 07:33:45', NULL, 0.0, 0.0, 0.0, 1572, 0, 0);

INSERT INTO `meeting_individual_results` (`id`, `rank`, `is_play_off`, `is_out_of_race`, `is_disqualified`, `standard_points`, `meeting_individual_points`, `minutes`, `seconds`, `hundreds`, `meeting_program_id`, `swimmer_id`, `team_id`, `badge_id`, `user_id`, `created_at`, `updated_at`, `disqualification_code_type_id`, `goggle_cup_points`, `reaction_time`, `team_points`, `team_affiliation_id`, `is_personal_best`, `is_season_type_best`)
  VALUES (463201, 2, 1, 0, 0, 809.83, 809.83, 0, 31, 13, 80256, 6098, 111, 59274, 1, '2016-11-16 07:33:45', '2016-11-16 07:33:45', NULL, 0.0, 0.0, 0.0, 1658, 0, 0);

INSERT INTO `meeting_individual_results` (`id`, `rank`, `is_play_off`, `is_out_of_race`, `is_disqualified`, `standard_points`, `meeting_individual_points`, `minutes`, `seconds`, `hundreds`, `meeting_program_id`, `swimmer_id`, `team_id`, `badge_id`, `user_id`, `created_at`, `updated_at`, `disqualification_code_type_id`, `goggle_cup_points`, `reaction_time`, `team_points`, `team_affiliation_id`, `is_personal_best`, `is_season_type_best`)
  VALUES (463202, 3, 1, 0, 0, 803.12, 803.12, 0, 31, 39, 80256, 27193, 741, 55121, 1, '2016-11-16 07:33:45', '2016-11-16 07:33:45', NULL, 0.0, 0.0, 0.0, 1547, 0, 0);

INSERT INTO `meeting_individual_results` (`id`, `rank`, `is_play_off`, `is_out_of_race`, `is_disqualified`, `standard_points`, `meeting_individual_points`, `minutes`, `seconds`, `hundreds`, `meeting_program_id`, `swimmer_id`, `team_id`, `badge_id`, `user_id`, `created_at`, `updated_at`, `disqualification_code_type_id`, `goggle_cup_points`, `reaction_time`, `team_points`, `team_affiliation_id`, `is_personal_best`, `is_season_type_best`)
  VALUES (463203, 4, 1, 0, 0, 801.08, 801.08, 0, 31, 47, 80256, 1948, 716, 47889, 1, '2016-11-16 07:33:45', '2016-11-16 07:33:45', NULL, 0.0, 0.0, 0.0, 1563, 0, 0);

INSERT INTO `meeting_individual_results` (`id`, `rank`, `is_play_off`, `is_out_of_race`, `is_disqualified`, `standard_points`, `meeting_individual_points`, `minutes`, `seconds`, `hundreds`, `meeting_program_id`, `swimmer_id`, `team_id`, `badge_id`, `user_id`, `created_at`, `updated_at`, `disqualification_code_type_id`, `goggle_cup_points`, `reaction_time`, `team_points`, `team_affiliation_id`, `is_personal_best`, `is_season_type_best`)
  VALUES (463204, 5, 1, 0, 0, 766.03, 766.03, 0, 32, 91, 80256, 7939, 424, 59634, 1, '2016-11-16 07:33:45', '2016-11-16 07:33:45', NULL, 0.0, 0.0, 0.0, 2727, 0, 0);

INSERT INTO `meeting_individual_results` (`id`, `rank`, `is_play_off`, `is_out_of_race`, `is_disqualified`, `standard_points`, `meeting_individual_points`, `minutes`, `seconds`, `hundreds`, `meeting_program_id`, `swimmer_id`, `team_id`, `badge_id`, `user_id`, `created_at`, `updated_at`, `disqualification_code_type_id`, `goggle_cup_points`, `reaction_time`, `team_points`, `team_affiliation_id`, `is_personal_best`, `is_season_type_best`)
  VALUES (463205, 6, 1, 0, 0, 750.3, 750.3, 0, 33, 60, 80256, 9712, 741, 55326, 1, '2016-11-16 07:33:45', '2016-11-16 07:33:45', NULL, 0.0, 0.0, 0.0, 1547, 0, 0);

INSERT INTO `meeting_individual_results` (`id`, `rank`, `is_play_off`, `is_out_of_race`, `is_disqualified`, `standard_points`, `meeting_individual_points`, `minutes`, `seconds`, `hundreds`, `meeting_program_id`, `swimmer_id`, `team_id`, `badge_id`, `user_id`, `created_at`, `updated_at`, `disqualification_code_type_id`, `goggle_cup_points`, `reaction_time`, `team_points`, `team_affiliation_id`, `is_personal_best`, `is_season_type_best`)
  VALUES (463206, 7, 1, 0, 0, 687.67, 687.67, 0, 36, 66, 80256, 27800, 716, 59275, 1, '2016-11-16 07:33:45', '2016-11-16 07:33:45', NULL, 0.0, 0.0, 0.0, 1563, 0, 0);

INSERT INTO `meeting_individual_results` (`id`, `rank`, `is_play_off`, `is_out_of_race`, `is_disqualified`, `standard_points`, `meeting_individual_points`, `minutes`, `seconds`, `hundreds`, `meeting_program_id`, `swimmer_id`, `team_id`, `badge_id`, `user_id`, `created_at`, `updated_at`, `disqualification_code_type_id`, `goggle_cup_points`, `reaction_time`, `team_points`, `team_affiliation_id`, `is_personal_best`, `is_season_type_best`)
  VALUES (463207, 1, 1, 0, 0, 750.94, 750.94, 0, 34, 45, 80257, 1968, 716, 32935, 1, '2016-11-16 07:33:45', '2016-11-16 07:33:45', NULL, 0.0, 0.0, 0.0, 1563, 0, 0);

INSERT INTO `meeting_individual_results` (`id`, `rank`, `is_play_off`, `is_out_of_race`, `is_disqualified`, `standard_points`, `meeting_individual_points`, `minutes`, `seconds`, `hundreds`, `meeting_program_id`, `swimmer_id`, `team_id`, `badge_id`, `user_id`, `created_at`, `updated_at`, `disqualification_code_type_id`, `goggle_cup_points`, `reaction_time`, `team_points`, `team_affiliation_id`, `is_personal_best`, `is_season_type_best`)
  VALUES (463208, 2, 1, 0, 0, 738.51, 738.51, 0, 35, 3, 80257, 7235, 219, 59294, 1, '2016-11-16 07:33:45', '2016-11-16 07:33:45', NULL, 0.0, 0.0, 0.0, 1739, 0, 0);

INSERT INTO `meeting_individual_results` (`id`, `rank`, `is_play_off`, `is_out_of_race`, `is_disqualified`, `standard_points`, `meeting_individual_points`, `minutes`, `seconds`, `hundreds`, `meeting_program_id`, `swimmer_id`, `team_id`, `badge_id`, `user_id`, `created_at`, `updated_at`, `disqualification_code_type_id`, `goggle_cup_points`, `reaction_time`, `team_points`, `team_affiliation_id`, `is_personal_best`, `is_season_type_best`)
  VALUES (463209, 3, 1, 0, 0, 725.67, 725.67, 0, 35, 65, 80257, 5182, 716, 58706, 1, '2016-11-16 07:33:45', '2016-11-16 07:33:45', NULL, 0.0, 0.0, 0.0, 1563, 0, 0);

INSERT INTO `meeting_individual_results` (`id`, `rank`, `is_play_off`, `is_out_of_race`, `is_disqualified`, `standard_points`, `meeting_individual_points`, `minutes`, `seconds`, `hundreds`, `meeting_program_id`, `swimmer_id`, `team_id`, `badge_id`, `user_id`, `created_at`, `updated_at`, `disqualification_code_type_id`, `goggle_cup_points`, `reaction_time`, `team_points`, `team_affiliation_id`, `is_personal_best`, `is_season_type_best`)
  VALUES (463210, 4, 1, 0, 0, 709.93, 709.93, 0, 36, 44, 80257, 9821, 320, 41759, 1, '2016-11-16 07:33:45', '2016-11-16 07:33:45', NULL, 0.0, 0.0, 0.0, 1575, 0, 0);

INSERT INTO `meeting_individual_results` (`id`, `rank`, `is_play_off`, `is_out_of_race`, `is_disqualified`, `standard_points`, `meeting_individual_points`, `minutes`, `seconds`, `hundreds`, `meeting_program_id`, `swimmer_id`, `team_id`, `badge_id`, `user_id`, `created_at`, `updated_at`, `disqualification_code_type_id`, `goggle_cup_points`, `reaction_time`, `team_points`, `team_affiliation_id`, `is_personal_best`, `is_season_type_best`)
  VALUES (463211, 5, 1, 0, 0, 691.71, 691.71, 0, 37, 40, 80257, 21143, 321, 33495, 1, '2016-11-16 07:33:45', '2016-11-16 07:33:45', NULL, 0.0, 0.0, 0.0, 1652, 0, 0);

INSERT INTO `meeting_individual_results` (`id`, `rank`, `is_play_off`, `is_out_of_race`, `is_disqualified`, `standard_points`, `meeting_individual_points`, `minutes`, `seconds`, `hundreds`, `meeting_program_id`, `swimmer_id`, `team_id`, `badge_id`, `user_id`, `created_at`, `updated_at`, `disqualification_code_type_id`, `goggle_cup_points`, `reaction_time`, `team_points`, `team_affiliation_id`, `is_personal_best`, `is_season_type_best`)
  VALUES (463212, 6, 1, 0, 0, 637.19, 637.19, 0, 40, 60, 80257, 9723, 609, 55333, 1, '2016-11-16 07:33:45', '2016-11-16 07:33:45', NULL, 0.0, 0.0, 0.0, 1692, 0, 0);

INSERT INTO `meeting_individual_results` (`id`, `rank`, `is_play_off`, `is_out_of_race`, `is_disqualified`, `standard_points`, `meeting_individual_points`, `minutes`, `seconds`, `hundreds`, `meeting_program_id`, `swimmer_id`, `team_id`, `badge_id`, `user_id`, `created_at`, `updated_at`, `disqualification_code_type_id`, `goggle_cup_points`, `reaction_time`, `team_points`, `team_affiliation_id`, `is_personal_best`, `is_season_type_best`)
  VALUES (463213, 7, 1, 0, 0, 336.72, 336.72, 1, 16, 83, 80257, 3705, 741, 46367, 1, '2016-11-16 07:33:45', '2016-11-16 07:33:45', NULL, 0.0, 0.0, 0.0, 1547, 0, 0);

INSERT INTO `meeting_individual_results` (`id`, `rank`, `is_play_off`, `is_out_of_race`, `is_disqualified`, `standard_points`, `meeting_individual_points`, `minutes`, `seconds`, `hundreds`, `meeting_program_id`, `swimmer_id`, `team_id`, `badge_id`, `user_id`, `created_at`, `updated_at`, `disqualification_code_type_id`, `goggle_cup_points`, `reaction_time`, `team_points`, `team_affiliation_id`, `is_personal_best`, `is_season_type_best`)
  VALUES (463214, 1, 1, 0, 0, 850.78, 850.78, 0, 31, 23, 80258, 6953, 219, 41844, 1, '2016-11-16 07:33:45', '2016-11-16 07:33:45', NULL, 0.0, 0.0, 0.0, 1739, 0, 0);

INSERT INTO `meeting_individual_results` (`id`, `rank`, `is_play_off`, `is_out_of_race`, `is_disqualified`, `standard_points`, `meeting_individual_points`, `minutes`, `seconds`, `hundreds`, `meeting_program_id`, `swimmer_id`, `team_id`, `badge_id`, `user_id`, `created_at`, `updated_at`, `disqualification_code_type_id`, `goggle_cup_points`, `reaction_time`, `team_points`, `team_affiliation_id`, `is_personal_best`, `is_season_type_best`)
  VALUES (463215, 2, 1, 0, 0, 801.27, 801.27, 0, 33, 16, 80258, 27211, 393, 55133, 1, '2016-11-16 07:33:45', '2016-11-16 07:33:45', NULL, 0.0, 0.0, 0.0, 1888, 0, 0);

INSERT INTO `meeting_individual_results` (`id`, `rank`, `is_play_off`, `is_out_of_race`, `is_disqualified`, `standard_points`, `meeting_individual_points`, `minutes`, `seconds`, `hundreds`, `meeting_program_id`, `swimmer_id`, `team_id`, `badge_id`, `user_id`, `created_at`, `updated_at`, `disqualification_code_type_id`, `goggle_cup_points`, `reaction_time`, `team_points`, `team_affiliation_id`, `is_personal_best`, `is_season_type_best`)
  VALUES (463216, 3, 1, 0, 0, 776.67, 776.67, 0, 34, 21, 80258, 17922, 219, 58727, 1, '2016-11-16 07:33:45', '2016-11-16 07:33:45', NULL, 0.0, 0.0, 0.0, 1739, 0, 0);

INSERT INTO `meeting_individual_results` (`id`, `rank`, `is_play_off`, `is_out_of_race`, `is_disqualified`, `standard_points`, `meeting_individual_points`, `minutes`, `seconds`, `hundreds`, `meeting_program_id`, `swimmer_id`, `team_id`, `badge_id`, `user_id`, `created_at`, `updated_at`, `disqualification_code_type_id`, `goggle_cup_points`, `reaction_time`, `team_points`, `team_affiliation_id`, `is_personal_best`, `is_season_type_best`)
  VALUES (463217, 4, 1, 0, 0, 759.14, 759.14, 0, 35, 0, 80258, 6777, 16, 48079, 1, '2016-11-16 07:33:45', '2016-11-16 07:33:45', NULL, 0.0, 0.0, 0.0, 2701, 0, 0);

INSERT INTO `meeting_individual_results` (`id`, `rank`, `is_play_off`, `is_out_of_race`, `is_disqualified`, `standard_points`, `meeting_individual_points`, `minutes`, `seconds`, `hundreds`, `meeting_program_id`, `swimmer_id`, `team_id`, `badge_id`, `user_id`, `created_at`, `updated_at`, `disqualification_code_type_id`, `goggle_cup_points`, `reaction_time`, `team_points`, `team_affiliation_id`, `is_personal_best`, `is_season_type_best`)
  VALUES (463218, 5, 1, 0, 0, 755.26, 755.26, 0, 35, 18, 80258, 9842, 295, 55134, 1, '2016-11-16 07:33:46', '2016-11-16 07:33:46', NULL, 0.0, 0.0, 0.0, 2401, 0, 0);

INSERT INTO `meeting_individual_results` (`id`, `rank`, `is_play_off`, `is_out_of_race`, `is_disqualified`, `standard_points`, `meeting_individual_points`, `minutes`, `seconds`, `hundreds`, `meeting_program_id`, `swimmer_id`, `team_id`, `badge_id`, `user_id`, `created_at`, `updated_at`, `disqualification_code_type_id`, `goggle_cup_points`, `reaction_time`, `team_points`, `team_affiliation_id`, `is_personal_best`, `is_season_type_best`)
  VALUES (463219, 6, 1, 0, 0, 746.35, 746.35, 0, 35, 60, 80258, 3496, 189, 40156, 1, '2016-11-16 07:33:46', '2016-11-16 07:33:46', NULL, 0.0, 0.0, 0.0, 1799, 0, 0);

INSERT INTO `meeting_individual_results` (`id`, `rank`, `is_play_off`, `is_out_of_race`, `is_disqualified`, `standard_points`, `meeting_individual_points`, `minutes`, `seconds`, `hundreds`, `meeting_program_id`, `swimmer_id`, `team_id`, `badge_id`, `user_id`, `created_at`, `updated_at`, `disqualification_code_type_id`, `goggle_cup_points`, `reaction_time`, `team_points`, `team_affiliation_id`, `is_personal_best`, `is_season_type_best`)
  VALUES (463220, 7, 1, 0, 0, 610.66, 610.66, 0, 43, 51, 80258, 28036, 424, 59664, 1, '2016-11-16 07:33:46', '2016-11-16 07:33:46', NULL, 0.0, 0.0, 0.0, 2727, 0, 0);

INSERT INTO `meeting_individual_results` (`id`, `rank`, `is_play_off`, `is_out_of_race`, `is_disqualified`, `standard_points`, `meeting_individual_points`, `minutes`, `seconds`, `hundreds`, `meeting_program_id`, `swimmer_id`, `team_id`, `badge_id`, `user_id`, `created_at`, `updated_at`, `disqualification_code_type_id`, `goggle_cup_points`, `reaction_time`, `team_points`, `team_affiliation_id`, `is_personal_best`, `is_season_type_best`)
  VALUES (463221, 8, 1, 0, 0, 521.9, 521.9, 0, 50, 91, 80258, 9830, 219, 59249, 1, '2016-11-16 07:33:46', '2016-11-16 07:33:46', NULL, 0.0, 0.0, 0.0, 1739, 0, 0);

INSERT INTO `meeting_individual_results` (`id`, `rank`, `is_play_off`, `is_out_of_race`, `is_disqualified`, `standard_points`, `meeting_individual_points`, `minutes`, `seconds`, `hundreds`, `meeting_program_id`, `swimmer_id`, `team_id`, `badge_id`, `user_id`, `created_at`, `updated_at`, `disqualification_code_type_id`, `goggle_cup_points`, `reaction_time`, `team_points`, `team_affiliation_id`, `is_personal_best`, `is_season_type_best`)
  VALUES (463222, 1, 1, 0, 0, 834.09, 834.09, 0, 32, 85, 80259, 26970, 741, 55340, 1, '2016-11-16 07:33:46', '2016-11-16 07:33:46', NULL, 0.0, 0.0, 0.0, 1547, 0, 0);

INSERT INTO `meeting_individual_results` (`id`, `rank`, `is_play_off`, `is_out_of_race`, `is_disqualified`, `standard_points`, `meeting_individual_points`, `minutes`, `seconds`, `hundreds`, `meeting_program_id`, `swimmer_id`, `team_id`, `badge_id`, `user_id`, `created_at`, `updated_at`, `disqualification_code_type_id`, `goggle_cup_points`, `reaction_time`, `team_points`, `team_affiliation_id`, `is_personal_best`, `is_season_type_best`)
  VALUES (463223, 2, 1, 0, 0, 803.05, 803.05, 0, 34, 12, 80259, 2203, 111, 33385, 1, '2016-11-16 07:33:46', '2016-11-16 07:33:46', NULL, 0.0, 0.0, 0.0, 1658, 0, 0);

INSERT INTO `meeting_individual_results` (`id`, `rank`, `is_play_off`, `is_out_of_race`, `is_disqualified`, `standard_points`, `meeting_individual_points`, `minutes`, `seconds`, `hundreds`, `meeting_program_id`, `swimmer_id`, `team_id`, `badge_id`, `user_id`, `created_at`, `updated_at`, `disqualification_code_type_id`, `goggle_cup_points`, `reaction_time`, `team_points`, `team_affiliation_id`, `is_personal_best`, `is_season_type_best`)
  VALUES (463224, 3, 1, 0, 0, 749.66, 749.66, 0, 36, 55, 80259, 9773, 741, 55516, 1, '2016-11-16 07:33:46', '2016-11-16 07:33:46', NULL, 0.0, 0.0, 0.0, 1547, 0, 0);

INSERT INTO `meeting_individual_results` (`id`, `rank`, `is_play_off`, `is_out_of_race`, `is_disqualified`, `standard_points`, `meeting_individual_points`, `minutes`, `seconds`, `hundreds`, `meeting_program_id`, `swimmer_id`, `team_id`, `badge_id`, `user_id`, `created_at`, `updated_at`, `disqualification_code_type_id`, `goggle_cup_points`, `reaction_time`, `team_points`, `team_affiliation_id`, `is_personal_best`, `is_season_type_best`)
  VALUES (463225, 4, 1, 0, 0, 666.67, 666.67, 0, 41, 10, 80259, 7965, 741, 58617, 1, '2016-11-16 07:33:46', '2016-11-16 07:33:46', NULL, 0.0, 0.0, 0.0, 1547, 0, 0);

INSERT INTO `meeting_individual_results` (`id`, `rank`, `is_play_off`, `is_out_of_race`, `is_disqualified`, `standard_points`, `meeting_individual_points`, `minutes`, `seconds`, `hundreds`, `meeting_program_id`, `swimmer_id`, `team_id`, `badge_id`, `user_id`, `created_at`, `updated_at`, `disqualification_code_type_id`, `goggle_cup_points`, `reaction_time`, `team_points`, `team_affiliation_id`, `is_personal_best`, `is_season_type_best`)
  VALUES (463226, 1, 1, 0, 0, 778.17, 778.17, 0, 36, 65, 80260, 5231, 741, 55507, 1, '2016-11-16 07:33:46', '2016-11-16 07:33:46', NULL, 0.0, 0.0, 0.0, 1547, 0, 0);

INSERT INTO `meeting_individual_results` (`id`, `rank`, `is_play_off`, `is_out_of_race`, `is_disqualified`, `standard_points`, `meeting_individual_points`, `minutes`, `seconds`, `hundreds`, `meeting_program_id`, `swimmer_id`, `team_id`, `badge_id`, `user_id`, `created_at`, `updated_at`, `disqualification_code_type_id`, `goggle_cup_points`, `reaction_time`, `team_points`, `team_affiliation_id`, `is_personal_best`, `is_season_type_best`)
  VALUES (463227, 2, 1, 0, 0, 704.55, 704.55, 0, 40, 48, 80260, 24280, 321, 45156, 1, '2016-11-16 07:33:46', '2016-11-16 07:33:46', NULL, 0.0, 0.0, 0.0, 1652, 0, 0);

INSERT INTO `meeting_individual_results` (`id`, `rank`, `is_play_off`, `is_out_of_race`, `is_disqualified`, `standard_points`, `meeting_individual_points`, `minutes`, `seconds`, `hundreds`, `meeting_program_id`, `swimmer_id`, `team_id`, `badge_id`, `user_id`, `created_at`, `updated_at`, `disqualification_code_type_id`, `goggle_cup_points`, `reaction_time`, `team_points`, `team_affiliation_id`, `is_personal_best`, `is_season_type_best`)
  VALUES (463228, 1, 1, 0, 0, 662.74, 662.74, 0, 44, 98, 80261, 17734, 219, 37495, 1, '2016-11-16 07:33:46', '2016-11-16 07:33:46', NULL, 0.0, 0.0, 0.0, 1739, 0, 0);

INSERT INTO `meeting_individual_results` (`id`, `rank`, `is_play_off`, `is_out_of_race`, `is_disqualified`, `standard_points`, `meeting_individual_points`, `minutes`, `seconds`, `hundreds`, `meeting_program_id`, `swimmer_id`, `team_id`, `badge_id`, `user_id`, `created_at`, `updated_at`, `disqualification_code_type_id`, `goggle_cup_points`, `reaction_time`, `team_points`, `team_affiliation_id`, `is_personal_best`, `is_season_type_best`)
  VALUES (463229, 1, 1, 0, 0, 0.0, 0.0, 0, 28, 65, 80262, 25668, 314, 55244, 1, '2016-11-16 07:33:46', '2016-11-16 07:33:46', NULL, 0.0, 0.0, 0.0, 1895, 0, 0);

INSERT INTO `meeting_individual_results` (`id`, `rank`, `is_play_off`, `is_out_of_race`, `is_disqualified`, `standard_points`, `meeting_individual_points`, `minutes`, `seconds`, `hundreds`, `meeting_program_id`, `swimmer_id`, `team_id`, `badge_id`, `user_id`, `created_at`, `updated_at`, `disqualification_code_type_id`, `goggle_cup_points`, `reaction_time`, `team_points`, `team_affiliation_id`, `is_personal_best`, `is_season_type_best`)
  VALUES (463230, 2, 1, 0, 0, 0.0, 0.0, 0, 29, 95, 80262, 27224, 880, 55224, 1, '2016-11-16 07:33:46', '2016-11-16 07:33:46', NULL, 0.0, 0.0, 0.0, 1979, 0, 0);

INSERT INTO `meeting_individual_results` (`id`, `rank`, `is_play_off`, `is_out_of_race`, `is_disqualified`, `standard_points`, `meeting_individual_points`, `minutes`, `seconds`, `hundreds`, `meeting_program_id`, `swimmer_id`, `team_id`, `badge_id`, `user_id`, `created_at`, `updated_at`, `disqualification_code_type_id`, `goggle_cup_points`, `reaction_time`, `team_points`, `team_affiliation_id`, `is_personal_best`, `is_season_type_best`)
  VALUES (463231, 1, 1, 0, 0, 734.64, 734.64, 0, 43, 94, 80263, 16671, 189, 40616, 1, '2016-11-16 07:33:46', '2016-11-16 07:33:46', NULL, 0.0, 0.0, 0.0, 1799, 0, 0);

INSERT INTO `meeting_individual_results` (`id`, `rank`, `is_play_off`, `is_out_of_race`, `is_disqualified`, `standard_points`, `meeting_individual_points`, `minutes`, `seconds`, `hundreds`, `meeting_program_id`, `swimmer_id`, `team_id`, `badge_id`, `user_id`, `created_at`, `updated_at`, `disqualification_code_type_id`, `goggle_cup_points`, `reaction_time`, `team_points`, `team_affiliation_id`, `is_personal_best`, `is_season_type_best`)
  VALUES (463232, 1, 1, 0, 0, 777.54, 777.54, 0, 41, 76, 80264, 11438, 741, 55085, 1, '2016-11-16 07:33:46', '2016-11-16 07:33:46', NULL, 0.0, 0.0, 0.0, 1547, 0, 0);

INSERT INTO `meeting_individual_results` (`id`, `rank`, `is_play_off`, `is_out_of_race`, `is_disqualified`, `standard_points`, `meeting_individual_points`, `minutes`, `seconds`, `hundreds`, `meeting_program_id`, `swimmer_id`, `team_id`, `badge_id`, `user_id`, `created_at`, `updated_at`, `disqualification_code_type_id`, `goggle_cup_points`, `reaction_time`, `team_points`, `team_affiliation_id`, `is_personal_best`, `is_season_type_best`)
  VALUES (463233, 1, 1, 0, 0, 791.19, 791.19, 0, 41, 76, 80265, 17438, 716, 33377, 1, '2016-11-16 07:33:46', '2016-11-16 07:33:46', NULL, 0.0, 0.0, 0.0, 1563, 0, 0);

INSERT INTO `meeting_individual_results` (`id`, `rank`, `is_play_off`, `is_out_of_race`, `is_disqualified`, `standard_points`, `meeting_individual_points`, `minutes`, `seconds`, `hundreds`, `meeting_program_id`, `swimmer_id`, `team_id`, `badge_id`, `user_id`, `created_at`, `updated_at`, `disqualification_code_type_id`, `goggle_cup_points`, `reaction_time`, `team_points`, `team_affiliation_id`, `is_personal_best`, `is_season_type_best`)
  VALUES (463234, 2, 1, 0, 0, 688.91, 688.91, 0, 47, 96, 80265, 7202, 398, 60011, 1, '2016-11-16 07:33:46', '2016-11-16 07:33:46', NULL, 0.0, 0.0, 0.0, 2223, 0, 0);

INSERT INTO `meeting_individual_results` (`id`, `rank`, `is_play_off`, `is_out_of_race`, `is_disqualified`, `standard_points`, `meeting_individual_points`, `minutes`, `seconds`, `hundreds`, `meeting_program_id`, `swimmer_id`, `team_id`, `badge_id`, `user_id`, `created_at`, `updated_at`, `disqualification_code_type_id`, `goggle_cup_points`, `reaction_time`, `team_points`, `team_affiliation_id`, `is_personal_best`, `is_season_type_best`)
  VALUES (463235, 3, 1, 0, 0, 685.48, 685.48, 0, 48, 20, 80265, 7054, 111, 59230, 1, '2016-11-16 07:33:46', '2016-11-16 07:33:46', NULL, 0.0, 0.0, 0.0, 1658, 0, 0);

INSERT INTO `meeting_individual_results` (`id`, `rank`, `is_play_off`, `is_out_of_race`, `is_disqualified`, `standard_points`, `meeting_individual_points`, `minutes`, `seconds`, `hundreds`, `meeting_program_id`, `swimmer_id`, `team_id`, `badge_id`, `user_id`, `created_at`, `updated_at`, `disqualification_code_type_id`, `goggle_cup_points`, `reaction_time`, `team_points`, `team_affiliation_id`, `is_personal_best`, `is_season_type_best`)
  VALUES (463236, 4, 1, 0, 0, 631.98, 631.98, 0, 52, 28, 80265, 27905, 219, 60015, 1, '2016-11-16 07:33:47', '2016-11-16 07:33:47', NULL, 0.0, 0.0, 0.0, 1739, 0, 0);

INSERT INTO `meeting_individual_results` (`id`, `rank`, `is_play_off`, `is_out_of_race`, `is_disqualified`, `standard_points`, `meeting_individual_points`, `minutes`, `seconds`, `hundreds`, `meeting_program_id`, `swimmer_id`, `team_id`, `badge_id`, `user_id`, `created_at`, `updated_at`, `disqualification_code_type_id`, `goggle_cup_points`, `reaction_time`, `team_points`, `team_affiliation_id`, `is_personal_best`, `is_season_type_best`)
  VALUES (463237, 5, 1, 0, 0, 444.62, 444.62, 1, 14, 31, 80265, 24283, 321, 45231, 1, '2016-11-16 07:33:47', '2016-11-16 07:33:47', NULL, 0.0, 0.0, 0.0, 1652, 0, 0);

INSERT INTO `meeting_individual_results` (`id`, `rank`, `is_play_off`, `is_out_of_race`, `is_disqualified`, `standard_points`, `meeting_individual_points`, `minutes`, `seconds`, `hundreds`, `meeting_program_id`, `swimmer_id`, `team_id`, `badge_id`, `user_id`, `created_at`, `updated_at`, `disqualification_code_type_id`, `goggle_cup_points`, `reaction_time`, `team_points`, `team_affiliation_id`, `is_personal_best`, `is_season_type_best`)
  VALUES (463238, 1, 1, 0, 0, 658.85, 658.85, 0, 51, 18, 80266, 7903, 741, 58639, 1, '2016-11-16 07:33:47', '2016-11-16 07:33:47', NULL, 0.0, 0.0, 0.0, 1547, 0, 0);

INSERT INTO `meeting_individual_results` (`id`, `rank`, `is_play_off`, `is_out_of_race`, `is_disqualified`, `standard_points`, `meeting_individual_points`, `minutes`, `seconds`, `hundreds`, `meeting_program_id`, `swimmer_id`, `team_id`, `badge_id`, `user_id`, `created_at`, `updated_at`, `disqualification_code_type_id`, `goggle_cup_points`, `reaction_time`, `team_points`, `team_affiliation_id`, `is_personal_best`, `is_season_type_best`)
  VALUES (463239, 1, 1, 0, 0, 859.9, 859.9, 0, 39, 90, 80267, 1890, 716, 32872, 1, '2016-11-16 07:33:47', '2016-11-16 07:33:47', NULL, 0.0, 0.0, 0.0, 1563, 0, 0);

INSERT INTO `meeting_individual_results` (`id`, `rank`, `is_play_off`, `is_out_of_race`, `is_disqualified`, `standard_points`, `meeting_individual_points`, `minutes`, `seconds`, `hundreds`, `meeting_program_id`, `swimmer_id`, `team_id`, `badge_id`, `user_id`, `created_at`, `updated_at`, `disqualification_code_type_id`, `goggle_cup_points`, `reaction_time`, `team_points`, `team_affiliation_id`, `is_personal_best`, `is_season_type_best`)
  VALUES (463240, 2, 1, 0, 0, 815.35, 815.35, 0, 42, 8, 80267, 27739, 219, 59214, 1, '2016-11-16 07:33:47', '2016-11-16 07:33:47', NULL, 0.0, 0.0, 0.0, 1739, 0, 0);

INSERT INTO `meeting_individual_results` (`id`, `rank`, `is_play_off`, `is_out_of_race`, `is_disqualified`, `standard_points`, `meeting_individual_points`, `minutes`, `seconds`, `hundreds`, `meeting_program_id`, `swimmer_id`, `team_id`, `badge_id`, `user_id`, `created_at`, `updated_at`, `disqualification_code_type_id`, `goggle_cup_points`, `reaction_time`, `team_points`, `team_affiliation_id`, `is_personal_best`, `is_season_type_best`)
  VALUES (463241, 3, 1, 0, 0, 612.35, 612.35, 0, 56, 3, 80267, 27810, 741, 58641, 1, '2016-11-16 07:33:47', '2016-11-16 07:33:47', NULL, 0.0, 0.0, 0.0, 1547, 0, 0);

INSERT INTO `meeting_individual_results` (`id`, `rank`, `is_play_off`, `is_out_of_race`, `is_disqualified`, `standard_points`, `meeting_individual_points`, `minutes`, `seconds`, `hundreds`, `meeting_program_id`, `swimmer_id`, `team_id`, `badge_id`, `user_id`, `created_at`, `updated_at`, `disqualification_code_type_id`, `goggle_cup_points`, `reaction_time`, `team_points`, `team_affiliation_id`, `is_personal_best`, `is_season_type_best`)
  VALUES (463242, 1, 1, 0, 0, 766.05, 766.05, 0, 46, 89, 80268, 7151, 219, 60014, 1, '2016-11-16 07:33:47', '2016-11-16 07:33:47', NULL, 0.0, 0.0, 0.0, 1739, 0, 0);

INSERT INTO `meeting_individual_results` (`id`, `rank`, `is_play_off`, `is_out_of_race`, `is_disqualified`, `standard_points`, `meeting_individual_points`, `minutes`, `seconds`, `hundreds`, `meeting_program_id`, `swimmer_id`, `team_id`, `badge_id`, `user_id`, `created_at`, `updated_at`, `disqualification_code_type_id`, `goggle_cup_points`, `reaction_time`, `team_points`, `team_affiliation_id`, `is_personal_best`, `is_season_type_best`)
  VALUES (463243, 2, 1, 0, 0, 732.46, 732.46, 0, 49, 4, 80268, 27857, 111, 59232, 1, '2016-11-16 07:33:47', '2016-11-16 07:33:47', NULL, 0.0, 0.0, 0.0, 1658, 0, 0);

INSERT INTO `meeting_individual_results` (`id`, `rank`, `is_play_off`, `is_out_of_race`, `is_disqualified`, `standard_points`, `meeting_individual_points`, `minutes`, `seconds`, `hundreds`, `meeting_program_id`, `swimmer_id`, `team_id`, `badge_id`, `user_id`, `created_at`, `updated_at`, `disqualification_code_type_id`, `goggle_cup_points`, `reaction_time`, `team_points`, `team_affiliation_id`, `is_personal_best`, `is_season_type_best`)
  VALUES (463244, 3, 1, 0, 0, 605.43, 605.43, 0, 59, 33, 80268, 1900, 716, 32172, 1, '2016-11-16 07:33:47', '2016-11-16 07:33:47', NULL, 0.0, 0.0, 0.0, 1563, 0, 0);

INSERT INTO `meeting_individual_results` (`id`, `rank`, `is_play_off`, `is_out_of_race`, `is_disqualified`, `standard_points`, `meeting_individual_points`, `minutes`, `seconds`, `hundreds`, `meeting_program_id`, `swimmer_id`, `team_id`, `badge_id`, `user_id`, `created_at`, `updated_at`, `disqualification_code_type_id`, `goggle_cup_points`, `reaction_time`, `team_points`, `team_affiliation_id`, `is_personal_best`, `is_season_type_best`)
  VALUES (463245, 1, 1, 0, 0, 709.31, 709.31, 0, 59, 48, 80269, 1916, 716, 32431, 1, '2016-11-16 07:33:47', '2016-11-16 07:33:47', NULL, 0.0, 0.0, 0.0, 1563, 0, 0);

INSERT INTO `meeting_individual_results` (`id`, `rank`, `is_play_off`, `is_out_of_race`, `is_disqualified`, `standard_points`, `meeting_individual_points`, `minutes`, `seconds`, `hundreds`, `meeting_program_id`, `swimmer_id`, `team_id`, `badge_id`, `user_id`, `created_at`, `updated_at`, `disqualification_code_type_id`, `goggle_cup_points`, `reaction_time`, `team_points`, `team_affiliation_id`, `is_personal_best`, `is_season_type_best`)
  VALUES (463246, 1, 1, 0, 0, 0.0, 0.0, 0, 42, 78, 80270, 27985, 609, 59264, 1, '2016-11-16 07:33:47', '2016-11-16 07:33:47', NULL, 0.0, 0.0, 0.0, 1692, 0, 0);

INSERT INTO `meeting_individual_results` (`id`, `rank`, `is_play_off`, `is_out_of_race`, `is_disqualified`, `standard_points`, `meeting_individual_points`, `minutes`, `seconds`, `hundreds`, `meeting_program_id`, `swimmer_id`, `team_id`, `badge_id`, `user_id`, `created_at`, `updated_at`, `disqualification_code_type_id`, `goggle_cup_points`, `reaction_time`, `team_points`, `team_affiliation_id`, `is_personal_best`, `is_season_type_best`)
  VALUES (463247, 1, 1, 0, 0, 728.06, 728.06, 0, 38, 17, 80271, 20968, 741, 32394, 1, '2016-11-16 07:33:47', '2016-11-16 07:33:47', NULL, 0.0, 0.0, 0.0, 1547, 0, 0);

INSERT INTO `meeting_individual_results` (`id`, `rank`, `is_play_off`, `is_out_of_race`, `is_disqualified`, `standard_points`, `meeting_individual_points`, `minutes`, `seconds`, `hundreds`, `meeting_program_id`, `swimmer_id`, `team_id`, `badge_id`, `user_id`, `created_at`, `updated_at`, `disqualification_code_type_id`, `goggle_cup_points`, `reaction_time`, `team_points`, `team_affiliation_id`, `is_personal_best`, `is_season_type_best`)
  VALUES (463248, 1, 1, 0, 0, 718.49, 718.49, 0, 39, 4, 80272, 4994, 54, 33214, 1, '2016-11-16 07:33:47', '2016-11-16 07:33:47', NULL, 0.0, 0.0, 0.0, 1572, 0, 0);

INSERT INTO `meeting_individual_results` (`id`, `rank`, `is_play_off`, `is_out_of_race`, `is_disqualified`, `standard_points`, `meeting_individual_points`, `minutes`, `seconds`, `hundreds`, `meeting_program_id`, `swimmer_id`, `team_id`, `badge_id`, `user_id`, `created_at`, `updated_at`, `disqualification_code_type_id`, `goggle_cup_points`, `reaction_time`, `team_points`, `team_affiliation_id`, `is_personal_best`, `is_season_type_best`)
  VALUES (463249, 2, 1, 0, 0, 690.89, 690.89, 0, 40, 60, 80272, 27204, 366, 55103, 1, '2016-11-16 07:33:47', '2016-11-16 07:33:47', NULL, 0.0, 0.0, 0.0, 2404, 0, 0);

INSERT INTO `meeting_individual_results` (`id`, `rank`, `is_play_off`, `is_out_of_race`, `is_disqualified`, `standard_points`, `meeting_individual_points`, `minutes`, `seconds`, `hundreds`, `meeting_program_id`, `swimmer_id`, `team_id`, `badge_id`, `user_id`, `created_at`, `updated_at`, `disqualification_code_type_id`, `goggle_cup_points`, `reaction_time`, `team_points`, `team_affiliation_id`, `is_personal_best`, `is_season_type_best`)
  VALUES (463250, 1, 1, 0, 0, 848.83, 848.83, 0, 33, 87, 80273, 20950, 54, 32446, 1, '2016-11-16 07:33:47', '2016-11-16 07:33:47', NULL, 0.0, 0.0, 0.0, 1572, 0, 0);

INSERT INTO `meeting_individual_results` (`id`, `rank`, `is_play_off`, `is_out_of_race`, `is_disqualified`, `standard_points`, `meeting_individual_points`, `minutes`, `seconds`, `hundreds`, `meeting_program_id`, `swimmer_id`, `team_id`, `badge_id`, `user_id`, `created_at`, `updated_at`, `disqualification_code_type_id`, `goggle_cup_points`, `reaction_time`, `team_points`, `team_affiliation_id`, `is_personal_best`, `is_season_type_best`)
  VALUES (463251, 2, 1, 0, 0, 841.87, 841.87, 0, 34, 15, 80273, 7988, 314, 58688, 1, '2016-11-16 07:33:47', '2016-11-16 07:33:47', NULL, 0.0, 0.0, 0.0, 1895, 0, 0);

INSERT INTO `meeting_individual_results` (`id`, `rank`, `is_play_off`, `is_out_of_race`, `is_disqualified`, `standard_points`, `meeting_individual_points`, `minutes`, `seconds`, `hundreds`, `meeting_program_id`, `swimmer_id`, `team_id`, `badge_id`, `user_id`, `created_at`, `updated_at`, `disqualification_code_type_id`, `goggle_cup_points`, `reaction_time`, `team_points`, `team_affiliation_id`, `is_personal_best`, `is_season_type_best`)
  VALUES (463252, 3, 1, 0, 0, 825.44, 825.44, 0, 34, 83, 80273, 28096, 424, 60000, 1, '2016-11-16 07:33:47', '2016-11-16 07:33:47', NULL, 0.0, 0.0, 0.0, 2727, 0, 0);

INSERT INTO `meeting_individual_results` (`id`, `rank`, `is_play_off`, `is_out_of_race`, `is_disqualified`, `standard_points`, `meeting_individual_points`, `minutes`, `seconds`, `hundreds`, `meeting_program_id`, `swimmer_id`, `team_id`, `badge_id`, `user_id`, `created_at`, `updated_at`, `disqualification_code_type_id`, `goggle_cup_points`, `reaction_time`, `team_points`, `team_affiliation_id`, `is_personal_best`, `is_season_type_best`)
  VALUES (463253, 4, 1, 0, 0, 773.06, 773.06, 0, 37, 19, 80273, 26751, 878, 60008, 1, '2016-11-16 07:33:47', '2016-11-16 07:33:47', NULL, 0.0, 0.0, 0.0, 1974, 0, 0);

INSERT INTO `meeting_individual_results` (`id`, `rank`, `is_play_off`, `is_out_of_race`, `is_disqualified`, `standard_points`, `meeting_individual_points`, `minutes`, `seconds`, `hundreds`, `meeting_program_id`, `swimmer_id`, `team_id`, `badge_id`, `user_id`, `created_at`, `updated_at`, `disqualification_code_type_id`, `goggle_cup_points`, `reaction_time`, `team_points`, `team_affiliation_id`, `is_personal_best`, `is_season_type_best`)
  VALUES (463254, 1, 1, 0, 0, 820.06, 820.06, 0, 35, 29, 80274, 27881, 878, 60007, 1, '2016-11-16 07:33:48', '2016-11-16 07:33:48', NULL, 0.0, 0.0, 0.0, 1974, 0, 0);

INSERT INTO `meeting_individual_results` (`id`, `rank`, `is_play_off`, `is_out_of_race`, `is_disqualified`, `standard_points`, `meeting_individual_points`, `minutes`, `seconds`, `hundreds`, `meeting_program_id`, `swimmer_id`, `team_id`, `badge_id`, `user_id`, `created_at`, `updated_at`, `disqualification_code_type_id`, `goggle_cup_points`, `reaction_time`, `team_points`, `team_affiliation_id`, `is_personal_best`, `is_season_type_best`)
  VALUES (463255, 2, 1, 0, 0, 763.19, 763.19, 0, 37, 92, 80274, 7960, 424, 59984, 1, '2016-11-16 07:33:48', '2016-11-16 07:33:48', NULL, 0.0, 0.0, 0.0, 2727, 0, 0);

INSERT INTO `meeting_individual_results` (`id`, `rank`, `is_play_off`, `is_out_of_race`, `is_disqualified`, `standard_points`, `meeting_individual_points`, `minutes`, `seconds`, `hundreds`, `meeting_program_id`, `swimmer_id`, `team_id`, `badge_id`, `user_id`, `created_at`, `updated_at`, `disqualification_code_type_id`, `goggle_cup_points`, `reaction_time`, `team_points`, `team_affiliation_id`, `is_personal_best`, `is_season_type_best`)
  VALUES (463256, 3, 1, 0, 0, 739.02, 739.02, 0, 39, 16, 80274, 19753, 189, 41010, 1, '2016-11-16 07:33:48', '2016-11-16 07:33:48', NULL, 0.0, 0.0, 0.0, 1799, 0, 0);

INSERT INTO `meeting_individual_results` (`id`, `rank`, `is_play_off`, `is_out_of_race`, `is_disqualified`, `standard_points`, `meeting_individual_points`, `minutes`, `seconds`, `hundreds`, `meeting_program_id`, `swimmer_id`, `team_id`, `badge_id`, `user_id`, `created_at`, `updated_at`, `disqualification_code_type_id`, `goggle_cup_points`, `reaction_time`, `team_points`, `team_affiliation_id`, `is_personal_best`, `is_season_type_best`)
  VALUES (463257, 4, 1, 0, 0, 680.3, 680.3, 0, 42, 54, 80274, 24282, 374, 45172, 1, '2016-11-16 07:33:48', '2016-11-16 07:33:48', NULL, 0.0, 0.0, 0.0, 1567, 0, 0);

INSERT INTO `meeting_individual_results` (`id`, `rank`, `is_play_off`, `is_out_of_race`, `is_disqualified`, `standard_points`, `meeting_individual_points`, `minutes`, `seconds`, `hundreds`, `meeting_program_id`, `swimmer_id`, `team_id`, `badge_id`, `user_id`, `created_at`, `updated_at`, `disqualification_code_type_id`, `goggle_cup_points`, `reaction_time`, `team_points`, `team_affiliation_id`, `is_personal_best`, `is_season_type_best`)
  VALUES (463258, 5, 1, 0, 0, 624.51, 624.51, 0, 46, 34, 80274, 4931, 314, 55118, 1, '2016-11-16 07:33:48', '2016-11-16 07:33:48', NULL, 0.0, 0.0, 0.0, 1895, 0, 0);

INSERT INTO `meeting_individual_results` (`id`, `rank`, `is_play_off`, `is_out_of_race`, `is_disqualified`, `standard_points`, `meeting_individual_points`, `minutes`, `seconds`, `hundreds`, `meeting_program_id`, `swimmer_id`, `team_id`, `badge_id`, `user_id`, `created_at`, `updated_at`, `disqualification_code_type_id`, `goggle_cup_points`, `reaction_time`, `team_points`, `team_affiliation_id`, `is_personal_best`, `is_season_type_best`)
  VALUES (463259, 1, 1, 0, 0, 902.9, 902.9, 0, 33, 6, 80275, 6136, 111, 59245, 1, '2016-11-16 07:33:48', '2016-11-16 07:33:48', NULL, 0.0, 0.0, 0.0, 1658, 0, 0);

INSERT INTO `meeting_individual_results` (`id`, `rank`, `is_play_off`, `is_out_of_race`, `is_disqualified`, `standard_points`, `meeting_individual_points`, `minutes`, `seconds`, `hundreds`, `meeting_program_id`, `swimmer_id`, `team_id`, `badge_id`, `user_id`, `created_at`, `updated_at`, `disqualification_code_type_id`, `goggle_cup_points`, `reaction_time`, `team_points`, `team_affiliation_id`, `is_personal_best`, `is_season_type_best`)
  VALUES (463260, 2, 1, 0, 0, 759.93, 759.93, 0, 39, 28, 80275, 8174, 189, 40280, 1, '2016-11-16 07:33:48', '2016-11-16 07:33:48', NULL, 0.0, 0.0, 0.0, 1799, 0, 0);

INSERT INTO `meeting_individual_results` (`id`, `rank`, `is_play_off`, `is_out_of_race`, `is_disqualified`, `standard_points`, `meeting_individual_points`, `minutes`, `seconds`, `hundreds`, `meeting_program_id`, `swimmer_id`, `team_id`, `badge_id`, `user_id`, `created_at`, `updated_at`, `disqualification_code_type_id`, `goggle_cup_points`, `reaction_time`, `team_points`, `team_affiliation_id`, `is_personal_best`, `is_season_type_best`)
  VALUES (463261, 3, 1, 0, 0, 705.34, 705.34, 0, 42, 32, 80275, 9471, 295, 55125, 1, '2016-11-16 07:33:48', '2016-11-16 07:33:48', NULL, 0.0, 0.0, 0.0, 2401, 0, 0);

INSERT INTO `meeting_individual_results` (`id`, `rank`, `is_play_off`, `is_out_of_race`, `is_disqualified`, `standard_points`, `meeting_individual_points`, `minutes`, `seconds`, `hundreds`, `meeting_program_id`, `swimmer_id`, `team_id`, `badge_id`, `user_id`, `created_at`, `updated_at`, `disqualification_code_type_id`, `goggle_cup_points`, `reaction_time`, `team_points`, `team_affiliation_id`, `is_personal_best`, `is_season_type_best`)
  VALUES (463262, 4, 1, 0, 0, 701.86, 701.86, 0, 42, 53, 80275, 7197, 741, 58707, 1, '2016-11-16 07:33:48', '2016-11-16 07:33:48', NULL, 0.0, 0.0, 0.0, 1547, 0, 0);

INSERT INTO `meeting_individual_results` (`id`, `rank`, `is_play_off`, `is_out_of_race`, `is_disqualified`, `standard_points`, `meeting_individual_points`, `minutes`, `seconds`, `hundreds`, `meeting_program_id`, `swimmer_id`, `team_id`, `badge_id`, `user_id`, `created_at`, `updated_at`, `disqualification_code_type_id`, `goggle_cup_points`, `reaction_time`, `team_points`, `team_affiliation_id`, `is_personal_best`, `is_season_type_best`)
  VALUES (463263, 5, 1, 0, 0, 647.79, 647.79, 0, 46, 8, 80275, 27799, 716, 58710, 1, '2016-11-16 07:33:48', '2016-11-16 07:33:48', NULL, 0.0, 0.0, 0.0, 1563, 0, 0);

INSERT INTO `meeting_individual_results` (`id`, `rank`, `is_play_off`, `is_out_of_race`, `is_disqualified`, `standard_points`, `meeting_individual_points`, `minutes`, `seconds`, `hundreds`, `meeting_program_id`, `swimmer_id`, `team_id`, `badge_id`, `user_id`, `created_at`, `updated_at`, `disqualification_code_type_id`, `goggle_cup_points`, `reaction_time`, `team_points`, `team_affiliation_id`, `is_personal_best`, `is_season_type_best`)
  VALUES (463264, 6, 1, 0, 0, 599.88, 599.88, 0, 49, 76, 80275, 9890, 609, 55332, 1, '2016-11-16 07:33:48', '2016-11-16 07:33:48', NULL, 0.0, 0.0, 0.0, 1692, 0, 0);

INSERT INTO `meeting_individual_results` (`id`, `rank`, `is_play_off`, `is_out_of_race`, `is_disqualified`, `standard_points`, `meeting_individual_points`, `minutes`, `seconds`, `hundreds`, `meeting_program_id`, `swimmer_id`, `team_id`, `badge_id`, `user_id`, `created_at`, `updated_at`, `disqualification_code_type_id`, `goggle_cup_points`, `reaction_time`, `team_points`, `team_affiliation_id`, `is_personal_best`, `is_season_type_best`)
  VALUES (463265, 1, 1, 0, 0, 795.38, 795.38, 0, 39, 0, 80276, 8077, 201, 40605, 1, '2016-11-16 07:33:48', '2016-11-16 07:33:48', NULL, 0.0, 0.0, 0.0, 1717, 0, 0);

INSERT INTO `meeting_individual_results` (`id`, `rank`, `is_play_off`, `is_out_of_race`, `is_disqualified`, `standard_points`, `meeting_individual_points`, `minutes`, `seconds`, `hundreds`, `meeting_program_id`, `swimmer_id`, `team_id`, `badge_id`, `user_id`, `created_at`, `updated_at`, `disqualification_code_type_id`, `goggle_cup_points`, `reaction_time`, `team_points`, `team_affiliation_id`, `is_personal_best`, `is_season_type_best`)
  VALUES (463266, 2, 1, 0, 0, 693.49, 693.49, 0, 44, 73, 80276, 22005, 111, 38233, 1, '2016-11-16 07:33:48', '2016-11-16 07:33:48', NULL, 0.0, 0.0, 0.0, 1658, 0, 0);

INSERT INTO `meeting_individual_results` (`id`, `rank`, `is_play_off`, `is_out_of_race`, `is_disqualified`, `standard_points`, `meeting_individual_points`, `minutes`, `seconds`, `hundreds`, `meeting_program_id`, `swimmer_id`, `team_id`, `badge_id`, `user_id`, `created_at`, `updated_at`, `disqualification_code_type_id`, `goggle_cup_points`, `reaction_time`, `team_points`, `team_affiliation_id`, `is_personal_best`, `is_season_type_best`)
  VALUES (463267, 3, 1, 0, 0, 656.51, 656.51, 0, 47, 25, 80276, 27861, 111, 59250, 1, '2016-11-16 07:33:48', '2016-11-16 07:33:48', NULL, 0.0, 0.0, 0.0, 1658, 0, 0);

INSERT INTO `meeting_individual_results` (`id`, `rank`, `is_play_off`, `is_out_of_race`, `is_disqualified`, `standard_points`, `meeting_individual_points`, `minutes`, `seconds`, `hundreds`, `meeting_program_id`, `swimmer_id`, `team_id`, `badge_id`, `user_id`, `created_at`, `updated_at`, `disqualification_code_type_id`, `goggle_cup_points`, `reaction_time`, `team_points`, `team_affiliation_id`, `is_personal_best`, `is_season_type_best`)
  VALUES (463268, 1, 1, 0, 0, 912.71, 912.71, 0, 35, 17, 80277, 7334, 219, 58716, 1, '2016-11-16 07:33:48', '2016-11-16 07:33:48', NULL, 0.0, 0.0, 0.0, 1739, 0, 0);

INSERT INTO `meeting_individual_results` (`id`, `rank`, `is_play_off`, `is_out_of_race`, `is_disqualified`, `standard_points`, `meeting_individual_points`, `minutes`, `seconds`, `hundreds`, `meeting_program_id`, `swimmer_id`, `team_id`, `badge_id`, `user_id`, `created_at`, `updated_at`, `disqualification_code_type_id`, `goggle_cup_points`, `reaction_time`, `team_points`, `team_affiliation_id`, `is_personal_best`, `is_season_type_best`)
  VALUES (463269, 2, 1, 0, 0, 787.54, 787.54, 0, 40, 76, 80277, 26970, 741, 55340, 1, '2016-11-16 07:33:48', '2016-11-16 07:33:48', NULL, 0.0, 0.0, 0.0, 1547, 0, 0);

INSERT INTO `meeting_individual_results` (`id`, `rank`, `is_play_off`, `is_out_of_race`, `is_disqualified`, `standard_points`, `meeting_individual_points`, `minutes`, `seconds`, `hundreds`, `meeting_program_id`, `swimmer_id`, `team_id`, `badge_id`, `user_id`, `created_at`, `updated_at`, `disqualification_code_type_id`, `goggle_cup_points`, `reaction_time`, `team_points`, `team_affiliation_id`, `is_personal_best`, `is_season_type_best`)
  VALUES (463270, 3, 1, 0, 0, 718.44, 718.44, 0, 44, 68, 80277, 17750, 219, 41845, 1, '2016-11-16 07:33:48', '2016-11-16 07:33:48', NULL, 0.0, 0.0, 0.0, 1739, 0, 0);

INSERT INTO `meeting_individual_results` (`id`, `rank`, `is_play_off`, `is_out_of_race`, `is_disqualified`, `standard_points`, `meeting_individual_points`, `minutes`, `seconds`, `hundreds`, `meeting_program_id`, `swimmer_id`, `team_id`, `badge_id`, `user_id`, `created_at`, `updated_at`, `disqualification_code_type_id`, `goggle_cup_points`, `reaction_time`, `team_points`, `team_affiliation_id`, `is_personal_best`, `is_season_type_best`)
  VALUES (463271, 4, 1, 0, 0, 665.56, 665.56, 0, 48, 23, 80277, 26955, 741, 60016, 1, '2016-11-16 07:33:48', '2016-11-16 07:33:48', NULL, 0.0, 0.0, 0.0, 1547, 0, 0);

INSERT INTO `meeting_individual_results` (`id`, `rank`, `is_play_off`, `is_out_of_race`, `is_disqualified`, `standard_points`, `meeting_individual_points`, `minutes`, `seconds`, `hundreds`, `meeting_program_id`, `swimmer_id`, `team_id`, `badge_id`, `user_id`, `created_at`, `updated_at`, `disqualification_code_type_id`, `goggle_cup_points`, `reaction_time`, `team_points`, `team_affiliation_id`, `is_personal_best`, `is_season_type_best`)
  VALUES (463272, 1, 1, 0, 0, 744.09, 744.09, 0, 44, 82, 80278, 7388, 111, 59251, 1, '2016-11-16 07:33:49', '2016-11-16 07:33:49', NULL, 0.0, 0.0, 0.0, 1658, 0, 0);

INSERT INTO `meeting_individual_results` (`id`, `rank`, `is_play_off`, `is_out_of_race`, `is_disqualified`, `standard_points`, `meeting_individual_points`, `minutes`, `seconds`, `hundreds`, `meeting_program_id`, `swimmer_id`, `team_id`, `badge_id`, `user_id`, `created_at`, `updated_at`, `disqualification_code_type_id`, `goggle_cup_points`, `reaction_time`, `team_points`, `team_affiliation_id`, `is_personal_best`, `is_season_type_best`)
  VALUES (463273, 1, 1, 0, 0, 869.24, 869.24, 0, 39, 92, 80279, 6981, 219, 58622, 1, '2016-11-16 07:33:49', '2016-11-16 07:33:49', NULL, 0.0, 0.0, 0.0, 1739, 0, 0);

INSERT INTO `meeting_individual_results` (`id`, `rank`, `is_play_off`, `is_out_of_race`, `is_disqualified`, `standard_points`, `meeting_individual_points`, `minutes`, `seconds`, `hundreds`, `meeting_program_id`, `swimmer_id`, `team_id`, `badge_id`, `user_id`, `created_at`, `updated_at`, `disqualification_code_type_id`, `goggle_cup_points`, `reaction_time`, `team_points`, `team_affiliation_id`, `is_personal_best`, `is_season_type_best`)
  VALUES (463274, 2, 1, 0, 0, 632.63, 632.63, 0, 54, 85, 80279, 27234, 219, 55183, 1, '2016-11-16 07:33:49', '2016-11-16 07:33:49', NULL, 0.0, 0.0, 0.0, 1739, 0, 0);

INSERT INTO `meeting_individual_results` (`id`, `rank`, `is_play_off`, `is_out_of_race`, `is_disqualified`, `standard_points`, `meeting_individual_points`, `minutes`, `seconds`, `hundreds`, `meeting_program_id`, `swimmer_id`, `team_id`, `badge_id`, `user_id`, `created_at`, `updated_at`, `disqualification_code_type_id`, `goggle_cup_points`, `reaction_time`, `team_points`, `team_affiliation_id`, `is_personal_best`, `is_season_type_best`)
  VALUES (463275, 1, 1, 0, 0, 0.0, 0.0, 0, 35, 57, 80280, 28099, 424, 60017, 1, '2016-11-16 07:33:49', '2016-11-16 07:33:49', NULL, 0.0, 0.0, 0.0, 2727, 0, 0);

INSERT INTO `meeting_individual_results` (`id`, `rank`, `is_play_off`, `is_out_of_race`, `is_disqualified`, `standard_points`, `meeting_individual_points`, `minutes`, `seconds`, `hundreds`, `meeting_program_id`, `swimmer_id`, `team_id`, `badge_id`, `user_id`, `created_at`, `updated_at`, `disqualification_code_type_id`, `goggle_cup_points`, `reaction_time`, `team_points`, `team_affiliation_id`, `is_personal_best`, `is_season_type_best`)
  VALUES (463276, 1, 1, 0, 0, 904.21, 904.21, 0, 28, 50, 80281, 6047, 609, 33735, 1, '2016-11-16 07:33:49', '2016-11-16 07:33:49', NULL, 0.0, 0.0, 0.0, 1692, 0, 0);

INSERT INTO `meeting_individual_results` (`id`, `rank`, `is_play_off`, `is_out_of_race`, `is_disqualified`, `standard_points`, `meeting_individual_points`, `minutes`, `seconds`, `hundreds`, `meeting_program_id`, `swimmer_id`, `team_id`, `badge_id`, `user_id`, `created_at`, `updated_at`, `disqualification_code_type_id`, `goggle_cup_points`, `reaction_time`, `team_points`, `team_affiliation_id`, `is_personal_best`, `is_season_type_best`)
  VALUES (463277, 2, 1, 0, 0, 814.73, 814.73, 0, 31, 63, 80281, 27245, 609, 55251, 1, '2016-11-16 07:33:49', '2016-11-16 07:33:49', NULL, 0.0, 0.0, 0.0, 1692, 0, 0);

INSERT INTO `meeting_individual_results` (`id`, `rank`, `is_play_off`, `is_out_of_race`, `is_disqualified`, `standard_points`, `meeting_individual_points`, `minutes`, `seconds`, `hundreds`, `meeting_program_id`, `swimmer_id`, `team_id`, `badge_id`, `user_id`, `created_at`, `updated_at`, `disqualification_code_type_id`, `goggle_cup_points`, `reaction_time`, `team_points`, `team_affiliation_id`, `is_personal_best`, `is_season_type_best`)
  VALUES (463278, 3, 1, 0, 0, 799.32, 799.32, 0, 32, 24, 80281, 9880, 741, 58694, 1, '2016-11-16 07:33:49', '2016-11-16 07:33:49', NULL, 0.0, 0.0, 0.0, 1547, 0, 0);

INSERT INTO `meeting_individual_results` (`id`, `rank`, `is_play_off`, `is_out_of_race`, `is_disqualified`, `standard_points`, `meeting_individual_points`, `minutes`, `seconds`, `hundreds`, `meeting_program_id`, `swimmer_id`, `team_id`, `badge_id`, `user_id`, `created_at`, `updated_at`, `disqualification_code_type_id`, `goggle_cup_points`, `reaction_time`, `team_points`, `team_affiliation_id`, `is_personal_best`, `is_season_type_best`)
  VALUES (463279, 4, 1, 0, 0, 699.32, 699.32, 0, 36, 85, 80281, 5902, 609, 33776, 1, '2016-11-16 07:33:49', '2016-11-16 07:33:49', NULL, 0.0, 0.0, 0.0, 1692, 0, 0);

INSERT INTO `meeting_individual_results` (`id`, `rank`, `is_play_off`, `is_out_of_race`, `is_disqualified`, `standard_points`, `meeting_individual_points`, `minutes`, `seconds`, `hundreds`, `meeting_program_id`, `swimmer_id`, `team_id`, `badge_id`, `user_id`, `created_at`, `updated_at`, `disqualification_code_type_id`, `goggle_cup_points`, `reaction_time`, `team_points`, `team_affiliation_id`, `is_personal_best`, `is_season_type_best`)
  VALUES (463280, 1, 1, 0, 0, 897.91, 897.91, 0, 28, 70, 80282, 9833, 741, 47776, 1, '2016-11-16 07:33:49', '2016-11-16 07:33:49', NULL, 0.0, 0.0, 0.0, 1547, 0, 0);

INSERT INTO `meeting_individual_results` (`id`, `rank`, `is_play_off`, `is_out_of_race`, `is_disqualified`, `standard_points`, `meeting_individual_points`, `minutes`, `seconds`, `hundreds`, `meeting_program_id`, `swimmer_id`, `team_id`, `badge_id`, `user_id`, `created_at`, `updated_at`, `disqualification_code_type_id`, `goggle_cup_points`, `reaction_time`, `team_points`, `team_affiliation_id`, `is_personal_best`, `is_season_type_best`)
  VALUES (463281, 2, 1, 0, 0, 896.35, 896.35, 0, 28, 75, 80282, 7905, 741, 59979, 1, '2016-11-16 07:33:49', '2016-11-16 07:33:49', NULL, 0.0, 0.0, 0.0, 1547, 0, 0);

INSERT INTO `meeting_individual_results` (`id`, `rank`, `is_play_off`, `is_out_of_race`, `is_disqualified`, `standard_points`, `meeting_individual_points`, `minutes`, `seconds`, `hundreds`, `meeting_program_id`, `swimmer_id`, `team_id`, `badge_id`, `user_id`, `created_at`, `updated_at`, `disqualification_code_type_id`, `goggle_cup_points`, `reaction_time`, `team_points`, `team_affiliation_id`, `is_personal_best`, `is_season_type_best`)
  VALUES (463282, 3, 1, 0, 0, 844.64, 844.64, 0, 30, 51, 80282, 21289, 54, 34110, 1, '2016-11-16 07:33:49', '2016-11-16 07:33:49', NULL, 0.0, 0.0, 0.0, 1572, 0, 0);

INSERT INTO `meeting_individual_results` (`id`, `rank`, `is_play_off`, `is_out_of_race`, `is_disqualified`, `standard_points`, `meeting_individual_points`, `minutes`, `seconds`, `hundreds`, `meeting_program_id`, `swimmer_id`, `team_id`, `badge_id`, `user_id`, `created_at`, `updated_at`, `disqualification_code_type_id`, `goggle_cup_points`, `reaction_time`, `team_points`, `team_affiliation_id`, `is_personal_best`, `is_season_type_best`)
  VALUES (463283, 4, 1, 0, 0, 789.04, 789.04, 0, 32, 66, 80282, 8212, 953, 35331, 1, '2016-11-16 07:33:49', '2016-11-16 07:33:49', NULL, 0.0, 0.0, 0.0, 2730, 0, 0);

INSERT INTO `meeting_individual_results` (`id`, `rank`, `is_play_off`, `is_out_of_race`, `is_disqualified`, `standard_points`, `meeting_individual_points`, `minutes`, `seconds`, `hundreds`, `meeting_program_id`, `swimmer_id`, `team_id`, `badge_id`, `user_id`, `created_at`, `updated_at`, `disqualification_code_type_id`, `goggle_cup_points`, `reaction_time`, `team_points`, `team_affiliation_id`, `is_personal_best`, `is_season_type_best`)
  VALUES (463284, 1, 1, 0, 0, 822.57, 822.57, 0, 31, 90, 80283, 17438, 716, 33377, 1, '2016-11-16 07:33:49', '2016-11-16 07:33:49', NULL, 0.0, 0.0, 0.0, 1563, 0, 0);

INSERT INTO `meeting_individual_results` (`id`, `rank`, `is_play_off`, `is_out_of_race`, `is_disqualified`, `standard_points`, `meeting_individual_points`, `minutes`, `seconds`, `hundreds`, `meeting_program_id`, `swimmer_id`, `team_id`, `badge_id`, `user_id`, `created_at`, `updated_at`, `disqualification_code_type_id`, `goggle_cup_points`, `reaction_time`, `team_points`, `team_affiliation_id`, `is_personal_best`, `is_season_type_best`)
  VALUES (463285, 2, 1, 0, 0, 682.27, 682.27, 0, 38, 46, 80283, 6707, 321, 46460, 1, '2016-11-16 07:33:49', '2016-11-16 07:33:49', NULL, 0.0, 0.0, 0.0, 1652, 0, 0);

INSERT INTO `meeting_individual_results` (`id`, `rank`, `is_play_off`, `is_out_of_race`, `is_disqualified`, `standard_points`, `meeting_individual_points`, `minutes`, `seconds`, `hundreds`, `meeting_program_id`, `swimmer_id`, `team_id`, `badge_id`, `user_id`, `created_at`, `updated_at`, `disqualification_code_type_id`, `goggle_cup_points`, `reaction_time`, `team_points`, `team_affiliation_id`, `is_personal_best`, `is_season_type_best`)
  VALUES (463286, 3, 1, 0, 0, 659.46, 659.46, 0, 39, 79, 80283, 27905, 219, 60015, 1, '2016-11-16 07:33:49', '2016-11-16 07:33:49', NULL, 0.0, 0.0, 0.0, 1739, 0, 0);

INSERT INTO `meeting_individual_results` (`id`, `rank`, `is_play_off`, `is_out_of_race`, `is_disqualified`, `standard_points`, `meeting_individual_points`, `minutes`, `seconds`, `hundreds`, `meeting_program_id`, `swimmer_id`, `team_id`, `badge_id`, `user_id`, `created_at`, `updated_at`, `disqualification_code_type_id`, `goggle_cup_points`, `reaction_time`, `team_points`, `team_affiliation_id`, `is_personal_best`, `is_season_type_best`)
  VALUES (463287, 4, 1, 0, 0, 435.95, 435.95, 1, 0, 19, 80283, 24283, 321, 45231, 1, '2016-11-16 07:33:49', '2016-11-16 07:33:49', NULL, 0.0, 0.0, 0.0, 1652, 0, 0);

INSERT INTO `meeting_individual_results` (`id`, `rank`, `is_play_off`, `is_out_of_race`, `is_disqualified`, `standard_points`, `meeting_individual_points`, `minutes`, `seconds`, `hundreds`, `meeting_program_id`, `swimmer_id`, `team_id`, `badge_id`, `user_id`, `created_at`, `updated_at`, `disqualification_code_type_id`, `goggle_cup_points`, `reaction_time`, `team_points`, `team_affiliation_id`, `is_personal_best`, `is_season_type_best`)
  VALUES (463288, 1, 1, 0, 0, 814.92, 814.92, 0, 32, 85, 80284, 25479, 219, 47859, 1, '2016-11-16 07:33:49', '2016-11-16 07:33:49', NULL, 0.0, 0.0, 0.0, 1739, 0, 0);

INSERT INTO `meeting_individual_results` (`id`, `rank`, `is_play_off`, `is_out_of_race`, `is_disqualified`, `standard_points`, `meeting_individual_points`, `minutes`, `seconds`, `hundreds`, `meeting_program_id`, `swimmer_id`, `team_id`, `badge_id`, `user_id`, `created_at`, `updated_at`, `disqualification_code_type_id`, `goggle_cup_points`, `reaction_time`, `team_points`, `team_affiliation_id`, `is_personal_best`, `is_season_type_best`)
  VALUES (463289, 2, 1, 0, 0, 753.45, 753.45, 0, 35, 53, 80284, 7903, 741, 58639, 1, '2016-11-16 07:33:49', '2016-11-16 07:33:49', NULL, 0.0, 0.0, 0.0, 1547, 0, 0);

INSERT INTO `meeting_individual_results` (`id`, `rank`, `is_play_off`, `is_out_of_race`, `is_disqualified`, `standard_points`, `meeting_individual_points`, `minutes`, `seconds`, `hundreds`, `meeting_program_id`, `swimmer_id`, `team_id`, `badge_id`, `user_id`, `created_at`, `updated_at`, `disqualification_code_type_id`, `goggle_cup_points`, `reaction_time`, `team_points`, `team_affiliation_id`, `is_personal_best`, `is_season_type_best`)
  VALUES (463290, 3, 1, 0, 0, 649.6, 649.6, 0, 41, 21, 80284, 9804, 741, 55188, 1, '2016-11-16 07:33:50', '2016-11-16 07:33:50', NULL, 0.0, 0.0, 0.0, 1547, 0, 0);

INSERT INTO `meeting_individual_results` (`id`, `rank`, `is_play_off`, `is_out_of_race`, `is_disqualified`, `standard_points`, `meeting_individual_points`, `minutes`, `seconds`, `hundreds`, `meeting_program_id`, `swimmer_id`, `team_id`, `badge_id`, `user_id`, `created_at`, `updated_at`, `disqualification_code_type_id`, `goggle_cup_points`, `reaction_time`, `team_points`, `team_affiliation_id`, `is_personal_best`, `is_season_type_best`)
  VALUES (463291, 4, 1, 0, 0, 608.96, 608.96, 0, 43, 96, 80284, 27871, 219, 60005, 1, '2016-11-16 07:33:50', '2016-11-16 07:33:50', NULL, 0.0, 0.0, 0.0, 1739, 0, 0);

INSERT INTO `meeting_individual_results` (`id`, `rank`, `is_play_off`, `is_out_of_race`, `is_disqualified`, `standard_points`, `meeting_individual_points`, `minutes`, `seconds`, `hundreds`, `meeting_program_id`, `swimmer_id`, `team_id`, `badge_id`, `user_id`, `created_at`, `updated_at`, `disqualification_code_type_id`, `goggle_cup_points`, `reaction_time`, `team_points`, `team_affiliation_id`, `is_personal_best`, `is_season_type_best`)
  VALUES (463292, 1, 1, 0, 0, 804.99, 804.99, 0, 33, 69, 80285, 21078, 741, 33005, 1, '2016-11-16 07:33:50', '2016-11-16 07:33:50', NULL, 0.0, 0.0, 0.0, 1547, 0, 0);

INSERT INTO `meeting_individual_results` (`id`, `rank`, `is_play_off`, `is_out_of_race`, `is_disqualified`, `standard_points`, `meeting_individual_points`, `minutes`, `seconds`, `hundreds`, `meeting_program_id`, `swimmer_id`, `team_id`, `badge_id`, `user_id`, `created_at`, `updated_at`, `disqualification_code_type_id`, `goggle_cup_points`, `reaction_time`, `team_points`, `team_affiliation_id`, `is_personal_best`, `is_season_type_best`)
  VALUES (463293, 2, 1, 0, 0, 728.84, 728.84, 0, 37, 21, 80285, 6165, 741, 33206, 1, '2016-11-16 07:33:50', '2016-11-16 07:33:50', NULL, 0.0, 0.0, 0.0, 1547, 0, 0);

INSERT INTO `meeting_individual_results` (`id`, `rank`, `is_play_off`, `is_out_of_race`, `is_disqualified`, `standard_points`, `meeting_individual_points`, `minutes`, `seconds`, `hundreds`, `meeting_program_id`, `swimmer_id`, `team_id`, `badge_id`, `user_id`, `created_at`, `updated_at`, `disqualification_code_type_id`, `goggle_cup_points`, `reaction_time`, `team_points`, `team_affiliation_id`, `is_personal_best`, `is_season_type_best`)
  VALUES (463294, 3, 1, 0, 0, 691.13, 691.13, 0, 39, 24, 80285, 1897, 716, 58662, 1, '2016-11-16 07:33:50', '2016-11-16 07:33:50', NULL, 0.0, 0.0, 0.0, 1563, 0, 0);

INSERT INTO `meeting_individual_results` (`id`, `rank`, `is_play_off`, `is_out_of_race`, `is_disqualified`, `standard_points`, `meeting_individual_points`, `minutes`, `seconds`, `hundreds`, `meeting_program_id`, `swimmer_id`, `team_id`, `badge_id`, `user_id`, `created_at`, `updated_at`, `disqualification_code_type_id`, `goggle_cup_points`, `reaction_time`, `team_points`, `team_affiliation_id`, `is_personal_best`, `is_season_type_best`)
  VALUES (463295, 4, 1, 0, 0, 624.17, 624.17, 0, 43, 45, 80285, 7909, 424, 59681, 1, '2016-11-16 07:33:50', '2016-11-16 07:33:50', NULL, 0.0, 0.0, 0.0, 2727, 0, 0);

INSERT INTO `meeting_individual_results` (`id`, `rank`, `is_play_off`, `is_out_of_race`, `is_disqualified`, `standard_points`, `meeting_individual_points`, `minutes`, `seconds`, `hundreds`, `meeting_program_id`, `swimmer_id`, `team_id`, `badge_id`, `user_id`, `created_at`, `updated_at`, `disqualification_code_type_id`, `goggle_cup_points`, `reaction_time`, `team_points`, `team_affiliation_id`, `is_personal_best`, `is_season_type_best`)
  VALUES (463296, 1, 1, 0, 0, 773.92, 773.92, 0, 36, 27, 80286, 16697, 716, 33208, 1, '2016-11-16 07:33:50', '2016-11-16 07:33:50', NULL, 0.0, 0.0, 0.0, 1563, 0, 0);

INSERT INTO `meeting_individual_results` (`id`, `rank`, `is_play_off`, `is_out_of_race`, `is_disqualified`, `standard_points`, `meeting_individual_points`, `minutes`, `seconds`, `hundreds`, `meeting_program_id`, `swimmer_id`, `team_id`, `badge_id`, `user_id`, `created_at`, `updated_at`, `disqualification_code_type_id`, `goggle_cup_points`, `reaction_time`, `team_points`, `team_affiliation_id`, `is_personal_best`, `is_season_type_best`)
  VALUES (463297, 2, 1, 0, 0, 756.6, 756.6, 0, 37, 10, 80286, 1900, 716, 32172, 1, '2016-11-16 07:33:50', '2016-11-16 07:33:50', NULL, 0.0, 0.0, 0.0, 1563, 0, 0);

INSERT INTO `meeting_individual_results` (`id`, `rank`, `is_play_off`, `is_out_of_race`, `is_disqualified`, `standard_points`, `meeting_individual_points`, `minutes`, `seconds`, `hundreds`, `meeting_program_id`, `swimmer_id`, `team_id`, `badge_id`, `user_id`, `created_at`, `updated_at`, `disqualification_code_type_id`, `goggle_cup_points`, `reaction_time`, `team_points`, `team_affiliation_id`, `is_personal_best`, `is_season_type_best`)
  VALUES (463298, 1, 1, 0, 0, 822.38, 822.38, 0, 27, 8, 80287, 17771, 609, 33748, 1, '2016-11-16 07:33:50', '2016-11-16 07:33:50', NULL, 0.0, 0.0, 0.0, 1692, 0, 0);

INSERT INTO `meeting_individual_results` (`id`, `rank`, `is_play_off`, `is_out_of_race`, `is_disqualified`, `standard_points`, `meeting_individual_points`, `minutes`, `seconds`, `hundreds`, `meeting_program_id`, `swimmer_id`, `team_id`, `badge_id`, `user_id`, `created_at`, `updated_at`, `disqualification_code_type_id`, `goggle_cup_points`, `reaction_time`, `team_points`, `team_affiliation_id`, `is_personal_best`, `is_season_type_best`)
  VALUES (463299, 2, 1, 0, 0, 795.64, 795.64, 0, 27, 99, 80287, 20968, 741, 32394, 1, '2016-11-16 07:33:50', '2016-11-16 07:33:50', NULL, 0.0, 0.0, 0.0, 1547, 0, 0);

INSERT INTO `meeting_individual_results` (`id`, `rank`, `is_play_off`, `is_out_of_race`, `is_disqualified`, `standard_points`, `meeting_individual_points`, `minutes`, `seconds`, `hundreds`, `meeting_program_id`, `swimmer_id`, `team_id`, `badge_id`, `user_id`, `created_at`, `updated_at`, `disqualification_code_type_id`, `goggle_cup_points`, `reaction_time`, `team_points`, `team_affiliation_id`, `is_personal_best`, `is_season_type_best`)
  VALUES (463300, 3, 1, 0, 0, 794.22, 794.22, 0, 28, 4, 80287, 28100, 609, 60006, 1, '2016-11-16 07:33:50', '2016-11-16 07:33:50', NULL, 0.0, 0.0, 0.0, 1692, 0, 0);

INSERT INTO `meeting_individual_results` (`id`, `rank`, `is_play_off`, `is_out_of_race`, `is_disqualified`, `standard_points`, `meeting_individual_points`, `minutes`, `seconds`, `hundreds`, `meeting_program_id`, `swimmer_id`, `team_id`, `badge_id`, `user_id`, `created_at`, `updated_at`, `disqualification_code_type_id`, `goggle_cup_points`, `reaction_time`, `team_points`, `team_affiliation_id`, `is_personal_best`, `is_season_type_best`)
  VALUES (463301, 1, 1, 0, 0, 808.8, 808.8, 0, 27, 72, 80288, 19585, 424, 59648, 1, '2016-11-16 07:33:50', '2016-11-16 07:33:50', NULL, 0.0, 0.0, 0.0, 2727, 0, 0);

INSERT INTO `meeting_individual_results` (`id`, `rank`, `is_play_off`, `is_out_of_race`, `is_disqualified`, `standard_points`, `meeting_individual_points`, `minutes`, `seconds`, `hundreds`, `meeting_program_id`, `swimmer_id`, `team_id`, `badge_id`, `user_id`, `created_at`, `updated_at`, `disqualification_code_type_id`, `goggle_cup_points`, `reaction_time`, `team_points`, `team_affiliation_id`, `is_personal_best`, `is_season_type_best`)
  VALUES (463302, 1, 1, 0, 0, 679.27, 679.27, 0, 33, 58, 80289, 21171, 374, 33429, 1, '2016-11-16 07:33:50', '2016-11-16 07:33:50', NULL, 0.0, 0.0, 0.0, 1567, 0, 0);

INSERT INTO `meeting_individual_results` (`id`, `rank`, `is_play_off`, `is_out_of_race`, `is_disqualified`, `standard_points`, `meeting_individual_points`, `minutes`, `seconds`, `hundreds`, `meeting_program_id`, `swimmer_id`, `team_id`, `badge_id`, `user_id`, `created_at`, `updated_at`, `disqualification_code_type_id`, `goggle_cup_points`, `reaction_time`, `team_points`, `team_affiliation_id`, `is_personal_best`, `is_season_type_best`)
  VALUES (463303, 1, 1, 0, 0, 830.62, 830.62, 0, 28, 22, 80290, 6098, 111, 59274, 1, '2016-11-16 07:33:50', '2016-11-16 07:33:50', NULL, 0.0, 0.0, 0.0, 1658, 0, 0);

INSERT INTO `meeting_individual_results` (`id`, `rank`, `is_play_off`, `is_out_of_race`, `is_disqualified`, `standard_points`, `meeting_individual_points`, `minutes`, `seconds`, `hundreds`, `meeting_program_id`, `swimmer_id`, `team_id`, `badge_id`, `user_id`, `created_at`, `updated_at`, `disqualification_code_type_id`, `goggle_cup_points`, `reaction_time`, `team_points`, `team_affiliation_id`, `is_personal_best`, `is_season_type_best`)
  VALUES (463304, 2, 1, 0, 0, 819.58, 819.58, 0, 28, 60, 80290, 7939, 424, 59634, 1, '2016-11-16 07:33:50', '2016-11-16 07:33:50', NULL, 0.0, 0.0, 0.0, 2727, 0, 0);

INSERT INTO `meeting_individual_results` (`id`, `rank`, `is_play_off`, `is_out_of_race`, `is_disqualified`, `standard_points`, `meeting_individual_points`, `minutes`, `seconds`, `hundreds`, `meeting_program_id`, `swimmer_id`, `team_id`, `badge_id`, `user_id`, `created_at`, `updated_at`, `disqualification_code_type_id`, `goggle_cup_points`, `reaction_time`, `team_points`, `team_affiliation_id`, `is_personal_best`, `is_season_type_best`)
  VALUES (463305, 3, 1, 0, 0, 811.35, 811.35, 0, 28, 89, 80290, 3997, 716, 55204, 1, '2016-11-16 07:33:50', '2016-11-16 07:33:50', NULL, 0.0, 0.0, 0.0, 1563, 0, 0);

INSERT INTO `meeting_individual_results` (`id`, `rank`, `is_play_off`, `is_out_of_race`, `is_disqualified`, `standard_points`, `meeting_individual_points`, `minutes`, `seconds`, `hundreds`, `meeting_program_id`, `swimmer_id`, `team_id`, `badge_id`, `user_id`, `created_at`, `updated_at`, `disqualification_code_type_id`, `goggle_cup_points`, `reaction_time`, `team_points`, `team_affiliation_id`, `is_personal_best`, `is_season_type_best`)
  VALUES (463306, 4, 1, 0, 0, 810.51, 810.51, 0, 28, 92, 80290, 9712, 741, 55326, 1, '2016-11-16 07:33:50', '2016-11-16 07:33:50', NULL, 0.0, 0.0, 0.0, 1547, 0, 0);

INSERT INTO `meeting_individual_results` (`id`, `rank`, `is_play_off`, `is_out_of_race`, `is_disqualified`, `standard_points`, `meeting_individual_points`, `minutes`, `seconds`, `hundreds`, `meeting_program_id`, `swimmer_id`, `team_id`, `badge_id`, `user_id`, `created_at`, `updated_at`, `disqualification_code_type_id`, `goggle_cup_points`, `reaction_time`, `team_points`, `team_affiliation_id`, `is_personal_best`, `is_season_type_best`)
  VALUES (463307, 5, 1, 0, 0, 803.57, 803.57, 0, 29, 17, 80290, 27194, 880, 55238, 1, '2016-11-16 07:33:50', '2016-11-16 07:33:50', NULL, 0.0, 0.0, 0.0, 1979, 0, 0);

INSERT INTO `meeting_individual_results` (`id`, `rank`, `is_play_off`, `is_out_of_race`, `is_disqualified`, `standard_points`, `meeting_individual_points`, `minutes`, `seconds`, `hundreds`, `meeting_program_id`, `swimmer_id`, `team_id`, `badge_id`, `user_id`, `created_at`, `updated_at`, `disqualification_code_type_id`, `goggle_cup_points`, `reaction_time`, `team_points`, `team_affiliation_id`, `is_personal_best`, `is_season_type_best`)
  VALUES (463308, 6, 1, 0, 0, 769.53, 769.53, 0, 30, 46, 80290, 27212, 393, 55248, 1, '2016-11-16 07:33:50', '2016-11-16 07:33:50', NULL, 0.0, 0.0, 0.0, 1888, 0, 0);

INSERT INTO `meeting_individual_results` (`id`, `rank`, `is_play_off`, `is_out_of_race`, `is_disqualified`, `standard_points`, `meeting_individual_points`, `minutes`, `seconds`, `hundreds`, `meeting_program_id`, `swimmer_id`, `team_id`, `badge_id`, `user_id`, `created_at`, `updated_at`, `disqualification_code_type_id`, `goggle_cup_points`, `reaction_time`, `team_points`, `team_affiliation_id`, `is_personal_best`, `is_season_type_best`)
  VALUES (463309, 7, 1, 0, 0, 758.58, 758.58, 0, 30, 90, 80290, 7960, 424, 59984, 1, '2016-11-16 07:33:51', '2016-11-16 07:33:51', NULL, 0.0, 0.0, 0.0, 2727, 0, 0);

INSERT INTO `meeting_individual_results` (`id`, `rank`, `is_play_off`, `is_out_of_race`, `is_disqualified`, `standard_points`, `meeting_individual_points`, `minutes`, `seconds`, `hundreds`, `meeting_program_id`, `swimmer_id`, `team_id`, `badge_id`, `user_id`, `created_at`, `updated_at`, `disqualification_code_type_id`, `goggle_cup_points`, `reaction_time`, `team_points`, `team_affiliation_id`, `is_personal_best`, `is_season_type_best`)
  VALUES (463310, 8, 1, 0, 0, 716.38, 716.38, 0, 32, 72, 80290, 4931, 314, 55118, 1, '2016-11-16 07:33:51', '2016-11-16 07:33:51', NULL, 0.0, 0.0, 0.0, 1895, 0, 0);

INSERT INTO `meeting_individual_results` (`id`, `rank`, `is_play_off`, `is_out_of_race`, `is_disqualified`, `standard_points`, `meeting_individual_points`, `minutes`, `seconds`, `hundreds`, `meeting_program_id`, `swimmer_id`, `team_id`, `badge_id`, `user_id`, `created_at`, `updated_at`, `disqualification_code_type_id`, `goggle_cup_points`, `reaction_time`, `team_points`, `team_affiliation_id`, `is_personal_best`, `is_season_type_best`)
  VALUES (463311, 1, 1, 0, 0, 889.18, 889.18, 0, 26, 89, 80291, 9897, 741, 47774, 1, '2016-11-16 07:33:51', '2016-11-16 07:33:51', NULL, 0.0, 0.0, 0.0, 1547, 0, 0);

INSERT INTO `meeting_individual_results` (`id`, `rank`, `is_play_off`, `is_out_of_race`, `is_disqualified`, `standard_points`, `meeting_individual_points`, `minutes`, `seconds`, `hundreds`, `meeting_program_id`, `swimmer_id`, `team_id`, `badge_id`, `user_id`, `created_at`, `updated_at`, `disqualification_code_type_id`, `goggle_cup_points`, `reaction_time`, `team_points`, `team_affiliation_id`, `is_personal_best`, `is_season_type_best`)
  VALUES (463312, 2, 1, 0, 0, 852.41, 852.41, 0, 28, 5, 80291, 17851, 741, 58705, 1, '2016-11-16 07:33:51', '2016-11-16 07:33:51', NULL, 0.0, 0.0, 0.0, 1547, 0, 0);

INSERT INTO `meeting_individual_results` (`id`, `rank`, `is_play_off`, `is_out_of_race`, `is_disqualified`, `standard_points`, `meeting_individual_points`, `minutes`, `seconds`, `hundreds`, `meeting_program_id`, `swimmer_id`, `team_id`, `badge_id`, `user_id`, `created_at`, `updated_at`, `disqualification_code_type_id`, `goggle_cup_points`, `reaction_time`, `team_points`, `team_affiliation_id`, `is_personal_best`, `is_season_type_best`)
  VALUES (463313, 3, 1, 0, 0, 825.05, 825.05, 0, 28, 98, 80291, 9471, 295, 55125, 1, '2016-11-16 07:33:51', '2016-11-16 07:33:51', NULL, 0.0, 0.0, 0.0, 2401, 0, 0);

INSERT INTO `meeting_individual_results` (`id`, `rank`, `is_play_off`, `is_out_of_race`, `is_disqualified`, `standard_points`, `meeting_individual_points`, `minutes`, `seconds`, `hundreds`, `meeting_program_id`, `swimmer_id`, `team_id`, `badge_id`, `user_id`, `created_at`, `updated_at`, `disqualification_code_type_id`, `goggle_cup_points`, `reaction_time`, `team_points`, `team_affiliation_id`, `is_personal_best`, `is_season_type_best`)
  VALUES (463314, 4, 1, 0, 0, 805.05, 805.05, 0, 29, 70, 80291, 11515, 741, 58631, 1, '2016-11-16 07:33:51', '2016-11-16 07:33:51', NULL, 0.0, 0.0, 0.0, 1547, 0, 0);

INSERT INTO `meeting_individual_results` (`id`, `rank`, `is_play_off`, `is_out_of_race`, `is_disqualified`, `standard_points`, `meeting_individual_points`, `minutes`, `seconds`, `hundreds`, `meeting_program_id`, `swimmer_id`, `team_id`, `badge_id`, `user_id`, `created_at`, `updated_at`, `disqualification_code_type_id`, `goggle_cup_points`, `reaction_time`, `team_points`, `team_affiliation_id`, `is_personal_best`, `is_season_type_best`)
  VALUES (463315, 5, 1, 0, 0, 758.08, 758.08, 0, 31, 54, 80291, 9821, 320, 41759, 1, '2016-11-16 07:33:51', '2016-11-16 07:33:51', NULL, 0.0, 0.0, 0.0, 1575, 0, 0);

INSERT INTO `meeting_individual_results` (`id`, `rank`, `is_play_off`, `is_out_of_race`, `is_disqualified`, `standard_points`, `meeting_individual_points`, `minutes`, `seconds`, `hundreds`, `meeting_program_id`, `swimmer_id`, `team_id`, `badge_id`, `user_id`, `created_at`, `updated_at`, `disqualification_code_type_id`, `goggle_cup_points`, `reaction_time`, `team_points`, `team_affiliation_id`, `is_personal_best`, `is_season_type_best`)
  VALUES (463316, 6, 1, 0, 0, 735.47, 735.47, 0, 32, 51, 80291, 12731, 393, 37477, 1, '2016-11-16 07:33:51', '2016-11-16 07:33:51', NULL, 0.0, 0.0, 0.0, 1888, 0, 0);

INSERT INTO `meeting_individual_results` (`id`, `rank`, `is_play_off`, `is_out_of_race`, `is_disqualified`, `standard_points`, `meeting_individual_points`, `minutes`, `seconds`, `hundreds`, `meeting_program_id`, `swimmer_id`, `team_id`, `badge_id`, `user_id`, `created_at`, `updated_at`, `disqualification_code_type_id`, `goggle_cup_points`, `reaction_time`, `team_points`, `team_affiliation_id`, `is_personal_best`, `is_season_type_best`)
  VALUES (463317, 7, 1, 0, 0, 723.23, 723.23, 0, 33, 6, 80291, 7197, 741, 58707, 1, '2016-11-16 07:33:51', '2016-11-16 07:33:51', NULL, 0.0, 0.0, 0.0, 1547, 0, 0);

INSERT INTO `meeting_individual_results` (`id`, `rank`, `is_play_off`, `is_out_of_race`, `is_disqualified`, `standard_points`, `meeting_individual_points`, `minutes`, `seconds`, `hundreds`, `meeting_program_id`, `swimmer_id`, `team_id`, `badge_id`, `user_id`, `created_at`, `updated_at`, `disqualification_code_type_id`, `goggle_cup_points`, `reaction_time`, `team_points`, `team_affiliation_id`, `is_personal_best`, `is_season_type_best`)
  VALUES (463318, 8, 1, 0, 0, 694.86, 694.86, 0, 34, 41, 80291, 4976, 76, 41871, 1, '2016-11-16 07:33:51', '2016-11-16 07:33:51', NULL, 0.0, 0.0, 0.0, 1606, 0, 0);

INSERT INTO `meeting_individual_results` (`id`, `rank`, `is_play_off`, `is_out_of_race`, `is_disqualified`, `standard_points`, `meeting_individual_points`, `minutes`, `seconds`, `hundreds`, `meeting_program_id`, `swimmer_id`, `team_id`, `badge_id`, `user_id`, `created_at`, `updated_at`, `disqualification_code_type_id`, `goggle_cup_points`, `reaction_time`, `team_points`, `team_affiliation_id`, `is_personal_best`, `is_season_type_best`)
  VALUES (463319, 1, 1, 0, 0, 885.69, 885.69, 0, 27, 82, 80292, 6953, 219, 41844, 1, '2016-11-16 07:33:51', '2016-11-16 07:33:51', NULL, 0.0, 0.0, 0.0, 1739, 0, 0);

INSERT INTO `meeting_individual_results` (`id`, `rank`, `is_play_off`, `is_out_of_race`, `is_disqualified`, `standard_points`, `meeting_individual_points`, `minutes`, `seconds`, `hundreds`, `meeting_program_id`, `swimmer_id`, `team_id`, `badge_id`, `user_id`, `created_at`, `updated_at`, `disqualification_code_type_id`, `goggle_cup_points`, `reaction_time`, `team_points`, `team_affiliation_id`, `is_personal_best`, `is_season_type_best`)
  VALUES (463320, 2, 1, 0, 0, 724.49, 724.49, 0, 34, 1, 80292, 4944, 741, 59663, 1, '2016-11-16 07:33:51', '2016-11-16 07:33:51', NULL, 0.0, 0.0, 0.0, 1547, 0, 0);

INSERT INTO `meeting_individual_results` (`id`, `rank`, `is_play_off`, `is_out_of_race`, `is_disqualified`, `standard_points`, `meeting_individual_points`, `minutes`, `seconds`, `hundreds`, `meeting_program_id`, `swimmer_id`, `team_id`, `badge_id`, `user_id`, `created_at`, `updated_at`, `disqualification_code_type_id`, `goggle_cup_points`, `reaction_time`, `team_points`, `team_affiliation_id`, `is_personal_best`, `is_season_type_best`)
  VALUES (463321, 3, 1, 0, 0, 708.86, 708.86, 0, 34, 76, 80292, 26963, 219, 55175, 1, '2016-11-16 07:33:51', '2016-11-16 07:33:51', NULL, 0.0, 0.0, 0.0, 1739, 0, 0);

INSERT INTO `meeting_individual_results` (`id`, `rank`, `is_play_off`, `is_out_of_race`, `is_disqualified`, `standard_points`, `meeting_individual_points`, `minutes`, `seconds`, `hundreds`, `meeting_program_id`, `swimmer_id`, `team_id`, `badge_id`, `user_id`, `created_at`, `updated_at`, `disqualification_code_type_id`, `goggle_cup_points`, `reaction_time`, `team_points`, `team_affiliation_id`, `is_personal_best`, `is_season_type_best`)
  VALUES (463322, 4, 1, 0, 0, 694.67, 694.67, 0, 35, 47, 80292, 9830, 219, 59249, 1, '2016-11-16 07:33:51', '2016-11-16 07:33:51', NULL, 0.0, 0.0, 0.0, 1739, 0, 0);

INSERT INTO `meeting_individual_results` (`id`, `rank`, `is_play_off`, `is_out_of_race`, `is_disqualified`, `standard_points`, `meeting_individual_points`, `minutes`, `seconds`, `hundreds`, `meeting_program_id`, `swimmer_id`, `team_id`, `badge_id`, `user_id`, `created_at`, `updated_at`, `disqualification_code_type_id`, `goggle_cup_points`, `reaction_time`, `team_points`, `team_affiliation_id`, `is_personal_best`, `is_season_type_best`)
  VALUES (463323, 5, 1, 0, 0, 641.33, 641.33, 0, 38, 42, 80292, 28036, 424, 59664, 1, '2016-11-16 07:33:51', '2016-11-16 07:33:51', NULL, 0.0, 0.0, 0.0, 2727, 0, 0);

INSERT INTO `meeting_individual_results` (`id`, `rank`, `is_play_off`, `is_out_of_race`, `is_disqualified`, `standard_points`, `meeting_individual_points`, `minutes`, `seconds`, `hundreds`, `meeting_program_id`, `swimmer_id`, `team_id`, `badge_id`, `user_id`, `created_at`, `updated_at`, `disqualification_code_type_id`, `goggle_cup_points`, `reaction_time`, `team_points`, `team_affiliation_id`, `is_personal_best`, `is_season_type_best`)
  VALUES (463324, 6, 1, 0, 0, 625.38, 625.38, 0, 39, 40, 80292, 27861, 111, 59250, 1, '2016-11-16 07:33:51', '2016-11-16 07:33:51', NULL, 0.0, 0.0, 0.0, 1658, 0, 0);

INSERT INTO `meeting_individual_results` (`id`, `rank`, `is_play_off`, `is_out_of_race`, `is_disqualified`, `standard_points`, `meeting_individual_points`, `minutes`, `seconds`, `hundreds`, `meeting_program_id`, `swimmer_id`, `team_id`, `badge_id`, `user_id`, `created_at`, `updated_at`, `disqualification_code_type_id`, `goggle_cup_points`, `reaction_time`, `team_points`, `team_affiliation_id`, `is_personal_best`, `is_season_type_best`)
  VALUES (463325, 1, 1, 0, 0, 840.93, 840.93, 0, 30, 5, 80293, 2203, 111, 33385, 1, '2016-11-16 07:33:51', '2016-11-16 07:33:51', NULL, 0.0, 0.0, 0.0, 1658, 0, 0);

INSERT INTO `meeting_individual_results` (`id`, `rank`, `is_play_off`, `is_out_of_race`, `is_disqualified`, `standard_points`, `meeting_individual_points`, `minutes`, `seconds`, `hundreds`, `meeting_program_id`, `swimmer_id`, `team_id`, `badge_id`, `user_id`, `created_at`, `updated_at`, `disqualification_code_type_id`, `goggle_cup_points`, `reaction_time`, `team_points`, `team_affiliation_id`, `is_personal_best`, `is_season_type_best`)
  VALUES (463326, 2, 1, 0, 0, 822.32, 822.32, 0, 30, 73, 80293, 9877, 219, 47869, 1, '2016-11-16 07:33:52', '2016-11-16 07:33:52', NULL, 0.0, 0.0, 0.0, 1739, 0, 0);

INSERT INTO `meeting_individual_results` (`id`, `rank`, `is_play_off`, `is_out_of_race`, `is_disqualified`, `standard_points`, `meeting_individual_points`, `minutes`, `seconds`, `hundreds`, `meeting_program_id`, `swimmer_id`, `team_id`, `badge_id`, `user_id`, `created_at`, `updated_at`, `disqualification_code_type_id`, `goggle_cup_points`, `reaction_time`, `team_points`, `team_affiliation_id`, `is_personal_best`, `is_season_type_best`)
  VALUES (463327, 3, 1, 0, 0, 790.43, 790.43, 0, 31, 97, 80293, 6193, 741, 58634, 1, '2016-11-16 07:33:52', '2016-11-16 07:33:52', NULL, 0.0, 0.0, 0.0, 1547, 0, 0);

INSERT INTO `meeting_individual_results` (`id`, `rank`, `is_play_off`, `is_out_of_race`, `is_disqualified`, `standard_points`, `meeting_individual_points`, `minutes`, `seconds`, `hundreds`, `meeting_program_id`, `swimmer_id`, `team_id`, `badge_id`, `user_id`, `created_at`, `updated_at`, `disqualification_code_type_id`, `goggle_cup_points`, `reaction_time`, `team_points`, `team_affiliation_id`, `is_personal_best`, `is_season_type_best`)
  VALUES (463328, 4, 1, 0, 0, 778.26, 778.26, 0, 32, 47, 80293, 17750, 219, 41845, 1, '2016-11-16 07:33:52', '2016-11-16 07:33:52', NULL, 0.0, 0.0, 0.0, 1739, 0, 0);

INSERT INTO `meeting_individual_results` (`id`, `rank`, `is_play_off`, `is_out_of_race`, `is_disqualified`, `standard_points`, `meeting_individual_points`, `minutes`, `seconds`, `hundreds`, `meeting_program_id`, `swimmer_id`, `team_id`, `badge_id`, `user_id`, `created_at`, `updated_at`, `disqualification_code_type_id`, `goggle_cup_points`, `reaction_time`, `team_points`, `team_affiliation_id`, `is_personal_best`, `is_season_type_best`)
  VALUES (463329, 5, 1, 0, 0, 775.87, 775.87, 0, 32, 57, 80293, 11491, 219, 55178, 1, '2016-11-16 07:33:52', '2016-11-16 07:33:52', NULL, 0.0, 0.0, 0.0, 1739, 0, 0);

INSERT INTO `meeting_individual_results` (`id`, `rank`, `is_play_off`, `is_out_of_race`, `is_disqualified`, `standard_points`, `meeting_individual_points`, `minutes`, `seconds`, `hundreds`, `meeting_program_id`, `swimmer_id`, `team_id`, `badge_id`, `user_id`, `created_at`, `updated_at`, `disqualification_code_type_id`, `goggle_cup_points`, `reaction_time`, `team_points`, `team_affiliation_id`, `is_personal_best`, `is_season_type_best`)
  VALUES (463330, 6, 1, 0, 0, 754.33, 754.33, 0, 33, 50, 80293, 7965, 741, 58617, 1, '2016-11-16 07:33:52', '2016-11-16 07:33:52', NULL, 0.0, 0.0, 0.0, 1547, 0, 0);

INSERT INTO `meeting_individual_results` (`id`, `rank`, `is_play_off`, `is_out_of_race`, `is_disqualified`, `standard_points`, `meeting_individual_points`, `minutes`, `seconds`, `hundreds`, `meeting_program_id`, `swimmer_id`, `team_id`, `badge_id`, `user_id`, `created_at`, `updated_at`, `disqualification_code_type_id`, `goggle_cup_points`, `reaction_time`, `team_points`, `team_affiliation_id`, `is_personal_best`, `is_season_type_best`)
  VALUES (463331, 7, 1, 0, 0, 717.9, 717.9, 0, 35, 20, 80293, 26955, 741, 60016, 1, '2016-11-16 07:33:52', '2016-11-16 07:33:52', NULL, 0.0, 0.0, 0.0, 1547, 0, 0);

INSERT INTO `meeting_individual_results` (`id`, `rank`, `is_play_off`, `is_out_of_race`, `is_disqualified`, `standard_points`, `meeting_individual_points`, `minutes`, `seconds`, `hundreds`, `meeting_program_id`, `swimmer_id`, `team_id`, `badge_id`, `user_id`, `created_at`, `updated_at`, `disqualification_code_type_id`, `goggle_cup_points`, `reaction_time`, `team_points`, `team_affiliation_id`, `is_personal_best`, `is_season_type_best`)
  VALUES (463332, 8, 1, 0, 0, 671.9, 671.9, 0, 37, 61, 80293, 9687, 741, 58619, 1, '2016-11-16 07:33:52', '2016-11-16 07:33:52', NULL, 0.0, 0.0, 0.0, 1547, 0, 0);

INSERT INTO `meeting_individual_results` (`id`, `rank`, `is_play_off`, `is_out_of_race`, `is_disqualified`, `standard_points`, `meeting_individual_points`, `minutes`, `seconds`, `hundreds`, `meeting_program_id`, `swimmer_id`, `team_id`, `badge_id`, `user_id`, `created_at`, `updated_at`, `disqualification_code_type_id`, `goggle_cup_points`, `reaction_time`, `team_points`, `team_affiliation_id`, `is_personal_best`, `is_season_type_best`)
  VALUES (463333, 9, 1, 0, 0, 657.9, 657.9, 0, 38, 41, 80293, 7942, 741, 58620, 1, '2016-11-16 07:33:52', '2016-11-16 07:33:52', NULL, 0.0, 0.0, 0.0, 1547, 0, 0);

INSERT INTO `meeting_individual_results` (`id`, `rank`, `is_play_off`, `is_out_of_race`, `is_disqualified`, `standard_points`, `meeting_individual_points`, `minutes`, `seconds`, `hundreds`, `meeting_program_id`, `swimmer_id`, `team_id`, `badge_id`, `user_id`, `created_at`, `updated_at`, `disqualification_code_type_id`, `goggle_cup_points`, `reaction_time`, `team_points`, `team_affiliation_id`, `is_personal_best`, `is_season_type_best`)
  VALUES (463334, 1, 1, 0, 0, 706.47, 706.47, 0, 36, 76, 80294, 24280, 321, 45156, 1, '2016-11-16 07:33:52', '2016-11-16 07:33:52', NULL, 0.0, 0.0, 0.0, 1652, 0, 0);

INSERT INTO `meeting_individual_results` (`id`, `rank`, `is_play_off`, `is_out_of_race`, `is_disqualified`, `standard_points`, `meeting_individual_points`, `minutes`, `seconds`, `hundreds`, `meeting_program_id`, `swimmer_id`, `team_id`, `badge_id`, `user_id`, `created_at`, `updated_at`, `disqualification_code_type_id`, `goggle_cup_points`, `reaction_time`, `team_points`, `team_affiliation_id`, `is_personal_best`, `is_season_type_best`)
  VALUES (463335, 2, 1, 0, 0, 556.58, 556.58, 0, 46, 66, 80294, 21842, 219, 37491, 1, '2016-11-16 07:33:52', '2016-11-16 07:33:52', NULL, 0.0, 0.0, 0.0, 1739, 0, 0);

INSERT INTO `meeting_individual_results` (`id`, `rank`, `is_play_off`, `is_out_of_race`, `is_disqualified`, `standard_points`, `meeting_individual_points`, `minutes`, `seconds`, `hundreds`, `meeting_program_id`, `swimmer_id`, `team_id`, `badge_id`, `user_id`, `created_at`, `updated_at`, `disqualification_code_type_id`, `goggle_cup_points`, `reaction_time`, `team_points`, `team_affiliation_id`, `is_personal_best`, `is_season_type_best`)
  VALUES (463336, 1, 1, 0, 0, 909.21, 909.21, 0, 29, 74, 80295, 6981, 219, 58622, 1, '2016-11-16 07:33:52', '2016-11-16 07:33:52', NULL, 0.0, 0.0, 0.0, 1739, 0, 0);

INSERT INTO `meeting_individual_results` (`id`, `rank`, `is_play_off`, `is_out_of_race`, `is_disqualified`, `standard_points`, `meeting_individual_points`, `minutes`, `seconds`, `hundreds`, `meeting_program_id`, `swimmer_id`, `team_id`, `badge_id`, `user_id`, `created_at`, `updated_at`, `disqualification_code_type_id`, `goggle_cup_points`, `reaction_time`, `team_points`, `team_affiliation_id`, `is_personal_best`, `is_season_type_best`)
  VALUES (463337, 2, 1, 0, 0, 897.15, 897.15, 0, 30, 14, 80295, 6819, 219, 37492, 1, '2016-11-16 07:33:52', '2016-11-16 07:33:52', NULL, 0.0, 0.0, 0.0, 1739, 0, 0);

INSERT INTO `meeting_individual_results` (`id`, `rank`, `is_play_off`, `is_out_of_race`, `is_disqualified`, `standard_points`, `meeting_individual_points`, `minutes`, `seconds`, `hundreds`, `meeting_program_id`, `swimmer_id`, `team_id`, `badge_id`, `user_id`, `created_at`, `updated_at`, `disqualification_code_type_id`, `goggle_cup_points`, `reaction_time`, `team_points`, `team_affiliation_id`, `is_personal_best`, `is_season_type_best`)
  VALUES (463338, 1, 1, 0, 0, 538.29, 538.29, 1, 2, 16, 80296, 11479, 295, 55157, 1, '2016-11-16 07:33:52', '2016-11-16 07:33:52', NULL, 0.0, 0.0, 0.0, 2401, 0, 0);

INSERT INTO `meeting_individual_results` (`id`, `rank`, `is_play_off`, `is_out_of_race`, `is_disqualified`, `standard_points`, `meeting_individual_points`, `minutes`, `seconds`, `hundreds`, `meeting_program_id`, `swimmer_id`, `team_id`, `badge_id`, `user_id`, `created_at`, `updated_at`, `disqualification_code_type_id`, `goggle_cup_points`, `reaction_time`, `team_points`, `team_affiliation_id`, `is_personal_best`, `is_season_type_best`)
  VALUES (463339, 1, 1, 0, 0, 0.0, 0.0, 0, 28, 33, 80297, 28099, 424, 60017, 1, '2016-11-16 07:33:52', '2016-11-16 07:33:52', NULL, 0.0, 0.0, 0.0, 2727, 0, 0);

INSERT INTO `meeting_individual_results` (`id`, `rank`, `is_play_off`, `is_out_of_race`, `is_disqualified`, `standard_points`, `meeting_individual_points`, `minutes`, `seconds`, `hundreds`, `meeting_program_id`, `swimmer_id`, `team_id`, `badge_id`, `user_id`, `created_at`, `updated_at`, `disqualification_code_type_id`, `goggle_cup_points`, `reaction_time`, `team_points`, `team_affiliation_id`, `is_personal_best`, `is_season_type_best`)
  VALUES (463340, 2, 1, 0, 0, 0.0, 0.0, 0, 29, 13, 80297, 27221, 880, 55226, 1, '2016-11-16 07:33:52', '2016-11-16 07:33:52', NULL, 0.0, 0.0, 0.0, 1979, 0, 0);

INSERT INTO `meeting_relay_results` (`id`, `created_at`, `updated_at`, `rank`, `is_play_off`, `is_out_of_race`, `is_disqualified`, `standard_points`, `meeting_points`, `minutes`, `seconds`, `hundreds`, `team_id`, `user_id`, `meeting_program_id`, `disqualification_code_type_id`, `relay_header`, `reaction_time`, `entry_minutes`, `entry_seconds`, `entry_hundreds`, `team_affiliation_id`, `entry_time_type_id`)
  VALUES (20437, '2016-11-16 07:33:52', '2016-11-16 07:33:52', 1, 1, 0, 0, 0.0, 0.0, 2, 29, 6, 716, 1, 80298, NULL, 'AMICI DEL NUOTO FIRENZE', 0.0, NULL, NULL, NULL, 1563, NULL);

INSERT INTO `meeting_relay_results` (`id`, `created_at`, `updated_at`, `rank`, `is_play_off`, `is_out_of_race`, `is_disqualified`, `standard_points`, `meeting_points`, `minutes`, `seconds`, `hundreds`, `team_id`, `user_id`, `meeting_program_id`, `disqualification_code_type_id`, `relay_header`, `reaction_time`, `entry_minutes`, `entry_seconds`, `entry_hundreds`, `team_affiliation_id`, `entry_time_type_id`)
  VALUES (20438, '2016-11-16 07:33:52', '2016-11-16 07:33:52', 1, 1, 0, 0, 0.0, 0.0, 2, 23, 10, 878, 1, 80299, NULL, 'CERTALDO NUOTO', 0.0, NULL, NULL, NULL, 1974, NULL);

INSERT INTO `meeting_relay_results` (`id`, `created_at`, `updated_at`, `rank`, `is_play_off`, `is_out_of_race`, `is_disqualified`, `standard_points`, `meeting_points`, `minutes`, `seconds`, `hundreds`, `team_id`, `user_id`, `meeting_program_id`, `disqualification_code_type_id`, `relay_header`, `reaction_time`, `entry_minutes`, `entry_seconds`, `entry_hundreds`, `team_affiliation_id`, `entry_time_type_id`)
  VALUES (20439, '2016-11-16 07:33:52', '2016-11-16 07:33:52', 1, 1, 0, 0, 0.0, 0.0, 2, 9, 87, 716, 1, 80300, NULL, 'AMICI DEL NUOTO FIRENZE', 0.0, NULL, NULL, NULL, 1563, NULL);

INSERT INTO `meeting_relay_results` (`id`, `created_at`, `updated_at`, `rank`, `is_play_off`, `is_out_of_race`, `is_disqualified`, `standard_points`, `meeting_points`, `minutes`, `seconds`, `hundreds`, `team_id`, `user_id`, `meeting_program_id`, `disqualification_code_type_id`, `relay_header`, `reaction_time`, `entry_minutes`, `entry_seconds`, `entry_hundreds`, `team_affiliation_id`, `entry_time_type_id`)
  VALUES (20440, '2016-11-16 07:33:52', '2016-11-16 07:33:52', 2, 1, 0, 0, 0.0, 0.0, 2, 37, 94, 374, 1, 80300, NULL, 'CHIMERA NUOTO', 0.0, NULL, NULL, NULL, 1567, NULL);

INSERT INTO `meeting_relay_results` (`id`, `created_at`, `updated_at`, `rank`, `is_play_off`, `is_out_of_race`, `is_disqualified`, `standard_points`, `meeting_points`, `minutes`, `seconds`, `hundreds`, `team_id`, `user_id`, `meeting_program_id`, `disqualification_code_type_id`, `relay_header`, `reaction_time`, `entry_minutes`, `entry_seconds`, `entry_hundreds`, `team_affiliation_id`, `entry_time_type_id`)
  VALUES (20441, '2016-11-16 07:33:52', '2016-11-16 07:33:52', 1, 1, 0, 0, 0.0, 0.0, 2, 20, 0, 189, 1, 80301, NULL, 'NANTES OSTIENSIS', 0.0, NULL, NULL, NULL, 1799, NULL);

INSERT INTO `meeting_relay_results` (`id`, `created_at`, `updated_at`, `rank`, `is_play_off`, `is_out_of_race`, `is_disqualified`, `standard_points`, `meeting_points`, `minutes`, `seconds`, `hundreds`, `team_id`, `user_id`, `meeting_program_id`, `disqualification_code_type_id`, `relay_header`, `reaction_time`, `entry_minutes`, `entry_seconds`, `entry_hundreds`, `team_affiliation_id`, `entry_time_type_id`)
  VALUES (20442, '2016-11-16 07:33:52', '2016-11-16 07:33:52', 2, 1, 0, 0, 0.0, 0.0, 2, 34, 43, 716, 1, 80301, NULL, 'AMICI DEL NUOTO FIRENZE', 0.0, NULL, NULL, NULL, 1563, NULL);

INSERT INTO `meeting_team_scores` (`id`, `sum_individual_points`, `sum_relay_points`, `team_id`, `meeting_id`, `created_at`, `updated_at`, `rank`, `user_id`, `sum_team_points`, `meeting_individual_points`, `meeting_relay_points`, `meeting_team_points`, `season_individual_points`, `season_relay_points`, `season_team_points`, `season_id`, `team_affiliation_id`)
  VALUES (18619, 53096.36, 0.0, 741, 15271, '2016-11-16 07:33:53', '2016-11-16 07:33:53', 0, 1, 0.0, 0.0, 0.0, 0.0, 0.0, 0.0, 0.0, 152, 1547);

INSERT INTO `meeting_team_scores` (`id`, `sum_individual_points`, `sum_relay_points`, `team_id`, `meeting_id`, `created_at`, `updated_at`, `rank`, `user_id`, `sum_team_points`, `meeting_individual_points`, `meeting_relay_points`, `meeting_team_points`, `season_individual_points`, `season_relay_points`, `season_team_points`, `season_id`, `team_affiliation_id`)
  VALUES (18620, 46813.81, 0.0, 219, 15271, '2016-11-16 07:33:53', '2016-11-16 07:33:53', 0, 1, 0.0, 0.0, 0.0, 0.0, 0.0, 0.0, 0.0, 152, 1739);

INSERT INTO `meeting_team_scores` (`id`, `sum_individual_points`, `sum_relay_points`, `team_id`, `meeting_id`, `created_at`, `updated_at`, `rank`, `user_id`, `sum_team_points`, `meeting_individual_points`, `meeting_relay_points`, `meeting_team_points`, `season_individual_points`, `season_relay_points`, `season_team_points`, `season_id`, `team_affiliation_id`)
  VALUES (18621, 33060.73, 0.0, 716, 15271, '2016-11-16 07:33:53', '2016-11-16 07:33:53', 0, 1, 0.0, 0.0, 0.0, 0.0, 0.0, 0.0, 0.0, 152, 1563);

INSERT INTO `meeting_team_scores` (`id`, `sum_individual_points`, `sum_relay_points`, `team_id`, `meeting_id`, `created_at`, `updated_at`, `rank`, `user_id`, `sum_team_points`, `meeting_individual_points`, `meeting_relay_points`, `meeting_team_points`, `season_individual_points`, `season_relay_points`, `season_team_points`, `season_id`, `team_affiliation_id`)
  VALUES (18622, 15550.33, 0.0, 189, 15271, '2016-11-16 07:33:53', '2016-11-16 07:33:53', 0, 1, 0.0, 0.0, 0.0, 0.0, 0.0, 0.0, 0.0, 152, 1799);

INSERT INTO `meeting_team_scores` (`id`, `sum_individual_points`, `sum_relay_points`, `team_id`, `meeting_id`, `created_at`, `updated_at`, `rank`, `user_id`, `sum_team_points`, `meeting_individual_points`, `meeting_relay_points`, `meeting_team_points`, `season_individual_points`, `season_relay_points`, `season_team_points`, `season_id`, `team_affiliation_id`)
  VALUES (18623, 13230.3, 0.0, 54, 15271, '2016-11-16 07:33:53', '2016-11-16 07:33:53', 0, 1, 0.0, 0.0, 0.0, 0.0, 0.0, 0.0, 0.0, 152, 1572);

INSERT INTO `meeting_team_scores` (`id`, `sum_individual_points`, `sum_relay_points`, `team_id`, `meeting_id`, `created_at`, `updated_at`, `rank`, `user_id`, `sum_team_points`, `meeting_individual_points`, `meeting_relay_points`, `meeting_team_points`, `season_individual_points`, `season_relay_points`, `season_team_points`, `season_id`, `team_affiliation_id`)
  VALUES (18624, 11940.2, 0.0, 609, 15271, '2016-11-16 07:33:53', '2016-11-16 07:33:53', 0, 1, 0.0, 0.0, 0.0, 0.0, 0.0, 0.0, 0.0, 152, 1692);

INSERT INTO `meeting_team_scores` (`id`, `sum_individual_points`, `sum_relay_points`, `team_id`, `meeting_id`, `created_at`, `updated_at`, `rank`, `user_id`, `sum_team_points`, `meeting_individual_points`, `meeting_relay_points`, `meeting_team_points`, `season_individual_points`, `season_relay_points`, `season_team_points`, `season_id`, `team_affiliation_id`)
  VALUES (18625, 11847.27, 0.0, 111, 15271, '2016-11-16 07:33:53', '2016-11-16 07:33:53', 0, 1, 0.0, 0.0, 0.0, 0.0, 0.0, 0.0, 0.0, 152, 1658);

INSERT INTO `meeting_team_scores` (`id`, `sum_individual_points`, `sum_relay_points`, `team_id`, `meeting_id`, `created_at`, `updated_at`, `rank`, `user_id`, `sum_team_points`, `meeting_individual_points`, `meeting_relay_points`, `meeting_team_points`, `season_individual_points`, `season_relay_points`, `season_team_points`, `season_id`, `team_affiliation_id`)
  VALUES (18626, 10136.72, 0.0, 424, 15271, '2016-11-16 07:33:53', '2016-11-16 07:33:53', 0, 1, 0.0, 0.0, 0.0, 0.0, 0.0, 0.0, 0.0, 152, 2727);

INSERT INTO `meeting_team_scores` (`id`, `sum_individual_points`, `sum_relay_points`, `team_id`, `meeting_id`, `created_at`, `updated_at`, `rank`, `user_id`, `sum_team_points`, `meeting_individual_points`, `meeting_relay_points`, `meeting_team_points`, `season_individual_points`, `season_relay_points`, `season_team_points`, `season_id`, `team_affiliation_id`)
  VALUES (18627, 8885.88, 0.0, 321, 15271, '2016-11-16 07:33:53', '2016-11-16 07:33:53', 0, 1, 0.0, 0.0, 0.0, 0.0, 0.0, 0.0, 0.0, 152, 1652);

INSERT INTO `meeting_team_scores` (`id`, `sum_individual_points`, `sum_relay_points`, `team_id`, `meeting_id`, `created_at`, `updated_at`, `rank`, `user_id`, `sum_team_points`, `meeting_individual_points`, `meeting_relay_points`, `meeting_team_points`, `season_individual_points`, `season_relay_points`, `season_team_points`, `season_id`, `team_affiliation_id`)
  VALUES (18628, 8547.59, 0.0, 393, 15271, '2016-11-16 07:33:53', '2016-11-16 07:33:53', 0, 1, 0.0, 0.0, 0.0, 0.0, 0.0, 0.0, 0.0, 152, 1888);

INSERT INTO `meeting_team_scores` (`id`, `sum_individual_points`, `sum_relay_points`, `team_id`, `meeting_id`, `created_at`, `updated_at`, `rank`, `user_id`, `sum_team_points`, `meeting_individual_points`, `meeting_relay_points`, `meeting_team_points`, `season_individual_points`, `season_relay_points`, `season_team_points`, `season_id`, `team_affiliation_id`)
  VALUES (18629, 7088.29, 0.0, 295, 15271, '2016-11-16 07:33:53', '2016-11-16 07:33:53', 0, 1, 0.0, 0.0, 0.0, 0.0, 0.0, 0.0, 0.0, 152, 2401);

INSERT INTO `meeting_team_scores` (`id`, `sum_individual_points`, `sum_relay_points`, `team_id`, `meeting_id`, `created_at`, `updated_at`, `rank`, `user_id`, `sum_team_points`, `meeting_individual_points`, `meeting_relay_points`, `meeting_team_points`, `season_individual_points`, `season_relay_points`, `season_team_points`, `season_id`, `team_affiliation_id`)
  VALUES (18630, 6312.83, 0.0, 374, 15271, '2016-11-16 07:33:53', '2016-11-16 07:33:53', 0, 1, 0.0, 0.0, 0.0, 0.0, 0.0, 0.0, 0.0, 152, 1567);

INSERT INTO `meeting_team_scores` (`id`, `sum_individual_points`, `sum_relay_points`, `team_id`, `meeting_id`, `created_at`, `updated_at`, `rank`, `user_id`, `sum_team_points`, `meeting_individual_points`, `meeting_relay_points`, `meeting_team_points`, `season_individual_points`, `season_relay_points`, `season_team_points`, `season_id`, `team_affiliation_id`)
  VALUES (18631, 6184.82, 0.0, 218, 15271, '2016-11-16 07:33:53', '2016-11-16 07:33:53', 0, 1, 0.0, 0.0, 0.0, 0.0, 0.0, 0.0, 0.0, 152, 1839);

INSERT INTO `meeting_team_scores` (`id`, `sum_individual_points`, `sum_relay_points`, `team_id`, `meeting_id`, `created_at`, `updated_at`, `rank`, `user_id`, `sum_team_points`, `meeting_individual_points`, `meeting_relay_points`, `meeting_team_points`, `season_individual_points`, `season_relay_points`, `season_team_points`, `season_id`, `team_affiliation_id`)
  VALUES (18632, 5268.25, 0.0, 878, 15271, '2016-11-16 07:33:53', '2016-11-16 07:33:53', 0, 1, 0.0, 0.0, 0.0, 0.0, 0.0, 0.0, 0.0, 152, 1974);

INSERT INTO `meeting_team_scores` (`id`, `sum_individual_points`, `sum_relay_points`, `team_id`, `meeting_id`, `created_at`, `updated_at`, `rank`, `user_id`, `sum_team_points`, `meeting_individual_points`, `meeting_relay_points`, `meeting_team_points`, `season_individual_points`, `season_relay_points`, `season_team_points`, `season_id`, `team_affiliation_id`)
  VALUES (18633, 3792.94, 0.0, 320, 15271, '2016-11-16 07:33:53', '2016-11-16 07:33:53', 0, 1, 0.0, 0.0, 0.0, 0.0, 0.0, 0.0, 0.0, 152, 1575);

INSERT INTO `meeting_team_scores` (`id`, `sum_individual_points`, `sum_relay_points`, `team_id`, `meeting_id`, `created_at`, `updated_at`, `rank`, `user_id`, `sum_team_points`, `meeting_individual_points`, `meeting_relay_points`, `meeting_team_points`, `season_individual_points`, `season_relay_points`, `season_team_points`, `season_id`, `team_affiliation_id`)
  VALUES (18634, 3333.9, 0.0, 366, 15271, '2016-11-16 07:33:53', '2016-11-16 07:33:53', 0, 1, 0.0, 0.0, 0.0, 0.0, 0.0, 0.0, 0.0, 152, 2404);

INSERT INTO `meeting_team_scores` (`id`, `sum_individual_points`, `sum_relay_points`, `team_id`, `meeting_id`, `created_at`, `updated_at`, `rank`, `user_id`, `sum_team_points`, `meeting_individual_points`, `meeting_relay_points`, `meeting_team_points`, `season_individual_points`, `season_relay_points`, `season_team_points`, `season_id`, `team_affiliation_id`)
  VALUES (18635, 3103.48, 0.0, 880, 15271, '2016-11-16 07:33:53', '2016-11-16 07:33:53', 0, 1, 0.0, 0.0, 0.0, 0.0, 0.0, 0.0, 0.0, 152, 1979);

INSERT INTO `meeting_team_scores` (`id`, `sum_individual_points`, `sum_relay_points`, `team_id`, `meeting_id`, `created_at`, `updated_at`, `rank`, `user_id`, `sum_team_points`, `meeting_individual_points`, `meeting_relay_points`, `meeting_team_points`, `season_individual_points`, `season_relay_points`, `season_team_points`, `season_id`, `team_affiliation_id`)
  VALUES (18636, 3047.11, 0.0, 16, 15271, '2016-11-16 07:33:53', '2016-11-16 07:33:53', 0, 1, 0.0, 0.0, 0.0, 0.0, 0.0, 0.0, 0.0, 152, 2701);

INSERT INTO `meeting_team_scores` (`id`, `sum_individual_points`, `sum_relay_points`, `team_id`, `meeting_id`, `created_at`, `updated_at`, `rank`, `user_id`, `sum_team_points`, `meeting_individual_points`, `meeting_relay_points`, `meeting_team_points`, `season_individual_points`, `season_relay_points`, `season_team_points`, `season_id`, `team_affiliation_id`)
  VALUES (18637, 3002.14, 0.0, 314, 15271, '2016-11-16 07:33:53', '2016-11-16 07:33:53', 0, 1, 0.0, 0.0, 0.0, 0.0, 0.0, 0.0, 0.0, 152, 1895);

INSERT INTO `meeting_team_scores` (`id`, `sum_individual_points`, `sum_relay_points`, `team_id`, `meeting_id`, `created_at`, `updated_at`, `rank`, `user_id`, `sum_team_points`, `meeting_individual_points`, `meeting_relay_points`, `meeting_team_points`, `season_individual_points`, `season_relay_points`, `season_team_points`, `season_id`, `team_affiliation_id`)
  VALUES (18638, 1775.89, 0.0, 390, 15271, '2016-11-16 07:33:53', '2016-11-16 07:33:53', 0, 1, 0.0, 0.0, 0.0, 0.0, 0.0, 0.0, 0.0, 152, 2399);

INSERT INTO `meeting_team_scores` (`id`, `sum_individual_points`, `sum_relay_points`, `team_id`, `meeting_id`, `created_at`, `updated_at`, `rank`, `user_id`, `sum_team_points`, `meeting_individual_points`, `meeting_relay_points`, `meeting_team_points`, `season_individual_points`, `season_relay_points`, `season_team_points`, `season_id`, `team_affiliation_id`)
  VALUES (18639, 1592.78, 0.0, 201, 15271, '2016-11-16 07:33:53', '2016-11-16 07:33:53', 0, 1, 0.0, 0.0, 0.0, 0.0, 0.0, 0.0, 0.0, 152, 1717);

INSERT INTO `meeting_team_scores` (`id`, `sum_individual_points`, `sum_relay_points`, `team_id`, `meeting_id`, `created_at`, `updated_at`, `rank`, `user_id`, `sum_team_points`, `meeting_individual_points`, `meeting_relay_points`, `meeting_team_points`, `season_individual_points`, `season_relay_points`, `season_team_points`, `season_id`, `team_affiliation_id`)
  VALUES (18640, 1553.43, 0.0, 953, 15271, '2016-11-16 07:33:53', '2016-11-16 07:33:53', 0, 1, 0.0, 0.0, 0.0, 0.0, 0.0, 0.0, 0.0, 152, 2730);

INSERT INTO `meeting_team_scores` (`id`, `sum_individual_points`, `sum_relay_points`, `team_id`, `meeting_id`, `created_at`, `updated_at`, `rank`, `user_id`, `sum_team_points`, `meeting_individual_points`, `meeting_relay_points`, `meeting_team_points`, `season_individual_points`, `season_relay_points`, `season_team_points`, `season_id`, `team_affiliation_id`)
  VALUES (18641, 1520.97, 0.0, 988, 15271, '2016-11-16 07:33:53', '2016-11-16 07:33:53', 0, 1, 0.0, 0.0, 0.0, 0.0, 0.0, 0.0, 0.0, 152, 2720);

INSERT INTO `meeting_team_scores` (`id`, `sum_individual_points`, `sum_relay_points`, `team_id`, `meeting_id`, `created_at`, `updated_at`, `rank`, `user_id`, `sum_team_points`, `meeting_individual_points`, `meeting_relay_points`, `meeting_team_points`, `season_individual_points`, `season_relay_points`, `season_team_points`, `season_id`, `team_affiliation_id`)
  VALUES (18642, 1490.52, 0.0, 275, 15271, '2016-11-16 07:33:53', '2016-11-16 07:33:53', 0, 1, 0.0, 0.0, 0.0, 0.0, 0.0, 0.0, 0.0, 152, 1723);

INSERT INTO `meeting_team_scores` (`id`, `sum_individual_points`, `sum_relay_points`, `team_id`, `meeting_id`, `created_at`, `updated_at`, `rank`, `user_id`, `sum_team_points`, `meeting_individual_points`, `meeting_relay_points`, `meeting_team_points`, `season_individual_points`, `season_relay_points`, `season_team_points`, `season_id`, `team_affiliation_id`)
  VALUES (18643, 1378.82, 0.0, 398, 15271, '2016-11-16 07:33:53', '2016-11-16 07:33:53', 0, 1, 0.0, 0.0, 0.0, 0.0, 0.0, 0.0, 0.0, 152, 2223);

INSERT INTO `meeting_team_scores` (`id`, `sum_individual_points`, `sum_relay_points`, `team_id`, `meeting_id`, `created_at`, `updated_at`, `rank`, `user_id`, `sum_team_points`, `meeting_individual_points`, `meeting_relay_points`, `meeting_team_points`, `season_individual_points`, `season_relay_points`, `season_team_points`, `season_id`, `team_affiliation_id`)
  VALUES (18644, 1369.76, 0.0, 76, 15271, '2016-11-16 07:33:53', '2016-11-16 07:33:53', 0, 1, 0.0, 0.0, 0.0, 0.0, 0.0, 0.0, 0.0, 152, 1606);

INSERT INTO `meeting_team_scores` (`id`, `sum_individual_points`, `sum_relay_points`, `team_id`, `meeting_id`, `created_at`, `updated_at`, `rank`, `user_id`, `sum_team_points`, `meeting_individual_points`, `meeting_relay_points`, `meeting_team_points`, `season_individual_points`, `season_relay_points`, `season_team_points`, `season_id`, `team_affiliation_id`)
  VALUES (18645, 1164.51, 0.0, 527, 15271, '2016-11-16 07:33:53', '2016-11-16 07:33:53', 0, 1, 0.0, 0.0, 0.0, 0.0, 0.0, 0.0, 0.0, 152, 1718);

INSERT INTO `meeting_team_scores` (`id`, `sum_individual_points`, `sum_relay_points`, `team_id`, `meeting_id`, `created_at`, `updated_at`, `rank`, `user_id`, `sum_team_points`, `meeting_individual_points`, `meeting_relay_points`, `meeting_team_points`, `season_individual_points`, `season_relay_points`, `season_team_points`, `season_id`, `team_affiliation_id`)
  VALUES (18646, 736.44, 0.0, 404, 15271, '2016-11-16 07:33:53', '2016-11-16 07:33:53', 0, 1, 0.0, 0.0, 0.0, 0.0, 0.0, 0.0, 0.0, 152, 2752);


-- Meeting 15271
-- 'Results acquired' flag setting:
UPDATE meetings SET are_results_acquired = '1' WHERE id = 15271;

-- --- BeginTimeCalculator: compute_for_all( 15271 )
-- ----------------------------------------------------
-- Using RESULTS to compute heat length.

-- Event #1, M.Prg: 80157, tot. athletes: 1
-- Tot. progr. duration: 142 (sec), Heat durations: [14221] (hds)
-- Session begin time: 2016-01-17 08:30:00 +0100, Computed begin time: 2016-01-17 08:32:00 +0100
UPDATE meeting_programs SET begin_time = '2016-01-17 08:32' WHERE id = 80157;

-- Event #1, M.Prg: 80298, tot. athletes: 0
-- Tot. progr. duration: 0 (sec), Heat durations: [] (hds)
-- Session begin time: 2016-01-17 08:30:00 +0100, Computed begin time: 2016-01-17 08:34:22 +0100
UPDATE meeting_programs SET begin_time = '2016-01-17 08:34' WHERE id = 80298;

-- Event #2, M.Prg: 80158, tot. athletes: 1
-- Tot. progr. duration: 134 (sec), Heat durations: [13401] (hds)
-- Session begin time: 2016-01-17 08:30:00 +0100, Computed begin time: 2016-01-17 08:34:22 +0100
UPDATE meeting_programs SET begin_time = '2016-01-17 08:34' WHERE id = 80158;

-- Event #2, M.Prg: 80299, tot. athletes: 0
-- Tot. progr. duration: 0 (sec), Heat durations: [] (hds)
-- Session begin time: 2016-01-17 08:30:00 +0100, Computed begin time: 2016-01-17 08:36:36 +0100
UPDATE meeting_programs SET begin_time = '2016-01-17 08:36' WHERE id = 80299;

-- Event #3, M.Prg: 80159, tot. athletes: 2
-- Tot. progr. duration: 134 (sec), Heat durations: [13422] (hds)
-- Session begin time: 2016-01-17 08:30:00 +0100, Computed begin time: 2016-01-17 08:36:36 +0100
UPDATE meeting_programs SET begin_time = '2016-01-17 08:36' WHERE id = 80159;

-- Event #3, M.Prg: 80300, tot. athletes: 0
-- Tot. progr. duration: 0 (sec), Heat durations: [] (hds)
-- Session begin time: 2016-01-17 08:30:00 +0100, Computed begin time: 2016-01-17 08:38:50 +0100
UPDATE meeting_programs SET begin_time = '2016-01-17 08:38' WHERE id = 80300;

-- Event #4, M.Prg: 80301, tot. athletes: 0
-- Tot. progr. duration: 0 (sec), Heat durations: [] (hds)
-- Session begin time: 2016-01-17 08:30:00 +0100, Computed begin time: 2016-01-17 08:38:50 +0100
UPDATE meeting_programs SET begin_time = '2016-01-17 08:38' WHERE id = 80301;

-- Event #4, M.Prg: 80160, tot. athletes: 1
-- Tot. progr. duration: 156 (sec), Heat durations: [15657] (hds)
-- Session begin time: 2016-01-17 08:30:00 +0100, Computed begin time: 2016-01-17 08:38:50 +0100
UPDATE meeting_programs SET begin_time = '2016-01-17 08:38' WHERE id = 80160;

-- Event #5, M.Prg: 80161, tot. athletes: 2
-- Tot. progr. duration: 145 (sec), Heat durations: [14516] (hds)
-- Session begin time: 2016-01-17 08:30:00 +0100, Computed begin time: 2016-01-17 08:41:26 +0100
UPDATE meeting_programs SET begin_time = '2016-01-17 08:41' WHERE id = 80161;

-- Event #6, M.Prg: 80162, tot. athletes: 1
-- Tot. progr. duration: 116 (sec), Heat durations: [11698] (hds)
-- Session begin time: 2016-01-17 08:30:00 +0100, Computed begin time: 2016-01-17 08:43:51 +0100
UPDATE meeting_programs SET begin_time = '2016-01-17 08:43' WHERE id = 80162;

-- Event #7, M.Prg: 80163, tot. athletes: 2
-- Tot. progr. duration: 173 (sec), Heat durations: [17360] (hds)
-- Session begin time: 2016-01-17 08:30:00 +0100, Computed begin time: 2016-01-17 08:45:47 +0100
UPDATE meeting_programs SET begin_time = '2016-01-17 08:45' WHERE id = 80163;

-- Event #8, M.Prg: 80164, tot. athletes: 3
-- Tot. progr. duration: 150 (sec), Heat durations: [15076] (hds)
-- Session begin time: 2016-01-17 08:30:00 +0100, Computed begin time: 2016-01-17 08:48:40 +0100
UPDATE meeting_programs SET begin_time = '2016-01-17 08:48' WHERE id = 80164;

-- Event #9, M.Prg: 80165, tot. athletes: 1
-- Tot. progr. duration: 160 (sec), Heat durations: [16034] (hds)
-- Session begin time: 2016-01-17 08:30:00 +0100, Computed begin time: 2016-01-17 08:51:10 +0100
UPDATE meeting_programs SET begin_time = '2016-01-17 08:51' WHERE id = 80165;

-- Event #10, M.Prg: 80166, tot. athletes: 1
-- Tot. progr. duration: 147 (sec), Heat durations: [14772] (hds)
-- Session begin time: 2016-01-17 08:30:00 +0100, Computed begin time: 2016-01-17 08:53:50 +0100
UPDATE meeting_programs SET begin_time = '2016-01-17 08:53' WHERE id = 80166;

-- Event #11, M.Prg: 80167, tot. athletes: 1
-- Tot. progr. duration: 170 (sec), Heat durations: [17095] (hds)
-- Session begin time: 2016-01-17 08:30:00 +0100, Computed begin time: 2016-01-17 08:56:17 +0100
UPDATE meeting_programs SET begin_time = '2016-01-17 08:56' WHERE id = 80167;

-- Event #12, M.Prg: 80168, tot. athletes: 1
-- Tot. progr. duration: 220 (sec), Heat durations: [22016] (hds)
-- Session begin time: 2016-01-17 08:30:00 +0100, Computed begin time: 2016-01-17 08:59:07 +0100
UPDATE meeting_programs SET begin_time = '2016-01-17 08:59' WHERE id = 80168;

-- Event #13, M.Prg: 80169, tot. athletes: 2
-- Tot. progr. duration: 138 (sec), Heat durations: [13895] (hds)
-- Session begin time: 2016-01-17 08:30:00 +0100, Computed begin time: 2016-01-17 09:02:47 +0100
UPDATE meeting_programs SET begin_time = '2016-01-17 09:02' WHERE id = 80169;

-- Event #14, M.Prg: 80170, tot. athletes: 1
-- Tot. progr. duration: 153 (sec), Heat durations: [15339] (hds)
-- Session begin time: 2016-01-17 08:30:00 +0100, Computed begin time: 2016-01-17 09:05:05 +0100
UPDATE meeting_programs SET begin_time = '2016-01-17 09:05' WHERE id = 80170;

-- Event #15, M.Prg: 80171, tot. athletes: 1
-- Tot. progr. duration: 158 (sec), Heat durations: [15810] (hds)
-- Session begin time: 2016-01-17 08:30:00 +0100, Computed begin time: 2016-01-17 09:07:38 +0100
UPDATE meeting_programs SET begin_time = '2016-01-17 09:07' WHERE id = 80171;

-- Event #16, M.Prg: 80172, tot. athletes: 2
-- Tot. progr. duration: 169 (sec), Heat durations: [16937] (hds)
-- Session begin time: 2016-01-17 08:30:00 +0100, Computed begin time: 2016-01-17 09:10:16 +0100
UPDATE meeting_programs SET begin_time = '2016-01-17 09:10' WHERE id = 80172;

-- Event #17, M.Prg: 80173, tot. athletes: 6
-- Tot. progr. duration: 180 (sec), Heat durations: [18071] (hds)
-- Session begin time: 2016-01-17 08:30:00 +0100, Computed begin time: 2016-01-17 09:13:05 +0100
UPDATE meeting_programs SET begin_time = '2016-01-17 09:13' WHERE id = 80173;

-- Event #18, M.Prg: 80174, tot. athletes: 2
-- Tot. progr. duration: 171 (sec), Heat durations: [17158] (hds)
-- Session begin time: 2016-01-17 08:30:00 +0100, Computed begin time: 2016-01-17 09:16:05 +0100
UPDATE meeting_programs SET begin_time = '2016-01-17 09:16' WHERE id = 80174;

-- Event #19, M.Prg: 80175, tot. athletes: 1
-- Tot. progr. duration: 181 (sec), Heat durations: [18105] (hds)
-- Session begin time: 2016-01-17 08:30:00 +0100, Computed begin time: 2016-01-17 09:18:56 +0100
UPDATE meeting_programs SET begin_time = '2016-01-17 09:18' WHERE id = 80175;

-- Event #20, M.Prg: 80176, tot. athletes: 1
-- Tot. progr. duration: 201 (sec), Heat durations: [20162] (hds)
-- Session begin time: 2016-01-17 08:30:00 +0100, Computed begin time: 2016-01-17 09:21:57 +0100
UPDATE meeting_programs SET begin_time = '2016-01-17 09:21' WHERE id = 80176;

-- Event #21, M.Prg: 80177, tot. athletes: 2
-- Tot. progr. duration: 142 (sec), Heat durations: [14266] (hds)
-- Session begin time: 2016-01-17 08:30:00 +0100, Computed begin time: 2016-01-17 09:25:18 +0100
UPDATE meeting_programs SET begin_time = '2016-01-17 09:25' WHERE id = 80177;

-- Event #22, M.Prg: 80178, tot. athletes: 4
-- Tot. progr. duration: 136 (sec), Heat durations: [13679] (hds)
-- Session begin time: 2016-01-17 08:30:00 +0100, Computed begin time: 2016-01-17 09:27:40 +0100
UPDATE meeting_programs SET begin_time = '2016-01-17 09:27' WHERE id = 80178;

-- Event #23, M.Prg: 80179, tot. athletes: 1
-- Tot. progr. duration: 149 (sec), Heat durations: [14918] (hds)
-- Session begin time: 2016-01-17 08:30:00 +0100, Computed begin time: 2016-01-17 09:29:56 +0100
UPDATE meeting_programs SET begin_time = '2016-01-17 09:29' WHERE id = 80179;

-- Event #24, M.Prg: 80180, tot. athletes: 4
-- Tot. progr. duration: 139 (sec), Heat durations: [13914] (hds)
-- Session begin time: 2016-01-17 08:30:00 +0100, Computed begin time: 2016-01-17 09:32:25 +0100
UPDATE meeting_programs SET begin_time = '2016-01-17 09:32' WHERE id = 80180;

-- Event #25, M.Prg: 80181, tot. athletes: 5
-- Tot. progr. duration: 144 (sec), Heat durations: [14482] (hds)
-- Session begin time: 2016-01-17 08:30:00 +0100, Computed begin time: 2016-01-17 09:34:44 +0100
UPDATE meeting_programs SET begin_time = '2016-01-17 09:34' WHERE id = 80181;

-- Event #26, M.Prg: 80182, tot. athletes: 6
-- Tot. progr. duration: 157 (sec), Heat durations: [15747] (hds)
-- Session begin time: 2016-01-17 08:30:00 +0100, Computed begin time: 2016-01-17 09:37:08 +0100
UPDATE meeting_programs SET begin_time = '2016-01-17 09:37' WHERE id = 80182;

-- Event #27, M.Prg: 80183, tot. athletes: 4
-- Tot. progr. duration: 152 (sec), Heat durations: [15249] (hds)
-- Session begin time: 2016-01-17 08:30:00 +0100, Computed begin time: 2016-01-17 09:39:45 +0100
UPDATE meeting_programs SET begin_time = '2016-01-17 09:39' WHERE id = 80183;

-- Event #28, M.Prg: 80184, tot. athletes: 6
-- Tot. progr. duration: 171 (sec), Heat durations: [17148] (hds)
-- Session begin time: 2016-01-17 08:30:00 +0100, Computed begin time: 2016-01-17 09:42:17 +0100
UPDATE meeting_programs SET begin_time = '2016-01-17 09:42' WHERE id = 80184;

-- Event #29, M.Prg: 80185, tot. athletes: 4
-- Tot. progr. duration: 163 (sec), Heat durations: [16392] (hds)
-- Session begin time: 2016-01-17 08:30:00 +0100, Computed begin time: 2016-01-17 09:45:08 +0100
UPDATE meeting_programs SET begin_time = '2016-01-17 09:45' WHERE id = 80185;

-- Event #30, M.Prg: 80186, tot. athletes: 1
-- Tot. progr. duration: 246 (sec), Heat durations: [24692] (hds)
-- Session begin time: 2016-01-17 08:30:00 +0100, Computed begin time: 2016-01-17 09:47:51 +0100
UPDATE meeting_programs SET begin_time = '2016-01-17 09:47' WHERE id = 80186;

-- Event #31, M.Prg: 80187, tot. athletes: 3
-- Tot. progr. duration: 134 (sec), Heat durations: [13446] (hds)
-- Session begin time: 2016-01-17 08:30:00 +0100, Computed begin time: 2016-01-17 09:51:57 +0100
UPDATE meeting_programs SET begin_time = '2016-01-17 09:51' WHERE id = 80187;

-- Event #32, M.Prg: 80188, tot. athletes: 1
-- Tot. progr. duration: 154 (sec), Heat durations: [15464] (hds)
-- Session begin time: 2016-01-17 08:30:00 +0100, Computed begin time: 2016-01-17 09:54:11 +0100
UPDATE meeting_programs SET begin_time = '2016-01-17 09:54' WHERE id = 80188;

-- Event #33, M.Prg: 80189, tot. athletes: 4
-- Tot. progr. duration: 157 (sec), Heat durations: [15799] (hds)
-- Session begin time: 2016-01-17 08:30:00 +0100, Computed begin time: 2016-01-17 09:56:45 +0100
UPDATE meeting_programs SET begin_time = '2016-01-17 09:56' WHERE id = 80189;

-- Event #34, M.Prg: 80190, tot. athletes: 3
-- Tot. progr. duration: 156 (sec), Heat durations: [15656] (hds)
-- Session begin time: 2016-01-17 08:30:00 +0100, Computed begin time: 2016-01-17 09:59:22 +0100
UPDATE meeting_programs SET begin_time = '2016-01-17 09:59' WHERE id = 80190;

-- Event #35, M.Prg: 80191, tot. athletes: 2
-- Tot. progr. duration: 159 (sec), Heat durations: [15937] (hds)
-- Session begin time: 2016-01-17 08:30:00 +0100, Computed begin time: 2016-01-17 10:01:58 +0100
UPDATE meeting_programs SET begin_time = '2016-01-17 10:01' WHERE id = 80191;

-- Event #36, M.Prg: 80192, tot. athletes: 3
-- Tot. progr. duration: 163 (sec), Heat durations: [16301] (hds)
-- Session begin time: 2016-01-17 08:30:00 +0100, Computed begin time: 2016-01-17 10:04:37 +0100
UPDATE meeting_programs SET begin_time = '2016-01-17 10:04' WHERE id = 80192;

-- Event #37, M.Prg: 80193, tot. athletes: 2
-- Tot. progr. duration: 163 (sec), Heat durations: [16326] (hds)
-- Session begin time: 2016-01-17 08:30:00 +0100, Computed begin time: 2016-01-17 10:07:20 +0100
UPDATE meeting_programs SET begin_time = '2016-01-17 10:07' WHERE id = 80193;

-- Event #38, M.Prg: 80194, tot. athletes: 1
-- Tot. progr. duration: 147 (sec), Heat durations: [14708] (hds)
-- Session begin time: 2016-01-17 08:30:00 +0100, Computed begin time: 2016-01-17 10:10:03 +0100
UPDATE meeting_programs SET begin_time = '2016-01-17 10:10' WHERE id = 80194;

-- Event #39, M.Prg: 80195, tot. athletes: 1
-- Tot. progr. duration: 167 (sec), Heat durations: [16763] (hds)
-- Session begin time: 2016-01-17 08:30:00 +0100, Computed begin time: 2016-01-17 10:12:30 +0100
UPDATE meeting_programs SET begin_time = '2016-01-17 10:12' WHERE id = 80195;

-- Event #40, M.Prg: 80196, tot. athletes: 1
-- Tot. progr. duration: 122 (sec), Heat durations: [12253] (hds)
-- Session begin time: 2016-01-17 08:30:00 +0100, Computed begin time: 2016-01-17 10:15:17 +0100
UPDATE meeting_programs SET begin_time = '2016-01-17 10:15' WHERE id = 80196;

-- Event #41, M.Prg: 80197, tot. athletes: 1
-- Tot. progr. duration: 128 (sec), Heat durations: [12820] (hds)
-- Session begin time: 2016-01-17 08:30:00 +0100, Computed begin time: 2016-01-17 10:17:19 +0100
UPDATE meeting_programs SET begin_time = '2016-01-17 10:17' WHERE id = 80197;

-- Event #42, M.Prg: 80198, tot. athletes: 1
-- Tot. progr. duration: 130 (sec), Heat durations: [13029] (hds)
-- Session begin time: 2016-01-17 08:30:00 +0100, Computed begin time: 2016-01-17 10:19:27 +0100
UPDATE meeting_programs SET begin_time = '2016-01-17 10:19' WHERE id = 80198;

-- Event #43, M.Prg: 80199, tot. athletes: 2
-- Tot. progr. duration: 131 (sec), Heat durations: [13126] (hds)
-- Session begin time: 2016-01-17 08:30:00 +0100, Computed begin time: 2016-01-17 10:21:37 +0100
UPDATE meeting_programs SET begin_time = '2016-01-17 10:21' WHERE id = 80199;

-- Event #44, M.Prg: 80200, tot. athletes: 2
-- Tot. progr. duration: 131 (sec), Heat durations: [13199] (hds)
-- Session begin time: 2016-01-17 08:30:00 +0100, Computed begin time: 2016-01-17 10:23:48 +0100
UPDATE meeting_programs SET begin_time = '2016-01-17 10:23' WHERE id = 80200;

-- Event #45, M.Prg: 80201, tot. athletes: 5
-- Tot. progr. duration: 145 (sec), Heat durations: [14510] (hds)
-- Session begin time: 2016-01-17 08:30:00 +0100, Computed begin time: 2016-01-17 10:25:59 +0100
UPDATE meeting_programs SET begin_time = '2016-01-17 10:25' WHERE id = 80201;

-- Event #46, M.Prg: 80202, tot. athletes: 2
-- Tot. progr. duration: 133 (sec), Heat durations: [13301] (hds)
-- Session begin time: 2016-01-17 08:30:00 +0100, Computed begin time: 2016-01-17 10:28:24 +0100
UPDATE meeting_programs SET begin_time = '2016-01-17 10:28' WHERE id = 80202;

-- Event #47, M.Prg: 80203, tot. athletes: 1
-- Tot. progr. duration: 160 (sec), Heat durations: [16054] (hds)
-- Session begin time: 2016-01-17 08:30:00 +0100, Computed begin time: 2016-01-17 10:30:37 +0100
UPDATE meeting_programs SET begin_time = '2016-01-17 10:30' WHERE id = 80203;

-- Event #48, M.Prg: 80204, tot. athletes: 2
-- Tot. progr. duration: 201 (sec), Heat durations: [20191] (hds)
-- Session begin time: 2016-01-17 08:30:00 +0100, Computed begin time: 2016-01-17 10:33:17 +0100
UPDATE meeting_programs SET begin_time = '2016-01-17 10:33' WHERE id = 80204;

-- Event #49, M.Prg: 80205, tot. athletes: 1
-- Tot. progr. duration: 229 (sec), Heat durations: [22963] (hds)
-- Session begin time: 2016-01-17 08:30:00 +0100, Computed begin time: 2016-01-17 10:36:38 +0100
UPDATE meeting_programs SET begin_time = '2016-01-17 10:36' WHERE id = 80205;

-- Event #50, M.Prg: 80206, tot. athletes: 1
-- Tot. progr. duration: 200 (sec), Heat durations: [20014] (hds)
-- Session begin time: 2016-01-17 08:30:00 +0100, Computed begin time: 2016-01-17 10:40:27 +0100
UPDATE meeting_programs SET begin_time = '2016-01-17 10:40' WHERE id = 80206;

-- Event #51, M.Prg: 80207, tot. athletes: 2
-- Tot. progr. duration: 250 (sec), Heat durations: [25055] (hds)
-- Session begin time: 2016-01-17 08:30:00 +0100, Computed begin time: 2016-01-17 10:43:47 +0100
UPDATE meeting_programs SET begin_time = '2016-01-17 10:43' WHERE id = 80207;

-- Event #52, M.Prg: 80208, tot. athletes: 1
-- Tot. progr. duration: 215 (sec), Heat durations: [21534] (hds)
-- Session begin time: 2016-01-17 08:30:00 +0100, Computed begin time: 2016-01-17 10:47:57 +0100
UPDATE meeting_programs SET begin_time = '2016-01-17 10:47' WHERE id = 80208;

-- Event #53, M.Prg: 80209, tot. athletes: 1
-- Tot. progr. duration: 303 (sec), Heat durations: [30307] (hds)
-- Session begin time: 2016-01-17 08:30:00 +0100, Computed begin time: 2016-01-17 10:51:32 +0100
UPDATE meeting_programs SET begin_time = '2016-01-17 10:51' WHERE id = 80209;

-- Event #54, M.Prg: 80210, tot. athletes: 1
-- Tot. progr. duration: 317 (sec), Heat durations: [31756] (hds)
-- Session begin time: 2016-01-17 08:30:00 +0100, Computed begin time: 2016-01-17 10:56:35 +0100
UPDATE meeting_programs SET begin_time = '2016-01-17 10:56' WHERE id = 80210;

-- Event #55, M.Prg: 80211, tot. athletes: 1
-- Tot. progr. duration: 198 (sec), Heat durations: [19843] (hds)
-- Session begin time: 2016-01-17 08:30:00 +0100, Computed begin time: 2016-01-17 11:01:52 +0100
UPDATE meeting_programs SET begin_time = '2016-01-17 11:01' WHERE id = 80211;

-- Event #56, M.Prg: 80212, tot. athletes: 2
-- Tot. progr. duration: 231 (sec), Heat durations: [23178] (hds)
-- Session begin time: 2016-01-17 08:30:00 +0100, Computed begin time: 2016-01-17 11:05:10 +0100
UPDATE meeting_programs SET begin_time = '2016-01-17 11:05' WHERE id = 80212;

-- Event #57, M.Prg: 80213, tot. athletes: 2
-- Tot. progr. duration: 240 (sec), Heat durations: [24058] (hds)
-- Session begin time: 2016-01-17 08:30:00 +0100, Computed begin time: 2016-01-17 11:09:01 +0100
UPDATE meeting_programs SET begin_time = '2016-01-17 11:09' WHERE id = 80213;

-- Event #58, M.Prg: 80214, tot. athletes: 5
-- Tot. progr. duration: 249 (sec), Heat durations: [24948] (hds)
-- Session begin time: 2016-01-17 08:30:00 +0100, Computed begin time: 2016-01-17 11:13:01 +0100
UPDATE meeting_programs SET begin_time = '2016-01-17 11:13' WHERE id = 80214;

-- Event #59, M.Prg: 80215, tot. athletes: 2
-- Tot. progr. duration: 230 (sec), Heat durations: [23002] (hds)
-- Session begin time: 2016-01-17 08:30:00 +0100, Computed begin time: 2016-01-17 11:17:10 +0100
UPDATE meeting_programs SET begin_time = '2016-01-17 11:17' WHERE id = 80215;

-- Event #60, M.Prg: 80216, tot. athletes: 1
-- Tot. progr. duration: 195 (sec), Heat durations: [19502] (hds)
-- Session begin time: 2016-01-17 08:30:00 +0100, Computed begin time: 2016-01-17 11:21:00 +0100
UPDATE meeting_programs SET begin_time = '2016-01-17 11:21' WHERE id = 80216;

-- Event #61, M.Prg: 80217, tot. athletes: 1
-- Tot. progr. duration: 360 (sec), Heat durations: [36009] (hds)
-- Session begin time: 2016-01-17 08:30:00 +0100, Computed begin time: 2016-01-17 11:24:15 +0100
UPDATE meeting_programs SET begin_time = '2016-01-17 11:24' WHERE id = 80217;

-- Event #62, M.Prg: 80218, tot. athletes: 4
-- Tot. progr. duration: 448 (sec), Heat durations: [44885] (hds)
-- Session begin time: 2016-01-17 08:30:00 +0100, Computed begin time: 2016-01-17 11:30:15 +0100
UPDATE meeting_programs SET begin_time = '2016-01-17 11:30' WHERE id = 80218;

-- Event #63, M.Prg: 80219, tot. athletes: 3
-- Tot. progr. duration: 447 (sec), Heat durations: [44757] (hds)
-- Session begin time: 2016-01-17 08:30:00 +0100, Computed begin time: 2016-01-17 11:37:43 +0100
UPDATE meeting_programs SET begin_time = '2016-01-17 11:37' WHERE id = 80219;

-- Event #64, M.Prg: 80220, tot. athletes: 2
-- Tot. progr. duration: 456 (sec), Heat durations: [45674] (hds)
-- Session begin time: 2016-01-17 08:30:00 +0100, Computed begin time: 2016-01-17 11:45:10 +0100
UPDATE meeting_programs SET begin_time = '2016-01-17 11:45' WHERE id = 80220;

-- Event #65, M.Prg: 80221, tot. athletes: 4
-- Tot. progr. duration: 449 (sec), Heat durations: [44957] (hds)
-- Session begin time: 2016-01-17 08:30:00 +0100, Computed begin time: 2016-01-17 11:52:46 +0100
UPDATE meeting_programs SET begin_time = '2016-01-17 11:52' WHERE id = 80221;

-- Event #66, M.Prg: 80222, tot. athletes: 1
-- Tot. progr. duration: 420 (sec), Heat durations: [42095] (hds)
-- Session begin time: 2016-01-17 08:30:00 +0100, Computed begin time: 2016-01-17 12:00:15 +0100
UPDATE meeting_programs SET begin_time = '2016-01-17 12:00' WHERE id = 80222;

-- Event #67, M.Prg: 80223, tot. athletes: 1
-- Tot. progr. duration: 600 (sec), Heat durations: [60032] (hds)
-- Session begin time: 2016-01-17 08:30:00 +0100, Computed begin time: 2016-01-17 12:07:15 +0100
UPDATE meeting_programs SET begin_time = '2016-01-17 12:07' WHERE id = 80223;

-- Event #68, M.Prg: 80224, tot. athletes: 1
-- Tot. progr. duration: 479 (sec), Heat durations: [47923] (hds)
-- Session begin time: 2016-01-17 08:30:00 +0100, Computed begin time: 2016-01-17 12:17:15 +0100
UPDATE meeting_programs SET begin_time = '2016-01-17 12:17' WHERE id = 80224;

-- Event #69, M.Prg: 80225, tot. athletes: 2
-- Tot. progr. duration: 340 (sec), Heat durations: [34091] (hds)
-- Session begin time: 2016-01-17 08:30:00 +0100, Computed begin time: 2016-01-17 12:25:14 +0100
UPDATE meeting_programs SET begin_time = '2016-01-17 12:25' WHERE id = 80225;

-- Event #70, M.Prg: 80226, tot. athletes: 4
-- Tot. progr. duration: 394 (sec), Heat durations: [39498] (hds)
-- Session begin time: 2016-01-17 08:30:00 +0100, Computed begin time: 2016-01-17 12:30:54 +0100
UPDATE meeting_programs SET begin_time = '2016-01-17 12:30' WHERE id = 80226;

-- Event #71, M.Prg: 80227, tot. athletes: 11
-- Tot. progr. duration: 1004 (sec), Heat durations: [59656, 40765] (hds)
-- Session begin time: 2016-01-17 08:30:00 +0100, Computed begin time: 2016-01-17 12:37:28 +0100
UPDATE meeting_programs SET begin_time = '2016-01-17 12:37' WHERE id = 80227;

-- Event #72, M.Prg: 80228, tot. athletes: 10
-- Tot. progr. duration: 879 (sec), Heat durations: [49027, 38920] (hds)
-- Session begin time: 2016-01-17 08:30:00 +0100, Computed begin time: 2016-01-17 12:54:12 +0100
UPDATE meeting_programs SET begin_time = '2016-01-17 12:54' WHERE id = 80228;

-- Event #73, M.Prg: 80229, tot. athletes: 6
-- Tot. progr. duration: 510 (sec), Heat durations: [51019] (hds)
-- Session begin time: 2016-01-17 08:30:00 +0100, Computed begin time: 2016-01-17 13:08:51 +0100
UPDATE meeting_programs SET begin_time = '2016-01-17 13:08' WHERE id = 80229;

-- Event #74, M.Prg: 80230, tot. athletes: 4
-- Tot. progr. duration: 556 (sec), Heat durations: [55600] (hds)
-- Session begin time: 2016-01-17 08:30:00 +0100, Computed begin time: 2016-01-17 13:17:21 +0100
UPDATE meeting_programs SET begin_time = '2016-01-17 13:17' WHERE id = 80230;

-- Event #75, M.Prg: 80231, tot. athletes: 2
-- Tot. progr. duration: 538 (sec), Heat durations: [53838] (hds)
-- Session begin time: 2016-01-17 08:30:00 +0100, Computed begin time: 2016-01-17 13:26:37 +0100
UPDATE meeting_programs SET begin_time = '2016-01-17 13:26' WHERE id = 80231;

-- Event #76, M.Prg: 80232, tot. athletes: 2
-- Tot. progr. duration: 649 (sec), Heat durations: [64944] (hds)
-- Session begin time: 2016-01-17 08:30:00 +0100, Computed begin time: 2016-01-17 13:35:35 +0100
UPDATE meeting_programs SET begin_time = '2016-01-17 13:35' WHERE id = 80232;

-- Event #77, M.Prg: 80233, tot. athletes: 1
-- Tot. progr. duration: 719 (sec), Heat durations: [71941] (hds)
-- Session begin time: 2016-01-17 08:30:00 +0100, Computed begin time: 2016-01-17 13:46:24 +0100
UPDATE meeting_programs SET begin_time = '2016-01-17 13:46' WHERE id = 80233;

-- Event #78, M.Prg: 80234, tot. athletes: 3
-- Tot. progr. duration: 111 (sec), Heat durations: [11112] (hds)
-- Session begin time: 2016-01-17 08:30:00 +0100, Computed begin time: 2016-01-17 13:58:23 +0100
UPDATE meeting_programs SET begin_time = '2016-01-17 13:58' WHERE id = 80234;

-- Event #79, M.Prg: 80235, tot. athletes: 1
-- Tot. progr. duration: 107 (sec), Heat durations: [10705] (hds)
-- Session begin time: 2016-01-17 08:30:00 +0100, Computed begin time: 2016-01-17 14:00:14 +0100
UPDATE meeting_programs SET begin_time = '2016-01-17 14:00' WHERE id = 80235;

-- Event #80, M.Prg: 80236, tot. athletes: 1
-- Tot. progr. duration: 94 (sec), Heat durations: [9483] (hds)
-- Session begin time: 2016-01-17 08:30:00 +0100, Computed begin time: 2016-01-17 14:02:01 +0100
UPDATE meeting_programs SET begin_time = '2016-01-17 14:02' WHERE id = 80236;

-- Event #81, M.Prg: 80237, tot. athletes: 2
-- Tot. progr. duration: 98 (sec), Heat durations: [9816] (hds)
-- Session begin time: 2016-01-17 08:30:00 +0100, Computed begin time: 2016-01-17 14:03:35 +0100
UPDATE meeting_programs SET begin_time = '2016-01-17 14:03' WHERE id = 80237;

-- Event #82, M.Prg: 80238, tot. athletes: 3
-- Tot. progr. duration: 106 (sec), Heat durations: [10673] (hds)
-- Session begin time: 2016-01-17 08:30:00 +0100, Computed begin time: 2016-01-17 14:05:13 +0100
UPDATE meeting_programs SET begin_time = '2016-01-17 14:05' WHERE id = 80238;

-- Event #83, M.Prg: 80239, tot. athletes: 4
-- Tot. progr. duration: 115 (sec), Heat durations: [11570] (hds)
-- Session begin time: 2016-01-17 08:30:00 +0100, Computed begin time: 2016-01-17 14:06:59 +0100
UPDATE meeting_programs SET begin_time = '2016-01-17 14:06' WHERE id = 80239;

-- Event #84, M.Prg: 80240, tot. athletes: 3
-- Tot. progr. duration: 117 (sec), Heat durations: [11720] (hds)
-- Session begin time: 2016-01-17 08:30:00 +0100, Computed begin time: 2016-01-17 14:08:54 +0100
UPDATE meeting_programs SET begin_time = '2016-01-17 14:08' WHERE id = 80240;

-- Event #85, M.Prg: 80241, tot. athletes: 2
-- Tot. progr. duration: 112 (sec), Heat durations: [11279] (hds)
-- Session begin time: 2016-01-17 08:30:00 +0100, Computed begin time: 2016-01-17 14:10:51 +0100
UPDATE meeting_programs SET begin_time = '2016-01-17 14:10' WHERE id = 80241;

-- Event #86, M.Prg: 80242, tot. athletes: 1
-- Tot. progr. duration: 116 (sec), Heat durations: [11679] (hds)
-- Session begin time: 2016-01-17 08:30:00 +0100, Computed begin time: 2016-01-17 14:12:43 +0100
UPDATE meeting_programs SET begin_time = '2016-01-17 14:12' WHERE id = 80242;

-- Event #87, M.Prg: 80243, tot. athletes: 1
-- Tot. progr. duration: 100 (sec), Heat durations: [10090] (hds)
-- Session begin time: 2016-01-17 08:30:00 +0100, Computed begin time: 2016-01-17 14:14:39 +0100
UPDATE meeting_programs SET begin_time = '2016-01-17 14:14' WHERE id = 80243;

-- Event #88, M.Prg: 80244, tot. athletes: 1
-- Tot. progr. duration: 112 (sec), Heat durations: [11247] (hds)
-- Session begin time: 2016-01-17 08:30:00 +0100, Computed begin time: 2016-01-17 14:16:19 +0100
UPDATE meeting_programs SET begin_time = '2016-01-17 14:16' WHERE id = 80244;

-- Event #89, M.Prg: 80245, tot. athletes: 1
-- Tot. progr. duration: 133 (sec), Heat durations: [13373] (hds)
-- Session begin time: 2016-01-17 08:30:00 +0100, Computed begin time: 2016-01-17 14:18:11 +0100
UPDATE meeting_programs SET begin_time = '2016-01-17 14:18' WHERE id = 80245;

-- Event #90, M.Prg: 80246, tot. athletes: 2
-- Tot. progr. duration: 101 (sec), Heat durations: [10182] (hds)
-- Session begin time: 2016-01-17 08:30:00 +0100, Computed begin time: 2016-01-17 14:20:24 +0100
UPDATE meeting_programs SET begin_time = '2016-01-17 14:20' WHERE id = 80246;

-- Event #91, M.Prg: 80247, tot. athletes: 3
-- Tot. progr. duration: 99 (sec), Heat durations: [9904] (hds)
-- Session begin time: 2016-01-17 08:30:00 +0100, Computed begin time: 2016-01-17 14:22:05 +0100
UPDATE meeting_programs SET begin_time = '2016-01-17 14:22' WHERE id = 80247;

-- Event #92, M.Prg: 80248, tot. athletes: 1
-- Tot. progr. duration: 105 (sec), Heat durations: [10549] (hds)
-- Session begin time: 2016-01-17 08:30:00 +0100, Computed begin time: 2016-01-17 14:23:44 +0100
UPDATE meeting_programs SET begin_time = '2016-01-17 14:23' WHERE id = 80248;

-- Event #93, M.Prg: 80249, tot. athletes: 1
-- Tot. progr. duration: 94 (sec), Heat durations: [9433] (hds)
-- Session begin time: 2016-01-17 08:30:00 +0100, Computed begin time: 2016-01-17 14:25:29 +0100
UPDATE meeting_programs SET begin_time = '2016-01-17 14:25' WHERE id = 80249;

-- Event #94, M.Prg: 80250, tot. athletes: 1
-- Tot. progr. duration: 108 (sec), Heat durations: [10846] (hds)
-- Session begin time: 2016-01-17 08:30:00 +0100, Computed begin time: 2016-01-17 14:27:03 +0100
UPDATE meeting_programs SET begin_time = '2016-01-17 14:27' WHERE id = 80250;

-- Event #95, M.Prg: 80251, tot. athletes: 1
-- Tot. progr. duration: 128 (sec), Heat durations: [12829] (hds)
-- Session begin time: 2016-01-17 08:30:00 +0100, Computed begin time: 2016-01-17 14:28:51 +0100
UPDATE meeting_programs SET begin_time = '2016-01-17 14:28' WHERE id = 80251;

-- Event #96, M.Prg: 80252, tot. athletes: 1
-- Tot. progr. duration: 96 (sec), Heat durations: [9617] (hds)
-- Session begin time: 2016-01-17 08:30:00 +0100, Computed begin time: 2016-01-17 14:30:59 +0100
UPDATE meeting_programs SET begin_time = '2016-01-17 14:30' WHERE id = 80252;

-- Event #97, M.Prg: 80253, tot. athletes: 2
-- Tot. progr. duration: 94 (sec), Heat durations: [9404] (hds)
-- Session begin time: 2016-01-17 08:30:00 +0100, Computed begin time: 2016-01-17 14:32:35 +0100
UPDATE meeting_programs SET begin_time = '2016-01-17 14:32' WHERE id = 80253;

-- Event #98, M.Prg: 80254, tot. athletes: 1
-- Tot. progr. duration: 94 (sec), Heat durations: [9486] (hds)
-- Session begin time: 2016-01-17 08:30:00 +0100, Computed begin time: 2016-01-17 14:34:09 +0100
UPDATE meeting_programs SET begin_time = '2016-01-17 14:34' WHERE id = 80254;

-- Event #99, M.Prg: 80255, tot. athletes: 3
-- Tot. progr. duration: 91 (sec), Heat durations: [9162] (hds)
-- Session begin time: 2016-01-17 08:30:00 +0100, Computed begin time: 2016-01-17 14:35:43 +0100
UPDATE meeting_programs SET begin_time = '2016-01-17 14:35' WHERE id = 80255;

-- Event #100, M.Prg: 80256, tot. athletes: 7
-- Tot. progr. duration: 184 (sec), Heat durations: [9666, 8759] (hds)
-- Session begin time: 2016-01-17 08:30:00 +0100, Computed begin time: 2016-01-17 14:37:14 +0100
UPDATE meeting_programs SET begin_time = '2016-01-17 14:37' WHERE id = 80256;

-- Event #101, M.Prg: 80257, tot. athletes: 7
-- Tot. progr. duration: 231 (sec), Heat durations: [13683, 9445] (hds)
-- Session begin time: 2016-01-17 08:30:00 +0100, Computed begin time: 2016-01-17 14:40:18 +0100
UPDATE meeting_programs SET begin_time = '2016-01-17 14:40' WHERE id = 80257;

-- Event #102, M.Prg: 80258, tot. athletes: 8
-- Tot. progr. duration: 204 (sec), Heat durations: [11091, 9316] (hds)
-- Session begin time: 2016-01-17 08:30:00 +0100, Computed begin time: 2016-01-17 14:44:09 +0100
UPDATE meeting_programs SET begin_time = '2016-01-17 14:44' WHERE id = 80258;

-- Event #103, M.Prg: 80259, tot. athletes: 4
-- Tot. progr. duration: 101 (sec), Heat durations: [10110] (hds)
-- Session begin time: 2016-01-17 08:30:00 +0100, Computed begin time: 2016-01-17 14:47:33 +0100
UPDATE meeting_programs SET begin_time = '2016-01-17 14:47' WHERE id = 80259;

-- Event #104, M.Prg: 80260, tot. athletes: 2
-- Tot. progr. duration: 100 (sec), Heat durations: [10048] (hds)
-- Session begin time: 2016-01-17 08:30:00 +0100, Computed begin time: 2016-01-17 14:49:14 +0100
UPDATE meeting_programs SET begin_time = '2016-01-17 14:49' WHERE id = 80260;

-- Event #105, M.Prg: 80261, tot. athletes: 1
-- Tot. progr. duration: 104 (sec), Heat durations: [10498] (hds)
-- Session begin time: 2016-01-17 08:30:00 +0100, Computed begin time: 2016-01-17 14:50:54 +0100
UPDATE meeting_programs SET begin_time = '2016-01-17 14:50' WHERE id = 80261;

-- Event #106, M.Prg: 80262, tot. athletes: 2
-- Tot. progr. duration: 89 (sec), Heat durations: [8995] (hds)
-- Session begin time: 2016-01-17 08:30:00 +0100, Computed begin time: 2016-01-17 14:52:38 +0100
UPDATE meeting_programs SET begin_time = '2016-01-17 14:52' WHERE id = 80262;

-- Event #107, M.Prg: 80263, tot. athletes: 1
-- Tot. progr. duration: 103 (sec), Heat durations: [10394] (hds)
-- Session begin time: 2016-01-17 08:30:00 +0100, Computed begin time: 2016-01-17 14:54:07 +0100
UPDATE meeting_programs SET begin_time = '2016-01-17 14:54' WHERE id = 80263;

-- Event #108, M.Prg: 80264, tot. athletes: 1
-- Tot. progr. duration: 101 (sec), Heat durations: [10176] (hds)
-- Session begin time: 2016-01-17 08:30:00 +0100, Computed begin time: 2016-01-17 14:55:50 +0100
UPDATE meeting_programs SET begin_time = '2016-01-17 14:55' WHERE id = 80264;

-- Event #109, M.Prg: 80265, tot. athletes: 5
-- Tot. progr. duration: 134 (sec), Heat durations: [13431] (hds)
-- Session begin time: 2016-01-17 08:30:00 +0100, Computed begin time: 2016-01-17 14:57:31 +0100
UPDATE meeting_programs SET begin_time = '2016-01-17 14:57' WHERE id = 80265;

-- Event #110, M.Prg: 80266, tot. athletes: 1
-- Tot. progr. duration: 111 (sec), Heat durations: [11118] (hds)
-- Session begin time: 2016-01-17 08:30:00 +0100, Computed begin time: 2016-01-17 14:59:45 +0100
UPDATE meeting_programs SET begin_time = '2016-01-17 14:59' WHERE id = 80266;

-- Event #111, M.Prg: 80267, tot. athletes: 3
-- Tot. progr. duration: 116 (sec), Heat durations: [11603] (hds)
-- Session begin time: 2016-01-17 08:30:00 +0100, Computed begin time: 2016-01-17 15:01:36 +0100
UPDATE meeting_programs SET begin_time = '2016-01-17 15:01' WHERE id = 80267;

-- Event #112, M.Prg: 80268, tot. athletes: 3
-- Tot. progr. duration: 119 (sec), Heat durations: [11933] (hds)
-- Session begin time: 2016-01-17 08:30:00 +0100, Computed begin time: 2016-01-17 15:03:32 +0100
UPDATE meeting_programs SET begin_time = '2016-01-17 15:03' WHERE id = 80268;

-- Event #113, M.Prg: 80269, tot. athletes: 1
-- Tot. progr. duration: 119 (sec), Heat durations: [11948] (hds)
-- Session begin time: 2016-01-17 08:30:00 +0100, Computed begin time: 2016-01-17 15:05:31 +0100
UPDATE meeting_programs SET begin_time = '2016-01-17 15:05' WHERE id = 80269;

-- Event #114, M.Prg: 80270, tot. athletes: 1
-- Tot. progr. duration: 102 (sec), Heat durations: [10278] (hds)
-- Session begin time: 2016-01-17 08:30:00 +0100, Computed begin time: 2016-01-17 15:07:30 +0100
UPDATE meeting_programs SET begin_time = '2016-01-17 15:07' WHERE id = 80270;

-- Event #115, M.Prg: 80271, tot. athletes: 1
-- Tot. progr. duration: 98 (sec), Heat durations: [9817] (hds)
-- Session begin time: 2016-01-17 08:30:00 +0100, Computed begin time: 2016-01-17 15:09:12 +0100
UPDATE meeting_programs SET begin_time = '2016-01-17 15:09' WHERE id = 80271;

-- Event #116, M.Prg: 80272, tot. athletes: 2
-- Tot. progr. duration: 100 (sec), Heat durations: [10060] (hds)
-- Session begin time: 2016-01-17 08:30:00 +0100, Computed begin time: 2016-01-17 15:10:50 +0100
UPDATE meeting_programs SET begin_time = '2016-01-17 15:10' WHERE id = 80272;

-- Event #117, M.Prg: 80273, tot. athletes: 4
-- Tot. progr. duration: 97 (sec), Heat durations: [9719] (hds)
-- Session begin time: 2016-01-17 08:30:00 +0100, Computed begin time: 2016-01-17 15:12:30 +0100
UPDATE meeting_programs SET begin_time = '2016-01-17 15:12' WHERE id = 80273;

-- Event #118, M.Prg: 80274, tot. athletes: 5
-- Tot. progr. duration: 106 (sec), Heat durations: [10634] (hds)
-- Session begin time: 2016-01-17 08:30:00 +0100, Computed begin time: 2016-01-17 15:14:07 +0100
UPDATE meeting_programs SET begin_time = '2016-01-17 15:14' WHERE id = 80274;

-- Event #119, M.Prg: 80275, tot. athletes: 6
-- Tot. progr. duration: 109 (sec), Heat durations: [10976] (hds)
-- Session begin time: 2016-01-17 08:30:00 +0100, Computed begin time: 2016-01-17 15:15:53 +0100
UPDATE meeting_programs SET begin_time = '2016-01-17 15:15' WHERE id = 80275;

-- Event #120, M.Prg: 80276, tot. athletes: 3
-- Tot. progr. duration: 107 (sec), Heat durations: [10725] (hds)
-- Session begin time: 2016-01-17 08:30:00 +0100, Computed begin time: 2016-01-17 15:17:42 +0100
UPDATE meeting_programs SET begin_time = '2016-01-17 15:17' WHERE id = 80276;

-- Event #121, M.Prg: 80277, tot. athletes: 4
-- Tot. progr. duration: 108 (sec), Heat durations: [10823] (hds)
-- Session begin time: 2016-01-17 08:30:00 +0100, Computed begin time: 2016-01-17 15:19:29 +0100
UPDATE meeting_programs SET begin_time = '2016-01-17 15:19' WHERE id = 80277;

-- Event #122, M.Prg: 80278, tot. athletes: 1
-- Tot. progr. duration: 104 (sec), Heat durations: [10482] (hds)
-- Session begin time: 2016-01-17 08:30:00 +0100, Computed begin time: 2016-01-17 15:21:17 +0100
UPDATE meeting_programs SET begin_time = '2016-01-17 15:21' WHERE id = 80278;

-- Event #123, M.Prg: 80279, tot. athletes: 2
-- Tot. progr. duration: 114 (sec), Heat durations: [11485] (hds)
-- Session begin time: 2016-01-17 08:30:00 +0100, Computed begin time: 2016-01-17 15:23:01 +0100
UPDATE meeting_programs SET begin_time = '2016-01-17 15:23' WHERE id = 80279;

-- Event #124, M.Prg: 80280, tot. athletes: 1
-- Tot. progr. duration: 95 (sec), Heat durations: [9557] (hds)
-- Session begin time: 2016-01-17 08:30:00 +0100, Computed begin time: 2016-01-17 15:24:55 +0100
UPDATE meeting_programs SET begin_time = '2016-01-17 15:24' WHERE id = 80280;

-- Event #125, M.Prg: 80281, tot. athletes: 4
-- Tot. progr. duration: 96 (sec), Heat durations: [9685] (hds)
-- Session begin time: 2016-01-17 08:30:00 +0100, Computed begin time: 2016-01-17 15:26:30 +0100
UPDATE meeting_programs SET begin_time = '2016-01-17 15:26' WHERE id = 80281;

-- Event #126, M.Prg: 80282, tot. athletes: 4
-- Tot. progr. duration: 92 (sec), Heat durations: [9266] (hds)
-- Session begin time: 2016-01-17 08:30:00 +0100, Computed begin time: 2016-01-17 15:28:06 +0100
UPDATE meeting_programs SET begin_time = '2016-01-17 15:28' WHERE id = 80282;

-- Event #127, M.Prg: 80283, tot. athletes: 4
-- Tot. progr. duration: 120 (sec), Heat durations: [12019] (hds)
-- Session begin time: 2016-01-17 08:30:00 +0100, Computed begin time: 2016-01-17 15:29:38 +0100
UPDATE meeting_programs SET begin_time = '2016-01-17 15:29' WHERE id = 80283;

-- Event #128, M.Prg: 80284, tot. athletes: 4
-- Tot. progr. duration: 103 (sec), Heat durations: [10396] (hds)
-- Session begin time: 2016-01-17 08:30:00 +0100, Computed begin time: 2016-01-17 15:31:38 +0100
UPDATE meeting_programs SET begin_time = '2016-01-17 15:31' WHERE id = 80284;

-- Event #129, M.Prg: 80285, tot. athletes: 4
-- Tot. progr. duration: 103 (sec), Heat durations: [10345] (hds)
-- Session begin time: 2016-01-17 08:30:00 +0100, Computed begin time: 2016-01-17 15:33:21 +0100
UPDATE meeting_programs SET begin_time = '2016-01-17 15:33' WHERE id = 80285;

-- Event #130, M.Prg: 80286, tot. athletes: 2
-- Tot. progr. duration: 97 (sec), Heat durations: [9710] (hds)
-- Session begin time: 2016-01-17 08:30:00 +0100, Computed begin time: 2016-01-17 15:35:04 +0100
UPDATE meeting_programs SET begin_time = '2016-01-17 15:35' WHERE id = 80286;

-- Event #131, M.Prg: 80287, tot. athletes: 3
-- Tot. progr. duration: 88 (sec), Heat durations: [8804] (hds)
-- Session begin time: 2016-01-17 08:30:00 +0100, Computed begin time: 2016-01-17 15:36:41 +0100
UPDATE meeting_programs SET begin_time = '2016-01-17 15:36' WHERE id = 80287;

-- Event #132, M.Prg: 80288, tot. athletes: 1
-- Tot. progr. duration: 87 (sec), Heat durations: [8772] (hds)
-- Session begin time: 2016-01-17 08:30:00 +0100, Computed begin time: 2016-01-17 15:38:09 +0100
UPDATE meeting_programs SET begin_time = '2016-01-17 15:38' WHERE id = 80288;

-- Event #133, M.Prg: 80289, tot. athletes: 1
-- Tot. progr. duration: 93 (sec), Heat durations: [9358] (hds)
-- Session begin time: 2016-01-17 08:30:00 +0100, Computed begin time: 2016-01-17 15:39:36 +0100
UPDATE meeting_programs SET begin_time = '2016-01-17 15:39' WHERE id = 80289;

-- Event #134, M.Prg: 80290, tot. athletes: 8
-- Tot. progr. duration: 181 (sec), Heat durations: [9272, 8860] (hds)
-- Session begin time: 2016-01-17 08:30:00 +0100, Computed begin time: 2016-01-17 15:41:09 +0100
UPDATE meeting_programs SET begin_time = '2016-01-17 15:41' WHERE id = 80290;

-- Event #135, M.Prg: 80291, tot. athletes: 8
-- Tot. progr. duration: 182 (sec), Heat durations: [9441, 8805] (hds)
-- Session begin time: 2016-01-17 08:30:00 +0100, Computed begin time: 2016-01-17 15:44:10 +0100
UPDATE meeting_programs SET begin_time = '2016-01-17 15:44' WHERE id = 80291;

-- Event #136, M.Prg: 80292, tot. athletes: 6
-- Tot. progr. duration: 99 (sec), Heat durations: [9940] (hds)
-- Session begin time: 2016-01-17 08:30:00 +0100, Computed begin time: 2016-01-17 15:47:12 +0100
UPDATE meeting_programs SET begin_time = '2016-01-17 15:47' WHERE id = 80292;

-- Event #137, M.Prg: 80293, tot. athletes: 9
-- Tot. progr. duration: 190 (sec), Heat durations: [9841, 9197] (hds)
-- Session begin time: 2016-01-17 08:30:00 +0100, Computed begin time: 2016-01-17 15:48:51 +0100
UPDATE meeting_programs SET begin_time = '2016-01-17 15:48' WHERE id = 80293;

-- Event #138, M.Prg: 80294, tot. athletes: 2
-- Tot. progr. duration: 106 (sec), Heat durations: [10666] (hds)
-- Session begin time: 2016-01-17 08:30:00 +0100, Computed begin time: 2016-01-17 15:52:01 +0100
UPDATE meeting_programs SET begin_time = '2016-01-17 15:52' WHERE id = 80294;

-- Event #139, M.Prg: 80295, tot. athletes: 2
-- Tot. progr. duration: 90 (sec), Heat durations: [9014] (hds)
-- Session begin time: 2016-01-17 08:30:00 +0100, Computed begin time: 2016-01-17 15:53:47 +0100
UPDATE meeting_programs SET begin_time = '2016-01-17 15:53' WHERE id = 80295;

-- Event #140, M.Prg: 80296, tot. athletes: 1
-- Tot. progr. duration: 122 (sec), Heat durations: [12216] (hds)
-- Session begin time: 2016-01-17 08:30:00 +0100, Computed begin time: 2016-01-17 15:55:17 +0100
UPDATE meeting_programs SET begin_time = '2016-01-17 15:55' WHERE id = 80296;

-- Event #141, M.Prg: 80297, tot. athletes: 2
-- Tot. progr. duration: 89 (sec), Heat durations: [8913] (hds)
-- Session begin time: 2016-01-17 08:30:00 +0100, Computed begin time: 2016-01-17 15:57:19 +0100
UPDATE meeting_programs SET begin_time = '2016-01-17 15:57' WHERE id = 80297;


-- Last completed phase code: 30
