-- *** SQL Diff file for ris20170115certaldodelboccaccio.txt ***
-- Timestamp: 201701180732
INSERT INTO `meeting_events` (`id`, `created_at`, `updated_at`, `event_order`, `begin_time`, `is_out_of_race`, `is_autofilled`, `notes`, `meeting_session_id`, `event_type_id`, `heat_type_id`, `user_id`, `has_separate_gender_start_list`, `has_separate_category_start_list`)
  VALUES (12003, '2017-01-18 06:43:57', '2017-01-18 06:43:57', 1, '2000-01-01 08:02:00', 0, 1, NULL, 2039, 16, 3, 1, 1, 0);

INSERT INTO `meeting_programs` (`id`, `event_order`, `category_type_id`, `gender_type_id`, `user_id`, `created_at`, `updated_at`, `is_autofilled`, `is_out_of_race`, `begin_time`, `meeting_event_id`, `pool_type_id`, `time_standard_id`)
  VALUES (93103, 1, 1069, 2, 1, '2017-01-18 06:43:57', '2017-01-18 06:43:57', 1, 0, '2000-01-01 08:02:00', 12003, 1, NULL);

INSERT INTO `meeting_programs` (`id`, `event_order`, `category_type_id`, `gender_type_id`, `user_id`, `created_at`, `updated_at`, `is_autofilled`, `is_out_of_race`, `begin_time`, `meeting_event_id`, `pool_type_id`, `time_standard_id`)
  VALUES (93104, 2, 1070, 2, 1, '2017-01-18 06:43:57', '2017-01-18 06:43:57', 1, 0, '2000-01-01 08:04:00', 12003, 1, NULL);

INSERT INTO `meeting_programs` (`id`, `event_order`, `category_type_id`, `gender_type_id`, `user_id`, `created_at`, `updated_at`, `is_autofilled`, `is_out_of_race`, `begin_time`, `meeting_event_id`, `pool_type_id`, `time_standard_id`)
  VALUES (93105, 3, 1071, 2, 1, '2017-01-18 06:43:57', '2017-01-18 06:43:57', 1, 0, '2000-01-01 08:06:00', 12003, 1, NULL);

INSERT INTO `meeting_programs` (`id`, `event_order`, `category_type_id`, `gender_type_id`, `user_id`, `created_at`, `updated_at`, `is_autofilled`, `is_out_of_race`, `begin_time`, `meeting_event_id`, `pool_type_id`, `time_standard_id`)
  VALUES (93106, 4, 1068, 1, 1, '2017-01-18 06:43:57', '2017-01-18 06:43:57', 1, 0, '2000-01-01 08:08:00', 12003, 1, NULL);

INSERT INTO `meeting_programs` (`id`, `event_order`, `category_type_id`, `gender_type_id`, `user_id`, `created_at`, `updated_at`, `is_autofilled`, `is_out_of_race`, `begin_time`, `meeting_event_id`, `pool_type_id`, `time_standard_id`)
  VALUES (93107, 5, 1069, 1, 1, '2017-01-18 06:43:57', '2017-01-18 06:43:57', 1, 0, '2000-01-01 08:10:00', 12003, 1, NULL);

INSERT INTO `meeting_programs` (`id`, `event_order`, `category_type_id`, `gender_type_id`, `user_id`, `created_at`, `updated_at`, `is_autofilled`, `is_out_of_race`, `begin_time`, `meeting_event_id`, `pool_type_id`, `time_standard_id`)
  VALUES (93108, 6, 1070, 1, 1, '2017-01-18 06:43:57', '2017-01-18 06:43:57', 1, 0, '2000-01-01 08:12:00', 12003, 1, NULL);

INSERT INTO `meeting_programs` (`id`, `event_order`, `category_type_id`, `gender_type_id`, `user_id`, `created_at`, `updated_at`, `is_autofilled`, `is_out_of_race`, `begin_time`, `meeting_event_id`, `pool_type_id`, `time_standard_id`)
  VALUES (93109, 7, 1071, 1, 1, '2017-01-18 06:43:57', '2017-01-18 06:43:57', 1, 0, '2000-01-01 08:14:00', 12003, 1, NULL);

INSERT INTO `meeting_programs` (`id`, `event_order`, `category_type_id`, `gender_type_id`, `user_id`, `created_at`, `updated_at`, `is_autofilled`, `is_out_of_race`, `begin_time`, `meeting_event_id`, `pool_type_id`, `time_standard_id`)
  VALUES (93110, 8, 1072, 1, 1, '2017-01-18 06:43:57', '2017-01-18 06:43:57', 1, 0, '2000-01-01 08:16:00', 12003, 1, NULL);

INSERT INTO `meeting_programs` (`id`, `event_order`, `category_type_id`, `gender_type_id`, `user_id`, `created_at`, `updated_at`, `is_autofilled`, `is_out_of_race`, `begin_time`, `meeting_event_id`, `pool_type_id`, `time_standard_id`)
  VALUES (93111, 9, 1073, 1, 1, '2017-01-18 06:43:57', '2017-01-18 06:43:57', 1, 0, '2000-01-01 08:18:00', 12003, 1, NULL);

INSERT INTO `meeting_programs` (`id`, `event_order`, `category_type_id`, `gender_type_id`, `user_id`, `created_at`, `updated_at`, `is_autofilled`, `is_out_of_race`, `begin_time`, `meeting_event_id`, `pool_type_id`, `time_standard_id`)
  VALUES (93112, 10, 1075, 1, 1, '2017-01-18 06:43:57', '2017-01-18 06:43:57', 1, 0, '2000-01-01 08:20:00', 12003, 1, NULL);

INSERT INTO `meeting_programs` (`id`, `event_order`, `category_type_id`, `gender_type_id`, `user_id`, `created_at`, `updated_at`, `is_autofilled`, `is_out_of_race`, `begin_time`, `meeting_event_id`, `pool_type_id`, `time_standard_id`)
  VALUES (93113, 11, 1077, 1, 1, '2017-01-18 06:43:57', '2017-01-18 06:43:57', 1, 0, '2000-01-01 08:22:00', 12003, 1, NULL);

INSERT INTO `meeting_events` (`id`, `created_at`, `updated_at`, `event_order`, `begin_time`, `is_out_of_race`, `is_autofilled`, `notes`, `meeting_session_id`, `event_type_id`, `heat_type_id`, `user_id`, `has_separate_gender_start_list`, `has_separate_category_start_list`)
  VALUES (12004, '2017-01-18 06:43:57', '2017-01-18 06:43:57', 2, '2000-01-01 08:24:00', 0, 1, NULL, 2039, 22, 3, 1, 1, 0);

INSERT INTO `meeting_programs` (`id`, `event_order`, `category_type_id`, `gender_type_id`, `user_id`, `created_at`, `updated_at`, `is_autofilled`, `is_out_of_race`, `begin_time`, `meeting_event_id`, `pool_type_id`, `time_standard_id`)
  VALUES (93114, 12, 1066, 2, 1, '2017-01-18 06:43:57', '2017-01-18 06:43:57', 1, 0, '2000-01-01 08:24:00', 12004, 1, NULL);

INSERT INTO `meeting_programs` (`id`, `event_order`, `category_type_id`, `gender_type_id`, `user_id`, `created_at`, `updated_at`, `is_autofilled`, `is_out_of_race`, `begin_time`, `meeting_event_id`, `pool_type_id`, `time_standard_id`)
  VALUES (93115, 13, 1067, 2, 1, '2017-01-18 06:43:57', '2017-01-18 06:43:57', 1, 0, '2000-01-01 08:26:00', 12004, 1, NULL);

INSERT INTO `meeting_programs` (`id`, `event_order`, `category_type_id`, `gender_type_id`, `user_id`, `created_at`, `updated_at`, `is_autofilled`, `is_out_of_race`, `begin_time`, `meeting_event_id`, `pool_type_id`, `time_standard_id`)
  VALUES (93116, 14, 1068, 2, 1, '2017-01-18 06:43:57', '2017-01-18 06:43:57', 1, 0, '2000-01-01 08:28:00', 12004, 1, NULL);

INSERT INTO `meeting_programs` (`id`, `event_order`, `category_type_id`, `gender_type_id`, `user_id`, `created_at`, `updated_at`, `is_autofilled`, `is_out_of_race`, `begin_time`, `meeting_event_id`, `pool_type_id`, `time_standard_id`)
  VALUES (93117, 15, 1069, 2, 1, '2017-01-18 06:43:57', '2017-01-18 06:43:57', 1, 0, '2000-01-01 08:30:00', 12004, 1, NULL);

INSERT INTO `meeting_programs` (`id`, `event_order`, `category_type_id`, `gender_type_id`, `user_id`, `created_at`, `updated_at`, `is_autofilled`, `is_out_of_race`, `begin_time`, `meeting_event_id`, `pool_type_id`, `time_standard_id`)
  VALUES (93118, 16, 1070, 2, 1, '2017-01-18 06:43:57', '2017-01-18 06:43:57', 1, 0, '2000-01-01 08:32:00', 12004, 1, NULL);

INSERT INTO `meeting_programs` (`id`, `event_order`, `category_type_id`, `gender_type_id`, `user_id`, `created_at`, `updated_at`, `is_autofilled`, `is_out_of_race`, `begin_time`, `meeting_event_id`, `pool_type_id`, `time_standard_id`)
  VALUES (93119, 17, 1071, 2, 1, '2017-01-18 06:43:57', '2017-01-18 06:43:57', 1, 0, '2000-01-01 08:34:00', 12004, 1, NULL);

INSERT INTO `meeting_programs` (`id`, `event_order`, `category_type_id`, `gender_type_id`, `user_id`, `created_at`, `updated_at`, `is_autofilled`, `is_out_of_race`, `begin_time`, `meeting_event_id`, `pool_type_id`, `time_standard_id`)
  VALUES (93120, 18, 1073, 2, 1, '2017-01-18 06:43:57', '2017-01-18 06:43:57', 1, 0, '2000-01-01 08:36:00', 12004, 1, NULL);

INSERT INTO `meeting_programs` (`id`, `event_order`, `category_type_id`, `gender_type_id`, `user_id`, `created_at`, `updated_at`, `is_autofilled`, `is_out_of_race`, `begin_time`, `meeting_event_id`, `pool_type_id`, `time_standard_id`)
  VALUES (93121, 19, 1074, 2, 1, '2017-01-18 06:43:58', '2017-01-18 06:43:58', 1, 0, '2000-01-01 08:38:00', 12004, 1, NULL);

INSERT INTO `meeting_programs` (`id`, `event_order`, `category_type_id`, `gender_type_id`, `user_id`, `created_at`, `updated_at`, `is_autofilled`, `is_out_of_race`, `begin_time`, `meeting_event_id`, `pool_type_id`, `time_standard_id`)
  VALUES (93122, 20, 1075, 2, 1, '2017-01-18 06:43:58', '2017-01-18 06:43:58', 1, 0, '2000-01-01 08:40:00', 12004, 1, NULL);

INSERT INTO `meeting_programs` (`id`, `event_order`, `category_type_id`, `gender_type_id`, `user_id`, `created_at`, `updated_at`, `is_autofilled`, `is_out_of_race`, `begin_time`, `meeting_event_id`, `pool_type_id`, `time_standard_id`)
  VALUES (93123, 21, 1066, 1, 1, '2017-01-18 06:43:58', '2017-01-18 06:43:58', 1, 0, '2000-01-01 08:42:00', 12004, 1, NULL);

INSERT INTO `meeting_programs` (`id`, `event_order`, `category_type_id`, `gender_type_id`, `user_id`, `created_at`, `updated_at`, `is_autofilled`, `is_out_of_race`, `begin_time`, `meeting_event_id`, `pool_type_id`, `time_standard_id`)
  VALUES (93124, 22, 1067, 1, 1, '2017-01-18 06:43:58', '2017-01-18 06:43:58', 1, 0, '2000-01-01 08:44:00', 12004, 1, NULL);

INSERT INTO `meeting_programs` (`id`, `event_order`, `category_type_id`, `gender_type_id`, `user_id`, `created_at`, `updated_at`, `is_autofilled`, `is_out_of_race`, `begin_time`, `meeting_event_id`, `pool_type_id`, `time_standard_id`)
  VALUES (93125, 23, 1068, 1, 1, '2017-01-18 06:43:58', '2017-01-18 06:43:58', 1, 0, '2000-01-01 08:46:00', 12004, 1, NULL);

INSERT INTO `meeting_programs` (`id`, `event_order`, `category_type_id`, `gender_type_id`, `user_id`, `created_at`, `updated_at`, `is_autofilled`, `is_out_of_race`, `begin_time`, `meeting_event_id`, `pool_type_id`, `time_standard_id`)
  VALUES (93126, 24, 1069, 1, 1, '2017-01-18 06:43:58', '2017-01-18 06:43:58', 1, 0, '2000-01-01 08:48:00', 12004, 1, NULL);

INSERT INTO `meeting_programs` (`id`, `event_order`, `category_type_id`, `gender_type_id`, `user_id`, `created_at`, `updated_at`, `is_autofilled`, `is_out_of_race`, `begin_time`, `meeting_event_id`, `pool_type_id`, `time_standard_id`)
  VALUES (93127, 25, 1070, 1, 1, '2017-01-18 06:43:58', '2017-01-18 06:43:58', 1, 0, '2000-01-01 08:50:00', 12004, 1, NULL);

INSERT INTO `meeting_programs` (`id`, `event_order`, `category_type_id`, `gender_type_id`, `user_id`, `created_at`, `updated_at`, `is_autofilled`, `is_out_of_race`, `begin_time`, `meeting_event_id`, `pool_type_id`, `time_standard_id`)
  VALUES (93128, 26, 1071, 1, 1, '2017-01-18 06:43:58', '2017-01-18 06:43:58', 1, 0, '2000-01-01 08:52:00', 12004, 1, NULL);

INSERT INTO `meeting_programs` (`id`, `event_order`, `category_type_id`, `gender_type_id`, `user_id`, `created_at`, `updated_at`, `is_autofilled`, `is_out_of_race`, `begin_time`, `meeting_event_id`, `pool_type_id`, `time_standard_id`)
  VALUES (93129, 27, 1072, 1, 1, '2017-01-18 06:43:58', '2017-01-18 06:43:58', 1, 0, '2000-01-01 08:54:00', 12004, 1, NULL);

INSERT INTO `meeting_programs` (`id`, `event_order`, `category_type_id`, `gender_type_id`, `user_id`, `created_at`, `updated_at`, `is_autofilled`, `is_out_of_race`, `begin_time`, `meeting_event_id`, `pool_type_id`, `time_standard_id`)
  VALUES (93130, 28, 1073, 1, 1, '2017-01-18 06:43:58', '2017-01-18 06:43:58', 1, 0, '2000-01-01 08:56:00', 12004, 1, NULL);

INSERT INTO `meeting_programs` (`id`, `event_order`, `category_type_id`, `gender_type_id`, `user_id`, `created_at`, `updated_at`, `is_autofilled`, `is_out_of_race`, `begin_time`, `meeting_event_id`, `pool_type_id`, `time_standard_id`)
  VALUES (93131, 29, 1074, 1, 1, '2017-01-18 06:43:58', '2017-01-18 06:43:58', 1, 0, '2000-01-01 08:58:00', 12004, 1, NULL);

INSERT INTO `meeting_events` (`id`, `created_at`, `updated_at`, `event_order`, `begin_time`, `is_out_of_race`, `is_autofilled`, `notes`, `meeting_session_id`, `event_type_id`, `heat_type_id`, `user_id`, `has_separate_gender_start_list`, `has_separate_category_start_list`)
  VALUES (12005, '2017-01-18 06:43:58', '2017-01-18 06:43:58', 3, '2000-01-01 09:00:00', 0, 1, NULL, 2039, 20, 3, 1, 1, 0);

INSERT INTO `meeting_programs` (`id`, `event_order`, `category_type_id`, `gender_type_id`, `user_id`, `created_at`, `updated_at`, `is_autofilled`, `is_out_of_race`, `begin_time`, `meeting_event_id`, `pool_type_id`, `time_standard_id`)
  VALUES (93132, 30, 1066, 2, 1, '2017-01-18 06:43:58', '2017-01-18 06:43:58', 1, 0, '2000-01-01 09:00:00', 12005, 1, NULL);

INSERT INTO `meeting_programs` (`id`, `event_order`, `category_type_id`, `gender_type_id`, `user_id`, `created_at`, `updated_at`, `is_autofilled`, `is_out_of_race`, `begin_time`, `meeting_event_id`, `pool_type_id`, `time_standard_id`)
  VALUES (93133, 31, 1067, 2, 1, '2017-01-18 06:43:58', '2017-01-18 06:43:58', 1, 0, '2000-01-01 09:02:00', 12005, 1, NULL);

INSERT INTO `meeting_programs` (`id`, `event_order`, `category_type_id`, `gender_type_id`, `user_id`, `created_at`, `updated_at`, `is_autofilled`, `is_out_of_race`, `begin_time`, `meeting_event_id`, `pool_type_id`, `time_standard_id`)
  VALUES (93134, 32, 1068, 2, 1, '2017-01-18 06:43:58', '2017-01-18 06:43:58', 1, 0, '2000-01-01 09:04:00', 12005, 1, NULL);

INSERT INTO `meeting_programs` (`id`, `event_order`, `category_type_id`, `gender_type_id`, `user_id`, `created_at`, `updated_at`, `is_autofilled`, `is_out_of_race`, `begin_time`, `meeting_event_id`, `pool_type_id`, `time_standard_id`)
  VALUES (93135, 33, 1071, 2, 1, '2017-01-18 06:43:58', '2017-01-18 06:43:58', 1, 0, '2000-01-01 09:06:00', 12005, 1, NULL);

INSERT INTO `meeting_programs` (`id`, `event_order`, `category_type_id`, `gender_type_id`, `user_id`, `created_at`, `updated_at`, `is_autofilled`, `is_out_of_race`, `begin_time`, `meeting_event_id`, `pool_type_id`, `time_standard_id`)
  VALUES (93136, 34, 1066, 1, 1, '2017-01-18 06:43:58', '2017-01-18 06:43:58', 1, 0, '2000-01-01 09:08:00', 12005, 1, NULL);

INSERT INTO `meeting_programs` (`id`, `event_order`, `category_type_id`, `gender_type_id`, `user_id`, `created_at`, `updated_at`, `is_autofilled`, `is_out_of_race`, `begin_time`, `meeting_event_id`, `pool_type_id`, `time_standard_id`)
  VALUES (93137, 35, 1067, 1, 1, '2017-01-18 06:43:58', '2017-01-18 06:43:58', 1, 0, '2000-01-01 09:10:00', 12005, 1, NULL);

INSERT INTO `meeting_programs` (`id`, `event_order`, `category_type_id`, `gender_type_id`, `user_id`, `created_at`, `updated_at`, `is_autofilled`, `is_out_of_race`, `begin_time`, `meeting_event_id`, `pool_type_id`, `time_standard_id`)
  VALUES (93138, 36, 1068, 1, 1, '2017-01-18 06:43:58', '2017-01-18 06:43:58', 1, 0, '2000-01-01 09:12:00', 12005, 1, NULL);

INSERT INTO `meeting_programs` (`id`, `event_order`, `category_type_id`, `gender_type_id`, `user_id`, `created_at`, `updated_at`, `is_autofilled`, `is_out_of_race`, `begin_time`, `meeting_event_id`, `pool_type_id`, `time_standard_id`)
  VALUES (93139, 37, 1069, 1, 1, '2017-01-18 06:43:58', '2017-01-18 06:43:58', 1, 0, '2000-01-01 09:14:00', 12005, 1, NULL);

INSERT INTO `meeting_programs` (`id`, `event_order`, `category_type_id`, `gender_type_id`, `user_id`, `created_at`, `updated_at`, `is_autofilled`, `is_out_of_race`, `begin_time`, `meeting_event_id`, `pool_type_id`, `time_standard_id`)
  VALUES (93140, 38, 1070, 1, 1, '2017-01-18 06:43:58', '2017-01-18 06:43:58', 1, 0, '2000-01-01 09:16:00', 12005, 1, NULL);

INSERT INTO `meeting_programs` (`id`, `event_order`, `category_type_id`, `gender_type_id`, `user_id`, `created_at`, `updated_at`, `is_autofilled`, `is_out_of_race`, `begin_time`, `meeting_event_id`, `pool_type_id`, `time_standard_id`)
  VALUES (93141, 39, 1071, 1, 1, '2017-01-18 06:43:58', '2017-01-18 06:43:58', 1, 0, '2000-01-01 09:18:00', 12005, 1, NULL);

INSERT INTO `meeting_programs` (`id`, `event_order`, `category_type_id`, `gender_type_id`, `user_id`, `created_at`, `updated_at`, `is_autofilled`, `is_out_of_race`, `begin_time`, `meeting_event_id`, `pool_type_id`, `time_standard_id`)
  VALUES (93142, 40, 1072, 1, 1, '2017-01-18 06:43:59', '2017-01-18 06:43:59', 1, 0, '2000-01-01 09:20:00', 12005, 1, NULL);

INSERT INTO `meeting_programs` (`id`, `event_order`, `category_type_id`, `gender_type_id`, `user_id`, `created_at`, `updated_at`, `is_autofilled`, `is_out_of_race`, `begin_time`, `meeting_event_id`, `pool_type_id`, `time_standard_id`)
  VALUES (93143, 41, 1073, 1, 1, '2017-01-18 06:43:59', '2017-01-18 06:43:59', 1, 0, '2000-01-01 09:22:00', 12005, 1, NULL);

INSERT INTO `meeting_programs` (`id`, `event_order`, `category_type_id`, `gender_type_id`, `user_id`, `created_at`, `updated_at`, `is_autofilled`, `is_out_of_race`, `begin_time`, `meeting_event_id`, `pool_type_id`, `time_standard_id`)
  VALUES (93144, 42, 1075, 1, 1, '2017-01-18 06:43:59', '2017-01-18 06:43:59', 1, 0, '2000-01-01 09:24:00', 12005, 1, NULL);

INSERT INTO `meeting_events` (`id`, `created_at`, `updated_at`, `event_order`, `begin_time`, `is_out_of_race`, `is_autofilled`, `notes`, `meeting_session_id`, `event_type_id`, `heat_type_id`, `user_id`, `has_separate_gender_start_list`, `has_separate_category_start_list`)
  VALUES (12006, '2017-01-18 06:43:59', '2017-01-18 06:43:59', 4, '2000-01-01 09:26:00', 0, 1, NULL, 2039, 3, 3, 1, 1, 0);

INSERT INTO `meeting_programs` (`id`, `event_order`, `category_type_id`, `gender_type_id`, `user_id`, `created_at`, `updated_at`, `is_autofilled`, `is_out_of_race`, `begin_time`, `meeting_event_id`, `pool_type_id`, `time_standard_id`)
  VALUES (93145, 43, 1067, 2, 1, '2017-01-18 06:43:59', '2017-01-18 06:43:59', 1, 0, '2000-01-01 09:26:00', 12006, 1, NULL);

INSERT INTO `meeting_programs` (`id`, `event_order`, `category_type_id`, `gender_type_id`, `user_id`, `created_at`, `updated_at`, `is_autofilled`, `is_out_of_race`, `begin_time`, `meeting_event_id`, `pool_type_id`, `time_standard_id`)
  VALUES (93146, 44, 1068, 2, 1, '2017-01-18 06:43:59', '2017-01-18 06:43:59', 1, 0, '2000-01-01 09:28:00', 12006, 1, NULL);

INSERT INTO `meeting_programs` (`id`, `event_order`, `category_type_id`, `gender_type_id`, `user_id`, `created_at`, `updated_at`, `is_autofilled`, `is_out_of_race`, `begin_time`, `meeting_event_id`, `pool_type_id`, `time_standard_id`)
  VALUES (93147, 45, 1070, 2, 1, '2017-01-18 06:43:59', '2017-01-18 06:43:59', 1, 0, '2000-01-01 09:30:00', 12006, 1, NULL);

INSERT INTO `meeting_programs` (`id`, `event_order`, `category_type_id`, `gender_type_id`, `user_id`, `created_at`, `updated_at`, `is_autofilled`, `is_out_of_race`, `begin_time`, `meeting_event_id`, `pool_type_id`, `time_standard_id`)
  VALUES (93148, 46, 1071, 2, 1, '2017-01-18 06:43:59', '2017-01-18 06:43:59', 1, 0, '2000-01-01 09:32:00', 12006, 1, NULL);

INSERT INTO `meeting_programs` (`id`, `event_order`, `category_type_id`, `gender_type_id`, `user_id`, `created_at`, `updated_at`, `is_autofilled`, `is_out_of_race`, `begin_time`, `meeting_event_id`, `pool_type_id`, `time_standard_id`)
  VALUES (93149, 47, 1066, 1, 1, '2017-01-18 06:43:59', '2017-01-18 06:43:59', 1, 0, '2000-01-01 09:34:00', 12006, 1, NULL);

INSERT INTO `meeting_programs` (`id`, `event_order`, `category_type_id`, `gender_type_id`, `user_id`, `created_at`, `updated_at`, `is_autofilled`, `is_out_of_race`, `begin_time`, `meeting_event_id`, `pool_type_id`, `time_standard_id`)
  VALUES (93150, 48, 1067, 1, 1, '2017-01-18 06:43:59', '2017-01-18 06:43:59', 1, 0, '2000-01-01 09:36:00', 12006, 1, NULL);

INSERT INTO `meeting_programs` (`id`, `event_order`, `category_type_id`, `gender_type_id`, `user_id`, `created_at`, `updated_at`, `is_autofilled`, `is_out_of_race`, `begin_time`, `meeting_event_id`, `pool_type_id`, `time_standard_id`)
  VALUES (93151, 49, 1068, 1, 1, '2017-01-18 06:43:59', '2017-01-18 06:43:59', 1, 0, '2000-01-01 09:38:00', 12006, 1, NULL);

INSERT INTO `meeting_programs` (`id`, `event_order`, `category_type_id`, `gender_type_id`, `user_id`, `created_at`, `updated_at`, `is_autofilled`, `is_out_of_race`, `begin_time`, `meeting_event_id`, `pool_type_id`, `time_standard_id`)
  VALUES (93152, 50, 1069, 1, 1, '2017-01-18 06:43:59', '2017-01-18 06:43:59', 1, 0, '2000-01-01 09:40:00', 12006, 1, NULL);

INSERT INTO `meeting_programs` (`id`, `event_order`, `category_type_id`, `gender_type_id`, `user_id`, `created_at`, `updated_at`, `is_autofilled`, `is_out_of_race`, `begin_time`, `meeting_event_id`, `pool_type_id`, `time_standard_id`)
  VALUES (93153, 51, 1070, 1, 1, '2017-01-18 06:43:59', '2017-01-18 06:43:59', 1, 0, '2000-01-01 09:42:00', 12006, 1, NULL);

INSERT INTO `meeting_programs` (`id`, `event_order`, `category_type_id`, `gender_type_id`, `user_id`, `created_at`, `updated_at`, `is_autofilled`, `is_out_of_race`, `begin_time`, `meeting_event_id`, `pool_type_id`, `time_standard_id`)
  VALUES (93154, 52, 1071, 1, 1, '2017-01-18 06:43:59', '2017-01-18 06:43:59', 1, 0, '2000-01-01 09:44:00', 12006, 1, NULL);

INSERT INTO `meeting_programs` (`id`, `event_order`, `category_type_id`, `gender_type_id`, `user_id`, `created_at`, `updated_at`, `is_autofilled`, `is_out_of_race`, `begin_time`, `meeting_event_id`, `pool_type_id`, `time_standard_id`)
  VALUES (93155, 53, 1072, 1, 1, '2017-01-18 06:43:59', '2017-01-18 06:43:59', 1, 0, '2000-01-01 09:46:00', 12006, 1, NULL);

INSERT INTO `meeting_programs` (`id`, `event_order`, `category_type_id`, `gender_type_id`, `user_id`, `created_at`, `updated_at`, `is_autofilled`, `is_out_of_race`, `begin_time`, `meeting_event_id`, `pool_type_id`, `time_standard_id`)
  VALUES (93156, 54, 1073, 1, 1, '2017-01-18 06:43:59', '2017-01-18 06:43:59', 1, 0, '2000-01-01 09:48:00', 12006, 1, NULL);

INSERT INTO `meeting_programs` (`id`, `event_order`, `category_type_id`, `gender_type_id`, `user_id`, `created_at`, `updated_at`, `is_autofilled`, `is_out_of_race`, `begin_time`, `meeting_event_id`, `pool_type_id`, `time_standard_id`)
  VALUES (93157, 55, 1074, 1, 1, '2017-01-18 06:43:59', '2017-01-18 06:43:59', 1, 0, '2000-01-01 09:50:00', 12006, 1, NULL);

INSERT INTO `meeting_programs` (`id`, `event_order`, `category_type_id`, `gender_type_id`, `user_id`, `created_at`, `updated_at`, `is_autofilled`, `is_out_of_race`, `begin_time`, `meeting_event_id`, `pool_type_id`, `time_standard_id`)
  VALUES (93158, 56, 1075, 1, 1, '2017-01-18 06:43:59', '2017-01-18 06:43:59', 1, 0, '2000-01-01 09:52:00', 12006, 1, NULL);

INSERT INTO `meeting_programs` (`id`, `event_order`, `category_type_id`, `gender_type_id`, `user_id`, `created_at`, `updated_at`, `is_autofilled`, `is_out_of_race`, `begin_time`, `meeting_event_id`, `pool_type_id`, `time_standard_id`)
  VALUES (93159, 57, 1082, 1, 1, '2017-01-18 06:43:59', '2017-01-18 06:43:59', 1, 0, '2000-01-01 09:54:00', 12006, 1, NULL);

INSERT INTO `meeting_events` (`id`, `created_at`, `updated_at`, `event_order`, `begin_time`, `is_out_of_race`, `is_autofilled`, `notes`, `meeting_session_id`, `event_type_id`, `heat_type_id`, `user_id`, `has_separate_gender_start_list`, `has_separate_category_start_list`)
  VALUES (12007, '2017-01-18 06:43:59', '2017-01-18 06:43:59', 5, '2000-01-01 09:56:00', 0, 1, NULL, 2039, 4, 3, 1, 1, 0);

INSERT INTO `meeting_programs` (`id`, `event_order`, `category_type_id`, `gender_type_id`, `user_id`, `created_at`, `updated_at`, `is_autofilled`, `is_out_of_race`, `begin_time`, `meeting_event_id`, `pool_type_id`, `time_standard_id`)
  VALUES (93160, 58, 1066, 2, 1, '2017-01-18 06:43:59', '2017-01-18 06:43:59', 1, 0, '2000-01-01 09:56:00', 12007, 1, NULL);

INSERT INTO `meeting_programs` (`id`, `event_order`, `category_type_id`, `gender_type_id`, `user_id`, `created_at`, `updated_at`, `is_autofilled`, `is_out_of_race`, `begin_time`, `meeting_event_id`, `pool_type_id`, `time_standard_id`)
  VALUES (93161, 59, 1067, 2, 1, '2017-01-18 06:43:59', '2017-01-18 06:43:59', 1, 0, '2000-01-01 09:58:00', 12007, 1, NULL);

INSERT INTO `meeting_programs` (`id`, `event_order`, `category_type_id`, `gender_type_id`, `user_id`, `created_at`, `updated_at`, `is_autofilled`, `is_out_of_race`, `begin_time`, `meeting_event_id`, `pool_type_id`, `time_standard_id`)
  VALUES (93162, 60, 1069, 2, 1, '2017-01-18 06:44:00', '2017-01-18 06:44:00', 1, 0, '2000-01-01 10:00:00', 12007, 1, NULL);

INSERT INTO `meeting_programs` (`id`, `event_order`, `category_type_id`, `gender_type_id`, `user_id`, `created_at`, `updated_at`, `is_autofilled`, `is_out_of_race`, `begin_time`, `meeting_event_id`, `pool_type_id`, `time_standard_id`)
  VALUES (93163, 61, 1070, 2, 1, '2017-01-18 06:44:00', '2017-01-18 06:44:00', 1, 0, '2000-01-01 10:02:00', 12007, 1, NULL);

INSERT INTO `meeting_programs` (`id`, `event_order`, `category_type_id`, `gender_type_id`, `user_id`, `created_at`, `updated_at`, `is_autofilled`, `is_out_of_race`, `begin_time`, `meeting_event_id`, `pool_type_id`, `time_standard_id`)
  VALUES (93164, 62, 1071, 2, 1, '2017-01-18 06:44:00', '2017-01-18 06:44:00', 1, 0, '2000-01-01 10:04:00', 12007, 1, NULL);

INSERT INTO `meeting_programs` (`id`, `event_order`, `category_type_id`, `gender_type_id`, `user_id`, `created_at`, `updated_at`, `is_autofilled`, `is_out_of_race`, `begin_time`, `meeting_event_id`, `pool_type_id`, `time_standard_id`)
  VALUES (93165, 63, 1066, 1, 1, '2017-01-18 06:44:00', '2017-01-18 06:44:00', 1, 0, '2000-01-01 10:06:00', 12007, 1, NULL);

INSERT INTO `meeting_programs` (`id`, `event_order`, `category_type_id`, `gender_type_id`, `user_id`, `created_at`, `updated_at`, `is_autofilled`, `is_out_of_race`, `begin_time`, `meeting_event_id`, `pool_type_id`, `time_standard_id`)
  VALUES (93166, 64, 1067, 1, 1, '2017-01-18 06:44:00', '2017-01-18 06:44:00', 1, 0, '2000-01-01 10:08:00', 12007, 1, NULL);

INSERT INTO `meeting_programs` (`id`, `event_order`, `category_type_id`, `gender_type_id`, `user_id`, `created_at`, `updated_at`, `is_autofilled`, `is_out_of_race`, `begin_time`, `meeting_event_id`, `pool_type_id`, `time_standard_id`)
  VALUES (93167, 65, 1068, 1, 1, '2017-01-18 06:44:00', '2017-01-18 06:44:00', 1, 0, '2000-01-01 10:10:00', 12007, 1, NULL);

INSERT INTO `meeting_programs` (`id`, `event_order`, `category_type_id`, `gender_type_id`, `user_id`, `created_at`, `updated_at`, `is_autofilled`, `is_out_of_race`, `begin_time`, `meeting_event_id`, `pool_type_id`, `time_standard_id`)
  VALUES (93168, 66, 1069, 1, 1, '2017-01-18 06:44:00', '2017-01-18 06:44:00', 1, 0, '2000-01-01 10:12:00', 12007, 1, NULL);

INSERT INTO `meeting_programs` (`id`, `event_order`, `category_type_id`, `gender_type_id`, `user_id`, `created_at`, `updated_at`, `is_autofilled`, `is_out_of_race`, `begin_time`, `meeting_event_id`, `pool_type_id`, `time_standard_id`)
  VALUES (93169, 67, 1070, 1, 1, '2017-01-18 06:44:00', '2017-01-18 06:44:00', 1, 0, '2000-01-01 10:14:00', 12007, 1, NULL);

INSERT INTO `meeting_programs` (`id`, `event_order`, `category_type_id`, `gender_type_id`, `user_id`, `created_at`, `updated_at`, `is_autofilled`, `is_out_of_race`, `begin_time`, `meeting_event_id`, `pool_type_id`, `time_standard_id`)
  VALUES (93170, 68, 1071, 1, 1, '2017-01-18 06:44:00', '2017-01-18 06:44:00', 1, 0, '2000-01-01 10:16:00', 12007, 1, NULL);

INSERT INTO `meeting_programs` (`id`, `event_order`, `category_type_id`, `gender_type_id`, `user_id`, `created_at`, `updated_at`, `is_autofilled`, `is_out_of_race`, `begin_time`, `meeting_event_id`, `pool_type_id`, `time_standard_id`)
  VALUES (93171, 69, 1072, 1, 1, '2017-01-18 06:44:00', '2017-01-18 06:44:00', 1, 0, '2000-01-01 10:18:00', 12007, 1, NULL);

INSERT INTO `meeting_programs` (`id`, `event_order`, `category_type_id`, `gender_type_id`, `user_id`, `created_at`, `updated_at`, `is_autofilled`, `is_out_of_race`, `begin_time`, `meeting_event_id`, `pool_type_id`, `time_standard_id`)
  VALUES (93172, 70, 1073, 1, 1, '2017-01-18 06:44:00', '2017-01-18 06:44:00', 1, 0, '2000-01-01 10:20:00', 12007, 1, NULL);

INSERT INTO `meeting_programs` (`id`, `event_order`, `category_type_id`, `gender_type_id`, `user_id`, `created_at`, `updated_at`, `is_autofilled`, `is_out_of_race`, `begin_time`, `meeting_event_id`, `pool_type_id`, `time_standard_id`)
  VALUES (93173, 71, 1074, 1, 1, '2017-01-18 06:44:00', '2017-01-18 06:44:00', 1, 0, '2000-01-01 10:22:00', 12007, 1, NULL);

INSERT INTO `meeting_programs` (`id`, `event_order`, `category_type_id`, `gender_type_id`, `user_id`, `created_at`, `updated_at`, `is_autofilled`, `is_out_of_race`, `begin_time`, `meeting_event_id`, `pool_type_id`, `time_standard_id`)
  VALUES (93174, 72, 1075, 1, 1, '2017-01-18 06:44:00', '2017-01-18 06:44:00', 1, 0, '2000-01-01 10:24:00', 12007, 1, NULL);

INSERT INTO `meeting_events` (`id`, `created_at`, `updated_at`, `event_order`, `begin_time`, `is_out_of_race`, `is_autofilled`, `notes`, `meeting_session_id`, `event_type_id`, `heat_type_id`, `user_id`, `has_separate_gender_start_list`, `has_separate_category_start_list`)
  VALUES (12008, '2017-01-18 06:44:00', '2017-01-18 06:44:00', 6, '2000-01-01 10:26:00', 0, 1, NULL, 2039, 5, 3, 1, 1, 0);

INSERT INTO `meeting_programs` (`id`, `event_order`, `category_type_id`, `gender_type_id`, `user_id`, `created_at`, `updated_at`, `is_autofilled`, `is_out_of_race`, `begin_time`, `meeting_event_id`, `pool_type_id`, `time_standard_id`)
  VALUES (93175, 73, 1066, 2, 1, '2017-01-18 06:44:00', '2017-01-18 06:44:00', 1, 0, '2000-01-01 10:26:00', 12008, 1, NULL);

INSERT INTO `meeting_programs` (`id`, `event_order`, `category_type_id`, `gender_type_id`, `user_id`, `created_at`, `updated_at`, `is_autofilled`, `is_out_of_race`, `begin_time`, `meeting_event_id`, `pool_type_id`, `time_standard_id`)
  VALUES (93176, 74, 1067, 2, 1, '2017-01-18 06:44:00', '2017-01-18 06:44:00', 1, 0, '2000-01-01 10:28:00', 12008, 1, NULL);

INSERT INTO `meeting_programs` (`id`, `event_order`, `category_type_id`, `gender_type_id`, `user_id`, `created_at`, `updated_at`, `is_autofilled`, `is_out_of_race`, `begin_time`, `meeting_event_id`, `pool_type_id`, `time_standard_id`)
  VALUES (93177, 75, 1068, 2, 1, '2017-01-18 06:44:00', '2017-01-18 06:44:00', 1, 0, '2000-01-01 10:30:00', 12008, 1, NULL);

INSERT INTO `meeting_programs` (`id`, `event_order`, `category_type_id`, `gender_type_id`, `user_id`, `created_at`, `updated_at`, `is_autofilled`, `is_out_of_race`, `begin_time`, `meeting_event_id`, `pool_type_id`, `time_standard_id`)
  VALUES (93178, 76, 1069, 2, 1, '2017-01-18 06:44:00', '2017-01-18 06:44:00', 1, 0, '2000-01-01 10:32:00', 12008, 1, NULL);

INSERT INTO `meeting_programs` (`id`, `event_order`, `category_type_id`, `gender_type_id`, `user_id`, `created_at`, `updated_at`, `is_autofilled`, `is_out_of_race`, `begin_time`, `meeting_event_id`, `pool_type_id`, `time_standard_id`)
  VALUES (93179, 77, 1070, 2, 1, '2017-01-18 06:44:00', '2017-01-18 06:44:00', 1, 0, '2000-01-01 10:34:00', 12008, 1, NULL);

INSERT INTO `meeting_programs` (`id`, `event_order`, `category_type_id`, `gender_type_id`, `user_id`, `created_at`, `updated_at`, `is_autofilled`, `is_out_of_race`, `begin_time`, `meeting_event_id`, `pool_type_id`, `time_standard_id`)
  VALUES (93180, 78, 1071, 2, 1, '2017-01-18 06:44:00', '2017-01-18 06:44:00', 1, 0, '2000-01-01 10:36:00', 12008, 1, NULL);

INSERT INTO `meeting_programs` (`id`, `event_order`, `category_type_id`, `gender_type_id`, `user_id`, `created_at`, `updated_at`, `is_autofilled`, `is_out_of_race`, `begin_time`, `meeting_event_id`, `pool_type_id`, `time_standard_id`)
  VALUES (93181, 79, 1067, 1, 1, '2017-01-18 06:44:00', '2017-01-18 06:44:00', 1, 0, '2000-01-01 10:38:00', 12008, 1, NULL);

INSERT INTO `meeting_programs` (`id`, `event_order`, `category_type_id`, `gender_type_id`, `user_id`, `created_at`, `updated_at`, `is_autofilled`, `is_out_of_race`, `begin_time`, `meeting_event_id`, `pool_type_id`, `time_standard_id`)
  VALUES (93182, 80, 1068, 1, 1, '2017-01-18 06:44:00', '2017-01-18 06:44:00', 1, 0, '2000-01-01 10:40:00', 12008, 1, NULL);

INSERT INTO `meeting_programs` (`id`, `event_order`, `category_type_id`, `gender_type_id`, `user_id`, `created_at`, `updated_at`, `is_autofilled`, `is_out_of_race`, `begin_time`, `meeting_event_id`, `pool_type_id`, `time_standard_id`)
  VALUES (93183, 81, 1069, 1, 1, '2017-01-18 06:44:00', '2017-01-18 06:44:00', 1, 0, '2000-01-01 10:42:00', 12008, 1, NULL);

INSERT INTO `meeting_programs` (`id`, `event_order`, `category_type_id`, `gender_type_id`, `user_id`, `created_at`, `updated_at`, `is_autofilled`, `is_out_of_race`, `begin_time`, `meeting_event_id`, `pool_type_id`, `time_standard_id`)
  VALUES (93184, 82, 1070, 1, 1, '2017-01-18 06:44:00', '2017-01-18 06:44:00', 1, 0, '2000-01-01 10:44:00', 12008, 1, NULL);

INSERT INTO `meeting_programs` (`id`, `event_order`, `category_type_id`, `gender_type_id`, `user_id`, `created_at`, `updated_at`, `is_autofilled`, `is_out_of_race`, `begin_time`, `meeting_event_id`, `pool_type_id`, `time_standard_id`)
  VALUES (93185, 83, 1071, 1, 1, '2017-01-18 06:44:01', '2017-01-18 06:44:01', 1, 0, '2000-01-01 10:46:00', 12008, 1, NULL);

INSERT INTO `meeting_programs` (`id`, `event_order`, `category_type_id`, `gender_type_id`, `user_id`, `created_at`, `updated_at`, `is_autofilled`, `is_out_of_race`, `begin_time`, `meeting_event_id`, `pool_type_id`, `time_standard_id`)
  VALUES (93186, 84, 1072, 1, 1, '2017-01-18 06:44:01', '2017-01-18 06:44:01', 1, 0, '2000-01-01 10:48:00', 12008, 1, NULL);

INSERT INTO `meeting_programs` (`id`, `event_order`, `category_type_id`, `gender_type_id`, `user_id`, `created_at`, `updated_at`, `is_autofilled`, `is_out_of_race`, `begin_time`, `meeting_event_id`, `pool_type_id`, `time_standard_id`)
  VALUES (93187, 85, 1073, 1, 1, '2017-01-18 06:44:01', '2017-01-18 06:44:01', 1, 0, '2000-01-01 10:50:00', 12008, 1, NULL);

INSERT INTO `meeting_programs` (`id`, `event_order`, `category_type_id`, `gender_type_id`, `user_id`, `created_at`, `updated_at`, `is_autofilled`, `is_out_of_race`, `begin_time`, `meeting_event_id`, `pool_type_id`, `time_standard_id`)
  VALUES (93188, 86, 1074, 1, 1, '2017-01-18 06:44:01', '2017-01-18 06:44:01', 1, 0, '2000-01-01 10:52:00', 12008, 1, NULL);

INSERT INTO `meeting_programs` (`id`, `event_order`, `category_type_id`, `gender_type_id`, `user_id`, `created_at`, `updated_at`, `is_autofilled`, `is_out_of_race`, `begin_time`, `meeting_event_id`, `pool_type_id`, `time_standard_id`)
  VALUES (93189, 87, 1075, 1, 1, '2017-01-18 06:44:01', '2017-01-18 06:44:01', 1, 0, '2000-01-01 10:54:00', 12008, 1, NULL);

INSERT INTO `meeting_programs` (`id`, `event_order`, `category_type_id`, `gender_type_id`, `user_id`, `created_at`, `updated_at`, `is_autofilled`, `is_out_of_race`, `begin_time`, `meeting_event_id`, `pool_type_id`, `time_standard_id`)
  VALUES (93190, 88, 1076, 1, 1, '2017-01-18 06:44:01', '2017-01-18 06:44:01', 1, 0, '2000-01-01 10:56:00', 12008, 1, NULL);

INSERT INTO `meeting_programs` (`id`, `event_order`, `category_type_id`, `gender_type_id`, `user_id`, `created_at`, `updated_at`, `is_autofilled`, `is_out_of_race`, `begin_time`, `meeting_event_id`, `pool_type_id`, `time_standard_id`)
  VALUES (93191, 89, 1082, 1, 1, '2017-01-18 06:44:01', '2017-01-18 06:44:01', 1, 0, '2000-01-01 10:58:00', 12008, 1, NULL);

INSERT INTO `meeting_events` (`id`, `created_at`, `updated_at`, `event_order`, `begin_time`, `is_out_of_race`, `is_autofilled`, `notes`, `meeting_session_id`, `event_type_id`, `heat_type_id`, `user_id`, `has_separate_gender_start_list`, `has_separate_category_start_list`)
  VALUES (12009, '2017-01-18 06:44:01', '2017-01-18 06:44:01', 7, '2000-01-01 11:00:00', 0, 1, NULL, 2039, 15, 3, 1, 1, 0);

INSERT INTO `meeting_programs` (`id`, `event_order`, `category_type_id`, `gender_type_id`, `user_id`, `created_at`, `updated_at`, `is_autofilled`, `is_out_of_race`, `begin_time`, `meeting_event_id`, `pool_type_id`, `time_standard_id`)
  VALUES (93192, 90, 1067, 2, 1, '2017-01-18 06:44:01', '2017-01-18 06:44:01', 1, 0, '2000-01-01 11:00:00', 12009, 1, NULL);

INSERT INTO `meeting_programs` (`id`, `event_order`, `category_type_id`, `gender_type_id`, `user_id`, `created_at`, `updated_at`, `is_autofilled`, `is_out_of_race`, `begin_time`, `meeting_event_id`, `pool_type_id`, `time_standard_id`)
  VALUES (93193, 91, 1068, 2, 1, '2017-01-18 06:44:01', '2017-01-18 06:44:01', 1, 0, '2000-01-01 11:02:00', 12009, 1, NULL);

INSERT INTO `meeting_programs` (`id`, `event_order`, `category_type_id`, `gender_type_id`, `user_id`, `created_at`, `updated_at`, `is_autofilled`, `is_out_of_race`, `begin_time`, `meeting_event_id`, `pool_type_id`, `time_standard_id`)
  VALUES (93194, 92, 1071, 2, 1, '2017-01-18 06:44:01', '2017-01-18 06:44:01', 1, 0, '2000-01-01 11:04:00', 12009, 1, NULL);

INSERT INTO `meeting_programs` (`id`, `event_order`, `category_type_id`, `gender_type_id`, `user_id`, `created_at`, `updated_at`, `is_autofilled`, `is_out_of_race`, `begin_time`, `meeting_event_id`, `pool_type_id`, `time_standard_id`)
  VALUES (93195, 93, 1066, 1, 1, '2017-01-18 06:44:01', '2017-01-18 06:44:01', 1, 0, '2000-01-01 11:06:00', 12009, 1, NULL);

INSERT INTO `meeting_programs` (`id`, `event_order`, `category_type_id`, `gender_type_id`, `user_id`, `created_at`, `updated_at`, `is_autofilled`, `is_out_of_race`, `begin_time`, `meeting_event_id`, `pool_type_id`, `time_standard_id`)
  VALUES (93196, 94, 1068, 1, 1, '2017-01-18 06:44:01', '2017-01-18 06:44:01', 1, 0, '2000-01-01 11:08:00', 12009, 1, NULL);

INSERT INTO `meeting_programs` (`id`, `event_order`, `category_type_id`, `gender_type_id`, `user_id`, `created_at`, `updated_at`, `is_autofilled`, `is_out_of_race`, `begin_time`, `meeting_event_id`, `pool_type_id`, `time_standard_id`)
  VALUES (93197, 95, 1069, 1, 1, '2017-01-18 06:44:01', '2017-01-18 06:44:01', 1, 0, '2000-01-01 11:10:00', 12009, 1, NULL);

INSERT INTO `meeting_programs` (`id`, `event_order`, `category_type_id`, `gender_type_id`, `user_id`, `created_at`, `updated_at`, `is_autofilled`, `is_out_of_race`, `begin_time`, `meeting_event_id`, `pool_type_id`, `time_standard_id`)
  VALUES (93198, 96, 1070, 1, 1, '2017-01-18 06:44:01', '2017-01-18 06:44:01', 1, 0, '2000-01-01 11:12:00', 12009, 1, NULL);

INSERT INTO `meeting_programs` (`id`, `event_order`, `category_type_id`, `gender_type_id`, `user_id`, `created_at`, `updated_at`, `is_autofilled`, `is_out_of_race`, `begin_time`, `meeting_event_id`, `pool_type_id`, `time_standard_id`)
  VALUES (93199, 97, 1071, 1, 1, '2017-01-18 06:44:01', '2017-01-18 06:44:01', 1, 0, '2000-01-01 11:14:00', 12009, 1, NULL);

INSERT INTO `meeting_programs` (`id`, `event_order`, `category_type_id`, `gender_type_id`, `user_id`, `created_at`, `updated_at`, `is_autofilled`, `is_out_of_race`, `begin_time`, `meeting_event_id`, `pool_type_id`, `time_standard_id`)
  VALUES (93200, 98, 1072, 1, 1, '2017-01-18 06:44:01', '2017-01-18 06:44:01', 1, 0, '2000-01-01 11:16:00', 12009, 1, NULL);

INSERT INTO `meeting_programs` (`id`, `event_order`, `category_type_id`, `gender_type_id`, `user_id`, `created_at`, `updated_at`, `is_autofilled`, `is_out_of_race`, `begin_time`, `meeting_event_id`, `pool_type_id`, `time_standard_id`)
  VALUES (93201, 99, 1073, 1, 1, '2017-01-18 06:44:01', '2017-01-18 06:44:01', 1, 0, '2000-01-01 11:18:00', 12009, 1, NULL);

INSERT INTO `meeting_programs` (`id`, `event_order`, `category_type_id`, `gender_type_id`, `user_id`, `created_at`, `updated_at`, `is_autofilled`, `is_out_of_race`, `begin_time`, `meeting_event_id`, `pool_type_id`, `time_standard_id`)
  VALUES (93202, 100, 1075, 1, 1, '2017-01-18 06:44:01', '2017-01-18 06:44:01', 1, 0, '2000-01-01 11:20:00', 12009, 1, NULL);

INSERT INTO `meeting_programs` (`id`, `event_order`, `category_type_id`, `gender_type_id`, `user_id`, `created_at`, `updated_at`, `is_autofilled`, `is_out_of_race`, `begin_time`, `meeting_event_id`, `pool_type_id`, `time_standard_id`)
  VALUES (93203, 101, 1077, 1, 1, '2017-01-18 06:44:01', '2017-01-18 06:44:01', 1, 0, '2000-01-01 11:22:00', 12009, 1, NULL);

INSERT INTO `meeting_events` (`id`, `created_at`, `updated_at`, `event_order`, `begin_time`, `is_out_of_race`, `is_autofilled`, `notes`, `meeting_session_id`, `event_type_id`, `heat_type_id`, `user_id`, `has_separate_gender_start_list`, `has_separate_category_start_list`)
  VALUES (12010, '2017-01-18 06:44:01', '2017-01-18 06:44:01', 8, '2000-01-01 11:24:00', 0, 1, NULL, 2039, 11, 3, 1, 1, 0);

INSERT INTO `meeting_programs` (`id`, `event_order`, `category_type_id`, `gender_type_id`, `user_id`, `created_at`, `updated_at`, `is_autofilled`, `is_out_of_race`, `begin_time`, `meeting_event_id`, `pool_type_id`, `time_standard_id`)
  VALUES (93204, 102, 1067, 2, 1, '2017-01-18 06:44:01', '2017-01-18 06:44:01', 1, 0, '2000-01-01 11:24:00', 12010, 1, NULL);

INSERT INTO `meeting_programs` (`id`, `event_order`, `category_type_id`, `gender_type_id`, `user_id`, `created_at`, `updated_at`, `is_autofilled`, `is_out_of_race`, `begin_time`, `meeting_event_id`, `pool_type_id`, `time_standard_id`)
  VALUES (93205, 103, 1068, 2, 1, '2017-01-18 06:44:01', '2017-01-18 06:44:01', 1, 0, '2000-01-01 11:26:00', 12010, 1, NULL);

INSERT INTO `meeting_programs` (`id`, `event_order`, `category_type_id`, `gender_type_id`, `user_id`, `created_at`, `updated_at`, `is_autofilled`, `is_out_of_race`, `begin_time`, `meeting_event_id`, `pool_type_id`, `time_standard_id`)
  VALUES (93206, 104, 1070, 2, 1, '2017-01-18 06:44:02', '2017-01-18 06:44:02', 1, 0, '2000-01-01 11:28:00', 12010, 1, NULL);

INSERT INTO `meeting_programs` (`id`, `event_order`, `category_type_id`, `gender_type_id`, `user_id`, `created_at`, `updated_at`, `is_autofilled`, `is_out_of_race`, `begin_time`, `meeting_event_id`, `pool_type_id`, `time_standard_id`)
  VALUES (93207, 105, 1071, 2, 1, '2017-01-18 06:44:02', '2017-01-18 06:44:02', 1, 0, '2000-01-01 11:30:00', 12010, 1, NULL);

INSERT INTO `meeting_programs` (`id`, `event_order`, `category_type_id`, `gender_type_id`, `user_id`, `created_at`, `updated_at`, `is_autofilled`, `is_out_of_race`, `begin_time`, `meeting_event_id`, `pool_type_id`, `time_standard_id`)
  VALUES (93208, 106, 1075, 2, 1, '2017-01-18 06:44:02', '2017-01-18 06:44:02', 1, 0, '2000-01-01 11:32:00', 12010, 1, NULL);

INSERT INTO `meeting_programs` (`id`, `event_order`, `category_type_id`, `gender_type_id`, `user_id`, `created_at`, `updated_at`, `is_autofilled`, `is_out_of_race`, `begin_time`, `meeting_event_id`, `pool_type_id`, `time_standard_id`)
  VALUES (93209, 107, 1066, 1, 1, '2017-01-18 06:44:02', '2017-01-18 06:44:02', 1, 0, '2000-01-01 11:34:00', 12010, 1, NULL);

INSERT INTO `meeting_programs` (`id`, `event_order`, `category_type_id`, `gender_type_id`, `user_id`, `created_at`, `updated_at`, `is_autofilled`, `is_out_of_race`, `begin_time`, `meeting_event_id`, `pool_type_id`, `time_standard_id`)
  VALUES (93210, 108, 1067, 1, 1, '2017-01-18 06:44:02', '2017-01-18 06:44:02', 1, 0, '2000-01-01 11:36:00', 12010, 1, NULL);

INSERT INTO `meeting_programs` (`id`, `event_order`, `category_type_id`, `gender_type_id`, `user_id`, `created_at`, `updated_at`, `is_autofilled`, `is_out_of_race`, `begin_time`, `meeting_event_id`, `pool_type_id`, `time_standard_id`)
  VALUES (93211, 109, 1068, 1, 1, '2017-01-18 06:44:02', '2017-01-18 06:44:02', 1, 0, '2000-01-01 11:38:00', 12010, 1, NULL);

INSERT INTO `meeting_programs` (`id`, `event_order`, `category_type_id`, `gender_type_id`, `user_id`, `created_at`, `updated_at`, `is_autofilled`, `is_out_of_race`, `begin_time`, `meeting_event_id`, `pool_type_id`, `time_standard_id`)
  VALUES (93212, 110, 1069, 1, 1, '2017-01-18 06:44:02', '2017-01-18 06:44:02', 1, 0, '2000-01-01 11:40:00', 12010, 1, NULL);

INSERT INTO `meeting_programs` (`id`, `event_order`, `category_type_id`, `gender_type_id`, `user_id`, `created_at`, `updated_at`, `is_autofilled`, `is_out_of_race`, `begin_time`, `meeting_event_id`, `pool_type_id`, `time_standard_id`)
  VALUES (93213, 111, 1070, 1, 1, '2017-01-18 06:44:02', '2017-01-18 06:44:02', 1, 0, '2000-01-01 11:42:00', 12010, 1, NULL);

INSERT INTO `meeting_programs` (`id`, `event_order`, `category_type_id`, `gender_type_id`, `user_id`, `created_at`, `updated_at`, `is_autofilled`, `is_out_of_race`, `begin_time`, `meeting_event_id`, `pool_type_id`, `time_standard_id`)
  VALUES (93214, 112, 1071, 1, 1, '2017-01-18 06:44:02', '2017-01-18 06:44:02', 1, 0, '2000-01-01 11:44:00', 12010, 1, NULL);

INSERT INTO `meeting_programs` (`id`, `event_order`, `category_type_id`, `gender_type_id`, `user_id`, `created_at`, `updated_at`, `is_autofilled`, `is_out_of_race`, `begin_time`, `meeting_event_id`, `pool_type_id`, `time_standard_id`)
  VALUES (93215, 113, 1072, 1, 1, '2017-01-18 06:44:02', '2017-01-18 06:44:02', 1, 0, '2000-01-01 11:46:00', 12010, 1, NULL);

INSERT INTO `meeting_programs` (`id`, `event_order`, `category_type_id`, `gender_type_id`, `user_id`, `created_at`, `updated_at`, `is_autofilled`, `is_out_of_race`, `begin_time`, `meeting_event_id`, `pool_type_id`, `time_standard_id`)
  VALUES (93216, 114, 1073, 1, 1, '2017-01-18 06:44:02', '2017-01-18 06:44:02', 1, 0, '2000-01-01 11:48:00', 12010, 1, NULL);

INSERT INTO `meeting_programs` (`id`, `event_order`, `category_type_id`, `gender_type_id`, `user_id`, `created_at`, `updated_at`, `is_autofilled`, `is_out_of_race`, `begin_time`, `meeting_event_id`, `pool_type_id`, `time_standard_id`)
  VALUES (93217, 115, 1074, 1, 1, '2017-01-18 06:44:02', '2017-01-18 06:44:02', 1, 0, '2000-01-01 11:50:00', 12010, 1, NULL);

INSERT INTO `meeting_events` (`id`, `created_at`, `updated_at`, `event_order`, `begin_time`, `is_out_of_race`, `is_autofilled`, `notes`, `meeting_session_id`, `event_type_id`, `heat_type_id`, `user_id`, `has_separate_gender_start_list`, `has_separate_category_start_list`)
  VALUES (12011, '2017-01-18 06:44:02', '2017-01-18 06:44:02', 9, '2000-01-01 11:52:00', 0, 1, NULL, 2039, 19, 3, 1, 1, 0);

INSERT INTO `meeting_programs` (`id`, `event_order`, `category_type_id`, `gender_type_id`, `user_id`, `created_at`, `updated_at`, `is_autofilled`, `is_out_of_race`, `begin_time`, `meeting_event_id`, `pool_type_id`, `time_standard_id`)
  VALUES (93218, 116, 1068, 2, 1, '2017-01-18 06:44:02', '2017-01-18 06:44:02', 1, 0, '2000-01-01 11:52:00', 12011, 1, NULL);

INSERT INTO `meeting_programs` (`id`, `event_order`, `category_type_id`, `gender_type_id`, `user_id`, `created_at`, `updated_at`, `is_autofilled`, `is_out_of_race`, `begin_time`, `meeting_event_id`, `pool_type_id`, `time_standard_id`)
  VALUES (93219, 117, 1069, 2, 1, '2017-01-18 06:44:02', '2017-01-18 06:44:02', 1, 0, '2000-01-01 11:54:00', 12011, 1, NULL);

INSERT INTO `meeting_programs` (`id`, `event_order`, `category_type_id`, `gender_type_id`, `user_id`, `created_at`, `updated_at`, `is_autofilled`, `is_out_of_race`, `begin_time`, `meeting_event_id`, `pool_type_id`, `time_standard_id`)
  VALUES (93220, 118, 1071, 2, 1, '2017-01-18 06:44:02', '2017-01-18 06:44:02', 1, 0, '2000-01-01 11:56:00', 12011, 1, NULL);

INSERT INTO `meeting_programs` (`id`, `event_order`, `category_type_id`, `gender_type_id`, `user_id`, `created_at`, `updated_at`, `is_autofilled`, `is_out_of_race`, `begin_time`, `meeting_event_id`, `pool_type_id`, `time_standard_id`)
  VALUES (93221, 119, 1073, 2, 1, '2017-01-18 06:44:02', '2017-01-18 06:44:02', 1, 0, '2000-01-01 11:58:00', 12011, 1, NULL);

INSERT INTO `meeting_programs` (`id`, `event_order`, `category_type_id`, `gender_type_id`, `user_id`, `created_at`, `updated_at`, `is_autofilled`, `is_out_of_race`, `begin_time`, `meeting_event_id`, `pool_type_id`, `time_standard_id`)
  VALUES (93222, 120, 1074, 2, 1, '2017-01-18 06:44:02', '2017-01-18 06:44:02', 1, 0, '2000-01-01 12:00:00', 12011, 1, NULL);

INSERT INTO `meeting_programs` (`id`, `event_order`, `category_type_id`, `gender_type_id`, `user_id`, `created_at`, `updated_at`, `is_autofilled`, `is_out_of_race`, `begin_time`, `meeting_event_id`, `pool_type_id`, `time_standard_id`)
  VALUES (93223, 121, 1066, 1, 1, '2017-01-18 06:44:03', '2017-01-18 06:44:03', 1, 0, '2000-01-01 12:02:00', 12011, 1, NULL);

INSERT INTO `meeting_programs` (`id`, `event_order`, `category_type_id`, `gender_type_id`, `user_id`, `created_at`, `updated_at`, `is_autofilled`, `is_out_of_race`, `begin_time`, `meeting_event_id`, `pool_type_id`, `time_standard_id`)
  VALUES (93224, 122, 1067, 1, 1, '2017-01-18 06:44:03', '2017-01-18 06:44:03', 1, 0, '2000-01-01 12:04:00', 12011, 1, NULL);

INSERT INTO `meeting_programs` (`id`, `event_order`, `category_type_id`, `gender_type_id`, `user_id`, `created_at`, `updated_at`, `is_autofilled`, `is_out_of_race`, `begin_time`, `meeting_event_id`, `pool_type_id`, `time_standard_id`)
  VALUES (93225, 123, 1068, 1, 1, '2017-01-18 06:44:03', '2017-01-18 06:44:03', 1, 0, '2000-01-01 12:06:00', 12011, 1, NULL);

INSERT INTO `meeting_programs` (`id`, `event_order`, `category_type_id`, `gender_type_id`, `user_id`, `created_at`, `updated_at`, `is_autofilled`, `is_out_of_race`, `begin_time`, `meeting_event_id`, `pool_type_id`, `time_standard_id`)
  VALUES (93226, 124, 1069, 1, 1, '2017-01-18 06:44:03', '2017-01-18 06:44:03', 1, 0, '2000-01-01 12:08:00', 12011, 1, NULL);

INSERT INTO `meeting_programs` (`id`, `event_order`, `category_type_id`, `gender_type_id`, `user_id`, `created_at`, `updated_at`, `is_autofilled`, `is_out_of_race`, `begin_time`, `meeting_event_id`, `pool_type_id`, `time_standard_id`)
  VALUES (93227, 125, 1070, 1, 1, '2017-01-18 06:44:03', '2017-01-18 06:44:03', 1, 0, '2000-01-01 12:10:00', 12011, 1, NULL);

INSERT INTO `meeting_programs` (`id`, `event_order`, `category_type_id`, `gender_type_id`, `user_id`, `created_at`, `updated_at`, `is_autofilled`, `is_out_of_race`, `begin_time`, `meeting_event_id`, `pool_type_id`, `time_standard_id`)
  VALUES (93228, 126, 1071, 1, 1, '2017-01-18 06:44:03', '2017-01-18 06:44:03', 1, 0, '2000-01-01 12:12:00', 12011, 1, NULL);

INSERT INTO `meeting_programs` (`id`, `event_order`, `category_type_id`, `gender_type_id`, `user_id`, `created_at`, `updated_at`, `is_autofilled`, `is_out_of_race`, `begin_time`, `meeting_event_id`, `pool_type_id`, `time_standard_id`)
  VALUES (93229, 127, 1072, 1, 1, '2017-01-18 06:44:03', '2017-01-18 06:44:03', 1, 0, '2000-01-01 12:14:00', 12011, 1, NULL);

INSERT INTO `meeting_programs` (`id`, `event_order`, `category_type_id`, `gender_type_id`, `user_id`, `created_at`, `updated_at`, `is_autofilled`, `is_out_of_race`, `begin_time`, `meeting_event_id`, `pool_type_id`, `time_standard_id`)
  VALUES (93230, 128, 1073, 1, 1, '2017-01-18 06:44:03', '2017-01-18 06:44:03', 1, 0, '2000-01-01 12:16:00', 12011, 1, NULL);

INSERT INTO `meeting_events` (`id`, `created_at`, `updated_at`, `event_order`, `begin_time`, `is_out_of_race`, `is_autofilled`, `notes`, `meeting_session_id`, `event_type_id`, `heat_type_id`, `user_id`, `has_separate_gender_start_list`, `has_separate_category_start_list`)
  VALUES (12012, '2017-01-18 06:44:03', '2017-01-18 06:44:03', 10, '2000-01-01 12:18:00', 0, 1, NULL, 2039, 2, 3, 1, 1, 0);

INSERT INTO `meeting_programs` (`id`, `event_order`, `category_type_id`, `gender_type_id`, `user_id`, `created_at`, `updated_at`, `is_autofilled`, `is_out_of_race`, `begin_time`, `meeting_event_id`, `pool_type_id`, `time_standard_id`)
  VALUES (93231, 129, 1066, 2, 1, '2017-01-18 06:44:03', '2017-01-18 06:44:03', 1, 0, '2000-01-01 12:18:00', 12012, 1, NULL);

INSERT INTO `meeting_programs` (`id`, `event_order`, `category_type_id`, `gender_type_id`, `user_id`, `created_at`, `updated_at`, `is_autofilled`, `is_out_of_race`, `begin_time`, `meeting_event_id`, `pool_type_id`, `time_standard_id`)
  VALUES (93232, 130, 1067, 2, 1, '2017-01-18 06:44:03', '2017-01-18 06:44:03', 1, 0, '2000-01-01 12:20:00', 12012, 1, NULL);

INSERT INTO `meeting_programs` (`id`, `event_order`, `category_type_id`, `gender_type_id`, `user_id`, `created_at`, `updated_at`, `is_autofilled`, `is_out_of_race`, `begin_time`, `meeting_event_id`, `pool_type_id`, `time_standard_id`)
  VALUES (93233, 131, 1069, 2, 1, '2017-01-18 06:44:03', '2017-01-18 06:44:03', 1, 0, '2000-01-01 12:22:00', 12012, 1, NULL);

INSERT INTO `meeting_programs` (`id`, `event_order`, `category_type_id`, `gender_type_id`, `user_id`, `created_at`, `updated_at`, `is_autofilled`, `is_out_of_race`, `begin_time`, `meeting_event_id`, `pool_type_id`, `time_standard_id`)
  VALUES (93234, 132, 1070, 2, 1, '2017-01-18 06:44:03', '2017-01-18 06:44:03', 1, 0, '2000-01-01 12:24:00', 12012, 1, NULL);

INSERT INTO `meeting_programs` (`id`, `event_order`, `category_type_id`, `gender_type_id`, `user_id`, `created_at`, `updated_at`, `is_autofilled`, `is_out_of_race`, `begin_time`, `meeting_event_id`, `pool_type_id`, `time_standard_id`)
  VALUES (93235, 133, 1066, 1, 1, '2017-01-18 06:44:03', '2017-01-18 06:44:03', 1, 0, '2000-01-01 12:26:00', 12012, 1, NULL);

INSERT INTO `meeting_programs` (`id`, `event_order`, `category_type_id`, `gender_type_id`, `user_id`, `created_at`, `updated_at`, `is_autofilled`, `is_out_of_race`, `begin_time`, `meeting_event_id`, `pool_type_id`, `time_standard_id`)
  VALUES (93236, 134, 1067, 1, 1, '2017-01-18 06:44:03', '2017-01-18 06:44:03', 1, 0, '2000-01-01 12:28:00', 12012, 1, NULL);

INSERT INTO `meeting_programs` (`id`, `event_order`, `category_type_id`, `gender_type_id`, `user_id`, `created_at`, `updated_at`, `is_autofilled`, `is_out_of_race`, `begin_time`, `meeting_event_id`, `pool_type_id`, `time_standard_id`)
  VALUES (93237, 135, 1068, 1, 1, '2017-01-18 06:44:03', '2017-01-18 06:44:03', 1, 0, '2000-01-01 12:30:00', 12012, 1, NULL);

INSERT INTO `meeting_programs` (`id`, `event_order`, `category_type_id`, `gender_type_id`, `user_id`, `created_at`, `updated_at`, `is_autofilled`, `is_out_of_race`, `begin_time`, `meeting_event_id`, `pool_type_id`, `time_standard_id`)
  VALUES (93238, 136, 1069, 1, 1, '2017-01-18 06:44:03', '2017-01-18 06:44:03', 1, 0, '2000-01-01 12:32:00', 12012, 1, NULL);

INSERT INTO `meeting_programs` (`id`, `event_order`, `category_type_id`, `gender_type_id`, `user_id`, `created_at`, `updated_at`, `is_autofilled`, `is_out_of_race`, `begin_time`, `meeting_event_id`, `pool_type_id`, `time_standard_id`)
  VALUES (93239, 137, 1070, 1, 1, '2017-01-18 06:44:03', '2017-01-18 06:44:03', 1, 0, '2000-01-01 12:34:00', 12012, 1, NULL);

INSERT INTO `meeting_programs` (`id`, `event_order`, `category_type_id`, `gender_type_id`, `user_id`, `created_at`, `updated_at`, `is_autofilled`, `is_out_of_race`, `begin_time`, `meeting_event_id`, `pool_type_id`, `time_standard_id`)
  VALUES (93240, 138, 1071, 1, 1, '2017-01-18 06:44:03', '2017-01-18 06:44:03', 1, 0, '2000-01-01 12:36:00', 12012, 1, NULL);

INSERT INTO `meeting_programs` (`id`, `event_order`, `category_type_id`, `gender_type_id`, `user_id`, `created_at`, `updated_at`, `is_autofilled`, `is_out_of_race`, `begin_time`, `meeting_event_id`, `pool_type_id`, `time_standard_id`)
  VALUES (93241, 139, 1072, 1, 1, '2017-01-18 06:44:03', '2017-01-18 06:44:03', 1, 0, '2000-01-01 12:38:00', 12012, 1, NULL);

INSERT INTO `meeting_programs` (`id`, `event_order`, `category_type_id`, `gender_type_id`, `user_id`, `created_at`, `updated_at`, `is_autofilled`, `is_out_of_race`, `begin_time`, `meeting_event_id`, `pool_type_id`, `time_standard_id`)
  VALUES (93242, 140, 1073, 1, 1, '2017-01-18 06:44:03', '2017-01-18 06:44:03', 1, 0, '2000-01-01 12:40:00', 12012, 1, NULL);

INSERT INTO `meeting_programs` (`id`, `event_order`, `category_type_id`, `gender_type_id`, `user_id`, `created_at`, `updated_at`, `is_autofilled`, `is_out_of_race`, `begin_time`, `meeting_event_id`, `pool_type_id`, `time_standard_id`)
  VALUES (93243, 141, 1074, 1, 1, '2017-01-18 06:44:03', '2017-01-18 06:44:03', 1, 0, '2000-01-01 12:42:00', 12012, 1, NULL);

INSERT INTO `meeting_programs` (`id`, `event_order`, `category_type_id`, `gender_type_id`, `user_id`, `created_at`, `updated_at`, `is_autofilled`, `is_out_of_race`, `begin_time`, `meeting_event_id`, `pool_type_id`, `time_standard_id`)
  VALUES (93244, 142, 1075, 1, 1, '2017-01-18 06:44:04', '2017-01-18 06:44:04', 1, 0, '2000-01-01 12:44:00', 12012, 1, NULL);

INSERT INTO `meeting_programs` (`id`, `event_order`, `category_type_id`, `gender_type_id`, `user_id`, `created_at`, `updated_at`, `is_autofilled`, `is_out_of_race`, `begin_time`, `meeting_event_id`, `pool_type_id`, `time_standard_id`)
  VALUES (93245, 143, 1076, 1, 1, '2017-01-18 06:44:04', '2017-01-18 06:44:04', 1, 0, '2000-01-01 12:46:00', 12012, 1, NULL);

INSERT INTO `meeting_events` (`id`, `created_at`, `updated_at`, `event_order`, `begin_time`, `is_out_of_race`, `is_autofilled`, `notes`, `meeting_session_id`, `event_type_id`, `heat_type_id`, `user_id`, `has_separate_gender_start_list`, `has_separate_category_start_list`)
  VALUES (12013, '2017-01-18 06:44:04', '2017-01-18 06:44:04', 11, '2000-01-01 12:46:30', 0, 1, NULL, 2039, 26, 3, 1, 1, 0);

INSERT INTO `meeting_programs` (`id`, `event_order`, `category_type_id`, `gender_type_id`, `user_id`, `created_at`, `updated_at`, `is_autofilled`, `is_out_of_race`, `begin_time`, `meeting_event_id`, `pool_type_id`, `time_standard_id`)
  VALUES (93246, 1, 1086, 2, 1, '2017-01-18 06:44:04', '2017-01-18 06:44:04', 1, 0, '2000-01-01 12:46:30', 12013, 1, NULL);

INSERT INTO `meeting_programs` (`id`, `event_order`, `category_type_id`, `gender_type_id`, `user_id`, `created_at`, `updated_at`, `is_autofilled`, `is_out_of_race`, `begin_time`, `meeting_event_id`, `pool_type_id`, `time_standard_id`)
  VALUES (93247, 2, 1085, 1, 1, '2017-01-18 06:44:04', '2017-01-18 06:44:04', 1, 0, '2000-01-01 12:46:30', 12013, 1, NULL);

INSERT INTO `meeting_programs` (`id`, `event_order`, `category_type_id`, `gender_type_id`, `user_id`, `created_at`, `updated_at`, `is_autofilled`, `is_out_of_race`, `begin_time`, `meeting_event_id`, `pool_type_id`, `time_standard_id`)
  VALUES (93248, 3, 1086, 1, 1, '2017-01-18 06:44:04', '2017-01-18 06:44:04', 1, 0, '2000-01-01 12:46:00', 12013, 1, NULL);

INSERT INTO `meeting_programs` (`id`, `event_order`, `category_type_id`, `gender_type_id`, `user_id`, `created_at`, `updated_at`, `is_autofilled`, `is_out_of_race`, `begin_time`, `meeting_event_id`, `pool_type_id`, `time_standard_id`)
  VALUES (93249, 4, 1087, 1, 1, '2017-01-18 06:44:04', '2017-01-18 06:44:04', 1, 0, '2000-01-01 12:46:30', 12013, 1, NULL);

INSERT INTO `meeting_programs` (`id`, `event_order`, `category_type_id`, `gender_type_id`, `user_id`, `created_at`, `updated_at`, `is_autofilled`, `is_out_of_race`, `begin_time`, `meeting_event_id`, `pool_type_id`, `time_standard_id`)
  VALUES (93250, 5, 1088, 1, 1, '2017-01-18 06:44:04', '2017-01-18 06:44:04', 1, 0, '2000-01-01 12:45:30', 12013, 1, NULL);

INSERT INTO `swimmers` (`id`, `last_name`, `first_name`, `year_of_birth`, `phone_mobile`, `phone_number`, `e_mail`, `nickname`, `associated_user_id`, `gender_type_id`, `user_id`, `created_at`, `updated_at`, `complete_name`, `is_year_guessed`)
  VALUES (30949, 'ANNUNZIATA', 'GIUSEPPE', 1972, NULL, NULL, NULL, '', NULL, 1, 1, '2017-01-18 06:44:04', '2017-01-18 06:44:04', 'ANNUNZIATA GIUSEPPE', 0);

INSERT INTO `swimmers` (`id`, `last_name`, `first_name`, `year_of_birth`, `phone_mobile`, `phone_number`, `e_mail`, `nickname`, `associated_user_id`, `gender_type_id`, `user_id`, `created_at`, `updated_at`, `complete_name`, `is_year_guessed`)
  VALUES (30950, 'BAGLIONI', 'SAMUELE', 1974, NULL, NULL, NULL, '', NULL, 1, 1, '2017-01-18 06:44:04', '2017-01-18 06:44:04', 'BAGLIONI SAMUELE', 0);

INSERT INTO `swimmers` (`id`, `last_name`, `first_name`, `year_of_birth`, `phone_mobile`, `phone_number`, `e_mail`, `nickname`, `associated_user_id`, `gender_type_id`, `user_id`, `created_at`, `updated_at`, `complete_name`, `is_year_guessed`)
  VALUES (30951, 'GIGLI', 'RICCARDO', 1967, NULL, NULL, NULL, '', NULL, 1, 1, '2017-01-18 06:44:04', '2017-01-18 06:44:04', 'GIGLI RICCARDO', 0);

INSERT INTO `swimmers` (`id`, `last_name`, `first_name`, `year_of_birth`, `phone_mobile`, `phone_number`, `e_mail`, `nickname`, `associated_user_id`, `gender_type_id`, `user_id`, `created_at`, `updated_at`, `complete_name`, `is_year_guessed`)
  VALUES (30952, 'GISMONDI', 'MARCO', 1978, NULL, NULL, NULL, '', NULL, 1, 1, '2017-01-18 06:44:04', '2017-01-18 06:44:04', 'GISMONDI MARCO', 0);

INSERT INTO `swimmers` (`id`, `last_name`, `first_name`, `year_of_birth`, `phone_mobile`, `phone_number`, `e_mail`, `nickname`, `associated_user_id`, `gender_type_id`, `user_id`, `created_at`, `updated_at`, `complete_name`, `is_year_guessed`)
  VALUES (30953, 'GRACCI', 'PATRIZIO', 1955, NULL, NULL, NULL, '', NULL, 1, 1, '2017-01-18 06:44:04', '2017-01-18 06:44:04', 'GRACCI PATRIZIO', 0);

INSERT INTO `badges` (`id`, `number`, `season_id`, `swimmer_id`, `team_id`, `category_type_id`, `user_id`, `created_at`, `updated_at`, `entry_time_type_id`, `team_affiliation_id`, `final_rank`)
  VALUES (76482, '?', 162, 30949, 321, 1070, 1, '2017-01-18 06:44:04', '2017-01-18 06:44:04', 5, 2643, NULL);

INSERT INTO `badges` (`id`, `number`, `season_id`, `swimmer_id`, `team_id`, `category_type_id`, `user_id`, `created_at`, `updated_at`, `entry_time_type_id`, `team_affiliation_id`, `final_rank`)
  VALUES (76483, '?', 162, 30953, 329, 1073, 1, '2017-01-18 06:44:04', '2017-01-18 06:44:04', 5, 3581, NULL);

INSERT INTO `badges` (`id`, `number`, `season_id`, `swimmer_id`, `team_id`, `category_type_id`, `user_id`, `created_at`, `updated_at`, `entry_time_type_id`, `team_affiliation_id`, `final_rank`)
  VALUES (76484, '?', 162, 12459, 878, 1066, 1, '2017-01-18 06:44:04', '2017-01-18 06:44:04', 5, 3579, NULL);

INSERT INTO `badges` (`id`, `number`, `season_id`, `swimmer_id`, `team_id`, `category_type_id`, `user_id`, `created_at`, `updated_at`, `entry_time_type_id`, `team_affiliation_id`, `final_rank`)
  VALUES (76485, '?', 162, 7112, 387, 1073, 1, '2017-01-18 06:44:04', '2017-01-18 06:44:04', 5, 3577, NULL);

INSERT INTO `badges` (`id`, `number`, `season_id`, `swimmer_id`, `team_id`, `category_type_id`, `user_id`, `created_at`, `updated_at`, `entry_time_type_id`, `team_affiliation_id`, `final_rank`)
  VALUES (76486, '?', 162, 26751, 878, 1068, 1, '2017-01-18 06:44:04', '2017-01-18 06:44:04', 5, 3579, NULL);

INSERT INTO `badges` (`id`, `number`, `season_id`, `swimmer_id`, `team_id`, `category_type_id`, `user_id`, `created_at`, `updated_at`, `entry_time_type_id`, `team_affiliation_id`, `final_rank`)
  VALUES (76487, '?', 162, 19568, 741, 1068, 1, '2017-01-18 06:44:04', '2017-01-18 06:44:04', 5, 2683, NULL);

INSERT INTO `badges` (`id`, `number`, `season_id`, `swimmer_id`, `team_id`, `category_type_id`, `user_id`, `created_at`, `updated_at`, `entry_time_type_id`, `team_affiliation_id`, `final_rank`)
  VALUES (76488, '?', 162, 27881, 878, 1069, 1, '2017-01-18 06:44:04', '2017-01-18 06:44:04', 5, 3579, NULL);

INSERT INTO `badges` (`id`, `number`, `season_id`, `swimmer_id`, `team_id`, `category_type_id`, `user_id`, `created_at`, `updated_at`, `entry_time_type_id`, `team_affiliation_id`, `final_rank`)
  VALUES (76489, '?', 162, 9712, 741, 1069, 1, '2017-01-18 06:44:04', '2017-01-18 06:44:04', 5, 2683, NULL);

INSERT INTO `badges` (`id`, `number`, `season_id`, `swimmer_id`, `team_id`, `category_type_id`, `user_id`, `created_at`, `updated_at`, `entry_time_type_id`, `team_affiliation_id`, `final_rank`)
  VALUES (76490, '?', 162, 27249, 880, 1071, 1, '2017-01-18 06:44:04', '2017-01-18 06:44:04', 5, 3206, NULL);

INSERT INTO `badges` (`id`, `number`, `season_id`, `swimmer_id`, `team_id`, `category_type_id`, `user_id`, `created_at`, `updated_at`, `entry_time_type_id`, `team_affiliation_id`, `final_rank`)
  VALUES (76491, '?', 162, 25126, 298, 1067, 1, '2017-01-18 06:44:04', '2017-01-18 06:44:04', 5, 2852, NULL);

INSERT INTO `badges` (`id`, `number`, `season_id`, `swimmer_id`, `team_id`, `category_type_id`, `user_id`, `created_at`, `updated_at`, `entry_time_type_id`, `team_affiliation_id`, `final_rank`)
  VALUES (76492, '?', 162, 7185, 880, 1068, 1, '2017-01-18 06:44:04', '2017-01-18 06:44:04', 5, 3206, NULL);

INSERT INTO `badges` (`id`, `number`, `season_id`, `swimmer_id`, `team_id`, `category_type_id`, `user_id`, `created_at`, `updated_at`, `entry_time_type_id`, `team_affiliation_id`, `final_rank`)
  VALUES (76493, '?', 162, 27890, 878, 1069, 1, '2017-01-18 06:44:04', '2017-01-18 06:44:04', 5, 3579, NULL);

INSERT INTO `badges` (`id`, `number`, `season_id`, `swimmer_id`, `team_id`, `category_type_id`, `user_id`, `created_at`, `updated_at`, `entry_time_type_id`, `team_affiliation_id`, `final_rank`)
  VALUES (76494, '?', 162, 30951, 219, 1071, 1, '2017-01-18 06:44:04', '2017-01-18 06:44:04', 5, 2461, NULL);

INSERT INTO `badges` (`id`, `number`, `season_id`, `swimmer_id`, `team_id`, `category_type_id`, `user_id`, `created_at`, `updated_at`, `entry_time_type_id`, `team_affiliation_id`, `final_rank`)
  VALUES (76495, '?', 162, 6165, 741, 1070, 1, '2017-01-18 06:44:04', '2017-01-18 06:44:04', 5, 2683, NULL);

INSERT INTO `badges` (`id`, `number`, `season_id`, `swimmer_id`, `team_id`, `category_type_id`, `user_id`, `created_at`, `updated_at`, `entry_time_type_id`, `team_affiliation_id`, `final_rank`)
  VALUES (76496, '?', 162, 7039, 976, 1068, 1, '2017-01-18 06:44:04', '2017-01-18 06:44:04', 5, 2496, NULL);

INSERT INTO `badges` (`id`, `number`, `season_id`, `swimmer_id`, `team_id`, `category_type_id`, `user_id`, `created_at`, `updated_at`, `entry_time_type_id`, `team_affiliation_id`, `final_rank`)
  VALUES (76497, '?', 162, 30950, 329, 1069, 1, '2017-01-18 06:44:04', '2017-01-18 06:44:04', 5, 3581, NULL);

INSERT INTO `badges` (`id`, `number`, `season_id`, `swimmer_id`, `team_id`, `category_type_id`, `user_id`, `created_at`, `updated_at`, `entry_time_type_id`, `team_affiliation_id`, `final_rank`)
  VALUES (76498, '?', 162, 4944, 741, 1071, 1, '2017-01-18 06:44:04', '2017-01-18 06:44:04', 5, 2683, NULL);

INSERT INTO `badges` (`id`, `number`, `season_id`, `swimmer_id`, `team_id`, `category_type_id`, `user_id`, `created_at`, `updated_at`, `entry_time_type_id`, `team_affiliation_id`, `final_rank`)
  VALUES (76499, '?', 162, 17746, 387, 1076, 1, '2017-01-18 06:44:04', '2017-01-18 06:44:04', 5, 3577, NULL);

INSERT INTO `badges` (`id`, `number`, `season_id`, `swimmer_id`, `team_id`, `category_type_id`, `user_id`, `created_at`, `updated_at`, `entry_time_type_id`, `team_affiliation_id`, `final_rank`)
  VALUES (76500, '?', 162, 7911, 741, 1068, 1, '2017-01-18 06:44:04', '2017-01-18 06:44:04', 5, 2683, NULL);

INSERT INTO `badges` (`id`, `number`, `season_id`, `swimmer_id`, `team_id`, `category_type_id`, `user_id`, `created_at`, `updated_at`, `entry_time_type_id`, `team_affiliation_id`, `final_rank`)
  VALUES (76501, '?', 162, 30952, 741, 1068, 1, '2017-01-18 06:44:05', '2017-01-18 06:44:05', 5, 2683, NULL);

INSERT INTO `badges` (`id`, `number`, `season_id`, `swimmer_id`, `team_id`, `category_type_id`, `user_id`, `created_at`, `updated_at`, `entry_time_type_id`, `team_affiliation_id`, `final_rank`)
  VALUES (76502, '?', 162, 7196, 387, 1071, 1, '2017-01-18 06:44:05', '2017-01-18 06:44:05', 5, 3577, NULL);

INSERT INTO `badges` (`id`, `number`, `season_id`, `swimmer_id`, `team_id`, `category_type_id`, `user_id`, `created_at`, `updated_at`, `entry_time_type_id`, `team_affiliation_id`, `final_rank`)
  VALUES (76503, '?', 162, 26970, 741, 1072, 1, '2017-01-18 06:44:05', '2017-01-18 06:44:05', 5, 2683, NULL);

INSERT INTO `meeting_individual_results` (`id`, `rank`, `is_play_off`, `is_out_of_race`, `is_disqualified`, `standard_points`, `meeting_individual_points`, `minutes`, `seconds`, `hundreds`, `meeting_program_id`, `swimmer_id`, `team_id`, `badge_id`, `user_id`, `created_at`, `updated_at`, `disqualification_code_type_id`, `goggle_cup_points`, `reaction_time`, `team_points`, `team_affiliation_id`, `is_personal_best`, `is_season_type_best`)
  VALUES (528277, 1, 1, 0, 0, 725.17, 725.17, 1, 30, 71, 93103, 30385, 424, 73602, 1, '2017-01-18 06:44:05', '2017-01-18 06:44:05', NULL, 0.0, 0.0, 0.0, 2675, 0, 0);

INSERT INTO `meeting_individual_results` (`id`, `rank`, `is_play_off`, `is_out_of_race`, `is_disqualified`, `standard_points`, `meeting_individual_points`, `minutes`, `seconds`, `hundreds`, `meeting_program_id`, `swimmer_id`, `team_id`, `badge_id`, `user_id`, `created_at`, `updated_at`, `disqualification_code_type_id`, `goggle_cup_points`, `reaction_time`, `team_points`, `team_affiliation_id`, `is_personal_best`, `is_season_type_best`)
  VALUES (528278, 2, 1, 0, 0, 656.88, 656.88, 1, 40, 14, 93103, 27624, 685, 57226, 1, '2017-01-18 06:44:05', '2017-01-18 06:44:05', NULL, 0.0, 0.0, 0.0, 2641, 0, 0);

INSERT INTO `meeting_individual_results` (`id`, `rank`, `is_play_off`, `is_out_of_race`, `is_disqualified`, `standard_points`, `meeting_individual_points`, `minutes`, `seconds`, `hundreds`, `meeting_program_id`, `swimmer_id`, `team_id`, `badge_id`, `user_id`, `created_at`, `updated_at`, `disqualification_code_type_id`, `goggle_cup_points`, `reaction_time`, `team_points`, `team_affiliation_id`, `is_personal_best`, `is_season_type_best`)
  VALUES (528279, 1, 1, 0, 0, 699.74, 699.74, 1, 36, 15, 93104, 27810, 741, 58303, 1, '2017-01-18 06:44:05', '2017-01-18 06:44:05', NULL, 0.0, 0.0, 0.0, 2683, 0, 0);

INSERT INTO `meeting_individual_results` (`id`, `rank`, `is_play_off`, `is_out_of_race`, `is_disqualified`, `standard_points`, `meeting_individual_points`, `minutes`, `seconds`, `hundreds`, `meeting_program_id`, `swimmer_id`, `team_id`, `badge_id`, `user_id`, `created_at`, `updated_at`, `disqualification_code_type_id`, `goggle_cup_points`, `reaction_time`, `team_points`, `team_affiliation_id`, `is_personal_best`, `is_season_type_best`)
  VALUES (528280, 1, 1, 0, 0, 801.39, 801.39, 1, 27, 66, 93105, 5795, 397, 62914, 1, '2017-01-18 06:44:05', '2017-01-18 06:44:05', NULL, 0.0, 0.0, 0.0, 3580, 0, 0);

INSERT INTO `meeting_individual_results` (`id`, `rank`, `is_play_off`, `is_out_of_race`, `is_disqualified`, `standard_points`, `meeting_individual_points`, `minutes`, `seconds`, `hundreds`, `meeting_program_id`, `swimmer_id`, `team_id`, `badge_id`, `user_id`, `created_at`, `updated_at`, `disqualification_code_type_id`, `goggle_cup_points`, `reaction_time`, `team_points`, `team_affiliation_id`, `is_personal_best`, `is_season_type_best`)
  VALUES (528281, 2, 1, 0, 0, 787.82, 787.82, 1, 29, 17, 93105, 16697, 716, 58257, 1, '2017-01-18 06:44:05', '2017-01-18 06:44:05', NULL, 0.0, 0.0, 0.0, 2498, 0, 0);

INSERT INTO `meeting_individual_results` (`id`, `rank`, `is_play_off`, `is_out_of_race`, `is_disqualified`, `standard_points`, `meeting_individual_points`, `minutes`, `seconds`, `hundreds`, `meeting_program_id`, `swimmer_id`, `team_id`, `badge_id`, `user_id`, `created_at`, `updated_at`, `disqualification_code_type_id`, `goggle_cup_points`, `reaction_time`, `team_points`, `team_affiliation_id`, `is_personal_best`, `is_season_type_best`)
  VALUES (528282, 3, 1, 0, 0, 718.3, 718.3, 1, 37, 80, 93105, 27961, 880, 67700, 1, '2017-01-18 06:44:05', '2017-01-18 06:44:05', NULL, 0.0, 0.0, 0.0, 3206, 0, 0);

INSERT INTO `meeting_individual_results` (`id`, `rank`, `is_play_off`, `is_out_of_race`, `is_disqualified`, `standard_points`, `meeting_individual_points`, `minutes`, `seconds`, `hundreds`, `meeting_program_id`, `swimmer_id`, `team_id`, `badge_id`, `user_id`, `created_at`, `updated_at`, `disqualification_code_type_id`, `goggle_cup_points`, `reaction_time`, `team_points`, `team_affiliation_id`, `is_personal_best`, `is_season_type_best`)
  VALUES (528283, 1, 1, 0, 0, 832.77, 832.77, 1, 8, 65, 93106, 9902, 976, 58397, 1, '2017-01-18 06:44:05', '2017-01-18 06:44:05', NULL, 0.0, 0.0, 0.0, 2496, 0, 0);

INSERT INTO `meeting_individual_results` (`id`, `rank`, `is_play_off`, `is_out_of_race`, `is_disqualified`, `standard_points`, `meeting_individual_points`, `minutes`, `seconds`, `hundreds`, `meeting_program_id`, `swimmer_id`, `team_id`, `badge_id`, `user_id`, `created_at`, `updated_at`, `disqualification_code_type_id`, `goggle_cup_points`, `reaction_time`, `team_points`, `team_affiliation_id`, `is_personal_best`, `is_season_type_best`)
  VALUES (528284, 2, 1, 0, 0, 690.54, 690.54, 1, 22, 79, 93106, 28375, 118, 61693, 1, '2017-01-18 06:44:05', '2017-01-18 06:44:05', NULL, 0.0, 0.0, 0.0, 2611, 0, 0);

INSERT INTO `meeting_individual_results` (`id`, `rank`, `is_play_off`, `is_out_of_race`, `is_disqualified`, `standard_points`, `meeting_individual_points`, `minutes`, `seconds`, `hundreds`, `meeting_program_id`, `swimmer_id`, `team_id`, `badge_id`, `user_id`, `created_at`, `updated_at`, `disqualification_code_type_id`, `goggle_cup_points`, `reaction_time`, `team_points`, `team_affiliation_id`, `is_personal_best`, `is_season_type_best`)
  VALUES (528285, 3, 1, 0, 0, 534.0, 534.0, 1, 47, 6, 93106, 11548, 295, 58320, 1, '2017-01-18 06:44:05', '2017-01-18 06:44:05', NULL, 0.0, 0.0, 0.0, 2692, 0, 0);

INSERT INTO `meeting_individual_results` (`id`, `rank`, `is_play_off`, `is_out_of_race`, `is_disqualified`, `standard_points`, `meeting_individual_points`, `minutes`, `seconds`, `hundreds`, `meeting_program_id`, `swimmer_id`, `team_id`, `badge_id`, `user_id`, `created_at`, `updated_at`, `disqualification_code_type_id`, `goggle_cup_points`, `reaction_time`, `team_points`, `team_affiliation_id`, `is_personal_best`, `is_season_type_best`)
  VALUES (528286, 1, 1, 0, 0, 923.04, 923.04, 1, 2, 37, 93107, 19421, 219, 73666, 1, '2017-01-18 06:44:05', '2017-01-18 06:44:05', NULL, 0.0, 0.0, 0.0, 2461, 0, 0);

INSERT INTO `meeting_individual_results` (`id`, `rank`, `is_play_off`, `is_out_of_race`, `is_disqualified`, `standard_points`, `meeting_individual_points`, `minutes`, `seconds`, `hundreds`, `meeting_program_id`, `swimmer_id`, `team_id`, `badge_id`, `user_id`, `created_at`, `updated_at`, `disqualification_code_type_id`, `goggle_cup_points`, `reaction_time`, `team_points`, `team_affiliation_id`, `is_personal_best`, `is_season_type_best`)
  VALUES (528287, 2, 1, 0, 0, 843.89, 843.89, 1, 8, 22, 93107, 20950, 976, 58202, 1, '2017-01-18 06:44:05', '2017-01-18 06:44:05', NULL, 0.0, 0.0, 0.0, 2496, 0, 0);

INSERT INTO `meeting_individual_results` (`id`, `rank`, `is_play_off`, `is_out_of_race`, `is_disqualified`, `standard_points`, `meeting_individual_points`, `minutes`, `seconds`, `hundreds`, `meeting_program_id`, `swimmer_id`, `team_id`, `badge_id`, `user_id`, `created_at`, `updated_at`, `disqualification_code_type_id`, `goggle_cup_points`, `reaction_time`, `team_points`, `team_affiliation_id`, `is_personal_best`, `is_season_type_best`)
  VALUES (528288, 3, 1, 0, 0, 686.09, 686.09, 1, 23, 91, 93107, 13075, 16, 58406, 1, '2017-01-18 06:44:05', '2017-01-18 06:44:05', NULL, 0.0, 0.0, 0.0, 2685, 0, 0);

INSERT INTO `meeting_individual_results` (`id`, `rank`, `is_play_off`, `is_out_of_race`, `is_disqualified`, `standard_points`, `meeting_individual_points`, `minutes`, `seconds`, `hundreds`, `meeting_program_id`, `swimmer_id`, `team_id`, `badge_id`, `user_id`, `created_at`, `updated_at`, `disqualification_code_type_id`, `goggle_cup_points`, `reaction_time`, `team_points`, `team_affiliation_id`, `is_personal_best`, `is_season_type_best`)
  VALUES (528289, 4, 1, 0, 0, 533.95, 533.95, 1, 47, 82, 93107, 22507, 880, 67751, 1, '2017-01-18 06:44:05', '2017-01-18 06:44:05', NULL, 0.0, 0.0, 0.0, 3206, 0, 0);

INSERT INTO `meeting_individual_results` (`id`, `rank`, `is_play_off`, `is_out_of_race`, `is_disqualified`, `standard_points`, `meeting_individual_points`, `minutes`, `seconds`, `hundreds`, `meeting_program_id`, `swimmer_id`, `team_id`, `badge_id`, `user_id`, `created_at`, `updated_at`, `disqualification_code_type_id`, `goggle_cup_points`, `reaction_time`, `team_points`, `team_affiliation_id`, `is_personal_best`, `is_season_type_best`)
  VALUES (528290, 1, 1, 0, 0, 832.02, 832.02, 1, 10, 96, 93108, 9894, 219, 62537, 1, '2017-01-18 06:44:05', '2017-01-18 06:44:05', NULL, 0.0, 0.0, 0.0, 2461, 0, 0);

INSERT INTO `meeting_individual_results` (`id`, `rank`, `is_play_off`, `is_out_of_race`, `is_disqualified`, `standard_points`, `meeting_individual_points`, `minutes`, `seconds`, `hundreds`, `meeting_program_id`, `swimmer_id`, `team_id`, `badge_id`, `user_id`, `created_at`, `updated_at`, `disqualification_code_type_id`, `goggle_cup_points`, `reaction_time`, `team_points`, `team_affiliation_id`, `is_personal_best`, `is_season_type_best`)
  VALUES (528291, 2, 1, 0, 0, 300.64, 300.64, 3, 16, 38, 93108, 30949, 321, 76482, 1, '2017-01-18 06:44:06', '2017-01-18 06:44:06', NULL, 0.0, 0.0, 0.0, 2643, 0, 0);

INSERT INTO `meeting_individual_results` (`id`, `rank`, `is_play_off`, `is_out_of_race`, `is_disqualified`, `standard_points`, `meeting_individual_points`, `minutes`, `seconds`, `hundreds`, `meeting_program_id`, `swimmer_id`, `team_id`, `badge_id`, `user_id`, `created_at`, `updated_at`, `disqualification_code_type_id`, `goggle_cup_points`, `reaction_time`, `team_points`, `team_affiliation_id`, `is_personal_best`, `is_season_type_best`)
  VALUES (528292, 1, 1, 0, 0, 535.96, 535.96, 1, 54, 15, 93109, 5513, 320, 62543, 1, '2017-01-18 06:44:06', '2017-01-18 06:44:06', NULL, 0.0, 0.0, 0.0, 2699, 0, 0);

INSERT INTO `meeting_individual_results` (`id`, `rank`, `is_play_off`, `is_out_of_race`, `is_disqualified`, `standard_points`, `meeting_individual_points`, `minutes`, `seconds`, `hundreds`, `meeting_program_id`, `swimmer_id`, `team_id`, `badge_id`, `user_id`, `created_at`, `updated_at`, `disqualification_code_type_id`, `goggle_cup_points`, `reaction_time`, `team_points`, `team_affiliation_id`, `is_personal_best`, `is_season_type_best`)
  VALUES (528293, 1, 1, 0, 0, 752.44, 752.44, 1, 25, 11, 93110, 8417, 991, 59867, 1, '2017-01-18 06:44:06', '2017-01-18 06:44:06', NULL, 0.0, 0.0, 0.0, 2749, 0, 0);

INSERT INTO `meeting_individual_results` (`id`, `rank`, `is_play_off`, `is_out_of_race`, `is_disqualified`, `standard_points`, `meeting_individual_points`, `minutes`, `seconds`, `hundreds`, `meeting_program_id`, `swimmer_id`, `team_id`, `badge_id`, `user_id`, `created_at`, `updated_at`, `disqualification_code_type_id`, `goggle_cup_points`, `reaction_time`, `team_points`, `team_affiliation_id`, `is_personal_best`, `is_season_type_best`)
  VALUES (528294, 2, 1, 0, 0, 708.88, 708.88, 1, 30, 34, 93110, 11488, 16, 58542, 1, '2017-01-18 06:44:06', '2017-01-18 06:44:06', NULL, 0.0, 0.0, 0.0, 2685, 0, 0);

INSERT INTO `meeting_individual_results` (`id`, `rank`, `is_play_off`, `is_out_of_race`, `is_disqualified`, `standard_points`, `meeting_individual_points`, `minutes`, `seconds`, `hundreds`, `meeting_program_id`, `swimmer_id`, `team_id`, `badge_id`, `user_id`, `created_at`, `updated_at`, `disqualification_code_type_id`, `goggle_cup_points`, `reaction_time`, `team_points`, `team_affiliation_id`, `is_personal_best`, `is_season_type_best`)
  VALUES (528295, 1, 1, 0, 0, 635.08, 635.08, 1, 47, 12, 93111, 19528, 219, 73619, 1, '2017-01-18 06:44:06', '2017-01-18 06:44:06', NULL, 0.0, 0.0, 0.0, 2461, 0, 0);

INSERT INTO `meeting_individual_results` (`id`, `rank`, `is_play_off`, `is_out_of_race`, `is_disqualified`, `standard_points`, `meeting_individual_points`, `minutes`, `seconds`, `hundreds`, `meeting_program_id`, `swimmer_id`, `team_id`, `badge_id`, `user_id`, `created_at`, `updated_at`, `disqualification_code_type_id`, `goggle_cup_points`, `reaction_time`, `team_points`, `team_affiliation_id`, `is_personal_best`, `is_season_type_best`)
  VALUES (528296, 2, 1, 0, 0, 431.14, 431.14, 2, 37, 79, 93111, 30953, 329, 76483, 1, '2017-01-18 06:44:06', '2017-01-18 06:44:06', NULL, 0.0, 0.0, 0.0, 3581, 0, 0);

INSERT INTO `meeting_individual_results` (`id`, `rank`, `is_play_off`, `is_out_of_race`, `is_disqualified`, `standard_points`, `meeting_individual_points`, `minutes`, `seconds`, `hundreds`, `meeting_program_id`, `swimmer_id`, `team_id`, `badge_id`, `user_id`, `created_at`, `updated_at`, `disqualification_code_type_id`, `goggle_cup_points`, `reaction_time`, `team_points`, `team_affiliation_id`, `is_personal_best`, `is_season_type_best`)
  VALUES (528297, 1, 1, 0, 0, 858.16, 858.16, 1, 29, 61, 93112, 17779, 54, 67722, 1, '2017-01-18 06:44:06', '2017-01-18 06:44:06', NULL, 0.0, 0.0, 0.0, 2673, 0, 0);

INSERT INTO `meeting_individual_results` (`id`, `rank`, `is_play_off`, `is_out_of_race`, `is_disqualified`, `standard_points`, `meeting_individual_points`, `minutes`, `seconds`, `hundreds`, `meeting_program_id`, `swimmer_id`, `team_id`, `badge_id`, `user_id`, `created_at`, `updated_at`, `disqualification_code_type_id`, `goggle_cup_points`, `reaction_time`, `team_points`, `team_affiliation_id`, `is_personal_best`, `is_season_type_best`)
  VALUES (528298, 1, 1, 0, 0, 811.94, 811.94, 1, 52, 36, 93113, 7100, 219, 58440, 1, '2017-01-18 06:44:06', '2017-01-18 06:44:06', NULL, 0.0, 0.0, 0.0, 2461, 0, 0);

INSERT INTO `meeting_individual_results` (`id`, `rank`, `is_play_off`, `is_out_of_race`, `is_disqualified`, `standard_points`, `meeting_individual_points`, `minutes`, `seconds`, `hundreds`, `meeting_program_id`, `swimmer_id`, `team_id`, `badge_id`, `user_id`, `created_at`, `updated_at`, `disqualification_code_type_id`, `goggle_cup_points`, `reaction_time`, `team_points`, `team_affiliation_id`, `is_personal_best`, `is_season_type_best`)
  VALUES (528299, 1, 1, 0, 0, 815.34, 815.34, 1, 18, 74, 93114, 5919, 465, 58141, 1, '2017-01-18 06:44:06', '2017-01-18 06:44:06', NULL, 0.0, 0.0, 0.0, 2696, 0, 0);

INSERT INTO `meeting_individual_results` (`id`, `rank`, `is_play_off`, `is_out_of_race`, `is_disqualified`, `standard_points`, `meeting_individual_points`, `minutes`, `seconds`, `hundreds`, `meeting_program_id`, `swimmer_id`, `team_id`, `badge_id`, `user_id`, `created_at`, `updated_at`, `disqualification_code_type_id`, `goggle_cup_points`, `reaction_time`, `team_points`, `team_affiliation_id`, `is_personal_best`, `is_season_type_best`)
  VALUES (528300, 2, 1, 0, 0, 759.58, 759.58, 1, 24, 52, 93114, 12459, 878, 76484, 1, '2017-01-18 06:44:06', '2017-01-18 06:44:06', NULL, 0.0, 0.0, 0.0, 3579, 0, 0);

INSERT INTO `meeting_individual_results` (`id`, `rank`, `is_play_off`, `is_out_of_race`, `is_disqualified`, `standard_points`, `meeting_individual_points`, `minutes`, `seconds`, `hundreds`, `meeting_program_id`, `swimmer_id`, `team_id`, `badge_id`, `user_id`, `created_at`, `updated_at`, `disqualification_code_type_id`, `goggle_cup_points`, `reaction_time`, `team_points`, `team_affiliation_id`, `is_personal_best`, `is_season_type_best`)
  VALUES (528301, 1, 1, 0, 0, 798.93, 798.93, 1, 20, 37, 93115, 7035, 976, 58447, 1, '2017-01-18 06:44:06', '2017-01-18 06:44:06', NULL, 0.0, 0.0, 0.0, 2496, 0, 0);

INSERT INTO `meeting_individual_results` (`id`, `rank`, `is_play_off`, `is_out_of_race`, `is_disqualified`, `standard_points`, `meeting_individual_points`, `minutes`, `seconds`, `hundreds`, `meeting_program_id`, `swimmer_id`, `team_id`, `badge_id`, `user_id`, `created_at`, `updated_at`, `disqualification_code_type_id`, `goggle_cup_points`, `reaction_time`, `team_points`, `team_affiliation_id`, `is_personal_best`, `is_season_type_best`)
  VALUES (528302, 2, 1, 0, 0, 792.91, 792.91, 1, 20, 98, 93115, 24293, 321, 58297, 1, '2017-01-18 06:44:06', '2017-01-18 06:44:06', NULL, 0.0, 0.0, 0.0, 2643, 0, 0);

INSERT INTO `meeting_individual_results` (`id`, `rank`, `is_play_off`, `is_out_of_race`, `is_disqualified`, `standard_points`, `meeting_individual_points`, `minutes`, `seconds`, `hundreds`, `meeting_program_id`, `swimmer_id`, `team_id`, `badge_id`, `user_id`, `created_at`, `updated_at`, `disqualification_code_type_id`, `goggle_cup_points`, `reaction_time`, `team_points`, `team_affiliation_id`, `is_personal_best`, `is_season_type_best`)
  VALUES (528303, 1, 1, 0, 0, 678.84, 678.84, 1, 36, 96, 93116, 7054, 111, 58506, 1, '2017-01-18 06:44:06', '2017-01-18 06:44:06', NULL, 0.0, 0.0, 0.0, 2463, 0, 0);

INSERT INTO `meeting_individual_results` (`id`, `rank`, `is_play_off`, `is_out_of_race`, `is_disqualified`, `standard_points`, `meeting_individual_points`, `minutes`, `seconds`, `hundreds`, `meeting_program_id`, `swimmer_id`, `team_id`, `badge_id`, `user_id`, `created_at`, `updated_at`, `disqualification_code_type_id`, `goggle_cup_points`, `reaction_time`, `team_points`, `team_affiliation_id`, `is_personal_best`, `is_season_type_best`)
  VALUES (528304, 2, 1, 0, 0, 617.56, 617.56, 1, 46, 58, 93116, 28502, 424, 62546, 1, '2017-01-18 06:44:06', '2017-01-18 06:44:06', NULL, 0.0, 0.0, 0.0, 2675, 0, 0);

INSERT INTO `meeting_individual_results` (`id`, `rank`, `is_play_off`, `is_out_of_race`, `is_disqualified`, `standard_points`, `meeting_individual_points`, `minutes`, `seconds`, `hundreds`, `meeting_program_id`, `swimmer_id`, `team_id`, `badge_id`, `user_id`, `created_at`, `updated_at`, `disqualification_code_type_id`, `goggle_cup_points`, `reaction_time`, `team_points`, `team_affiliation_id`, `is_personal_best`, `is_season_type_best`)
  VALUES (528305, 1, 1, 0, 0, 683.91, 683.91, 1, 37, 22, 93117, 7903, 741, 58301, 1, '2017-01-18 06:44:06', '2017-01-18 06:44:06', NULL, 0.0, 0.0, 0.0, 2683, 0, 0);

INSERT INTO `meeting_individual_results` (`id`, `rank`, `is_play_off`, `is_out_of_race`, `is_disqualified`, `standard_points`, `meeting_individual_points`, `minutes`, `seconds`, `hundreds`, `meeting_program_id`, `swimmer_id`, `team_id`, `badge_id`, `user_id`, `created_at`, `updated_at`, `disqualification_code_type_id`, `goggle_cup_points`, `reaction_time`, `team_points`, `team_affiliation_id`, `is_personal_best`, `is_season_type_best`)
  VALUES (528306, 1, 1, 0, 0, 856.6, 856.6, 1, 19, 57, 93118, 27739, 219, 58375, 1, '2017-01-18 06:44:06', '2017-01-18 06:44:06', NULL, 0.0, 0.0, 0.0, 2461, 0, 0);

INSERT INTO `meeting_individual_results` (`id`, `rank`, `is_play_off`, `is_out_of_race`, `is_disqualified`, `standard_points`, `meeting_individual_points`, `minutes`, `seconds`, `hundreds`, `meeting_program_id`, `swimmer_id`, `team_id`, `badge_id`, `user_id`, `created_at`, `updated_at`, `disqualification_code_type_id`, `goggle_cup_points`, `reaction_time`, `team_points`, `team_affiliation_id`, `is_personal_best`, `is_season_type_best`)
  VALUES (528307, 2, 1, 0, 0, 855.31, 855.31, 1, 19, 69, 93118, 27228, 54, 73603, 1, '2017-01-18 06:44:06', '2017-01-18 06:44:06', NULL, 0.0, 0.0, 0.0, 2673, 0, 0);

INSERT INTO `meeting_individual_results` (`id`, `rank`, `is_play_off`, `is_out_of_race`, `is_disqualified`, `standard_points`, `meeting_individual_points`, `minutes`, `seconds`, `hundreds`, `meeting_program_id`, `swimmer_id`, `team_id`, `badge_id`, `user_id`, `created_at`, `updated_at`, `disqualification_code_type_id`, `goggle_cup_points`, `reaction_time`, `team_points`, `team_affiliation_id`, `is_personal_best`, `is_season_type_best`)
  VALUES (528308, 3, 1, 0, 0, 747.94, 747.94, 1, 31, 13, 93118, 21078, 741, 58252, 1, '2017-01-18 06:44:06', '2017-01-18 06:44:06', NULL, 0.0, 0.0, 0.0, 2683, 0, 0);

INSERT INTO `meeting_individual_results` (`id`, `rank`, `is_play_off`, `is_out_of_race`, `is_disqualified`, `standard_points`, `meeting_individual_points`, `minutes`, `seconds`, `hundreds`, `meeting_program_id`, `swimmer_id`, `team_id`, `badge_id`, `user_id`, `created_at`, `updated_at`, `disqualification_code_type_id`, `goggle_cup_points`, `reaction_time`, `team_points`, `team_affiliation_id`, `is_personal_best`, `is_season_type_best`)
  VALUES (528309, 4, 1, 0, 0, 561.77, 561.77, 2, 1, 33, 93118, 18660, 54, 58255, 1, '2017-01-18 06:44:07', '2017-01-18 06:44:07', NULL, 0.0, 0.0, 0.0, 2673, 0, 0);

INSERT INTO `meeting_individual_results` (`id`, `rank`, `is_play_off`, `is_out_of_race`, `is_disqualified`, `standard_points`, `meeting_individual_points`, `minutes`, `seconds`, `hundreds`, `meeting_program_id`, `swimmer_id`, `team_id`, `badge_id`, `user_id`, `created_at`, `updated_at`, `disqualification_code_type_id`, `goggle_cup_points`, `reaction_time`, `team_points`, `team_affiliation_id`, `is_personal_best`, `is_season_type_best`)
  VALUES (528310, 1, 1, 0, 0, 893.93, 893.93, 1, 18, 72, 93119, 7315, 741, 58451, 1, '2017-01-18 06:44:07', '2017-01-18 06:44:07', NULL, 0.0, 0.0, 0.0, 2683, 0, 0);

INSERT INTO `meeting_individual_results` (`id`, `rank`, `is_play_off`, `is_out_of_race`, `is_disqualified`, `standard_points`, `meeting_individual_points`, `minutes`, `seconds`, `hundreds`, `meeting_program_id`, `swimmer_id`, `team_id`, `badge_id`, `user_id`, `created_at`, `updated_at`, `disqualification_code_type_id`, `goggle_cup_points`, `reaction_time`, `team_points`, `team_affiliation_id`, `is_personal_best`, `is_season_type_best`)
  VALUES (528311, 1, 1, 0, 0, 616.15, 616.15, 2, 9, 19, 93120, 7112, 387, 76485, 1, '2017-01-18 06:44:07', '2017-01-18 06:44:07', NULL, 0.0, 0.0, 0.0, 3577, 0, 0);

INSERT INTO `meeting_individual_results` (`id`, `rank`, `is_play_off`, `is_out_of_race`, `is_disqualified`, `standard_points`, `meeting_individual_points`, `minutes`, `seconds`, `hundreds`, `meeting_program_id`, `swimmer_id`, `team_id`, `badge_id`, `user_id`, `created_at`, `updated_at`, `disqualification_code_type_id`, `goggle_cup_points`, `reaction_time`, `team_points`, `team_affiliation_id`, `is_personal_best`, `is_season_type_best`)
  VALUES (528312, 1, 1, 0, 0, 691.99, 691.99, 2, 0, 29, 93121, 1916, 741, 58259, 1, '2017-01-18 06:44:07', '2017-01-18 06:44:07', NULL, 0.0, 0.0, 0.0, 2683, 0, 0);

INSERT INTO `meeting_individual_results` (`id`, `rank`, `is_play_off`, `is_out_of_race`, `is_disqualified`, `standard_points`, `meeting_individual_points`, `minutes`, `seconds`, `hundreds`, `meeting_program_id`, `swimmer_id`, `team_id`, `badge_id`, `user_id`, `created_at`, `updated_at`, `disqualification_code_type_id`, `goggle_cup_points`, `reaction_time`, `team_points`, `team_affiliation_id`, `is_personal_best`, `is_season_type_best`)
  VALUES (528313, 1, 1, 0, 0, 616.65, 616.65, 2, 26, 47, 93122, 7059, 219, 58388, 1, '2017-01-18 06:44:07', '2017-01-18 06:44:07', NULL, 0.0, 0.0, 0.0, 2461, 0, 0);

INSERT INTO `meeting_individual_results` (`id`, `rank`, `is_play_off`, `is_out_of_race`, `is_disqualified`, `standard_points`, `meeting_individual_points`, `minutes`, `seconds`, `hundreds`, `meeting_program_id`, `swimmer_id`, `team_id`, `badge_id`, `user_id`, `created_at`, `updated_at`, `disqualification_code_type_id`, `goggle_cup_points`, `reaction_time`, `team_points`, `team_affiliation_id`, `is_personal_best`, `is_season_type_best`)
  VALUES (528314, 1, 1, 0, 0, 826.04, 826.04, 1, 7, 14, 93123, 27791, 976, 58261, 1, '2017-01-18 06:44:07', '2017-01-18 06:44:07', NULL, 0.0, 0.0, 0.0, 2496, 0, 0);

INSERT INTO `meeting_individual_results` (`id`, `rank`, `is_play_off`, `is_out_of_race`, `is_disqualified`, `standard_points`, `meeting_individual_points`, `minutes`, `seconds`, `hundreds`, `meeting_program_id`, `swimmer_id`, `team_id`, `badge_id`, `user_id`, `created_at`, `updated_at`, `disqualification_code_type_id`, `goggle_cup_points`, `reaction_time`, `team_points`, `team_affiliation_id`, `is_personal_best`, `is_season_type_best`)
  VALUES (528315, 2, 1, 0, 0, 699.81, 699.81, 1, 19, 25, 93123, 28107, 321, 62550, 1, '2017-01-18 06:44:07', '2017-01-18 06:44:07', NULL, 0.0, 0.0, 0.0, 2643, 0, 0);

INSERT INTO `meeting_individual_results` (`id`, `rank`, `is_play_off`, `is_out_of_race`, `is_disqualified`, `standard_points`, `meeting_individual_points`, `minutes`, `seconds`, `hundreds`, `meeting_program_id`, `swimmer_id`, `team_id`, `badge_id`, `user_id`, `created_at`, `updated_at`, `disqualification_code_type_id`, `goggle_cup_points`, `reaction_time`, `team_points`, `team_affiliation_id`, `is_personal_best`, `is_season_type_best`)
  VALUES (528316, 3, 1, 0, 0, 618.9, 618.9, 1, 29, 61, 93123, 24289, 321, 62577, 1, '2017-01-18 06:44:07', '2017-01-18 06:44:07', NULL, 0.0, 0.0, 0.0, 2643, 0, 0);

INSERT INTO `meeting_individual_results` (`id`, `rank`, `is_play_off`, `is_out_of_race`, `is_disqualified`, `standard_points`, `meeting_individual_points`, `minutes`, `seconds`, `hundreds`, `meeting_program_id`, `swimmer_id`, `team_id`, `badge_id`, `user_id`, `created_at`, `updated_at`, `disqualification_code_type_id`, `goggle_cup_points`, `reaction_time`, `team_points`, `team_affiliation_id`, `is_personal_best`, `is_season_type_best`)
  VALUES (528317, 1, 1, 0, 0, 907.51, 907.51, 1, 1, 41, 93124, 6071, 976, 58463, 1, '2017-01-18 06:44:07', '2017-01-18 06:44:07', NULL, 0.0, 0.0, 0.0, 2496, 0, 0);

INSERT INTO `meeting_individual_results` (`id`, `rank`, `is_play_off`, `is_out_of_race`, `is_disqualified`, `standard_points`, `meeting_individual_points`, `minutes`, `seconds`, `hundreds`, `meeting_program_id`, `swimmer_id`, `team_id`, `badge_id`, `user_id`, `created_at`, `updated_at`, `disqualification_code_type_id`, `goggle_cup_points`, `reaction_time`, `team_points`, `team_affiliation_id`, `is_personal_best`, `is_season_type_best`)
  VALUES (528318, 2, 1, 0, 0, 741.88, 741.88, 1, 15, 12, 93124, 19585, 424, 62570, 1, '2017-01-18 06:44:07', '2017-01-18 06:44:07', NULL, 0.0, 0.0, 0.0, 2675, 0, 0);

INSERT INTO `meeting_individual_results` (`id`, `rank`, `is_play_off`, `is_out_of_race`, `is_disqualified`, `standard_points`, `meeting_individual_points`, `minutes`, `seconds`, `hundreds`, `meeting_program_id`, `swimmer_id`, `team_id`, `badge_id`, `user_id`, `created_at`, `updated_at`, `disqualification_code_type_id`, `goggle_cup_points`, `reaction_time`, `team_points`, `team_affiliation_id`, `is_personal_best`, `is_season_type_best`)
  VALUES (528319, 1, 1, 0, 0, 809.08, 809.08, 1, 10, 71, 93125, 7988, 976, 58268, 1, '2017-01-18 06:44:07', '2017-01-18 06:44:07', NULL, 0.0, 0.0, 0.0, 2496, 0, 0);

INSERT INTO `meeting_individual_results` (`id`, `rank`, `is_play_off`, `is_out_of_race`, `is_disqualified`, `standard_points`, `meeting_individual_points`, `minutes`, `seconds`, `hundreds`, `meeting_program_id`, `swimmer_id`, `team_id`, `badge_id`, `user_id`, `created_at`, `updated_at`, `disqualification_code_type_id`, `goggle_cup_points`, `reaction_time`, `team_points`, `team_affiliation_id`, `is_personal_best`, `is_season_type_best`)
  VALUES (528320, 2, 1, 0, 0, 775.83, 775.83, 1, 13, 74, 93125, 27805, 218, 58473, 1, '2017-01-18 06:44:07', '2017-01-18 06:44:07', NULL, 0.0, 0.0, 0.0, 2680, 0, 0);

INSERT INTO `meeting_individual_results` (`id`, `rank`, `is_play_off`, `is_out_of_race`, `is_disqualified`, `standard_points`, `meeting_individual_points`, `minutes`, `seconds`, `hundreds`, `meeting_program_id`, `swimmer_id`, `team_id`, `badge_id`, `user_id`, `created_at`, `updated_at`, `disqualification_code_type_id`, `goggle_cup_points`, `reaction_time`, `team_points`, `team_affiliation_id`, `is_personal_best`, `is_season_type_best`)
  VALUES (528321, 3, 1, 0, 0, 760.77, 760.77, 1, 15, 20, 93125, 26751, 878, 76486, 1, '2017-01-18 06:44:07', '2017-01-18 06:44:07', NULL, 0.0, 0.0, 0.0, 3579, 0, 0);

INSERT INTO `meeting_individual_results` (`id`, `rank`, `is_play_off`, `is_out_of_race`, `is_disqualified`, `standard_points`, `meeting_individual_points`, `minutes`, `seconds`, `hundreds`, `meeting_program_id`, `swimmer_id`, `team_id`, `badge_id`, `user_id`, `created_at`, `updated_at`, `disqualification_code_type_id`, `goggle_cup_points`, `reaction_time`, `team_points`, `team_affiliation_id`, `is_personal_best`, `is_season_type_best`)
  VALUES (528322, 4, 1, 0, 0, 731.12, 731.12, 1, 18, 25, 93125, 28510, 298, 62552, 1, '2017-01-18 06:44:07', '2017-01-18 06:44:07', NULL, 0.0, 0.0, 0.0, 2852, 0, 0);

INSERT INTO `meeting_individual_results` (`id`, `rank`, `is_play_off`, `is_out_of_race`, `is_disqualified`, `standard_points`, `meeting_individual_points`, `minutes`, `seconds`, `hundreds`, `meeting_program_id`, `swimmer_id`, `team_id`, `badge_id`, `user_id`, `created_at`, `updated_at`, `disqualification_code_type_id`, `goggle_cup_points`, `reaction_time`, `team_points`, `team_affiliation_id`, `is_personal_best`, `is_season_type_best`)
  VALUES (528323, 5, 1, 0, 0, 681.48, 681.48, 1, 23, 95, 93125, 19568, 741, 76487, 1, '2017-01-18 06:44:07', '2017-01-18 06:44:07', NULL, 0.0, 0.0, 0.0, 2683, 0, 0);

INSERT INTO `meeting_individual_results` (`id`, `rank`, `is_play_off`, `is_out_of_race`, `is_disqualified`, `standard_points`, `meeting_individual_points`, `minutes`, `seconds`, `hundreds`, `meeting_program_id`, `swimmer_id`, `team_id`, `badge_id`, `user_id`, `created_at`, `updated_at`, `disqualification_code_type_id`, `goggle_cup_points`, `reaction_time`, `team_points`, `team_affiliation_id`, `is_personal_best`, `is_season_type_best`)
  VALUES (528324, 1, 1, 0, 0, 805.75, 805.75, 1, 12, 69, 93126, 27881, 878, 76488, 1, '2017-01-18 06:44:07', '2017-01-18 06:44:07', NULL, 0.0, 0.0, 0.0, 3579, 0, 0);

INSERT INTO `meeting_individual_results` (`id`, `rank`, `is_play_off`, `is_out_of_race`, `is_disqualified`, `standard_points`, `meeting_individual_points`, `minutes`, `seconds`, `hundreds`, `meeting_program_id`, `swimmer_id`, `team_id`, `badge_id`, `user_id`, `created_at`, `updated_at`, `disqualification_code_type_id`, `goggle_cup_points`, `reaction_time`, `team_points`, `team_affiliation_id`, `is_personal_best`, `is_season_type_best`)
  VALUES (528325, 2, 1, 0, 0, 748.4, 748.4, 1, 18, 26, 93126, 9712, 741, 76489, 1, '2017-01-18 06:44:07', '2017-01-18 06:44:07', NULL, 0.0, 0.0, 0.0, 2683, 0, 0);

INSERT INTO `meeting_individual_results` (`id`, `rank`, `is_play_off`, `is_out_of_race`, `is_disqualified`, `standard_points`, `meeting_individual_points`, `minutes`, `seconds`, `hundreds`, `meeting_program_id`, `swimmer_id`, `team_id`, `badge_id`, `user_id`, `created_at`, `updated_at`, `disqualification_code_type_id`, `goggle_cup_points`, `reaction_time`, `team_points`, `team_affiliation_id`, `is_personal_best`, `is_season_type_best`)
  VALUES (528326, 3, 1, 0, 0, 669.45, 669.45, 1, 27, 49, 93126, 21460, 685, 62599, 1, '2017-01-18 06:44:07', '2017-01-18 06:44:07', NULL, 0.0, 0.0, 0.0, 2641, 0, 0);

INSERT INTO `meeting_individual_results` (`id`, `rank`, `is_play_off`, `is_out_of_race`, `is_disqualified`, `standard_points`, `meeting_individual_points`, `minutes`, `seconds`, `hundreds`, `meeting_program_id`, `swimmer_id`, `team_id`, `badge_id`, `user_id`, `created_at`, `updated_at`, `disqualification_code_type_id`, `goggle_cup_points`, `reaction_time`, `team_points`, `team_affiliation_id`, `is_personal_best`, `is_season_type_best`)
  VALUES (528327, 4, 1, 0, 0, 613.68, 613.68, 1, 35, 44, 93126, 13100, 297, 58526, 1, '2017-01-18 06:44:07', '2017-01-18 06:44:07', NULL, 0.0, 0.0, 0.0, 2677, 0, 0);

INSERT INTO `meeting_individual_results` (`id`, `rank`, `is_play_off`, `is_out_of_race`, `is_disqualified`, `standard_points`, `meeting_individual_points`, `minutes`, `seconds`, `hundreds`, `meeting_program_id`, `swimmer_id`, `team_id`, `badge_id`, `user_id`, `created_at`, `updated_at`, `disqualification_code_type_id`, `goggle_cup_points`, `reaction_time`, `team_points`, `team_affiliation_id`, `is_personal_best`, `is_season_type_best`)
  VALUES (528328, 1, 1, 0, 0, 803.15, 803.15, 1, 15, 3, 93127, 27212, 393, 62883, 1, '2017-01-18 06:44:08', '2017-01-18 06:44:08', NULL, 0.0, 0.0, 0.0, 2678, 0, 0);

INSERT INTO `meeting_individual_results` (`id`, `rank`, `is_play_off`, `is_out_of_race`, `is_disqualified`, `standard_points`, `meeting_individual_points`, `minutes`, `seconds`, `hundreds`, `meeting_program_id`, `swimmer_id`, `team_id`, `badge_id`, `user_id`, `created_at`, `updated_at`, `disqualification_code_type_id`, `goggle_cup_points`, `reaction_time`, `team_points`, `team_affiliation_id`, `is_personal_best`, `is_season_type_best`)
  VALUES (528329, 2, 1, 0, 0, 782.09, 782.09, 1, 17, 5, 93127, 9793, 716, 55907, 1, '2017-01-18 06:44:08', '2017-01-18 06:44:08', NULL, 0.0, 0.0, 0.0, 2498, 0, 0);

INSERT INTO `meeting_individual_results` (`id`, `rank`, `is_play_off`, `is_out_of_race`, `is_disqualified`, `standard_points`, `meeting_individual_points`, `minutes`, `seconds`, `hundreds`, `meeting_program_id`, `swimmer_id`, `team_id`, `badge_id`, `user_id`, `created_at`, `updated_at`, `disqualification_code_type_id`, `goggle_cup_points`, `reaction_time`, `team_points`, `team_affiliation_id`, `is_personal_best`, `is_season_type_best`)
  VALUES (528330, 3, 1, 0, 0, 741.3, 741.3, 1, 21, 29, 93127, 7278, 218, 73638, 1, '2017-01-18 06:44:08', '2017-01-18 06:44:08', NULL, 0.0, 0.0, 0.0, 2680, 0, 0);

INSERT INTO `meeting_individual_results` (`id`, `rank`, `is_play_off`, `is_out_of_race`, `is_disqualified`, `standard_points`, `meeting_individual_points`, `minutes`, `seconds`, `hundreds`, `meeting_program_id`, `swimmer_id`, `team_id`, `badge_id`, `user_id`, `created_at`, `updated_at`, `disqualification_code_type_id`, `goggle_cup_points`, `reaction_time`, `team_points`, `team_affiliation_id`, `is_personal_best`, `is_season_type_best`)
  VALUES (528331, 4, 1, 0, 0, 740.48, 740.48, 1, 21, 38, 93127, 7960, 424, 62554, 1, '2017-01-18 06:44:08', '2017-01-18 06:44:08', NULL, 0.0, 0.0, 0.0, 2675, 0, 0);

INSERT INTO `meeting_individual_results` (`id`, `rank`, `is_play_off`, `is_out_of_race`, `is_disqualified`, `standard_points`, `meeting_individual_points`, `minutes`, `seconds`, `hundreds`, `meeting_program_id`, `swimmer_id`, `team_id`, `badge_id`, `user_id`, `created_at`, `updated_at`, `disqualification_code_type_id`, `goggle_cup_points`, `reaction_time`, `team_points`, `team_affiliation_id`, `is_personal_best`, `is_season_type_best`)
  VALUES (528332, 5, 1, 0, 0, 737.49, 737.49, 1, 21, 71, 93127, 27803, 741, 58481, 1, '2017-01-18 06:44:08', '2017-01-18 06:44:08', NULL, 0.0, 0.0, 0.0, 2683, 0, 0);

INSERT INTO `meeting_individual_results` (`id`, `rank`, `is_play_off`, `is_out_of_race`, `is_disqualified`, `standard_points`, `meeting_individual_points`, `minutes`, `seconds`, `hundreds`, `meeting_program_id`, `swimmer_id`, `team_id`, `badge_id`, `user_id`, `created_at`, `updated_at`, `disqualification_code_type_id`, `goggle_cup_points`, `reaction_time`, `team_points`, `team_affiliation_id`, `is_personal_best`, `is_season_type_best`)
  VALUES (528333, 6, 1, 0, 0, 736.76, 736.76, 1, 21, 79, 93127, 27738, 368, 58276, 1, '2017-01-18 06:44:08', '2017-01-18 06:44:08', NULL, 0.0, 0.0, 0.0, 2682, 0, 0);

INSERT INTO `meeting_individual_results` (`id`, `rank`, `is_play_off`, `is_out_of_race`, `is_disqualified`, `standard_points`, `meeting_individual_points`, `minutes`, `seconds`, `hundreds`, `meeting_program_id`, `swimmer_id`, `team_id`, `badge_id`, `user_id`, `created_at`, `updated_at`, `disqualification_code_type_id`, `goggle_cup_points`, `reaction_time`, `team_points`, `team_affiliation_id`, `is_personal_best`, `is_season_type_best`)
  VALUES (528334, 7, 1, 0, 0, 690.66, 690.66, 1, 27, 25, 93127, 11445, 16, 58220, 1, '2017-01-18 06:44:08', '2017-01-18 06:44:08', NULL, 0.0, 0.0, 0.0, 2685, 0, 0);

INSERT INTO `meeting_individual_results` (`id`, `rank`, `is_play_off`, `is_out_of_race`, `is_disqualified`, `standard_points`, `meeting_individual_points`, `minutes`, `seconds`, `hundreds`, `meeting_program_id`, `swimmer_id`, `team_id`, `badge_id`, `user_id`, `created_at`, `updated_at`, `disqualification_code_type_id`, `goggle_cup_points`, `reaction_time`, `team_points`, `team_affiliation_id`, `is_personal_best`, `is_season_type_best`)
  VALUES (528335, 8, 1, 0, 0, 686.96, 686.96, 1, 27, 72, 93127, 9845, 218, 58277, 1, '2017-01-18 06:44:08', '2017-01-18 06:44:08', NULL, 0.0, 0.0, 0.0, 2680, 0, 0);

INSERT INTO `meeting_individual_results` (`id`, `rank`, `is_play_off`, `is_out_of_race`, `is_disqualified`, `standard_points`, `meeting_individual_points`, `minutes`, `seconds`, `hundreds`, `meeting_program_id`, `swimmer_id`, `team_id`, `badge_id`, `user_id`, `created_at`, `updated_at`, `disqualification_code_type_id`, `goggle_cup_points`, `reaction_time`, `team_points`, `team_affiliation_id`, `is_personal_best`, `is_season_type_best`)
  VALUES (528336, 9, 1, 0, 0, 667.26, 667.26, 1, 30, 31, 93127, 27799, 716, 58218, 1, '2017-01-18 06:44:08', '2017-01-18 06:44:08', NULL, 0.0, 0.0, 0.0, 2498, 0, 0);

INSERT INTO `meeting_individual_results` (`id`, `rank`, `is_play_off`, `is_out_of_race`, `is_disqualified`, `standard_points`, `meeting_individual_points`, `minutes`, `seconds`, `hundreds`, `meeting_program_id`, `swimmer_id`, `team_id`, `badge_id`, `user_id`, `created_at`, `updated_at`, `disqualification_code_type_id`, `goggle_cup_points`, `reaction_time`, `team_points`, `team_affiliation_id`, `is_personal_best`, `is_season_type_best`)
  VALUES (528337, 10, 1, 0, 0, 624.59, 624.59, 1, 36, 48, 93127, 2586, 118, 61559, 1, '2017-01-18 06:44:08', '2017-01-18 06:44:08', NULL, 0.0, 0.0, 0.0, 2611, 0, 0);

INSERT INTO `meeting_individual_results` (`id`, `rank`, `is_play_off`, `is_out_of_race`, `is_disqualified`, `standard_points`, `meeting_individual_points`, `minutes`, `seconds`, `hundreds`, `meeting_program_id`, `swimmer_id`, `team_id`, `badge_id`, `user_id`, `created_at`, `updated_at`, `disqualification_code_type_id`, `goggle_cup_points`, `reaction_time`, `team_points`, `team_affiliation_id`, `is_personal_best`, `is_season_type_best`)
  VALUES (528338, 1, 1, 0, 0, 891.02, 891.02, 1, 9, 28, 93128, 27736, 219, 58225, 1, '2017-01-18 06:44:08', '2017-01-18 06:44:08', NULL, 0.0, 0.0, 0.0, 2461, 0, 0);

INSERT INTO `meeting_individual_results` (`id`, `rank`, `is_play_off`, `is_out_of_race`, `is_disqualified`, `standard_points`, `meeting_individual_points`, `minutes`, `seconds`, `hundreds`, `meeting_program_id`, `swimmer_id`, `team_id`, `badge_id`, `user_id`, `created_at`, `updated_at`, `disqualification_code_type_id`, `goggle_cup_points`, `reaction_time`, `team_points`, `team_affiliation_id`, `is_personal_best`, `is_season_type_best`)
  VALUES (528339, 2, 1, 0, 0, 717.87, 717.87, 1, 25, 99, 93128, 13153, 297, 58425, 1, '2017-01-18 06:44:08', '2017-01-18 06:44:08', NULL, 0.0, 0.0, 0.0, 2677, 0, 0);

INSERT INTO `meeting_individual_results` (`id`, `rank`, `is_play_off`, `is_out_of_race`, `is_disqualified`, `standard_points`, `meeting_individual_points`, `minutes`, `seconds`, `hundreds`, `meeting_program_id`, `swimmer_id`, `team_id`, `badge_id`, `user_id`, `created_at`, `updated_at`, `disqualification_code_type_id`, `goggle_cup_points`, `reaction_time`, `team_points`, `team_affiliation_id`, `is_personal_best`, `is_season_type_best`)
  VALUES (528340, 3, 1, 0, 0, 706.94, 706.94, 1, 27, 32, 93128, 22005, 111, 56411, 1, '2017-01-18 06:44:08', '2017-01-18 06:44:08', NULL, 0.0, 0.0, 0.0, 2463, 0, 0);

INSERT INTO `meeting_individual_results` (`id`, `rank`, `is_play_off`, `is_out_of_race`, `is_disqualified`, `standard_points`, `meeting_individual_points`, `minutes`, `seconds`, `hundreds`, `meeting_program_id`, `swimmer_id`, `team_id`, `badge_id`, `user_id`, `created_at`, `updated_at`, `disqualification_code_type_id`, `goggle_cup_points`, `reaction_time`, `team_points`, `team_affiliation_id`, `is_personal_best`, `is_season_type_best`)
  VALUES (528341, 4, 1, 0, 0, 679.1, 679.1, 1, 30, 90, 93128, 25494, 741, 58537, 1, '2017-01-18 06:44:08', '2017-01-18 06:44:08', NULL, 0.0, 0.0, 0.0, 2683, 0, 0);

INSERT INTO `meeting_individual_results` (`id`, `rank`, `is_play_off`, `is_out_of_race`, `is_disqualified`, `standard_points`, `meeting_individual_points`, `minutes`, `seconds`, `hundreds`, `meeting_program_id`, `swimmer_id`, `team_id`, `badge_id`, `user_id`, `created_at`, `updated_at`, `disqualification_code_type_id`, `goggle_cup_points`, `reaction_time`, `team_points`, `team_affiliation_id`, `is_personal_best`, `is_season_type_best`)
  VALUES (528342, 5, 1, 0, 0, 670.83, 670.83, 1, 32, 2, 93128, 1998, 716, 58282, 1, '2017-01-18 06:44:08', '2017-01-18 06:44:08', NULL, 0.0, 0.0, 0.0, 2498, 0, 0);

INSERT INTO `meeting_individual_results` (`id`, `rank`, `is_play_off`, `is_out_of_race`, `is_disqualified`, `standard_points`, `meeting_individual_points`, `minutes`, `seconds`, `hundreds`, `meeting_program_id`, `swimmer_id`, `team_id`, `badge_id`, `user_id`, `created_at`, `updated_at`, `disqualification_code_type_id`, `goggle_cup_points`, `reaction_time`, `team_points`, `team_affiliation_id`, `is_personal_best`, `is_season_type_best`)
  VALUES (528343, 1, 1, 0, 0, 799.55, 799.55, 1, 20, 22, 93129, 7334, 219, 58539, 1, '2017-01-18 06:44:08', '2017-01-18 06:44:08', NULL, 0.0, 0.0, 0.0, 2461, 0, 0);

INSERT INTO `meeting_individual_results` (`id`, `rank`, `is_play_off`, `is_out_of_race`, `is_disqualified`, `standard_points`, `meeting_individual_points`, `minutes`, `seconds`, `hundreds`, `meeting_program_id`, `swimmer_id`, `team_id`, `badge_id`, `user_id`, `created_at`, `updated_at`, `disqualification_code_type_id`, `goggle_cup_points`, `reaction_time`, `team_points`, `team_affiliation_id`, `is_personal_best`, `is_season_type_best`)
  VALUES (528344, 1, 1, 0, 0, 839.58, 839.58, 1, 20, 10, 93130, 7952, 741, 58286, 1, '2017-01-18 06:44:08', '2017-01-18 06:44:08', NULL, 0.0, 0.0, 0.0, 2683, 0, 0);

INSERT INTO `meeting_individual_results` (`id`, `rank`, `is_play_off`, `is_out_of_race`, `is_disqualified`, `standard_points`, `meeting_individual_points`, `minutes`, `seconds`, `hundreds`, `meeting_program_id`, `swimmer_id`, `team_id`, `badge_id`, `user_id`, `created_at`, `updated_at`, `disqualification_code_type_id`, `goggle_cup_points`, `reaction_time`, `team_points`, `team_affiliation_id`, `is_personal_best`, `is_season_type_best`)
  VALUES (528345, 1, 1, 0, 0, 809.29, 809.29, 1, 28, 30, 93131, 7273, 219, 62580, 1, '2017-01-18 06:44:08', '2017-01-18 06:44:08', NULL, 0.0, 0.0, 0.0, 2461, 0, 0);

INSERT INTO `meeting_individual_results` (`id`, `rank`, `is_play_off`, `is_out_of_race`, `is_disqualified`, `standard_points`, `meeting_individual_points`, `minutes`, `seconds`, `hundreds`, `meeting_program_id`, `swimmer_id`, `team_id`, `badge_id`, `user_id`, `created_at`, `updated_at`, `disqualification_code_type_id`, `goggle_cup_points`, `reaction_time`, `team_points`, `team_affiliation_id`, `is_personal_best`, `is_season_type_best`)
  VALUES (528346, 1, 1, 0, 0, 900.4, 900.4, 1, 18, 11, 93132, 22066, 16, 58358, 1, '2017-01-18 06:44:09', '2017-01-18 06:44:09', NULL, 0.0, 0.0, 0.0, 2685, 0, 0);

INSERT INTO `meeting_individual_results` (`id`, `rank`, `is_play_off`, `is_out_of_race`, `is_disqualified`, `standard_points`, `meeting_individual_points`, `minutes`, `seconds`, `hundreds`, `meeting_program_id`, `swimmer_id`, `team_id`, `badge_id`, `user_id`, `created_at`, `updated_at`, `disqualification_code_type_id`, `goggle_cup_points`, `reaction_time`, `team_points`, `team_affiliation_id`, `is_personal_best`, `is_season_type_best`)
  VALUES (528347, 1, 1, 0, 0, 685.33, 685.33, 1, 43, 79, 93133, 25130, 880, 67787, 1, '2017-01-18 06:44:09', '2017-01-18 06:44:09', NULL, 0.0, 0.0, 0.0, 3206, 0, 0);

INSERT INTO `meeting_individual_results` (`id`, `rank`, `is_play_off`, `is_out_of_race`, `is_disqualified`, `standard_points`, `meeting_individual_points`, `minutes`, `seconds`, `hundreds`, `meeting_program_id`, `swimmer_id`, `team_id`, `badge_id`, `user_id`, `created_at`, `updated_at`, `disqualification_code_type_id`, `goggle_cup_points`, `reaction_time`, `team_points`, `team_affiliation_id`, `is_personal_best`, `is_season_type_best`)
  VALUES (528348, 1, 1, 0, 0, 884.18, 884.18, 1, 21, 16, 93134, 3974, 716, 58247, 1, '2017-01-18 06:44:09', '2017-01-18 06:44:09', NULL, 0.0, 0.0, 0.0, 2498, 0, 0);

INSERT INTO `meeting_individual_results` (`id`, `rank`, `is_play_off`, `is_out_of_race`, `is_disqualified`, `standard_points`, `meeting_individual_points`, `minutes`, `seconds`, `hundreds`, `meeting_program_id`, `swimmer_id`, `team_id`, `badge_id`, `user_id`, `created_at`, `updated_at`, `disqualification_code_type_id`, `goggle_cup_points`, `reaction_time`, `team_points`, `team_affiliation_id`, `is_personal_best`, `is_season_type_best`)
  VALUES (528349, 2, 1, 0, 0, 806.75, 806.75, 1, 28, 95, 93134, 17438, 741, 58554, 1, '2017-01-18 06:44:09', '2017-01-18 06:44:09', NULL, 0.0, 0.0, 0.0, 2683, 0, 0);

INSERT INTO `meeting_individual_results` (`id`, `rank`, `is_play_off`, `is_out_of_race`, `is_disqualified`, `standard_points`, `meeting_individual_points`, `minutes`, `seconds`, `hundreds`, `meeting_program_id`, `swimmer_id`, `team_id`, `badge_id`, `user_id`, `created_at`, `updated_at`, `disqualification_code_type_id`, `goggle_cup_points`, `reaction_time`, `team_points`, `team_affiliation_id`, `is_personal_best`, `is_season_type_best`)
  VALUES (528350, 3, 1, 0, 0, 596.66, 596.66, 2, 0, 27, 93134, 27646, 685, 57517, 1, '2017-01-18 06:44:09', '2017-01-18 06:44:09', NULL, 0.0, 0.0, 0.0, 2641, 0, 0);

INSERT INTO `meeting_individual_results` (`id`, `rank`, `is_play_off`, `is_out_of_race`, `is_disqualified`, `standard_points`, `meeting_individual_points`, `minutes`, `seconds`, `hundreds`, `meeting_program_id`, `swimmer_id`, `team_id`, `badge_id`, `user_id`, `created_at`, `updated_at`, `disqualification_code_type_id`, `goggle_cup_points`, `reaction_time`, `team_points`, `team_affiliation_id`, `is_personal_best`, `is_season_type_best`)
  VALUES (528351, 1, 1, 0, 0, 789.19, 789.19, 1, 39, 76, 93135, 4713, 54, 58164, 1, '2017-01-18 06:44:09', '2017-01-18 06:44:09', NULL, 0.0, 0.0, 0.0, 2673, 0, 0);

INSERT INTO `meeting_individual_results` (`id`, `rank`, `is_play_off`, `is_out_of_race`, `is_disqualified`, `standard_points`, `meeting_individual_points`, `minutes`, `seconds`, `hundreds`, `meeting_program_id`, `swimmer_id`, `team_id`, `badge_id`, `user_id`, `created_at`, `updated_at`, `disqualification_code_type_id`, `goggle_cup_points`, `reaction_time`, `team_points`, `team_affiliation_id`, `is_personal_best`, `is_season_type_best`)
  VALUES (528352, 2, 1, 0, 0, 493.26, 493.26, 2, 39, 61, 93135, 27249, 880, 76490, 1, '2017-01-18 06:44:09', '2017-01-18 06:44:09', NULL, 0.0, 0.0, 0.0, 3206, 0, 0);

INSERT INTO `meeting_individual_results` (`id`, `rank`, `is_play_off`, `is_out_of_race`, `is_disqualified`, `standard_points`, `meeting_individual_points`, `minutes`, `seconds`, `hundreds`, `meeting_program_id`, `swimmer_id`, `team_id`, `badge_id`, `user_id`, `created_at`, `updated_at`, `disqualification_code_type_id`, `goggle_cup_points`, `reaction_time`, `team_points`, `team_affiliation_id`, `is_personal_best`, `is_season_type_best`)
  VALUES (528353, 1, 1, 0, 0, 653.12, 653.12, 1, 33, 52, 93136, 27982, 880, 67831, 1, '2017-01-18 06:44:09', '2017-01-18 06:44:09', NULL, 0.0, 0.0, 0.0, 3206, 0, 0);

INSERT INTO `meeting_individual_results` (`id`, `rank`, `is_play_off`, `is_out_of_race`, `is_disqualified`, `standard_points`, `meeting_individual_points`, `minutes`, `seconds`, `hundreds`, `meeting_program_id`, `swimmer_id`, `team_id`, `badge_id`, `user_id`, `created_at`, `updated_at`, `disqualification_code_type_id`, `goggle_cup_points`, `reaction_time`, `team_points`, `team_affiliation_id`, `is_personal_best`, `is_season_type_best`)
  VALUES (528354, 2, 1, 0, 0, 633.41, 633.41, 1, 36, 43, 93136, 27626, 685, 57522, 1, '2017-01-18 06:44:09', '2017-01-18 06:44:09', NULL, 0.0, 0.0, 0.0, 2641, 0, 0);

INSERT INTO `meeting_individual_results` (`id`, `rank`, `is_play_off`, `is_out_of_race`, `is_disqualified`, `standard_points`, `meeting_individual_points`, `minutes`, `seconds`, `hundreds`, `meeting_program_id`, `swimmer_id`, `team_id`, `badge_id`, `user_id`, `created_at`, `updated_at`, `disqualification_code_type_id`, `goggle_cup_points`, `reaction_time`, `team_points`, `team_affiliation_id`, `is_personal_best`, `is_season_type_best`)
  VALUES (528355, 1, 1, 0, 0, 819.3, 819.3, 1, 14, 60, 93137, 2568, 382, 63436, 1, '2017-01-18 06:44:09', '2017-01-18 06:44:09', NULL, 0.0, 0.0, 0.0, 2634, 0, 0);

INSERT INTO `meeting_individual_results` (`id`, `rank`, `is_play_off`, `is_out_of_race`, `is_disqualified`, `standard_points`, `meeting_individual_points`, `minutes`, `seconds`, `hundreds`, `meeting_program_id`, `swimmer_id`, `team_id`, `badge_id`, `user_id`, `created_at`, `updated_at`, `disqualification_code_type_id`, `goggle_cup_points`, `reaction_time`, `team_points`, `team_affiliation_id`, `is_personal_best`, `is_season_type_best`)
  VALUES (528356, 1, 1, 0, 0, 789.78, 789.78, 1, 19, 25, 93138, 6715, 366, 62551, 1, '2017-01-18 06:44:09', '2017-01-18 06:44:09', NULL, 0.0, 0.0, 0.0, 2855, 0, 0);

INSERT INTO `meeting_individual_results` (`id`, `rank`, `is_play_off`, `is_out_of_race`, `is_disqualified`, `standard_points`, `meeting_individual_points`, `minutes`, `seconds`, `hundreds`, `meeting_program_id`, `swimmer_id`, `team_id`, `badge_id`, `user_id`, `created_at`, `updated_at`, `disqualification_code_type_id`, `goggle_cup_points`, `reaction_time`, `team_points`, `team_affiliation_id`, `is_personal_best`, `is_season_type_best`)
  VALUES (528357, 1, 1, 0, 0, 739.9, 739.9, 1, 25, 66, 93139, 30389, 424, 73635, 1, '2017-01-18 06:44:09', '2017-01-18 06:44:09', NULL, 0.0, 0.0, 0.0, 2675, 0, 0);

INSERT INTO `meeting_individual_results` (`id`, `rank`, `is_play_off`, `is_out_of_race`, `is_disqualified`, `standard_points`, `meeting_individual_points`, `minutes`, `seconds`, `hundreds`, `meeting_program_id`, `swimmer_id`, `team_id`, `badge_id`, `user_id`, `created_at`, `updated_at`, `disqualification_code_type_id`, `goggle_cup_points`, `reaction_time`, `team_points`, `team_affiliation_id`, `is_personal_best`, `is_season_type_best`)
  VALUES (528358, 2, 1, 0, 0, 734.84, 734.84, 1, 26, 25, 93139, 23189, 298, 62560, 1, '2017-01-18 06:44:09', '2017-01-18 06:44:09', NULL, 0.0, 0.0, 0.0, 2852, 0, 0);

INSERT INTO `meeting_individual_results` (`id`, `rank`, `is_play_off`, `is_out_of_race`, `is_disqualified`, `standard_points`, `meeting_individual_points`, `minutes`, `seconds`, `hundreds`, `meeting_program_id`, `swimmer_id`, `team_id`, `badge_id`, `user_id`, `created_at`, `updated_at`, `disqualification_code_type_id`, `goggle_cup_points`, `reaction_time`, `team_points`, `team_affiliation_id`, `is_personal_best`, `is_season_type_best`)
  VALUES (528359, 3, 1, 0, 0, 689.21, 689.21, 1, 31, 96, 93139, 21460, 685, 62599, 1, '2017-01-18 06:44:09', '2017-01-18 06:44:09', NULL, 0.0, 0.0, 0.0, 2641, 0, 0);

INSERT INTO `meeting_individual_results` (`id`, `rank`, `is_play_off`, `is_out_of_race`, `is_disqualified`, `standard_points`, `meeting_individual_points`, `minutes`, `seconds`, `hundreds`, `meeting_program_id`, `swimmer_id`, `team_id`, `badge_id`, `user_id`, `created_at`, `updated_at`, `disqualification_code_type_id`, `goggle_cup_points`, `reaction_time`, `team_points`, `team_affiliation_id`, `is_personal_best`, `is_season_type_best`)
  VALUES (528360, 1, 1, 0, 0, 762.22, 762.22, 1, 25, 33, 93140, 27728, 368, 58215, 1, '2017-01-18 06:44:09', '2017-01-18 06:44:09', NULL, 0.0, 0.0, 0.0, 2682, 0, 0);

INSERT INTO `meeting_individual_results` (`id`, `rank`, `is_play_off`, `is_out_of_race`, `is_disqualified`, `standard_points`, `meeting_individual_points`, `minutes`, `seconds`, `hundreds`, `meeting_program_id`, `swimmer_id`, `team_id`, `badge_id`, `user_id`, `created_at`, `updated_at`, `disqualification_code_type_id`, `goggle_cup_points`, `reaction_time`, `team_points`, `team_affiliation_id`, `is_personal_best`, `is_season_type_best`)
  VALUES (528361, 2, 1, 0, 0, 746.13, 746.13, 1, 27, 17, 93140, 7278, 218, 73638, 1, '2017-01-18 06:44:09', '2017-01-18 06:44:09', NULL, 0.0, 0.0, 0.0, 2680, 0, 0);

INSERT INTO `meeting_individual_results` (`id`, `rank`, `is_play_off`, `is_out_of_race`, `is_disqualified`, `standard_points`, `meeting_individual_points`, `minutes`, `seconds`, `hundreds`, `meeting_program_id`, `swimmer_id`, `team_id`, `badge_id`, `user_id`, `created_at`, `updated_at`, `disqualification_code_type_id`, `goggle_cup_points`, `reaction_time`, `team_points`, `team_affiliation_id`, `is_personal_best`, `is_season_type_best`)
  VALUES (528362, 3, 1, 0, 0, 671.14, 671.14, 1, 36, 91, 93140, 9845, 218, 58277, 1, '2017-01-18 06:44:09', '2017-01-18 06:44:09', NULL, 0.0, 0.0, 0.0, 2680, 0, 0);

INSERT INTO `meeting_individual_results` (`id`, `rank`, `is_play_off`, `is_out_of_race`, `is_disqualified`, `standard_points`, `meeting_individual_points`, `minutes`, `seconds`, `hundreds`, `meeting_program_id`, `swimmer_id`, `team_id`, `badge_id`, `user_id`, `created_at`, `updated_at`, `disqualification_code_type_id`, `goggle_cup_points`, `reaction_time`, `team_points`, `team_affiliation_id`, `is_personal_best`, `is_season_type_best`)
  VALUES (528363, 4, 1, 0, 0, 615.21, 615.21, 1, 45, 72, 93140, 13134, 321, 58224, 1, '2017-01-18 06:44:09', '2017-01-18 06:44:09', NULL, 0.0, 0.0, 0.0, 2643, 0, 0);

INSERT INTO `meeting_individual_results` (`id`, `rank`, `is_play_off`, `is_out_of_race`, `is_disqualified`, `standard_points`, `meeting_individual_points`, `minutes`, `seconds`, `hundreds`, `meeting_program_id`, `swimmer_id`, `team_id`, `badge_id`, `user_id`, `created_at`, `updated_at`, `disqualification_code_type_id`, `goggle_cup_points`, `reaction_time`, `team_points`, `team_affiliation_id`, `is_personal_best`, `is_season_type_best`)
  VALUES (528364, 1, 1, 0, 0, 785.34, 785.34, 1, 27, 86, 93141, 19761, 685, 57252, 1, '2017-01-18 06:44:09', '2017-01-18 06:44:09', NULL, 0.0, 0.0, 0.0, 2641, 0, 0);

INSERT INTO `meeting_individual_results` (`id`, `rank`, `is_play_off`, `is_out_of_race`, `is_disqualified`, `standard_points`, `meeting_individual_points`, `minutes`, `seconds`, `hundreds`, `meeting_program_id`, `swimmer_id`, `team_id`, `badge_id`, `user_id`, `created_at`, `updated_at`, `disqualification_code_type_id`, `goggle_cup_points`, `reaction_time`, `team_points`, `team_affiliation_id`, `is_personal_best`, `is_season_type_best`)
  VALUES (528365, 2, 1, 0, 0, 741.3, 741.3, 1, 33, 8, 93141, 7309, 320, 62561, 1, '2017-01-18 06:44:10', '2017-01-18 06:44:10', NULL, 0.0, 0.0, 0.0, 2699, 0, 0);

INSERT INTO `meeting_individual_results` (`id`, `rank`, `is_play_off`, `is_out_of_race`, `is_disqualified`, `standard_points`, `meeting_individual_points`, `minutes`, `seconds`, `hundreds`, `meeting_program_id`, `swimmer_id`, `team_id`, `badge_id`, `user_id`, `created_at`, `updated_at`, `disqualification_code_type_id`, `goggle_cup_points`, `reaction_time`, `team_points`, `team_affiliation_id`, `is_personal_best`, `is_season_type_best`)
  VALUES (528366, 3, 1, 0, 0, 735.53, 735.53, 1, 33, 81, 93141, 21362, 59, 56033, 1, '2017-01-18 06:44:10', '2017-01-18 06:44:10', NULL, 0.0, 0.0, 0.0, 2507, 0, 0);

INSERT INTO `meeting_individual_results` (`id`, `rank`, `is_play_off`, `is_out_of_race`, `is_disqualified`, `standard_points`, `meeting_individual_points`, `minutes`, `seconds`, `hundreds`, `meeting_program_id`, `swimmer_id`, `team_id`, `badge_id`, `user_id`, `created_at`, `updated_at`, `disqualification_code_type_id`, `goggle_cup_points`, `reaction_time`, `team_points`, `team_affiliation_id`, `is_personal_best`, `is_season_type_best`)
  VALUES (528367, 1, 1, 0, 0, 784.67, 784.67, 1, 30, 14, 93142, 3528, 991, 62538, 1, '2017-01-18 06:44:10', '2017-01-18 06:44:10', NULL, 0.0, 0.0, 0.0, 2749, 0, 0);

INSERT INTO `meeting_individual_results` (`id`, `rank`, `is_play_off`, `is_out_of_race`, `is_disqualified`, `standard_points`, `meeting_individual_points`, `minutes`, `seconds`, `hundreds`, `meeting_program_id`, `swimmer_id`, `team_id`, `badge_id`, `user_id`, `created_at`, `updated_at`, `disqualification_code_type_id`, `goggle_cup_points`, `reaction_time`, `team_points`, `team_affiliation_id`, `is_personal_best`, `is_season_type_best`)
  VALUES (528368, 1, 1, 0, 0, 767.62, 767.62, 1, 35, 75, 93143, 6193, 741, 62539, 1, '2017-01-18 06:44:10', '2017-01-18 06:44:10', NULL, 0.0, 0.0, 0.0, 2683, 0, 0);

INSERT INTO `meeting_individual_results` (`id`, `rank`, `is_play_off`, `is_out_of_race`, `is_disqualified`, `standard_points`, `meeting_individual_points`, `minutes`, `seconds`, `hundreds`, `meeting_program_id`, `swimmer_id`, `team_id`, `badge_id`, `user_id`, `created_at`, `updated_at`, `disqualification_code_type_id`, `goggle_cup_points`, `reaction_time`, `team_points`, `team_affiliation_id`, `is_personal_best`, `is_season_type_best`)
  VALUES (528369, 2, 1, 0, 0, 759.93, 759.93, 1, 36, 72, 93143, 2019, 89, 57459, 1, '2017-01-18 06:44:10', '2017-01-18 06:44:10', NULL, 0.0, 0.0, 0.0, 2593, 0, 0);

INSERT INTO `meeting_individual_results` (`id`, `rank`, `is_play_off`, `is_out_of_race`, `is_disqualified`, `standard_points`, `meeting_individual_points`, `minutes`, `seconds`, `hundreds`, `meeting_program_id`, `swimmer_id`, `team_id`, `badge_id`, `user_id`, `created_at`, `updated_at`, `disqualification_code_type_id`, `goggle_cup_points`, `reaction_time`, `team_points`, `team_affiliation_id`, `is_personal_best`, `is_season_type_best`)
  VALUES (528370, 1, 1, 0, 0, 608.14, 608.14, 2, 18, 11, 93144, 7071, 368, 58288, 1, '2017-01-18 06:44:10', '2017-01-18 06:44:10', NULL, 0.0, 0.0, 0.0, 2682, 0, 0);

INSERT INTO `meeting_individual_results` (`id`, `rank`, `is_play_off`, `is_out_of_race`, `is_disqualified`, `standard_points`, `meeting_individual_points`, `minutes`, `seconds`, `hundreds`, `meeting_program_id`, `swimmer_id`, `team_id`, `badge_id`, `user_id`, `created_at`, `updated_at`, `disqualification_code_type_id`, `goggle_cup_points`, `reaction_time`, `team_points`, `team_affiliation_id`, `is_personal_best`, `is_season_type_best`)
  VALUES (528371, 1, 1, 0, 0, 683.85, 683.85, 1, 22, 62, 93145, 25126, 298, 76491, 1, '2017-01-18 06:44:10', '2017-01-18 06:44:10', NULL, 0.0, 0.0, 0.0, 2852, 0, 0);

INSERT INTO `meeting_individual_results` (`id`, `rank`, `is_play_off`, `is_out_of_race`, `is_disqualified`, `standard_points`, `meeting_individual_points`, `minutes`, `seconds`, `hundreds`, `meeting_program_id`, `swimmer_id`, `team_id`, `badge_id`, `user_id`, `created_at`, `updated_at`, `disqualification_code_type_id`, `goggle_cup_points`, `reaction_time`, `team_points`, `team_affiliation_id`, `is_personal_best`, `is_season_type_best`)
  VALUES (528372, 1, 1, 0, 0, 708.77, 708.77, 1, 21, 55, 93146, 7185, 880, 76492, 1, '2017-01-18 06:44:10', '2017-01-18 06:44:10', NULL, 0.0, 0.0, 0.0, 3206, 0, 0);

INSERT INTO `meeting_individual_results` (`id`, `rank`, `is_play_off`, `is_out_of_race`, `is_disqualified`, `standard_points`, `meeting_individual_points`, `minutes`, `seconds`, `hundreds`, `meeting_program_id`, `swimmer_id`, `team_id`, `badge_id`, `user_id`, `created_at`, `updated_at`, `disqualification_code_type_id`, `goggle_cup_points`, `reaction_time`, `team_points`, `team_affiliation_id`, `is_personal_best`, `is_season_type_best`)
  VALUES (528373, 1, 1, 0, 0, 732.91, 732.91, 1, 21, 62, 93147, 21836, 219, 58162, 1, '2017-01-18 06:44:10', '2017-01-18 06:44:10', NULL, 0.0, 0.0, 0.0, 2461, 0, 0);

INSERT INTO `meeting_individual_results` (`id`, `rank`, `is_play_off`, `is_out_of_race`, `is_disqualified`, `standard_points`, `meeting_individual_points`, `minutes`, `seconds`, `hundreds`, `meeting_program_id`, `swimmer_id`, `team_id`, `badge_id`, `user_id`, `created_at`, `updated_at`, `disqualification_code_type_id`, `goggle_cup_points`, `reaction_time`, `team_points`, `team_affiliation_id`, `is_personal_best`, `is_season_type_best`)
  VALUES (528374, 2, 1, 0, 0, 551.18, 551.18, 1, 48, 53, 93147, 25134, 880, 67729, 1, '2017-01-18 06:44:10', '2017-01-18 06:44:10', NULL, 0.0, 0.0, 0.0, 3206, 0, 0);

INSERT INTO `meeting_individual_results` (`id`, `rank`, `is_play_off`, `is_out_of_race`, `is_disqualified`, `standard_points`, `meeting_individual_points`, `minutes`, `seconds`, `hundreds`, `meeting_program_id`, `swimmer_id`, `team_id`, `badge_id`, `user_id`, `created_at`, `updated_at`, `disqualification_code_type_id`, `goggle_cup_points`, `reaction_time`, `team_points`, `team_affiliation_id`, `is_personal_best`, `is_season_type_best`)
  VALUES (528375, 1, 1, 0, 0, 548.07, 548.07, 1, 52, 43, 93148, 5075, 320, 62566, 1, '2017-01-18 06:44:10', '2017-01-18 06:44:10', NULL, 0.0, 0.0, 0.0, 2699, 0, 0);

INSERT INTO `meeting_individual_results` (`id`, `rank`, `is_play_off`, `is_out_of_race`, `is_disqualified`, `standard_points`, `meeting_individual_points`, `minutes`, `seconds`, `hundreds`, `meeting_program_id`, `swimmer_id`, `team_id`, `badge_id`, `user_id`, `created_at`, `updated_at`, `disqualification_code_type_id`, `goggle_cup_points`, `reaction_time`, `team_points`, `team_affiliation_id`, `is_personal_best`, `is_season_type_best`)
  VALUES (528376, 2, 1, 0, 0, 497.54, 497.54, 2, 3, 85, 93148, 27249, 880, 76490, 1, '2017-01-18 06:44:10', '2017-01-18 06:44:10', NULL, 0.0, 0.0, 0.0, 3206, 0, 0);

INSERT INTO `meeting_individual_results` (`id`, `rank`, `is_play_off`, `is_out_of_race`, `is_disqualified`, `standard_points`, `meeting_individual_points`, `minutes`, `seconds`, `hundreds`, `meeting_program_id`, `swimmer_id`, `team_id`, `badge_id`, `user_id`, `created_at`, `updated_at`, `disqualification_code_type_id`, `goggle_cup_points`, `reaction_time`, `team_points`, `team_affiliation_id`, `is_personal_best`, `is_season_type_best`)
  VALUES (528377, 1, 1, 0, 0, 961.2, 961.2, 0, 51, 29, 93149, 1927, 716, 58175, 1, '2017-01-18 06:44:10', '2017-01-18 06:44:10', NULL, 0.0, 0.0, 0.0, 2498, 0, 0);

INSERT INTO `meeting_individual_results` (`id`, `rank`, `is_play_off`, `is_out_of_race`, `is_disqualified`, `standard_points`, `meeting_individual_points`, `minutes`, `seconds`, `hundreds`, `meeting_program_id`, `swimmer_id`, `team_id`, `badge_id`, `user_id`, `created_at`, `updated_at`, `disqualification_code_type_id`, `goggle_cup_points`, `reaction_time`, `team_points`, `team_affiliation_id`, `is_personal_best`, `is_season_type_best`)
  VALUES (528378, 2, 1, 0, 0, 808.06, 808.06, 1, 1, 1, 93149, 20968, 741, 63952, 1, '2017-01-18 06:44:10', '2017-01-18 06:44:10', NULL, 0.0, 0.0, 0.0, 2683, 0, 0);

INSERT INTO `meeting_individual_results` (`id`, `rank`, `is_play_off`, `is_out_of_race`, `is_disqualified`, `standard_points`, `meeting_individual_points`, `minutes`, `seconds`, `hundreds`, `meeting_program_id`, `swimmer_id`, `team_id`, `badge_id`, `user_id`, `created_at`, `updated_at`, `disqualification_code_type_id`, `goggle_cup_points`, `reaction_time`, `team_points`, `team_affiliation_id`, `is_personal_best`, `is_season_type_best`)
  VALUES (528379, 3, 1, 0, 0, 790.44, 790.44, 1, 2, 37, 93149, 26954, 219, 62576, 1, '2017-01-18 06:44:10', '2017-01-18 06:44:10', NULL, 0.0, 0.0, 0.0, 2461, 0, 0);

INSERT INTO `meeting_individual_results` (`id`, `rank`, `is_play_off`, `is_out_of_race`, `is_disqualified`, `standard_points`, `meeting_individual_points`, `minutes`, `seconds`, `hundreds`, `meeting_program_id`, `swimmer_id`, `team_id`, `badge_id`, `user_id`, `created_at`, `updated_at`, `disqualification_code_type_id`, `goggle_cup_points`, `reaction_time`, `team_points`, `team_affiliation_id`, `is_personal_best`, `is_season_type_best`)
  VALUES (528380, 4, 1, 0, 0, 682.73, 682.73, 1, 12, 21, 93149, 27789, 218, 58516, 1, '2017-01-18 06:44:10', '2017-01-18 06:44:10', NULL, 0.0, 0.0, 0.0, 2680, 0, 0);

INSERT INTO `meeting_individual_results` (`id`, `rank`, `is_play_off`, `is_out_of_race`, `is_disqualified`, `standard_points`, `meeting_individual_points`, `minutes`, `seconds`, `hundreds`, `meeting_program_id`, `swimmer_id`, `team_id`, `badge_id`, `user_id`, `created_at`, `updated_at`, `disqualification_code_type_id`, `goggle_cup_points`, `reaction_time`, `team_points`, `team_affiliation_id`, `is_personal_best`, `is_season_type_best`)
  VALUES (528381, 1, 1, 0, 0, 736.67, 736.67, 1, 7, 14, 93150, 25123, 298, 67836, 1, '2017-01-18 06:44:10', '2017-01-18 06:44:10', NULL, 0.0, 0.0, 0.0, 2852, 0, 0);

INSERT INTO `meeting_individual_results` (`id`, `rank`, `is_play_off`, `is_out_of_race`, `is_disqualified`, `standard_points`, `meeting_individual_points`, `minutes`, `seconds`, `hundreds`, `meeting_program_id`, `swimmer_id`, `team_id`, `badge_id`, `user_id`, `created_at`, `updated_at`, `disqualification_code_type_id`, `goggle_cup_points`, `reaction_time`, `team_points`, `team_affiliation_id`, `is_personal_best`, `is_season_type_best`)
  VALUES (528382, 1, 1, 0, 0, 845.57, 845.57, 1, 0, 22, 93151, 27734, 741, 58557, 1, '2017-01-18 06:44:10', '2017-01-18 06:44:10', NULL, 0.0, 0.0, 0.0, 2683, 0, 0);

INSERT INTO `meeting_individual_results` (`id`, `rank`, `is_play_off`, `is_out_of_race`, `is_disqualified`, `standard_points`, `meeting_individual_points`, `minutes`, `seconds`, `hundreds`, `meeting_program_id`, `swimmer_id`, `team_id`, `badge_id`, `user_id`, `created_at`, `updated_at`, `disqualification_code_type_id`, `goggle_cup_points`, `reaction_time`, `team_points`, `team_affiliation_id`, `is_personal_best`, `is_season_type_best`)
  VALUES (528383, 2, 1, 0, 0, 809.15, 809.15, 1, 2, 93, 93151, 27805, 218, 58473, 1, '2017-01-18 06:44:10', '2017-01-18 06:44:10', NULL, 0.0, 0.0, 0.0, 2680, 0, 0);

INSERT INTO `meeting_individual_results` (`id`, `rank`, `is_play_off`, `is_out_of_race`, `is_disqualified`, `standard_points`, `meeting_individual_points`, `minutes`, `seconds`, `hundreds`, `meeting_program_id`, `swimmer_id`, `team_id`, `badge_id`, `user_id`, `created_at`, `updated_at`, `disqualification_code_type_id`, `goggle_cup_points`, `reaction_time`, `team_points`, `team_affiliation_id`, `is_personal_best`, `is_season_type_best`)
  VALUES (528384, 3, 1, 0, 0, 592.92, 592.92, 1, 25, 88, 93151, 11548, 295, 58320, 1, '2017-01-18 06:44:11', '2017-01-18 06:44:11', NULL, 0.0, 0.0, 0.0, 2692, 0, 0);

INSERT INTO `meeting_individual_results` (`id`, `rank`, `is_play_off`, `is_out_of_race`, `is_disqualified`, `standard_points`, `meeting_individual_points`, `minutes`, `seconds`, `hundreds`, `meeting_program_id`, `swimmer_id`, `team_id`, `badge_id`, `user_id`, `created_at`, `updated_at`, `disqualification_code_type_id`, `goggle_cup_points`, `reaction_time`, `team_points`, `team_affiliation_id`, `is_personal_best`, `is_season_type_best`)
  VALUES (528385, 1, 1, 0, 0, 787.34, 787.34, 1, 5, 55, 93152, 22091, 16, 58205, 1, '2017-01-18 06:44:11', '2017-01-18 06:44:11', NULL, 0.0, 0.0, 0.0, 2685, 0, 0);

INSERT INTO `meeting_individual_results` (`id`, `rank`, `is_play_off`, `is_out_of_race`, `is_disqualified`, `standard_points`, `meeting_individual_points`, `minutes`, `seconds`, `hundreds`, `meeting_program_id`, `swimmer_id`, `team_id`, `badge_id`, `user_id`, `created_at`, `updated_at`, `disqualification_code_type_id`, `goggle_cup_points`, `reaction_time`, `team_points`, `team_affiliation_id`, `is_personal_best`, `is_season_type_best`)
  VALUES (528386, 2, 1, 0, 0, 765.61, 765.61, 1, 7, 41, 93152, 2462, 976, 58407, 1, '2017-01-18 06:44:11', '2017-01-18 06:44:11', NULL, 0.0, 0.0, 0.0, 2496, 0, 0);

INSERT INTO `meeting_individual_results` (`id`, `rank`, `is_play_off`, `is_out_of_race`, `is_disqualified`, `standard_points`, `meeting_individual_points`, `minutes`, `seconds`, `hundreds`, `meeting_program_id`, `swimmer_id`, `team_id`, `badge_id`, `user_id`, `created_at`, `updated_at`, `disqualification_code_type_id`, `goggle_cup_points`, `reaction_time`, `team_points`, `team_affiliation_id`, `is_personal_best`, `is_season_type_best`)
  VALUES (528387, 3, 1, 0, 0, 628.7, 628.7, 1, 22, 9, 93152, 27890, 878, 76493, 1, '2017-01-18 06:44:11', '2017-01-18 06:44:11', NULL, 0.0, 0.0, 0.0, 3579, 0, 0);

INSERT INTO `meeting_individual_results` (`id`, `rank`, `is_play_off`, `is_out_of_race`, `is_disqualified`, `standard_points`, `meeting_individual_points`, `minutes`, `seconds`, `hundreds`, `meeting_program_id`, `swimmer_id`, `team_id`, `badge_id`, `user_id`, `created_at`, `updated_at`, `disqualification_code_type_id`, `goggle_cup_points`, `reaction_time`, `team_points`, `team_affiliation_id`, `is_personal_best`, `is_season_type_best`)
  VALUES (528388, 1, 1, 0, 0, 800.79, 800.79, 1, 6, 6, 93153, 9471, 295, 58483, 1, '2017-01-18 06:44:11', '2017-01-18 06:44:11', NULL, 0.0, 0.0, 0.0, 2692, 0, 0);

INSERT INTO `meeting_individual_results` (`id`, `rank`, `is_play_off`, `is_out_of_race`, `is_disqualified`, `standard_points`, `meeting_individual_points`, `minutes`, `seconds`, `hundreds`, `meeting_program_id`, `swimmer_id`, `team_id`, `badge_id`, `user_id`, `created_at`, `updated_at`, `disqualification_code_type_id`, `goggle_cup_points`, `reaction_time`, `team_points`, `team_affiliation_id`, `is_personal_best`, `is_season_type_best`)
  VALUES (528389, 1, 1, 0, 0, 905.36, 905.36, 1, 0, 23, 93154, 27736, 219, 58225, 1, '2017-01-18 06:44:11', '2017-01-18 06:44:11', NULL, 0.0, 0.0, 0.0, 2461, 0, 0);

INSERT INTO `meeting_individual_results` (`id`, `rank`, `is_play_off`, `is_out_of_race`, `is_disqualified`, `standard_points`, `meeting_individual_points`, `minutes`, `seconds`, `hundreds`, `meeting_program_id`, `swimmer_id`, `team_id`, `badge_id`, `user_id`, `created_at`, `updated_at`, `disqualification_code_type_id`, `goggle_cup_points`, `reaction_time`, `team_points`, `team_affiliation_id`, `is_personal_best`, `is_season_type_best`)
  VALUES (528390, 2, 1, 0, 0, 858.33, 858.33, 1, 3, 53, 93154, 22051, 298, 62603, 1, '2017-01-18 06:44:11', '2017-01-18 06:44:11', NULL, 0.0, 0.0, 0.0, 2852, 0, 0);

INSERT INTO `meeting_individual_results` (`id`, `rank`, `is_play_off`, `is_out_of_race`, `is_disqualified`, `standard_points`, `meeting_individual_points`, `minutes`, `seconds`, `hundreds`, `meeting_program_id`, `swimmer_id`, `team_id`, `badge_id`, `user_id`, `created_at`, `updated_at`, `disqualification_code_type_id`, `goggle_cup_points`, `reaction_time`, `team_points`, `team_affiliation_id`, `is_personal_best`, `is_season_type_best`)
  VALUES (528391, 3, 1, 0, 0, 834.81, 834.81, 1, 5, 32, 93154, 4076, 219, 58423, 1, '2017-01-18 06:44:11', '2017-01-18 06:44:11', NULL, 0.0, 0.0, 0.0, 2461, 0, 0);

INSERT INTO `meeting_individual_results` (`id`, `rank`, `is_play_off`, `is_out_of_race`, `is_disqualified`, `standard_points`, `meeting_individual_points`, `minutes`, `seconds`, `hundreds`, `meeting_program_id`, `swimmer_id`, `team_id`, `badge_id`, `user_id`, `created_at`, `updated_at`, `disqualification_code_type_id`, `goggle_cup_points`, `reaction_time`, `team_points`, `team_affiliation_id`, `is_personal_best`, `is_season_type_best`)
  VALUES (528392, 4, 1, 0, 0, 745.96, 745.96, 1, 13, 10, 93154, 3496, 991, 59864, 1, '2017-01-18 06:44:11', '2017-01-18 06:44:11', NULL, 0.0, 0.0, 0.0, 2749, 0, 0);

INSERT INTO `meeting_individual_results` (`id`, `rank`, `is_play_off`, `is_out_of_race`, `is_disqualified`, `standard_points`, `meeting_individual_points`, `minutes`, `seconds`, `hundreds`, `meeting_program_id`, `swimmer_id`, `team_id`, `badge_id`, `user_id`, `created_at`, `updated_at`, `disqualification_code_type_id`, `goggle_cup_points`, `reaction_time`, `team_points`, `team_affiliation_id`, `is_personal_best`, `is_season_type_best`)
  VALUES (528393, 5, 1, 0, 0, 731.85, 731.85, 1, 14, 51, 93154, 30951, 219, 76494, 1, '2017-01-18 06:44:11', '2017-01-18 06:44:11', NULL, 0.0, 0.0, 0.0, 2461, 0, 0);

INSERT INTO `meeting_individual_results` (`id`, `rank`, `is_play_off`, `is_out_of_race`, `is_disqualified`, `standard_points`, `meeting_individual_points`, `minutes`, `seconds`, `hundreds`, `meeting_program_id`, `swimmer_id`, `team_id`, `badge_id`, `user_id`, `created_at`, `updated_at`, `disqualification_code_type_id`, `goggle_cup_points`, `reaction_time`, `team_points`, `team_affiliation_id`, `is_personal_best`, `is_season_type_best`)
  VALUES (528394, 1, 1, 0, 0, 883.96, 883.96, 1, 3, 77, 93155, 22431, 295, 58231, 1, '2017-01-18 06:44:11', '2017-01-18 06:44:11', NULL, 0.0, 0.0, 0.0, 2692, 0, 0);

INSERT INTO `meeting_individual_results` (`id`, `rank`, `is_play_off`, `is_out_of_race`, `is_disqualified`, `standard_points`, `meeting_individual_points`, `minutes`, `seconds`, `hundreds`, `meeting_program_id`, `swimmer_id`, `team_id`, `badge_id`, `user_id`, `created_at`, `updated_at`, `disqualification_code_type_id`, `goggle_cup_points`, `reaction_time`, `team_points`, `team_affiliation_id`, `is_personal_best`, `is_season_type_best`)
  VALUES (528395, 2, 1, 0, 0, 664.58, 664.58, 1, 24, 82, 93155, 29266, 388, 67880, 1, '2017-01-18 06:44:11', '2017-01-18 06:44:11', NULL, 0.0, 0.0, 0.0, 3578, 0, 0);

INSERT INTO `meeting_individual_results` (`id`, `rank`, `is_play_off`, `is_out_of_race`, `is_disqualified`, `standard_points`, `meeting_individual_points`, `minutes`, `seconds`, `hundreds`, `meeting_program_id`, `swimmer_id`, `team_id`, `badge_id`, `user_id`, `created_at`, `updated_at`, `disqualification_code_type_id`, `goggle_cup_points`, `reaction_time`, `team_points`, `team_affiliation_id`, `is_personal_best`, `is_season_type_best`)
  VALUES (528396, 1, 1, 0, 0, 830.57, 830.57, 1, 10, 53, 93156, 8161, 991, 62587, 1, '2017-01-18 06:44:11', '2017-01-18 06:44:11', NULL, 0.0, 0.0, 0.0, 2749, 0, 0);

INSERT INTO `meeting_individual_results` (`id`, `rank`, `is_play_off`, `is_out_of_race`, `is_disqualified`, `standard_points`, `meeting_individual_points`, `minutes`, `seconds`, `hundreds`, `meeting_program_id`, `swimmer_id`, `team_id`, `badge_id`, `user_id`, `created_at`, `updated_at`, `disqualification_code_type_id`, `goggle_cup_points`, `reaction_time`, `team_points`, `team_affiliation_id`, `is_personal_best`, `is_season_type_best`)
  VALUES (528397, 2, 1, 0, 0, 728.7, 728.7, 1, 20, 39, 93156, 2019, 89, 57459, 1, '2017-01-18 06:44:11', '2017-01-18 06:44:11', NULL, 0.0, 0.0, 0.0, 2593, 0, 0);

INSERT INTO `meeting_individual_results` (`id`, `rank`, `is_play_off`, `is_out_of_race`, `is_disqualified`, `standard_points`, `meeting_individual_points`, `minutes`, `seconds`, `hundreds`, `meeting_program_id`, `swimmer_id`, `team_id`, `badge_id`, `user_id`, `created_at`, `updated_at`, `disqualification_code_type_id`, `goggle_cup_points`, `reaction_time`, `team_points`, `team_affiliation_id`, `is_personal_best`, `is_season_type_best`)
  VALUES (528398, 3, 1, 0, 0, 598.37, 598.37, 1, 37, 90, 93156, 27794, 321, 58560, 1, '2017-01-18 06:44:11', '2017-01-18 06:44:11', NULL, 0.0, 0.0, 0.0, 2643, 0, 0);

INSERT INTO `meeting_individual_results` (`id`, `rank`, `is_play_off`, `is_out_of_race`, `is_disqualified`, `standard_points`, `meeting_individual_points`, `minutes`, `seconds`, `hundreds`, `meeting_program_id`, `swimmer_id`, `team_id`, `badge_id`, `user_id`, `created_at`, `updated_at`, `disqualification_code_type_id`, `goggle_cup_points`, `reaction_time`, `team_points`, `team_affiliation_id`, `is_personal_best`, `is_season_type_best`)
  VALUES (528399, 1, 1, 0, 0, 855.34, 855.34, 1, 11, 27, 93157, 6819, 219, 58437, 1, '2017-01-18 06:44:11', '2017-01-18 06:44:11', NULL, 0.0, 0.0, 0.0, 2461, 0, 0);

INSERT INTO `meeting_individual_results` (`id`, `rank`, `is_play_off`, `is_out_of_race`, `is_disqualified`, `standard_points`, `meeting_individual_points`, `minutes`, `seconds`, `hundreds`, `meeting_program_id`, `swimmer_id`, `team_id`, `badge_id`, `user_id`, `created_at`, `updated_at`, `disqualification_code_type_id`, `goggle_cup_points`, `reaction_time`, `team_points`, `team_affiliation_id`, `is_personal_best`, `is_season_type_best`)
  VALUES (528400, 2, 1, 0, 0, 655.55, 655.55, 1, 32, 99, 93157, 7049, 111, 73660, 1, '2017-01-18 06:44:11', '2017-01-18 06:44:11', NULL, 0.0, 0.0, 0.0, 2463, 0, 0);

INSERT INTO `meeting_individual_results` (`id`, `rank`, `is_play_off`, `is_out_of_race`, `is_disqualified`, `standard_points`, `meeting_individual_points`, `minutes`, `seconds`, `hundreds`, `meeting_program_id`, `swimmer_id`, `team_id`, `badge_id`, `user_id`, `created_at`, `updated_at`, `disqualification_code_type_id`, `goggle_cup_points`, `reaction_time`, `team_points`, `team_affiliation_id`, `is_personal_best`, `is_season_type_best`)
  VALUES (528401, 1, 1, 0, 0, 716.22, 716.22, 1, 30, 14, 93158, 29261, 388, 67901, 1, '2017-01-18 06:44:11', '2017-01-18 06:44:11', NULL, 0.0, 0.0, 0.0, 3578, 0, 0);

INSERT INTO `meeting_individual_results` (`id`, `rank`, `is_play_off`, `is_out_of_race`, `is_disqualified`, `standard_points`, `meeting_individual_points`, `minutes`, `seconds`, `hundreds`, `meeting_program_id`, `swimmer_id`, `team_id`, `badge_id`, `user_id`, `created_at`, `updated_at`, `disqualification_code_type_id`, `goggle_cup_points`, `reaction_time`, `team_points`, `team_affiliation_id`, `is_personal_best`, `is_season_type_best`)
  VALUES (528402, 2, 1, 0, 0, 442.31, 442.31, 2, 25, 96, 93158, 3719, 741, 58289, 1, '2017-01-18 06:44:12', '2017-01-18 06:44:12', NULL, 0.0, 0.0, 0.0, 2683, 0, 0);

INSERT INTO `meeting_individual_results` (`id`, `rank`, `is_play_off`, `is_out_of_race`, `is_disqualified`, `standard_points`, `meeting_individual_points`, `minutes`, `seconds`, `hundreds`, `meeting_program_id`, `swimmer_id`, `team_id`, `badge_id`, `user_id`, `created_at`, `updated_at`, `disqualification_code_type_id`, `goggle_cup_points`, `reaction_time`, `team_points`, `team_affiliation_id`, `is_personal_best`, `is_season_type_best`)
  VALUES (528403, 1, 1, 0, 0, 0.0, 0.0, 1, 2, 49, 93159, 28512, 366, 62558, 1, '2017-01-18 06:44:12', '2017-01-18 06:44:12', NULL, 0.0, 0.0, 0.0, 2855, 0, 0);

INSERT INTO `meeting_individual_results` (`id`, `rank`, `is_play_off`, `is_out_of_race`, `is_disqualified`, `standard_points`, `meeting_individual_points`, `minutes`, `seconds`, `hundreds`, `meeting_program_id`, `swimmer_id`, `team_id`, `badge_id`, `user_id`, `created_at`, `updated_at`, `disqualification_code_type_id`, `goggle_cup_points`, `reaction_time`, `team_points`, `team_affiliation_id`, `is_personal_best`, `is_season_type_best`)
  VALUES (528404, 1, 1, 0, 0, 856.45, 856.45, 2, 25, 11, 93160, 22066, 16, 58358, 1, '2017-01-18 06:44:12', '2017-01-18 06:44:12', NULL, 0.0, 0.0, 0.0, 2685, 0, 0);

INSERT INTO `meeting_individual_results` (`id`, `rank`, `is_play_off`, `is_out_of_race`, `is_disqualified`, `standard_points`, `meeting_individual_points`, `minutes`, `seconds`, `hundreds`, `meeting_program_id`, `swimmer_id`, `team_id`, `badge_id`, `user_id`, `created_at`, `updated_at`, `disqualification_code_type_id`, `goggle_cup_points`, `reaction_time`, `team_points`, `team_affiliation_id`, `is_personal_best`, `is_season_type_best`)
  VALUES (528405, 1, 1, 0, 0, 620.21, 620.21, 3, 22, 69, 93161, 25130, 880, 67787, 1, '2017-01-18 06:44:12', '2017-01-18 06:44:12', NULL, 0.0, 0.0, 0.0, 3206, 0, 0);

INSERT INTO `meeting_individual_results` (`id`, `rank`, `is_play_off`, `is_out_of_race`, `is_disqualified`, `standard_points`, `meeting_individual_points`, `minutes`, `seconds`, `hundreds`, `meeting_program_id`, `swimmer_id`, `team_id`, `badge_id`, `user_id`, `created_at`, `updated_at`, `disqualification_code_type_id`, `goggle_cup_points`, `reaction_time`, `team_points`, `team_affiliation_id`, `is_personal_best`, `is_season_type_best`)
  VALUES (528406, 1, 1, 0, 0, 922.35, 922.35, 2, 19, 21, 93162, 4919, 976, 58300, 1, '2017-01-18 06:44:12', '2017-01-18 06:44:12', NULL, 0.0, 0.0, 0.0, 2496, 0, 0);

INSERT INTO `meeting_individual_results` (`id`, `rank`, `is_play_off`, `is_out_of_race`, `is_disqualified`, `standard_points`, `meeting_individual_points`, `minutes`, `seconds`, `hundreds`, `meeting_program_id`, `swimmer_id`, `team_id`, `badge_id`, `user_id`, `created_at`, `updated_at`, `disqualification_code_type_id`, `goggle_cup_points`, `reaction_time`, `team_points`, `team_affiliation_id`, `is_personal_best`, `is_season_type_best`)
  VALUES (528407, 2, 1, 0, 0, 748.56, 748.56, 2, 51, 53, 93162, 30385, 424, 73602, 1, '2017-01-18 06:44:12', '2017-01-18 06:44:12', NULL, 0.0, 0.0, 0.0, 2675, 0, 0);

INSERT INTO `meeting_individual_results` (`id`, `rank`, `is_play_off`, `is_out_of_race`, `is_disqualified`, `standard_points`, `meeting_individual_points`, `minutes`, `seconds`, `hundreds`, `meeting_program_id`, `swimmer_id`, `team_id`, `badge_id`, `user_id`, `created_at`, `updated_at`, `disqualification_code_type_id`, `goggle_cup_points`, `reaction_time`, `team_points`, `team_affiliation_id`, `is_personal_best`, `is_season_type_best`)
  VALUES (528408, 3, 1, 0, 0, 652.27, 652.27, 3, 16, 85, 93162, 9804, 741, 58302, 1, '2017-01-18 06:44:12', '2017-01-18 06:44:12', NULL, 0.0, 0.0, 0.0, 2683, 0, 0);

INSERT INTO `meeting_individual_results` (`id`, `rank`, `is_play_off`, `is_out_of_race`, `is_disqualified`, `standard_points`, `meeting_individual_points`, `minutes`, `seconds`, `hundreds`, `meeting_program_id`, `swimmer_id`, `team_id`, `badge_id`, `user_id`, `created_at`, `updated_at`, `disqualification_code_type_id`, `goggle_cup_points`, `reaction_time`, `team_points`, `team_affiliation_id`, `is_personal_best`, `is_season_type_best`)
  VALUES (528409, 1, 1, 0, 0, 550.82, 550.82, 3, 58, 79, 93163, 25134, 880, 67729, 1, '2017-01-18 06:44:12', '2017-01-18 06:44:12', NULL, 0.0, 0.0, 0.0, 3206, 0, 0);

INSERT INTO `meeting_individual_results` (`id`, `rank`, `is_play_off`, `is_out_of_race`, `is_disqualified`, `standard_points`, `meeting_individual_points`, `minutes`, `seconds`, `hundreds`, `meeting_program_id`, `swimmer_id`, `team_id`, `badge_id`, `user_id`, `created_at`, `updated_at`, `disqualification_code_type_id`, `goggle_cup_points`, `reaction_time`, `team_points`, `team_affiliation_id`, `is_personal_best`, `is_season_type_best`)
  VALUES (528410, 1, 1, 0, 0, 677.88, 677.88, 3, 17, 13, 93164, 4713, 54, 58164, 1, '2017-01-18 06:44:12', '2017-01-18 06:44:12', NULL, 0.0, 0.0, 0.0, 2673, 0, 0);

INSERT INTO `meeting_individual_results` (`id`, `rank`, `is_play_off`, `is_out_of_race`, `is_disqualified`, `standard_points`, `meeting_individual_points`, `minutes`, `seconds`, `hundreds`, `meeting_program_id`, `swimmer_id`, `team_id`, `badge_id`, `user_id`, `created_at`, `updated_at`, `disqualification_code_type_id`, `goggle_cup_points`, `reaction_time`, `team_points`, `team_affiliation_id`, `is_personal_best`, `is_season_type_best`)
  VALUES (528411, 2, 1, 0, 0, 542.04, 542.04, 4, 6, 53, 93164, 5075, 320, 62566, 1, '2017-01-18 06:44:12', '2017-01-18 06:44:12', NULL, 0.0, 0.0, 0.0, 2699, 0, 0);

INSERT INTO `meeting_individual_results` (`id`, `rank`, `is_play_off`, `is_out_of_race`, `is_disqualified`, `standard_points`, `meeting_individual_points`, `minutes`, `seconds`, `hundreds`, `meeting_program_id`, `swimmer_id`, `team_id`, `badge_id`, `user_id`, `created_at`, `updated_at`, `disqualification_code_type_id`, `goggle_cup_points`, `reaction_time`, `team_points`, `team_affiliation_id`, `is_personal_best`, `is_season_type_best`)
  VALUES (528412, 1, 1, 0, 0, 786.12, 786.12, 2, 19, 89, 93165, 26954, 219, 62576, 1, '2017-01-18 06:44:12', '2017-01-18 06:44:12', NULL, 0.0, 0.0, 0.0, 2461, 0, 0);

INSERT INTO `meeting_individual_results` (`id`, `rank`, `is_play_off`, `is_out_of_race`, `is_disqualified`, `standard_points`, `meeting_individual_points`, `minutes`, `seconds`, `hundreds`, `meeting_program_id`, `swimmer_id`, `team_id`, `badge_id`, `user_id`, `created_at`, `updated_at`, `disqualification_code_type_id`, `goggle_cup_points`, `reaction_time`, `team_points`, `team_affiliation_id`, `is_personal_best`, `is_season_type_best`)
  VALUES (528413, 2, 1, 0, 0, 634.38, 634.38, 2, 53, 35, 93165, 27982, 880, 67831, 1, '2017-01-18 06:44:12', '2017-01-18 06:44:12', NULL, 0.0, 0.0, 0.0, 3206, 0, 0);

INSERT INTO `meeting_individual_results` (`id`, `rank`, `is_play_off`, `is_out_of_race`, `is_disqualified`, `standard_points`, `meeting_individual_points`, `minutes`, `seconds`, `hundreds`, `meeting_program_id`, `swimmer_id`, `team_id`, `badge_id`, `user_id`, `created_at`, `updated_at`, `disqualification_code_type_id`, `goggle_cup_points`, `reaction_time`, `team_points`, `team_affiliation_id`, `is_personal_best`, `is_season_type_best`)
  VALUES (528414, 1, 1, 0, 0, 867.66, 867.66, 2, 6, 11, 93166, 2568, 382, 63436, 1, '2017-01-18 06:44:12', '2017-01-18 06:44:12', NULL, 0.0, 0.0, 0.0, 2634, 0, 0);

INSERT INTO `meeting_individual_results` (`id`, `rank`, `is_play_off`, `is_out_of_race`, `is_disqualified`, `standard_points`, `meeting_individual_points`, `minutes`, `seconds`, `hundreds`, `meeting_program_id`, `swimmer_id`, `team_id`, `badge_id`, `user_id`, `created_at`, `updated_at`, `disqualification_code_type_id`, `goggle_cup_points`, `reaction_time`, `team_points`, `team_affiliation_id`, `is_personal_best`, `is_season_type_best`)
  VALUES (528415, 1, 1, 0, 0, 842.09, 842.09, 2, 14, 38, 93167, 9902, 976, 58397, 1, '2017-01-18 06:44:12', '2017-01-18 06:44:12', NULL, 0.0, 0.0, 0.0, 2496, 0, 0);

INSERT INTO `meeting_individual_results` (`id`, `rank`, `is_play_off`, `is_out_of_race`, `is_disqualified`, `standard_points`, `meeting_individual_points`, `minutes`, `seconds`, `hundreds`, `meeting_program_id`, `swimmer_id`, `team_id`, `badge_id`, `user_id`, `created_at`, `updated_at`, `disqualification_code_type_id`, `goggle_cup_points`, `reaction_time`, `team_points`, `team_affiliation_id`, `is_personal_best`, `is_season_type_best`)
  VALUES (528416, 2, 1, 0, 0, 645.26, 645.26, 2, 55, 37, 93167, 6706, 366, 62578, 1, '2017-01-18 06:44:12', '2017-01-18 06:44:12', NULL, 0.0, 0.0, 0.0, 2855, 0, 0);

INSERT INTO `meeting_individual_results` (`id`, `rank`, `is_play_off`, `is_out_of_race`, `is_disqualified`, `standard_points`, `meeting_individual_points`, `minutes`, `seconds`, `hundreds`, `meeting_program_id`, `swimmer_id`, `team_id`, `badge_id`, `user_id`, `created_at`, `updated_at`, `disqualification_code_type_id`, `goggle_cup_points`, `reaction_time`, `team_points`, `team_affiliation_id`, `is_personal_best`, `is_season_type_best`)
  VALUES (528417, 1, 1, 0, 0, 965.12, 965.12, 1, 58, 99, 93168, 19421, 219, 73666, 1, '2017-01-18 06:44:12', '2017-01-18 06:44:12', NULL, 0.0, 0.0, 0.0, 2461, 0, 0);

INSERT INTO `meeting_individual_results` (`id`, `rank`, `is_play_off`, `is_out_of_race`, `is_disqualified`, `standard_points`, `meeting_individual_points`, `minutes`, `seconds`, `hundreds`, `meeting_program_id`, `swimmer_id`, `team_id`, `badge_id`, `user_id`, `created_at`, `updated_at`, `disqualification_code_type_id`, `goggle_cup_points`, `reaction_time`, `team_points`, `team_affiliation_id`, `is_personal_best`, `is_season_type_best`)
  VALUES (528418, 2, 1, 0, 0, 607.91, 607.91, 3, 8, 91, 93168, 22507, 880, 67751, 1, '2017-01-18 06:44:12', '2017-01-18 06:44:12', NULL, 0.0, 0.0, 0.0, 3206, 0, 0);

INSERT INTO `meeting_individual_results` (`id`, `rank`, `is_play_off`, `is_out_of_race`, `is_disqualified`, `standard_points`, `meeting_individual_points`, `minutes`, `seconds`, `hundreds`, `meeting_program_id`, `swimmer_id`, `team_id`, `badge_id`, `user_id`, `created_at`, `updated_at`, `disqualification_code_type_id`, `goggle_cup_points`, `reaction_time`, `team_points`, `team_affiliation_id`, `is_personal_best`, `is_season_type_best`)
  VALUES (528419, 1, 1, 0, 0, 743.51, 743.51, 2, 36, 50, 93169, 27728, 368, 58215, 1, '2017-01-18 06:44:12', '2017-01-18 06:44:12', NULL, 0.0, 0.0, 0.0, 2682, 0, 0);

INSERT INTO `meeting_individual_results` (`id`, `rank`, `is_play_off`, `is_out_of_race`, `is_disqualified`, `standard_points`, `meeting_individual_points`, `minutes`, `seconds`, `hundreds`, `meeting_program_id`, `swimmer_id`, `team_id`, `badge_id`, `user_id`, `created_at`, `updated_at`, `disqualification_code_type_id`, `goggle_cup_points`, `reaction_time`, `team_points`, `team_affiliation_id`, `is_personal_best`, `is_season_type_best`)
  VALUES (528420, 2, 1, 0, 0, 735.39, 735.39, 2, 38, 23, 93169, 7380, 368, 58578, 1, '2017-01-18 06:44:12', '2017-01-18 06:44:12', NULL, 0.0, 0.0, 0.0, 2682, 0, 0);

INSERT INTO `meeting_individual_results` (`id`, `rank`, `is_play_off`, `is_out_of_race`, `is_disqualified`, `standard_points`, `meeting_individual_points`, `minutes`, `seconds`, `hundreds`, `meeting_program_id`, `swimmer_id`, `team_id`, `badge_id`, `user_id`, `created_at`, `updated_at`, `disqualification_code_type_id`, `goggle_cup_points`, `reaction_time`, `team_points`, `team_affiliation_id`, `is_personal_best`, `is_season_type_best`)
  VALUES (528421, 3, 1, 0, 0, 636.96, 636.96, 3, 2, 68, 93169, 7381, 368, 58278, 1, '2017-01-18 06:44:13', '2017-01-18 06:44:13', NULL, 0.0, 0.0, 0.0, 2682, 0, 0);

INSERT INTO `meeting_individual_results` (`id`, `rank`, `is_play_off`, `is_out_of_race`, `is_disqualified`, `standard_points`, `meeting_individual_points`, `minutes`, `seconds`, `hundreds`, `meeting_program_id`, `swimmer_id`, `team_id`, `badge_id`, `user_id`, `created_at`, `updated_at`, `disqualification_code_type_id`, `goggle_cup_points`, `reaction_time`, `team_points`, `team_affiliation_id`, `is_personal_best`, `is_season_type_best`)
  VALUES (528422, 4, 1, 0, 0, 615.89, 615.89, 3, 8, 93, 93169, 13134, 321, 58224, 1, '2017-01-18 06:44:13', '2017-01-18 06:44:13', NULL, 0.0, 0.0, 0.0, 2643, 0, 0);

INSERT INTO `meeting_individual_results` (`id`, `rank`, `is_play_off`, `is_out_of_race`, `is_disqualified`, `standard_points`, `meeting_individual_points`, `minutes`, `seconds`, `hundreds`, `meeting_program_id`, `swimmer_id`, `team_id`, `badge_id`, `user_id`, `created_at`, `updated_at`, `disqualification_code_type_id`, `goggle_cup_points`, `reaction_time`, `team_points`, `team_affiliation_id`, `is_personal_best`, `is_season_type_best`)
  VALUES (528423, 5, 1, 0, 0, 378.52, 378.52, 5, 7, 41, 93169, 30949, 321, 76482, 1, '2017-01-18 06:44:13', '2017-01-18 06:44:13', NULL, 0.0, 0.0, 0.0, 2643, 0, 0);

INSERT INTO `meeting_individual_results` (`id`, `rank`, `is_play_off`, `is_out_of_race`, `is_disqualified`, `standard_points`, `meeting_individual_points`, `minutes`, `seconds`, `hundreds`, `meeting_program_id`, `swimmer_id`, `team_id`, `badge_id`, `user_id`, `created_at`, `updated_at`, `disqualification_code_type_id`, `goggle_cup_points`, `reaction_time`, `team_points`, `team_affiliation_id`, `is_personal_best`, `is_season_type_best`)
  VALUES (528424, 1, 1, 0, 0, 810.23, 810.23, 2, 28, 34, 93170, 9842, 295, 58227, 1, '2017-01-18 06:44:13', '2017-01-18 06:44:13', NULL, 0.0, 0.0, 0.0, 2692, 0, 0);

INSERT INTO `meeting_individual_results` (`id`, `rank`, `is_play_off`, `is_out_of_race`, `is_disqualified`, `standard_points`, `meeting_individual_points`, `minutes`, `seconds`, `hundreds`, `meeting_program_id`, `swimmer_id`, `team_id`, `badge_id`, `user_id`, `created_at`, `updated_at`, `disqualification_code_type_id`, `goggle_cup_points`, `reaction_time`, `team_points`, `team_affiliation_id`, `is_personal_best`, `is_season_type_best`)
  VALUES (528425, 2, 1, 0, 0, 652.78, 652.78, 3, 4, 12, 93170, 21362, 59, 56033, 1, '2017-01-18 06:44:13', '2017-01-18 06:44:13', NULL, 0.0, 0.0, 0.0, 2507, 0, 0);

INSERT INTO `meeting_individual_results` (`id`, `rank`, `is_play_off`, `is_out_of_race`, `is_disqualified`, `standard_points`, `meeting_individual_points`, `minutes`, `seconds`, `hundreds`, `meeting_program_id`, `swimmer_id`, `team_id`, `badge_id`, `user_id`, `created_at`, `updated_at`, `disqualification_code_type_id`, `goggle_cup_points`, `reaction_time`, `team_points`, `team_affiliation_id`, `is_personal_best`, `is_season_type_best`)
  VALUES (528426, 3, 1, 0, 0, 637.41, 637.41, 3, 8, 56, 93170, 5513, 320, 62543, 1, '2017-01-18 06:44:13', '2017-01-18 06:44:13', NULL, 0.0, 0.0, 0.0, 2699, 0, 0);

INSERT INTO `meeting_individual_results` (`id`, `rank`, `is_play_off`, `is_out_of_race`, `is_disqualified`, `standard_points`, `meeting_individual_points`, `minutes`, `seconds`, `hundreds`, `meeting_program_id`, `swimmer_id`, `team_id`, `badge_id`, `user_id`, `created_at`, `updated_at`, `disqualification_code_type_id`, `goggle_cup_points`, `reaction_time`, `team_points`, `team_affiliation_id`, `is_personal_best`, `is_season_type_best`)
  VALUES (528427, 1, 1, 0, 0, 789.35, 789.35, 2, 38, 37, 93171, 8417, 991, 59867, 1, '2017-01-18 06:44:13', '2017-01-18 06:44:13', NULL, 0.0, 0.0, 0.0, 2749, 0, 0);

INSERT INTO `meeting_individual_results` (`id`, `rank`, `is_play_off`, `is_out_of_race`, `is_disqualified`, `standard_points`, `meeting_individual_points`, `minutes`, `seconds`, `hundreds`, `meeting_program_id`, `swimmer_id`, `team_id`, `badge_id`, `user_id`, `created_at`, `updated_at`, `disqualification_code_type_id`, `goggle_cup_points`, `reaction_time`, `team_points`, `team_affiliation_id`, `is_personal_best`, `is_season_type_best`)
  VALUES (528428, 2, 1, 0, 0, 710.49, 710.49, 2, 55, 95, 93171, 9828, 404, 62586, 1, '2017-01-18 06:44:13', '2017-01-18 06:44:13', NULL, 0.0, 0.0, 0.0, 2854, 0, 0);

INSERT INTO `meeting_individual_results` (`id`, `rank`, `is_play_off`, `is_out_of_race`, `is_disqualified`, `standard_points`, `meeting_individual_points`, `minutes`, `seconds`, `hundreds`, `meeting_program_id`, `swimmer_id`, `team_id`, `badge_id`, `user_id`, `created_at`, `updated_at`, `disqualification_code_type_id`, `goggle_cup_points`, `reaction_time`, `team_points`, `team_affiliation_id`, `is_personal_best`, `is_season_type_best`)
  VALUES (528429, 1, 1, 0, 0, 978.27, 978.27, 2, 13, 47, 93172, 11451, 716, 55936, 1, '2017-01-18 06:44:13', '2017-01-18 06:44:13', NULL, 0.0, 0.0, 0.0, 2498, 0, 0);

INSERT INTO `meeting_individual_results` (`id`, `rank`, `is_play_off`, `is_out_of_race`, `is_disqualified`, `standard_points`, `meeting_individual_points`, `minutes`, `seconds`, `hundreds`, `meeting_program_id`, `swimmer_id`, `team_id`, `badge_id`, `user_id`, `created_at`, `updated_at`, `disqualification_code_type_id`, `goggle_cup_points`, `reaction_time`, `team_points`, `team_affiliation_id`, `is_personal_best`, `is_season_type_best`)
  VALUES (528430, 2, 1, 0, 0, 864.36, 864.36, 2, 31, 6, 93172, 7906, 741, 58491, 1, '2017-01-18 06:44:13', '2017-01-18 06:44:13', NULL, 0.0, 0.0, 0.0, 2683, 0, 0);

INSERT INTO `meeting_individual_results` (`id`, `rank`, `is_play_off`, `is_out_of_race`, `is_disqualified`, `standard_points`, `meeting_individual_points`, `minutes`, `seconds`, `hundreds`, `meeting_program_id`, `swimmer_id`, `team_id`, `badge_id`, `user_id`, `created_at`, `updated_at`, `disqualification_code_type_id`, `goggle_cup_points`, `reaction_time`, `team_points`, `team_affiliation_id`, `is_personal_best`, `is_season_type_best`)
  VALUES (528431, 1, 1, 0, 0, 764.54, 764.54, 3, 0, 7, 93173, 7348, 219, 58352, 1, '2017-01-18 06:44:13', '2017-01-18 06:44:13', NULL, 0.0, 0.0, 0.0, 2461, 0, 0);

INSERT INTO `meeting_individual_results` (`id`, `rank`, `is_play_off`, `is_out_of_race`, `is_disqualified`, `standard_points`, `meeting_individual_points`, `minutes`, `seconds`, `hundreds`, `meeting_program_id`, `swimmer_id`, `team_id`, `badge_id`, `user_id`, `created_at`, `updated_at`, `disqualification_code_type_id`, `goggle_cup_points`, `reaction_time`, `team_points`, `team_affiliation_id`, `is_personal_best`, `is_season_type_best`)
  VALUES (528432, 2, 1, 0, 0, 639.91, 639.91, 3, 35, 14, 93173, 7049, 111, 73660, 1, '2017-01-18 06:44:13', '2017-01-18 06:44:13', NULL, 0.0, 0.0, 0.0, 2463, 0, 0);

INSERT INTO `meeting_individual_results` (`id`, `rank`, `is_play_off`, `is_out_of_race`, `is_disqualified`, `standard_points`, `meeting_individual_points`, `minutes`, `seconds`, `hundreds`, `meeting_program_id`, `swimmer_id`, `team_id`, `badge_id`, `user_id`, `created_at`, `updated_at`, `disqualification_code_type_id`, `goggle_cup_points`, `reaction_time`, `team_points`, `team_affiliation_id`, `is_personal_best`, `is_season_type_best`)
  VALUES (528433, 1, 1, 0, 0, 608.66, 608.66, 4, 1, 63, 93174, 7071, 368, 58288, 1, '2017-01-18 06:44:13', '2017-01-18 06:44:13', NULL, 0.0, 0.0, 0.0, 2682, 0, 0);

INSERT INTO `meeting_individual_results` (`id`, `rank`, `is_play_off`, `is_out_of_race`, `is_disqualified`, `standard_points`, `meeting_individual_points`, `minutes`, `seconds`, `hundreds`, `meeting_program_id`, `swimmer_id`, `team_id`, `badge_id`, `user_id`, `created_at`, `updated_at`, `disqualification_code_type_id`, `goggle_cup_points`, `reaction_time`, `team_points`, `team_affiliation_id`, `is_personal_best`, `is_season_type_best`)
  VALUES (528434, 2, 1, 0, 0, 544.84, 544.84, 4, 29, 93, 93174, 9722, 393, 67766, 1, '2017-01-18 06:44:13', '2017-01-18 06:44:13', NULL, 0.0, 0.0, 0.0, 2678, 0, 0);

INSERT INTO `meeting_individual_results` (`id`, `rank`, `is_play_off`, `is_out_of_race`, `is_disqualified`, `standard_points`, `meeting_individual_points`, `minutes`, `seconds`, `hundreds`, `meeting_program_id`, `swimmer_id`, `team_id`, `badge_id`, `user_id`, `created_at`, `updated_at`, `disqualification_code_type_id`, `goggle_cup_points`, `reaction_time`, `team_points`, `team_affiliation_id`, `is_personal_best`, `is_season_type_best`)
  VALUES (528435, 1, 1, 0, 0, 840.34, 840.34, 5, 13, 42, 93175, 5919, 465, 58141, 1, '2017-01-18 06:44:13', '2017-01-18 06:44:13', NULL, 0.0, 0.0, 0.0, 2696, 0, 0);

INSERT INTO `meeting_individual_results` (`id`, `rank`, `is_play_off`, `is_out_of_race`, `is_disqualified`, `standard_points`, `meeting_individual_points`, `minutes`, `seconds`, `hundreds`, `meeting_program_id`, `swimmer_id`, `team_id`, `badge_id`, `user_id`, `created_at`, `updated_at`, `disqualification_code_type_id`, `goggle_cup_points`, `reaction_time`, `team_points`, `team_affiliation_id`, `is_personal_best`, `is_season_type_best`)
  VALUES (528436, 1, 1, 0, 0, 920.56, 920.56, 4, 44, 73, 93176, 9833, 741, 58295, 1, '2017-01-18 06:44:13', '2017-01-18 06:44:13', NULL, 0.0, 0.0, 0.0, 2683, 0, 0);

INSERT INTO `meeting_individual_results` (`id`, `rank`, `is_play_off`, `is_out_of_race`, `is_disqualified`, `standard_points`, `meeting_individual_points`, `minutes`, `seconds`, `hundreds`, `meeting_program_id`, `swimmer_id`, `team_id`, `badge_id`, `user_id`, `created_at`, `updated_at`, `disqualification_code_type_id`, `goggle_cup_points`, `reaction_time`, `team_points`, `team_affiliation_id`, `is_personal_best`, `is_season_type_best`)
  VALUES (528437, 2, 1, 0, 0, 824.37, 824.37, 5, 17, 95, 93176, 24293, 321, 58297, 1, '2017-01-18 06:44:13', '2017-01-18 06:44:13', NULL, 0.0, 0.0, 0.0, 2643, 0, 0);

INSERT INTO `meeting_individual_results` (`id`, `rank`, `is_play_off`, `is_out_of_race`, `is_disqualified`, `standard_points`, `meeting_individual_points`, `minutes`, `seconds`, `hundreds`, `meeting_program_id`, `swimmer_id`, `team_id`, `badge_id`, `user_id`, `created_at`, `updated_at`, `disqualification_code_type_id`, `goggle_cup_points`, `reaction_time`, `team_points`, `team_affiliation_id`, `is_personal_best`, `is_season_type_best`)
  VALUES (528438, 3, 1, 0, 0, 687.56, 687.56, 6, 21, 22, 93176, 1884, 716, 58504, 1, '2017-01-18 06:44:14', '2017-01-18 06:44:14', NULL, 0.0, 0.0, 0.0, 2498, 0, 0);

INSERT INTO `meeting_individual_results` (`id`, `rank`, `is_play_off`, `is_out_of_race`, `is_disqualified`, `standard_points`, `meeting_individual_points`, `minutes`, `seconds`, `hundreds`, `meeting_program_id`, `swimmer_id`, `team_id`, `badge_id`, `user_id`, `created_at`, `updated_at`, `disqualification_code_type_id`, `goggle_cup_points`, `reaction_time`, `team_points`, `team_affiliation_id`, `is_personal_best`, `is_season_type_best`)
  VALUES (528439, 1, 1, 0, 0, 934.57, 934.57, 4, 46, 11, 93177, 3974, 716, 58247, 1, '2017-01-18 06:44:14', '2017-01-18 06:44:14', NULL, 0.0, 0.0, 0.0, 2498, 0, 0);

INSERT INTO `meeting_individual_results` (`id`, `rank`, `is_play_off`, `is_out_of_race`, `is_disqualified`, `standard_points`, `meeting_individual_points`, `minutes`, `seconds`, `hundreds`, `meeting_program_id`, `swimmer_id`, `team_id`, `badge_id`, `user_id`, `created_at`, `updated_at`, `disqualification_code_type_id`, `goggle_cup_points`, `reaction_time`, `team_points`, `team_affiliation_id`, `is_personal_best`, `is_season_type_best`)
  VALUES (528440, 2, 1, 0, 0, 830.04, 830.04, 5, 22, 14, 93177, 17438, 741, 58554, 1, '2017-01-18 06:44:14', '2017-01-18 06:44:14', NULL, 0.0, 0.0, 0.0, 2683, 0, 0);

INSERT INTO `meeting_individual_results` (`id`, `rank`, `is_play_off`, `is_out_of_race`, `is_disqualified`, `standard_points`, `meeting_individual_points`, `minutes`, `seconds`, `hundreds`, `meeting_program_id`, `swimmer_id`, `team_id`, `badge_id`, `user_id`, `created_at`, `updated_at`, `disqualification_code_type_id`, `goggle_cup_points`, `reaction_time`, `team_points`, `team_affiliation_id`, `is_personal_best`, `is_season_type_best`)
  VALUES (528441, 3, 1, 0, 0, 680.78, 680.78, 6, 32, 77, 93177, 6707, 321, 58299, 1, '2017-01-18 06:44:14', '2017-01-18 06:44:14', NULL, 0.0, 0.0, 0.0, 2643, 0, 0);

INSERT INTO `meeting_individual_results` (`id`, `rank`, `is_play_off`, `is_out_of_race`, `is_disqualified`, `standard_points`, `meeting_individual_points`, `minutes`, `seconds`, `hundreds`, `meeting_program_id`, `swimmer_id`, `team_id`, `badge_id`, `user_id`, `created_at`, `updated_at`, `disqualification_code_type_id`, `goggle_cup_points`, `reaction_time`, `team_points`, `team_affiliation_id`, `is_personal_best`, `is_season_type_best`)
  VALUES (528442, 4, 1, 0, 0, 553.38, 553.38, 8, 3, 19, 93177, 27646, 685, 57517, 1, '2017-01-18 06:44:14', '2017-01-18 06:44:14', NULL, 0.0, 0.0, 0.0, 2641, 0, 0);

INSERT INTO `meeting_individual_results` (`id`, `rank`, `is_play_off`, `is_out_of_race`, `is_disqualified`, `standard_points`, `meeting_individual_points`, `minutes`, `seconds`, `hundreds`, `meeting_program_id`, `swimmer_id`, `team_id`, `badge_id`, `user_id`, `created_at`, `updated_at`, `disqualification_code_type_id`, `goggle_cup_points`, `reaction_time`, `team_points`, `team_affiliation_id`, `is_personal_best`, `is_season_type_best`)
  VALUES (528443, 1, 1, 0, 0, 671.16, 671.16, 6, 43, 12, 93178, 9804, 741, 58302, 1, '2017-01-18 06:44:14', '2017-01-18 06:44:14', NULL, 0.0, 0.0, 0.0, 2683, 0, 0);

INSERT INTO `meeting_individual_results` (`id`, `rank`, `is_play_off`, `is_out_of_race`, `is_disqualified`, `standard_points`, `meeting_individual_points`, `minutes`, `seconds`, `hundreds`, `meeting_program_id`, `swimmer_id`, `team_id`, `badge_id`, `user_id`, `created_at`, `updated_at`, `disqualification_code_type_id`, `goggle_cup_points`, `reaction_time`, `team_points`, `team_affiliation_id`, `is_personal_best`, `is_season_type_best`)
  VALUES (528444, 2, 1, 0, 0, 647.75, 647.75, 6, 57, 69, 93178, 27624, 685, 57226, 1, '2017-01-18 06:44:14', '2017-01-18 06:44:14', NULL, 0.0, 0.0, 0.0, 2641, 0, 0);

INSERT INTO `meeting_individual_results` (`id`, `rank`, `is_play_off`, `is_out_of_race`, `is_disqualified`, `standard_points`, `meeting_individual_points`, `minutes`, `seconds`, `hundreds`, `meeting_program_id`, `swimmer_id`, `team_id`, `badge_id`, `user_id`, `created_at`, `updated_at`, `disqualification_code_type_id`, `goggle_cup_points`, `reaction_time`, `team_points`, `team_affiliation_id`, `is_personal_best`, `is_season_type_best`)
  VALUES (528445, 1, 1, 0, 0, 845.93, 845.93, 5, 30, 56, 93179, 27228, 54, 73603, 1, '2017-01-18 06:44:14', '2017-01-18 06:44:14', NULL, 0.0, 0.0, 0.0, 2673, 0, 0);

INSERT INTO `meeting_individual_results` (`id`, `rank`, `is_play_off`, `is_out_of_race`, `is_disqualified`, `standard_points`, `meeting_individual_points`, `minutes`, `seconds`, `hundreds`, `meeting_program_id`, `swimmer_id`, `team_id`, `badge_id`, `user_id`, `created_at`, `updated_at`, `disqualification_code_type_id`, `goggle_cup_points`, `reaction_time`, `team_points`, `team_affiliation_id`, `is_personal_best`, `is_season_type_best`)
  VALUES (528446, 2, 1, 0, 0, 832.46, 832.46, 5, 35, 91, 93179, 21078, 741, 58252, 1, '2017-01-18 06:44:14', '2017-01-18 06:44:14', NULL, 0.0, 0.0, 0.0, 2683, 0, 0);

INSERT INTO `meeting_individual_results` (`id`, `rank`, `is_play_off`, `is_out_of_race`, `is_disqualified`, `standard_points`, `meeting_individual_points`, `minutes`, `seconds`, `hundreds`, `meeting_program_id`, `swimmer_id`, `team_id`, `badge_id`, `user_id`, `created_at`, `updated_at`, `disqualification_code_type_id`, `goggle_cup_points`, `reaction_time`, `team_points`, `team_affiliation_id`, `is_personal_best`, `is_season_type_best`)
  VALUES (528447, 3, 1, 0, 0, 766.13, 766.13, 6, 4, 99, 93179, 6165, 741, 76495, 1, '2017-01-18 06:44:14', '2017-01-18 06:44:14', NULL, 0.0, 0.0, 0.0, 2683, 0, 0);

INSERT INTO `meeting_individual_results` (`id`, `rank`, `is_play_off`, `is_out_of_race`, `is_disqualified`, `standard_points`, `meeting_individual_points`, `minutes`, `seconds`, `hundreds`, `meeting_program_id`, `swimmer_id`, `team_id`, `badge_id`, `user_id`, `created_at`, `updated_at`, `disqualification_code_type_id`, `goggle_cup_points`, `reaction_time`, `team_points`, `team_affiliation_id`, `is_personal_best`, `is_season_type_best`)
  VALUES (528448, 4, 1, 0, 0, 760.34, 760.34, 6, 7, 77, 93179, 27810, 741, 58303, 1, '2017-01-18 06:44:14', '2017-01-18 06:44:14', NULL, 0.0, 0.0, 0.0, 2683, 0, 0);

INSERT INTO `meeting_individual_results` (`id`, `rank`, `is_play_off`, `is_out_of_race`, `is_disqualified`, `standard_points`, `meeting_individual_points`, `minutes`, `seconds`, `hundreds`, `meeting_program_id`, `swimmer_id`, `team_id`, `badge_id`, `user_id`, `created_at`, `updated_at`, `disqualification_code_type_id`, `goggle_cup_points`, `reaction_time`, `team_points`, `team_affiliation_id`, `is_personal_best`, `is_season_type_best`)
  VALUES (528449, 1, 1, 0, 0, 939.01, 939.01, 5, 2, 66, 93180, 7315, 741, 58451, 1, '2017-01-18 06:44:14', '2017-01-18 06:44:14', NULL, 0.0, 0.0, 0.0, 2683, 0, 0);

INSERT INTO `meeting_individual_results` (`id`, `rank`, `is_play_off`, `is_out_of_race`, `is_disqualified`, `standard_points`, `meeting_individual_points`, `minutes`, `seconds`, `hundreds`, `meeting_program_id`, `swimmer_id`, `team_id`, `badge_id`, `user_id`, `created_at`, `updated_at`, `disqualification_code_type_id`, `goggle_cup_points`, `reaction_time`, `team_points`, `team_affiliation_id`, `is_personal_best`, `is_season_type_best`)
  VALUES (528450, 2, 1, 0, 0, 722.62, 722.62, 6, 33, 29, 93180, 1900, 716, 55839, 1, '2017-01-18 06:44:14', '2017-01-18 06:44:14', NULL, 0.0, 0.0, 0.0, 2498, 0, 0);

INSERT INTO `meeting_individual_results` (`id`, `rank`, `is_play_off`, `is_out_of_race`, `is_disqualified`, `standard_points`, `meeting_individual_points`, `minutes`, `seconds`, `hundreds`, `meeting_program_id`, `swimmer_id`, `team_id`, `badge_id`, `user_id`, `created_at`, `updated_at`, `disqualification_code_type_id`, `goggle_cup_points`, `reaction_time`, `team_points`, `team_affiliation_id`, `is_personal_best`, `is_season_type_best`)
  VALUES (528451, 3, 1, 0, 0, 562.56, 562.56, 8, 25, 19, 93180, 6877, 219, 55695, 1, '2017-01-18 06:44:14', '2017-01-18 06:44:14', NULL, 0.0, 0.0, 0.0, 2461, 0, 0);

INSERT INTO `meeting_individual_results` (`id`, `rank`, `is_play_off`, `is_out_of_race`, `is_disqualified`, `standard_points`, `meeting_individual_points`, `minutes`, `seconds`, `hundreds`, `meeting_program_id`, `swimmer_id`, `team_id`, `badge_id`, `user_id`, `created_at`, `updated_at`, `disqualification_code_type_id`, `goggle_cup_points`, `reaction_time`, `team_points`, `team_affiliation_id`, `is_personal_best`, `is_season_type_best`)
  VALUES (528452, 1, 1, 0, 0, 898.78, 898.78, 4, 27, 74, 93181, 6832, 741, 58183, 1, '2017-01-18 06:44:14', '2017-01-18 06:44:14', NULL, 0.0, 0.0, 0.0, 2683, 0, 0);

INSERT INTO `meeting_individual_results` (`id`, `rank`, `is_play_off`, `is_out_of_race`, `is_disqualified`, `standard_points`, `meeting_individual_points`, `minutes`, `seconds`, `hundreds`, `meeting_program_id`, `swimmer_id`, `team_id`, `badge_id`, `user_id`, `created_at`, `updated_at`, `disqualification_code_type_id`, `goggle_cup_points`, `reaction_time`, `team_points`, `team_affiliation_id`, `is_personal_best`, `is_season_type_best`)
  VALUES (528453, 2, 1, 0, 0, 750.03, 750.03, 5, 20, 84, 93181, 23168, 298, 73671, 1, '2017-01-18 06:44:14', '2017-01-18 06:44:14', NULL, 0.0, 0.0, 0.0, 2852, 0, 0);

INSERT INTO `meeting_individual_results` (`id`, `rank`, `is_play_off`, `is_out_of_race`, `is_disqualified`, `standard_points`, `meeting_individual_points`, `minutes`, `seconds`, `hundreds`, `meeting_program_id`, `swimmer_id`, `team_id`, `badge_id`, `user_id`, `created_at`, `updated_at`, `disqualification_code_type_id`, `goggle_cup_points`, `reaction_time`, `team_points`, `team_affiliation_id`, `is_personal_best`, `is_season_type_best`)
  VALUES (528454, 3, 1, 0, 0, 460.49, 460.49, 8, 42, 57, 93181, 27783, 321, 58396, 1, '2017-01-18 06:44:14', '2017-01-18 06:44:14', NULL, 0.0, 0.0, 0.0, 2643, 0, 0);

INSERT INTO `meeting_individual_results` (`id`, `rank`, `is_play_off`, `is_out_of_race`, `is_disqualified`, `standard_points`, `meeting_individual_points`, `minutes`, `seconds`, `hundreds`, `meeting_program_id`, `swimmer_id`, `team_id`, `badge_id`, `user_id`, `created_at`, `updated_at`, `disqualification_code_type_id`, `goggle_cup_points`, `reaction_time`, `team_points`, `team_affiliation_id`, `is_personal_best`, `is_season_type_best`)
  VALUES (528455, 1, 1, 0, 0, 860.28, 860.28, 4, 42, 7, 93182, 7039, 976, 76496, 1, '2017-01-18 06:44:15', '2017-01-18 06:44:15', NULL, 0.0, 0.0, 0.0, 2496, 0, 0);

INSERT INTO `meeting_individual_results` (`id`, `rank`, `is_play_off`, `is_out_of_race`, `is_disqualified`, `standard_points`, `meeting_individual_points`, `minutes`, `seconds`, `hundreds`, `meeting_program_id`, `swimmer_id`, `team_id`, `badge_id`, `user_id`, `created_at`, `updated_at`, `disqualification_code_type_id`, `goggle_cup_points`, `reaction_time`, `team_points`, `team_affiliation_id`, `is_personal_best`, `is_season_type_best`)
  VALUES (528456, 2, 1, 0, 0, 704.71, 704.71, 5, 44, 34, 93182, 27727, 741, 58199, 1, '2017-01-18 06:44:15', '2017-01-18 06:44:15', NULL, 0.0, 0.0, 0.0, 2683, 0, 0);

INSERT INTO `meeting_individual_results` (`id`, `rank`, `is_play_off`, `is_out_of_race`, `is_disqualified`, `standard_points`, `meeting_individual_points`, `minutes`, `seconds`, `hundreds`, `meeting_program_id`, `swimmer_id`, `team_id`, `badge_id`, `user_id`, `created_at`, `updated_at`, `disqualification_code_type_id`, `goggle_cup_points`, `reaction_time`, `team_points`, `team_affiliation_id`, `is_personal_best`, `is_season_type_best`)
  VALUES (528457, 3, 1, 0, 0, 624.69, 624.69, 6, 28, 45, 93182, 19758, 685, 57416, 1, '2017-01-18 06:44:15', '2017-01-18 06:44:15', NULL, 0.0, 0.0, 0.0, 2641, 0, 0);

INSERT INTO `meeting_individual_results` (`id`, `rank`, `is_play_off`, `is_out_of_race`, `is_disqualified`, `standard_points`, `meeting_individual_points`, `minutes`, `seconds`, `hundreds`, `meeting_program_id`, `swimmer_id`, `team_id`, `badge_id`, `user_id`, `created_at`, `updated_at`, `disqualification_code_type_id`, `goggle_cup_points`, `reaction_time`, `team_points`, `team_affiliation_id`, `is_personal_best`, `is_season_type_best`)
  VALUES (528458, 1, 1, 0, 0, 923.05, 923.05, 4, 25, 11, 93183, 9887, 741, 58403, 1, '2017-01-18 06:44:15', '2017-01-18 06:44:15', NULL, 0.0, 0.0, 0.0, 2683, 0, 0);

INSERT INTO `meeting_individual_results` (`id`, `rank`, `is_play_off`, `is_out_of_race`, `is_disqualified`, `standard_points`, `meeting_individual_points`, `minutes`, `seconds`, `hundreds`, `meeting_program_id`, `swimmer_id`, `team_id`, `badge_id`, `user_id`, `created_at`, `updated_at`, `disqualification_code_type_id`, `goggle_cup_points`, `reaction_time`, `team_points`, `team_affiliation_id`, `is_personal_best`, `is_season_type_best`)
  VALUES (528459, 2, 1, 0, 0, 861.53, 861.53, 4, 44, 4, 93183, 27193, 741, 58271, 1, '2017-01-18 06:44:15', '2017-01-18 06:44:15', NULL, 0.0, 0.0, 0.0, 2683, 0, 0);

INSERT INTO `meeting_individual_results` (`id`, `rank`, `is_play_off`, `is_out_of_race`, `is_disqualified`, `standard_points`, `meeting_individual_points`, `minutes`, `seconds`, `hundreds`, `meeting_program_id`, `swimmer_id`, `team_id`, `badge_id`, `user_id`, `created_at`, `updated_at`, `disqualification_code_type_id`, `goggle_cup_points`, `reaction_time`, `team_points`, `team_affiliation_id`, `is_personal_best`, `is_season_type_best`)
  VALUES (528460, 3, 1, 0, 0, 693.58, 693.58, 5, 52, 82, 93183, 30950, 329, 76497, 1, '2017-01-18 06:44:15', '2017-01-18 06:44:15', NULL, 0.0, 0.0, 0.0, 3581, 0, 0);

INSERT INTO `meeting_individual_results` (`id`, `rank`, `is_play_off`, `is_out_of_race`, `is_disqualified`, `standard_points`, `meeting_individual_points`, `minutes`, `seconds`, `hundreds`, `meeting_program_id`, `swimmer_id`, `team_id`, `badge_id`, `user_id`, `created_at`, `updated_at`, `disqualification_code_type_id`, `goggle_cup_points`, `reaction_time`, `team_points`, `team_affiliation_id`, `is_personal_best`, `is_season_type_best`)
  VALUES (528461, 4, 1, 0, 0, 668.42, 668.42, 6, 6, 10, 93183, 27786, 321, 58577, 1, '2017-01-18 06:44:15', '2017-01-18 06:44:15', NULL, 0.0, 0.0, 0.0, 2643, 0, 0);

INSERT INTO `meeting_individual_results` (`id`, `rank`, `is_play_off`, `is_out_of_race`, `is_disqualified`, `standard_points`, `meeting_individual_points`, `minutes`, `seconds`, `hundreds`, `meeting_program_id`, `swimmer_id`, `team_id`, `badge_id`, `user_id`, `created_at`, `updated_at`, `disqualification_code_type_id`, `goggle_cup_points`, `reaction_time`, `team_points`, `team_affiliation_id`, `is_personal_best`, `is_season_type_best`)
  VALUES (528462, 5, 1, 0, 0, 432.52, 432.52, 9, 25, 78, 93183, 27763, 321, 58414, 1, '2017-01-18 06:44:15', '2017-01-18 06:44:15', NULL, 0.0, 0.0, 0.0, 2643, 0, 0);

INSERT INTO `meeting_individual_results` (`id`, `rank`, `is_play_off`, `is_out_of_race`, `is_disqualified`, `standard_points`, `meeting_individual_points`, `minutes`, `seconds`, `hundreds`, `meeting_program_id`, `swimmer_id`, `team_id`, `badge_id`, `user_id`, `created_at`, `updated_at`, `disqualification_code_type_id`, `goggle_cup_points`, `reaction_time`, `team_points`, `team_affiliation_id`, `is_personal_best`, `is_season_type_best`)
  VALUES (528463, 1, 1, 0, 0, 868.2, 868.2, 4, 47, 34, 93184, 11515, 741, 58327, 1, '2017-01-18 06:44:15', '2017-01-18 06:44:15', NULL, 0.0, 0.0, 0.0, 2683, 0, 0);

INSERT INTO `meeting_individual_results` (`id`, `rank`, `is_play_off`, `is_out_of_race`, `is_disqualified`, `standard_points`, `meeting_individual_points`, `minutes`, `seconds`, `hundreds`, `meeting_program_id`, `swimmer_id`, `team_id`, `badge_id`, `user_id`, `created_at`, `updated_at`, `disqualification_code_type_id`, `goggle_cup_points`, `reaction_time`, `team_points`, `team_affiliation_id`, `is_personal_best`, `is_season_type_best`)
  VALUES (528464, 2, 1, 0, 0, 758.11, 758.11, 5, 29, 7, 93184, 7380, 368, 58578, 1, '2017-01-18 06:44:15', '2017-01-18 06:44:15', NULL, 0.0, 0.0, 0.0, 2682, 0, 0);

INSERT INTO `meeting_individual_results` (`id`, `rank`, `is_play_off`, `is_out_of_race`, `is_disqualified`, `standard_points`, `meeting_individual_points`, `minutes`, `seconds`, `hundreds`, `meeting_program_id`, `swimmer_id`, `team_id`, `badge_id`, `user_id`, `created_at`, `updated_at`, `disqualification_code_type_id`, `goggle_cup_points`, `reaction_time`, `team_points`, `team_affiliation_id`, `is_personal_best`, `is_season_type_best`)
  VALUES (528465, 3, 1, 0, 0, 746.54, 746.54, 5, 34, 17, 93184, 27803, 741, 58481, 1, '2017-01-18 06:44:15', '2017-01-18 06:44:15', NULL, 0.0, 0.0, 0.0, 2683, 0, 0);

INSERT INTO `meeting_individual_results` (`id`, `rank`, `is_play_off`, `is_out_of_race`, `is_disqualified`, `standard_points`, `meeting_individual_points`, `minutes`, `seconds`, `hundreds`, `meeting_program_id`, `swimmer_id`, `team_id`, `badge_id`, `user_id`, `created_at`, `updated_at`, `disqualification_code_type_id`, `goggle_cup_points`, `reaction_time`, `team_points`, `team_affiliation_id`, `is_personal_best`, `is_season_type_best`)
  VALUES (528466, 4, 1, 0, 0, 724.61, 724.61, 5, 44, 28, 93184, 21143, 321, 58330, 1, '2017-01-18 06:44:15', '2017-01-18 06:44:15', NULL, 0.0, 0.0, 0.0, 2643, 0, 0);

INSERT INTO `meeting_individual_results` (`id`, `rank`, `is_play_off`, `is_out_of_race`, `is_disqualified`, `standard_points`, `meeting_individual_points`, `minutes`, `seconds`, `hundreds`, `meeting_program_id`, `swimmer_id`, `team_id`, `badge_id`, `user_id`, `created_at`, `updated_at`, `disqualification_code_type_id`, `goggle_cup_points`, `reaction_time`, `team_points`, `team_affiliation_id`, `is_personal_best`, `is_season_type_best`)
  VALUES (528467, 5, 1, 0, 0, 633.27, 633.27, 6, 33, 94, 93184, 7381, 368, 58278, 1, '2017-01-18 06:44:15', '2017-01-18 06:44:15', NULL, 0.0, 0.0, 0.0, 2682, 0, 0);

INSERT INTO `meeting_individual_results` (`id`, `rank`, `is_play_off`, `is_out_of_race`, `is_disqualified`, `standard_points`, `meeting_individual_points`, `minutes`, `seconds`, `hundreds`, `meeting_program_id`, `swimmer_id`, `team_id`, `badge_id`, `user_id`, `created_at`, `updated_at`, `disqualification_code_type_id`, `goggle_cup_points`, `reaction_time`, `team_points`, `team_affiliation_id`, `is_personal_best`, `is_season_type_best`)
  VALUES (528468, 1, 1, 0, 0, 941.63, 941.63, 4, 34, 28, 93185, 9897, 741, 58338, 1, '2017-01-18 06:44:15', '2017-01-18 06:44:15', NULL, 0.0, 0.0, 0.0, 2683, 0, 0);

INSERT INTO `meeting_individual_results` (`id`, `rank`, `is_play_off`, `is_out_of_race`, `is_disqualified`, `standard_points`, `meeting_individual_points`, `minutes`, `seconds`, `hundreds`, `meeting_program_id`, `swimmer_id`, `team_id`, `badge_id`, `user_id`, `created_at`, `updated_at`, `disqualification_code_type_id`, `goggle_cup_points`, `reaction_time`, `team_points`, `team_affiliation_id`, `is_personal_best`, `is_season_type_best`)
  VALUES (528469, 2, 1, 0, 0, 832.43, 832.43, 5, 10, 26, 93185, 4944, 741, 76498, 1, '2017-01-18 06:44:15', '2017-01-18 06:44:15', NULL, 0.0, 0.0, 0.0, 2683, 0, 0);

INSERT INTO `meeting_individual_results` (`id`, `rank`, `is_play_off`, `is_out_of_race`, `is_disqualified`, `standard_points`, `meeting_individual_points`, `minutes`, `seconds`, `hundreds`, `meeting_program_id`, `swimmer_id`, `team_id`, `badge_id`, `user_id`, `created_at`, `updated_at`, `disqualification_code_type_id`, `goggle_cup_points`, `reaction_time`, `team_points`, `team_affiliation_id`, `is_personal_best`, `is_season_type_best`)
  VALUES (528470, 3, 1, 0, 0, 811.63, 811.63, 5, 18, 21, 93185, 19761, 685, 57252, 1, '2017-01-18 06:44:15', '2017-01-18 06:44:15', NULL, 0.0, 0.0, 0.0, 2641, 0, 0);

INSERT INTO `meeting_individual_results` (`id`, `rank`, `is_play_off`, `is_out_of_race`, `is_disqualified`, `standard_points`, `meeting_individual_points`, `minutes`, `seconds`, `hundreds`, `meeting_program_id`, `swimmer_id`, `team_id`, `badge_id`, `user_id`, `created_at`, `updated_at`, `disqualification_code_type_id`, `goggle_cup_points`, `reaction_time`, `team_points`, `team_affiliation_id`, `is_personal_best`, `is_season_type_best`)
  VALUES (528471, 4, 1, 0, 0, 809.93, 809.93, 5, 18, 88, 93185, 7918, 741, 58339, 1, '2017-01-18 06:44:15', '2017-01-18 06:44:15', NULL, 0.0, 0.0, 0.0, 2683, 0, 0);

INSERT INTO `meeting_individual_results` (`id`, `rank`, `is_play_off`, `is_out_of_race`, `is_disqualified`, `standard_points`, `meeting_individual_points`, `minutes`, `seconds`, `hundreds`, `meeting_program_id`, `swimmer_id`, `team_id`, `badge_id`, `user_id`, `created_at`, `updated_at`, `disqualification_code_type_id`, `goggle_cup_points`, `reaction_time`, `team_points`, `team_affiliation_id`, `is_personal_best`, `is_season_type_best`)
  VALUES (528472, 5, 1, 0, 0, 655.59, 655.59, 6, 33, 95, 93185, 3591, 209, 57451, 1, '2017-01-18 06:44:15', '2017-01-18 06:44:15', NULL, 0.0, 0.0, 0.0, 2628, 0, 0);

INSERT INTO `meeting_individual_results` (`id`, `rank`, `is_play_off`, `is_out_of_race`, `is_disqualified`, `standard_points`, `meeting_individual_points`, `minutes`, `seconds`, `hundreds`, `meeting_program_id`, `swimmer_id`, `team_id`, `badge_id`, `user_id`, `created_at`, `updated_at`, `disqualification_code_type_id`, `goggle_cup_points`, `reaction_time`, `team_points`, `team_affiliation_id`, `is_personal_best`, `is_season_type_best`)
  VALUES (528473, 6, 1, 0, 0, 624.49, 624.49, 6, 53, 57, 93185, 21328, 219, 55753, 1, '2017-01-18 06:44:15', '2017-01-18 06:44:15', NULL, 0.0, 0.0, 0.0, 2461, 0, 0);

INSERT INTO `meeting_individual_results` (`id`, `rank`, `is_play_off`, `is_out_of_race`, `is_disqualified`, `standard_points`, `meeting_individual_points`, `minutes`, `seconds`, `hundreds`, `meeting_program_id`, `swimmer_id`, `team_id`, `badge_id`, `user_id`, `created_at`, `updated_at`, `disqualification_code_type_id`, `goggle_cup_points`, `reaction_time`, `team_points`, `team_affiliation_id`, `is_personal_best`, `is_season_type_best`)
  VALUES (528474, 1, 1, 0, 0, 889.38, 889.38, 5, 4, 29, 93186, 19534, 16, 58341, 1, '2017-01-18 06:44:16', '2017-01-18 06:44:16', NULL, 0.0, 0.0, 0.0, 2685, 0, 0);

INSERT INTO `meeting_individual_results` (`id`, `rank`, `is_play_off`, `is_out_of_race`, `is_disqualified`, `standard_points`, `meeting_individual_points`, `minutes`, `seconds`, `hundreds`, `meeting_program_id`, `swimmer_id`, `team_id`, `badge_id`, `user_id`, `created_at`, `updated_at`, `disqualification_code_type_id`, `goggle_cup_points`, `reaction_time`, `team_points`, `team_affiliation_id`, `is_personal_best`, `is_season_type_best`)
  VALUES (528475, 2, 1, 0, 0, 888.68, 888.68, 5, 4, 53, 93186, 7224, 219, 58585, 1, '2017-01-18 06:44:16', '2017-01-18 06:44:16', NULL, 0.0, 0.0, 0.0, 2461, 0, 0);

INSERT INTO `meeting_individual_results` (`id`, `rank`, `is_play_off`, `is_out_of_race`, `is_disqualified`, `standard_points`, `meeting_individual_points`, `minutes`, `seconds`, `hundreds`, `meeting_program_id`, `swimmer_id`, `team_id`, `badge_id`, `user_id`, `created_at`, `updated_at`, `disqualification_code_type_id`, `goggle_cup_points`, `reaction_time`, `team_points`, `team_affiliation_id`, `is_personal_best`, `is_season_type_best`)
  VALUES (528476, 3, 1, 0, 0, 774.16, 774.16, 5, 49, 58, 93186, 2007, 976, 58284, 1, '2017-01-18 06:44:16', '2017-01-18 06:44:16', NULL, 0.0, 0.0, 0.0, 2496, 0, 0);

INSERT INTO `meeting_individual_results` (`id`, `rank`, `is_play_off`, `is_out_of_race`, `is_disqualified`, `standard_points`, `meeting_individual_points`, `minutes`, `seconds`, `hundreds`, `meeting_program_id`, `swimmer_id`, `team_id`, `badge_id`, `user_id`, `created_at`, `updated_at`, `disqualification_code_type_id`, `goggle_cup_points`, `reaction_time`, `team_points`, `team_affiliation_id`, `is_personal_best`, `is_season_type_best`)
  VALUES (528477, 4, 1, 0, 0, 765.77, 765.77, 5, 53, 41, 93186, 3528, 991, 62538, 1, '2017-01-18 06:44:16', '2017-01-18 06:44:16', NULL, 0.0, 0.0, 0.0, 2749, 0, 0);

INSERT INTO `meeting_individual_results` (`id`, `rank`, `is_play_off`, `is_out_of_race`, `is_disqualified`, `standard_points`, `meeting_individual_points`, `minutes`, `seconds`, `hundreds`, `meeting_program_id`, `swimmer_id`, `team_id`, `badge_id`, `user_id`, `created_at`, `updated_at`, `disqualification_code_type_id`, `goggle_cup_points`, `reaction_time`, `team_points`, `team_affiliation_id`, `is_personal_best`, `is_season_type_best`)
  VALUES (528478, 5, 1, 0, 0, 758.56, 758.56, 5, 56, 77, 93186, 7122, 295, 73682, 1, '2017-01-18 06:44:16', '2017-01-18 06:44:16', NULL, 0.0, 0.0, 0.0, 2692, 0, 0);

INSERT INTO `meeting_individual_results` (`id`, `rank`, `is_play_off`, `is_out_of_race`, `is_disqualified`, `standard_points`, `meeting_individual_points`, `minutes`, `seconds`, `hundreds`, `meeting_program_id`, `swimmer_id`, `team_id`, `badge_id`, `user_id`, `created_at`, `updated_at`, `disqualification_code_type_id`, `goggle_cup_points`, `reaction_time`, `team_points`, `team_affiliation_id`, `is_personal_best`, `is_season_type_best`)
  VALUES (528479, 6, 1, 0, 0, 675.33, 675.33, 6, 40, 74, 93186, 7942, 741, 58346, 1, '2017-01-18 06:44:16', '2017-01-18 06:44:16', NULL, 0.0, 0.0, 0.0, 2683, 0, 0);

INSERT INTO `meeting_individual_results` (`id`, `rank`, `is_play_off`, `is_out_of_race`, `is_disqualified`, `standard_points`, `meeting_individual_points`, `minutes`, `seconds`, `hundreds`, `meeting_program_id`, `swimmer_id`, `team_id`, `badge_id`, `user_id`, `created_at`, `updated_at`, `disqualification_code_type_id`, `goggle_cup_points`, `reaction_time`, `team_points`, `team_affiliation_id`, `is_personal_best`, `is_season_type_best`)
  VALUES (528480, 1, 1, 0, 0, 1012.7, 1012.7, 4, 39, 43, 93187, 11451, 716, 55936, 1, '2017-01-18 06:44:16', '2017-01-18 06:44:16', NULL, 0.0, 0.0, 0.0, 2498, 0, 0);

INSERT INTO `meeting_individual_results` (`id`, `rank`, `is_play_off`, `is_out_of_race`, `is_disqualified`, `standard_points`, `meeting_individual_points`, `minutes`, `seconds`, `hundreds`, `meeting_program_id`, `swimmer_id`, `team_id`, `badge_id`, `user_id`, `created_at`, `updated_at`, `disqualification_code_type_id`, `goggle_cup_points`, `reaction_time`, `team_points`, `team_affiliation_id`, `is_personal_best`, `is_season_type_best`)
  VALUES (528481, 2, 1, 0, 0, 884.28, 884.28, 5, 20, 1, 93187, 6193, 741, 62539, 1, '2017-01-18 06:44:16', '2017-01-18 06:44:16', NULL, 0.0, 0.0, 0.0, 2683, 0, 0);

INSERT INTO `meeting_individual_results` (`id`, `rank`, `is_play_off`, `is_out_of_race`, `is_disqualified`, `standard_points`, `meeting_individual_points`, `minutes`, `seconds`, `hundreds`, `meeting_program_id`, `swimmer_id`, `team_id`, `badge_id`, `user_id`, `created_at`, `updated_at`, `disqualification_code_type_id`, `goggle_cup_points`, `reaction_time`, `team_points`, `team_affiliation_id`, `is_personal_best`, `is_season_type_best`)
  VALUES (528482, 3, 1, 0, 0, 768.05, 768.05, 6, 8, 44, 93187, 18712, 741, 58349, 1, '2017-01-18 06:44:16', '2017-01-18 06:44:16', NULL, 0.0, 0.0, 0.0, 2683, 0, 0);

INSERT INTO `meeting_individual_results` (`id`, `rank`, `is_play_off`, `is_out_of_race`, `is_disqualified`, `standard_points`, `meeting_individual_points`, `minutes`, `seconds`, `hundreds`, `meeting_program_id`, `swimmer_id`, `team_id`, `badge_id`, `user_id`, `created_at`, `updated_at`, `disqualification_code_type_id`, `goggle_cup_points`, `reaction_time`, `team_points`, `team_affiliation_id`, `is_personal_best`, `is_season_type_best`)
  VALUES (528483, 4, 1, 0, 0, 534.8, 534.8, 8, 49, 13, 93187, 27794, 321, 58560, 1, '2017-01-18 06:44:16', '2017-01-18 06:44:16', NULL, 0.0, 0.0, 0.0, 2643, 0, 0);

INSERT INTO `meeting_individual_results` (`id`, `rank`, `is_play_off`, `is_out_of_race`, `is_disqualified`, `standard_points`, `meeting_individual_points`, `minutes`, `seconds`, `hundreds`, `meeting_program_id`, `swimmer_id`, `team_id`, `badge_id`, `user_id`, `created_at`, `updated_at`, `disqualification_code_type_id`, `goggle_cup_points`, `reaction_time`, `team_points`, `team_affiliation_id`, `is_personal_best`, `is_season_type_best`)
  VALUES (528484, 5, 1, 0, 0, 514.99, 514.99, 9, 9, 49, 93187, 21842, 219, 58589, 1, '2017-01-18 06:44:16', '2017-01-18 06:44:16', NULL, 0.0, 0.0, 0.0, 2461, 0, 0);

INSERT INTO `meeting_individual_results` (`id`, `rank`, `is_play_off`, `is_out_of_race`, `is_disqualified`, `standard_points`, `meeting_individual_points`, `minutes`, `seconds`, `hundreds`, `meeting_program_id`, `swimmer_id`, `team_id`, `badge_id`, `user_id`, `created_at`, `updated_at`, `disqualification_code_type_id`, `goggle_cup_points`, `reaction_time`, `team_points`, `team_affiliation_id`, `is_personal_best`, `is_season_type_best`)
  VALUES (528485, 1, 1, 0, 0, 808.8, 808.8, 6, 7, 11, 93188, 7273, 219, 62580, 1, '2017-01-18 06:44:16', '2017-01-18 06:44:16', NULL, 0.0, 0.0, 0.0, 2461, 0, 0);

INSERT INTO `meeting_individual_results` (`id`, `rank`, `is_play_off`, `is_out_of_race`, `is_disqualified`, `standard_points`, `meeting_individual_points`, `minutes`, `seconds`, `hundreds`, `meeting_program_id`, `swimmer_id`, `team_id`, `badge_id`, `user_id`, `created_at`, `updated_at`, `disqualification_code_type_id`, `goggle_cup_points`, `reaction_time`, `team_points`, `team_affiliation_id`, `is_personal_best`, `is_season_type_best`)
  VALUES (528486, 2, 1, 0, 0, 790.48, 790.48, 6, 15, 62, 93188, 27809, 741, 58351, 1, '2017-01-18 06:44:16', '2017-01-18 06:44:16', NULL, 0.0, 0.0, 0.0, 2683, 0, 0);

INSERT INTO `meeting_individual_results` (`id`, `rank`, `is_play_off`, `is_out_of_race`, `is_disqualified`, `standard_points`, `meeting_individual_points`, `minutes`, `seconds`, `hundreds`, `meeting_program_id`, `swimmer_id`, `team_id`, `badge_id`, `user_id`, `created_at`, `updated_at`, `disqualification_code_type_id`, `goggle_cup_points`, `reaction_time`, `team_points`, `team_affiliation_id`, `is_personal_best`, `is_season_type_best`)
  VALUES (528487, 1, 1, 0, 0, 526.02, 526.02, 10, 8, 30, 93189, 3719, 741, 58289, 1, '2017-01-18 06:44:16', '2017-01-18 06:44:16', NULL, 0.0, 0.0, 0.0, 2683, 0, 0);

INSERT INTO `meeting_individual_results` (`id`, `rank`, `is_play_off`, `is_out_of_race`, `is_disqualified`, `standard_points`, `meeting_individual_points`, `minutes`, `seconds`, `hundreds`, `meeting_program_id`, `swimmer_id`, `team_id`, `badge_id`, `user_id`, `created_at`, `updated_at`, `disqualification_code_type_id`, `goggle_cup_points`, `reaction_time`, `team_points`, `team_affiliation_id`, `is_personal_best`, `is_season_type_best`)
  VALUES (528488, 1, 1, 0, 0, 808.48, 808.48, 7, 6, 64, 93190, 17746, 387, 76499, 1, '2017-01-18 06:44:16', '2017-01-18 06:44:16', NULL, 0.0, 0.0, 0.0, 3577, 0, 0);

INSERT INTO `meeting_individual_results` (`id`, `rank`, `is_play_off`, `is_out_of_race`, `is_disqualified`, `standard_points`, `meeting_individual_points`, `minutes`, `seconds`, `hundreds`, `meeting_program_id`, `swimmer_id`, `team_id`, `badge_id`, `user_id`, `created_at`, `updated_at`, `disqualification_code_type_id`, `goggle_cup_points`, `reaction_time`, `team_points`, `team_affiliation_id`, `is_personal_best`, `is_season_type_best`)
  VALUES (528489, 1, 1, 0, 0, 0.0, 0.0, 4, 56, 80, 93191, 28512, 366, 62558, 1, '2017-01-18 06:44:16', '2017-01-18 06:44:16', NULL, 0.0, 0.0, 0.0, 2855, 0, 0);

INSERT INTO `meeting_individual_results` (`id`, `rank`, `is_play_off`, `is_out_of_race`, `is_disqualified`, `standard_points`, `meeting_individual_points`, `minutes`, `seconds`, `hundreds`, `meeting_program_id`, `swimmer_id`, `team_id`, `badge_id`, `user_id`, `created_at`, `updated_at`, `disqualification_code_type_id`, `goggle_cup_points`, `reaction_time`, `team_points`, `team_affiliation_id`, `is_personal_best`, `is_season_type_best`)
  VALUES (528490, 1, 1, 0, 0, 643.94, 643.94, 0, 45, 61, 93192, 25126, 298, 76491, 1, '2017-01-18 06:44:16', '2017-01-18 06:44:16', NULL, 0.0, 0.0, 0.0, 2852, 0, 0);

INSERT INTO `meeting_individual_results` (`id`, `rank`, `is_play_off`, `is_out_of_race`, `is_disqualified`, `standard_points`, `meeting_individual_points`, `minutes`, `seconds`, `hundreds`, `meeting_program_id`, `swimmer_id`, `team_id`, `badge_id`, `user_id`, `created_at`, `updated_at`, `disqualification_code_type_id`, `goggle_cup_points`, `reaction_time`, `team_points`, `team_affiliation_id`, `is_personal_best`, `is_season_type_best`)
  VALUES (528491, 1, 1, 0, 0, 621.78, 621.78, 0, 48, 12, 93193, 7185, 880, 76492, 1, '2017-01-18 06:44:16', '2017-01-18 06:44:16', NULL, 0.0, 0.0, 0.0, 3206, 0, 0);

INSERT INTO `meeting_individual_results` (`id`, `rank`, `is_play_off`, `is_out_of_race`, `is_disqualified`, `standard_points`, `meeting_individual_points`, `minutes`, `seconds`, `hundreds`, `meeting_program_id`, `swimmer_id`, `team_id`, `badge_id`, `user_id`, `created_at`, `updated_at`, `disqualification_code_type_id`, `goggle_cup_points`, `reaction_time`, `team_points`, `team_affiliation_id`, `is_personal_best`, `is_season_type_best`)
  VALUES (528492, 1, 1, 0, 0, 805.37, 805.37, 0, 40, 23, 93194, 5795, 397, 62914, 1, '2017-01-18 06:44:16', '2017-01-18 06:44:16', NULL, 0.0, 0.0, 0.0, 3580, 0, 0);

INSERT INTO `meeting_individual_results` (`id`, `rank`, `is_play_off`, `is_out_of_race`, `is_disqualified`, `standard_points`, `meeting_individual_points`, `minutes`, `seconds`, `hundreds`, `meeting_program_id`, `swimmer_id`, `team_id`, `badge_id`, `user_id`, `created_at`, `updated_at`, `disqualification_code_type_id`, `goggle_cup_points`, `reaction_time`, `team_points`, `team_affiliation_id`, `is_personal_best`, `is_season_type_best`)
  VALUES (528493, 2, 1, 0, 0, 742.1, 742.1, 0, 43, 66, 93194, 27961, 880, 67700, 1, '2017-01-18 06:44:17', '2017-01-18 06:44:17', NULL, 0.0, 0.0, 0.0, 3206, 0, 0);

INSERT INTO `meeting_individual_results` (`id`, `rank`, `is_play_off`, `is_out_of_race`, `is_disqualified`, `standard_points`, `meeting_individual_points`, `minutes`, `seconds`, `hundreds`, `meeting_program_id`, `swimmer_id`, `team_id`, `badge_id`, `user_id`, `created_at`, `updated_at`, `disqualification_code_type_id`, `goggle_cup_points`, `reaction_time`, `team_points`, `team_affiliation_id`, `is_personal_best`, `is_season_type_best`)
  VALUES (528494, 1, 1, 0, 0, 904.95, 904.95, 0, 27, 67, 93195, 1927, 716, 58175, 1, '2017-01-18 06:44:17', '2017-01-18 06:44:17', NULL, 0.0, 0.0, 0.0, 2498, 0, 0);

INSERT INTO `meeting_individual_results` (`id`, `rank`, `is_play_off`, `is_out_of_race`, `is_disqualified`, `standard_points`, `meeting_individual_points`, `minutes`, `seconds`, `hundreds`, `meeting_program_id`, `swimmer_id`, `team_id`, `badge_id`, `user_id`, `created_at`, `updated_at`, `disqualification_code_type_id`, `goggle_cup_points`, `reaction_time`, `team_points`, `team_affiliation_id`, `is_personal_best`, `is_season_type_best`)
  VALUES (528495, 1, 1, 0, 0, 835.88, 835.88, 0, 31, 44, 93196, 7039, 976, 76496, 1, '2017-01-18 06:44:17', '2017-01-18 06:44:17', NULL, 0.0, 0.0, 0.0, 2496, 0, 0);

INSERT INTO `meeting_individual_results` (`id`, `rank`, `is_play_off`, `is_out_of_race`, `is_disqualified`, `standard_points`, `meeting_individual_points`, `minutes`, `seconds`, `hundreds`, `meeting_program_id`, `swimmer_id`, `team_id`, `badge_id`, `user_id`, `created_at`, `updated_at`, `disqualification_code_type_id`, `goggle_cup_points`, `reaction_time`, `team_points`, `team_affiliation_id`, `is_personal_best`, `is_season_type_best`)
  VALUES (528496, 2, 1, 0, 0, 710.08, 710.08, 0, 37, 1, 93196, 28375, 118, 61693, 1, '2017-01-18 06:44:17', '2017-01-18 06:44:17', NULL, 0.0, 0.0, 0.0, 2611, 0, 0);

INSERT INTO `meeting_individual_results` (`id`, `rank`, `is_play_off`, `is_out_of_race`, `is_disqualified`, `standard_points`, `meeting_individual_points`, `minutes`, `seconds`, `hundreds`, `meeting_program_id`, `swimmer_id`, `team_id`, `badge_id`, `user_id`, `created_at`, `updated_at`, `disqualification_code_type_id`, `goggle_cup_points`, `reaction_time`, `team_points`, `team_affiliation_id`, `is_personal_best`, `is_season_type_best`)
  VALUES (528497, 1, 1, 0, 0, 676.56, 676.56, 0, 39, 42, 93197, 13075, 16, 58406, 1, '2017-01-18 06:44:17', '2017-01-18 06:44:17', NULL, 0.0, 0.0, 0.0, 2685, 0, 0);

INSERT INTO `meeting_individual_results` (`id`, `rank`, `is_play_off`, `is_out_of_race`, `is_disqualified`, `standard_points`, `meeting_individual_points`, `minutes`, `seconds`, `hundreds`, `meeting_program_id`, `swimmer_id`, `team_id`, `badge_id`, `user_id`, `created_at`, `updated_at`, `disqualification_code_type_id`, `goggle_cup_points`, `reaction_time`, `team_points`, `team_affiliation_id`, `is_personal_best`, `is_season_type_best`)
  VALUES (528498, 2, 1, 0, 0, 671.62, 671.62, 0, 39, 71, 93197, 2462, 976, 58407, 1, '2017-01-18 06:44:17', '2017-01-18 06:44:17', NULL, 0.0, 0.0, 0.0, 2496, 0, 0);

INSERT INTO `meeting_individual_results` (`id`, `rank`, `is_play_off`, `is_out_of_race`, `is_disqualified`, `standard_points`, `meeting_individual_points`, `minutes`, `seconds`, `hundreds`, `meeting_program_id`, `swimmer_id`, `team_id`, `badge_id`, `user_id`, `created_at`, `updated_at`, `disqualification_code_type_id`, `goggle_cup_points`, `reaction_time`, `team_points`, `team_affiliation_id`, `is_personal_best`, `is_season_type_best`)
  VALUES (528499, 3, 1, 0, 0, 670.1, 670.1, 0, 39, 80, 93197, 30389, 424, 73635, 1, '2017-01-18 06:44:17', '2017-01-18 06:44:17', NULL, 0.0, 0.0, 0.0, 2675, 0, 0);

INSERT INTO `meeting_individual_results` (`id`, `rank`, `is_play_off`, `is_out_of_race`, `is_disqualified`, `standard_points`, `meeting_individual_points`, `minutes`, `seconds`, `hundreds`, `meeting_program_id`, `swimmer_id`, `team_id`, `badge_id`, `user_id`, `created_at`, `updated_at`, `disqualification_code_type_id`, `goggle_cup_points`, `reaction_time`, `team_points`, `team_affiliation_id`, `is_personal_best`, `is_season_type_best`)
  VALUES (528500, 1, 1, 0, 0, 818.26, 818.26, 0, 33, 29, 93198, 9894, 219, 62537, 1, '2017-01-18 06:44:17', '2017-01-18 06:44:17', NULL, 0.0, 0.0, 0.0, 2461, 0, 0);

INSERT INTO `meeting_individual_results` (`id`, `rank`, `is_play_off`, `is_out_of_race`, `is_disqualified`, `standard_points`, `meeting_individual_points`, `minutes`, `seconds`, `hundreds`, `meeting_program_id`, `swimmer_id`, `team_id`, `badge_id`, `user_id`, `created_at`, `updated_at`, `disqualification_code_type_id`, `goggle_cup_points`, `reaction_time`, `team_points`, `team_affiliation_id`, `is_personal_best`, `is_season_type_best`)
  VALUES (528501, 2, 1, 0, 0, 628.66, 628.66, 0, 43, 33, 93198, 9471, 295, 58483, 1, '2017-01-18 06:44:17', '2017-01-18 06:44:17', NULL, 0.0, 0.0, 0.0, 2692, 0, 0);

INSERT INTO `meeting_individual_results` (`id`, `rank`, `is_play_off`, `is_out_of_race`, `is_disqualified`, `standard_points`, `meeting_individual_points`, `minutes`, `seconds`, `hundreds`, `meeting_program_id`, `swimmer_id`, `team_id`, `badge_id`, `user_id`, `created_at`, `updated_at`, `disqualification_code_type_id`, `goggle_cup_points`, `reaction_time`, `team_points`, `team_affiliation_id`, `is_personal_best`, `is_season_type_best`)
  VALUES (528502, 1, 1, 0, 0, 833.38, 833.38, 0, 33, 97, 93199, 4076, 219, 58423, 1, '2017-01-18 06:44:17', '2017-01-18 06:44:17', NULL, 0.0, 0.0, 0.0, 2461, 0, 0);

INSERT INTO `meeting_individual_results` (`id`, `rank`, `is_play_off`, `is_out_of_race`, `is_disqualified`, `standard_points`, `meeting_individual_points`, `minutes`, `seconds`, `hundreds`, `meeting_program_id`, `swimmer_id`, `team_id`, `badge_id`, `user_id`, `created_at`, `updated_at`, `disqualification_code_type_id`, `goggle_cup_points`, `reaction_time`, `team_points`, `team_affiliation_id`, `is_personal_best`, `is_season_type_best`)
  VALUES (528503, 2, 1, 0, 0, 625.77, 625.77, 0, 45, 24, 93199, 30951, 219, 76494, 1, '2017-01-18 06:44:17', '2017-01-18 06:44:17', NULL, 0.0, 0.0, 0.0, 2461, 0, 0);

INSERT INTO `meeting_individual_results` (`id`, `rank`, `is_play_off`, `is_out_of_race`, `is_disqualified`, `standard_points`, `meeting_individual_points`, `minutes`, `seconds`, `hundreds`, `meeting_program_id`, `swimmer_id`, `team_id`, `badge_id`, `user_id`, `created_at`, `updated_at`, `disqualification_code_type_id`, `goggle_cup_points`, `reaction_time`, `team_points`, `team_affiliation_id`, `is_personal_best`, `is_season_type_best`)
  VALUES (528504, 1, 1, 0, 0, 751.92, 751.92, 0, 39, 2, 93200, 9877, 219, 58431, 1, '2017-01-18 06:44:17', '2017-01-18 06:44:17', NULL, 0.0, 0.0, 0.0, 2461, 0, 0);

INSERT INTO `meeting_individual_results` (`id`, `rank`, `is_play_off`, `is_out_of_race`, `is_disqualified`, `standard_points`, `meeting_individual_points`, `minutes`, `seconds`, `hundreds`, `meeting_program_id`, `swimmer_id`, `team_id`, `badge_id`, `user_id`, `created_at`, `updated_at`, `disqualification_code_type_id`, `goggle_cup_points`, `reaction_time`, `team_points`, `team_affiliation_id`, `is_personal_best`, `is_season_type_best`)
  VALUES (528505, 2, 1, 0, 0, 707.67, 707.67, 0, 41, 46, 93200, 11488, 16, 58542, 1, '2017-01-18 06:44:17', '2017-01-18 06:44:17', NULL, 0.0, 0.0, 0.0, 2685, 0, 0);

INSERT INTO `meeting_individual_results` (`id`, `rank`, `is_play_off`, `is_out_of_race`, `is_disqualified`, `standard_points`, `meeting_individual_points`, `minutes`, `seconds`, `hundreds`, `meeting_program_id`, `swimmer_id`, `team_id`, `badge_id`, `user_id`, `created_at`, `updated_at`, `disqualification_code_type_id`, `goggle_cup_points`, `reaction_time`, `team_points`, `team_affiliation_id`, `is_personal_best`, `is_season_type_best`)
  VALUES (528506, 1, 1, 0, 0, 647.0, 647.0, 0, 47, 96, 93201, 19528, 219, 73619, 1, '2017-01-18 06:44:17', '2017-01-18 06:44:17', NULL, 0.0, 0.0, 0.0, 2461, 0, 0);

INSERT INTO `meeting_individual_results` (`id`, `rank`, `is_play_off`, `is_out_of_race`, `is_disqualified`, `standard_points`, `meeting_individual_points`, `minutes`, `seconds`, `hundreds`, `meeting_program_id`, `swimmer_id`, `team_id`, `badge_id`, `user_id`, `created_at`, `updated_at`, `disqualification_code_type_id`, `goggle_cup_points`, `reaction_time`, `team_points`, `team_affiliation_id`, `is_personal_best`, `is_season_type_best`)
  VALUES (528507, 2, 1, 0, 0, 434.41, 434.41, 1, 11, 43, 93201, 30953, 329, 76483, 1, '2017-01-18 06:44:17', '2017-01-18 06:44:17', NULL, 0.0, 0.0, 0.0, 3581, 0, 0);

INSERT INTO `meeting_individual_results` (`id`, `rank`, `is_play_off`, `is_out_of_race`, `is_disqualified`, `standard_points`, `meeting_individual_points`, `minutes`, `seconds`, `hundreds`, `meeting_program_id`, `swimmer_id`, `team_id`, `badge_id`, `user_id`, `created_at`, `updated_at`, `disqualification_code_type_id`, `goggle_cup_points`, `reaction_time`, `team_points`, `team_affiliation_id`, `is_personal_best`, `is_season_type_best`)
  VALUES (528508, 1, 1, 0, 0, 854.01, 854.01, 0, 41, 10, 93202, 17779, 54, 67722, 1, '2017-01-18 06:44:17', '2017-01-18 06:44:17', NULL, 0.0, 0.0, 0.0, 2673, 0, 0);

INSERT INTO `meeting_individual_results` (`id`, `rank`, `is_play_off`, `is_out_of_race`, `is_disqualified`, `standard_points`, `meeting_individual_points`, `minutes`, `seconds`, `hundreds`, `meeting_program_id`, `swimmer_id`, `team_id`, `badge_id`, `user_id`, `created_at`, `updated_at`, `disqualification_code_type_id`, `goggle_cup_points`, `reaction_time`, `team_points`, `team_affiliation_id`, `is_personal_best`, `is_season_type_best`)
  VALUES (528509, 1, 1, 0, 0, 759.34, 759.34, 0, 53, 2, 93203, 7100, 219, 58440, 1, '2017-01-18 06:44:17', '2017-01-18 06:44:17', NULL, 0.0, 0.0, 0.0, 2461, 0, 0);

INSERT INTO `meeting_individual_results` (`id`, `rank`, `is_play_off`, `is_out_of_race`, `is_disqualified`, `standard_points`, `meeting_individual_points`, `minutes`, `seconds`, `hundreds`, `meeting_program_id`, `swimmer_id`, `team_id`, `badge_id`, `user_id`, `created_at`, `updated_at`, `disqualification_code_type_id`, `goggle_cup_points`, `reaction_time`, `team_points`, `team_affiliation_id`, `is_personal_best`, `is_season_type_best`)
  VALUES (528510, 1, 1, 0, 0, 928.71, 928.71, 0, 30, 2, 93204, 9833, 741, 58295, 1, '2017-01-18 06:44:17', '2017-01-18 06:44:17', NULL, 0.0, 0.0, 0.0, 2683, 0, 0);

INSERT INTO `meeting_individual_results` (`id`, `rank`, `is_play_off`, `is_out_of_race`, `is_disqualified`, `standard_points`, `meeting_individual_points`, `minutes`, `seconds`, `hundreds`, `meeting_program_id`, `swimmer_id`, `team_id`, `badge_id`, `user_id`, `created_at`, `updated_at`, `disqualification_code_type_id`, `goggle_cup_points`, `reaction_time`, `team_points`, `team_affiliation_id`, `is_personal_best`, `is_season_type_best`)
  VALUES (528511, 1, 1, 0, 0, 642.41, 642.41, 0, 44, 38, 93205, 6707, 321, 58299, 1, '2017-01-18 06:44:17', '2017-01-18 06:44:17', NULL, 0.0, 0.0, 0.0, 2643, 0, 0);

INSERT INTO `meeting_individual_results` (`id`, `rank`, `is_play_off`, `is_out_of_race`, `is_disqualified`, `standard_points`, `meeting_individual_points`, `minutes`, `seconds`, `hundreds`, `meeting_program_id`, `swimmer_id`, `team_id`, `badge_id`, `user_id`, `created_at`, `updated_at`, `disqualification_code_type_id`, `goggle_cup_points`, `reaction_time`, `team_points`, `team_affiliation_id`, `is_personal_best`, `is_season_type_best`)
  VALUES (528512, 1, 1, 0, 0, 776.08, 776.08, 0, 37, 87, 93206, 27739, 219, 58375, 1, '2017-01-18 06:44:17', '2017-01-18 06:44:17', NULL, 0.0, 0.0, 0.0, 2461, 0, 0);

INSERT INTO `meeting_individual_results` (`id`, `rank`, `is_play_off`, `is_out_of_race`, `is_disqualified`, `standard_points`, `meeting_individual_points`, `minutes`, `seconds`, `hundreds`, `meeting_program_id`, `swimmer_id`, `team_id`, `badge_id`, `user_id`, `created_at`, `updated_at`, `disqualification_code_type_id`, `goggle_cup_points`, `reaction_time`, `team_points`, `team_affiliation_id`, `is_personal_best`, `is_season_type_best`)
  VALUES (528513, 1, 1, 0, 0, 768.1, 768.1, 0, 39, 63, 93207, 16697, 716, 58257, 1, '2017-01-18 06:44:18', '2017-01-18 06:44:18', NULL, 0.0, 0.0, 0.0, 2498, 0, 0);

INSERT INTO `meeting_individual_results` (`id`, `rank`, `is_play_off`, `is_out_of_race`, `is_disqualified`, `standard_points`, `meeting_individual_points`, `minutes`, `seconds`, `hundreds`, `meeting_program_id`, `swimmer_id`, `team_id`, `badge_id`, `user_id`, `created_at`, `updated_at`, `disqualification_code_type_id`, `goggle_cup_points`, `reaction_time`, `team_points`, `team_affiliation_id`, `is_personal_best`, `is_season_type_best`)
  VALUES (528514, 1, 1, 0, 0, 562.49, 562.49, 1, 10, 33, 93208, 7059, 219, 58388, 1, '2017-01-18 06:44:18', '2017-01-18 06:44:18', NULL, 0.0, 0.0, 0.0, 2461, 0, 0);

INSERT INTO `meeting_individual_results` (`id`, `rank`, `is_play_off`, `is_out_of_race`, `is_disqualified`, `standard_points`, `meeting_individual_points`, `minutes`, `seconds`, `hundreds`, `meeting_program_id`, `swimmer_id`, `team_id`, `badge_id`, `user_id`, `created_at`, `updated_at`, `disqualification_code_type_id`, `goggle_cup_points`, `reaction_time`, `team_points`, `team_affiliation_id`, `is_personal_best`, `is_season_type_best`)
  VALUES (528515, 1, 1, 0, 0, 797.2, 797.2, 0, 29, 98, 93209, 27791, 976, 58261, 1, '2017-01-18 06:44:18', '2017-01-18 06:44:18', NULL, 0.0, 0.0, 0.0, 2496, 0, 0);

INSERT INTO `meeting_individual_results` (`id`, `rank`, `is_play_off`, `is_out_of_race`, `is_disqualified`, `standard_points`, `meeting_individual_points`, `minutes`, `seconds`, `hundreds`, `meeting_program_id`, `swimmer_id`, `team_id`, `badge_id`, `user_id`, `created_at`, `updated_at`, `disqualification_code_type_id`, `goggle_cup_points`, `reaction_time`, `team_points`, `team_affiliation_id`, `is_personal_best`, `is_season_type_best`)
  VALUES (528516, 2, 1, 0, 0, 622.4, 622.4, 0, 38, 40, 93209, 27789, 218, 58516, 1, '2017-01-18 06:44:18', '2017-01-18 06:44:18', NULL, 0.0, 0.0, 0.0, 2680, 0, 0);

INSERT INTO `meeting_individual_results` (`id`, `rank`, `is_play_off`, `is_out_of_race`, `is_disqualified`, `standard_points`, `meeting_individual_points`, `minutes`, `seconds`, `hundreds`, `meeting_program_id`, `swimmer_id`, `team_id`, `badge_id`, `user_id`, `created_at`, `updated_at`, `disqualification_code_type_id`, `goggle_cup_points`, `reaction_time`, `team_points`, `team_affiliation_id`, `is_personal_best`, `is_season_type_best`)
  VALUES (528517, 1, 1, 0, 0, 719.67, 719.67, 0, 33, 71, 93210, 19585, 424, 62570, 1, '2017-01-18 06:44:18', '2017-01-18 06:44:18', NULL, 0.0, 0.0, 0.0, 2675, 0, 0);

INSERT INTO `meeting_individual_results` (`id`, `rank`, `is_play_off`, `is_out_of_race`, `is_disqualified`, `standard_points`, `meeting_individual_points`, `minutes`, `seconds`, `hundreds`, `meeting_program_id`, `swimmer_id`, `team_id`, `badge_id`, `user_id`, `created_at`, `updated_at`, `disqualification_code_type_id`, `goggle_cup_points`, `reaction_time`, `team_points`, `team_affiliation_id`, `is_personal_best`, `is_season_type_best`)
  VALUES (528518, 2, 1, 0, 0, 694.93, 694.93, 0, 34, 91, 93210, 23168, 298, 73671, 1, '2017-01-18 06:44:18', '2017-01-18 06:44:18', NULL, 0.0, 0.0, 0.0, 2852, 0, 0);

INSERT INTO `meeting_individual_results` (`id`, `rank`, `is_play_off`, `is_out_of_race`, `is_disqualified`, `standard_points`, `meeting_individual_points`, `minutes`, `seconds`, `hundreds`, `meeting_program_id`, `swimmer_id`, `team_id`, `badge_id`, `user_id`, `created_at`, `updated_at`, `disqualification_code_type_id`, `goggle_cup_points`, `reaction_time`, `team_points`, `team_affiliation_id`, `is_personal_best`, `is_season_type_best`)
  VALUES (528519, 1, 1, 0, 0, 802.35, 802.35, 0, 30, 61, 93211, 27734, 741, 58557, 1, '2017-01-18 06:44:18', '2017-01-18 06:44:18', NULL, 0.0, 0.0, 0.0, 2683, 0, 0);

INSERT INTO `meeting_individual_results` (`id`, `rank`, `is_play_off`, `is_out_of_race`, `is_disqualified`, `standard_points`, `meeting_individual_points`, `minutes`, `seconds`, `hundreds`, `meeting_program_id`, `swimmer_id`, `team_id`, `badge_id`, `user_id`, `created_at`, `updated_at`, `disqualification_code_type_id`, `goggle_cup_points`, `reaction_time`, `team_points`, `team_affiliation_id`, `is_personal_best`, `is_season_type_best`)
  VALUES (528520, 2, 1, 0, 0, 796.37, 796.37, 0, 30, 84, 93211, 7911, 741, 76500, 1, '2017-01-18 06:44:18', '2017-01-18 06:44:18', NULL, 0.0, 0.0, 0.0, 2683, 0, 0);

INSERT INTO `meeting_individual_results` (`id`, `rank`, `is_play_off`, `is_out_of_race`, `is_disqualified`, `standard_points`, `meeting_individual_points`, `minutes`, `seconds`, `hundreds`, `meeting_program_id`, `swimmer_id`, `team_id`, `badge_id`, `user_id`, `created_at`, `updated_at`, `disqualification_code_type_id`, `goggle_cup_points`, `reaction_time`, `team_points`, `team_affiliation_id`, `is_personal_best`, `is_season_type_best`)
  VALUES (528521, 3, 1, 0, 0, 661.82, 661.82, 0, 37, 11, 93211, 19568, 741, 76487, 1, '2017-01-18 06:44:18', '2017-01-18 06:44:18', NULL, 0.0, 0.0, 0.0, 2683, 0, 0);

INSERT INTO `meeting_individual_results` (`id`, `rank`, `is_play_off`, `is_out_of_race`, `is_disqualified`, `standard_points`, `meeting_individual_points`, `minutes`, `seconds`, `hundreds`, `meeting_program_id`, `swimmer_id`, `team_id`, `badge_id`, `user_id`, `created_at`, `updated_at`, `disqualification_code_type_id`, `goggle_cup_points`, `reaction_time`, `team_points`, `team_affiliation_id`, `is_personal_best`, `is_season_type_best`)
  VALUES (528522, 4, 1, 0, 0, 625.89, 625.89, 0, 39, 24, 93211, 28508, 366, 62596, 1, '2017-01-18 06:44:18', '2017-01-18 06:44:18', NULL, 0.0, 0.0, 0.0, 2855, 0, 0);

INSERT INTO `meeting_individual_results` (`id`, `rank`, `is_play_off`, `is_out_of_race`, `is_disqualified`, `standard_points`, `meeting_individual_points`, `minutes`, `seconds`, `hundreds`, `meeting_program_id`, `swimmer_id`, `team_id`, `badge_id`, `user_id`, `created_at`, `updated_at`, `disqualification_code_type_id`, `goggle_cup_points`, `reaction_time`, `team_points`, `team_affiliation_id`, `is_personal_best`, `is_season_type_best`)
  VALUES (528523, 5, 1, 0, 0, 568.26, 568.26, 0, 43, 22, 93211, 6706, 366, 62578, 1, '2017-01-18 06:44:18', '2017-01-18 06:44:18', NULL, 0.0, 0.0, 0.0, 2855, 0, 0);

INSERT INTO `meeting_individual_results` (`id`, `rank`, `is_play_off`, `is_out_of_race`, `is_disqualified`, `standard_points`, `meeting_individual_points`, `minutes`, `seconds`, `hundreds`, `meeting_program_id`, `swimmer_id`, `team_id`, `badge_id`, `user_id`, `created_at`, `updated_at`, `disqualification_code_type_id`, `goggle_cup_points`, `reaction_time`, `team_points`, `team_affiliation_id`, `is_personal_best`, `is_season_type_best`)
  VALUES (528524, 1, 1, 0, 0, 884.28, 884.28, 0, 28, 43, 93212, 9887, 741, 58403, 1, '2017-01-18 06:44:18', '2017-01-18 06:44:18', NULL, 0.0, 0.0, 0.0, 2683, 0, 0);

INSERT INTO `meeting_individual_results` (`id`, `rank`, `is_play_off`, `is_out_of_race`, `is_disqualified`, `standard_points`, `meeting_individual_points`, `minutes`, `seconds`, `hundreds`, `meeting_program_id`, `swimmer_id`, `team_id`, `badge_id`, `user_id`, `created_at`, `updated_at`, `disqualification_code_type_id`, `goggle_cup_points`, `reaction_time`, `team_points`, `team_affiliation_id`, `is_personal_best`, `is_season_type_best`)
  VALUES (528525, 2, 1, 0, 0, 810.71, 810.71, 0, 31, 1, 93212, 7939, 424, 58524, 1, '2017-01-18 06:44:18', '2017-01-18 06:44:18', NULL, 0.0, 0.0, 0.0, 2675, 0, 0);

INSERT INTO `meeting_individual_results` (`id`, `rank`, `is_play_off`, `is_out_of_race`, `is_disqualified`, `standard_points`, `meeting_individual_points`, `minutes`, `seconds`, `hundreds`, `meeting_program_id`, `swimmer_id`, `team_id`, `badge_id`, `user_id`, `created_at`, `updated_at`, `disqualification_code_type_id`, `goggle_cup_points`, `reaction_time`, `team_points`, `team_affiliation_id`, `is_personal_best`, `is_season_type_best`)
  VALUES (528526, 3, 1, 0, 0, 752.69, 752.69, 0, 33, 40, 93212, 9712, 741, 76489, 1, '2017-01-18 06:44:18', '2017-01-18 06:44:18', NULL, 0.0, 0.0, 0.0, 2683, 0, 0);

INSERT INTO `meeting_individual_results` (`id`, `rank`, `is_play_off`, `is_out_of_race`, `is_disqualified`, `standard_points`, `meeting_individual_points`, `minutes`, `seconds`, `hundreds`, `meeting_program_id`, `swimmer_id`, `team_id`, `badge_id`, `user_id`, `created_at`, `updated_at`, `disqualification_code_type_id`, `goggle_cup_points`, `reaction_time`, `team_points`, `team_affiliation_id`, `is_personal_best`, `is_season_type_best`)
  VALUES (528527, 4, 1, 0, 0, 684.64, 684.64, 0, 36, 72, 93212, 30950, 329, 76497, 1, '2017-01-18 06:44:18', '2017-01-18 06:44:18', NULL, 0.0, 0.0, 0.0, 3581, 0, 0);

INSERT INTO `meeting_individual_results` (`id`, `rank`, `is_play_off`, `is_out_of_race`, `is_disqualified`, `standard_points`, `meeting_individual_points`, `minutes`, `seconds`, `hundreds`, `meeting_program_id`, `swimmer_id`, `team_id`, `badge_id`, `user_id`, `created_at`, `updated_at`, `disqualification_code_type_id`, `goggle_cup_points`, `reaction_time`, `team_points`, `team_affiliation_id`, `is_personal_best`, `is_season_type_best`)
  VALUES (528528, 1, 1, 0, 0, 775.41, 775.41, 0, 33, 35, 93213, 27212, 393, 62883, 1, '2017-01-18 06:44:18', '2017-01-18 06:44:18', NULL, 0.0, 0.0, 0.0, 2678, 0, 0);

INSERT INTO `meeting_individual_results` (`id`, `rank`, `is_play_off`, `is_out_of_race`, `is_disqualified`, `standard_points`, `meeting_individual_points`, `minutes`, `seconds`, `hundreds`, `meeting_program_id`, `swimmer_id`, `team_id`, `badge_id`, `user_id`, `created_at`, `updated_at`, `disqualification_code_type_id`, `goggle_cup_points`, `reaction_time`, `team_points`, `team_affiliation_id`, `is_personal_best`, `is_season_type_best`)
  VALUES (528529, 2, 1, 0, 0, 684.49, 684.49, 0, 37, 78, 93213, 11445, 16, 58220, 1, '2017-01-18 06:44:18', '2017-01-18 06:44:18', NULL, 0.0, 0.0, 0.0, 2685, 0, 0);

INSERT INTO `meeting_individual_results` (`id`, `rank`, `is_play_off`, `is_out_of_race`, `is_disqualified`, `standard_points`, `meeting_individual_points`, `minutes`, `seconds`, `hundreds`, `meeting_program_id`, `swimmer_id`, `team_id`, `badge_id`, `user_id`, `created_at`, `updated_at`, `disqualification_code_type_id`, `goggle_cup_points`, `reaction_time`, `team_points`, `team_affiliation_id`, `is_personal_best`, `is_season_type_best`)
  VALUES (528530, 3, 1, 0, 0, 625.7, 625.7, 0, 41, 33, 93213, 11483, 321, 62584, 1, '2017-01-18 06:44:18', '2017-01-18 06:44:18', NULL, 0.0, 0.0, 0.0, 2643, 0, 0);

INSERT INTO `meeting_individual_results` (`id`, `rank`, `is_play_off`, `is_out_of_race`, `is_disqualified`, `standard_points`, `meeting_individual_points`, `minutes`, `seconds`, `hundreds`, `meeting_program_id`, `swimmer_id`, `team_id`, `badge_id`, `user_id`, `created_at`, `updated_at`, `disqualification_code_type_id`, `goggle_cup_points`, `reaction_time`, `team_points`, `team_affiliation_id`, `is_personal_best`, `is_season_type_best`)
  VALUES (528531, 4, 1, 0, 0, 556.01, 556.01, 0, 46, 51, 93213, 2586, 118, 61559, 1, '2017-01-18 06:44:18', '2017-01-18 06:44:18', NULL, 0.0, 0.0, 0.0, 2611, 0, 0);

INSERT INTO `meeting_individual_results` (`id`, `rank`, `is_play_off`, `is_out_of_race`, `is_disqualified`, `standard_points`, `meeting_individual_points`, `minutes`, `seconds`, `hundreds`, `meeting_program_id`, `swimmer_id`, `team_id`, `badge_id`, `user_id`, `created_at`, `updated_at`, `disqualification_code_type_id`, `goggle_cup_points`, `reaction_time`, `team_points`, `team_affiliation_id`, `is_personal_best`, `is_season_type_best`)
  VALUES (528532, 1, 1, 0, 0, 771.71, 771.71, 0, 34, 43, 93214, 3496, 991, 59864, 1, '2017-01-18 06:44:19', '2017-01-18 06:44:19', NULL, 0.0, 0.0, 0.0, 2749, 0, 0);

INSERT INTO `meeting_individual_results` (`id`, `rank`, `is_play_off`, `is_out_of_race`, `is_disqualified`, `standard_points`, `meeting_individual_points`, `minutes`, `seconds`, `hundreds`, `meeting_program_id`, `swimmer_id`, `team_id`, `badge_id`, `user_id`, `created_at`, `updated_at`, `disqualification_code_type_id`, `goggle_cup_points`, `reaction_time`, `team_points`, `team_affiliation_id`, `is_personal_best`, `is_season_type_best`)
  VALUES (528533, 2, 1, 0, 0, 765.93, 765.93, 0, 34, 69, 93214, 19542, 54, 62574, 1, '2017-01-18 06:44:19', '2017-01-18 06:44:19', NULL, 0.0, 0.0, 0.0, 2673, 0, 0);

INSERT INTO `meeting_individual_results` (`id`, `rank`, `is_play_off`, `is_out_of_race`, `is_disqualified`, `standard_points`, `meeting_individual_points`, `minutes`, `seconds`, `hundreds`, `meeting_program_id`, `swimmer_id`, `team_id`, `badge_id`, `user_id`, `created_at`, `updated_at`, `disqualification_code_type_id`, `goggle_cup_points`, `reaction_time`, `team_points`, `team_affiliation_id`, `is_personal_best`, `is_season_type_best`)
  VALUES (528534, 3, 1, 0, 0, 723.19, 723.19, 0, 36, 74, 93214, 13153, 297, 58425, 1, '2017-01-18 06:44:19', '2017-01-18 06:44:19', NULL, 0.0, 0.0, 0.0, 2677, 0, 0);

INSERT INTO `meeting_individual_results` (`id`, `rank`, `is_play_off`, `is_out_of_race`, `is_disqualified`, `standard_points`, `meeting_individual_points`, `minutes`, `seconds`, `hundreds`, `meeting_program_id`, `swimmer_id`, `team_id`, `badge_id`, `user_id`, `created_at`, `updated_at`, `disqualification_code_type_id`, `goggle_cup_points`, `reaction_time`, `team_points`, `team_affiliation_id`, `is_personal_best`, `is_season_type_best`)
  VALUES (528535, 4, 1, 0, 0, 684.09, 684.09, 0, 38, 84, 93214, 7286, 320, 73643, 1, '2017-01-18 06:44:19', '2017-01-18 06:44:19', NULL, 0.0, 0.0, 0.0, 2699, 0, 0);

INSERT INTO `meeting_individual_results` (`id`, `rank`, `is_play_off`, `is_out_of_race`, `is_disqualified`, `standard_points`, `meeting_individual_points`, `minutes`, `seconds`, `hundreds`, `meeting_program_id`, `swimmer_id`, `team_id`, `badge_id`, `user_id`, `created_at`, `updated_at`, `disqualification_code_type_id`, `goggle_cup_points`, `reaction_time`, `team_points`, `team_affiliation_id`, `is_personal_best`, `is_season_type_best`)
  VALUES (528536, 5, 1, 0, 0, 552.74, 552.74, 0, 48, 7, 93214, 3591, 209, 57451, 1, '2017-01-18 06:44:19', '2017-01-18 06:44:19', NULL, 0.0, 0.0, 0.0, 2628, 0, 0);

INSERT INTO `meeting_individual_results` (`id`, `rank`, `is_play_off`, `is_out_of_race`, `is_disqualified`, `standard_points`, `meeting_individual_points`, `minutes`, `seconds`, `hundreds`, `meeting_program_id`, `swimmer_id`, `team_id`, `badge_id`, `user_id`, `created_at`, `updated_at`, `disqualification_code_type_id`, `goggle_cup_points`, `reaction_time`, `team_points`, `team_affiliation_id`, `is_personal_best`, `is_season_type_best`)
  VALUES (528537, 1, 1, 0, 0, 740.02, 740.02, 0, 36, 81, 93215, 2007, 976, 58284, 1, '2017-01-18 06:44:19', '2017-01-18 06:44:19', NULL, 0.0, 0.0, 0.0, 2496, 0, 0);

INSERT INTO `meeting_individual_results` (`id`, `rank`, `is_play_off`, `is_out_of_race`, `is_disqualified`, `standard_points`, `meeting_individual_points`, `minutes`, `seconds`, `hundreds`, `meeting_program_id`, `swimmer_id`, `team_id`, `badge_id`, `user_id`, `created_at`, `updated_at`, `disqualification_code_type_id`, `goggle_cup_points`, `reaction_time`, `team_points`, `team_affiliation_id`, `is_personal_best`, `is_season_type_best`)
  VALUES (528538, 1, 1, 0, 0, 844.9, 844.9, 0, 33, 72, 93216, 8161, 991, 62587, 1, '2017-01-18 06:44:19', '2017-01-18 06:44:19', NULL, 0.0, 0.0, 0.0, 2749, 0, 0);

INSERT INTO `meeting_individual_results` (`id`, `rank`, `is_play_off`, `is_out_of_race`, `is_disqualified`, `standard_points`, `meeting_individual_points`, `minutes`, `seconds`, `hundreds`, `meeting_program_id`, `swimmer_id`, `team_id`, `badge_id`, `user_id`, `created_at`, `updated_at`, `disqualification_code_type_id`, `goggle_cup_points`, `reaction_time`, `team_points`, `team_affiliation_id`, `is_personal_best`, `is_season_type_best`)
  VALUES (528539, 2, 1, 0, 0, 647.35, 647.35, 0, 44, 1, 93216, 24280, 321, 58492, 1, '2017-01-18 06:44:19', '2017-01-18 06:44:19', NULL, 0.0, 0.0, 0.0, 2643, 0, 0);

INSERT INTO `meeting_individual_results` (`id`, `rank`, `is_play_off`, `is_out_of_race`, `is_disqualified`, `standard_points`, `meeting_individual_points`, `minutes`, `seconds`, `hundreds`, `meeting_program_id`, `swimmer_id`, `team_id`, `badge_id`, `user_id`, `created_at`, `updated_at`, `disqualification_code_type_id`, `goggle_cup_points`, `reaction_time`, `team_points`, `team_affiliation_id`, `is_personal_best`, `is_season_type_best`)
  VALUES (528540, 1, 1, 0, 0, 758.66, 758.66, 0, 39, 28, 93217, 7348, 219, 58352, 1, '2017-01-18 06:44:19', '2017-01-18 06:44:19', NULL, 0.0, 0.0, 0.0, 2461, 0, 0);

INSERT INTO `meeting_individual_results` (`id`, `rank`, `is_play_off`, `is_out_of_race`, `is_disqualified`, `standard_points`, `meeting_individual_points`, `minutes`, `seconds`, `hundreds`, `meeting_program_id`, `swimmer_id`, `team_id`, `badge_id`, `user_id`, `created_at`, `updated_at`, `disqualification_code_type_id`, `goggle_cup_points`, `reaction_time`, `team_points`, `team_affiliation_id`, `is_personal_best`, `is_season_type_best`)
  VALUES (528541, 1, 1, 0, 0, 678.06, 678.06, 0, 48, 55, 93218, 7054, 111, 58506, 1, '2017-01-18 06:44:19', '2017-01-18 06:44:19', NULL, 0.0, 0.0, 0.0, 2463, 0, 0);

INSERT INTO `meeting_individual_results` (`id`, `rank`, `is_play_off`, `is_out_of_race`, `is_disqualified`, `standard_points`, `meeting_individual_points`, `minutes`, `seconds`, `hundreds`, `meeting_program_id`, `swimmer_id`, `team_id`, `badge_id`, `user_id`, `created_at`, `updated_at`, `disqualification_code_type_id`, `goggle_cup_points`, `reaction_time`, `team_points`, `team_affiliation_id`, `is_personal_best`, `is_season_type_best`)
  VALUES (528542, 2, 1, 0, 0, 670.47, 670.47, 0, 49, 10, 93218, 28502, 424, 62546, 1, '2017-01-18 06:44:19', '2017-01-18 06:44:19', NULL, 0.0, 0.0, 0.0, 2675, 0, 0);

INSERT INTO `meeting_individual_results` (`id`, `rank`, `is_play_off`, `is_out_of_race`, `is_disqualified`, `standard_points`, `meeting_individual_points`, `minutes`, `seconds`, `hundreds`, `meeting_program_id`, `swimmer_id`, `team_id`, `badge_id`, `user_id`, `created_at`, `updated_at`, `disqualification_code_type_id`, `goggle_cup_points`, `reaction_time`, `team_points`, `team_affiliation_id`, `is_personal_best`, `is_season_type_best`)
  VALUES (528543, 1, 1, 0, 0, 633.57, 633.57, 0, 52, 97, 93219, 7903, 741, 58301, 1, '2017-01-18 06:44:19', '2017-01-18 06:44:19', NULL, 0.0, 0.0, 0.0, 2683, 0, 0);

INSERT INTO `meeting_individual_results` (`id`, `rank`, `is_play_off`, `is_out_of_race`, `is_disqualified`, `standard_points`, `meeting_individual_points`, `minutes`, `seconds`, `hundreds`, `meeting_program_id`, `swimmer_id`, `team_id`, `badge_id`, `user_id`, `created_at`, `updated_at`, `disqualification_code_type_id`, `goggle_cup_points`, `reaction_time`, `team_points`, `team_affiliation_id`, `is_personal_best`, `is_season_type_best`)
  VALUES (528544, 2, 1, 0, 0, 565.08, 565.08, 0, 59, 39, 93219, 4987, 976, 62058, 1, '2017-01-18 06:44:19', '2017-01-18 06:44:19', NULL, 0.0, 0.0, 0.0, 2496, 0, 0);

INSERT INTO `meeting_individual_results` (`id`, `rank`, `is_play_off`, `is_out_of_race`, `is_disqualified`, `standard_points`, `meeting_individual_points`, `minutes`, `seconds`, `hundreds`, `meeting_program_id`, `swimmer_id`, `team_id`, `badge_id`, `user_id`, `created_at`, `updated_at`, `disqualification_code_type_id`, `goggle_cup_points`, `reaction_time`, `team_points`, `team_affiliation_id`, `is_personal_best`, `is_season_type_best`)
  VALUES (528545, 1, 1, 0, 0, 602.87, 602.87, 0, 59, 30, 93220, 1900, 716, 55839, 1, '2017-01-18 06:44:19', '2017-01-18 06:44:19', NULL, 0.0, 0.0, 0.0, 2498, 0, 0);

INSERT INTO `meeting_individual_results` (`id`, `rank`, `is_play_off`, `is_out_of_race`, `is_disqualified`, `standard_points`, `meeting_individual_points`, `minutes`, `seconds`, `hundreds`, `meeting_program_id`, `swimmer_id`, `team_id`, `badge_id`, `user_id`, `created_at`, `updated_at`, `disqualification_code_type_id`, `goggle_cup_points`, `reaction_time`, `team_points`, `team_affiliation_id`, `is_personal_best`, `is_season_type_best`)
  VALUES (528546, 2, 1, 0, 0, 551.44, 551.44, 1, 4, 83, 93220, 6877, 219, 55695, 1, '2017-01-18 06:44:19', '2017-01-18 06:44:19', NULL, 0.0, 0.0, 0.0, 2461, 0, 0);

INSERT INTO `meeting_individual_results` (`id`, `rank`, `is_play_off`, `is_out_of_race`, `is_disqualified`, `standard_points`, `meeting_individual_points`, `minutes`, `seconds`, `hundreds`, `meeting_program_id`, `swimmer_id`, `team_id`, `badge_id`, `user_id`, `created_at`, `updated_at`, `disqualification_code_type_id`, `goggle_cup_points`, `reaction_time`, `team_points`, `team_affiliation_id`, `is_personal_best`, `is_season_type_best`)
  VALUES (528547, 1, 1, 0, 0, 653.96, 653.96, 1, 1, 38, 93221, 7112, 387, 76485, 1, '2017-01-18 06:44:19', '2017-01-18 06:44:19', NULL, 0.0, 0.0, 0.0, 3577, 0, 0);

INSERT INTO `meeting_individual_results` (`id`, `rank`, `is_play_off`, `is_out_of_race`, `is_disqualified`, `standard_points`, `meeting_individual_points`, `minutes`, `seconds`, `hundreds`, `meeting_program_id`, `swimmer_id`, `team_id`, `badge_id`, `user_id`, `created_at`, `updated_at`, `disqualification_code_type_id`, `goggle_cup_points`, `reaction_time`, `team_points`, `team_affiliation_id`, `is_personal_best`, `is_season_type_best`)
  VALUES (528548, 1, 1, 0, 0, 724.79, 724.79, 0, 58, 21, 93222, 1916, 741, 58259, 1, '2017-01-18 06:44:19', '2017-01-18 06:44:19', NULL, 0.0, 0.0, 0.0, 2683, 0, 0);

INSERT INTO `meeting_individual_results` (`id`, `rank`, `is_play_off`, `is_out_of_race`, `is_disqualified`, `standard_points`, `meeting_individual_points`, `minutes`, `seconds`, `hundreds`, `meeting_program_id`, `swimmer_id`, `team_id`, `badge_id`, `user_id`, `created_at`, `updated_at`, `disqualification_code_type_id`, `goggle_cup_points`, `reaction_time`, `team_points`, `team_affiliation_id`, `is_personal_best`, `is_season_type_best`)
  VALUES (528549, 1, 1, 0, 0, 671.84, 671.84, 0, 41, 23, 93223, 27626, 685, 57522, 1, '2017-01-18 06:44:19', '2017-01-18 06:44:19', NULL, 0.0, 0.0, 0.0, 2641, 0, 0);

INSERT INTO `meeting_individual_results` (`id`, `rank`, `is_play_off`, `is_out_of_race`, `is_disqualified`, `standard_points`, `meeting_individual_points`, `minutes`, `seconds`, `hundreds`, `meeting_program_id`, `swimmer_id`, `team_id`, `badge_id`, `user_id`, `created_at`, `updated_at`, `disqualification_code_type_id`, `goggle_cup_points`, `reaction_time`, `team_points`, `team_affiliation_id`, `is_personal_best`, `is_season_type_best`)
  VALUES (528550, 2, 1, 0, 0, 671.03, 671.03, 0, 41, 28, 93223, 24276, 321, 58515, 1, '2017-01-18 06:44:19', '2017-01-18 06:44:19', NULL, 0.0, 0.0, 0.0, 2643, 0, 0);

INSERT INTO `meeting_individual_results` (`id`, `rank`, `is_play_off`, `is_out_of_race`, `is_disqualified`, `standard_points`, `meeting_individual_points`, `minutes`, `seconds`, `hundreds`, `meeting_program_id`, `swimmer_id`, `team_id`, `badge_id`, `user_id`, `created_at`, `updated_at`, `disqualification_code_type_id`, `goggle_cup_points`, `reaction_time`, `team_points`, `team_affiliation_id`, `is_personal_best`, `is_season_type_best`)
  VALUES (528551, 1, 1, 0, 0, 840.16, 840.16, 0, 33, 22, 93224, 6071, 976, 58463, 1, '2017-01-18 06:44:20', '2017-01-18 06:44:20', NULL, 0.0, 0.0, 0.0, 2496, 0, 0);

INSERT INTO `meeting_individual_results` (`id`, `rank`, `is_play_off`, `is_out_of_race`, `is_disqualified`, `standard_points`, `meeting_individual_points`, `minutes`, `seconds`, `hundreds`, `meeting_program_id`, `swimmer_id`, `team_id`, `badge_id`, `user_id`, `created_at`, `updated_at`, `disqualification_code_type_id`, `goggle_cup_points`, `reaction_time`, `team_points`, `team_affiliation_id`, `is_personal_best`, `is_season_type_best`)
  VALUES (528552, 2, 1, 0, 0, 702.49, 702.49, 0, 39, 73, 93224, 25123, 298, 67836, 1, '2017-01-18 06:44:20', '2017-01-18 06:44:20', NULL, 0.0, 0.0, 0.0, 2852, 0, 0);

INSERT INTO `meeting_individual_results` (`id`, `rank`, `is_play_off`, `is_out_of_race`, `is_disqualified`, `standard_points`, `meeting_individual_points`, `minutes`, `seconds`, `hundreds`, `meeting_program_id`, `swimmer_id`, `team_id`, `badge_id`, `user_id`, `created_at`, `updated_at`, `disqualification_code_type_id`, `goggle_cup_points`, `reaction_time`, `team_points`, `team_affiliation_id`, `is_personal_best`, `is_season_type_best`)
  VALUES (528553, 1, 1, 0, 0, 794.91, 794.91, 0, 36, 13, 93225, 7911, 741, 76500, 1, '2017-01-18 06:44:20', '2017-01-18 06:44:20', NULL, 0.0, 0.0, 0.0, 2683, 0, 0);

INSERT INTO `meeting_individual_results` (`id`, `rank`, `is_play_off`, `is_out_of_race`, `is_disqualified`, `standard_points`, `meeting_individual_points`, `minutes`, `seconds`, `hundreds`, `meeting_program_id`, `swimmer_id`, `team_id`, `badge_id`, `user_id`, `created_at`, `updated_at`, `disqualification_code_type_id`, `goggle_cup_points`, `reaction_time`, `team_points`, `team_affiliation_id`, `is_personal_best`, `is_season_type_best`)
  VALUES (528554, 2, 1, 0, 0, 774.33, 774.33, 0, 37, 9, 93225, 26751, 878, 76486, 1, '2017-01-18 06:44:20', '2017-01-18 06:44:20', NULL, 0.0, 0.0, 0.0, 3579, 0, 0);

INSERT INTO `meeting_individual_results` (`id`, `rank`, `is_play_off`, `is_out_of_race`, `is_disqualified`, `standard_points`, `meeting_individual_points`, `minutes`, `seconds`, `hundreds`, `meeting_program_id`, `swimmer_id`, `team_id`, `badge_id`, `user_id`, `created_at`, `updated_at`, `disqualification_code_type_id`, `goggle_cup_points`, `reaction_time`, `team_points`, `team_affiliation_id`, `is_personal_best`, `is_season_type_best`)
  VALUES (528555, 3, 1, 0, 0, 762.21, 762.21, 0, 37, 68, 93225, 30952, 741, 76501, 1, '2017-01-18 06:44:20', '2017-01-18 06:44:20', NULL, 0.0, 0.0, 0.0, 2683, 0, 0);

INSERT INTO `meeting_individual_results` (`id`, `rank`, `is_play_off`, `is_out_of_race`, `is_disqualified`, `standard_points`, `meeting_individual_points`, `minutes`, `seconds`, `hundreds`, `meeting_program_id`, `swimmer_id`, `team_id`, `badge_id`, `user_id`, `created_at`, `updated_at`, `disqualification_code_type_id`, `goggle_cup_points`, `reaction_time`, `team_points`, `team_affiliation_id`, `is_personal_best`, `is_season_type_best`)
  VALUES (528556, 4, 1, 0, 0, 611.06, 611.06, 0, 47, 0, 93225, 28506, 366, 62597, 1, '2017-01-18 06:44:20', '2017-01-18 06:44:20', NULL, 0.0, 0.0, 0.0, 2855, 0, 0);

INSERT INTO `meeting_individual_results` (`id`, `rank`, `is_play_off`, `is_out_of_race`, `is_disqualified`, `standard_points`, `meeting_individual_points`, `minutes`, `seconds`, `hundreds`, `meeting_program_id`, `swimmer_id`, `team_id`, `badge_id`, `user_id`, `created_at`, `updated_at`, `disqualification_code_type_id`, `goggle_cup_points`, `reaction_time`, `team_points`, `team_affiliation_id`, `is_personal_best`, `is_season_type_best`)
  VALUES (528557, 1, 1, 0, 0, 861.52, 861.52, 0, 33, 58, 93226, 20950, 976, 58202, 1, '2017-01-18 06:44:20', '2017-01-18 06:44:20', NULL, 0.0, 0.0, 0.0, 2496, 0, 0);

INSERT INTO `meeting_individual_results` (`id`, `rank`, `is_play_off`, `is_out_of_race`, `is_disqualified`, `standard_points`, `meeting_individual_points`, `minutes`, `seconds`, `hundreds`, `meeting_program_id`, `swimmer_id`, `team_id`, `badge_id`, `user_id`, `created_at`, `updated_at`, `disqualification_code_type_id`, `goggle_cup_points`, `reaction_time`, `team_points`, `team_affiliation_id`, `is_personal_best`, `is_season_type_best`)
  VALUES (528558, 2, 1, 0, 0, 787.0, 787.0, 0, 36, 76, 93226, 7939, 424, 58524, 1, '2017-01-18 06:44:20', '2017-01-18 06:44:20', NULL, 0.0, 0.0, 0.0, 2675, 0, 0);

INSERT INTO `meeting_individual_results` (`id`, `rank`, `is_play_off`, `is_out_of_race`, `is_disqualified`, `standard_points`, `meeting_individual_points`, `minutes`, `seconds`, `hundreds`, `meeting_program_id`, `swimmer_id`, `team_id`, `badge_id`, `user_id`, `created_at`, `updated_at`, `disqualification_code_type_id`, `goggle_cup_points`, `reaction_time`, `team_points`, `team_affiliation_id`, `is_personal_best`, `is_season_type_best`)
  VALUES (528559, 3, 1, 0, 0, 742.37, 742.37, 0, 38, 97, 93226, 23189, 298, 62560, 1, '2017-01-18 06:44:20', '2017-01-18 06:44:20', NULL, 0.0, 0.0, 0.0, 2852, 0, 0);

INSERT INTO `meeting_individual_results` (`id`, `rank`, `is_play_off`, `is_out_of_race`, `is_disqualified`, `standard_points`, `meeting_individual_points`, `minutes`, `seconds`, `hundreds`, `meeting_program_id`, `swimmer_id`, `team_id`, `badge_id`, `user_id`, `created_at`, `updated_at`, `disqualification_code_type_id`, `goggle_cup_points`, `reaction_time`, `team_points`, `team_affiliation_id`, `is_personal_best`, `is_season_type_best`)
  VALUES (528560, 4, 1, 0, 0, 662.01, 662.01, 0, 43, 70, 93226, 13100, 297, 58526, 1, '2017-01-18 06:44:20', '2017-01-18 06:44:20', NULL, 0.0, 0.0, 0.0, 2677, 0, 0);

INSERT INTO `meeting_individual_results` (`id`, `rank`, `is_play_off`, `is_out_of_race`, `is_disqualified`, `standard_points`, `meeting_individual_points`, `minutes`, `seconds`, `hundreds`, `meeting_program_id`, `swimmer_id`, `team_id`, `badge_id`, `user_id`, `created_at`, `updated_at`, `disqualification_code_type_id`, `goggle_cup_points`, `reaction_time`, `team_points`, `team_affiliation_id`, `is_personal_best`, `is_season_type_best`)
  VALUES (528561, 5, 1, 0, 0, 514.31, 514.31, 0, 56, 25, 93226, 27782, 321, 58412, 1, '2017-01-18 06:44:20', '2017-01-18 06:44:20', NULL, 0.0, 0.0, 0.0, 2643, 0, 0);

INSERT INTO `meeting_individual_results` (`id`, `rank`, `is_play_off`, `is_out_of_race`, `is_disqualified`, `standard_points`, `meeting_individual_points`, `minutes`, `seconds`, `hundreds`, `meeting_program_id`, `swimmer_id`, `team_id`, `badge_id`, `user_id`, `created_at`, `updated_at`, `disqualification_code_type_id`, `goggle_cup_points`, `reaction_time`, `team_points`, `team_affiliation_id`, `is_personal_best`, `is_season_type_best`)
  VALUES (528562, 6, 1, 0, 0, 483.78, 483.78, 0, 59, 80, 93226, 27749, 321, 58413, 1, '2017-01-18 06:44:20', '2017-01-18 06:44:20', NULL, 0.0, 0.0, 0.0, 2643, 0, 0);

INSERT INTO `meeting_individual_results` (`id`, `rank`, `is_play_off`, `is_out_of_race`, `is_disqualified`, `standard_points`, `meeting_individual_points`, `minutes`, `seconds`, `hundreds`, `meeting_program_id`, `swimmer_id`, `team_id`, `badge_id`, `user_id`, `created_at`, `updated_at`, `disqualification_code_type_id`, `goggle_cup_points`, `reaction_time`, `team_points`, `team_affiliation_id`, `is_personal_best`, `is_season_type_best`)
  VALUES (528563, 1, 1, 0, 0, 783.62, 783.62, 0, 37, 85, 93227, 27738, 368, 58276, 1, '2017-01-18 06:44:20', '2017-01-18 06:44:20', NULL, 0.0, 0.0, 0.0, 2682, 0, 0);

INSERT INTO `meeting_individual_results` (`id`, `rank`, `is_play_off`, `is_out_of_race`, `is_disqualified`, `standard_points`, `meeting_individual_points`, `minutes`, `seconds`, `hundreds`, `meeting_program_id`, `swimmer_id`, `team_id`, `badge_id`, `user_id`, `created_at`, `updated_at`, `disqualification_code_type_id`, `goggle_cup_points`, `reaction_time`, `team_points`, `team_affiliation_id`, `is_personal_best`, `is_season_type_best`)
  VALUES (528564, 2, 1, 0, 0, 766.61, 766.61, 0, 38, 69, 93227, 9793, 716, 55907, 1, '2017-01-18 06:44:20', '2017-01-18 06:44:20', NULL, 0.0, 0.0, 0.0, 2498, 0, 0);

INSERT INTO `meeting_individual_results` (`id`, `rank`, `is_play_off`, `is_out_of_race`, `is_disqualified`, `standard_points`, `meeting_individual_points`, `minutes`, `seconds`, `hundreds`, `meeting_program_id`, `swimmer_id`, `team_id`, `badge_id`, `user_id`, `created_at`, `updated_at`, `disqualification_code_type_id`, `goggle_cup_points`, `reaction_time`, `team_points`, `team_affiliation_id`, `is_personal_best`, `is_season_type_best`)
  VALUES (528565, 3, 1, 0, 0, 757.02, 757.02, 0, 39, 18, 93227, 7960, 424, 62554, 1, '2017-01-18 06:44:20', '2017-01-18 06:44:20', NULL, 0.0, 0.0, 0.0, 2675, 0, 0);

INSERT INTO `meeting_individual_results` (`id`, `rank`, `is_play_off`, `is_out_of_race`, `is_disqualified`, `standard_points`, `meeting_individual_points`, `minutes`, `seconds`, `hundreds`, `meeting_program_id`, `swimmer_id`, `team_id`, `badge_id`, `user_id`, `created_at`, `updated_at`, `disqualification_code_type_id`, `goggle_cup_points`, `reaction_time`, `team_points`, `team_affiliation_id`, `is_personal_best`, `is_season_type_best`)
  VALUES (528566, 4, 1, 0, 0, 662.5, 662.5, 0, 44, 77, 93227, 27256, 741, 58221, 1, '2017-01-18 06:44:20', '2017-01-18 06:44:20', NULL, 0.0, 0.0, 0.0, 2683, 0, 0);

INSERT INTO `meeting_individual_results` (`id`, `rank`, `is_play_off`, `is_out_of_race`, `is_disqualified`, `standard_points`, `meeting_individual_points`, `minutes`, `seconds`, `hundreds`, `meeting_program_id`, `swimmer_id`, `team_id`, `badge_id`, `user_id`, `created_at`, `updated_at`, `disqualification_code_type_id`, `goggle_cup_points`, `reaction_time`, `team_points`, `team_affiliation_id`, `is_personal_best`, `is_season_type_best`)
  VALUES (528567, 5, 1, 0, 0, 634.03, 634.03, 0, 46, 78, 93227, 4935, 716, 58421, 1, '2017-01-18 06:44:20', '2017-01-18 06:44:20', NULL, 0.0, 0.0, 0.0, 2498, 0, 0);

INSERT INTO `meeting_individual_results` (`id`, `rank`, `is_play_off`, `is_out_of_race`, `is_disqualified`, `standard_points`, `meeting_individual_points`, `minutes`, `seconds`, `hundreds`, `meeting_program_id`, `swimmer_id`, `team_id`, `badge_id`, `user_id`, `created_at`, `updated_at`, `disqualification_code_type_id`, `goggle_cup_points`, `reaction_time`, `team_points`, `team_affiliation_id`, `is_personal_best`, `is_season_type_best`)
  VALUES (528568, 6, 1, 0, 0, 630.53, 630.53, 0, 47, 4, 93227, 28514, 366, 62601, 1, '2017-01-18 06:44:20', '2017-01-18 06:44:20', NULL, 0.0, 0.0, 0.0, 2855, 0, 0);

INSERT INTO `meeting_individual_results` (`id`, `rank`, `is_play_off`, `is_out_of_race`, `is_disqualified`, `standard_points`, `meeting_individual_points`, `minutes`, `seconds`, `hundreds`, `meeting_program_id`, `swimmer_id`, `team_id`, `badge_id`, `user_id`, `created_at`, `updated_at`, `disqualification_code_type_id`, `goggle_cup_points`, `reaction_time`, `team_points`, `team_affiliation_id`, `is_personal_best`, `is_season_type_best`)
  VALUES (528569, 1, 1, 0, 0, 781.31, 781.31, 0, 39, 60, 93228, 19747, 685, 62604, 1, '2017-01-18 06:44:20', '2017-01-18 06:44:20', NULL, 0.0, 0.0, 0.0, 2641, 0, 0);

INSERT INTO `meeting_individual_results` (`id`, `rank`, `is_play_off`, `is_out_of_race`, `is_disqualified`, `standard_points`, `meeting_individual_points`, `minutes`, `seconds`, `hundreds`, `meeting_program_id`, `swimmer_id`, `team_id`, `badge_id`, `user_id`, `created_at`, `updated_at`, `disqualification_code_type_id`, `goggle_cup_points`, `reaction_time`, `team_points`, `team_affiliation_id`, `is_personal_best`, `is_season_type_best`)
  VALUES (528570, 2, 1, 0, 0, 734.57, 734.57, 0, 42, 12, 93228, 7309, 320, 62561, 1, '2017-01-18 06:44:20', '2017-01-18 06:44:20', NULL, 0.0, 0.0, 0.0, 2699, 0, 0);

INSERT INTO `meeting_individual_results` (`id`, `rank`, `is_play_off`, `is_out_of_race`, `is_disqualified`, `standard_points`, `meeting_individual_points`, `minutes`, `seconds`, `hundreds`, `meeting_program_id`, `swimmer_id`, `team_id`, `badge_id`, `user_id`, `created_at`, `updated_at`, `disqualification_code_type_id`, `goggle_cup_points`, `reaction_time`, `team_points`, `team_affiliation_id`, `is_personal_best`, `is_season_type_best`)
  VALUES (528571, 3, 1, 0, 0, 717.7, 717.7, 0, 43, 11, 93228, 22005, 111, 56411, 1, '2017-01-18 06:44:21', '2017-01-18 06:44:21', NULL, 0.0, 0.0, 0.0, 2463, 0, 0);

INSERT INTO `meeting_individual_results` (`id`, `rank`, `is_play_off`, `is_out_of_race`, `is_disqualified`, `standard_points`, `meeting_individual_points`, `minutes`, `seconds`, `hundreds`, `meeting_program_id`, `swimmer_id`, `team_id`, `badge_id`, `user_id`, `created_at`, `updated_at`, `disqualification_code_type_id`, `goggle_cup_points`, `reaction_time`, `team_points`, `team_affiliation_id`, `is_personal_best`, `is_season_type_best`)
  VALUES (528572, 4, 1, 0, 0, 691.55, 691.55, 0, 44, 74, 93228, 1998, 716, 58282, 1, '2017-01-18 06:44:21', '2017-01-18 06:44:21', NULL, 0.0, 0.0, 0.0, 2498, 0, 0);

INSERT INTO `meeting_individual_results` (`id`, `rank`, `is_play_off`, `is_out_of_race`, `is_disqualified`, `standard_points`, `meeting_individual_points`, `minutes`, `seconds`, `hundreds`, `meeting_program_id`, `swimmer_id`, `team_id`, `badge_id`, `user_id`, `created_at`, `updated_at`, `disqualification_code_type_id`, `goggle_cup_points`, `reaction_time`, `team_points`, `team_affiliation_id`, `is_personal_best`, `is_season_type_best`)
  VALUES (528573, 5, 1, 0, 0, 627.71, 627.71, 0, 49, 29, 93228, 21328, 219, 55753, 1, '2017-01-18 06:44:21', '2017-01-18 06:44:21', NULL, 0.0, 0.0, 0.0, 2461, 0, 0);

INSERT INTO `meeting_individual_results` (`id`, `rank`, `is_play_off`, `is_out_of_race`, `is_disqualified`, `standard_points`, `meeting_individual_points`, `minutes`, `seconds`, `hundreds`, `meeting_program_id`, `swimmer_id`, `team_id`, `badge_id`, `user_id`, `created_at`, `updated_at`, `disqualification_code_type_id`, `goggle_cup_points`, `reaction_time`, `team_points`, `team_affiliation_id`, `is_personal_best`, `is_season_type_best`)
  VALUES (528574, 1, 1, 0, 0, 908.94, 908.94, 0, 35, 3, 93229, 7334, 219, 58539, 1, '2017-01-18 06:44:21', '2017-01-18 06:44:21', NULL, 0.0, 0.0, 0.0, 2461, 0, 0);

INSERT INTO `meeting_individual_results` (`id`, `rank`, `is_play_off`, `is_out_of_race`, `is_disqualified`, `standard_points`, `meeting_individual_points`, `minutes`, `seconds`, `hundreds`, `meeting_program_id`, `swimmer_id`, `team_id`, `badge_id`, `user_id`, `created_at`, `updated_at`, `disqualification_code_type_id`, `goggle_cup_points`, `reaction_time`, `team_points`, `team_affiliation_id`, `is_personal_best`, `is_season_type_best`)
  VALUES (528575, 1, 1, 0, 0, 727.17, 727.17, 0, 45, 45, 93230, 18712, 741, 58349, 1, '2017-01-18 06:44:21', '2017-01-18 06:44:21', NULL, 0.0, 0.0, 0.0, 2683, 0, 0);

INSERT INTO `meeting_individual_results` (`id`, `rank`, `is_play_off`, `is_out_of_race`, `is_disqualified`, `standard_points`, `meeting_individual_points`, `minutes`, `seconds`, `hundreds`, `meeting_program_id`, `swimmer_id`, `team_id`, `badge_id`, `user_id`, `created_at`, `updated_at`, `disqualification_code_type_id`, `goggle_cup_points`, `reaction_time`, `team_points`, `team_affiliation_id`, `is_personal_best`, `is_season_type_best`)
  VALUES (528576, 1, 1, 0, 0, 763.78, 763.78, 0, 33, 57, 93231, 12459, 878, 76484, 1, '2017-01-18 06:44:21', '2017-01-18 06:44:21', NULL, 0.0, 0.0, 0.0, 3579, 0, 0);

INSERT INTO `meeting_individual_results` (`id`, `rank`, `is_play_off`, `is_out_of_race`, `is_disqualified`, `standard_points`, `meeting_individual_points`, `minutes`, `seconds`, `hundreds`, `meeting_program_id`, `swimmer_id`, `team_id`, `badge_id`, `user_id`, `created_at`, `updated_at`, `disqualification_code_type_id`, `goggle_cup_points`, `reaction_time`, `team_points`, `team_affiliation_id`, `is_personal_best`, `is_season_type_best`)
  VALUES (528577, 1, 1, 0, 0, 789.52, 789.52, 0, 32, 64, 93232, 7035, 976, 58447, 1, '2017-01-18 06:44:21', '2017-01-18 06:44:21', NULL, 0.0, 0.0, 0.0, 2496, 0, 0);

INSERT INTO `meeting_individual_results` (`id`, `rank`, `is_play_off`, `is_out_of_race`, `is_disqualified`, `standard_points`, `meeting_individual_points`, `minutes`, `seconds`, `hundreds`, `meeting_program_id`, `swimmer_id`, `team_id`, `badge_id`, `user_id`, `created_at`, `updated_at`, `disqualification_code_type_id`, `goggle_cup_points`, `reaction_time`, `team_points`, `team_affiliation_id`, `is_personal_best`, `is_season_type_best`)
  VALUES (528578, 2, 1, 0, 0, 735.45, 735.45, 0, 35, 4, 93232, 1884, 716, 58504, 1, '2017-01-18 06:44:21', '2017-01-18 06:44:21', NULL, 0.0, 0.0, 0.0, 2498, 0, 0);

INSERT INTO `meeting_individual_results` (`id`, `rank`, `is_play_off`, `is_out_of_race`, `is_disqualified`, `standard_points`, `meeting_individual_points`, `minutes`, `seconds`, `hundreds`, `meeting_program_id`, `swimmer_id`, `team_id`, `badge_id`, `user_id`, `created_at`, `updated_at`, `disqualification_code_type_id`, `goggle_cup_points`, `reaction_time`, `team_points`, `team_affiliation_id`, `is_personal_best`, `is_season_type_best`)
  VALUES (528579, 1, 1, 0, 0, 864.92, 864.92, 0, 30, 87, 93233, 4919, 976, 58300, 1, '2017-01-18 06:44:21', '2017-01-18 06:44:21', NULL, 0.0, 0.0, 0.0, 2496, 0, 0);

INSERT INTO `meeting_individual_results` (`id`, `rank`, `is_play_off`, `is_out_of_race`, `is_disqualified`, `standard_points`, `meeting_individual_points`, `minutes`, `seconds`, `hundreds`, `meeting_program_id`, `swimmer_id`, `team_id`, `badge_id`, `user_id`, `created_at`, `updated_at`, `disqualification_code_type_id`, `goggle_cup_points`, `reaction_time`, `team_points`, `team_affiliation_id`, `is_personal_best`, `is_season_type_best`)
  VALUES (528580, 2, 1, 0, 0, 585.65, 585.65, 0, 45, 59, 93233, 4987, 976, 62058, 1, '2017-01-18 06:44:21', '2017-01-18 06:44:21', NULL, 0.0, 0.0, 0.0, 2496, 0, 0);

INSERT INTO `meeting_individual_results` (`id`, `rank`, `is_play_off`, `is_out_of_race`, `is_disqualified`, `standard_points`, `meeting_individual_points`, `minutes`, `seconds`, `hundreds`, `meeting_program_id`, `swimmer_id`, `team_id`, `badge_id`, `user_id`, `created_at`, `updated_at`, `disqualification_code_type_id`, `goggle_cup_points`, `reaction_time`, `team_points`, `team_affiliation_id`, `is_personal_best`, `is_season_type_best`)
  VALUES (528581, 1, 1, 0, 0, 755.73, 755.73, 0, 35, 78, 93234, 21836, 219, 58162, 1, '2017-01-18 06:44:21', '2017-01-18 06:44:21', NULL, 0.0, 0.0, 0.0, 2461, 0, 0);

INSERT INTO `meeting_individual_results` (`id`, `rank`, `is_play_off`, `is_out_of_race`, `is_disqualified`, `standard_points`, `meeting_individual_points`, `minutes`, `seconds`, `hundreds`, `meeting_program_id`, `swimmer_id`, `team_id`, `badge_id`, `user_id`, `created_at`, `updated_at`, `disqualification_code_type_id`, `goggle_cup_points`, `reaction_time`, `team_points`, `team_affiliation_id`, `is_personal_best`, `is_season_type_best`)
  VALUES (528582, 2, 1, 0, 0, 695.83, 695.83, 0, 38, 86, 93234, 6165, 741, 76495, 1, '2017-01-18 06:44:21', '2017-01-18 06:44:21', NULL, 0.0, 0.0, 0.0, 2683, 0, 0);

INSERT INTO `meeting_individual_results` (`id`, `rank`, `is_play_off`, `is_out_of_race`, `is_disqualified`, `standard_points`, `meeting_individual_points`, `minutes`, `seconds`, `hundreds`, `meeting_program_id`, `swimmer_id`, `team_id`, `badge_id`, `user_id`, `created_at`, `updated_at`, `disqualification_code_type_id`, `goggle_cup_points`, `reaction_time`, `team_points`, `team_affiliation_id`, `is_personal_best`, `is_season_type_best`)
  VALUES (528583, 3, 1, 0, 0, 577.65, 577.65, 0, 46, 81, 93234, 18660, 54, 58255, 1, '2017-01-18 06:44:21', '2017-01-18 06:44:21', NULL, 0.0, 0.0, 0.0, 2673, 0, 0);

INSERT INTO `meeting_individual_results` (`id`, `rank`, `is_play_off`, `is_out_of_race`, `is_disqualified`, `standard_points`, `meeting_individual_points`, `minutes`, `seconds`, `hundreds`, `meeting_program_id`, `swimmer_id`, `team_id`, `badge_id`, `user_id`, `created_at`, `updated_at`, `disqualification_code_type_id`, `goggle_cup_points`, `reaction_time`, `team_points`, `team_affiliation_id`, `is_personal_best`, `is_season_type_best`)
  VALUES (528584, 1, 1, 0, 0, 816.21, 816.21, 0, 27, 26, 93235, 20968, 741, 63952, 1, '2017-01-18 06:44:21', '2017-01-18 06:44:21', NULL, 0.0, 0.0, 0.0, 2683, 0, 0);

INSERT INTO `meeting_individual_results` (`id`, `rank`, `is_play_off`, `is_out_of_race`, `is_disqualified`, `standard_points`, `meeting_individual_points`, `minutes`, `seconds`, `hundreds`, `meeting_program_id`, `swimmer_id`, `team_id`, `badge_id`, `user_id`, `created_at`, `updated_at`, `disqualification_code_type_id`, `goggle_cup_points`, `reaction_time`, `team_points`, `team_affiliation_id`, `is_personal_best`, `is_season_type_best`)
  VALUES (528585, 2, 1, 0, 0, 717.51, 717.51, 0, 31, 1, 93235, 28107, 321, 62550, 1, '2017-01-18 06:44:21', '2017-01-18 06:44:21', NULL, 0.0, 0.0, 0.0, 2643, 0, 0);

INSERT INTO `meeting_individual_results` (`id`, `rank`, `is_play_off`, `is_out_of_race`, `is_disqualified`, `standard_points`, `meeting_individual_points`, `minutes`, `seconds`, `hundreds`, `meeting_program_id`, `swimmer_id`, `team_id`, `badge_id`, `user_id`, `created_at`, `updated_at`, `disqualification_code_type_id`, `goggle_cup_points`, `reaction_time`, `team_points`, `team_affiliation_id`, `is_personal_best`, `is_season_type_best`)
  VALUES (528586, 3, 1, 0, 0, 699.47, 699.47, 0, 31, 81, 93235, 24289, 321, 62577, 1, '2017-01-18 06:44:21', '2017-01-18 06:44:21', NULL, 0.0, 0.0, 0.0, 2643, 0, 0);

INSERT INTO `meeting_individual_results` (`id`, `rank`, `is_play_off`, `is_out_of_race`, `is_disqualified`, `standard_points`, `meeting_individual_points`, `minutes`, `seconds`, `hundreds`, `meeting_program_id`, `swimmer_id`, `team_id`, `badge_id`, `user_id`, `created_at`, `updated_at`, `disqualification_code_type_id`, `goggle_cup_points`, `reaction_time`, `team_points`, `team_affiliation_id`, `is_personal_best`, `is_season_type_best`)
  VALUES (528587, 4, 1, 0, 0, 681.47, 681.47, 0, 32, 65, 93235, 24276, 321, 58515, 1, '2017-01-18 06:44:21', '2017-01-18 06:44:21', NULL, 0.0, 0.0, 0.0, 2643, 0, 0);

INSERT INTO `meeting_individual_results` (`id`, `rank`, `is_play_off`, `is_out_of_race`, `is_disqualified`, `standard_points`, `meeting_individual_points`, `minutes`, `seconds`, `hundreds`, `meeting_program_id`, `swimmer_id`, `team_id`, `badge_id`, `user_id`, `created_at`, `updated_at`, `disqualification_code_type_id`, `goggle_cup_points`, `reaction_time`, `team_points`, `team_affiliation_id`, `is_personal_best`, `is_season_type_best`)
  VALUES (528588, 1, 1, 0, 0, 833.64, 833.64, 0, 26, 75, 93236, 6832, 741, 58183, 1, '2017-01-18 06:44:21', '2017-01-18 06:44:21', NULL, 0.0, 0.0, 0.0, 2683, 0, 0);

INSERT INTO `meeting_individual_results` (`id`, `rank`, `is_play_off`, `is_out_of_race`, `is_disqualified`, `standard_points`, `meeting_individual_points`, `minutes`, `seconds`, `hundreds`, `meeting_program_id`, `swimmer_id`, `team_id`, `badge_id`, `user_id`, `created_at`, `updated_at`, `disqualification_code_type_id`, `goggle_cup_points`, `reaction_time`, `team_points`, `team_affiliation_id`, `is_personal_best`, `is_season_type_best`)
  VALUES (528589, 1, 1, 0, 0, 807.72, 807.72, 0, 28, 24, 93237, 7988, 976, 58268, 1, '2017-01-18 06:44:22', '2017-01-18 06:44:22', NULL, 0.0, 0.0, 0.0, 2496, 0, 0);

INSERT INTO `meeting_individual_results` (`id`, `rank`, `is_play_off`, `is_out_of_race`, `is_disqualified`, `standard_points`, `meeting_individual_points`, `minutes`, `seconds`, `hundreds`, `meeting_program_id`, `swimmer_id`, `team_id`, `badge_id`, `user_id`, `created_at`, `updated_at`, `disqualification_code_type_id`, `goggle_cup_points`, `reaction_time`, `team_points`, `team_affiliation_id`, `is_personal_best`, `is_season_type_best`)
  VALUES (528590, 2, 1, 0, 0, 756.05, 756.05, 0, 30, 17, 93237, 28510, 298, 62552, 1, '2017-01-18 06:44:22', '2017-01-18 06:44:22', NULL, 0.0, 0.0, 0.0, 2852, 0, 0);

INSERT INTO `meeting_individual_results` (`id`, `rank`, `is_play_off`, `is_out_of_race`, `is_disqualified`, `standard_points`, `meeting_individual_points`, `minutes`, `seconds`, `hundreds`, `meeting_program_id`, `swimmer_id`, `team_id`, `badge_id`, `user_id`, `created_at`, `updated_at`, `disqualification_code_type_id`, `goggle_cup_points`, `reaction_time`, `team_points`, `team_affiliation_id`, `is_personal_best`, `is_season_type_best`)
  VALUES (528591, 3, 1, 0, 0, 713.93, 713.93, 0, 31, 95, 93237, 27727, 741, 58199, 1, '2017-01-18 06:44:22', '2017-01-18 06:44:22', NULL, 0.0, 0.0, 0.0, 2683, 0, 0);

INSERT INTO `meeting_individual_results` (`id`, `rank`, `is_play_off`, `is_out_of_race`, `is_disqualified`, `standard_points`, `meeting_individual_points`, `minutes`, `seconds`, `hundreds`, `meeting_program_id`, `swimmer_id`, `team_id`, `badge_id`, `user_id`, `created_at`, `updated_at`, `disqualification_code_type_id`, `goggle_cup_points`, `reaction_time`, `team_points`, `team_affiliation_id`, `is_personal_best`, `is_season_type_best`)
  VALUES (528592, 4, 1, 0, 0, 705.54, 705.54, 0, 32, 33, 93237, 28508, 366, 62596, 1, '2017-01-18 06:44:22', '2017-01-18 06:44:22', NULL, 0.0, 0.0, 0.0, 2855, 0, 0);

INSERT INTO `meeting_individual_results` (`id`, `rank`, `is_play_off`, `is_out_of_race`, `is_disqualified`, `standard_points`, `meeting_individual_points`, `minutes`, `seconds`, `hundreds`, `meeting_program_id`, `swimmer_id`, `team_id`, `badge_id`, `user_id`, `created_at`, `updated_at`, `disqualification_code_type_id`, `goggle_cup_points`, `reaction_time`, `team_points`, `team_affiliation_id`, `is_personal_best`, `is_season_type_best`)
  VALUES (528593, 5, 1, 0, 0, 694.16, 694.16, 0, 32, 86, 93237, 30952, 741, 76501, 1, '2017-01-18 06:44:22', '2017-01-18 06:44:22', NULL, 0.0, 0.0, 0.0, 2683, 0, 0);

INSERT INTO `meeting_individual_results` (`id`, `rank`, `is_play_off`, `is_out_of_race`, `is_disqualified`, `standard_points`, `meeting_individual_points`, `minutes`, `seconds`, `hundreds`, `meeting_program_id`, `swimmer_id`, `team_id`, `badge_id`, `user_id`, `created_at`, `updated_at`, `disqualification_code_type_id`, `goggle_cup_points`, `reaction_time`, `team_points`, `team_affiliation_id`, `is_personal_best`, `is_season_type_best`)
  VALUES (528594, 6, 1, 0, 0, 662.31, 662.31, 0, 34, 44, 93237, 19758, 685, 57416, 1, '2017-01-18 06:44:22', '2017-01-18 06:44:22', NULL, 0.0, 0.0, 0.0, 2641, 0, 0);

INSERT INTO `meeting_individual_results` (`id`, `rank`, `is_play_off`, `is_out_of_race`, `is_disqualified`, `standard_points`, `meeting_individual_points`, `minutes`, `seconds`, `hundreds`, `meeting_program_id`, `swimmer_id`, `team_id`, `badge_id`, `user_id`, `created_at`, `updated_at`, `disqualification_code_type_id`, `goggle_cup_points`, `reaction_time`, `team_points`, `team_affiliation_id`, `is_personal_best`, `is_season_type_best`)
  VALUES (528595, 7, 1, 0, 0, 592.31, 592.31, 0, 38, 51, 93237, 28506, 366, 62597, 1, '2017-01-18 06:44:22', '2017-01-18 06:44:22', NULL, 0.0, 0.0, 0.0, 2855, 0, 0);

INSERT INTO `meeting_individual_results` (`id`, `rank`, `is_play_off`, `is_out_of_race`, `is_disqualified`, `standard_points`, `meeting_individual_points`, `minutes`, `seconds`, `hundreds`, `meeting_program_id`, `swimmer_id`, `team_id`, `badge_id`, `user_id`, `created_at`, `updated_at`, `disqualification_code_type_id`, `goggle_cup_points`, `reaction_time`, `team_points`, `team_affiliation_id`, `is_personal_best`, `is_season_type_best`)
  VALUES (528596, 1, 1, 0, 0, 847.88, 847.88, 0, 27, 61, 93238, 27193, 741, 58271, 1, '2017-01-18 06:44:22', '2017-01-18 06:44:22', NULL, 0.0, 0.0, 0.0, 2683, 0, 0);

INSERT INTO `meeting_individual_results` (`id`, `rank`, `is_play_off`, `is_out_of_race`, `is_disqualified`, `standard_points`, `meeting_individual_points`, `minutes`, `seconds`, `hundreds`, `meeting_program_id`, `swimmer_id`, `team_id`, `badge_id`, `user_id`, `created_at`, `updated_at`, `disqualification_code_type_id`, `goggle_cup_points`, `reaction_time`, `team_points`, `team_affiliation_id`, `is_personal_best`, `is_season_type_best`)
  VALUES (528597, 2, 1, 0, 0, 784.78, 784.78, 0, 29, 83, 93238, 22091, 16, 58205, 1, '2017-01-18 06:44:22', '2017-01-18 06:44:22', NULL, 0.0, 0.0, 0.0, 2685, 0, 0);

INSERT INTO `meeting_individual_results` (`id`, `rank`, `is_play_off`, `is_out_of_race`, `is_disqualified`, `standard_points`, `meeting_individual_points`, `minutes`, `seconds`, `hundreds`, `meeting_program_id`, `swimmer_id`, `team_id`, `badge_id`, `user_id`, `created_at`, `updated_at`, `disqualification_code_type_id`, `goggle_cup_points`, `reaction_time`, `team_points`, `team_affiliation_id`, `is_personal_best`, `is_season_type_best`)
  VALUES (528598, 3, 1, 0, 0, 688.73, 688.73, 0, 33, 99, 93238, 27786, 321, 58577, 1, '2017-01-18 06:44:22', '2017-01-18 06:44:22', NULL, 0.0, 0.0, 0.0, 2643, 0, 0);

INSERT INTO `meeting_individual_results` (`id`, `rank`, `is_play_off`, `is_out_of_race`, `is_disqualified`, `standard_points`, `meeting_individual_points`, `minutes`, `seconds`, `hundreds`, `meeting_program_id`, `swimmer_id`, `team_id`, `badge_id`, `user_id`, `created_at`, `updated_at`, `disqualification_code_type_id`, `goggle_cup_points`, `reaction_time`, `team_points`, `team_affiliation_id`, `is_personal_best`, `is_season_type_best`)
  VALUES (528599, 4, 1, 0, 0, 643.66, 643.66, 0, 36, 37, 93238, 27749, 321, 58413, 1, '2017-01-18 06:44:22', '2017-01-18 06:44:22', NULL, 0.0, 0.0, 0.0, 2643, 0, 0);

INSERT INTO `meeting_individual_results` (`id`, `rank`, `is_play_off`, `is_out_of_race`, `is_disqualified`, `standard_points`, `meeting_individual_points`, `minutes`, `seconds`, `hundreds`, `meeting_program_id`, `swimmer_id`, `team_id`, `badge_id`, `user_id`, `created_at`, `updated_at`, `disqualification_code_type_id`, `goggle_cup_points`, `reaction_time`, `team_points`, `team_affiliation_id`, `is_personal_best`, `is_season_type_best`)
  VALUES (528600, 5, 1, 0, 0, 642.25, 642.25, 0, 36, 45, 93238, 27782, 321, 58412, 1, '2017-01-18 06:44:22', '2017-01-18 06:44:22', NULL, 0.0, 0.0, 0.0, 2643, 0, 0);

INSERT INTO `meeting_individual_results` (`id`, `rank`, `is_play_off`, `is_out_of_race`, `is_disqualified`, `standard_points`, `meeting_individual_points`, `minutes`, `seconds`, `hundreds`, `meeting_program_id`, `swimmer_id`, `team_id`, `badge_id`, `user_id`, `created_at`, `updated_at`, `disqualification_code_type_id`, `goggle_cup_points`, `reaction_time`, `team_points`, `team_affiliation_id`, `is_personal_best`, `is_season_type_best`)
  VALUES (528601, 6, 1, 0, 0, 625.6, 625.6, 0, 37, 42, 93238, 27890, 878, 76493, 1, '2017-01-18 06:44:22', '2017-01-18 06:44:22', NULL, 0.0, 0.0, 0.0, 3579, 0, 0);

INSERT INTO `meeting_individual_results` (`id`, `rank`, `is_play_off`, `is_out_of_race`, `is_disqualified`, `standard_points`, `meeting_individual_points`, `minutes`, `seconds`, `hundreds`, `meeting_program_id`, `swimmer_id`, `team_id`, `badge_id`, `user_id`, `created_at`, `updated_at`, `disqualification_code_type_id`, `goggle_cup_points`, `reaction_time`, `team_points`, `team_affiliation_id`, `is_personal_best`, `is_season_type_best`)
  VALUES (528602, 7, 1, 0, 0, 538.53, 538.53, 0, 43, 47, 93238, 27763, 321, 58414, 1, '2017-01-18 06:44:22', '2017-01-18 06:44:22', NULL, 0.0, 0.0, 0.0, 2643, 0, 0);

INSERT INTO `meeting_individual_results` (`id`, `rank`, `is_play_off`, `is_out_of_race`, `is_disqualified`, `standard_points`, `meeting_individual_points`, `minutes`, `seconds`, `hundreds`, `meeting_program_id`, `swimmer_id`, `team_id`, `badge_id`, `user_id`, `created_at`, `updated_at`, `disqualification_code_type_id`, `goggle_cup_points`, `reaction_time`, `team_points`, `team_affiliation_id`, `is_personal_best`, `is_season_type_best`)
  VALUES (528603, 1, 1, 0, 0, 790.77, 790.77, 0, 30, 11, 93239, 11515, 741, 58327, 1, '2017-01-18 06:44:22', '2017-01-18 06:44:22', NULL, 0.0, 0.0, 0.0, 2683, 0, 0);

INSERT INTO `meeting_individual_results` (`id`, `rank`, `is_play_off`, `is_out_of_race`, `is_disqualified`, `standard_points`, `meeting_individual_points`, `minutes`, `seconds`, `hundreds`, `meeting_program_id`, `swimmer_id`, `team_id`, `badge_id`, `user_id`, `created_at`, `updated_at`, `disqualification_code_type_id`, `goggle_cup_points`, `reaction_time`, `team_points`, `team_affiliation_id`, `is_personal_best`, `is_season_type_best`)
  VALUES (528604, 2, 1, 0, 0, 701.53, 701.53, 0, 33, 94, 93239, 27799, 716, 58218, 1, '2017-01-18 06:44:22', '2017-01-18 06:44:22', NULL, 0.0, 0.0, 0.0, 2498, 0, 0);

INSERT INTO `meeting_individual_results` (`id`, `rank`, `is_play_off`, `is_out_of_race`, `is_disqualified`, `standard_points`, `meeting_individual_points`, `minutes`, `seconds`, `hundreds`, `meeting_program_id`, `swimmer_id`, `team_id`, `badge_id`, `user_id`, `created_at`, `updated_at`, `disqualification_code_type_id`, `goggle_cup_points`, `reaction_time`, `team_points`, `team_affiliation_id`, `is_personal_best`, `is_season_type_best`)
  VALUES (528605, 3, 1, 0, 0, 669.57, 669.57, 0, 35, 56, 93239, 27256, 741, 58221, 1, '2017-01-18 06:44:22', '2017-01-18 06:44:22', NULL, 0.0, 0.0, 0.0, 2683, 0, 0);

INSERT INTO `meeting_individual_results` (`id`, `rank`, `is_play_off`, `is_out_of_race`, `is_disqualified`, `standard_points`, `meeting_individual_points`, `minutes`, `seconds`, `hundreds`, `meeting_program_id`, `swimmer_id`, `team_id`, `badge_id`, `user_id`, `created_at`, `updated_at`, `disqualification_code_type_id`, `goggle_cup_points`, `reaction_time`, `team_points`, `team_affiliation_id`, `is_personal_best`, `is_season_type_best`)
  VALUES (528606, 4, 1, 0, 0, 664.71, 664.71, 0, 35, 82, 93239, 11483, 321, 62584, 1, '2017-01-18 06:44:22', '2017-01-18 06:44:22', NULL, 0.0, 0.0, 0.0, 2643, 0, 0);

INSERT INTO `meeting_individual_results` (`id`, `rank`, `is_play_off`, `is_out_of_race`, `is_disqualified`, `standard_points`, `meeting_individual_points`, `minutes`, `seconds`, `hundreds`, `meeting_program_id`, `swimmer_id`, `team_id`, `badge_id`, `user_id`, `created_at`, `updated_at`, `disqualification_code_type_id`, `goggle_cup_points`, `reaction_time`, `team_points`, `team_affiliation_id`, `is_personal_best`, `is_season_type_best`)
  VALUES (528607, 5, 1, 0, 0, 653.4, 653.4, 0, 36, 44, 93239, 4935, 716, 58421, 1, '2017-01-18 06:44:22', '2017-01-18 06:44:22', NULL, 0.0, 0.0, 0.0, 2498, 0, 0);

INSERT INTO `meeting_individual_results` (`id`, `rank`, `is_play_off`, `is_out_of_race`, `is_disqualified`, `standard_points`, `meeting_individual_points`, `minutes`, `seconds`, `hundreds`, `meeting_program_id`, `swimmer_id`, `team_id`, `badge_id`, `user_id`, `created_at`, `updated_at`, `disqualification_code_type_id`, `goggle_cup_points`, `reaction_time`, `team_points`, `team_affiliation_id`, `is_personal_best`, `is_season_type_best`)
  VALUES (528608, 6, 1, 0, 0, 584.44, 584.44, 0, 40, 74, 93239, 28514, 366, 62601, 1, '2017-01-18 06:44:23', '2017-01-18 06:44:23', NULL, 0.0, 0.0, 0.0, 2855, 0, 0);

INSERT INTO `meeting_individual_results` (`id`, `rank`, `is_play_off`, `is_out_of_race`, `is_disqualified`, `standard_points`, `meeting_individual_points`, `minutes`, `seconds`, `hundreds`, `meeting_program_id`, `swimmer_id`, `team_id`, `badge_id`, `user_id`, `created_at`, `updated_at`, `disqualification_code_type_id`, `goggle_cup_points`, `reaction_time`, `team_points`, `team_affiliation_id`, `is_personal_best`, `is_season_type_best`)
  VALUES (528609, 1, 1, 0, 0, 900.18, 900.18, 0, 27, 35, 93240, 9897, 741, 58338, 1, '2017-01-18 06:44:23', '2017-01-18 06:44:23', NULL, 0.0, 0.0, 0.0, 2683, 0, 0);

INSERT INTO `meeting_individual_results` (`id`, `rank`, `is_play_off`, `is_out_of_race`, `is_disqualified`, `standard_points`, `meeting_individual_points`, `minutes`, `seconds`, `hundreds`, `meeting_program_id`, `swimmer_id`, `team_id`, `badge_id`, `user_id`, `created_at`, `updated_at`, `disqualification_code_type_id`, `goggle_cup_points`, `reaction_time`, `team_points`, `team_affiliation_id`, `is_personal_best`, `is_season_type_best`)
  VALUES (528610, 2, 1, 0, 0, 863.86, 863.86, 0, 28, 50, 93240, 22051, 298, 62603, 1, '2017-01-18 06:44:23', '2017-01-18 06:44:23', NULL, 0.0, 0.0, 0.0, 2852, 0, 0);

INSERT INTO `meeting_individual_results` (`id`, `rank`, `is_play_off`, `is_out_of_race`, `is_disqualified`, `standard_points`, `meeting_individual_points`, `minutes`, `seconds`, `hundreds`, `meeting_program_id`, `swimmer_id`, `team_id`, `badge_id`, `user_id`, `created_at`, `updated_at`, `disqualification_code_type_id`, `goggle_cup_points`, `reaction_time`, `team_points`, `team_affiliation_id`, `is_personal_best`, `is_season_type_best`)
  VALUES (528611, 3, 1, 0, 0, 822.59, 822.59, 0, 29, 93, 93240, 7918, 741, 58339, 1, '2017-01-18 06:44:23', '2017-01-18 06:44:23', NULL, 0.0, 0.0, 0.0, 2683, 0, 0);

INSERT INTO `meeting_individual_results` (`id`, `rank`, `is_play_off`, `is_out_of_race`, `is_disqualified`, `standard_points`, `meeting_individual_points`, `minutes`, `seconds`, `hundreds`, `meeting_program_id`, `swimmer_id`, `team_id`, `badge_id`, `user_id`, `created_at`, `updated_at`, `disqualification_code_type_id`, `goggle_cup_points`, `reaction_time`, `team_points`, `team_affiliation_id`, `is_personal_best`, `is_season_type_best`)
  VALUES (528612, 4, 1, 0, 0, 808.54, 808.54, 0, 30, 45, 93240, 19747, 685, 62604, 1, '2017-01-18 06:44:23', '2017-01-18 06:44:23', NULL, 0.0, 0.0, 0.0, 2641, 0, 0);

INSERT INTO `meeting_individual_results` (`id`, `rank`, `is_play_off`, `is_out_of_race`, `is_disqualified`, `standard_points`, `meeting_individual_points`, `minutes`, `seconds`, `hundreds`, `meeting_program_id`, `swimmer_id`, `team_id`, `badge_id`, `user_id`, `created_at`, `updated_at`, `disqualification_code_type_id`, `goggle_cup_points`, `reaction_time`, `team_points`, `team_affiliation_id`, `is_personal_best`, `is_season_type_best`)
  VALUES (528613, 5, 1, 0, 0, 770.34, 770.34, 0, 31, 96, 93240, 7286, 320, 73643, 1, '2017-01-18 06:44:23', '2017-01-18 06:44:23', NULL, 0.0, 0.0, 0.0, 2699, 0, 0);

INSERT INTO `meeting_individual_results` (`id`, `rank`, `is_play_off`, `is_out_of_race`, `is_disqualified`, `standard_points`, `meeting_individual_points`, `minutes`, `seconds`, `hundreds`, `meeting_program_id`, `swimmer_id`, `team_id`, `badge_id`, `user_id`, `created_at`, `updated_at`, `disqualification_code_type_id`, `goggle_cup_points`, `reaction_time`, `team_points`, `team_affiliation_id`, `is_personal_best`, `is_season_type_best`)
  VALUES (528614, 6, 1, 0, 0, 765.55, 765.55, 0, 32, 16, 93240, 19542, 54, 62574, 1, '2017-01-18 06:44:23', '2017-01-18 06:44:23', NULL, 0.0, 0.0, 0.0, 2673, 0, 0);

INSERT INTO `meeting_individual_results` (`id`, `rank`, `is_play_off`, `is_out_of_race`, `is_disqualified`, `standard_points`, `meeting_individual_points`, `minutes`, `seconds`, `hundreds`, `meeting_program_id`, `swimmer_id`, `team_id`, `badge_id`, `user_id`, `created_at`, `updated_at`, `disqualification_code_type_id`, `goggle_cup_points`, `reaction_time`, `team_points`, `team_affiliation_id`, `is_personal_best`, `is_season_type_best`)
  VALUES (528615, 7, 1, 0, 0, 741.79, 741.79, 0, 33, 19, 93240, 4944, 741, 76498, 1, '2017-01-18 06:44:23', '2017-01-18 06:44:23', NULL, 0.0, 0.0, 0.0, 2683, 0, 0);

INSERT INTO `meeting_individual_results` (`id`, `rank`, `is_play_off`, `is_out_of_race`, `is_disqualified`, `standard_points`, `meeting_individual_points`, `minutes`, `seconds`, `hundreds`, `meeting_program_id`, `swimmer_id`, `team_id`, `badge_id`, `user_id`, `created_at`, `updated_at`, `disqualification_code_type_id`, `goggle_cup_points`, `reaction_time`, `team_points`, `team_affiliation_id`, `is_personal_best`, `is_season_type_best`)
  VALUES (528616, 8, 1, 0, 0, 644.67, 644.67, 0, 38, 19, 93240, 7196, 387, 76502, 1, '2017-01-18 06:44:23', '2017-01-18 06:44:23', NULL, 0.0, 0.0, 0.0, 3577, 0, 0);

INSERT INTO `meeting_individual_results` (`id`, `rank`, `is_play_off`, `is_out_of_race`, `is_disqualified`, `standard_points`, `meeting_individual_points`, `minutes`, `seconds`, `hundreds`, `meeting_program_id`, `swimmer_id`, `team_id`, `badge_id`, `user_id`, `created_at`, `updated_at`, `disqualification_code_type_id`, `goggle_cup_points`, `reaction_time`, `team_points`, `team_affiliation_id`, `is_personal_best`, `is_season_type_best`)
  VALUES (528617, 1, 1, 0, 0, 876.83, 876.83, 0, 28, 66, 93241, 22431, 295, 58231, 1, '2017-01-18 06:44:23', '2017-01-18 06:44:23', NULL, 0.0, 0.0, 0.0, 2692, 0, 0);

INSERT INTO `meeting_individual_results` (`id`, `rank`, `is_play_off`, `is_out_of_race`, `is_disqualified`, `standard_points`, `meeting_individual_points`, `minutes`, `seconds`, `hundreds`, `meeting_program_id`, `swimmer_id`, `team_id`, `badge_id`, `user_id`, `created_at`, `updated_at`, `disqualification_code_type_id`, `goggle_cup_points`, `reaction_time`, `team_points`, `team_affiliation_id`, `is_personal_best`, `is_season_type_best`)
  VALUES (528618, 2, 1, 0, 0, 850.14, 850.14, 0, 29, 56, 93241, 26970, 741, 76503, 1, '2017-01-18 06:44:23', '2017-01-18 06:44:23', NULL, 0.0, 0.0, 0.0, 2683, 0, 0);

INSERT INTO `meeting_individual_results` (`id`, `rank`, `is_play_off`, `is_out_of_race`, `is_disqualified`, `standard_points`, `meeting_individual_points`, `minutes`, `seconds`, `hundreds`, `meeting_program_id`, `swimmer_id`, `team_id`, `badge_id`, `user_id`, `created_at`, `updated_at`, `disqualification_code_type_id`, `goggle_cup_points`, `reaction_time`, `team_points`, `team_affiliation_id`, `is_personal_best`, `is_season_type_best`)
  VALUES (528619, 3, 1, 0, 0, 823.12, 823.12, 0, 30, 53, 93241, 7224, 219, 58585, 1, '2017-01-18 06:44:23', '2017-01-18 06:44:23', NULL, 0.0, 0.0, 0.0, 2461, 0, 0);

INSERT INTO `meeting_individual_results` (`id`, `rank`, `is_play_off`, `is_out_of_race`, `is_disqualified`, `standard_points`, `meeting_individual_points`, `minutes`, `seconds`, `hundreds`, `meeting_program_id`, `swimmer_id`, `team_id`, `badge_id`, `user_id`, `created_at`, `updated_at`, `disqualification_code_type_id`, `goggle_cup_points`, `reaction_time`, `team_points`, `team_affiliation_id`, `is_personal_best`, `is_season_type_best`)
  VALUES (528620, 4, 1, 0, 0, 804.16, 804.16, 0, 31, 25, 93241, 9877, 219, 58431, 1, '2017-01-18 06:44:23', '2017-01-18 06:44:23', NULL, 0.0, 0.0, 0.0, 2461, 0, 0);

INSERT INTO `meeting_individual_results` (`id`, `rank`, `is_play_off`, `is_out_of_race`, `is_disqualified`, `standard_points`, `meeting_individual_points`, `minutes`, `seconds`, `hundreds`, `meeting_program_id`, `swimmer_id`, `team_id`, `badge_id`, `user_id`, `created_at`, `updated_at`, `disqualification_code_type_id`, `goggle_cup_points`, `reaction_time`, `team_points`, `team_affiliation_id`, `is_personal_best`, `is_season_type_best`)
  VALUES (528621, 5, 1, 0, 0, 694.77, 694.77, 0, 36, 17, 93241, 7122, 295, 73682, 1, '2017-01-18 06:44:23', '2017-01-18 06:44:23', NULL, 0.0, 0.0, 0.0, 2692, 0, 0);

INSERT INTO `meeting_individual_results` (`id`, `rank`, `is_play_off`, `is_out_of_race`, `is_disqualified`, `standard_points`, `meeting_individual_points`, `minutes`, `seconds`, `hundreds`, `meeting_program_id`, `swimmer_id`, `team_id`, `badge_id`, `user_id`, `created_at`, `updated_at`, `disqualification_code_type_id`, `goggle_cup_points`, `reaction_time`, `team_points`, `team_affiliation_id`, `is_personal_best`, `is_season_type_best`)
  VALUES (528622, 6, 1, 0, 0, 693.62, 693.62, 0, 36, 23, 93241, 29266, 388, 67880, 1, '2017-01-18 06:44:23', '2017-01-18 06:44:23', NULL, 0.0, 0.0, 0.0, 3578, 0, 0);

INSERT INTO `meeting_individual_results` (`id`, `rank`, `is_play_off`, `is_out_of_race`, `is_disqualified`, `standard_points`, `meeting_individual_points`, `minutes`, `seconds`, `hundreds`, `meeting_program_id`, `swimmer_id`, `team_id`, `badge_id`, `user_id`, `created_at`, `updated_at`, `disqualification_code_type_id`, `goggle_cup_points`, `reaction_time`, `team_points`, `team_affiliation_id`, `is_personal_best`, `is_season_type_best`)
  VALUES (528623, 7, 1, 0, 0, 637.33, 637.33, 0, 39, 43, 93241, 7942, 741, 58346, 1, '2017-01-18 06:44:23', '2017-01-18 06:44:23', NULL, 0.0, 0.0, 0.0, 2683, 0, 0);

INSERT INTO `meeting_individual_results` (`id`, `rank`, `is_play_off`, `is_out_of_race`, `is_disqualified`, `standard_points`, `meeting_individual_points`, `minutes`, `seconds`, `hundreds`, `meeting_program_id`, `swimmer_id`, `team_id`, `badge_id`, `user_id`, `created_at`, `updated_at`, `disqualification_code_type_id`, `goggle_cup_points`, `reaction_time`, `team_points`, `team_affiliation_id`, `is_personal_best`, `is_season_type_best`)
  VALUES (528624, 1, 1, 0, 0, 812.58, 812.58, 0, 31, 96, 93242, 7952, 741, 58286, 1, '2017-01-18 06:44:23', '2017-01-18 06:44:23', NULL, 0.0, 0.0, 0.0, 2683, 0, 0);

INSERT INTO `meeting_individual_results` (`id`, `rank`, `is_play_off`, `is_out_of_race`, `is_disqualified`, `standard_points`, `meeting_individual_points`, `minutes`, `seconds`, `hundreds`, `meeting_program_id`, `swimmer_id`, `team_id`, `badge_id`, `user_id`, `created_at`, `updated_at`, `disqualification_code_type_id`, `goggle_cup_points`, `reaction_time`, `team_points`, `team_affiliation_id`, `is_personal_best`, `is_season_type_best`)
  VALUES (528625, 2, 1, 0, 0, 713.66, 713.66, 0, 36, 39, 93242, 24280, 321, 58492, 1, '2017-01-18 06:44:23', '2017-01-18 06:44:23', NULL, 0.0, 0.0, 0.0, 2643, 0, 0);

INSERT INTO `meeting_individual_results` (`id`, `rank`, `is_play_off`, `is_out_of_race`, `is_disqualified`, `standard_points`, `meeting_individual_points`, `minutes`, `seconds`, `hundreds`, `meeting_program_id`, `swimmer_id`, `team_id`, `badge_id`, `user_id`, `created_at`, `updated_at`, `disqualification_code_type_id`, `goggle_cup_points`, `reaction_time`, `team_points`, `team_affiliation_id`, `is_personal_best`, `is_season_type_best`)
  VALUES (528626, 3, 1, 0, 0, 531.19, 531.19, 0, 48, 89, 93242, 21842, 219, 58589, 1, '2017-01-18 06:44:23', '2017-01-18 06:44:23', NULL, 0.0, 0.0, 0.0, 2461, 0, 0);

INSERT INTO `meeting_individual_results` (`id`, `rank`, `is_play_off`, `is_out_of_race`, `is_disqualified`, `standard_points`, `meeting_individual_points`, `minutes`, `seconds`, `hundreds`, `meeting_program_id`, `swimmer_id`, `team_id`, `badge_id`, `user_id`, `created_at`, `updated_at`, `disqualification_code_type_id`, `goggle_cup_points`, `reaction_time`, `team_points`, `team_affiliation_id`, `is_personal_best`, `is_season_type_best`)
  VALUES (528627, 1, 1, 0, 0, 867.46, 867.46, 0, 31, 16, 93243, 6819, 219, 58437, 1, '2017-01-18 06:44:24', '2017-01-18 06:44:24', NULL, 0.0, 0.0, 0.0, 2461, 0, 0);

INSERT INTO `meeting_individual_results` (`id`, `rank`, `is_play_off`, `is_out_of_race`, `is_disqualified`, `standard_points`, `meeting_individual_points`, `minutes`, `seconds`, `hundreds`, `meeting_program_id`, `swimmer_id`, `team_id`, `badge_id`, `user_id`, `created_at`, `updated_at`, `disqualification_code_type_id`, `goggle_cup_points`, `reaction_time`, `team_points`, `team_affiliation_id`, `is_personal_best`, `is_season_type_best`)
  VALUES (528628, 2, 1, 0, 0, 686.39, 686.39, 0, 39, 38, 93243, 27809, 741, 58351, 1, '2017-01-18 06:44:24', '2017-01-18 06:44:24', NULL, 0.0, 0.0, 0.0, 2683, 0, 0);

INSERT INTO `meeting_individual_results` (`id`, `rank`, `is_play_off`, `is_out_of_race`, `is_disqualified`, `standard_points`, `meeting_individual_points`, `minutes`, `seconds`, `hundreds`, `meeting_program_id`, `swimmer_id`, `team_id`, `badge_id`, `user_id`, `created_at`, `updated_at`, `disqualification_code_type_id`, `goggle_cup_points`, `reaction_time`, `team_points`, `team_affiliation_id`, `is_personal_best`, `is_season_type_best`)
  VALUES (528629, 1, 1, 0, 0, 778.39, 778.39, 0, 36, 55, 93244, 29261, 388, 67901, 1, '2017-01-18 06:44:24', '2017-01-18 06:44:24', NULL, 0.0, 0.0, 0.0, 3578, 0, 0);

INSERT INTO `meeting_individual_results` (`id`, `rank`, `is_play_off`, `is_out_of_race`, `is_disqualified`, `standard_points`, `meeting_individual_points`, `minutes`, `seconds`, `hundreds`, `meeting_program_id`, `swimmer_id`, `team_id`, `badge_id`, `user_id`, `created_at`, `updated_at`, `disqualification_code_type_id`, `goggle_cup_points`, `reaction_time`, `team_points`, `team_affiliation_id`, `is_personal_best`, `is_season_type_best`)
  VALUES (528630, 1, 1, 0, 0, 793.17, 793.17, 0, 39, 26, 93245, 17746, 387, 76499, 1, '2017-01-18 06:44:24', '2017-01-18 06:44:24', NULL, 0.0, 0.0, 0.0, 3577, 0, 0);

INSERT INTO `meeting_relay_results` (`id`, `created_at`, `updated_at`, `rank`, `is_play_off`, `is_out_of_race`, `is_disqualified`, `standard_points`, `meeting_points`, `minutes`, `seconds`, `hundreds`, `team_id`, `user_id`, `meeting_program_id`, `disqualification_code_type_id`, `relay_header`, `reaction_time`, `entry_minutes`, `entry_seconds`, `entry_hundreds`, `team_affiliation_id`, `entry_time_type_id`)
  VALUES (22183, '2017-01-18 06:44:24', '2017-01-18 06:44:24', 1, 1, 0, 0, 0.0, 0.0, 3, 6, 56, 880, 1, 93246, NULL, 'SUPREMA NUOTO', 0.0, NULL, NULL, NULL, 3206, NULL);

INSERT INTO `meeting_relay_results` (`id`, `created_at`, `updated_at`, `rank`, `is_play_off`, `is_out_of_race`, `is_disqualified`, `standard_points`, `meeting_points`, `minutes`, `seconds`, `hundreds`, `team_id`, `user_id`, `meeting_program_id`, `disqualification_code_type_id`, `relay_header`, `reaction_time`, `entry_minutes`, `entry_seconds`, `entry_hundreds`, `team_affiliation_id`, `entry_time_type_id`)
  VALUES (22184, '2017-01-18 06:44:24', '2017-01-18 06:44:24', 1, 1, 0, 0, 0.0, 0.0, 2, 4, 95, 976, 1, 93247, NULL, 'NUOTO CLUB FIRENZE', 0.0, NULL, NULL, NULL, 2496, NULL);

INSERT INTO `meeting_relay_results` (`id`, `created_at`, `updated_at`, `rank`, `is_play_off`, `is_out_of_race`, `is_disqualified`, `standard_points`, `meeting_points`, `minutes`, `seconds`, `hundreds`, `team_id`, `user_id`, `meeting_program_id`, `disqualification_code_type_id`, `relay_header`, `reaction_time`, `entry_minutes`, `entry_seconds`, `entry_hundreds`, `team_affiliation_id`, `entry_time_type_id`)
  VALUES (22185, '2017-01-18 06:44:24', '2017-01-18 06:44:24', 2, 1, 0, 0, 0.0, 0.0, 2, 22, 77, 298, 1, 93247, NULL, 'BLU WATER', 0.0, NULL, NULL, NULL, 2852, NULL);

INSERT INTO `meeting_relay_results` (`id`, `created_at`, `updated_at`, `rank`, `is_play_off`, `is_out_of_race`, `is_disqualified`, `standard_points`, `meeting_points`, `minutes`, `seconds`, `hundreds`, `team_id`, `user_id`, `meeting_program_id`, `disqualification_code_type_id`, `relay_header`, `reaction_time`, `entry_minutes`, `entry_seconds`, `entry_hundreds`, `team_affiliation_id`, `entry_time_type_id`)
  VALUES (22186, '2017-01-18 06:44:24', '2017-01-18 06:44:24', 3, 1, 0, 0, 0.0, 0.0, 2, 25, 8, 218, 1, 93247, NULL, 'CIRCOLO NUOTO LUCCA', 0.0, NULL, NULL, NULL, 2680, NULL);

INSERT INTO `meeting_relay_results` (`id`, `created_at`, `updated_at`, `rank`, `is_play_off`, `is_out_of_race`, `is_disqualified`, `standard_points`, `meeting_points`, `minutes`, `seconds`, `hundreds`, `team_id`, `user_id`, `meeting_program_id`, `disqualification_code_type_id`, `relay_header`, `reaction_time`, `entry_minutes`, `entry_seconds`, `entry_hundreds`, `team_affiliation_id`, `entry_time_type_id`)
  VALUES (22187, '2017-01-18 06:44:24', '2017-01-18 06:44:24', 1, 1, 0, 0, 0.0, 0.0, 2, 3, 83, 219, 1, 93248, NULL, 'DLF NUOTO LIVORNO', 0.0, NULL, NULL, NULL, 2461, NULL);

INSERT INTO `meeting_relay_results` (`id`, `created_at`, `updated_at`, `rank`, `is_play_off`, `is_out_of_race`, `is_disqualified`, `standard_points`, `meeting_points`, `minutes`, `seconds`, `hundreds`, `team_id`, `user_id`, `meeting_program_id`, `disqualification_code_type_id`, `relay_header`, `reaction_time`, `entry_minutes`, `entry_seconds`, `entry_hundreds`, `team_affiliation_id`, `entry_time_type_id`)
  VALUES (22188, '2017-01-18 06:44:24', '2017-01-18 06:44:24', 2, 1, 0, 0, 0.0, 0.0, 2, 26, 96, 685, 1, 93248, NULL, 'UMBRIA NUOTO', 0.0, NULL, NULL, NULL, 2641, NULL);

INSERT INTO `meeting_relay_results` (`id`, `created_at`, `updated_at`, `rank`, `is_play_off`, `is_out_of_race`, `is_disqualified`, `standard_points`, `meeting_points`, `minutes`, `seconds`, `hundreds`, `team_id`, `user_id`, `meeting_program_id`, `disqualification_code_type_id`, `relay_header`, `reaction_time`, `entry_minutes`, `entry_seconds`, `entry_hundreds`, `team_affiliation_id`, `entry_time_type_id`)
  VALUES (22189, '2017-01-18 06:44:24', '2017-01-18 06:44:24', 3, 1, 0, 0, 0.0, 0.0, 2, 28, 14, 16, 1, 93248, NULL, 'H SPORT - PRATO', 0.0, NULL, NULL, NULL, 2685, NULL);

INSERT INTO `meeting_relay_results` (`id`, `created_at`, `updated_at`, `rank`, `is_play_off`, `is_out_of_race`, `is_disqualified`, `standard_points`, `meeting_points`, `minutes`, `seconds`, `hundreds`, `team_id`, `user_id`, `meeting_program_id`, `disqualification_code_type_id`, `relay_header`, `reaction_time`, `entry_minutes`, `entry_seconds`, `entry_hundreds`, `team_affiliation_id`, `entry_time_type_id`)
  VALUES (22190, '2017-01-18 06:44:24', '2017-01-18 06:44:24', 4, 1, 0, 0, 0.0, 0.0, 2, 40, 94, 368, 1, 93248, NULL, 'ESSECI NUOTO', 0.0, NULL, NULL, NULL, 2682, NULL);

INSERT INTO `meeting_relay_results` (`id`, `created_at`, `updated_at`, `rank`, `is_play_off`, `is_out_of_race`, `is_disqualified`, `standard_points`, `meeting_points`, `minutes`, `seconds`, `hundreds`, `team_id`, `user_id`, `meeting_program_id`, `disqualification_code_type_id`, `relay_header`, `reaction_time`, `entry_minutes`, `entry_seconds`, `entry_hundreds`, `team_affiliation_id`, `entry_time_type_id`)
  VALUES (22191, '2017-01-18 06:44:24', '2017-01-18 06:44:24', 1, 1, 0, 0, 0.0, 0.0, 2, 24, 87, 991, 1, 93249, NULL, 'ASD BABEL', 0.0, NULL, NULL, NULL, 2749, NULL);

INSERT INTO `meeting_relay_results` (`id`, `created_at`, `updated_at`, `rank`, `is_play_off`, `is_out_of_race`, `is_disqualified`, `standard_points`, `meeting_points`, `minutes`, `seconds`, `hundreds`, `team_id`, `user_id`, `meeting_program_id`, `disqualification_code_type_id`, `relay_header`, `reaction_time`, `entry_minutes`, `entry_seconds`, `entry_hundreds`, `team_affiliation_id`, `entry_time_type_id`)
  VALUES (22192, '2017-01-18 06:44:24', '2017-01-18 06:44:24', 1, 1, 0, 0, 0.0, 0.0, 2, 28, 81, 219, 1, 93250, NULL, 'DLF NUOTO LIVORNO', 0.0, NULL, NULL, NULL, 2461, NULL);

INSERT INTO `meeting_team_scores` (`id`, `sum_individual_points`, `sum_relay_points`, `team_id`, `meeting_id`, `created_at`, `updated_at`, `rank`, `user_id`, `sum_team_points`, `meeting_individual_points`, `meeting_relay_points`, `meeting_team_points`, `season_individual_points`, `season_relay_points`, `season_team_points`, `season_id`, `team_affiliation_id`)
  VALUES (22019, 50185.52, 0.0, 741, 16271, '2017-01-18 06:44:24', '2017-01-18 06:44:24', 0, 1, 0.0, 0.0, 0.0, 0.0, 0.0, 0.0, 0.0, 162, 2683);

INSERT INTO `meeting_team_scores` (`id`, `sum_individual_points`, `sum_relay_points`, `team_id`, `meeting_id`, `created_at`, `updated_at`, `rank`, `user_id`, `sum_team_points`, `meeting_individual_points`, `meeting_relay_points`, `meeting_team_points`, `season_individual_points`, `season_relay_points`, `season_team_points`, `season_id`, `team_affiliation_id`)
  VALUES (22020, 32042.15, 0.0, 219, 16271, '2017-01-18 06:44:24', '2017-01-18 06:44:24', 0, 1, 0.0, 0.0, 0.0, 0.0, 0.0, 0.0, 0.0, 162, 2461);

INSERT INTO `meeting_team_scores` (`id`, `sum_individual_points`, `sum_relay_points`, `team_id`, `meeting_id`, `created_at`, `updated_at`, `rank`, `user_id`, `sum_team_points`, `meeting_individual_points`, `meeting_relay_points`, `meeting_team_points`, `season_individual_points`, `season_relay_points`, `season_team_points`, `season_id`, `team_affiliation_id`)
  VALUES (22021, 18520.81, 0.0, 321, 16271, '2017-01-18 06:44:24', '2017-01-18 06:44:24', 0, 1, 0.0, 0.0, 0.0, 0.0, 0.0, 0.0, 0.0, 162, 2643);

INSERT INTO `meeting_team_scores` (`id`, `sum_individual_points`, `sum_relay_points`, `team_id`, `meeting_id`, `created_at`, `updated_at`, `rank`, `user_id`, `sum_team_points`, `meeting_individual_points`, `meeting_relay_points`, `meeting_team_points`, `season_individual_points`, `season_relay_points`, `season_team_points`, `season_id`, `team_affiliation_id`)
  VALUES (22022, 18373.77, 0.0, 976, 16271, '2017-01-18 06:44:24', '2017-01-18 06:44:24', 0, 1, 0.0, 0.0, 0.0, 0.0, 0.0, 0.0, 0.0, 162, 2496);

INSERT INTO `meeting_team_scores` (`id`, `sum_individual_points`, `sum_relay_points`, `team_id`, `meeting_id`, `created_at`, `updated_at`, `rank`, `user_id`, `sum_team_points`, `meeting_individual_points`, `meeting_relay_points`, `meeting_team_points`, `season_individual_points`, `season_relay_points`, `season_team_points`, `season_id`, `team_affiliation_id`)
  VALUES (22023, 15547.59, 0.0, 716, 16271, '2017-01-18 06:44:24', '2017-01-18 06:44:24', 0, 1, 0.0, 0.0, 0.0, 0.0, 0.0, 0.0, 0.0, 162, 2498);

INSERT INTO `meeting_team_scores` (`id`, `sum_individual_points`, `sum_relay_points`, `team_id`, `meeting_id`, `created_at`, `updated_at`, `rank`, `user_id`, `sum_team_points`, `meeting_individual_points`, `meeting_relay_points`, `meeting_team_points`, `season_individual_points`, `season_relay_points`, `season_team_points`, `season_id`, `team_affiliation_id`)
  VALUES (22024, 10322.12, 0.0, 685, 16271, '2017-01-18 06:44:24', '2017-01-18 06:44:24', 0, 1, 0.0, 0.0, 0.0, 0.0, 0.0, 0.0, 0.0, 162, 2641);

INSERT INTO `meeting_team_scores` (`id`, `sum_individual_points`, `sum_relay_points`, `team_id`, `meeting_id`, `created_at`, `updated_at`, `rank`, `user_id`, `sum_team_points`, `meeting_individual_points`, `meeting_relay_points`, `meeting_team_points`, `season_individual_points`, `season_relay_points`, `season_team_points`, `season_id`, `team_affiliation_id`)
  VALUES (22025, 9626.43, 0.0, 298, 16271, '2017-01-18 06:44:24', '2017-01-18 06:44:24', 0, 1, 0.0, 0.0, 0.0, 0.0, 0.0, 0.0, 0.0, 162, 2852);

INSERT INTO `meeting_team_scores` (`id`, `sum_individual_points`, `sum_relay_points`, `team_id`, `meeting_id`, `created_at`, `updated_at`, `rank`, `user_id`, `sum_team_points`, `meeting_individual_points`, `meeting_relay_points`, `meeting_team_points`, `season_individual_points`, `season_relay_points`, `season_team_points`, `season_id`, `team_affiliation_id`)
  VALUES (22026, 9298.91, 0.0, 880, 16271, '2017-01-18 06:44:24', '2017-01-18 06:44:24', 0, 1, 0.0, 0.0, 0.0, 0.0, 0.0, 0.0, 0.0, 162, 3206);

INSERT INTO `meeting_team_scores` (`id`, `sum_individual_points`, `sum_relay_points`, `team_id`, `meeting_id`, `created_at`, `updated_at`, `rank`, `user_id`, `sum_team_points`, `meeting_individual_points`, `meeting_relay_points`, `meeting_team_points`, `season_individual_points`, `season_relay_points`, `season_team_points`, `season_id`, `team_affiliation_id`)
  VALUES (22027, 9096.61, 0.0, 16, 16271, '2017-01-18 06:44:24', '2017-01-18 06:44:24', 0, 1, 0.0, 0.0, 0.0, 0.0, 0.0, 0.0, 0.0, 162, 2685);

INSERT INTO `meeting_team_scores` (`id`, `sum_individual_points`, `sum_relay_points`, `team_id`, `meeting_id`, `created_at`, `updated_at`, `rank`, `user_id`, `sum_team_points`, `meeting_individual_points`, `meeting_relay_points`, `meeting_team_points`, `season_individual_points`, `season_relay_points`, `season_team_points`, `season_id`, `team_affiliation_id`)
  VALUES (22028, 8728.52, 0.0, 424, 16271, '2017-01-18 06:44:24', '2017-01-18 06:44:24', 0, 1, 0.0, 0.0, 0.0, 0.0, 0.0, 0.0, 0.0, 162, 2675);

INSERT INTO `meeting_team_scores` (`id`, `sum_individual_points`, `sum_relay_points`, `team_id`, `meeting_id`, `created_at`, `updated_at`, `rank`, `user_id`, `sum_team_points`, `meeting_individual_points`, `meeting_relay_points`, `meeting_team_points`, `season_individual_points`, `season_relay_points`, `season_team_points`, `season_id`, `team_affiliation_id`)
  VALUES (22029, 7672.98, 0.0, 368, 16271, '2017-01-18 06:44:24', '2017-01-18 06:44:24', 0, 1, 0.0, 0.0, 0.0, 0.0, 0.0, 0.0, 0.0, 162, 2682);

INSERT INTO `meeting_team_scores` (`id`, `sum_individual_points`, `sum_relay_points`, `team_id`, `meeting_id`, `created_at`, `updated_at`, `rank`, `user_id`, `sum_team_points`, `meeting_individual_points`, `meeting_relay_points`, `meeting_team_points`, `season_individual_points`, `season_relay_points`, `season_team_points`, `season_id`, `team_affiliation_id`)
  VALUES (22030, 7551.38, 0.0, 54, 16271, '2017-01-18 06:44:24', '2017-01-18 06:44:24', 0, 1, 0.0, 0.0, 0.0, 0.0, 0.0, 0.0, 0.0, 162, 2673);

INSERT INTO `meeting_team_scores` (`id`, `sum_individual_points`, `sum_relay_points`, `team_id`, `meeting_id`, `created_at`, `updated_at`, `rank`, `user_id`, `sum_team_points`, `meeting_individual_points`, `meeting_relay_points`, `meeting_team_points`, `season_individual_points`, `season_relay_points`, `season_team_points`, `season_id`, `team_affiliation_id`)
  VALUES (22031, 7069.8, 0.0, 991, 16271, '2017-01-18 06:44:24', '2017-01-18 06:44:24', 0, 1, 0.0, 0.0, 0.0, 0.0, 0.0, 0.0, 0.0, 162, 2749);

INSERT INTO `meeting_team_scores` (`id`, `sum_individual_points`, `sum_relay_points`, `team_id`, `meeting_id`, `created_at`, `updated_at`, `rank`, `user_id`, `sum_team_points`, `meeting_individual_points`, `meeting_relay_points`, `meeting_team_points`, `season_individual_points`, `season_relay_points`, `season_team_points`, `season_id`, `team_affiliation_id`)
  VALUES (22032, 6580.72, 0.0, 295, 16271, '2017-01-18 06:44:24', '2017-01-18 06:44:24', 0, 1, 0.0, 0.0, 0.0, 0.0, 0.0, 0.0, 0.0, 162, 2692);

INSERT INTO `meeting_team_scores` (`id`, `sum_individual_points`, `sum_relay_points`, `team_id`, `meeting_id`, `created_at`, `updated_at`, `rank`, `user_id`, `sum_team_points`, `meeting_individual_points`, `meeting_relay_points`, `meeting_team_points`, `season_individual_points`, `season_relay_points`, `season_team_points`, `season_id`, `team_affiliation_id`)
  VALUES (22033, 6452.0, 0.0, 218, 16271, '2017-01-18 06:44:24', '2017-01-18 06:44:24', 0, 1, 0.0, 0.0, 0.0, 0.0, 0.0, 0.0, 0.0, 162, 2680);

INSERT INTO `meeting_team_scores` (`id`, `sum_individual_points`, `sum_relay_points`, `team_id`, `meeting_id`, `created_at`, `updated_at`, `rank`, `user_id`, `sum_team_points`, `meeting_individual_points`, `meeting_relay_points`, `meeting_team_points`, `season_individual_points`, `season_relay_points`, `season_team_points`, `season_id`, `team_affiliation_id`)
  VALUES (22034, 5753.07, 0.0, 366, 16271, '2017-01-18 06:44:24', '2017-01-18 06:44:24', 0, 1, 0.0, 0.0, 0.0, 0.0, 0.0, 0.0, 0.0, 162, 2855);

INSERT INTO `meeting_team_scores` (`id`, `sum_individual_points`, `sum_relay_points`, `team_id`, `meeting_id`, `created_at`, `updated_at`, `rank`, `user_id`, `sum_team_points`, `meeting_individual_points`, `meeting_relay_points`, `meeting_team_points`, `season_individual_points`, `season_relay_points`, `season_team_points`, `season_id`, `team_affiliation_id`)
  VALUES (22035, 5193.78, 0.0, 320, 16271, '2017-01-18 06:44:25', '2017-01-18 06:44:25', 0, 1, 0.0, 0.0, 0.0, 0.0, 0.0, 0.0, 0.0, 162, 2699);

INSERT INTO `meeting_team_scores` (`id`, `sum_individual_points`, `sum_relay_points`, `team_id`, `meeting_id`, `created_at`, `updated_at`, `rank`, `user_id`, `sum_team_points`, `meeting_individual_points`, `meeting_relay_points`, `meeting_team_points`, `season_individual_points`, `season_relay_points`, `season_team_points`, `season_id`, `team_affiliation_id`)
  VALUES (22036, 5118.51, 0.0, 878, 16271, '2017-01-18 06:44:25', '2017-01-18 06:44:25', 0, 1, 0.0, 0.0, 0.0, 0.0, 0.0, 0.0, 0.0, 162, 3579);

INSERT INTO `meeting_team_scores` (`id`, `sum_individual_points`, `sum_relay_points`, `team_id`, `meeting_id`, `created_at`, `updated_at`, `rank`, `user_id`, `sum_team_points`, `meeting_individual_points`, `meeting_relay_points`, `meeting_team_points`, `season_individual_points`, `season_relay_points`, `season_team_points`, `season_id`, `team_affiliation_id`)
  VALUES (22037, 4077.0, 0.0, 111, 16271, '2017-01-18 06:44:25', '2017-01-18 06:44:25', 0, 1, 0.0, 0.0, 0.0, 0.0, 0.0, 0.0, 0.0, 162, 2463);

INSERT INTO `meeting_team_scores` (`id`, `sum_individual_points`, `sum_relay_points`, `team_id`, `meeting_id`, `created_at`, `updated_at`, `rank`, `user_id`, `sum_team_points`, `meeting_individual_points`, `meeting_relay_points`, `meeting_team_points`, `season_individual_points`, `season_relay_points`, `season_team_points`, `season_id`, `team_affiliation_id`)
  VALUES (22038, 3516.43, 0.0, 387, 16271, '2017-01-18 06:44:25', '2017-01-18 06:44:25', 0, 1, 0.0, 0.0, 0.0, 0.0, 0.0, 0.0, 0.0, 162, 3577);

INSERT INTO `meeting_team_scores` (`id`, `sum_individual_points`, `sum_relay_points`, `team_id`, `meeting_id`, `created_at`, `updated_at`, `rank`, `user_id`, `sum_team_points`, `meeting_individual_points`, `meeting_relay_points`, `meeting_team_points`, `season_individual_points`, `season_relay_points`, `season_team_points`, `season_id`, `team_affiliation_id`)
  VALUES (22039, 2852.81, 0.0, 388, 16271, '2017-01-18 06:44:25', '2017-01-18 06:44:25', 0, 1, 0.0, 0.0, 0.0, 0.0, 0.0, 0.0, 0.0, 162, 3578);

INSERT INTO `meeting_team_scores` (`id`, `sum_individual_points`, `sum_relay_points`, `team_id`, `meeting_id`, `created_at`, `updated_at`, `rank`, `user_id`, `sum_team_points`, `meeting_individual_points`, `meeting_relay_points`, `meeting_team_points`, `season_individual_points`, `season_relay_points`, `season_team_points`, `season_id`, `team_affiliation_id`)
  VALUES (22040, 2716.75, 0.0, 297, 16271, '2017-01-18 06:44:25', '2017-01-18 06:44:25', 0, 1, 0.0, 0.0, 0.0, 0.0, 0.0, 0.0, 0.0, 162, 2677);

INSERT INTO `meeting_team_scores` (`id`, `sum_individual_points`, `sum_relay_points`, `team_id`, `meeting_id`, `created_at`, `updated_at`, `rank`, `user_id`, `sum_team_points`, `meeting_individual_points`, `meeting_relay_points`, `meeting_team_points`, `season_individual_points`, `season_relay_points`, `season_team_points`, `season_id`, `team_affiliation_id`)
  VALUES (22041, 2581.22, 0.0, 118, 16271, '2017-01-18 06:44:25', '2017-01-18 06:44:25', 0, 1, 0.0, 0.0, 0.0, 0.0, 0.0, 0.0, 0.0, 162, 2611);

INSERT INTO `meeting_team_scores` (`id`, `sum_individual_points`, `sum_relay_points`, `team_id`, `meeting_id`, `created_at`, `updated_at`, `rank`, `user_id`, `sum_team_points`, `meeting_individual_points`, `meeting_relay_points`, `meeting_team_points`, `season_individual_points`, `season_relay_points`, `season_team_points`, `season_id`, `team_affiliation_id`)
  VALUES (22042, 2243.77, 0.0, 329, 16271, '2017-01-18 06:44:25', '2017-01-18 06:44:25', 0, 1, 0.0, 0.0, 0.0, 0.0, 0.0, 0.0, 0.0, 162, 3581);

INSERT INTO `meeting_team_scores` (`id`, `sum_individual_points`, `sum_relay_points`, `team_id`, `meeting_id`, `created_at`, `updated_at`, `rank`, `user_id`, `sum_team_points`, `meeting_individual_points`, `meeting_relay_points`, `meeting_team_points`, `season_individual_points`, `season_relay_points`, `season_team_points`, `season_id`, `team_affiliation_id`)
  VALUES (22043, 2123.4, 0.0, 393, 16271, '2017-01-18 06:44:25', '2017-01-18 06:44:25', 0, 1, 0.0, 0.0, 0.0, 0.0, 0.0, 0.0, 0.0, 162, 2678);

INSERT INTO `meeting_team_scores` (`id`, `sum_individual_points`, `sum_relay_points`, `team_id`, `meeting_id`, `created_at`, `updated_at`, `rank`, `user_id`, `sum_team_points`, `meeting_individual_points`, `meeting_relay_points`, `meeting_team_points`, `season_individual_points`, `season_relay_points`, `season_team_points`, `season_id`, `team_affiliation_id`)
  VALUES (22044, 1686.96, 0.0, 382, 16271, '2017-01-18 06:44:25', '2017-01-18 06:44:25', 0, 1, 0.0, 0.0, 0.0, 0.0, 0.0, 0.0, 0.0, 162, 2634);

INSERT INTO `meeting_team_scores` (`id`, `sum_individual_points`, `sum_relay_points`, `team_id`, `meeting_id`, `created_at`, `updated_at`, `rank`, `user_id`, `sum_team_points`, `meeting_individual_points`, `meeting_relay_points`, `meeting_team_points`, `season_individual_points`, `season_relay_points`, `season_team_points`, `season_id`, `team_affiliation_id`)
  VALUES (22045, 1655.68, 0.0, 465, 16271, '2017-01-18 06:44:25', '2017-01-18 06:44:25', 0, 1, 0.0, 0.0, 0.0, 0.0, 0.0, 0.0, 0.0, 162, 2696);

INSERT INTO `meeting_team_scores` (`id`, `sum_individual_points`, `sum_relay_points`, `team_id`, `meeting_id`, `created_at`, `updated_at`, `rank`, `user_id`, `sum_team_points`, `meeting_individual_points`, `meeting_relay_points`, `meeting_team_points`, `season_individual_points`, `season_relay_points`, `season_team_points`, `season_id`, `team_affiliation_id`)
  VALUES (22046, 1606.76, 0.0, 397, 16271, '2017-01-18 06:44:25', '2017-01-18 06:44:25', 0, 1, 0.0, 0.0, 0.0, 0.0, 0.0, 0.0, 0.0, 162, 3580);

INSERT INTO `meeting_team_scores` (`id`, `sum_individual_points`, `sum_relay_points`, `team_id`, `meeting_id`, `created_at`, `updated_at`, `rank`, `user_id`, `sum_team_points`, `meeting_individual_points`, `meeting_relay_points`, `meeting_team_points`, `season_individual_points`, `season_relay_points`, `season_team_points`, `season_id`, `team_affiliation_id`)
  VALUES (22047, 1488.63, 0.0, 89, 16271, '2017-01-18 06:44:25', '2017-01-18 06:44:25', 0, 1, 0.0, 0.0, 0.0, 0.0, 0.0, 0.0, 0.0, 162, 2593);

INSERT INTO `meeting_team_scores` (`id`, `sum_individual_points`, `sum_relay_points`, `team_id`, `meeting_id`, `created_at`, `updated_at`, `rank`, `user_id`, `sum_team_points`, `meeting_individual_points`, `meeting_relay_points`, `meeting_team_points`, `season_individual_points`, `season_relay_points`, `season_team_points`, `season_id`, `team_affiliation_id`)
  VALUES (22048, 1388.31, 0.0, 59, 16271, '2017-01-18 06:44:25', '2017-01-18 06:44:25', 0, 1, 0.0, 0.0, 0.0, 0.0, 0.0, 0.0, 0.0, 162, 2507);

INSERT INTO `meeting_team_scores` (`id`, `sum_individual_points`, `sum_relay_points`, `team_id`, `meeting_id`, `created_at`, `updated_at`, `rank`, `user_id`, `sum_team_points`, `meeting_individual_points`, `meeting_relay_points`, `meeting_team_points`, `season_individual_points`, `season_relay_points`, `season_team_points`, `season_id`, `team_affiliation_id`)
  VALUES (22049, 1208.33, 0.0, 209, 16271, '2017-01-18 06:44:25', '2017-01-18 06:44:25', 0, 1, 0.0, 0.0, 0.0, 0.0, 0.0, 0.0, 0.0, 162, 2628);

INSERT INTO `meeting_team_scores` (`id`, `sum_individual_points`, `sum_relay_points`, `team_id`, `meeting_id`, `created_at`, `updated_at`, `rank`, `user_id`, `sum_team_points`, `meeting_individual_points`, `meeting_relay_points`, `meeting_team_points`, `season_individual_points`, `season_relay_points`, `season_team_points`, `season_id`, `team_affiliation_id`)
  VALUES (22050, 710.49, 0.0, 404, 16271, '2017-01-18 06:44:25', '2017-01-18 06:44:25', 0, 1, 0.0, 0.0, 0.0, 0.0, 0.0, 0.0, 0.0, 162, 2854);


-- Meeting 16271
-- 'Results acquired' flag setting:
UPDATE meetings SET are_results_acquired = '1' WHERE id = 16271;

-- --- BeginTimeCalculator: compute_for_all( 16271 )
-- ----------------------------------------------------
-- Using RESULTS to compute heat length.

-- Event #1, M.Prg: 93103, tot. athletes: 2
-- Tot. progr. duration: 160 (sec), Heat durations: [16014] (hds)
-- Session begin time: 2017-01-15 08:30:00 +0100, Computed begin time: 2017-01-15 08:32:00 +0100
UPDATE meeting_programs SET begin_time = '2017-01-15 08:32' WHERE id = 93103;

-- Event #1, M.Prg: 93246, tot. athletes: 0
-- Tot. progr. duration: 0 (sec), Heat durations: [] (hds)
-- Session begin time: 2017-01-15 08:30:00 +0100, Computed begin time: 2017-01-15 08:34:40 +0100
UPDATE meeting_programs SET begin_time = '2017-01-15 08:34' WHERE id = 93246;

-- Event #2, M.Prg: 93247, tot. athletes: 0
-- Tot. progr. duration: 0 (sec), Heat durations: [] (hds)
-- Session begin time: 2017-01-15 08:30:00 +0100, Computed begin time: 2017-01-15 08:34:40 +0100
UPDATE meeting_programs SET begin_time = '2017-01-15 08:34' WHERE id = 93247;

-- Event #2, M.Prg: 93104, tot. athletes: 1
-- Tot. progr. duration: 156 (sec), Heat durations: [15615] (hds)
-- Session begin time: 2017-01-15 08:30:00 +0100, Computed begin time: 2017-01-15 08:34:40 +0100
UPDATE meeting_programs SET begin_time = '2017-01-15 08:34' WHERE id = 93104;

-- Event #3, M.Prg: 93248, tot. athletes: 0
-- Tot. progr. duration: 0 (sec), Heat durations: [] (hds)
-- Session begin time: 2017-01-15 08:30:00 +0100, Computed begin time: 2017-01-15 08:37:16 +0100
UPDATE meeting_programs SET begin_time = '2017-01-15 08:37' WHERE id = 93248;

-- Event #3, M.Prg: 93105, tot. athletes: 3
-- Tot. progr. duration: 157 (sec), Heat durations: [15780] (hds)
-- Session begin time: 2017-01-15 08:30:00 +0100, Computed begin time: 2017-01-15 08:37:16 +0100
UPDATE meeting_programs SET begin_time = '2017-01-15 08:37' WHERE id = 93105;

-- Event #4, M.Prg: 93249, tot. athletes: 0
-- Tot. progr. duration: 0 (sec), Heat durations: [] (hds)
-- Session begin time: 2017-01-15 08:30:00 +0100, Computed begin time: 2017-01-15 08:39:53 +0100
UPDATE meeting_programs SET begin_time = '2017-01-15 08:39' WHERE id = 93249;

-- Event #4, M.Prg: 93106, tot. athletes: 3
-- Tot. progr. duration: 167 (sec), Heat durations: [16706] (hds)
-- Session begin time: 2017-01-15 08:30:00 +0100, Computed begin time: 2017-01-15 08:39:53 +0100
UPDATE meeting_programs SET begin_time = '2017-01-15 08:39' WHERE id = 93106;

-- Event #5, M.Prg: 93107, tot. athletes: 4
-- Tot. progr. duration: 167 (sec), Heat durations: [16782] (hds)
-- Session begin time: 2017-01-15 08:30:00 +0100, Computed begin time: 2017-01-15 08:42:40 +0100
UPDATE meeting_programs SET begin_time = '2017-01-15 08:42' WHERE id = 93107;

-- Event #5, M.Prg: 93250, tot. athletes: 0
-- Tot. progr. duration: 0 (sec), Heat durations: [] (hds)
-- Session begin time: 2017-01-15 08:30:00 +0100, Computed begin time: 2017-01-15 08:45:27 +0100
UPDATE meeting_programs SET begin_time = '2017-01-15 08:45' WHERE id = 93250;

-- Event #6, M.Prg: 93108, tot. athletes: 2
-- Tot. progr. duration: 256 (sec), Heat durations: [25638] (hds)
-- Session begin time: 2017-01-15 08:30:00 +0100, Computed begin time: 2017-01-15 08:45:27 +0100
UPDATE meeting_programs SET begin_time = '2017-01-15 08:45' WHERE id = 93108;

-- Event #7, M.Prg: 93109, tot. athletes: 1
-- Tot. progr. duration: 174 (sec), Heat durations: [17415] (hds)
-- Session begin time: 2017-01-15 08:30:00 +0100, Computed begin time: 2017-01-15 08:49:43 +0100
UPDATE meeting_programs SET begin_time = '2017-01-15 08:49' WHERE id = 93109;

-- Event #8, M.Prg: 93110, tot. athletes: 2
-- Tot. progr. duration: 150 (sec), Heat durations: [15034] (hds)
-- Session begin time: 2017-01-15 08:30:00 +0100, Computed begin time: 2017-01-15 08:52:37 +0100
UPDATE meeting_programs SET begin_time = '2017-01-15 08:52' WHERE id = 93110;

-- Event #9, M.Prg: 93111, tot. athletes: 2
-- Tot. progr. duration: 217 (sec), Heat durations: [21779] (hds)
-- Session begin time: 2017-01-15 08:30:00 +0100, Computed begin time: 2017-01-15 08:55:07 +0100
UPDATE meeting_programs SET begin_time = '2017-01-15 08:55' WHERE id = 93111;

-- Event #10, M.Prg: 93112, tot. athletes: 1
-- Tot. progr. duration: 149 (sec), Heat durations: [14961] (hds)
-- Session begin time: 2017-01-15 08:30:00 +0100, Computed begin time: 2017-01-15 08:58:44 +0100
UPDATE meeting_programs SET begin_time = '2017-01-15 08:58' WHERE id = 93112;

-- Event #11, M.Prg: 93113, tot. athletes: 1
-- Tot. progr. duration: 172 (sec), Heat durations: [17236] (hds)
-- Session begin time: 2017-01-15 08:30:00 +0100, Computed begin time: 2017-01-15 09:01:13 +0100
UPDATE meeting_programs SET begin_time = '2017-01-15 09:01' WHERE id = 93113;

-- Event #12, M.Prg: 93114, tot. athletes: 2
-- Tot. progr. duration: 144 (sec), Heat durations: [14452] (hds)
-- Session begin time: 2017-01-15 08:30:00 +0100, Computed begin time: 2017-01-15 09:04:05 +0100
UPDATE meeting_programs SET begin_time = '2017-01-15 09:04' WHERE id = 93114;

-- Event #13, M.Prg: 93115, tot. athletes: 2
-- Tot. progr. duration: 140 (sec), Heat durations: [14098] (hds)
-- Session begin time: 2017-01-15 08:30:00 +0100, Computed begin time: 2017-01-15 09:06:29 +0100
UPDATE meeting_programs SET begin_time = '2017-01-15 09:06' WHERE id = 93115;

-- Event #14, M.Prg: 93116, tot. athletes: 2
-- Tot. progr. duration: 166 (sec), Heat durations: [16658] (hds)
-- Session begin time: 2017-01-15 08:30:00 +0100, Computed begin time: 2017-01-15 09:08:49 +0100
UPDATE meeting_programs SET begin_time = '2017-01-15 09:08' WHERE id = 93116;

-- Event #15, M.Prg: 93117, tot. athletes: 1
-- Tot. progr. duration: 157 (sec), Heat durations: [15722] (hds)
-- Session begin time: 2017-01-15 08:30:00 +0100, Computed begin time: 2017-01-15 09:11:35 +0100
UPDATE meeting_programs SET begin_time = '2017-01-15 09:11' WHERE id = 93117;

-- Event #16, M.Prg: 93118, tot. athletes: 4
-- Tot. progr. duration: 181 (sec), Heat durations: [18133] (hds)
-- Session begin time: 2017-01-15 08:30:00 +0100, Computed begin time: 2017-01-15 09:14:12 +0100
UPDATE meeting_programs SET begin_time = '2017-01-15 09:14' WHERE id = 93118;

-- Event #17, M.Prg: 93119, tot. athletes: 1
-- Tot. progr. duration: 138 (sec), Heat durations: [13872] (hds)
-- Session begin time: 2017-01-15 08:30:00 +0100, Computed begin time: 2017-01-15 09:17:13 +0100
UPDATE meeting_programs SET begin_time = '2017-01-15 09:17' WHERE id = 93119;

-- Event #18, M.Prg: 93120, tot. athletes: 1
-- Tot. progr. duration: 189 (sec), Heat durations: [18919] (hds)
-- Session begin time: 2017-01-15 08:30:00 +0100, Computed begin time: 2017-01-15 09:19:31 +0100
UPDATE meeting_programs SET begin_time = '2017-01-15 09:19' WHERE id = 93120;

-- Event #19, M.Prg: 93121, tot. athletes: 1
-- Tot. progr. duration: 180 (sec), Heat durations: [18029] (hds)
-- Session begin time: 2017-01-15 08:30:00 +0100, Computed begin time: 2017-01-15 09:22:40 +0100
UPDATE meeting_programs SET begin_time = '2017-01-15 09:22' WHERE id = 93121;

-- Event #20, M.Prg: 93122, tot. athletes: 1
-- Tot. progr. duration: 206 (sec), Heat durations: [20647] (hds)
-- Session begin time: 2017-01-15 08:30:00 +0100, Computed begin time: 2017-01-15 09:25:40 +0100
UPDATE meeting_programs SET begin_time = '2017-01-15 09:25' WHERE id = 93122;

-- Event #21, M.Prg: 93123, tot. athletes: 3
-- Tot. progr. duration: 149 (sec), Heat durations: [14961] (hds)
-- Session begin time: 2017-01-15 08:30:00 +0100, Computed begin time: 2017-01-15 09:29:06 +0100
UPDATE meeting_programs SET begin_time = '2017-01-15 09:29' WHERE id = 93123;

-- Event #22, M.Prg: 93124, tot. athletes: 2
-- Tot. progr. duration: 135 (sec), Heat durations: [13512] (hds)
-- Session begin time: 2017-01-15 08:30:00 +0100, Computed begin time: 2017-01-15 09:31:35 +0100
UPDATE meeting_programs SET begin_time = '2017-01-15 09:31' WHERE id = 93124;

-- Event #23, M.Prg: 93125, tot. athletes: 5
-- Tot. progr. duration: 143 (sec), Heat durations: [14395] (hds)
-- Session begin time: 2017-01-15 08:30:00 +0100, Computed begin time: 2017-01-15 09:33:50 +0100
UPDATE meeting_programs SET begin_time = '2017-01-15 09:33' WHERE id = 93125;

-- Event #24, M.Prg: 93126, tot. athletes: 4
-- Tot. progr. duration: 155 (sec), Heat durations: [15544] (hds)
-- Session begin time: 2017-01-15 08:30:00 +0100, Computed begin time: 2017-01-15 09:36:13 +0100
UPDATE meeting_programs SET begin_time = '2017-01-15 09:36' WHERE id = 93126;

-- Event #25, M.Prg: 93127, tot. athletes: 10
-- Tot. progr. duration: 297 (sec), Heat durations: [15648, 14138] (hds)
-- Session begin time: 2017-01-15 08:30:00 +0100, Computed begin time: 2017-01-15 09:38:48 +0100
UPDATE meeting_programs SET begin_time = '2017-01-15 09:38' WHERE id = 93127;

-- Event #26, M.Prg: 93128, tot. athletes: 5
-- Tot. progr. duration: 152 (sec), Heat durations: [15202] (hds)
-- Session begin time: 2017-01-15 08:30:00 +0100, Computed begin time: 2017-01-15 09:43:45 +0100
UPDATE meeting_programs SET begin_time = '2017-01-15 09:43' WHERE id = 93128;

-- Event #27, M.Prg: 93129, tot. athletes: 1
-- Tot. progr. duration: 140 (sec), Heat durations: [14022] (hds)
-- Session begin time: 2017-01-15 08:30:00 +0100, Computed begin time: 2017-01-15 09:46:17 +0100
UPDATE meeting_programs SET begin_time = '2017-01-15 09:46' WHERE id = 93129;

-- Event #28, M.Prg: 93130, tot. athletes: 1
-- Tot. progr. duration: 140 (sec), Heat durations: [14010] (hds)
-- Session begin time: 2017-01-15 08:30:00 +0100, Computed begin time: 2017-01-15 09:48:37 +0100
UPDATE meeting_programs SET begin_time = '2017-01-15 09:48' WHERE id = 93130;

-- Event #29, M.Prg: 93131, tot. athletes: 1
-- Tot. progr. duration: 148 (sec), Heat durations: [14830] (hds)
-- Session begin time: 2017-01-15 08:30:00 +0100, Computed begin time: 2017-01-15 09:50:57 +0100
UPDATE meeting_programs SET begin_time = '2017-01-15 09:50' WHERE id = 93131;

-- Event #30, M.Prg: 93132, tot. athletes: 1
-- Tot. progr. duration: 138 (sec), Heat durations: [13811] (hds)
-- Session begin time: 2017-01-15 08:30:00 +0100, Computed begin time: 2017-01-15 09:53:25 +0100
UPDATE meeting_programs SET begin_time = '2017-01-15 09:53' WHERE id = 93132;

-- Event #31, M.Prg: 93133, tot. athletes: 1
-- Tot. progr. duration: 163 (sec), Heat durations: [16379] (hds)
-- Session begin time: 2017-01-15 08:30:00 +0100, Computed begin time: 2017-01-15 09:55:43 +0100
UPDATE meeting_programs SET begin_time = '2017-01-15 09:55' WHERE id = 93133;

-- Event #32, M.Prg: 93134, tot. athletes: 3
-- Tot. progr. duration: 180 (sec), Heat durations: [18027] (hds)
-- Session begin time: 2017-01-15 08:30:00 +0100, Computed begin time: 2017-01-15 09:58:26 +0100
UPDATE meeting_programs SET begin_time = '2017-01-15 09:58' WHERE id = 93134;

-- Event #33, M.Prg: 93135, tot. athletes: 2
-- Tot. progr. duration: 219 (sec), Heat durations: [21961] (hds)
-- Session begin time: 2017-01-15 08:30:00 +0100, Computed begin time: 2017-01-15 10:01:26 +0100
UPDATE meeting_programs SET begin_time = '2017-01-15 10:01' WHERE id = 93135;

-- Event #34, M.Prg: 93136, tot. athletes: 2
-- Tot. progr. duration: 156 (sec), Heat durations: [15643] (hds)
-- Session begin time: 2017-01-15 08:30:00 +0100, Computed begin time: 2017-01-15 10:05:05 +0100
UPDATE meeting_programs SET begin_time = '2017-01-15 10:05' WHERE id = 93136;

-- Event #35, M.Prg: 93137, tot. athletes: 1
-- Tot. progr. duration: 134 (sec), Heat durations: [13460] (hds)
-- Session begin time: 2017-01-15 08:30:00 +0100, Computed begin time: 2017-01-15 10:07:41 +0100
UPDATE meeting_programs SET begin_time = '2017-01-15 10:07' WHERE id = 93137;

-- Event #36, M.Prg: 93138, tot. athletes: 1
-- Tot. progr. duration: 139 (sec), Heat durations: [13925] (hds)
-- Session begin time: 2017-01-15 08:30:00 +0100, Computed begin time: 2017-01-15 10:09:55 +0100
UPDATE meeting_programs SET begin_time = '2017-01-15 10:09' WHERE id = 93138;

-- Event #37, M.Prg: 93139, tot. athletes: 3
-- Tot. progr. duration: 151 (sec), Heat durations: [15196] (hds)
-- Session begin time: 2017-01-15 08:30:00 +0100, Computed begin time: 2017-01-15 10:12:14 +0100
UPDATE meeting_programs SET begin_time = '2017-01-15 10:12' WHERE id = 93139;

-- Event #38, M.Prg: 93140, tot. athletes: 4
-- Tot. progr. duration: 165 (sec), Heat durations: [16572] (hds)
-- Session begin time: 2017-01-15 08:30:00 +0100, Computed begin time: 2017-01-15 10:14:45 +0100
UPDATE meeting_programs SET begin_time = '2017-01-15 10:14' WHERE id = 93140;

-- Event #39, M.Prg: 93141, tot. athletes: 3
-- Tot. progr. duration: 153 (sec), Heat durations: [15381] (hds)
-- Session begin time: 2017-01-15 08:30:00 +0100, Computed begin time: 2017-01-15 10:17:30 +0100
UPDATE meeting_programs SET begin_time = '2017-01-15 10:17' WHERE id = 93141;

-- Event #40, M.Prg: 93142, tot. athletes: 1
-- Tot. progr. duration: 150 (sec), Heat durations: [15014] (hds)
-- Session begin time: 2017-01-15 08:30:00 +0100, Computed begin time: 2017-01-15 10:20:03 +0100
UPDATE meeting_programs SET begin_time = '2017-01-15 10:20' WHERE id = 93142;

-- Event #41, M.Prg: 93143, tot. athletes: 2
-- Tot. progr. duration: 156 (sec), Heat durations: [15672] (hds)
-- Session begin time: 2017-01-15 08:30:00 +0100, Computed begin time: 2017-01-15 10:22:33 +0100
UPDATE meeting_programs SET begin_time = '2017-01-15 10:22' WHERE id = 93143;

-- Event #42, M.Prg: 93144, tot. athletes: 1
-- Tot. progr. duration: 198 (sec), Heat durations: [19811] (hds)
-- Session begin time: 2017-01-15 08:30:00 +0100, Computed begin time: 2017-01-15 10:25:09 +0100
UPDATE meeting_programs SET begin_time = '2017-01-15 10:25' WHERE id = 93144;

-- Event #43, M.Prg: 93145, tot. athletes: 1
-- Tot. progr. duration: 142 (sec), Heat durations: [14262] (hds)
-- Session begin time: 2017-01-15 08:30:00 +0100, Computed begin time: 2017-01-15 10:28:27 +0100
UPDATE meeting_programs SET begin_time = '2017-01-15 10:28' WHERE id = 93145;

-- Event #44, M.Prg: 93146, tot. athletes: 1
-- Tot. progr. duration: 141 (sec), Heat durations: [14155] (hds)
-- Session begin time: 2017-01-15 08:30:00 +0100, Computed begin time: 2017-01-15 10:30:49 +0100
UPDATE meeting_programs SET begin_time = '2017-01-15 10:30' WHERE id = 93146;

-- Event #45, M.Prg: 93147, tot. athletes: 2
-- Tot. progr. duration: 168 (sec), Heat durations: [16853] (hds)
-- Session begin time: 2017-01-15 08:30:00 +0100, Computed begin time: 2017-01-15 10:33:10 +0100
UPDATE meeting_programs SET begin_time = '2017-01-15 10:33' WHERE id = 93147;

-- Event #46, M.Prg: 93148, tot. athletes: 2
-- Tot. progr. duration: 183 (sec), Heat durations: [18385] (hds)
-- Session begin time: 2017-01-15 08:30:00 +0100, Computed begin time: 2017-01-15 10:35:58 +0100
UPDATE meeting_programs SET begin_time = '2017-01-15 10:35' WHERE id = 93148;

-- Event #47, M.Prg: 93149, tot. athletes: 4
-- Tot. progr. duration: 132 (sec), Heat durations: [13221] (hds)
-- Session begin time: 2017-01-15 08:30:00 +0100, Computed begin time: 2017-01-15 10:39:01 +0100
UPDATE meeting_programs SET begin_time = '2017-01-15 10:39' WHERE id = 93149;

-- Event #48, M.Prg: 93150, tot. athletes: 1
-- Tot. progr. duration: 127 (sec), Heat durations: [12714] (hds)
-- Session begin time: 2017-01-15 08:30:00 +0100, Computed begin time: 2017-01-15 10:41:13 +0100
UPDATE meeting_programs SET begin_time = '2017-01-15 10:41' WHERE id = 93150;

-- Event #49, M.Prg: 93151, tot. athletes: 3
-- Tot. progr. duration: 145 (sec), Heat durations: [14588] (hds)
-- Session begin time: 2017-01-15 08:30:00 +0100, Computed begin time: 2017-01-15 10:43:20 +0100
UPDATE meeting_programs SET begin_time = '2017-01-15 10:43' WHERE id = 93151;

-- Event #50, M.Prg: 93152, tot. athletes: 3
-- Tot. progr. duration: 142 (sec), Heat durations: [14209] (hds)
-- Session begin time: 2017-01-15 08:30:00 +0100, Computed begin time: 2017-01-15 10:45:45 +0100
UPDATE meeting_programs SET begin_time = '2017-01-15 10:45' WHERE id = 93152;

-- Event #51, M.Prg: 93153, tot. athletes: 1
-- Tot. progr. duration: 126 (sec), Heat durations: [12606] (hds)
-- Session begin time: 2017-01-15 08:30:00 +0100, Computed begin time: 2017-01-15 10:48:07 +0100
UPDATE meeting_programs SET begin_time = '2017-01-15 10:48' WHERE id = 93153;

-- Event #52, M.Prg: 93154, tot. athletes: 5
-- Tot. progr. duration: 134 (sec), Heat durations: [13451] (hds)
-- Session begin time: 2017-01-15 08:30:00 +0100, Computed begin time: 2017-01-15 10:50:13 +0100
UPDATE meeting_programs SET begin_time = '2017-01-15 10:50' WHERE id = 93154;

-- Event #53, M.Prg: 93155, tot. athletes: 2
-- Tot. progr. duration: 144 (sec), Heat durations: [14482] (hds)
-- Session begin time: 2017-01-15 08:30:00 +0100, Computed begin time: 2017-01-15 10:52:27 +0100
UPDATE meeting_programs SET begin_time = '2017-01-15 10:52' WHERE id = 93155;

-- Event #54, M.Prg: 93156, tot. athletes: 3
-- Tot. progr. duration: 157 (sec), Heat durations: [15790] (hds)
-- Session begin time: 2017-01-15 08:30:00 +0100, Computed begin time: 2017-01-15 10:54:51 +0100
UPDATE meeting_programs SET begin_time = '2017-01-15 10:54' WHERE id = 93156;

-- Event #55, M.Prg: 93157, tot. athletes: 2
-- Tot. progr. duration: 152 (sec), Heat durations: [15299] (hds)
-- Session begin time: 2017-01-15 08:30:00 +0100, Computed begin time: 2017-01-15 10:57:28 +0100
UPDATE meeting_programs SET begin_time = '2017-01-15 10:57' WHERE id = 93157;

-- Event #56, M.Prg: 93158, tot. athletes: 2
-- Tot. progr. duration: 205 (sec), Heat durations: [20596] (hds)
-- Session begin time: 2017-01-15 08:30:00 +0100, Computed begin time: 2017-01-15 11:00:00 +0100
UPDATE meeting_programs SET begin_time = '2017-01-15 11:00' WHERE id = 93158;

-- Event #57, M.Prg: 93159, tot. athletes: 1
-- Tot. progr. duration: 122 (sec), Heat durations: [12249] (hds)
-- Session begin time: 2017-01-15 08:30:00 +0100, Computed begin time: 2017-01-15 11:03:25 +0100
UPDATE meeting_programs SET begin_time = '2017-01-15 11:03' WHERE id = 93159;

-- Event #58, M.Prg: 93160, tot. athletes: 1
-- Tot. progr. duration: 205 (sec), Heat durations: [20511] (hds)
-- Session begin time: 2017-01-15 08:30:00 +0100, Computed begin time: 2017-01-15 11:05:27 +0100
UPDATE meeting_programs SET begin_time = '2017-01-15 11:05' WHERE id = 93160;

-- Event #59, M.Prg: 93161, tot. athletes: 1
-- Tot. progr. duration: 262 (sec), Heat durations: [26269] (hds)
-- Session begin time: 2017-01-15 08:30:00 +0100, Computed begin time: 2017-01-15 11:08:52 +0100
UPDATE meeting_programs SET begin_time = '2017-01-15 11:08' WHERE id = 93161;

-- Event #60, M.Prg: 93162, tot. athletes: 3
-- Tot. progr. duration: 256 (sec), Heat durations: [25685] (hds)
-- Session begin time: 2017-01-15 08:30:00 +0100, Computed begin time: 2017-01-15 11:13:14 +0100
UPDATE meeting_programs SET begin_time = '2017-01-15 11:13' WHERE id = 93162;

-- Event #61, M.Prg: 93163, tot. athletes: 1
-- Tot. progr. duration: 298 (sec), Heat durations: [29879] (hds)
-- Session begin time: 2017-01-15 08:30:00 +0100, Computed begin time: 2017-01-15 11:17:30 +0100
UPDATE meeting_programs SET begin_time = '2017-01-15 11:17' WHERE id = 93163;

-- Event #62, M.Prg: 93164, tot. athletes: 2
-- Tot. progr. duration: 306 (sec), Heat durations: [30653] (hds)
-- Session begin time: 2017-01-15 08:30:00 +0100, Computed begin time: 2017-01-15 11:22:28 +0100
UPDATE meeting_programs SET begin_time = '2017-01-15 11:22' WHERE id = 93164;

-- Event #63, M.Prg: 93165, tot. athletes: 2
-- Tot. progr. duration: 233 (sec), Heat durations: [23335] (hds)
-- Session begin time: 2017-01-15 08:30:00 +0100, Computed begin time: 2017-01-15 11:27:34 +0100
UPDATE meeting_programs SET begin_time = '2017-01-15 11:27' WHERE id = 93165;

-- Event #64, M.Prg: 93166, tot. athletes: 1
-- Tot. progr. duration: 186 (sec), Heat durations: [18611] (hds)
-- Session begin time: 2017-01-15 08:30:00 +0100, Computed begin time: 2017-01-15 11:31:27 +0100
UPDATE meeting_programs SET begin_time = '2017-01-15 11:31' WHERE id = 93166;

-- Event #65, M.Prg: 93167, tot. athletes: 2
-- Tot. progr. duration: 235 (sec), Heat durations: [23537] (hds)
-- Session begin time: 2017-01-15 08:30:00 +0100, Computed begin time: 2017-01-15 11:34:33 +0100
UPDATE meeting_programs SET begin_time = '2017-01-15 11:34' WHERE id = 93167;

-- Event #66, M.Prg: 93168, tot. athletes: 2
-- Tot. progr. duration: 248 (sec), Heat durations: [24891] (hds)
-- Session begin time: 2017-01-15 08:30:00 +0100, Computed begin time: 2017-01-15 11:38:28 +0100
UPDATE meeting_programs SET begin_time = '2017-01-15 11:38' WHERE id = 93168;

-- Event #67, M.Prg: 93169, tot. athletes: 5
-- Tot. progr. duration: 367 (sec), Heat durations: [36741] (hds)
-- Session begin time: 2017-01-15 08:30:00 +0100, Computed begin time: 2017-01-15 11:42:36 +0100
UPDATE meeting_programs SET begin_time = '2017-01-15 11:42' WHERE id = 93169;

-- Event #68, M.Prg: 93170, tot. athletes: 3
-- Tot. progr. duration: 248 (sec), Heat durations: [24856] (hds)
-- Session begin time: 2017-01-15 08:30:00 +0100, Computed begin time: 2017-01-15 11:48:43 +0100
UPDATE meeting_programs SET begin_time = '2017-01-15 11:48' WHERE id = 93170;

-- Event #69, M.Prg: 93171, tot. athletes: 2
-- Tot. progr. duration: 235 (sec), Heat durations: [23595] (hds)
-- Session begin time: 2017-01-15 08:30:00 +0100, Computed begin time: 2017-01-15 11:52:51 +0100
UPDATE meeting_programs SET begin_time = '2017-01-15 11:52' WHERE id = 93171;

-- Event #70, M.Prg: 93172, tot. athletes: 2
-- Tot. progr. duration: 211 (sec), Heat durations: [21106] (hds)
-- Session begin time: 2017-01-15 08:30:00 +0100, Computed begin time: 2017-01-15 11:56:46 +0100
UPDATE meeting_programs SET begin_time = '2017-01-15 11:56' WHERE id = 93172;

-- Event #71, M.Prg: 93173, tot. athletes: 2
-- Tot. progr. duration: 275 (sec), Heat durations: [27514] (hds)
-- Session begin time: 2017-01-15 08:30:00 +0100, Computed begin time: 2017-01-15 12:00:17 +0100
UPDATE meeting_programs SET begin_time = '2017-01-15 12:00' WHERE id = 93173;

-- Event #72, M.Prg: 93174, tot. athletes: 2
-- Tot. progr. duration: 329 (sec), Heat durations: [32993] (hds)
-- Session begin time: 2017-01-15 08:30:00 +0100, Computed begin time: 2017-01-15 12:04:52 +0100
UPDATE meeting_programs SET begin_time = '2017-01-15 12:04' WHERE id = 93174;

-- Event #73, M.Prg: 93175, tot. athletes: 1
-- Tot. progr. duration: 373 (sec), Heat durations: [37342] (hds)
-- Session begin time: 2017-01-15 08:30:00 +0100, Computed begin time: 2017-01-15 12:10:21 +0100
UPDATE meeting_programs SET begin_time = '2017-01-15 12:10' WHERE id = 93175;

-- Event #74, M.Prg: 93176, tot. athletes: 3
-- Tot. progr. duration: 441 (sec), Heat durations: [44122] (hds)
-- Session begin time: 2017-01-15 08:30:00 +0100, Computed begin time: 2017-01-15 12:16:34 +0100
UPDATE meeting_programs SET begin_time = '2017-01-15 12:16' WHERE id = 93176;

-- Event #75, M.Prg: 93177, tot. athletes: 4
-- Tot. progr. duration: 543 (sec), Heat durations: [54319] (hds)
-- Session begin time: 2017-01-15 08:30:00 +0100, Computed begin time: 2017-01-15 12:23:55 +0100
UPDATE meeting_programs SET begin_time = '2017-01-15 12:23' WHERE id = 93177;

-- Event #76, M.Prg: 93178, tot. athletes: 2
-- Tot. progr. duration: 477 (sec), Heat durations: [47769] (hds)
-- Session begin time: 2017-01-15 08:30:00 +0100, Computed begin time: 2017-01-15 12:32:58 +0100
UPDATE meeting_programs SET begin_time = '2017-01-15 12:32' WHERE id = 93178;

-- Event #77, M.Prg: 93179, tot. athletes: 4
-- Tot. progr. duration: 427 (sec), Heat durations: [42777] (hds)
-- Session begin time: 2017-01-15 08:30:00 +0100, Computed begin time: 2017-01-15 12:40:55 +0100
UPDATE meeting_programs SET begin_time = '2017-01-15 12:40' WHERE id = 93179;

-- Event #78, M.Prg: 93180, tot. athletes: 3
-- Tot. progr. duration: 565 (sec), Heat durations: [56519] (hds)
-- Session begin time: 2017-01-15 08:30:00 +0100, Computed begin time: 2017-01-15 12:48:02 +0100
UPDATE meeting_programs SET begin_time = '2017-01-15 12:48' WHERE id = 93180;

-- Event #79, M.Prg: 93181, tot. athletes: 3
-- Tot. progr. duration: 582 (sec), Heat durations: [58257] (hds)
-- Session begin time: 2017-01-15 08:30:00 +0100, Computed begin time: 2017-01-15 12:57:27 +0100
UPDATE meeting_programs SET begin_time = '2017-01-15 12:57' WHERE id = 93181;

-- Event #80, M.Prg: 93182, tot. athletes: 3
-- Tot. progr. duration: 448 (sec), Heat durations: [44845] (hds)
-- Session begin time: 2017-01-15 08:30:00 +0100, Computed begin time: 2017-01-15 13:07:09 +0100
UPDATE meeting_programs SET begin_time = '2017-01-15 13:07' WHERE id = 93182;

-- Event #81, M.Prg: 93183, tot. athletes: 5
-- Tot. progr. duration: 625 (sec), Heat durations: [62578] (hds)
-- Session begin time: 2017-01-15 08:30:00 +0100, Computed begin time: 2017-01-15 13:14:37 +0100
UPDATE meeting_programs SET begin_time = '2017-01-15 13:14' WHERE id = 93183;

-- Event #82, M.Prg: 93184, tot. athletes: 5
-- Tot. progr. duration: 453 (sec), Heat durations: [45394] (hds)
-- Session begin time: 2017-01-15 08:30:00 +0100, Computed begin time: 2017-01-15 13:25:02 +0100
UPDATE meeting_programs SET begin_time = '2017-01-15 13:25' WHERE id = 93184;

-- Event #83, M.Prg: 93185, tot. athletes: 6
-- Tot. progr. duration: 473 (sec), Heat durations: [47357] (hds)
-- Session begin time: 2017-01-15 08:30:00 +0100, Computed begin time: 2017-01-15 13:32:35 +0100
UPDATE meeting_programs SET begin_time = '2017-01-15 13:32' WHERE id = 93185;

-- Event #84, M.Prg: 93186, tot. athletes: 6
-- Tot. progr. duration: 460 (sec), Heat durations: [46074] (hds)
-- Session begin time: 2017-01-15 08:30:00 +0100, Computed begin time: 2017-01-15 13:40:28 +0100
UPDATE meeting_programs SET begin_time = '2017-01-15 13:40' WHERE id = 93186;

-- Event #85, M.Prg: 93187, tot. athletes: 5
-- Tot. progr. duration: 609 (sec), Heat durations: [60949] (hds)
-- Session begin time: 2017-01-15 08:30:00 +0100, Computed begin time: 2017-01-15 13:48:08 +0100
UPDATE meeting_programs SET begin_time = '2017-01-15 13:48' WHERE id = 93187;

-- Event #86, M.Prg: 93188, tot. athletes: 2
-- Tot. progr. duration: 435 (sec), Heat durations: [43562] (hds)
-- Session begin time: 2017-01-15 08:30:00 +0100, Computed begin time: 2017-01-15 13:58:17 +0100
UPDATE meeting_programs SET begin_time = '2017-01-15 13:58' WHERE id = 93188;

-- Event #87, M.Prg: 93189, tot. athletes: 1
-- Tot. progr. duration: 668 (sec), Heat durations: [66830] (hds)
-- Session begin time: 2017-01-15 08:30:00 +0100, Computed begin time: 2017-01-15 14:05:32 +0100
UPDATE meeting_programs SET begin_time = '2017-01-15 14:05' WHERE id = 93189;

-- Event #88, M.Prg: 93190, tot. athletes: 1
-- Tot. progr. duration: 486 (sec), Heat durations: [48664] (hds)
-- Session begin time: 2017-01-15 08:30:00 +0100, Computed begin time: 2017-01-15 14:16:40 +0100
UPDATE meeting_programs SET begin_time = '2017-01-15 14:16' WHERE id = 93190;

-- Event #89, M.Prg: 93191, tot. athletes: 1
-- Tot. progr. duration: 356 (sec), Heat durations: [35680] (hds)
-- Session begin time: 2017-01-15 08:30:00 +0100, Computed begin time: 2017-01-15 14:24:46 +0100
UPDATE meeting_programs SET begin_time = '2017-01-15 14:24' WHERE id = 93191;

-- Event #90, M.Prg: 93192, tot. athletes: 1
-- Tot. progr. duration: 105 (sec), Heat durations: [10561] (hds)
-- Session begin time: 2017-01-15 08:30:00 +0100, Computed begin time: 2017-01-15 14:30:42 +0100
UPDATE meeting_programs SET begin_time = '2017-01-15 14:30' WHERE id = 93192;

-- Event #91, M.Prg: 93193, tot. athletes: 1
-- Tot. progr. duration: 108 (sec), Heat durations: [10812] (hds)
-- Session begin time: 2017-01-15 08:30:00 +0100, Computed begin time: 2017-01-15 14:32:27 +0100
UPDATE meeting_programs SET begin_time = '2017-01-15 14:32' WHERE id = 93193;

-- Event #92, M.Prg: 93194, tot. athletes: 2
-- Tot. progr. duration: 103 (sec), Heat durations: [10366] (hds)
-- Session begin time: 2017-01-15 08:30:00 +0100, Computed begin time: 2017-01-15 14:34:15 +0100
UPDATE meeting_programs SET begin_time = '2017-01-15 14:34' WHERE id = 93194;

-- Event #93, M.Prg: 93195, tot. athletes: 1
-- Tot. progr. duration: 87 (sec), Heat durations: [8767] (hds)
-- Session begin time: 2017-01-15 08:30:00 +0100, Computed begin time: 2017-01-15 14:35:58 +0100
UPDATE meeting_programs SET begin_time = '2017-01-15 14:35' WHERE id = 93195;

-- Event #94, M.Prg: 93196, tot. athletes: 2
-- Tot. progr. duration: 97 (sec), Heat durations: [9701] (hds)
-- Session begin time: 2017-01-15 08:30:00 +0100, Computed begin time: 2017-01-15 14:37:25 +0100
UPDATE meeting_programs SET begin_time = '2017-01-15 14:37' WHERE id = 93196;

-- Event #95, M.Prg: 93197, tot. athletes: 3
-- Tot. progr. duration: 99 (sec), Heat durations: [9980] (hds)
-- Session begin time: 2017-01-15 08:30:00 +0100, Computed begin time: 2017-01-15 14:39:02 +0100
UPDATE meeting_programs SET begin_time = '2017-01-15 14:39' WHERE id = 93197;

-- Event #96, M.Prg: 93198, tot. athletes: 2
-- Tot. progr. duration: 103 (sec), Heat durations: [10333] (hds)
-- Session begin time: 2017-01-15 08:30:00 +0100, Computed begin time: 2017-01-15 14:40:41 +0100
UPDATE meeting_programs SET begin_time = '2017-01-15 14:40' WHERE id = 93198;

-- Event #97, M.Prg: 93199, tot. athletes: 2
-- Tot. progr. duration: 105 (sec), Heat durations: [10524] (hds)
-- Session begin time: 2017-01-15 08:30:00 +0100, Computed begin time: 2017-01-15 14:42:24 +0100
UPDATE meeting_programs SET begin_time = '2017-01-15 14:42' WHERE id = 93199;

-- Event #98, M.Prg: 93200, tot. athletes: 2
-- Tot. progr. duration: 101 (sec), Heat durations: [10146] (hds)
-- Session begin time: 2017-01-15 08:30:00 +0100, Computed begin time: 2017-01-15 14:44:09 +0100
UPDATE meeting_programs SET begin_time = '2017-01-15 14:44' WHERE id = 93200;

-- Event #99, M.Prg: 93201, tot. athletes: 2
-- Tot. progr. duration: 131 (sec), Heat durations: [13143] (hds)
-- Session begin time: 2017-01-15 08:30:00 +0100, Computed begin time: 2017-01-15 14:45:50 +0100
UPDATE meeting_programs SET begin_time = '2017-01-15 14:45' WHERE id = 93201;

-- Event #100, M.Prg: 93202, tot. athletes: 1
-- Tot. progr. duration: 101 (sec), Heat durations: [10110] (hds)
-- Session begin time: 2017-01-15 08:30:00 +0100, Computed begin time: 2017-01-15 14:48:01 +0100
UPDATE meeting_programs SET begin_time = '2017-01-15 14:48' WHERE id = 93202;

-- Event #101, M.Prg: 93203, tot. athletes: 1
-- Tot. progr. duration: 113 (sec), Heat durations: [11302] (hds)
-- Session begin time: 2017-01-15 08:30:00 +0100, Computed begin time: 2017-01-15 14:49:42 +0100
UPDATE meeting_programs SET begin_time = '2017-01-15 14:49' WHERE id = 93203;

-- Event #102, M.Prg: 93204, tot. athletes: 1
-- Tot. progr. duration: 90 (sec), Heat durations: [9002] (hds)
-- Session begin time: 2017-01-15 08:30:00 +0100, Computed begin time: 2017-01-15 14:51:35 +0100
UPDATE meeting_programs SET begin_time = '2017-01-15 14:51' WHERE id = 93204;

-- Event #103, M.Prg: 93205, tot. athletes: 1
-- Tot. progr. duration: 104 (sec), Heat durations: [10438] (hds)
-- Session begin time: 2017-01-15 08:30:00 +0100, Computed begin time: 2017-01-15 14:53:05 +0100
UPDATE meeting_programs SET begin_time = '2017-01-15 14:53' WHERE id = 93205;

-- Event #104, M.Prg: 93206, tot. athletes: 1
-- Tot. progr. duration: 97 (sec), Heat durations: [9787] (hds)
-- Session begin time: 2017-01-15 08:30:00 +0100, Computed begin time: 2017-01-15 14:54:49 +0100
UPDATE meeting_programs SET begin_time = '2017-01-15 14:54' WHERE id = 93206;

-- Event #105, M.Prg: 93207, tot. athletes: 1
-- Tot. progr. duration: 99 (sec), Heat durations: [9963] (hds)
-- Session begin time: 2017-01-15 08:30:00 +0100, Computed begin time: 2017-01-15 14:56:26 +0100
UPDATE meeting_programs SET begin_time = '2017-01-15 14:56' WHERE id = 93207;

-- Event #106, M.Prg: 93208, tot. athletes: 1
-- Tot. progr. duration: 130 (sec), Heat durations: [13033] (hds)
-- Session begin time: 2017-01-15 08:30:00 +0100, Computed begin time: 2017-01-15 14:58:05 +0100
UPDATE meeting_programs SET begin_time = '2017-01-15 14:58' WHERE id = 93208;

-- Event #107, M.Prg: 93209, tot. athletes: 2
-- Tot. progr. duration: 98 (sec), Heat durations: [9840] (hds)
-- Session begin time: 2017-01-15 08:30:00 +0100, Computed begin time: 2017-01-15 15:00:15 +0100
UPDATE meeting_programs SET begin_time = '2017-01-15 15:00' WHERE id = 93209;

-- Event #108, M.Prg: 93210, tot. athletes: 2
-- Tot. progr. duration: 94 (sec), Heat durations: [9491] (hds)
-- Session begin time: 2017-01-15 08:30:00 +0100, Computed begin time: 2017-01-15 15:01:53 +0100
UPDATE meeting_programs SET begin_time = '2017-01-15 15:01' WHERE id = 93210;

-- Event #109, M.Prg: 93211, tot. athletes: 5
-- Tot. progr. duration: 103 (sec), Heat durations: [10322] (hds)
-- Session begin time: 2017-01-15 08:30:00 +0100, Computed begin time: 2017-01-15 15:03:27 +0100
UPDATE meeting_programs SET begin_time = '2017-01-15 15:03' WHERE id = 93211;

-- Event #110, M.Prg: 93212, tot. athletes: 4
-- Tot. progr. duration: 96 (sec), Heat durations: [9672] (hds)
-- Session begin time: 2017-01-15 08:30:00 +0100, Computed begin time: 2017-01-15 15:05:10 +0100
UPDATE meeting_programs SET begin_time = '2017-01-15 15:05' WHERE id = 93212;

-- Event #111, M.Prg: 93213, tot. athletes: 4
-- Tot. progr. duration: 106 (sec), Heat durations: [10651] (hds)
-- Session begin time: 2017-01-15 08:30:00 +0100, Computed begin time: 2017-01-15 15:06:46 +0100
UPDATE meeting_programs SET begin_time = '2017-01-15 15:06' WHERE id = 93213;

-- Event #112, M.Prg: 93214, tot. athletes: 5
-- Tot. progr. duration: 108 (sec), Heat durations: [10807] (hds)
-- Session begin time: 2017-01-15 08:30:00 +0100, Computed begin time: 2017-01-15 15:08:32 +0100
UPDATE meeting_programs SET begin_time = '2017-01-15 15:08' WHERE id = 93214;

-- Event #113, M.Prg: 93215, tot. athletes: 1
-- Tot. progr. duration: 96 (sec), Heat durations: [9681] (hds)
-- Session begin time: 2017-01-15 08:30:00 +0100, Computed begin time: 2017-01-15 15:10:20 +0100
UPDATE meeting_programs SET begin_time = '2017-01-15 15:10' WHERE id = 93215;

-- Event #114, M.Prg: 93216, tot. athletes: 2
-- Tot. progr. duration: 104 (sec), Heat durations: [10401] (hds)
-- Session begin time: 2017-01-15 08:30:00 +0100, Computed begin time: 2017-01-15 15:11:56 +0100
UPDATE meeting_programs SET begin_time = '2017-01-15 15:11' WHERE id = 93216;

-- Event #115, M.Prg: 93217, tot. athletes: 1
-- Tot. progr. duration: 99 (sec), Heat durations: [9928] (hds)
-- Session begin time: 2017-01-15 08:30:00 +0100, Computed begin time: 2017-01-15 15:13:40 +0100
UPDATE meeting_programs SET begin_time = '2017-01-15 15:13' WHERE id = 93217;

-- Event #116, M.Prg: 93218, tot. athletes: 2
-- Tot. progr. duration: 109 (sec), Heat durations: [10910] (hds)
-- Session begin time: 2017-01-15 08:30:00 +0100, Computed begin time: 2017-01-15 15:15:19 +0100
UPDATE meeting_programs SET begin_time = '2017-01-15 15:15' WHERE id = 93218;

-- Event #117, M.Prg: 93219, tot. athletes: 2
-- Tot. progr. duration: 119 (sec), Heat durations: [11939] (hds)
-- Session begin time: 2017-01-15 08:30:00 +0100, Computed begin time: 2017-01-15 15:17:08 +0100
UPDATE meeting_programs SET begin_time = '2017-01-15 15:17' WHERE id = 93219;

-- Event #118, M.Prg: 93220, tot. athletes: 2
-- Tot. progr. duration: 124 (sec), Heat durations: [12483] (hds)
-- Session begin time: 2017-01-15 08:30:00 +0100, Computed begin time: 2017-01-15 15:19:07 +0100
UPDATE meeting_programs SET begin_time = '2017-01-15 15:19' WHERE id = 93220;

-- Event #119, M.Prg: 93221, tot. athletes: 1
-- Tot. progr. duration: 121 (sec), Heat durations: [12138] (hds)
-- Session begin time: 2017-01-15 08:30:00 +0100, Computed begin time: 2017-01-15 15:21:11 +0100
UPDATE meeting_programs SET begin_time = '2017-01-15 15:21' WHERE id = 93221;

-- Event #120, M.Prg: 93222, tot. athletes: 1
-- Tot. progr. duration: 118 (sec), Heat durations: [11821] (hds)
-- Session begin time: 2017-01-15 08:30:00 +0100, Computed begin time: 2017-01-15 15:23:12 +0100
UPDATE meeting_programs SET begin_time = '2017-01-15 15:23' WHERE id = 93222;

-- Event #121, M.Prg: 93223, tot. athletes: 2
-- Tot. progr. duration: 101 (sec), Heat durations: [10128] (hds)
-- Session begin time: 2017-01-15 08:30:00 +0100, Computed begin time: 2017-01-15 15:25:10 +0100
UPDATE meeting_programs SET begin_time = '2017-01-15 15:25' WHERE id = 93223;

-- Event #122, M.Prg: 93224, tot. athletes: 2
-- Tot. progr. duration: 99 (sec), Heat durations: [9973] (hds)
-- Session begin time: 2017-01-15 08:30:00 +0100, Computed begin time: 2017-01-15 15:26:51 +0100
UPDATE meeting_programs SET begin_time = '2017-01-15 15:26' WHERE id = 93224;

-- Event #123, M.Prg: 93225, tot. athletes: 4
-- Tot. progr. duration: 107 (sec), Heat durations: [10700] (hds)
-- Session begin time: 2017-01-15 08:30:00 +0100, Computed begin time: 2017-01-15 15:28:30 +0100
UPDATE meeting_programs SET begin_time = '2017-01-15 15:28' WHERE id = 93225;

-- Event #124, M.Prg: 93226, tot. athletes: 6
-- Tot. progr. duration: 119 (sec), Heat durations: [11980] (hds)
-- Session begin time: 2017-01-15 08:30:00 +0100, Computed begin time: 2017-01-15 15:30:17 +0100
UPDATE meeting_programs SET begin_time = '2017-01-15 15:30' WHERE id = 93226;

-- Event #125, M.Prg: 93227, tot. athletes: 6
-- Tot. progr. duration: 107 (sec), Heat durations: [10704] (hds)
-- Session begin time: 2017-01-15 08:30:00 +0100, Computed begin time: 2017-01-15 15:32:16 +0100
UPDATE meeting_programs SET begin_time = '2017-01-15 15:32' WHERE id = 93227;

-- Event #126, M.Prg: 93228, tot. athletes: 5
-- Tot. progr. duration: 109 (sec), Heat durations: [10929] (hds)
-- Session begin time: 2017-01-15 08:30:00 +0100, Computed begin time: 2017-01-15 15:34:03 +0100
UPDATE meeting_programs SET begin_time = '2017-01-15 15:34' WHERE id = 93228;

-- Event #127, M.Prg: 93229, tot. athletes: 1
-- Tot. progr. duration: 95 (sec), Heat durations: [9503] (hds)
-- Session begin time: 2017-01-15 08:30:00 +0100, Computed begin time: 2017-01-15 15:35:52 +0100
UPDATE meeting_programs SET begin_time = '2017-01-15 15:35' WHERE id = 93229;

-- Event #128, M.Prg: 93230, tot. athletes: 1
-- Tot. progr. duration: 105 (sec), Heat durations: [10545] (hds)
-- Session begin time: 2017-01-15 08:30:00 +0100, Computed begin time: 2017-01-15 15:37:27 +0100
UPDATE meeting_programs SET begin_time = '2017-01-15 15:37' WHERE id = 93230;

-- Event #129, M.Prg: 93231, tot. athletes: 1
-- Tot. progr. duration: 93 (sec), Heat durations: [9357] (hds)
-- Session begin time: 2017-01-15 08:30:00 +0100, Computed begin time: 2017-01-15 15:39:12 +0100
UPDATE meeting_programs SET begin_time = '2017-01-15 15:39' WHERE id = 93231;

-- Event #130, M.Prg: 93232, tot. athletes: 2
-- Tot. progr. duration: 95 (sec), Heat durations: [9504] (hds)
-- Session begin time: 2017-01-15 08:30:00 +0100, Computed begin time: 2017-01-15 15:40:45 +0100
UPDATE meeting_programs SET begin_time = '2017-01-15 15:40' WHERE id = 93232;

-- Event #131, M.Prg: 93233, tot. athletes: 2
-- Tot. progr. duration: 105 (sec), Heat durations: [10559] (hds)
-- Session begin time: 2017-01-15 08:30:00 +0100, Computed begin time: 2017-01-15 15:42:20 +0100
UPDATE meeting_programs SET begin_time = '2017-01-15 15:42' WHERE id = 93233;

-- Event #132, M.Prg: 93234, tot. athletes: 3
-- Tot. progr. duration: 106 (sec), Heat durations: [10681] (hds)
-- Session begin time: 2017-01-15 08:30:00 +0100, Computed begin time: 2017-01-15 15:44:05 +0100
UPDATE meeting_programs SET begin_time = '2017-01-15 15:44' WHERE id = 93234;

-- Event #133, M.Prg: 93235, tot. athletes: 4
-- Tot. progr. duration: 92 (sec), Heat durations: [9265] (hds)
-- Session begin time: 2017-01-15 08:30:00 +0100, Computed begin time: 2017-01-15 15:45:51 +0100
UPDATE meeting_programs SET begin_time = '2017-01-15 15:45' WHERE id = 93235;

-- Event #134, M.Prg: 93236, tot. athletes: 1
-- Tot. progr. duration: 86 (sec), Heat durations: [8675] (hds)
-- Session begin time: 2017-01-15 08:30:00 +0100, Computed begin time: 2017-01-15 15:47:23 +0100
UPDATE meeting_programs SET begin_time = '2017-01-15 15:47' WHERE id = 93236;

-- Event #135, M.Prg: 93237, tot. athletes: 7
-- Tot. progr. duration: 186 (sec), Heat durations: [9851, 8824] (hds)
-- Session begin time: 2017-01-15 08:30:00 +0100, Computed begin time: 2017-01-15 15:48:49 +0100
UPDATE meeting_programs SET begin_time = '2017-01-15 15:48' WHERE id = 93237;

-- Event #136, M.Prg: 93238, tot. athletes: 7
-- Tot. progr. duration: 191 (sec), Heat durations: [10347, 8761] (hds)
-- Session begin time: 2017-01-15 08:30:00 +0100, Computed begin time: 2017-01-15 15:51:55 +0100
UPDATE meeting_programs SET begin_time = '2017-01-15 15:51' WHERE id = 93238;

-- Event #137, M.Prg: 93239, tot. athletes: 6
-- Tot. progr. duration: 100 (sec), Heat durations: [10074] (hds)
-- Session begin time: 2017-01-15 08:30:00 +0100, Computed begin time: 2017-01-15 15:55:06 +0100
UPDATE meeting_programs SET begin_time = '2017-01-15 15:55' WHERE id = 93239;

-- Event #138, M.Prg: 93240, tot. athletes: 8
-- Tot. progr. duration: 186 (sec), Heat durations: [9819, 8850] (hds)
-- Session begin time: 2017-01-15 08:30:00 +0100, Computed begin time: 2017-01-15 15:56:46 +0100
UPDATE meeting_programs SET begin_time = '2017-01-15 15:56' WHERE id = 93240;

-- Event #139, M.Prg: 93241, tot. athletes: 7
-- Tot. progr. duration: 188 (sec), Heat durations: [9943, 8866] (hds)
-- Session begin time: 2017-01-15 08:30:00 +0100, Computed begin time: 2017-01-15 15:59:52 +0100
UPDATE meeting_programs SET begin_time = '2017-01-15 15:59' WHERE id = 93241;

-- Event #140, M.Prg: 93242, tot. athletes: 3
-- Tot. progr. duration: 108 (sec), Heat durations: [10889] (hds)
-- Session begin time: 2017-01-15 08:30:00 +0100, Computed begin time: 2017-01-15 16:03:00 +0100
UPDATE meeting_programs SET begin_time = '2017-01-15 16:03' WHERE id = 93242;

-- Event #141, M.Prg: 93243, tot. athletes: 2
-- Tot. progr. duration: 99 (sec), Heat durations: [9938] (hds)
-- Session begin time: 2017-01-15 08:30:00 +0100, Computed begin time: 2017-01-15 16:04:48 +0100
UPDATE meeting_programs SET begin_time = '2017-01-15 16:04' WHERE id = 93243;

-- Event #142, M.Prg: 93244, tot. athletes: 1
-- Tot. progr. duration: 96 (sec), Heat durations: [9655] (hds)
-- Session begin time: 2017-01-15 08:30:00 +0100, Computed begin time: 2017-01-15 16:06:27 +0100
UPDATE meeting_programs SET begin_time = '2017-01-15 16:06' WHERE id = 93244;

-- Event #143, M.Prg: 93245, tot. athletes: 1
-- Tot. progr. duration: 99 (sec), Heat durations: [9926] (hds)
-- Session begin time: 2017-01-15 08:30:00 +0100, Computed begin time: 2017-01-15 16:08:03 +0100
UPDATE meeting_programs SET begin_time = '2017-01-15 16:08' WHERE id = 93245;


-- Last completed phase code: 30
