-- Leega
-- 21/11/2018
-- 18101 relays

-- Fix affiliation names
update team_affiliations set name = 'Accademia Militare mo' where id = 5198;
update team_affiliations set name = 'Cloromania SSD' where id = 5199;
update team_affiliations set name = 'Olympia Team Nuoto' where id = 5203;

--
-- Dump dei dati per la tabella meeting_programs staffette
-- 
INSERT INTO meeting_programs (id,event_order,user_id,meeting_event_id,gender_type_id,category_type_id,pool_type_id,lock_version,created_at,updated_at) VALUES 
(149872,1,2,(select me.id from meeting_events me join meeting_sessions ms on ms.id = me.meeting_session_id join event_types et on et.id = me.event_type_id where ms.meeting_id = 18101 and et.code = 'S4X100SL'),(select t.id from gender_types t where t.code = 'F'),(select t.id from category_types t where t.code = '001-119' and t.season_id = 181),(select t.id from pool_types t where t.code = '25'),0,CURDATE(),CURDATE()),
(149873,2,2,(select me.id from meeting_events me join meeting_sessions ms on ms.id = me.meeting_session_id join event_types et on et.id = me.event_type_id where ms.meeting_id = 18101 and et.code = 'S4X100SL'),(select t.id from gender_types t where t.code = 'M'),(select t.id from category_types t where t.code = '001-119' and t.season_id = 181),(select t.id from pool_types t where t.code = '25'),0,CURDATE(),CURDATE()),
(149874,3,2,(select me.id from meeting_events me join meeting_sessions ms on ms.id = me.meeting_session_id join event_types et on et.id = me.event_type_id where ms.meeting_id = 18101 and et.code = 'S4X100SL'),(select t.id from gender_types t where t.code = 'F'),(select t.id from category_types t where t.code = '120-159' and t.season_id = 181),(select t.id from pool_types t where t.code = '25'),0,CURDATE(),CURDATE()),
(149875,4,2,(select me.id from meeting_events me join meeting_sessions ms on ms.id = me.meeting_session_id join event_types et on et.id = me.event_type_id where ms.meeting_id = 18101 and et.code = 'S4X100SL'),(select t.id from gender_types t where t.code = 'M'),(select t.id from category_types t where t.code = '120-159' and t.season_id = 181),(select t.id from pool_types t where t.code = '25'),0,CURDATE(),CURDATE()),
(149876,5,2,(select me.id from meeting_events me join meeting_sessions ms on ms.id = me.meeting_session_id join event_types et on et.id = me.event_type_id where ms.meeting_id = 18101 and et.code = 'S4X100SL'),(select t.id from gender_types t where t.code = 'F'),(select t.id from category_types t where t.code = '160-199' and t.season_id = 181),(select t.id from pool_types t where t.code = '25'),0,CURDATE(),CURDATE()),
(149877,6,2,(select me.id from meeting_events me join meeting_sessions ms on ms.id = me.meeting_session_id join event_types et on et.id = me.event_type_id where ms.meeting_id = 18101 and et.code = 'S4X100SL'),(select t.id from gender_types t where t.code = 'M'),(select t.id from category_types t where t.code = '160-199' and t.season_id = 181),(select t.id from pool_types t where t.code = '25'),0,CURDATE(),CURDATE()),
(149878,8,2,(select me.id from meeting_events me join meeting_sessions ms on ms.id = me.meeting_session_id join event_types et on et.id = me.event_type_id where ms.meeting_id = 18101 and et.code = 'S4X100SL'),(select t.id from gender_types t where t.code = 'M'),(select t.id from category_types t where t.code = '200-999' and t.season_id = 181),(select t.id from pool_types t where t.code = '25'),0,CURDATE(),CURDATE());

-- Relay results
-- delete from meeting_relay_results where id between 33791 and 33829;
INSERT INTO meeting_relay_results (id,team_id,team_affiliation_id,minutes,seconds,hundreds,rank,meeting_points,is_disqualified,is_out_of_race,meeting_program_id,relay_header,user_id,created_at,updated_at) VALUES (33791,10,5201,4,19,00,1,24,0,0,149872,'Uninuoto',2,curdate(),curdate());
INSERT INTO meeting_relay_results (id,team_id,team_affiliation_id,minutes,seconds,hundreds,rank,meeting_points,is_disqualified,is_out_of_race,meeting_program_id,relay_header,user_id,created_at,updated_at) VALUES (33792,1,5107,4,43,80,2,21,0,0,149872,'CSInuoto OberFerrari',2,curdate(),curdate());
INSERT INTO meeting_relay_results (id,team_id,team_affiliation_id,minutes,seconds,hundreds,rank,meeting_points,is_disqualified,is_out_of_race,meeting_program_id,relay_header,user_id,created_at,updated_at) VALUES (33793,33,5199,4,46,70,3,18,0,0,149872,'Cloromania SSD',2,curdate(),curdate());
INSERT INTO meeting_relay_results (id,team_id,team_affiliation_id,minutes,seconds,hundreds,rank,meeting_points,is_disqualified,is_out_of_race,meeting_program_id,relay_header,user_id,created_at,updated_at) VALUES (33794,1000,5203,4,47,90,4,15,0,0,149872,'Olympia Team Nuoto',2,curdate(),curdate());
INSERT INTO meeting_relay_results (id,team_id,team_affiliation_id,minutes,seconds,hundreds,rank,meeting_points,is_disqualified,is_out_of_race,meeting_program_id,relay_header,user_id,created_at,updated_at) VALUES (33795,125,5202,4,54,30,5,12,0,0,149872,'Nuoto Club 2000',2,curdate(),curdate());
INSERT INTO meeting_relay_results (id,team_id,team_affiliation_id,minutes,seconds,hundreds,rank,meeting_points,is_disqualified,is_out_of_race,meeting_program_id,relay_header,user_id,created_at,updated_at) VALUES (33796,826,5196,4,58,10,6,9,0,0,149872,'Eden Sport',2,curdate(),curdate());
INSERT INTO meeting_relay_results (id,team_id,team_affiliation_id,minutes,seconds,hundreds,rank,meeting_points,is_disqualified,is_out_of_race,meeting_program_id,relay_header,user_id,created_at,updated_at) VALUES (33797,21,5198,5,11,40,7,6,0,0,149872,'Accademia Militare mo',2,curdate(),curdate());
INSERT INTO meeting_relay_results (id,team_id,team_affiliation_id,minutes,seconds,hundreds,rank,meeting_points,is_disqualified,is_out_of_race,meeting_program_id,relay_header,user_id,created_at,updated_at) VALUES (33798,10,5201,5,41,00,8,0,0,0,149872,'Uninuoto',2,curdate(),curdate());

INSERT INTO meeting_relay_results (id,team_id,team_affiliation_id,minutes,seconds,hundreds,rank,meeting_points,is_disqualified,is_out_of_race,meeting_program_id,relay_header,user_id,created_at,updated_at) VALUES (33799,10,5201,3,46,80,1,24,0,0,149873,'Uninuoto',2,curdate(),curdate());
INSERT INTO meeting_relay_results (id,team_id,team_affiliation_id,minutes,seconds,hundreds,rank,meeting_points,is_disqualified,is_out_of_race,meeting_program_id,relay_header,user_id,created_at,updated_at) VALUES (33800,21,5198,3,52,50,2,21,0,0,149873,'Accademia Militare MO',2,curdate(),curdate());
INSERT INTO meeting_relay_results (id,team_id,team_affiliation_id,minutes,seconds,hundreds,rank,meeting_points,is_disqualified,is_out_of_race,meeting_program_id,relay_header,user_id,created_at,updated_at) VALUES (33801,33,5199,3,59,60,3,18,0,0,149873,'Cloromania SSD',2,curdate(),curdate());
INSERT INTO meeting_relay_results (id,team_id,team_affiliation_id,minutes,seconds,hundreds,rank,meeting_points,is_disqualified,is_out_of_race,meeting_program_id,relay_header,user_id,created_at,updated_at) VALUES (33802,224,5106,4,01,10,4,15,0,0,149873,'Reggiana Nuoto',2,curdate(),curdate());
INSERT INTO meeting_relay_results (id,team_id,team_affiliation_id,minutes,seconds,hundreds,rank,meeting_points,is_disqualified,is_out_of_race,meeting_program_id,relay_header,user_id,created_at,updated_at) VALUES (33803,125,5202,4,04,80,5,12,0,0,149873,'Nuoto Club 2000',2,curdate(),curdate());
INSERT INTO meeting_relay_results (id,team_id,team_affiliation_id,minutes,seconds,hundreds,rank,meeting_points,is_disqualified,is_out_of_race,meeting_program_id,relay_header,user_id,created_at,updated_at) VALUES (33804,1,5107,4,06,30,6,9,0,0,149873,'CsiNuoto OberFerrari',2,curdate(),curdate());
INSERT INTO meeting_relay_results (id,team_id,team_affiliation_id,minutes,seconds,hundreds,rank,meeting_points,is_disqualified,is_out_of_race,meeting_program_id,relay_header,user_id,created_at,updated_at) VALUES (33805,1000,5203,4,15,70,7,6,0,0,149873,'Olympia Team Nuoto',2,curdate(),curdate());
INSERT INTO meeting_relay_results (id,team_id,team_affiliation_id,minutes,seconds,hundreds,rank,meeting_points,is_disqualified,is_out_of_race,meeting_program_id,relay_header,user_id,created_at,updated_at) VALUES (33806,10,5201,4,24,60,8,0,0,0,149873,'Uninuoto',2,curdate(),curdate());
INSERT INTO meeting_relay_results (id,team_id,team_affiliation_id,minutes,seconds,hundreds,rank,meeting_points,is_disqualified,is_out_of_race,meeting_program_id,relay_header,user_id,created_at,updated_at) VALUES (33807,1000,5203,4,25,40,9,0,0,0,149873,'Olympia Team Nuoto',2,curdate(),curdate());
INSERT INTO meeting_relay_results (id,team_id,team_affiliation_id,minutes,seconds,hundreds,rank,meeting_points,is_disqualified,is_out_of_race,meeting_program_id,relay_header,user_id,created_at,updated_at) VALUES (33808,10,5201,4,33,10,10,0,0,0,149873,'Uninuoto',2,curdate(),curdate());
INSERT INTO meeting_relay_results (id,team_id,team_affiliation_id,minutes,seconds,hundreds,rank,meeting_points,is_disqualified,is_out_of_race,meeting_program_id,relay_header,user_id,created_at,updated_at) VALUES (33809,1,5107,5,00,40,11,0,0,0,149873,'CsiNuoto OberFerrari',2,curdate(),curdate());

INSERT INTO meeting_relay_results (id,team_id,team_affiliation_id,minutes,seconds,hundreds,rank,meeting_points,is_disqualified,is_out_of_race,meeting_program_id,relay_header,user_id,created_at,updated_at) VALUES (33810,1,5107,4,59,80,1,24,0,0,149874,'CSInuoto OberFerrari',2,curdate(),curdate());
INSERT INTO meeting_relay_results (id,team_id,team_affiliation_id,minutes,seconds,hundreds,rank,meeting_points,is_disqualified,is_out_of_race,meeting_program_id,relay_header,user_id,created_at,updated_at) VALUES (33811,10,5201,5,05,00,2,21,0,0,149874,'Uninuoto',2,curdate(),curdate());
INSERT INTO meeting_relay_results (id,team_id,team_affiliation_id,minutes,seconds,hundreds,rank,meeting_points,is_disqualified,is_out_of_race,meeting_program_id,relay_header,user_id,created_at,updated_at) VALUES (33812,826,5196,6,01,40,3,18,0,0,149874,'Eden Sport',2,curdate(),curdate());

INSERT INTO meeting_relay_results (id,team_id,team_affiliation_id,minutes,seconds,hundreds,rank,meeting_points,is_disqualified,is_out_of_race,meeting_program_id,relay_header,user_id,created_at,updated_at) VALUES (33813,10,5201,3,58,00,1,24,0,0,149875,'Uninuoto',2,curdate(),curdate());
INSERT INTO meeting_relay_results (id,team_id,team_affiliation_id,minutes,seconds,hundreds,rank,meeting_points,is_disqualified,is_out_of_race,meeting_program_id,relay_header,user_id,created_at,updated_at) VALUES (33814,224,5106,4,01,10,2,21,0,0,149875,'Reggiana Nuoto',2,curdate(),curdate());
INSERT INTO meeting_relay_results (id,team_id,team_affiliation_id,minutes,seconds,hundreds,rank,meeting_points,is_disqualified,is_out_of_race,meeting_program_id,relay_header,user_id,created_at,updated_at) VALUES (33815,1,5107,4,03,80,3,18,0,0,149875,'CSInuoto OberFerrari',2,curdate(),curdate());
INSERT INTO meeting_relay_results (id,team_id,team_affiliation_id,minutes,seconds,hundreds,rank,meeting_points,is_disqualified,is_out_of_race,meeting_program_id,relay_header,user_id,created_at,updated_at) VALUES (33816,826,5196,4,20,30,4,15,0,0,149875,'Eden Sport',2,curdate(),curdate());
INSERT INTO meeting_relay_results (id,team_id,team_affiliation_id,minutes,seconds,hundreds,rank,meeting_points,is_disqualified,is_out_of_race,meeting_program_id,relay_header,user_id,created_at,updated_at) VALUES (33817,10,5201,4,22,90,5,12,0,0,149875,'Uninuoto',2,curdate(),curdate());
INSERT INTO meeting_relay_results (id,team_id,team_affiliation_id,minutes,seconds,hundreds,rank,meeting_points,is_disqualified,is_out_of_race,meeting_program_id,relay_header,user_id,created_at,updated_at) VALUES (33818,4,5169,4,34,30,6,9,0,0,149875,'Stella Azzurra',2,curdate(),curdate());
INSERT INTO meeting_relay_results (id,team_id,team_affiliation_id,minutes,seconds,hundreds,rank,meeting_points,is_disqualified,is_out_of_race,meeting_program_id,relay_header,user_id,created_at,updated_at) VALUES (33819,1,5107,4,47,50,7,0,0,0,149875,'CSInuoto OberFerrari',2,curdate(),curdate());
INSERT INTO meeting_relay_results (id,team_id,team_affiliation_id,minutes,seconds,hundreds,rank,meeting_points,is_disqualified,is_out_of_race,meeting_program_id,relay_header,user_id,created_at,updated_at) VALUES (33820,10,5201,4,56,80,8,0,0,0,149875,'Uninuoto',2,curdate(),curdate());
INSERT INTO meeting_relay_results (id,team_id,team_affiliation_id,minutes,seconds,hundreds,rank,meeting_points,is_disqualified,is_out_of_race,meeting_program_id,relay_header,user_id,created_at,updated_at) VALUES (33821,1000,5203,4,59,40,9,2,0,0,149875,'Olympia Team Nuoto',2,curdate(),curdate());

INSERT INTO meeting_relay_results (id,team_id,team_affiliation_id,minutes,seconds,hundreds,rank,meeting_points,is_disqualified,is_out_of_race,meeting_program_id,relay_header,user_id,created_at,updated_at) VALUES (33822,10,5201,5,00,00,1,24,0,0,149876,'Uninuoto',2,curdate(),curdate());
INSERT INTO meeting_relay_results (id,team_id,team_affiliation_id,minutes,seconds,hundreds,rank,meeting_points,is_disqualified,is_out_of_race,meeting_program_id,relay_header,user_id,created_at,updated_at) VALUES (33823,1,5107,5,41,70,2,21,0,0,149876,'CSInuoto OberFerrari',2,curdate(),curdate());

INSERT INTO meeting_relay_results (id,team_id,team_affiliation_id,minutes,seconds,hundreds,rank,meeting_points,is_disqualified,is_out_of_race,meeting_program_id,relay_header,user_id,created_at,updated_at) VALUES (33824,10,5201,4,16,80,1,24,0,0,149877,'Uninuoto',2,curdate(),curdate());
INSERT INTO meeting_relay_results (id,team_id,team_affiliation_id,minutes,seconds,hundreds,rank,meeting_points,is_disqualified,is_out_of_race,meeting_program_id,relay_header,user_id,created_at,updated_at) VALUES (33825,10,5201,4,18,90,2,0,0,0,149877,'Uninuoto',2,curdate(),curdate());
INSERT INTO meeting_relay_results (id,team_id,team_affiliation_id,minutes,seconds,hundreds,rank,meeting_points,is_disqualified,is_out_of_race,meeting_program_id,relay_header,user_id,created_at,updated_at) VALUES (33826,1,5107,4,20,10,3,18,0,0,149877,'CSInuoto OberFerrari',2,curdate(),curdate());
INSERT INTO meeting_relay_results (id,team_id,team_affiliation_id,minutes,seconds,hundreds,rank,meeting_points,is_disqualified,is_out_of_race,meeting_program_id,relay_header,user_id,created_at,updated_at) VALUES (33827,224,5106,4,41,20,4,15,0,0,149877,'Reggiana Nuoto',2,curdate(),curdate());
INSERT INTO meeting_relay_results (id,team_id,team_affiliation_id,minutes,seconds,hundreds,rank,meeting_points,is_disqualified,is_out_of_race,meeting_program_id,relay_header,user_id,created_at,updated_at) VALUES (33828,826,5196,5,49,80,5,12,0,0,149877,'Eden Sport',2,curdate(),curdate());

INSERT INTO meeting_relay_results (id,team_id,team_affiliation_id,minutes,seconds,hundreds,rank,meeting_points,is_disqualified,is_out_of_race,meeting_program_id,relay_header,user_id,created_at,updated_at) VALUES (33829,1,5107,4,53,30,1,24,0,0,149878,'CSInuoto OberFerrari',2,curdate(),curdate());


-- Relay swimmers
INSERT INTO meeting_relay_swimmers (id,relay_order,swimmer_id,meeting_relay_result_id,badge_id,stroke_type_id,user_id,lock_version,created_at,updated_at) values (1737,1,(select s.id from swimmers s join badges b on b.swimmer_id = s.id where b.season_id = 181 and b.team_id = 10 and s.complete_name = 'MARIOTTI ANDREA GIULIA'),33791,(select b.id from swimmers s join badges b on b.swimmer_id = s.id where b.season_id = 181 and b.team_id = 10 and s.complete_name = 'MARIOTTI ANDREA GIULIA'),(select t.id from stroke_types t where t.code = 'SL'),2,0,curdate(),curdate());
INSERT INTO meeting_relay_swimmers (id,relay_order,swimmer_id,meeting_relay_result_id,badge_id,stroke_type_id,user_id,lock_version,created_at,updated_at) values (1738,2,(select s.id from swimmers s join badges b on b.swimmer_id = s.id where b.season_id = 181 and b.team_id = 10 and s.complete_name = 'FERRARI ALICE'),33791,(select b.id from swimmers s join badges b on b.swimmer_id = s.id where b.season_id = 181 and b.team_id = 10 and s.complete_name = 'FERRARI ALICE'),(select t.id from stroke_types t where t.code = 'SL'),2,0,curdate(),curdate());
INSERT INTO meeting_relay_swimmers (id,relay_order,swimmer_id,meeting_relay_result_id,badge_id,stroke_type_id,user_id,lock_version,created_at,updated_at) values (1739,3,(select s.id from swimmers s join badges b on b.swimmer_id = s.id where b.season_id = 181 and b.team_id = 10 and s.complete_name = 'GIANFERRARI ELEONORA'),33791,(select b.id from swimmers s join badges b on b.swimmer_id = s.id where b.season_id = 181 and b.team_id = 10 and s.complete_name = 'GIANFERRARI ELEONORA'),(select t.id from stroke_types t where t.code = 'SL'),2,0,curdate(),curdate());
INSERT INTO meeting_relay_swimmers (id,relay_order,swimmer_id,meeting_relay_result_id,badge_id,stroke_type_id,user_id,lock_version,created_at,updated_at) values (1740,4,(select s.id from swimmers s join badges b on b.swimmer_id = s.id where b.season_id = 181 and b.team_id = 10 and s.complete_name = 'MANICARDI VERONICA'),33791,(select b.id from swimmers s join badges b on b.swimmer_id = s.id where b.season_id = 181 and b.team_id = 10 and s.complete_name = 'MANICARDI VERONICA'),(select t.id from stroke_types t where t.code = 'SL'),2,0,curdate(),curdate());
INSERT INTO meeting_relay_swimmers (id,relay_order,swimmer_id,meeting_relay_result_id,badge_id,stroke_type_id,user_id,lock_version,created_at,updated_at) values (1741,1,(select s.id from swimmers s join badges b on b.swimmer_id = s.id where b.season_id = 181 and b.team_id = 1 and s.complete_name = 'AMMIRATI GIUSY'),33792,(select b.id from swimmers s join badges b on b.swimmer_id = s.id where b.season_id = 181 and b.team_id = 1 and s.complete_name = 'AMMIRATI GIUSY'),(select t.id from stroke_types t where t.code = 'SL'),2,0,curdate(),curdate());
INSERT INTO meeting_relay_swimmers (id,relay_order,swimmer_id,meeting_relay_result_id,badge_id,stroke_type_id,user_id,lock_version,created_at,updated_at) values (1742,2,(select s.id from swimmers s join badges b on b.swimmer_id = s.id where b.season_id = 181 and b.team_id = 1 and s.complete_name = 'SONCINI MATILDE'),33792,(select b.id from swimmers s join badges b on b.swimmer_id = s.id where b.season_id = 181 and b.team_id = 1 and s.complete_name = 'SONCINI MATILDE'),(select t.id from stroke_types t where t.code = 'SL'),2,0,curdate(),curdate());
INSERT INTO meeting_relay_swimmers (id,relay_order,swimmer_id,meeting_relay_result_id,badge_id,stroke_type_id,user_id,lock_version,created_at,updated_at) values (1743,3,(select s.id from swimmers s join badges b on b.swimmer_id = s.id where b.season_id = 181 and b.team_id = 1 and s.complete_name = 'RONDONI ALESSIA'),33792,(select b.id from swimmers s join badges b on b.swimmer_id = s.id where b.season_id = 181 and b.team_id = 1 and s.complete_name = 'RONDONI ALESSIA'),(select t.id from stroke_types t where t.code = 'SL'),2,0,curdate(),curdate());
INSERT INTO meeting_relay_swimmers (id,relay_order,swimmer_id,meeting_relay_result_id,badge_id,stroke_type_id,user_id,lock_version,created_at,updated_at) values (1744,4,(select s.id from swimmers s join badges b on b.swimmer_id = s.id where b.season_id = 181 and b.team_id = 1 and s.complete_name = 'VEZZANI GIORGIA'),33792,(select b.id from swimmers s join badges b on b.swimmer_id = s.id where b.season_id = 181 and b.team_id = 1 and s.complete_name = 'VEZZANI GIORGIA'),(select t.id from stroke_types t where t.code = 'SL'),2,0,curdate(),curdate());
INSERT INTO meeting_relay_swimmers (id,relay_order,swimmer_id,meeting_relay_result_id,badge_id,stroke_type_id,user_id,lock_version,created_at,updated_at) values (1745,1,(select s.id from swimmers s join badges b on b.swimmer_id = s.id where b.season_id = 181 and b.team_id = 33 and s.complete_name = 'SEMEGHINI ANDREASTELLA'),33793,(select b.id from swimmers s join badges b on b.swimmer_id = s.id where b.season_id = 181 and b.team_id = 33 and s.complete_name = 'SEMEGHINI ANDREASTELLA'),(select t.id from stroke_types t where t.code = 'SL'),2,0,curdate(),curdate());
INSERT INTO meeting_relay_swimmers (id,relay_order,swimmer_id,meeting_relay_result_id,badge_id,stroke_type_id,user_id,lock_version,created_at,updated_at) values (1746,2,(select s.id from swimmers s join badges b on b.swimmer_id = s.id where b.season_id = 181 and b.team_id = 33 and s.complete_name = 'CASARI LUCIA'),33793,(select b.id from swimmers s join badges b on b.swimmer_id = s.id where b.season_id = 181 and b.team_id = 33 and s.complete_name = 'CASARI LUCIA'),(select t.id from stroke_types t where t.code = 'SL'),2,0,curdate(),curdate());
INSERT INTO meeting_relay_swimmers (id,relay_order,swimmer_id,meeting_relay_result_id,badge_id,stroke_type_id,user_id,lock_version,created_at,updated_at) values (1747,3,(select s.id from swimmers s join badges b on b.swimmer_id = s.id where b.season_id = 181 and b.team_id = 33 and s.complete_name = 'BEGOTTI MARTINA'),33793,(select b.id from swimmers s join badges b on b.swimmer_id = s.id where b.season_id = 181 and b.team_id = 33 and s.complete_name = 'BEGOTTI MARTINA'),(select t.id from stroke_types t where t.code = 'SL'),2,0,curdate(),curdate());
INSERT INTO meeting_relay_swimmers (id,relay_order,swimmer_id,meeting_relay_result_id,badge_id,stroke_type_id,user_id,lock_version,created_at,updated_at) values (1748,4,(select s.id from swimmers s join badges b on b.swimmer_id = s.id where b.season_id = 181 and b.team_id = 33 and s.complete_name = 'BONAZZI VALENTINA'),33793,(select b.id from swimmers s join badges b on b.swimmer_id = s.id where b.season_id = 181 and b.team_id = 33 and s.complete_name = 'BONAZZI VALENTINA'),(select t.id from stroke_types t where t.code = 'SL'),2,0,curdate(),curdate());
INSERT INTO meeting_relay_swimmers (id,relay_order,swimmer_id,meeting_relay_result_id,badge_id,stroke_type_id,user_id,lock_version,created_at,updated_at) values (1749,1,(select s.id from swimmers s join badges b on b.swimmer_id = s.id where b.season_id = 181 and b.team_id = 1000 and s.complete_name = 'VIVA CATERINA'),33794,(select b.id from swimmers s join badges b on b.swimmer_id = s.id where b.season_id = 181 and b.team_id = 1000 and s.complete_name = 'VIVA CATERINA'),(select t.id from stroke_types t where t.code = 'SL'),2,0,curdate(),curdate());
INSERT INTO meeting_relay_swimmers (id,relay_order,swimmer_id,meeting_relay_result_id,badge_id,stroke_type_id,user_id,lock_version,created_at,updated_at) values (1750,2,(select s.id from swimmers s join badges b on b.swimmer_id = s.id where b.season_id = 181 and b.team_id = 1000 and s.complete_name = 'TORRI SARA'),33794,(select b.id from swimmers s join badges b on b.swimmer_id = s.id where b.season_id = 181 and b.team_id = 1000 and s.complete_name = 'TORRI SARA'),(select t.id from stroke_types t where t.code = 'SL'),2,0,curdate(),curdate());
INSERT INTO meeting_relay_swimmers (id,relay_order,swimmer_id,meeting_relay_result_id,badge_id,stroke_type_id,user_id,lock_version,created_at,updated_at) values (1751,3,(select s.id from swimmers s join badges b on b.swimmer_id = s.id where b.season_id = 181 and b.team_id = 1000 and s.complete_name = 'MESSORI FRANCESCA'),33794,(select b.id from swimmers s join badges b on b.swimmer_id = s.id where b.season_id = 181 and b.team_id = 1000 and s.complete_name = 'MESSORI FRANCESCA'),(select t.id from stroke_types t where t.code = 'SL'),2,0,curdate(),curdate());
INSERT INTO meeting_relay_swimmers (id,relay_order,swimmer_id,meeting_relay_result_id,badge_id,stroke_type_id,user_id,lock_version,created_at,updated_at) values (1752,4,(select s.id from swimmers s join badges b on b.swimmer_id = s.id where b.season_id = 181 and b.team_id = 1000 and s.complete_name = 'FRIGGERI MATILDE'),33794,(select b.id from swimmers s join badges b on b.swimmer_id = s.id where b.season_id = 181 and b.team_id = 1000 and s.complete_name = 'FRIGGERI MATILDE'),(select t.id from stroke_types t where t.code = 'SL'),2,0,curdate(),curdate());
INSERT INTO meeting_relay_swimmers (id,relay_order,swimmer_id,meeting_relay_result_id,badge_id,stroke_type_id,user_id,lock_version,created_at,updated_at) values (1753,1,(select s.id from swimmers s join badges b on b.swimmer_id = s.id where b.season_id = 181 and b.team_id = 125 and s.complete_name = 'LAGHI MARTA'),33795,(select b.id from swimmers s join badges b on b.swimmer_id = s.id where b.season_id = 181 and b.team_id = 125 and s.complete_name = 'LAGHI MARTA'),(select t.id from stroke_types t where t.code = 'SL'),2,0,curdate(),curdate());
INSERT INTO meeting_relay_swimmers (id,relay_order,swimmer_id,meeting_relay_result_id,badge_id,stroke_type_id,user_id,lock_version,created_at,updated_at) values (1754,2,(select s.id from swimmers s join badges b on b.swimmer_id = s.id where b.season_id = 181 and b.team_id = 125 and s.complete_name = 'MOLNAR VERONICA'),33795,(select b.id from swimmers s join badges b on b.swimmer_id = s.id where b.season_id = 181 and b.team_id = 125 and s.complete_name = 'MOLNAR VERONICA'),(select t.id from stroke_types t where t.code = 'SL'),2,0,curdate(),curdate());
INSERT INTO meeting_relay_swimmers (id,relay_order,swimmer_id,meeting_relay_result_id,badge_id,stroke_type_id,user_id,lock_version,created_at,updated_at) values (1755,3,(select s.id from swimmers s join badges b on b.swimmer_id = s.id where b.season_id = 181 and b.team_id = 125 and s.complete_name = 'QUADALTI ASIA'),33795,(select b.id from swimmers s join badges b on b.swimmer_id = s.id where b.season_id = 181 and b.team_id = 125 and s.complete_name = 'QUADALTI ASIA'),(select t.id from stroke_types t where t.code = 'SL'),2,0,curdate(),curdate());
INSERT INTO meeting_relay_swimmers (id,relay_order,swimmer_id,meeting_relay_result_id,badge_id,stroke_type_id,user_id,lock_version,created_at,updated_at) values (1756,4,(select s.id from swimmers s join badges b on b.swimmer_id = s.id where b.season_id = 181 and b.team_id = 125 and s.complete_name = 'DOTTI MATILDE'),33795,(select b.id from swimmers s join badges b on b.swimmer_id = s.id where b.season_id = 181 and b.team_id = 125 and s.complete_name = 'DOTTI MATILDE'),(select t.id from stroke_types t where t.code = 'SL'),2,0,curdate(),curdate());
INSERT INTO meeting_relay_swimmers (id,relay_order,swimmer_id,meeting_relay_result_id,badge_id,stroke_type_id,user_id,lock_version,created_at,updated_at) values (1757,1,(select s.id from swimmers s join badges b on b.swimmer_id = s.id where b.season_id = 181 and b.team_id = 826 and s.complete_name = 'INCERTI DELMONTE CHIARA'),33796,(select b.id from swimmers s join badges b on b.swimmer_id = s.id where b.season_id = 181 and b.team_id = 826 and s.complete_name = 'INCERTI DELMONTE CHIARA'),(select t.id from stroke_types t where t.code = 'SL'),2,0,curdate(),curdate());
INSERT INTO meeting_relay_swimmers (id,relay_order,swimmer_id,meeting_relay_result_id,badge_id,stroke_type_id,user_id,lock_version,created_at,updated_at) values (1758,2,(select s.id from swimmers s join badges b on b.swimmer_id = s.id where b.season_id = 181 and b.team_id = 826 and s.complete_name = 'INCERTI DELMONTE ELISA'),33796,(select b.id from swimmers s join badges b on b.swimmer_id = s.id where b.season_id = 181 and b.team_id = 826 and s.complete_name = 'INCERTI DELMONTE ELISA'),(select t.id from stroke_types t where t.code = 'SL'),2,0,curdate(),curdate());
INSERT INTO meeting_relay_swimmers (id,relay_order,swimmer_id,meeting_relay_result_id,badge_id,stroke_type_id,user_id,lock_version,created_at,updated_at) values (1759,3,(select s.id from swimmers s join badges b on b.swimmer_id = s.id where b.season_id = 181 and b.team_id = 826 and s.complete_name = 'ROTA CAMILLA'),33796,(select b.id from swimmers s join badges b on b.swimmer_id = s.id where b.season_id = 181 and b.team_id = 826 and s.complete_name = 'ROTA CAMILLA'),(select t.id from stroke_types t where t.code = 'SL'),2,0,curdate(),curdate());
INSERT INTO meeting_relay_swimmers (id,relay_order,swimmer_id,meeting_relay_result_id,badge_id,stroke_type_id,user_id,lock_version,created_at,updated_at) values (1760,4,(select s.id from swimmers s join badges b on b.swimmer_id = s.id where b.season_id = 181 and b.team_id = 826 and s.complete_name = 'BAGNACANI ALESSANDRA'),33796,(select b.id from swimmers s join badges b on b.swimmer_id = s.id where b.season_id = 181 and b.team_id = 826 and s.complete_name = 'BAGNACANI ALESSANDRA'),(select t.id from stroke_types t where t.code = 'SL'),2,0,curdate(),curdate());
INSERT INTO meeting_relay_swimmers (id,relay_order,swimmer_id,meeting_relay_result_id,badge_id,stroke_type_id,user_id,lock_version,created_at,updated_at) values (1761,1,(select s.id from swimmers s join badges b on b.swimmer_id = s.id where b.season_id = 181 and b.team_id = 21 and s.complete_name = 'BINNI LUDOVICA'),33797,(select b.id from swimmers s join badges b on b.swimmer_id = s.id where b.season_id = 181 and b.team_id = 21 and s.complete_name = 'BINNI LUDOVICA'),(select t.id from stroke_types t where t.code = 'SL'),2,0,curdate(),curdate());
INSERT INTO meeting_relay_swimmers (id,relay_order,swimmer_id,meeting_relay_result_id,badge_id,stroke_type_id,user_id,lock_version,created_at,updated_at) values (1762,2,(select s.id from swimmers s join badges b on b.swimmer_id = s.id where b.season_id = 181 and b.team_id = 21 and s.complete_name = 'BELLO CHIARA'),33797,(select b.id from swimmers s join badges b on b.swimmer_id = s.id where b.season_id = 181 and b.team_id = 21 and s.complete_name = 'BELLO CHIARA'),(select t.id from stroke_types t where t.code = 'SL'),2,0,curdate(),curdate());
INSERT INTO meeting_relay_swimmers (id,relay_order,swimmer_id,meeting_relay_result_id,badge_id,stroke_type_id,user_id,lock_version,created_at,updated_at) values (1763,3,(select s.id from swimmers s join badges b on b.swimmer_id = s.id where b.season_id = 181 and b.team_id = 21 and s.complete_name = 'ZAMPIERI ISABELLA'),33797,(select b.id from swimmers s join badges b on b.swimmer_id = s.id where b.season_id = 181 and b.team_id = 21 and s.complete_name = 'ZAMPIERI ISABELLA'),(select t.id from stroke_types t where t.code = 'SL'),2,0,curdate(),curdate());
INSERT INTO meeting_relay_swimmers (id,relay_order,swimmer_id,meeting_relay_result_id,badge_id,stroke_type_id,user_id,lock_version,created_at,updated_at) values (1764,4,(select s.id from swimmers s join badges b on b.swimmer_id = s.id where b.season_id = 181 and b.team_id = 21 and s.complete_name = 'PIEVANI CHIARA'),33797,(select b.id from swimmers s join badges b on b.swimmer_id = s.id where b.season_id = 181 and b.team_id = 21 and s.complete_name = 'PIEVANI CHIARA'),(select t.id from stroke_types t where t.code = 'SL'),2,0,curdate(),curdate());
INSERT INTO meeting_relay_swimmers (id,relay_order,swimmer_id,meeting_relay_result_id,badge_id,stroke_type_id,user_id,lock_version,created_at,updated_at) values (1765,1,(select s.id from swimmers s join badges b on b.swimmer_id = s.id where b.season_id = 181 and b.team_id = 10 and s.complete_name = 'MARCHETTI AMANDA'),33798,(select b.id from swimmers s join badges b on b.swimmer_id = s.id where b.season_id = 181 and b.team_id = 10 and s.complete_name = 'MARCHETTI AMANDA'),(select t.id from stroke_types t where t.code = 'SL'),2,0,curdate(),curdate());
INSERT INTO meeting_relay_swimmers (id,relay_order,swimmer_id,meeting_relay_result_id,badge_id,stroke_type_id,user_id,lock_version,created_at,updated_at) values (1766,2,(select s.id from swimmers s join badges b on b.swimmer_id = s.id where b.season_id = 181 and b.team_id = 10 and s.complete_name = 'CASOTTI VITTORIA'),33798,(select b.id from swimmers s join badges b on b.swimmer_id = s.id where b.season_id = 181 and b.team_id = 10 and s.complete_name = 'CASOTTI VITTORIA'),(select t.id from stroke_types t where t.code = 'SL'),2,0,curdate(),curdate());
INSERT INTO meeting_relay_swimmers (id,relay_order,swimmer_id,meeting_relay_result_id,badge_id,stroke_type_id,user_id,lock_version,created_at,updated_at) values (1767,3,(select s.id from swimmers s join badges b on b.swimmer_id = s.id where b.season_id = 181 and b.team_id = 10 and s.complete_name = 'ISEPPATO NATALIA'),33798,(select b.id from swimmers s join badges b on b.swimmer_id = s.id where b.season_id = 181 and b.team_id = 10 and s.complete_name = 'ISEPPATO NATALIA'),(select t.id from stroke_types t where t.code = 'SL'),2,0,curdate(),curdate());
INSERT INTO meeting_relay_swimmers (id,relay_order,swimmer_id,meeting_relay_result_id,badge_id,stroke_type_id,user_id,lock_version,created_at,updated_at) values (1768,4,(select s.id from swimmers s join badges b on b.swimmer_id = s.id where b.season_id = 181 and b.team_id = 10 and s.complete_name = 'PICCHIETTI ELISA'),33798,(select b.id from swimmers s join badges b on b.swimmer_id = s.id where b.season_id = 181 and b.team_id = 10 and s.complete_name = 'PICCHIETTI ELISA'),(select t.id from stroke_types t where t.code = 'SL'),2,0,curdate(),curdate());

INSERT INTO meeting_relay_swimmers (id,relay_order,swimmer_id,meeting_relay_result_id,badge_id,stroke_type_id,user_id,lock_version,created_at,updated_at) values (1769,1,(select s.id from swimmers s join badges b on b.swimmer_id = s.id where b.season_id = 181 and b.team_id = 10 and s.complete_name = 'ALBERTIN ANDREA'),33799,(select b.id from swimmers s join badges b on b.swimmer_id = s.id where b.season_id = 181 and b.team_id = 10 and s.complete_name = 'ALBERTIN ANDREA'),(select t.id from stroke_types t where t.code = 'SL'),2,0,curdate(),curdate());
INSERT INTO meeting_relay_swimmers (id,relay_order,swimmer_id,meeting_relay_result_id,badge_id,stroke_type_id,user_id,lock_version,created_at,updated_at) values (1770,2,(select s.id from swimmers s join badges b on b.swimmer_id = s.id where b.season_id = 181 and b.team_id = 10 and s.complete_name = 'VEZZANI NICHOLAS'),33799,(select b.id from swimmers s join badges b on b.swimmer_id = s.id where b.season_id = 181 and b.team_id = 10 and s.complete_name = 'VEZZANI NICHOLAS'),(select t.id from stroke_types t where t.code = 'SL'),2,0,curdate(),curdate());
INSERT INTO meeting_relay_swimmers (id,relay_order,swimmer_id,meeting_relay_result_id,badge_id,stroke_type_id,user_id,lock_version,created_at,updated_at) values (1771,3,(select s.id from swimmers s join badges b on b.swimmer_id = s.id where b.season_id = 181 and b.team_id = 10 and s.complete_name = 'BEVILACQUA GIULIO'),33799,(select b.id from swimmers s join badges b on b.swimmer_id = s.id where b.season_id = 181 and b.team_id = 10 and s.complete_name = 'BEVILACQUA GIULIO'),(select t.id from stroke_types t where t.code = 'SL'),2,0,curdate(),curdate());
INSERT INTO meeting_relay_swimmers (id,relay_order,swimmer_id,meeting_relay_result_id,badge_id,stroke_type_id,user_id,lock_version,created_at,updated_at) values (1772,4,(select s.id from swimmers s join badges b on b.swimmer_id = s.id where b.season_id = 181 and b.team_id = 10 and s.complete_name = 'FREDDI MATTEO'),33799,(select b.id from swimmers s join badges b on b.swimmer_id = s.id where b.season_id = 181 and b.team_id = 10 and s.complete_name = 'FREDDI MATTEO'),(select t.id from stroke_types t where t.code = 'SL'),2,0,curdate(),curdate());
INSERT INTO meeting_relay_swimmers (id,relay_order,swimmer_id,meeting_relay_result_id,badge_id,stroke_type_id,user_id,lock_version,created_at,updated_at) values (1773,1,(select s.id from swimmers s join badges b on b.swimmer_id = s.id where b.season_id = 181 and b.team_id = 21 and s.complete_name = 'TRINCONE DANIELE'),33800,(select b.id from swimmers s join badges b on b.swimmer_id = s.id where b.season_id = 181 and b.team_id = 21 and s.complete_name = 'TRINCONE DANIELE'),(select t.id from stroke_types t where t.code = 'SL'),2,0,curdate(),curdate());
INSERT INTO meeting_relay_swimmers (id,relay_order,swimmer_id,meeting_relay_result_id,badge_id,stroke_type_id,user_id,lock_version,created_at,updated_at) values (1774,2,(select s.id from swimmers s join badges b on b.swimmer_id = s.id where b.season_id = 181 and b.team_id = 21 and s.complete_name = 'PAGLIACCI DAMIANO'),33800,(select b.id from swimmers s join badges b on b.swimmer_id = s.id where b.season_id = 181 and b.team_id = 21 and s.complete_name = 'PAGLIACCI DAMIANO'),(select t.id from stroke_types t where t.code = 'SL'),2,0,curdate(),curdate());
INSERT INTO meeting_relay_swimmers (id,relay_order,swimmer_id,meeting_relay_result_id,badge_id,stroke_type_id,user_id,lock_version,created_at,updated_at) values (1775,3,(select s.id from swimmers s join badges b on b.swimmer_id = s.id where b.season_id = 181 and b.team_id = 21 and s.complete_name = 'CAPRIOLI MICHAEL STEPHEN'),33800,(select b.id from swimmers s join badges b on b.swimmer_id = s.id where b.season_id = 181 and b.team_id = 21 and s.complete_name = 'CAPRIOLI MICHAEL STEPHEN'),(select t.id from stroke_types t where t.code = 'SL'),2,0,curdate(),curdate());
INSERT INTO meeting_relay_swimmers (id,relay_order,swimmer_id,meeting_relay_result_id,badge_id,stroke_type_id,user_id,lock_version,created_at,updated_at) values (1776,4,(select s.id from swimmers s join badges b on b.swimmer_id = s.id where b.season_id = 181 and b.team_id = 21 and s.complete_name = 'BORGHETTI MARCO'),33800,(select b.id from swimmers s join badges b on b.swimmer_id = s.id where b.season_id = 181 and b.team_id = 21 and s.complete_name = 'BORGHETTI MARCO'),(select t.id from stroke_types t where t.code = 'SL'),2,0,curdate(),curdate());
INSERT INTO meeting_relay_swimmers (id,relay_order,swimmer_id,meeting_relay_result_id,badge_id,stroke_type_id,user_id,lock_version,created_at,updated_at) values (1777,1,(select s.id from swimmers s join badges b on b.swimmer_id = s.id where b.season_id = 181 and b.team_id = 33 and s.complete_name = 'MARTIGNONI FEDERICO'),33801,(select b.id from swimmers s join badges b on b.swimmer_id = s.id where b.season_id = 181 and b.team_id = 33 and s.complete_name = 'MARTIGNONI FEDERICO'),(select t.id from stroke_types t where t.code = 'SL'),2,0,curdate(),curdate());
INSERT INTO meeting_relay_swimmers (id,relay_order,swimmer_id,meeting_relay_result_id,badge_id,stroke_type_id,user_id,lock_version,created_at,updated_at) values (1778,2,(select s.id from swimmers s join badges b on b.swimmer_id = s.id where b.season_id = 181 and b.team_id = 33 and s.complete_name = 'ALBERINI ANDREA'),33801,(select b.id from swimmers s join badges b on b.swimmer_id = s.id where b.season_id = 181 and b.team_id = 33 and s.complete_name = 'ALBERINI ANDREA'),(select t.id from stroke_types t where t.code = 'SL'),2,0,curdate(),curdate());
INSERT INTO meeting_relay_swimmers (id,relay_order,swimmer_id,meeting_relay_result_id,badge_id,stroke_type_id,user_id,lock_version,created_at,updated_at) values (1779,3,(select s.id from swimmers s join badges b on b.swimmer_id = s.id where b.season_id = 181 and b.team_id = 33 and s.complete_name = 'ELISSE SAMUELE'),33801,(select b.id from swimmers s join badges b on b.swimmer_id = s.id where b.season_id = 181 and b.team_id = 33 and s.complete_name = 'ELISSE SAMUELE'),(select t.id from stroke_types t where t.code = 'SL'),2,0,curdate(),curdate());
INSERT INTO meeting_relay_swimmers (id,relay_order,swimmer_id,meeting_relay_result_id,badge_id,stroke_type_id,user_id,lock_version,created_at,updated_at) values (1780,4,(select s.id from swimmers s join badges b on b.swimmer_id = s.id where b.season_id = 181 and b.team_id = 33 and s.complete_name = 'FREGNI CHRISTIAN'),33801,(select b.id from swimmers s join badges b on b.swimmer_id = s.id where b.season_id = 181 and b.team_id = 33 and s.complete_name = 'FREGNI CHRISTIAN'),(select t.id from stroke_types t where t.code = 'SL'),2,0,curdate(),curdate());
INSERT INTO meeting_relay_swimmers (id,relay_order,swimmer_id,meeting_relay_result_id,badge_id,stroke_type_id,user_id,lock_version,created_at,updated_at) values (1781,1,(select s.id from swimmers s join badges b on b.swimmer_id = s.id where b.season_id = 181 and b.team_id = 224 and s.complete_name = 'DI STASI WILLIAM MARIO'),33802,(select b.id from swimmers s join badges b on b.swimmer_id = s.id where b.season_id = 181 and b.team_id = 224 and s.complete_name = 'DI STASI WILLIAM MARIO'),(select t.id from stroke_types t where t.code = 'SL'),2,0,curdate(),curdate());
INSERT INTO meeting_relay_swimmers (id,relay_order,swimmer_id,meeting_relay_result_id,badge_id,stroke_type_id,user_id,lock_version,created_at,updated_at) values (1782,2,(select s.id from swimmers s join badges b on b.swimmer_id = s.id where b.season_id = 181 and b.team_id = 224 and s.complete_name = 'GUASTI LUCA'),33802,(select b.id from swimmers s join badges b on b.swimmer_id = s.id where b.season_id = 181 and b.team_id = 224 and s.complete_name = 'GUASTI LUCA'),(select t.id from stroke_types t where t.code = 'SL'),2,0,curdate(),curdate());
INSERT INTO meeting_relay_swimmers (id,relay_order,swimmer_id,meeting_relay_result_id,badge_id,stroke_type_id,user_id,lock_version,created_at,updated_at) values (1783,3,(select s.id from swimmers s join badges b on b.swimmer_id = s.id where b.season_id = 181 and b.team_id = 224 and s.complete_name = 'ZANELLA LUCA'),33802,(select b.id from swimmers s join badges b on b.swimmer_id = s.id where b.season_id = 181 and b.team_id = 224 and s.complete_name = 'ZANELLA LUCA'),(select t.id from stroke_types t where t.code = 'SL'),2,0,curdate(),curdate());
INSERT INTO meeting_relay_swimmers (id,relay_order,swimmer_id,meeting_relay_result_id,badge_id,stroke_type_id,user_id,lock_version,created_at,updated_at) values (1784,4,(select s.id from swimmers s join badges b on b.swimmer_id = s.id where b.season_id = 181 and b.team_id = 224 and s.complete_name = 'QUADRI ANDREA'),33802,(select b.id from swimmers s join badges b on b.swimmer_id = s.id where b.season_id = 181 and b.team_id = 224 and s.complete_name = 'QUADRI ANDREA'),(select t.id from stroke_types t where t.code = 'SL'),2,0,curdate(),curdate());
INSERT INTO meeting_relay_swimmers (id,relay_order,swimmer_id,meeting_relay_result_id,badge_id,stroke_type_id,user_id,lock_version,created_at,updated_at) values (1785,1,(select s.id from swimmers s join badges b on b.swimmer_id = s.id where b.season_id = 181 and b.team_id = 125 and s.complete_name = 'TOZZI DYLAN'),33803,(select b.id from swimmers s join badges b on b.swimmer_id = s.id where b.season_id = 181 and b.team_id = 125 and s.complete_name = 'TOZZI DYLAN'),(select t.id from stroke_types t where t.code = 'SL'),2,0,curdate(),curdate());
INSERT INTO meeting_relay_swimmers (id,relay_order,swimmer_id,meeting_relay_result_id,badge_id,stroke_type_id,user_id,lock_version,created_at,updated_at) values (1786,2,(select s.id from swimmers s join badges b on b.swimmer_id = s.id where b.season_id = 181 and b.team_id = 125 and s.complete_name = 'ZAMA ENRICO'),33803,(select b.id from swimmers s join badges b on b.swimmer_id = s.id where b.season_id = 181 and b.team_id = 125 and s.complete_name = 'ZAMA ENRICO'),(select t.id from stroke_types t where t.code = 'SL'),2,0,curdate(),curdate());
INSERT INTO meeting_relay_swimmers (id,relay_order,swimmer_id,meeting_relay_result_id,badge_id,stroke_type_id,user_id,lock_version,created_at,updated_at) values (1787,3,(select s.id from swimmers s join badges b on b.swimmer_id = s.id where b.season_id = 181 and b.team_id = 125 and s.complete_name = 'BUDELAZZI JACOPO'),33803,(select b.id from swimmers s join badges b on b.swimmer_id = s.id where b.season_id = 181 and b.team_id = 125 and s.complete_name = 'BUDELAZZI JACOPO'),(select t.id from stroke_types t where t.code = 'SL'),2,0,curdate(),curdate());
INSERT INTO meeting_relay_swimmers (id,relay_order,swimmer_id,meeting_relay_result_id,badge_id,stroke_type_id,user_id,lock_version,created_at,updated_at) values (1788,4,(select s.id from swimmers s join badges b on b.swimmer_id = s.id where b.season_id = 181 and b.team_id = 125 and s.complete_name = 'ORIANI GIACOMO'),33803,(select b.id from swimmers s join badges b on b.swimmer_id = s.id where b.season_id = 181 and b.team_id = 125 and s.complete_name = 'ORIANI GIACOMO'),(select t.id from stroke_types t where t.code = 'SL'),2,0,curdate(),curdate());
INSERT INTO meeting_relay_swimmers (id,relay_order,swimmer_id,meeting_relay_result_id,badge_id,stroke_type_id,user_id,lock_version,created_at,updated_at) values (1789,1,(select s.id from swimmers s join badges b on b.swimmer_id = s.id where b.season_id = 181 and b.team_id = 1 and s.complete_name = 'STORCHI LORENZO'),33804,(select b.id from swimmers s join badges b on b.swimmer_id = s.id where b.season_id = 181 and b.team_id = 1 and s.complete_name = 'STORCHI LORENZO'),(select t.id from stroke_types t where t.code = 'SL'),2,0,curdate(),curdate());
INSERT INTO meeting_relay_swimmers (id,relay_order,swimmer_id,meeting_relay_result_id,badge_id,stroke_type_id,user_id,lock_version,created_at,updated_at) values (1790,2,(select s.id from swimmers s join badges b on b.swimmer_id = s.id where b.season_id = 181 and b.team_id = 1 and s.complete_name = 'FERRARI SIMONE'),33804,(select b.id from swimmers s join badges b on b.swimmer_id = s.id where b.season_id = 181 and b.team_id = 1 and s.complete_name = 'FERRARI SIMONE'),(select t.id from stroke_types t where t.code = 'SL'),2,0,curdate(),curdate());
INSERT INTO meeting_relay_swimmers (id,relay_order,swimmer_id,meeting_relay_result_id,badge_id,stroke_type_id,user_id,lock_version,created_at,updated_at) values (1791,3,(select s.id from swimmers s join badges b on b.swimmer_id = s.id where b.season_id = 181 and b.team_id = 1 and s.complete_name = 'BERTOCCHI FABIO'),33804,(select b.id from swimmers s join badges b on b.swimmer_id = s.id where b.season_id = 181 and b.team_id = 1 and s.complete_name = 'BERTOCCHI FABIO'),(select t.id from stroke_types t where t.code = 'SL'),2,0,curdate(),curdate());
INSERT INTO meeting_relay_swimmers (id,relay_order,swimmer_id,meeting_relay_result_id,badge_id,stroke_type_id,user_id,lock_version,created_at,updated_at) values (1792,4,(select s.id from swimmers s join badges b on b.swimmer_id = s.id where b.season_id = 181 and b.team_id = 1 and s.complete_name = 'CARLETTI ALAN'),33804,(select b.id from swimmers s join badges b on b.swimmer_id = s.id where b.season_id = 181 and b.team_id = 1 and s.complete_name = 'CARLETTI ALAN'),(select t.id from stroke_types t where t.code = 'SL'),2,0,curdate(),curdate());
INSERT INTO meeting_relay_swimmers (id,relay_order,swimmer_id,meeting_relay_result_id,badge_id,stroke_type_id,user_id,lock_version,created_at,updated_at) values (1793,1,(select s.id from swimmers s join badges b on b.swimmer_id = s.id where b.season_id = 181 and b.team_id = 1000 and s.complete_name = 'PISTELLI MATTIA'),33805,(select b.id from swimmers s join badges b on b.swimmer_id = s.id where b.season_id = 181 and b.team_id = 1000 and s.complete_name = 'PISTELLI MATTIA'),(select t.id from stroke_types t where t.code = 'SL'),2,0,curdate(),curdate());
INSERT INTO meeting_relay_swimmers (id,relay_order,swimmer_id,meeting_relay_result_id,badge_id,stroke_type_id,user_id,lock_version,created_at,updated_at) values (1794,2,(select s.id from swimmers s join badges b on b.swimmer_id = s.id where b.season_id = 181 and b.team_id = 1000 and s.complete_name = 'INCERTI TELANI JOHNATAN'),33805,(select b.id from swimmers s join badges b on b.swimmer_id = s.id where b.season_id = 181 and b.team_id = 1000 and s.complete_name = 'INCERTI TELANI JOHNATAN'),(select t.id from stroke_types t where t.code = 'SL'),2,0,curdate(),curdate());
INSERT INTO meeting_relay_swimmers (id,relay_order,swimmer_id,meeting_relay_result_id,badge_id,stroke_type_id,user_id,lock_version,created_at,updated_at) values (1795,3,(select s.id from swimmers s join badges b on b.swimmer_id = s.id where b.season_id = 181 and b.team_id = 1000 and s.complete_name = 'COCCHI MARCO'),33805,(select b.id from swimmers s join badges b on b.swimmer_id = s.id where b.season_id = 181 and b.team_id = 1000 and s.complete_name = 'COCCHI MARCO'),(select t.id from stroke_types t where t.code = 'SL'),2,0,curdate(),curdate());
INSERT INTO meeting_relay_swimmers (id,relay_order,swimmer_id,meeting_relay_result_id,badge_id,stroke_type_id,user_id,lock_version,created_at,updated_at) values (1796,4,(select s.id from swimmers s join badges b on b.swimmer_id = s.id where b.season_id = 181 and b.team_id = 1000 and s.complete_name = 'MORSIANI FEDERICO'),33805,(select b.id from swimmers s join badges b on b.swimmer_id = s.id where b.season_id = 181 and b.team_id = 1000 and s.complete_name = 'MORSIANI FEDERICO'),(select t.id from stroke_types t where t.code = 'SL'),2,0,curdate(),curdate());
INSERT INTO meeting_relay_swimmers (id,relay_order,swimmer_id,meeting_relay_result_id,badge_id,stroke_type_id,user_id,lock_version,created_at,updated_at) values (1797,1,(select s.id from swimmers s join badges b on b.swimmer_id = s.id where b.season_id = 181 and b.team_id = 10 and s.complete_name = 'FRANZINI CESAR DAVID'),33806,(select b.id from swimmers s join badges b on b.swimmer_id = s.id where b.season_id = 181 and b.team_id = 10 and s.complete_name = 'FRANZINI CESAR DAVID'),(select t.id from stroke_types t where t.code = 'SL'),2,0,curdate(),curdate());
INSERT INTO meeting_relay_swimmers (id,relay_order,swimmer_id,meeting_relay_result_id,badge_id,stroke_type_id,user_id,lock_version,created_at,updated_at) values (1798,2,(select s.id from swimmers s join badges b on b.swimmer_id = s.id where b.season_id = 181 and b.team_id = 10 and s.complete_name = 'ZIRONI MATTEO'),33806,(select b.id from swimmers s join badges b on b.swimmer_id = s.id where b.season_id = 181 and b.team_id = 10 and s.complete_name = 'ZIRONI MATTEO'),(select t.id from stroke_types t where t.code = 'SL'),2,0,curdate(),curdate());
INSERT INTO meeting_relay_swimmers (id,relay_order,swimmer_id,meeting_relay_result_id,badge_id,stroke_type_id,user_id,lock_version,created_at,updated_at) values (1799,3,(select s.id from swimmers s join badges b on b.swimmer_id = s.id where b.season_id = 181 and b.team_id = 10 and s.complete_name = 'VEZZANI GIACOMO'),33806,(select b.id from swimmers s join badges b on b.swimmer_id = s.id where b.season_id = 181 and b.team_id = 10 and s.complete_name = 'VEZZANI GIACOMO'),(select t.id from stroke_types t where t.code = 'SL'),2,0,curdate(),curdate());
INSERT INTO meeting_relay_swimmers (id,relay_order,swimmer_id,meeting_relay_result_id,badge_id,stroke_type_id,user_id,lock_version,created_at,updated_at) values (1800,4,(select s.id from swimmers s join badges b on b.swimmer_id = s.id where b.season_id = 181 and b.team_id = 10 and s.complete_name = 'BATTINI ELIA'),33806,(select b.id from swimmers s join badges b on b.swimmer_id = s.id where b.season_id = 181 and b.team_id = 10 and s.complete_name = 'BATTINI ELIA'),(select t.id from stroke_types t where t.code = 'SL'),2,0,curdate(),curdate());
INSERT INTO meeting_relay_swimmers (id,relay_order,swimmer_id,meeting_relay_result_id,badge_id,stroke_type_id,user_id,lock_version,created_at,updated_at) values (1801,1,(select s.id from swimmers s join badges b on b.swimmer_id = s.id where b.season_id = 181 and b.team_id = 1000 and s.complete_name = 'PICCININI LUCA'),33807,(select b.id from swimmers s join badges b on b.swimmer_id = s.id where b.season_id = 181 and b.team_id = 1000 and s.complete_name = 'PICCININI LUCA'),(select t.id from stroke_types t where t.code = 'SL'),2,0,curdate(),curdate());
INSERT INTO meeting_relay_swimmers (id,relay_order,swimmer_id,meeting_relay_result_id,badge_id,stroke_type_id,user_id,lock_version,created_at,updated_at) values (1802,2,(select s.id from swimmers s join badges b on b.swimmer_id = s.id where b.season_id = 181 and b.team_id = 1000 and s.complete_name = 'GANAPINI FABRIZIO'),33807,(select b.id from swimmers s join badges b on b.swimmer_id = s.id where b.season_id = 181 and b.team_id = 1000 and s.complete_name = 'GANAPINI FABRIZIO'),(select t.id from stroke_types t where t.code = 'SL'),2,0,curdate(),curdate());
INSERT INTO meeting_relay_swimmers (id,relay_order,swimmer_id,meeting_relay_result_id,badge_id,stroke_type_id,user_id,lock_version,created_at,updated_at) values (1803,3,(select s.id from swimmers s join badges b on b.swimmer_id = s.id where b.season_id = 181 and b.team_id = 1000 and s.complete_name = 'MARGINI LEONARDO'),33807,(select b.id from swimmers s join badges b on b.swimmer_id = s.id where b.season_id = 181 and b.team_id = 1000 and s.complete_name = 'MARGINI LEONARDO'),(select t.id from stroke_types t where t.code = 'SL'),2,0,curdate(),curdate());
INSERT INTO meeting_relay_swimmers (id,relay_order,swimmer_id,meeting_relay_result_id,badge_id,stroke_type_id,user_id,lock_version,created_at,updated_at) values (1804,4,(select s.id from swimmers s join badges b on b.swimmer_id = s.id where b.season_id = 181 and b.team_id = 1000 and s.complete_name = 'CANTONI STEFANO'),33807,(select b.id from swimmers s join badges b on b.swimmer_id = s.id where b.season_id = 181 and b.team_id = 1000 and s.complete_name = 'CANTONI STEFANO'),(select t.id from stroke_types t where t.code = 'SL'),2,0,curdate(),curdate());
INSERT INTO meeting_relay_swimmers (id,relay_order,swimmer_id,meeting_relay_result_id,badge_id,stroke_type_id,user_id,lock_version,created_at,updated_at) values (1805,1,(select s.id from swimmers s join badges b on b.swimmer_id = s.id where b.season_id = 181 and b.team_id = 10 and s.complete_name = 'CARAMASCHI FABRIZIO'),33808,(select b.id from swimmers s join badges b on b.swimmer_id = s.id where b.season_id = 181 and b.team_id = 10 and s.complete_name = 'CARAMASCHI FABRIZIO'),(select t.id from stroke_types t where t.code = 'SL'),2,0,curdate(),curdate());
INSERT INTO meeting_relay_swimmers (id,relay_order,swimmer_id,meeting_relay_result_id,badge_id,stroke_type_id,user_id,lock_version,created_at,updated_at) values (1806,2,(select s.id from swimmers s join badges b on b.swimmer_id = s.id where b.season_id = 181 and b.team_id = 10 and s.complete_name = 'DOTTI DAVIDE'),33808,(select b.id from swimmers s join badges b on b.swimmer_id = s.id where b.season_id = 181 and b.team_id = 10 and s.complete_name = 'DOTTI DAVIDE'),(select t.id from stroke_types t where t.code = 'SL'),2,0,curdate(),curdate());
INSERT INTO meeting_relay_swimmers (id,relay_order,swimmer_id,meeting_relay_result_id,badge_id,stroke_type_id,user_id,lock_version,created_at,updated_at) values (1807,3,(select s.id from swimmers s join badges b on b.swimmer_id = s.id where b.season_id = 181 and b.team_id = 10 and s.complete_name = 'CIRELLI LUCA'),33808,(select b.id from swimmers s join badges b on b.swimmer_id = s.id where b.season_id = 181 and b.team_id = 10 and s.complete_name = 'CIRELLI LUCA'),(select t.id from stroke_types t where t.code = 'SL'),2,0,curdate(),curdate());
INSERT INTO meeting_relay_swimmers (id,relay_order,swimmer_id,meeting_relay_result_id,badge_id,stroke_type_id,user_id,lock_version,created_at,updated_at) values (1808,4,(select s.id from swimmers s join badges b on b.swimmer_id = s.id where b.season_id = 181 and b.team_id = 10 and s.complete_name = 'PALLADINO FRANCESCO'),33808,(select b.id from swimmers s join badges b on b.swimmer_id = s.id where b.season_id = 181 and b.team_id = 10 and s.complete_name = 'PALLADINO FRANCESCO'),(select t.id from stroke_types t where t.code = 'SL'),2,0,curdate(),curdate());
INSERT INTO meeting_relay_swimmers (id,relay_order,swimmer_id,meeting_relay_result_id,badge_id,stroke_type_id,user_id,lock_version,created_at,updated_at) values (1809,1,(select s.id from swimmers s join badges b on b.swimmer_id = s.id where b.season_id = 181 and b.team_id = 1 and s.complete_name = 'KOCI KLERI'),33809,(select b.id from swimmers s join badges b on b.swimmer_id = s.id where b.season_id = 181 and b.team_id = 1 and s.complete_name = 'KOCI KLERI'),(select t.id from stroke_types t where t.code = 'SL'),2,0,curdate(),curdate());
INSERT INTO meeting_relay_swimmers (id,relay_order,swimmer_id,meeting_relay_result_id,badge_id,stroke_type_id,user_id,lock_version,created_at,updated_at) values (1810,2,(select s.id from swimmers s join badges b on b.swimmer_id = s.id where b.season_id = 181 and b.team_id = 1 and s.complete_name = 'FANTUZZI LUCA'),33809,(select b.id from swimmers s join badges b on b.swimmer_id = s.id where b.season_id = 181 and b.team_id = 1 and s.complete_name = 'FANTUZZI LUCA'),(select t.id from stroke_types t where t.code = 'SL'),2,0,curdate(),curdate());
INSERT INTO meeting_relay_swimmers (id,relay_order,swimmer_id,meeting_relay_result_id,badge_id,stroke_type_id,user_id,lock_version,created_at,updated_at) values (1811,3,(select s.id from swimmers s join badges b on b.swimmer_id = s.id where b.season_id = 181 and b.team_id = 1 and s.complete_name = 'PEZZOLI GIANLUCA'),33809,(select b.id from swimmers s join badges b on b.swimmer_id = s.id where b.season_id = 181 and b.team_id = 1 and s.complete_name = 'PEZZOLI GIANLUCA'),(select t.id from stroke_types t where t.code = 'SL'),2,0,curdate(),curdate());
INSERT INTO meeting_relay_swimmers (id,relay_order,swimmer_id,meeting_relay_result_id,badge_id,stroke_type_id,user_id,lock_version,created_at,updated_at) values (1812,4,(select s.id from swimmers s join badges b on b.swimmer_id = s.id where b.season_id = 181 and b.team_id = 1 and s.complete_name = 'PASCALE CIRO'),33809,(select b.id from swimmers s join badges b on b.swimmer_id = s.id where b.season_id = 181 and b.team_id = 1 and s.complete_name = 'PASCALE CIRO'),(select t.id from stroke_types t where t.code = 'SL'),2,0,curdate(),curdate());

INSERT INTO meeting_relay_swimmers (id,relay_order,swimmer_id,meeting_relay_result_id,badge_id,stroke_type_id,user_id,lock_version,created_at,updated_at) values (1813,1,(select s.id from swimmers s join badges b on b.swimmer_id = s.id where b.season_id = 181 and b.team_id = 1 and s.complete_name = 'PANZETTI NAILA'),33810,(select b.id from swimmers s join badges b on b.swimmer_id = s.id where b.season_id = 181 and b.team_id = 1 and s.complete_name = 'PANZETTI NAILA'),(select t.id from stroke_types t where t.code = 'SL'),2,0,curdate(),curdate());
INSERT INTO meeting_relay_swimmers (id,relay_order,swimmer_id,meeting_relay_result_id,badge_id,stroke_type_id,user_id,lock_version,created_at,updated_at) values (1814,2,(select s.id from swimmers s join badges b on b.swimmer_id = s.id where b.season_id = 181 and b.team_id = 1 and s.complete_name = 'CANTONI SAMANTA'),33810,(select b.id from swimmers s join badges b on b.swimmer_id = s.id where b.season_id = 181 and b.team_id = 1 and s.complete_name = 'CANTONI SAMANTA'),(select t.id from stroke_types t where t.code = 'SL'),2,0,curdate(),curdate());
INSERT INTO meeting_relay_swimmers (id,relay_order,swimmer_id,meeting_relay_result_id,badge_id,stroke_type_id,user_id,lock_version,created_at,updated_at) values (1815,3,(select s.id from swimmers s join badges b on b.swimmer_id = s.id where b.season_id = 181 and b.team_id = 1 and s.complete_name = 'LEONCINI VALERIA'),33810,(select b.id from swimmers s join badges b on b.swimmer_id = s.id where b.season_id = 181 and b.team_id = 1 and s.complete_name = 'LEONCINI VALERIA'),(select t.id from stroke_types t where t.code = 'SL'),2,0,curdate(),curdate());
INSERT INTO meeting_relay_swimmers (id,relay_order,swimmer_id,meeting_relay_result_id,badge_id,stroke_type_id,user_id,lock_version,created_at,updated_at) values (1816,4,(select s.id from swimmers s join badges b on b.swimmer_id = s.id where b.season_id = 181 and b.team_id = 1 and s.complete_name = 'PEZZI STEFANIA'),33810,(select b.id from swimmers s join badges b on b.swimmer_id = s.id where b.season_id = 181 and b.team_id = 1 and s.complete_name = 'PEZZI STEFANIA'),(select t.id from stroke_types t where t.code = 'SL'),2,0,curdate(),curdate());
INSERT INTO meeting_relay_swimmers (id,relay_order,swimmer_id,meeting_relay_result_id,badge_id,stroke_type_id,user_id,lock_version,created_at,updated_at) values (1817,1,(select s.id from swimmers s join badges b on b.swimmer_id = s.id where b.season_id = 181 and b.team_id = 10 and s.complete_name = 'BORGHI DONATELLA'),33811,(select b.id from swimmers s join badges b on b.swimmer_id = s.id where b.season_id = 181 and b.team_id = 10 and s.complete_name = 'BORGHI DONATELLA'),(select t.id from stroke_types t where t.code = 'SL'),2,0,curdate(),curdate());
INSERT INTO meeting_relay_swimmers (id,relay_order,swimmer_id,meeting_relay_result_id,badge_id,stroke_type_id,user_id,lock_version,created_at,updated_at) values (1818,2,(select s.id from swimmers s join badges b on b.swimmer_id = s.id where b.season_id = 181 and b.team_id = 10 and s.complete_name = 'PO ILARIA'),33811,(select b.id from swimmers s join badges b on b.swimmer_id = s.id where b.season_id = 181 and b.team_id = 10 and s.complete_name = 'PO ILARIA'),(select t.id from stroke_types t where t.code = 'SL'),2,0,curdate(),curdate());
INSERT INTO meeting_relay_swimmers (id,relay_order,swimmer_id,meeting_relay_result_id,badge_id,stroke_type_id,user_id,lock_version,created_at,updated_at) values (1819,3,(select s.id from swimmers s join badges b on b.swimmer_id = s.id where b.season_id = 181 and b.team_id = 10 and s.complete_name = 'MIRANDOLA CAROLINA'),33811,(select b.id from swimmers s join badges b on b.swimmer_id = s.id where b.season_id = 181 and b.team_id = 10 and s.complete_name = 'MIRANDOLA CAROLINA'),(select t.id from stroke_types t where t.code = 'SL'),2,0,curdate(),curdate());
INSERT INTO meeting_relay_swimmers (id,relay_order,swimmer_id,meeting_relay_result_id,badge_id,stroke_type_id,user_id,lock_version,created_at,updated_at) values (1820,4,(select s.id from swimmers s join badges b on b.swimmer_id = s.id where b.season_id = 181 and b.team_id = 10 and s.complete_name = 'CARRETTI CECILIA'),33811,(select b.id from swimmers s join badges b on b.swimmer_id = s.id where b.season_id = 181 and b.team_id = 10 and s.complete_name = 'CARRETTI CECILIA'),(select t.id from stroke_types t where t.code = 'SL'),2,0,curdate(),curdate());
INSERT INTO meeting_relay_swimmers (id,relay_order,swimmer_id,meeting_relay_result_id,badge_id,stroke_type_id,user_id,lock_version,created_at,updated_at) values (1821,1,(select s.id from swimmers s join badges b on b.swimmer_id = s.id where b.season_id = 181 and b.team_id = 826 and s.complete_name = 'SIRINGO ALESSIA'),33812,(select b.id from swimmers s join badges b on b.swimmer_id = s.id where b.season_id = 181 and b.team_id = 826 and s.complete_name = 'SIRINGO ALESSIA'),(select t.id from stroke_types t where t.code = 'SL'),2,0,curdate(),curdate());
INSERT INTO meeting_relay_swimmers (id,relay_order,swimmer_id,meeting_relay_result_id,badge_id,stroke_type_id,user_id,lock_version,created_at,updated_at) values (1822,2,(select s.id from swimmers s join badges b on b.swimmer_id = s.id where b.season_id = 181 and b.team_id = 826 and s.complete_name = 'KAROBBI DYACHYNSKA IRINA'),33812,(select b.id from swimmers s join badges b on b.swimmer_id = s.id where b.season_id = 181 and b.team_id = 826 and s.complete_name = 'KAROBBI DYACHYNSKA IRINA'),(select t.id from stroke_types t where t.code = 'SL'),2,0,curdate(),curdate());
INSERT INTO meeting_relay_swimmers (id,relay_order,swimmer_id,meeting_relay_result_id,badge_id,stroke_type_id,user_id,lock_version,created_at,updated_at) values (1823,3,(select s.id from swimmers s join badges b on b.swimmer_id = s.id where b.season_id = 181 and b.team_id = 826 and s.complete_name = 'ACERBI SARA'),33812,(select b.id from swimmers s join badges b on b.swimmer_id = s.id where b.season_id = 181 and b.team_id = 826 and s.complete_name = 'ACERBI SARA'),(select t.id from stroke_types t where t.code = 'SL'),2,0,curdate(),curdate());


INSERT INTO meeting_relay_swimmers (id,relay_order,swimmer_id,meeting_relay_result_id,badge_id,stroke_type_id,user_id,lock_version,created_at,updated_at) values (1825,1,(select s.id from swimmers s join badges b on b.swimmer_id = s.id where b.season_id = 181 and b.team_id = 10 and s.complete_name = 'GOZZI FABIO'),33813,(select b.id from swimmers s join badges b on b.swimmer_id = s.id where b.season_id = 181 and b.team_id = 10 and s.complete_name = 'GOZZI FABIO'),(select t.id from stroke_types t where t.code = 'SL'),2,0,curdate(),curdate());
INSERT INTO meeting_relay_swimmers (id,relay_order,swimmer_id,meeting_relay_result_id,badge_id,stroke_type_id,user_id,lock_version,created_at,updated_at) values (1826,2,(select s.id from swimmers s join badges b on b.swimmer_id = s.id where b.season_id = 181 and b.team_id = 10 and s.complete_name = 'CUCCONI FRANCESCO'),33813,(select b.id from swimmers s join badges b on b.swimmer_id = s.id where b.season_id = 181 and b.team_id = 10 and s.complete_name = 'CUCCONI FRANCESCO'),(select t.id from stroke_types t where t.code = 'SL'),2,0,curdate(),curdate());
INSERT INTO meeting_relay_swimmers (id,relay_order,swimmer_id,meeting_relay_result_id,badge_id,stroke_type_id,user_id,lock_version,created_at,updated_at) values (1827,3,(select s.id from swimmers s join badges b on b.swimmer_id = s.id where b.season_id = 181 and b.team_id = 10 and s.complete_name = 'CATELLANI LUCA'),33813,(select b.id from swimmers s join badges b on b.swimmer_id = s.id where b.season_id = 181 and b.team_id = 10 and s.complete_name = 'CATELLANI LUCA'),(select t.id from stroke_types t where t.code = 'SL'),2,0,curdate(),curdate());
INSERT INTO meeting_relay_swimmers (id,relay_order,swimmer_id,meeting_relay_result_id,badge_id,stroke_type_id,user_id,lock_version,created_at,updated_at) values (1828,4,(select s.id from swimmers s join badges b on b.swimmer_id = s.id where b.season_id = 181 and b.team_id = 10 and s.complete_name = 'TARABINI MATTIA'),33813,(select b.id from swimmers s join badges b on b.swimmer_id = s.id where b.season_id = 181 and b.team_id = 10 and s.complete_name = 'TARABINI MATTIA'),(select t.id from stroke_types t where t.code = 'SL'),2,0,curdate(),curdate());
INSERT INTO meeting_relay_swimmers (id,relay_order,swimmer_id,meeting_relay_result_id,badge_id,stroke_type_id,user_id,lock_version,created_at,updated_at) values (1829,1,(select s.id from swimmers s join badges b on b.swimmer_id = s.id where b.season_id = 181 and b.team_id = 224 and s.complete_name = 'MAZZIERI ALBERTO'),33814,(select b.id from swimmers s join badges b on b.swimmer_id = s.id where b.season_id = 181 and b.team_id = 224 and s.complete_name = 'MAZZIERI ALBERTO'),(select t.id from stroke_types t where t.code = 'SL'),2,0,curdate(),curdate());
INSERT INTO meeting_relay_swimmers (id,relay_order,swimmer_id,meeting_relay_result_id,badge_id,stroke_type_id,user_id,lock_version,created_at,updated_at) values (1830,2,(select s.id from swimmers s join badges b on b.swimmer_id = s.id where b.season_id = 181 and b.team_id = 224 and s.complete_name = 'GUASTI LUCA'),33814,(select b.id from swimmers s join badges b on b.swimmer_id = s.id where b.season_id = 181 and b.team_id = 224 and s.complete_name = 'GUASTI LUCA'),(select t.id from stroke_types t where t.code = 'SL'),2,0,curdate(),curdate());
INSERT INTO meeting_relay_swimmers (id,relay_order,swimmer_id,meeting_relay_result_id,badge_id,stroke_type_id,user_id,lock_version,created_at,updated_at) values (1831,3,(select s.id from swimmers s join badges b on b.swimmer_id = s.id where b.season_id = 181 and b.team_id = 224 and s.complete_name = 'QUADRI ANDREA'),33814,(select b.id from swimmers s join badges b on b.swimmer_id = s.id where b.season_id = 181 and b.team_id = 224 and s.complete_name = 'QUADRI ANDREA'),(select t.id from stroke_types t where t.code = 'SL'),2,0,curdate(),curdate());

INSERT INTO meeting_relay_swimmers (id,relay_order,swimmer_id,meeting_relay_result_id,badge_id,stroke_type_id,user_id,lock_version,created_at,updated_at) values (1833,1,(select s.id from swimmers s join badges b on b.swimmer_id = s.id where b.season_id = 181 and b.team_id = 1 and s.complete_name = 'GIANSOLDATI MATTEO'),33815,(select b.id from swimmers s join badges b on b.swimmer_id = s.id where b.season_id = 181 and b.team_id = 1 and s.complete_name = 'GIANSOLDATI MATTEO'),(select t.id from stroke_types t where t.code = 'SL'),2,0,curdate(),curdate());
INSERT INTO meeting_relay_swimmers (id,relay_order,swimmer_id,meeting_relay_result_id,badge_id,stroke_type_id,user_id,lock_version,created_at,updated_at) values (1834,2,(select s.id from swimmers s join badges b on b.swimmer_id = s.id where b.season_id = 181 and b.team_id = 1 and s.complete_name = 'ZULIANI MATTEO'),33815,(select b.id from swimmers s join badges b on b.swimmer_id = s.id where b.season_id = 181 and b.team_id = 1 and s.complete_name = 'ZULIANI MATTEO'),(select t.id from stroke_types t where t.code = 'SL'),2,0,curdate(),curdate());
INSERT INTO meeting_relay_swimmers (id,relay_order,swimmer_id,meeting_relay_result_id,badge_id,stroke_type_id,user_id,lock_version,created_at,updated_at) values (1835,3,(select s.id from swimmers s join badges b on b.swimmer_id = s.id where b.season_id = 181 and b.team_id = 1 and s.complete_name = 'RONZONI ALESSANDRO'),33815,(select b.id from swimmers s join badges b on b.swimmer_id = s.id where b.season_id = 181 and b.team_id = 1 and s.complete_name = 'RONZONI ALESSANDRO'),(select t.id from stroke_types t where t.code = 'SL'),2,0,curdate(),curdate());
INSERT INTO meeting_relay_swimmers (id,relay_order,swimmer_id,meeting_relay_result_id,badge_id,stroke_type_id,user_id,lock_version,created_at,updated_at) values (1836,4,(select s.id from swimmers s join badges b on b.swimmer_id = s.id where b.season_id = 181 and b.team_id = 1 and s.complete_name = 'BURANI PIETRO'),33815,(select b.id from swimmers s join badges b on b.swimmer_id = s.id where b.season_id = 181 and b.team_id = 1 and s.complete_name = 'BURANI PIETRO'),(select t.id from stroke_types t where t.code = 'SL'),2,0,curdate(),curdate());
INSERT INTO meeting_relay_swimmers (id,relay_order,swimmer_id,meeting_relay_result_id,badge_id,stroke_type_id,user_id,lock_version,created_at,updated_at) values (1837,1,(select s.id from swimmers s join badges b on b.swimmer_id = s.id where b.season_id = 181 and b.team_id = 826 and s.complete_name = 'CAVAZZONI DAVIDE'),33816,(select b.id from swimmers s join badges b on b.swimmer_id = s.id where b.season_id = 181 and b.team_id = 826 and s.complete_name = 'CAVAZZONI DAVIDE'),(select t.id from stroke_types t where t.code = 'SL'),2,0,curdate(),curdate());
INSERT INTO meeting_relay_swimmers (id,relay_order,swimmer_id,meeting_relay_result_id,badge_id,stroke_type_id,user_id,lock_version,created_at,updated_at) values (1838,2,(select s.id from swimmers s join badges b on b.swimmer_id = s.id where b.season_id = 181 and b.team_id = 826 and s.complete_name = 'MONTI MARCO'),33816,(select b.id from swimmers s join badges b on b.swimmer_id = s.id where b.season_id = 181 and b.team_id = 826 and s.complete_name = 'MONTI MARCO'),(select t.id from stroke_types t where t.code = 'SL'),2,0,curdate(),curdate());
INSERT INTO meeting_relay_swimmers (id,relay_order,swimmer_id,meeting_relay_result_id,badge_id,stroke_type_id,user_id,lock_version,created_at,updated_at) values (1839,3,(select s.id from swimmers s join badges b on b.swimmer_id = s.id where b.season_id = 181 and b.team_id = 826 and s.complete_name = 'ZAGATTI ALESSANDRO'),33816,(select b.id from swimmers s join badges b on b.swimmer_id = s.id where b.season_id = 181 and b.team_id = 826 and s.complete_name = 'ZAGATTI ALESSANDRO'),(select t.id from stroke_types t where t.code = 'SL'),2,0,curdate(),curdate());
INSERT INTO meeting_relay_swimmers (id,relay_order,swimmer_id,meeting_relay_result_id,badge_id,stroke_type_id,user_id,lock_version,created_at,updated_at) values (1840,4,(select s.id from swimmers s join badges b on b.swimmer_id = s.id where b.season_id = 181 and b.team_id = 826 and s.complete_name = 'MIARI FRANCESCO'),33816,(select b.id from swimmers s join badges b on b.swimmer_id = s.id where b.season_id = 181 and b.team_id = 826 and s.complete_name = 'MIARI FRANCESCO'),(select t.id from stroke_types t where t.code = 'SL'),2,0,curdate(),curdate());
INSERT INTO meeting_relay_swimmers (id,relay_order,swimmer_id,meeting_relay_result_id,badge_id,stroke_type_id,user_id,lock_version,created_at,updated_at) values (1841,1,(select s.id from swimmers s join badges b on b.swimmer_id = s.id where b.season_id = 181 and b.team_id = 10 and s.complete_name = 'BERNARDELLI FEDERICO'),33817,(select b.id from swimmers s join badges b on b.swimmer_id = s.id where b.season_id = 181 and b.team_id = 10 and s.complete_name = 'BERNARDELLI FEDERICO'),(select t.id from stroke_types t where t.code = 'SL'),2,0,curdate(),curdate());
INSERT INTO meeting_relay_swimmers (id,relay_order,swimmer_id,meeting_relay_result_id,badge_id,stroke_type_id,user_id,lock_version,created_at,updated_at) values (1842,2,(select s.id from swimmers s join badges b on b.swimmer_id = s.id where b.season_id = 181 and b.team_id = 10 and s.complete_name = 'GUTIERREZ MELENDEZ HARVIS ORLA'),33817,(select b.id from swimmers s join badges b on b.swimmer_id = s.id where b.season_id = 181 and b.team_id = 10 and s.complete_name = 'GUTIERREZ MELENDEZ HARVIS ORLA'),(select t.id from stroke_types t where t.code = 'SL'),2,0,curdate(),curdate());
INSERT INTO meeting_relay_swimmers (id,relay_order,swimmer_id,meeting_relay_result_id,badge_id,stroke_type_id,user_id,lock_version,created_at,updated_at) values (1843,3,(select s.id from swimmers s join badges b on b.swimmer_id = s.id where b.season_id = 181 and b.team_id = 10 and s.complete_name = 'PIVETTI ROBERTO'),33817,(select b.id from swimmers s join badges b on b.swimmer_id = s.id where b.season_id = 181 and b.team_id = 10 and s.complete_name = 'PIVETTI ROBERTO'),(select t.id from stroke_types t where t.code = 'SL'),2,0,curdate(),curdate());
INSERT INTO meeting_relay_swimmers (id,relay_order,swimmer_id,meeting_relay_result_id,badge_id,stroke_type_id,user_id,lock_version,created_at,updated_at) values (1844,4,(select s.id from swimmers s join badges b on b.swimmer_id = s.id where b.season_id = 181 and b.team_id = 10 and s.complete_name = 'LEONI ALESSANDRO'),33817,(select b.id from swimmers s join badges b on b.swimmer_id = s.id where b.season_id = 181 and b.team_id = 10 and s.complete_name = 'LEONI ALESSANDRO'),(select t.id from stroke_types t where t.code = 'SL'),2,0,curdate(),curdate());
INSERT INTO meeting_relay_swimmers (id,relay_order,swimmer_id,meeting_relay_result_id,badge_id,stroke_type_id,user_id,lock_version,created_at,updated_at) values (1845,1,(select s.id from swimmers s join badges b on b.swimmer_id = s.id where b.season_id = 181 and b.team_id = 4 and s.complete_name = 'MESSORI ANDREA'),33818,(select b.id from swimmers s join badges b on b.swimmer_id = s.id where b.season_id = 181 and b.team_id = 4 and s.complete_name = 'MESSORI ANDREA'),(select t.id from stroke_types t where t.code = 'SL'),2,0,curdate(),curdate());
INSERT INTO meeting_relay_swimmers (id,relay_order,swimmer_id,meeting_relay_result_id,badge_id,stroke_type_id,user_id,lock_version,created_at,updated_at) values (1846,2,(select s.id from swimmers s join badges b on b.swimmer_id = s.id where b.season_id = 181 and b.team_id = 4 and s.complete_name = 'ROCCO SIMONE'),33818,(select b.id from swimmers s join badges b on b.swimmer_id = s.id where b.season_id = 181 and b.team_id = 4 and s.complete_name = 'ROCCO SIMONE'),(select t.id from stroke_types t where t.code = 'SL'),2,0,curdate(),curdate());
INSERT INTO meeting_relay_swimmers (id,relay_order,swimmer_id,meeting_relay_result_id,badge_id,stroke_type_id,user_id,lock_version,created_at,updated_at) values (1847,3,(select s.id from swimmers s join badges b on b.swimmer_id = s.id where b.season_id = 181 and b.team_id = 4 and s.complete_name = 'PICCININI FABIO'),33818,(select b.id from swimmers s join badges b on b.swimmer_id = s.id where b.season_id = 181 and b.team_id = 4 and s.complete_name = 'PICCININI FABIO'),(select t.id from stroke_types t where t.code = 'SL'),2,0,curdate(),curdate());
INSERT INTO meeting_relay_swimmers (id,relay_order,swimmer_id,meeting_relay_result_id,badge_id,stroke_type_id,user_id,lock_version,created_at,updated_at) values (1848,4,(select s.id from swimmers s join badges b on b.swimmer_id = s.id where b.season_id = 181 and b.team_id = 4 and s.complete_name = 'TONI MARCO'),33818,(select b.id from swimmers s join badges b on b.swimmer_id = s.id where b.season_id = 181 and b.team_id = 4 and s.complete_name = 'TONI MARCO'),(select t.id from stroke_types t where t.code = 'SL'),2,0,curdate(),curdate());
INSERT INTO meeting_relay_swimmers (id,relay_order,swimmer_id,meeting_relay_result_id,badge_id,stroke_type_id,user_id,lock_version,created_at,updated_at) values (1849,1,(select s.id from swimmers s join badges b on b.swimmer_id = s.id where b.season_id = 181 and b.team_id = 1 and s.complete_name = 'DEL RIO SIMONE'),33819,(select b.id from swimmers s join badges b on b.swimmer_id = s.id where b.season_id = 181 and b.team_id = 1 and s.complete_name = 'DEL RIO SIMONE'),(select t.id from stroke_types t where t.code = 'SL'),2,0,curdate(),curdate());
INSERT INTO meeting_relay_swimmers (id,relay_order,swimmer_id,meeting_relay_result_id,badge_id,stroke_type_id,user_id,lock_version,created_at,updated_at) values (1850,2,(select s.id from swimmers s join badges b on b.swimmer_id = s.id where b.season_id = 181 and b.team_id = 1 and s.complete_name = 'FORMENTINI DAVIDE'),33819,(select b.id from swimmers s join badges b on b.swimmer_id = s.id where b.season_id = 181 and b.team_id = 1 and s.complete_name = 'FORMENTINI DAVIDE'),(select t.id from stroke_types t where t.code = 'SL'),2,0,curdate(),curdate());
INSERT INTO meeting_relay_swimmers (id,relay_order,swimmer_id,meeting_relay_result_id,badge_id,stroke_type_id,user_id,lock_version,created_at,updated_at) values (1851,3,(select s.id from swimmers s join badges b on b.swimmer_id = s.id where b.season_id = 181 and b.team_id = 1 and s.complete_name = 'FRANCESCHINI STEFANO'),33819,(select b.id from swimmers s join badges b on b.swimmer_id = s.id where b.season_id = 181 and b.team_id = 1 and s.complete_name = 'FRANCESCHINI STEFANO'),(select t.id from stroke_types t where t.code = 'SL'),2,0,curdate(),curdate());
INSERT INTO meeting_relay_swimmers (id,relay_order,swimmer_id,meeting_relay_result_id,badge_id,stroke_type_id,user_id,lock_version,created_at,updated_at) values (1852,4,(select s.id from swimmers s join badges b on b.swimmer_id = s.id where b.season_id = 181 and b.team_id = 1 and s.complete_name = 'BARBIERI LUCA'),33819,(select b.id from swimmers s join badges b on b.swimmer_id = s.id where b.season_id = 181 and b.team_id = 1 and s.complete_name = 'BARBIERI LUCA'),(select t.id from stroke_types t where t.code = 'SL'),2,0,curdate(),curdate());
INSERT INTO meeting_relay_swimmers (id,relay_order,swimmer_id,meeting_relay_result_id,badge_id,stroke_type_id,user_id,lock_version,created_at,updated_at) values (1853,1,(select s.id from swimmers s join badges b on b.swimmer_id = s.id where b.season_id = 181 and b.team_id = 10 and s.complete_name = 'CALZOLARI MARCO'),33820,(select b.id from swimmers s join badges b on b.swimmer_id = s.id where b.season_id = 181 and b.team_id = 10 and s.complete_name = 'CALZOLARI MARCO'),(select t.id from stroke_types t where t.code = 'SL'),2,0,curdate(),curdate());
INSERT INTO meeting_relay_swimmers (id,relay_order,swimmer_id,meeting_relay_result_id,badge_id,stroke_type_id,user_id,lock_version,created_at,updated_at) values (1854,2,(select s.id from swimmers s join badges b on b.swimmer_id = s.id where b.season_id = 181 and b.team_id = 10 and s.complete_name = 'CAMPANI GIOVANNI'),33820,(select b.id from swimmers s join badges b on b.swimmer_id = s.id where b.season_id = 181 and b.team_id = 10 and s.complete_name = 'CAMPANI GIOVANNI'),(select t.id from stroke_types t where t.code = 'SL'),2,0,curdate(),curdate());
INSERT INTO meeting_relay_swimmers (id,relay_order,swimmer_id,meeting_relay_result_id,badge_id,stroke_type_id,user_id,lock_version,created_at,updated_at) values (1855,3,(select s.id from swimmers s join badges b on b.swimmer_id = s.id where b.season_id = 181 and b.team_id = 10 and s.complete_name = 'ROSSI SIMONE'),33820,(select b.id from swimmers s join badges b on b.swimmer_id = s.id where b.season_id = 181 and b.team_id = 10 and s.complete_name = 'ROSSI SIMONE'),(select t.id from stroke_types t where t.code = 'SL'),2,0,curdate(),curdate());
INSERT INTO meeting_relay_swimmers (id,relay_order,swimmer_id,meeting_relay_result_id,badge_id,stroke_type_id,user_id,lock_version,created_at,updated_at) values (1856,4,(select s.id from swimmers s join badges b on b.swimmer_id = s.id where b.season_id = 181 and b.team_id = 10 and s.complete_name = 'MAGRI FRANCESCO'),33820,(select b.id from swimmers s join badges b on b.swimmer_id = s.id where b.season_id = 181 and b.team_id = 10 and s.complete_name = 'MAGRI FRANCESCO'),(select t.id from stroke_types t where t.code = 'SL'),2,0,curdate(),curdate());
INSERT INTO meeting_relay_swimmers (id,relay_order,swimmer_id,meeting_relay_result_id,badge_id,stroke_type_id,user_id,lock_version,created_at,updated_at) values (1857,1,(select s.id from swimmers s join badges b on b.swimmer_id = s.id where b.season_id = 181 and b.team_id = 1000 and s.complete_name = 'BELLONI TOMAS'),33821,(select b.id from swimmers s join badges b on b.swimmer_id = s.id where b.season_id = 181 and b.team_id = 1000 and s.complete_name = 'BELLONI TOMAS'),(select t.id from stroke_types t where t.code = 'SL'),2,0,curdate(),curdate());
INSERT INTO meeting_relay_swimmers (id,relay_order,swimmer_id,meeting_relay_result_id,badge_id,stroke_type_id,user_id,lock_version,created_at,updated_at) values (1858,2,(select s.id from swimmers s join badges b on b.swimmer_id = s.id where b.season_id = 181 and b.team_id = 1000 and s.complete_name = 'GOMBI LUCA'),33821,(select b.id from swimmers s join badges b on b.swimmer_id = s.id where b.season_id = 181 and b.team_id = 1000 and s.complete_name = 'GOMBI LUCA'),(select t.id from stroke_types t where t.code = 'SL'),2,0,curdate(),curdate());
INSERT INTO meeting_relay_swimmers (id,relay_order,swimmer_id,meeting_relay_result_id,badge_id,stroke_type_id,user_id,lock_version,created_at,updated_at) values (1859,3,(select s.id from swimmers s join badges b on b.swimmer_id = s.id where b.season_id = 181 and b.team_id = 1000 and s.complete_name = 'TESAURI MARCO'),33821,(select b.id from swimmers s join badges b on b.swimmer_id = s.id where b.season_id = 181 and b.team_id = 1000 and s.complete_name = 'TESAURI MARCO'),(select t.id from stroke_types t where t.code = 'SL'),2,0,curdate(),curdate());
INSERT INTO meeting_relay_swimmers (id,relay_order,swimmer_id,meeting_relay_result_id,badge_id,stroke_type_id,user_id,lock_version,created_at,updated_at) values (1860,4,(select s.id from swimmers s join badges b on b.swimmer_id = s.id where b.season_id = 181 and b.team_id = 1000 and s.complete_name = 'GHIDONI MASSIMO'),33821,(select b.id from swimmers s join badges b on b.swimmer_id = s.id where b.season_id = 181 and b.team_id = 1000 and s.complete_name = 'GHIDONI MASSIMO'),(select t.id from stroke_types t where t.code = 'SL'),2,0,curdate(),curdate());

INSERT INTO meeting_relay_swimmers (id,relay_order,swimmer_id,meeting_relay_result_id,badge_id,stroke_type_id,user_id,lock_version,created_at,updated_at) values (1861,1,(select s.id from swimmers s join badges b on b.swimmer_id = s.id where b.season_id = 181 and b.team_id = 10 and s.complete_name = 'VEZZANI SARA'),33822,(select b.id from swimmers s join badges b on b.swimmer_id = s.id where b.season_id = 181 and b.team_id = 10 and s.complete_name = 'VEZZANI SARA'),(select t.id from stroke_types t where t.code = 'SL'),2,0,curdate(),curdate());
INSERT INTO meeting_relay_swimmers (id,relay_order,swimmer_id,meeting_relay_result_id,badge_id,stroke_type_id,user_id,lock_version,created_at,updated_at) values (1862,2,(select s.id from swimmers s join badges b on b.swimmer_id = s.id where b.season_id = 181 and b.team_id = 10 and s.complete_name = 'GAITI GIULIANA'),33822,(select b.id from swimmers s join badges b on b.swimmer_id = s.id where b.season_id = 181 and b.team_id = 10 and s.complete_name = 'GAITI GIULIANA'),(select t.id from stroke_types t where t.code = 'SL'),2,0,curdate(),curdate());
INSERT INTO meeting_relay_swimmers (id,relay_order,swimmer_id,meeting_relay_result_id,badge_id,stroke_type_id,user_id,lock_version,created_at,updated_at) values (1863,3,(select s.id from swimmers s join badges b on b.swimmer_id = s.id where b.season_id = 181 and b.team_id = 10 and s.complete_name = 'SANTINI FEDERICA'),33822,(select b.id from swimmers s join badges b on b.swimmer_id = s.id where b.season_id = 181 and b.team_id = 10 and s.complete_name = 'SANTINI FEDERICA'),(select t.id from stroke_types t where t.code = 'SL'),2,0,curdate(),curdate());
INSERT INTO meeting_relay_swimmers (id,relay_order,swimmer_id,meeting_relay_result_id,badge_id,stroke_type_id,user_id,lock_version,created_at,updated_at) values (1864,4,(select s.id from swimmers s join badges b on b.swimmer_id = s.id where b.season_id = 181 and b.team_id = 10 and s.complete_name = 'CARRI LISA'),33822,(select b.id from swimmers s join badges b on b.swimmer_id = s.id where b.season_id = 181 and b.team_id = 10 and s.complete_name = 'CARRI LISA'),(select t.id from stroke_types t where t.code = 'SL'),2,0,curdate(),curdate());
INSERT INTO meeting_relay_swimmers (id,relay_order,swimmer_id,meeting_relay_result_id,badge_id,stroke_type_id,user_id,lock_version,created_at,updated_at) values (1865,1,(select s.id from swimmers s join badges b on b.swimmer_id = s.id where b.season_id = 181 and b.team_id = 1 and s.complete_name = 'BONACINI MONICA'),33823,(select b.id from swimmers s join badges b on b.swimmer_id = s.id where b.season_id = 181 and b.team_id = 1 and s.complete_name = 'BONACINI MONICA'),(select t.id from stroke_types t where t.code = 'SL'),2,0,curdate(),curdate());
INSERT INTO meeting_relay_swimmers (id,relay_order,swimmer_id,meeting_relay_result_id,badge_id,stroke_type_id,user_id,lock_version,created_at,updated_at) values (1866,2,(select s.id from swimmers s join badges b on b.swimmer_id = s.id where b.season_id = 181 and b.team_id = 1 and s.complete_name = 'BIANCHI ELENA'),33823,(select b.id from swimmers s join badges b on b.swimmer_id = s.id where b.season_id = 181 and b.team_id = 1 and s.complete_name = 'BIANCHI ELENA'),(select t.id from stroke_types t where t.code = 'SL'),2,0,curdate(),curdate());
INSERT INTO meeting_relay_swimmers (id,relay_order,swimmer_id,meeting_relay_result_id,badge_id,stroke_type_id,user_id,lock_version,created_at,updated_at) values (1867,3,(select s.id from swimmers s join badges b on b.swimmer_id = s.id where b.season_id = 181 and b.team_id = 1 and s.complete_name = 'LEONARDI ELISA'),33823,(select b.id from swimmers s join badges b on b.swimmer_id = s.id where b.season_id = 181 and b.team_id = 1 and s.complete_name = 'LEONARDI ELISA'),(select t.id from stroke_types t where t.code = 'SL'),2,0,curdate(),curdate());
INSERT INTO meeting_relay_swimmers (id,relay_order,swimmer_id,meeting_relay_result_id,badge_id,stroke_type_id,user_id,lock_version,created_at,updated_at) values (1868,4,(select s.id from swimmers s join badges b on b.swimmer_id = s.id where b.season_id = 181 and b.team_id = 1 and s.complete_name = 'SESENA BARBARA'),33823,(select b.id from swimmers s join badges b on b.swimmer_id = s.id where b.season_id = 181 and b.team_id = 1 and s.complete_name = 'SESENA BARBARA'),(select t.id from stroke_types t where t.code = 'SL'),2,0,curdate(),curdate());

INSERT INTO meeting_relay_swimmers (id,relay_order,swimmer_id,meeting_relay_result_id,badge_id,stroke_type_id,user_id,lock_version,created_at,updated_at) values (1869,1,(select s.id from swimmers s join badges b on b.swimmer_id = s.id where b.season_id = 181 and b.team_id = 10 and s.complete_name = 'ROTA ALBERTO'),33824,(select b.id from swimmers s join badges b on b.swimmer_id = s.id where b.season_id = 181 and b.team_id = 10 and s.complete_name = 'ROTA ALBERTO'),(select t.id from stroke_types t where t.code = 'SL'),2,0,curdate(),curdate());
INSERT INTO meeting_relay_swimmers (id,relay_order,swimmer_id,meeting_relay_result_id,badge_id,stroke_type_id,user_id,lock_version,created_at,updated_at) values (1870,2,(select s.id from swimmers s join badges b on b.swimmer_id = s.id where b.season_id = 181 and b.team_id = 10 and s.complete_name = 'PIVETTI MAXIMILIANO'),33824,(select b.id from swimmers s join badges b on b.swimmer_id = s.id where b.season_id = 181 and b.team_id = 10 and s.complete_name = 'PIVETTI MAXIMILIANO'),(select t.id from stroke_types t where t.code = 'SL'),2,0,curdate(),curdate());
INSERT INTO meeting_relay_swimmers (id,relay_order,swimmer_id,meeting_relay_result_id,badge_id,stroke_type_id,user_id,lock_version,created_at,updated_at) values (1871,3,(select s.id from swimmers s join badges b on b.swimmer_id = s.id where b.season_id = 181 and b.team_id = 10 and s.complete_name = 'TARABINI RICCARDO'),33824,(select b.id from swimmers s join badges b on b.swimmer_id = s.id where b.season_id = 181 and b.team_id = 10 and s.complete_name = 'TARABINI RICCARDO'),(select t.id from stroke_types t where t.code = 'SL'),2,0,curdate(),curdate());
INSERT INTO meeting_relay_swimmers (id,relay_order,swimmer_id,meeting_relay_result_id,badge_id,stroke_type_id,user_id,lock_version,created_at,updated_at) values (1872,4,(select s.id from swimmers s join badges b on b.swimmer_id = s.id where b.season_id = 181 and b.team_id = 10 and s.complete_name = 'PIERANTONI MASSIMO'),33824,(select b.id from swimmers s join badges b on b.swimmer_id = s.id where b.season_id = 181 and b.team_id = 10 and s.complete_name = 'PIERANTONI MASSIMO'),(select t.id from stroke_types t where t.code = 'SL'),2,0,curdate(),curdate());
INSERT INTO meeting_relay_swimmers (id,relay_order,swimmer_id,meeting_relay_result_id,badge_id,stroke_type_id,user_id,lock_version,created_at,updated_at) values (1873,1,(select s.id from swimmers s join badges b on b.swimmer_id = s.id where b.season_id = 181 and b.team_id = 10 and s.complete_name = 'GENOVESI ANDREA'),33825,(select b.id from swimmers s join badges b on b.swimmer_id = s.id where b.season_id = 181 and b.team_id = 10 and s.complete_name = 'GENOVESI ANDREA'),(select t.id from stroke_types t where t.code = 'SL'),2,0,curdate(),curdate());
INSERT INTO meeting_relay_swimmers (id,relay_order,swimmer_id,meeting_relay_result_id,badge_id,stroke_type_id,user_id,lock_version,created_at,updated_at) values (1874,2,(select s.id from swimmers s join badges b on b.swimmer_id = s.id where b.season_id = 181 and b.team_id = 10 and s.complete_name = 'OLIVIERI SIMONE'),33825,(select b.id from swimmers s join badges b on b.swimmer_id = s.id where b.season_id = 181 and b.team_id = 10 and s.complete_name = 'OLIVIERI SIMONE'),(select t.id from stroke_types t where t.code = 'SL'),2,0,curdate(),curdate());
INSERT INTO meeting_relay_swimmers (id,relay_order,swimmer_id,meeting_relay_result_id,badge_id,stroke_type_id,user_id,lock_version,created_at,updated_at) values (1875,3,(select s.id from swimmers s join badges b on b.swimmer_id = s.id where b.season_id = 181 and b.team_id = 10 and s.complete_name = 'ARBIZZI MASSIMILIANO'),33825,(select b.id from swimmers s join badges b on b.swimmer_id = s.id where b.season_id = 181 and b.team_id = 10 and s.complete_name = 'ARBIZZI MASSIMILIANO'),(select t.id from stroke_types t where t.code = 'SL'),2,0,curdate(),curdate());
INSERT INTO meeting_relay_swimmers (id,relay_order,swimmer_id,meeting_relay_result_id,badge_id,stroke_type_id,user_id,lock_version,created_at,updated_at) values (1876,4,(select s.id from swimmers s join badges b on b.swimmer_id = s.id where b.season_id = 181 and b.team_id = 10 and s.complete_name = 'LEONELLI LEONARDO'),33825,(select b.id from swimmers s join badges b on b.swimmer_id = s.id where b.season_id = 181 and b.team_id = 10 and s.complete_name = 'LEONELLI LEONARDO'),(select t.id from stroke_types t where t.code = 'SL'),2,0,curdate(),curdate());
INSERT INTO meeting_relay_swimmers (id,relay_order,swimmer_id,meeting_relay_result_id,badge_id,stroke_type_id,user_id,lock_version,created_at,updated_at) values (1877,1,(select s.id from swimmers s join badges b on b.swimmer_id = s.id where b.season_id = 181 and b.team_id = 1 and s.complete_name = 'BERTANI STEFANO'),33826,(select b.id from swimmers s join badges b on b.swimmer_id = s.id where b.season_id = 181 and b.team_id = 1 and s.complete_name = 'BERTANI STEFANO'),(select t.id from stroke_types t where t.code = 'SL'),2,0,curdate(),curdate());
INSERT INTO meeting_relay_swimmers (id,relay_order,swimmer_id,meeting_relay_result_id,badge_id,stroke_type_id,user_id,lock_version,created_at,updated_at) values (1878,2,(select s.id from swimmers s join badges b on b.swimmer_id = s.id where b.season_id = 181 and b.team_id = 1 and s.complete_name = 'SENATORE FABIO'),33826,(select b.id from swimmers s join badges b on b.swimmer_id = s.id where b.season_id = 181 and b.team_id = 1 and s.complete_name = 'SENATORE FABIO'),(select t.id from stroke_types t where t.code = 'SL'),2,0,curdate(),curdate());
INSERT INTO meeting_relay_swimmers (id,relay_order,swimmer_id,meeting_relay_result_id,badge_id,stroke_type_id,user_id,lock_version,created_at,updated_at) values (1879,3,(select s.id from swimmers s join badges b on b.swimmer_id = s.id where b.season_id = 181 and b.team_id = 1 and s.complete_name = 'FERRARI FRANCESCO'),33826,(select b.id from swimmers s join badges b on b.swimmer_id = s.id where b.season_id = 181 and b.team_id = 1 and s.complete_name = 'FERRARI FRANCESCO'),(select t.id from stroke_types t where t.code = 'SL'),2,0,curdate(),curdate());
INSERT INTO meeting_relay_swimmers (id,relay_order,swimmer_id,meeting_relay_result_id,badge_id,stroke_type_id,user_id,lock_version,created_at,updated_at) values (1880,4,(select s.id from swimmers s join badges b on b.swimmer_id = s.id where b.season_id = 181 and b.team_id = 1 and s.complete_name = 'BERTOZZI ORLANDO'),33826,(select b.id from swimmers s join badges b on b.swimmer_id = s.id where b.season_id = 181 and b.team_id = 1 and s.complete_name = 'BERTOZZI ORLANDO'),(select t.id from stroke_types t where t.code = 'SL'),2,0,curdate(),curdate());
INSERT INTO meeting_relay_swimmers (id,relay_order,swimmer_id,meeting_relay_result_id,badge_id,stroke_type_id,user_id,lock_version,created_at,updated_at) values (1881,1,(select s.id from swimmers s join badges b on b.swimmer_id = s.id where b.season_id = 181 and b.team_id = 224 and s.complete_name = 'PATERLINI MATTEO'),33827,(select b.id from swimmers s join badges b on b.swimmer_id = s.id where b.season_id = 181 and b.team_id = 224 and s.complete_name = 'PATERLINI MATTEO'),(select t.id from stroke_types t where t.code = 'SL'),2,0,curdate(),curdate());
INSERT INTO meeting_relay_swimmers (id,relay_order,swimmer_id,meeting_relay_result_id,badge_id,stroke_type_id,user_id,lock_version,created_at,updated_at) values (1882,2,(select s.id from swimmers s join badges b on b.swimmer_id = s.id where b.season_id = 181 and b.team_id = 224 and s.complete_name = 'RIZZI FABIO'),33827,(select b.id from swimmers s join badges b on b.swimmer_id = s.id where b.season_id = 181 and b.team_id = 224 and s.complete_name = 'RIZZI FABIO'),(select t.id from stroke_types t where t.code = 'SL'),2,0,curdate(),curdate());
INSERT INTO meeting_relay_swimmers (id,relay_order,swimmer_id,meeting_relay_result_id,badge_id,stroke_type_id,user_id,lock_version,created_at,updated_at) values (1883,3,(select s.id from swimmers s join badges b on b.swimmer_id = s.id where b.season_id = 181 and b.team_id = 224 and s.complete_name = 'D''AMBROSIO MARCO ALESSANDRO'),33827,(select b.id from swimmers s join badges b on b.swimmer_id = s.id where b.season_id = 181 and b.team_id = 224 and s.complete_name = 'D''AMBROSIO MARCO ALESSANDRO'),(select t.id from stroke_types t where t.code = 'SL'),2,0,curdate(),curdate());
INSERT INTO meeting_relay_swimmers (id,relay_order,swimmer_id,meeting_relay_result_id,badge_id,stroke_type_id,user_id,lock_version,created_at,updated_at) values (1884,4,(select s.id from swimmers s join badges b on b.swimmer_id = s.id where b.season_id = 181 and b.team_id = 224 and s.complete_name = 'ZANELLA LUCA'),33827,(select b.id from swimmers s join badges b on b.swimmer_id = s.id where b.season_id = 181 and b.team_id = 224 and s.complete_name = 'ZANELLA LUCA'),(select t.id from stroke_types t where t.code = 'SL'),2,0,curdate(),curdate());
INSERT INTO meeting_relay_swimmers (id,relay_order,swimmer_id,meeting_relay_result_id,badge_id,stroke_type_id,user_id,lock_version,created_at,updated_at) values (1885,1,(select s.id from swimmers s join badges b on b.swimmer_id = s.id where b.season_id = 181 and b.team_id = 826 and s.complete_name = 'CODELUPPI FRANCO'),33828,(select b.id from swimmers s join badges b on b.swimmer_id = s.id where b.season_id = 181 and b.team_id = 826 and s.complete_name = 'CODELUPPI FRANCO'),(select t.id from stroke_types t where t.code = 'SL'),2,0,curdate(),curdate());
INSERT INTO meeting_relay_swimmers (id,relay_order,swimmer_id,meeting_relay_result_id,badge_id,stroke_type_id,user_id,lock_version,created_at,updated_at) values (1886,2,(select s.id from swimmers s join badges b on b.swimmer_id = s.id where b.season_id = 181 and b.team_id = 826 and s.complete_name = 'INCERTI PAOLO'),33828,(select b.id from swimmers s join badges b on b.swimmer_id = s.id where b.season_id = 181 and b.team_id = 826 and s.complete_name = 'INCERTI PAOLO'),(select t.id from stroke_types t where t.code = 'SL'),2,0,curdate(),curdate());
INSERT INTO meeting_relay_swimmers (id,relay_order,swimmer_id,meeting_relay_result_id,badge_id,stroke_type_id,user_id,lock_version,created_at,updated_at) values (1887,3,(select s.id from swimmers s join badges b on b.swimmer_id = s.id where b.season_id = 181 and b.team_id = 826 and s.complete_name = 'PRANDI SIMONE'),33828,(select b.id from swimmers s join badges b on b.swimmer_id = s.id where b.season_id = 181 and b.team_id = 826 and s.complete_name = 'PRANDI SIMONE'),(select t.id from stroke_types t where t.code = 'SL'),2,0,curdate(),curdate());
INSERT INTO meeting_relay_swimmers (id,relay_order,swimmer_id,meeting_relay_result_id,badge_id,stroke_type_id,user_id,lock_version,created_at,updated_at) values (1888,4,(select s.id from swimmers s join badges b on b.swimmer_id = s.id where b.season_id = 181 and b.team_id = 826 and s.complete_name = 'ZACCARELLI MARCO'),33828,(select b.id from swimmers s join badges b on b.swimmer_id = s.id where b.season_id = 181 and b.team_id = 826 and s.complete_name = 'ZACCARELLI MARCO'),(select t.id from stroke_types t where t.code = 'SL'),2,0,curdate(),curdate());

INSERT INTO meeting_relay_swimmers (id,relay_order,swimmer_id,meeting_relay_result_id,badge_id,stroke_type_id,user_id,lock_version,created_at,updated_at) values (1889,1,(select s.id from swimmers s join badges b on b.swimmer_id = s.id where b.season_id = 181 and b.team_id = 1 and s.complete_name = 'ALLORO STEFANO'),33829,(select b.id from swimmers s join badges b on b.swimmer_id = s.id where b.season_id = 181 and b.team_id = 1 and s.complete_name = 'ALLORO STEFANO'),(select t.id from stroke_types t where t.code = 'SL'),2,0,curdate(),curdate());
INSERT INTO meeting_relay_swimmers (id,relay_order,swimmer_id,meeting_relay_result_id,badge_id,stroke_type_id,user_id,lock_version,created_at,updated_at) values (1890,2,(select s.id from swimmers s join badges b on b.swimmer_id = s.id where b.season_id = 181 and b.team_id = 1 and s.complete_name = 'GANGAROSSA DAVIDE'),33829,(select b.id from swimmers s join badges b on b.swimmer_id = s.id where b.season_id = 181 and b.team_id = 1 and s.complete_name = 'GANGAROSSA DAVIDE'),(select t.id from stroke_types t where t.code = 'SL'),2,0,curdate(),curdate());
INSERT INTO meeting_relay_swimmers (id,relay_order,swimmer_id,meeting_relay_result_id,badge_id,stroke_type_id,user_id,lock_version,created_at,updated_at) values (1891,3,(select s.id from swimmers s join badges b on b.swimmer_id = s.id where b.season_id = 181 and b.team_id = 1 and s.complete_name = 'ORLANDINI IDO PIERALDO'),33829,(select b.id from swimmers s join badges b on b.swimmer_id = s.id where b.season_id = 181 and b.team_id = 1 and s.complete_name = 'ORLANDINI IDO PIERALDO'),(select t.id from stroke_types t where t.code = 'SL'),2,0,curdate(),curdate());
INSERT INTO meeting_relay_swimmers (id,relay_order,swimmer_id,meeting_relay_result_id,badge_id,stroke_type_id,user_id,lock_version,created_at,updated_at) values (1892,4,(select s.id from swimmers s join badges b on b.swimmer_id = s.id where b.season_id = 181 and b.team_id = 1 and s.complete_name = 'LIGABUE MARCO'),33829,(select b.id from swimmers s join badges b on b.swimmer_id = s.id where b.season_id = 181 and b.team_id = 1 and s.complete_name = 'LIGABUE MARCO'),(select t.id from stroke_types t where t.code = 'SL'),2,0,curdate(),curdate());
