-- Leega
-- 21/02/2019
-- CSI Prova 2 relays

/*
-- Selezione squadre circuito regioanle CSI
select ta.name as affiliation_name, ta.team_id, ta.id as affiliation_id, t.editable_name as team_name
from team_affiliations ta
	join teams t on t.id = ta.team_id
where ta.season_id = 181
order by 1;

-- Query verifica atleti CSI
select concat(ta.name, '-', s.complete_name) as chiave, ta.name, s.complete_name, s.year_of_birth, (2019 - s.year_of_birth) as age, b.number, b.team_id, b.swimmer_id, b.team_affiliation_id, b.id as badge_id, t.name
from badges b
        join seasons sn on sn.id = b.season_id
	join teams t on t.id = b.team_id
	join team_affiliations ta on ta.id = b.team_affiliation_id
	join swimmers s on s.id = b.swimmer_id
where sn.id = 181
order by ta.name, s.complete_name;
*/

--
-- Dump dei dati per la tabella meeting_programs staffette
-- 
INSERT INTO meeting_programs (id,event_order,user_id,meeting_event_id,gender_type_id,category_type_id,pool_type_id,lock_version,created_at,updated_at) VALUES 
(155744,1,2,(select me.id from meeting_events me join meeting_sessions ms on ms.id = me.meeting_session_id join event_types et on et.id = me.event_type_id where ms.meeting_id = 18102 and et.code = 'M4X50MI'),(select t.id from gender_types t where t.code = 'X'),(select t.id from category_types t where t.code = '001-119' and t.season_id = 181),(select t.id from pool_types t where t.code = '25'),0,CURDATE(),CURDATE()),
(155745,2,2,(select me.id from meeting_events me join meeting_sessions ms on ms.id = me.meeting_session_id join event_types et on et.id = me.event_type_id where ms.meeting_id = 18102 and et.code = 'M4X50MI'),(select t.id from gender_types t where t.code = 'X'),(select t.id from category_types t where t.code = '120-159' and t.season_id = 181),(select t.id from pool_types t where t.code = '25'),0,CURDATE(),CURDATE()),
(155746,3,2,(select me.id from meeting_events me join meeting_sessions ms on ms.id = me.meeting_session_id join event_types et on et.id = me.event_type_id where ms.meeting_id = 18102 and et.code = 'M4X50MI'),(select t.id from gender_types t where t.code = 'X'),(select t.id from category_types t where t.code = '160-199' and t.season_id = 181),(select t.id from pool_types t where t.code = '25'),0,CURDATE(),CURDATE()),
(155747,4,2,(select me.id from meeting_events me join meeting_sessions ms on ms.id = me.meeting_session_id join event_types et on et.id = me.event_type_id where ms.meeting_id = 18102 and et.code = 'M4X50MI'),(select t.id from gender_types t where t.code = 'X'),(select t.id from category_types t where t.code = '200-999' and t.season_id = 181),(select t.id from pool_types t where t.code = '25'),0,CURDATE(),CURDATE());


-- Relay results
INSERT INTO meeting_relay_results (id,team_id,team_affiliation_id,minutes,seconds,hundreds,rank,meeting_points,is_disqualified,is_out_of_race,meeting_program_id,relay_header,user_id,created_at,updated_at) VALUES (34761,1,5107,2,14,70,1,24,0,0,155744,'CSInuoto OberFerrari',2,curdate(),curdate());
INSERT INTO meeting_relay_results (id,team_id,team_affiliation_id,minutes,seconds,hundreds,rank,meeting_points,is_disqualified,is_out_of_race,meeting_program_id,relay_header,user_id,created_at,updated_at) VALUES (34762,33,5199,2,14,80,2,21,0,0,155744,'Cloromania SSD',2,curdate(),curdate());
INSERT INTO meeting_relay_results (id,team_id,team_affiliation_id,minutes,seconds,hundreds,rank,meeting_points,is_disqualified,is_out_of_race,meeting_program_id,relay_header,user_id,created_at,updated_at) VALUES (34763,826,5196,2,15,40,3,18,0,0,155744,'Eden Sport',2,curdate(),curdate());
INSERT INTO meeting_relay_results (id,team_id,team_affiliation_id,minutes,seconds,hundreds,rank,meeting_points,is_disqualified,is_out_of_race,meeting_program_id,relay_header,user_id,created_at,updated_at) VALUES (34764,1000,5203,2,25,30,4,15,0,0,155744,'Olympia Team Nuoto',2,curdate(),curdate());
INSERT INTO meeting_relay_results (id,team_id,team_affiliation_id,minutes,seconds,hundreds,rank,meeting_points,is_disqualified,is_out_of_race,meeting_program_id,relay_header,user_id,created_at,updated_at) VALUES (34765,826,5196,2,29,50,5,0,0,0,155744,'Eden Sport',2,curdate(),curdate());
INSERT INTO meeting_relay_results (id,team_id,team_affiliation_id,minutes,seconds,hundreds,rank,meeting_points,is_disqualified,is_out_of_race,meeting_program_id,relay_header,user_id,created_at,updated_at) VALUES (34766,1,5107,2,32,70,6,0,0,0,155744,'CSInuoto OberFerrari',2,curdate(),curdate());
INSERT INTO meeting_relay_results (id,team_id,team_affiliation_id,minutes,seconds,hundreds,rank,meeting_points,is_disqualified,is_out_of_race,meeting_program_id,relay_header,user_id,created_at,updated_at) VALUES (34767,1000,5203,0,0,0,7,0,1,0,155744,'Olympia Team Nuoto',2,curdate(),curdate());

INSERT INTO meeting_relay_results (id,team_id,team_affiliation_id,minutes,seconds,hundreds,rank,meeting_points,is_disqualified,is_out_of_race,meeting_program_id,relay_header,user_id,created_at,updated_at) VALUES (34768,1,5107,2,12,10,1,24,0,0,155745,'CsiNuoto OberFerrari',2,curdate(),curdate());
INSERT INTO meeting_relay_results (id,team_id,team_affiliation_id,minutes,seconds,hundreds,rank,meeting_points,is_disqualified,is_out_of_race,meeting_program_id,relay_header,user_id,created_at,updated_at) VALUES (34769,1000,5203,2,24,30,2,21,0,0,155745,'Olympia Team Nuoto',2,curdate(),curdate());
INSERT INTO meeting_relay_results (id,team_id,team_affiliation_id,minutes,seconds,hundreds,rank,meeting_points,is_disqualified,is_out_of_race,meeting_program_id,relay_header,user_id,created_at,updated_at) VALUES (34770,4,5169,2,35,80,3,18,0,0,155745,'Stella Azzurra',2,curdate(),curdate());
INSERT INTO meeting_relay_results (id,team_id,team_affiliation_id,minutes,seconds,hundreds,rank,meeting_points,is_disqualified,is_out_of_race,meeting_program_id,relay_header,user_id,created_at,updated_at) VALUES (34771,826,5196,2,37,20,4,15,0,0,155745,'Eden Sport',2,curdate(),curdate());
INSERT INTO meeting_relay_results (id,team_id,team_affiliation_id,minutes,seconds,hundreds,rank,meeting_points,is_disqualified,is_out_of_race,meeting_program_id,relay_header,user_id,created_at,updated_at) VALUES (34772,9,5630,2,37,90,5,12,0,0,155745,'N.C. AZZURRA 1991',2,curdate(),curdate());
INSERT INTO meeting_relay_results (id,team_id,team_affiliation_id,minutes,seconds,hundreds,rank,meeting_points,is_disqualified,is_out_of_race,meeting_program_id,relay_header,user_id,created_at,updated_at) VALUES (34773,826,5196,3,06,30,6,0,0,0,155745,'Eden Sport',2,curdate(),curdate());
INSERT INTO meeting_relay_results (id,team_id,team_affiliation_id,minutes,seconds,hundreds,rank,meeting_points,is_disqualified,is_out_of_race,meeting_program_id,relay_header,user_id,created_at,updated_at) VALUES (34774,18,5204,3,08,60,7,6,0,0,155745,'PODIUM PARMA',2,curdate(),curdate());

INSERT INTO meeting_relay_results (id,team_id,team_affiliation_id,minutes,seconds,hundreds,rank,meeting_points,is_disqualified,is_out_of_race,meeting_program_id,relay_header,user_id,created_at,updated_at) VALUES (34775,10,5201,2,18,10,1,24,0,0,155746,'Uninuoto',2,curdate(),curdate());
INSERT INTO meeting_relay_results (id,team_id,team_affiliation_id,minutes,seconds,hundreds,rank,meeting_points,is_disqualified,is_out_of_race,meeting_program_id,relay_header,user_id,created_at,updated_at) VALUES (34776,10,5201,2,20,80,2,0,0,0,155746,'Uninuoto',2,curdate(),curdate());
INSERT INTO meeting_relay_results (id,team_id,team_affiliation_id,minutes,seconds,hundreds,rank,meeting_points,is_disqualified,is_out_of_race,meeting_program_id,relay_header,user_id,created_at,updated_at) VALUES (34777,1,5107,2,27,90,3,18,0,0,155746,'CSInuoto OberFerrari',2,curdate(),curdate());
INSERT INTO meeting_relay_results (id,team_id,team_affiliation_id,minutes,seconds,hundreds,rank,meeting_points,is_disqualified,is_out_of_race,meeting_program_id,relay_header,user_id,created_at,updated_at) VALUES (34778,1,5107,2,37,10,4,0,0,0,155746,'CSInuoto OberFerrari',2,curdate(),curdate());

INSERT INTO meeting_relay_results (id,team_id,team_affiliation_id,minutes,seconds,hundreds,rank,meeting_points,is_disqualified,is_out_of_race,meeting_program_id,relay_header,user_id,created_at,updated_at) VALUES (34779,10,5201,2,35,80,1,24,0,0,155747,'Uninuoto',2,curdate(),curdate());
INSERT INTO meeting_relay_results (id,team_id,team_affiliation_id,minutes,seconds,hundreds,rank,meeting_points,is_disqualified,is_out_of_race,meeting_program_id,relay_header,user_id,created_at,updated_at) VALUES (34780,1,5107,2,36,40,2,21,0,0,155747,'CSInuoto OberFerrari',2,curdate(),curdate());
INSERT INTO meeting_relay_results (id,team_id,team_affiliation_id,minutes,seconds,hundreds,rank,meeting_points,is_disqualified,is_out_of_race,meeting_program_id,relay_header,user_id,created_at,updated_at) VALUES (34781,224,5106,2,48,00,3,18,0,0,155747,'Reggiana Nuoto',2,curdate(),curdate());
INSERT INTO meeting_relay_results (id,team_id,team_affiliation_id,minutes,seconds,hundreds,rank,meeting_points,is_disqualified,is_out_of_race,meeting_program_id,relay_header,user_id,created_at,updated_at) VALUES (34782,826,5196,3,42,00,4,15,0,0,155747,'Eden Sport',2,curdate(),curdate());

-- Relay swimmers
INSERT INTO meeting_relay_swimmers (id,relay_order,swimmer_id,meeting_relay_result_id,badge_id,stroke_type_id,user_id,lock_version,created_at,updated_at) values (1913,1,(select s.id from swimmers s join badges b on b.swimmer_id = s.id where b.season_id = 181 and b.team_id = 1 and s.complete_name = 'STORCHI LORENZO'),34761,(select b.id from swimmers s join badges b on b.swimmer_id = s.id where b.season_id = 181 and b.team_id = 1 and s.complete_name = 'STORCHI LORENZO'),(select t.id from stroke_types t where t.code = 'DO'),2,0,curdate(),curdate());
INSERT INTO meeting_relay_swimmers (id,relay_order,swimmer_id,meeting_relay_result_id,badge_id,stroke_type_id,user_id,lock_version,created_at,updated_at) values (1914,2,(select s.id from swimmers s join badges b on b.swimmer_id = s.id where b.season_id = 181 and b.team_id = 1 and s.complete_name = 'BURANI PIETRO'),34761,(select b.id from swimmers s join badges b on b.swimmer_id = s.id where b.season_id = 181 and b.team_id = 1 and s.complete_name = 'BURANI PIETRO'),(select t.id from stroke_types t where t.code = 'RA'),2,0,curdate(),curdate());
INSERT INTO meeting_relay_swimmers (id,relay_order,swimmer_id,meeting_relay_result_id,badge_id,stroke_type_id,user_id,lock_version,created_at,updated_at) values (1915,3,(select s.id from swimmers s join badges b on b.swimmer_id = s.id where b.season_id = 181 and b.team_id = 1 and s.complete_name = 'SONCINI MATILDE'),34761,(select b.id from swimmers s join badges b on b.swimmer_id = s.id where b.season_id = 181 and b.team_id = 1 and s.complete_name = 'SONCINI MATILDE'),(select t.id from stroke_types t where t.code = 'FA'),2,0,curdate(),curdate());
INSERT INTO meeting_relay_swimmers (id,relay_order,swimmer_id,meeting_relay_result_id,badge_id,stroke_type_id,user_id,lock_version,created_at,updated_at) values (1916,4,(select s.id from swimmers s join badges b on b.swimmer_id = s.id where b.season_id = 181 and b.team_id = 1 and s.complete_name = 'CANTONI SAMANTA'),34761,(select b.id from swimmers s join badges b on b.swimmer_id = s.id where b.season_id = 181 and b.team_id = 1 and s.complete_name = 'CANTONI SAMANTA'),(select t.id from stroke_types t where t.code = 'SL'),2,0,curdate(),curdate());
INSERT INTO meeting_relay_swimmers (id,relay_order,swimmer_id,meeting_relay_result_id,badge_id,stroke_type_id,user_id,lock_version,created_at,updated_at) values (1917,1,(select s.id from swimmers s join badges b on b.swimmer_id = s.id where b.season_id = 181 and b.team_id = 33 and s.complete_name = 'BALASINI FILIPPO'),34762,(select b.id from swimmers s join badges b on b.swimmer_id = s.id where b.season_id = 181 and b.team_id = 33 and s.complete_name = 'BALASINI FILIPPO'),(select t.id from stroke_types t where t.code = 'DO'),2,0,curdate(),curdate());
INSERT INTO meeting_relay_swimmers (id,relay_order,swimmer_id,meeting_relay_result_id,badge_id,stroke_type_id,user_id,lock_version,created_at,updated_at) values (1918,2,(select s.id from swimmers s join badges b on b.swimmer_id = s.id where b.season_id = 181 and b.team_id = 33 and s.complete_name = 'GIOVANELLA ENRICO'),34762,(select b.id from swimmers s join badges b on b.swimmer_id = s.id where b.season_id = 181 and b.team_id = 33 and s.complete_name = 'GIOVANELLA ENRICO'),(select t.id from stroke_types t where t.code = 'RA'),2,0,curdate(),curdate());
INSERT INTO meeting_relay_swimmers (id,relay_order,swimmer_id,meeting_relay_result_id,badge_id,stroke_type_id,user_id,lock_version,created_at,updated_at) values (1919,3,(select s.id from swimmers s join badges b on b.swimmer_id = s.id where b.season_id = 181 and b.team_id = 33 and s.complete_name = 'SEMEGHINI ANDREASTELLA'),34762,(select b.id from swimmers s join badges b on b.swimmer_id = s.id where b.season_id = 181 and b.team_id = 33 and s.complete_name = 'SEMEGHINI ANDREASTELLA'),(select t.id from stroke_types t where t.code = 'FA'),2,0,curdate(),curdate());
INSERT INTO meeting_relay_swimmers (id,relay_order,swimmer_id,meeting_relay_result_id,badge_id,stroke_type_id,user_id,lock_version,created_at,updated_at) values (1920,4,(select s.id from swimmers s join badges b on b.swimmer_id = s.id where b.season_id = 181 and b.team_id = 33 and s.complete_name = 'BONAZZI VALENTINA'),34762,(select b.id from swimmers s join badges b on b.swimmer_id = s.id where b.season_id = 181 and b.team_id = 33 and s.complete_name = 'BONAZZI VALENTINA'),(select t.id from stroke_types t where t.code = 'SL'),2,0,curdate(),curdate());
INSERT INTO meeting_relay_swimmers (id,relay_order,swimmer_id,meeting_relay_result_id,badge_id,stroke_type_id,user_id,lock_version,created_at,updated_at) values (1921,1,(select s.id from swimmers s join badges b on b.swimmer_id = s.id where b.season_id = 181 and b.team_id = 826 and s.complete_name = 'GUASTALLA FEDERICA'),34763,(select b.id from swimmers s join badges b on b.swimmer_id = s.id where b.season_id = 181 and b.team_id = 826 and s.complete_name = 'GUASTALLA FEDERICA'),(select t.id from stroke_types t where t.code = 'DO'),2,0,curdate(),curdate());
INSERT INTO meeting_relay_swimmers (id,relay_order,swimmer_id,meeting_relay_result_id,badge_id,stroke_type_id,user_id,lock_version,created_at,updated_at) values (1922,2,(select s.id from swimmers s join badges b on b.swimmer_id = s.id where b.season_id = 181 and b.team_id = 826 and s.complete_name = 'MIARI FRANCESCO'),34763,(select b.id from swimmers s join badges b on b.swimmer_id = s.id where b.season_id = 181 and b.team_id = 826 and s.complete_name = 'MIARI FRANCESCO'),(select t.id from stroke_types t where t.code = 'RA'),2,0,curdate(),curdate());
INSERT INTO meeting_relay_swimmers (id,relay_order,swimmer_id,meeting_relay_result_id,badge_id,stroke_type_id,user_id,lock_version,created_at,updated_at) values (1923,3,(select s.id from swimmers s join badges b on b.swimmer_id = s.id where b.season_id = 181 and b.team_id = 826 and s.complete_name = 'MONTI MARCO'),34763,(select b.id from swimmers s join badges b on b.swimmer_id = s.id where b.season_id = 181 and b.team_id = 826 and s.complete_name = 'MONTI MARCO'),(select t.id from stroke_types t where t.code = 'FA'),2,0,curdate(),curdate());
INSERT INTO meeting_relay_swimmers (id,relay_order,swimmer_id,meeting_relay_result_id,badge_id,stroke_type_id,user_id,lock_version,created_at,updated_at) values (1924,4,(select s.id from swimmers s join badges b on b.swimmer_id = s.id where b.season_id = 181 and b.team_id = 826 and s.complete_name = 'INCERTI DELMONTE ELISA'),34763,(select b.id from swimmers s join badges b on b.swimmer_id = s.id where b.season_id = 181 and b.team_id = 826 and s.complete_name = 'INCERTI DELMONTE ELISA'),(select t.id from stroke_types t where t.code = 'SL'),2,0,curdate(),curdate());
INSERT INTO meeting_relay_swimmers (id,relay_order,swimmer_id,meeting_relay_result_id,badge_id,stroke_type_id,user_id,lock_version,created_at,updated_at) values (1925,1,(select s.id from swimmers s join badges b on b.swimmer_id = s.id where b.season_id = 181 and b.team_id = 1000 and s.complete_name = 'ROSSI CARLOTTA'),34764,(select b.id from swimmers s join badges b on b.swimmer_id = s.id where b.season_id = 181 and b.team_id = 1000 and s.complete_name = 'ROSSI CARLOTTA'),(select t.id from stroke_types t where t.code = 'DO'),2,0,curdate(),curdate());
INSERT INTO meeting_relay_swimmers (id,relay_order,swimmer_id,meeting_relay_result_id,badge_id,stroke_type_id,user_id,lock_version,created_at,updated_at) values (1926,2,(select s.id from swimmers s join badges b on b.swimmer_id = s.id where b.season_id = 181 and b.team_id = 1000 and s.complete_name = 'TESAURI MARCO'),34764,(select b.id from swimmers s join badges b on b.swimmer_id = s.id where b.season_id = 181 and b.team_id = 1000 and s.complete_name = 'TESAURI MARCO'),(select t.id from stroke_types t where t.code = 'RA'),2,0,curdate(),curdate());
INSERT INTO meeting_relay_swimmers (id,relay_order,swimmer_id,meeting_relay_result_id,badge_id,stroke_type_id,user_id,lock_version,created_at,updated_at) values (1927,3,(select s.id from swimmers s join badges b on b.swimmer_id = s.id where b.season_id = 181 and b.team_id = 1000 and s.complete_name = 'PICCININI LUCA'),34764,(select b.id from swimmers s join badges b on b.swimmer_id = s.id where b.season_id = 181 and b.team_id = 1000 and s.complete_name = 'PICCININI LUCA'),(select t.id from stroke_types t where t.code = 'FA'),2,0,curdate(),curdate());
INSERT INTO meeting_relay_swimmers (id,relay_order,swimmer_id,meeting_relay_result_id,badge_id,stroke_type_id,user_id,lock_version,created_at,updated_at) values (1928,4,(select s.id from swimmers s join badges b on b.swimmer_id = s.id where b.season_id = 181 and b.team_id = 1000 and s.complete_name = 'MESSORI FRANCESCA'),34764,(select b.id from swimmers s join badges b on b.swimmer_id = s.id where b.season_id = 181 and b.team_id = 1000 and s.complete_name = 'MESSORI FRANCESCA'),(select t.id from stroke_types t where t.code = 'SL'),2,0,curdate(),curdate());
INSERT INTO meeting_relay_swimmers (id,relay_order,swimmer_id,meeting_relay_result_id,badge_id,stroke_type_id,user_id,lock_version,created_at,updated_at) values (1929,1,(select s.id from swimmers s join badges b on b.swimmer_id = s.id where b.season_id = 181 and b.team_id = 826 and s.complete_name = 'INCERTI DELMONTE CHIARA'),34765,(select b.id from swimmers s join badges b on b.swimmer_id = s.id where b.season_id = 181 and b.team_id = 826 and s.complete_name = 'INCERTI DELMONTE CHIARA'),(select t.id from stroke_types t where t.code = 'DO'),2,0,curdate(),curdate());
INSERT INTO meeting_relay_swimmers (id,relay_order,swimmer_id,meeting_relay_result_id,badge_id,stroke_type_id,user_id,lock_version,created_at,updated_at) values (1930,2,(select s.id from swimmers s join badges b on b.swimmer_id = s.id where b.season_id = 181 and b.team_id = 826 and s.complete_name = 'MONTANARI MARTINA'),34765,(select b.id from swimmers s join badges b on b.swimmer_id = s.id where b.season_id = 181 and b.team_id = 826 and s.complete_name = 'MONTANARI MARTINA'),(select t.id from stroke_types t where t.code = 'RA'),2,0,curdate(),curdate());
INSERT INTO meeting_relay_swimmers (id,relay_order,swimmer_id,meeting_relay_result_id,badge_id,stroke_type_id,user_id,lock_version,created_at,updated_at) values (1931,3,(select s.id from swimmers s join badges b on b.swimmer_id = s.id where b.season_id = 181 and b.team_id = 826 and s.complete_name = 'PAGLIANI ROBERTO'),34765,(select b.id from swimmers s join badges b on b.swimmer_id = s.id where b.season_id = 181 and b.team_id = 826 and s.complete_name = 'PAGLIANI ROBERTO'),(select t.id from stroke_types t where t.code = 'FA'),2,0,curdate(),curdate());
INSERT INTO meeting_relay_swimmers (id,relay_order,swimmer_id,meeting_relay_result_id,badge_id,stroke_type_id,user_id,lock_version,created_at,updated_at) values (1932,4,(select s.id from swimmers s join badges b on b.swimmer_id = s.id where b.season_id = 181 and b.team_id = 826 and s.complete_name = 'SILINGARDI SELIGARDI RUGGERO'),34765,(select b.id from swimmers s join badges b on b.swimmer_id = s.id where b.season_id = 181 and b.team_id = 826 and s.complete_name = 'SILINGARDI SELIGARDI RUGGERO'),(select t.id from stroke_types t where t.code = 'SL'),2,0,curdate(),curdate());
INSERT INTO meeting_relay_swimmers (id,relay_order,swimmer_id,meeting_relay_result_id,badge_id,stroke_type_id,user_id,lock_version,created_at,updated_at) values (1933,1,(select s.id from swimmers s join badges b on b.swimmer_id = s.id where b.season_id = 181 and b.team_id = 1 and s.complete_name = 'D''ANDREA SABINA'),34766,(select b.id from swimmers s join badges b on b.swimmer_id = s.id where b.season_id = 181 and b.team_id = 1 and s.complete_name = 'D''ANDREA SABINA'),(select t.id from stroke_types t where t.code = 'DO'),2,0,curdate(),curdate());
INSERT INTO meeting_relay_swimmers (id,relay_order,swimmer_id,meeting_relay_result_id,badge_id,stroke_type_id,user_id,lock_version,created_at,updated_at) values (1934,2,(select s.id from swimmers s join badges b on b.swimmer_id = s.id where b.season_id = 181 and b.team_id = 1 and s.complete_name = 'LEONARDI ELISA'),34766,(select b.id from swimmers s join badges b on b.swimmer_id = s.id where b.season_id = 181 and b.team_id = 1 and s.complete_name = 'LEONARDI ELISA'),(select t.id from stroke_types t where t.code = 'RA'),2,0,curdate(),curdate());
INSERT INTO meeting_relay_swimmers (id,relay_order,swimmer_id,meeting_relay_result_id,badge_id,stroke_type_id,user_id,lock_version,created_at,updated_at) values (1935,3,(select s.id from swimmers s join badges b on b.swimmer_id = s.id where b.season_id = 181 and b.team_id = 1 and s.complete_name = 'BONI CLAUDIO'),34766,(select b.id from swimmers s join badges b on b.swimmer_id = s.id where b.season_id = 181 and b.team_id = 1 and s.complete_name = 'BONI CLAUDIO'),(select t.id from stroke_types t where t.code = 'FA'),2,0,curdate(),curdate());
INSERT INTO meeting_relay_swimmers (id,relay_order,swimmer_id,meeting_relay_result_id,badge_id,stroke_type_id,user_id,lock_version,created_at,updated_at) values (1936,4,(select s.id from swimmers s join badges b on b.swimmer_id = s.id where b.season_id = 181 and b.team_id = 1 and s.complete_name = 'FERRARI FRANCESCO'),34766,(select b.id from swimmers s join badges b on b.swimmer_id = s.id where b.season_id = 181 and b.team_id = 1 and s.complete_name = 'FERRARI FRANCESCO'),(select t.id from stroke_types t where t.code = 'SL'),2,0,curdate(),curdate());
INSERT INTO meeting_relay_swimmers (id,relay_order,swimmer_id,meeting_relay_result_id,badge_id,stroke_type_id,user_id,lock_version,created_at,updated_at) values (1937,1,(select s.id from swimmers s join badges b on b.swimmer_id = s.id where b.season_id = 181 and b.team_id = 1000 and s.complete_name = 'MOTTA DEBORAH'),34767,(select b.id from swimmers s join badges b on b.swimmer_id = s.id where b.season_id = 181 and b.team_id = 1000 and s.complete_name = 'MOTTA DEBORAH'),(select t.id from stroke_types t where t.code = 'DO'),2,0,curdate(),curdate());
INSERT INTO meeting_relay_swimmers (id,relay_order,swimmer_id,meeting_relay_result_id,badge_id,stroke_type_id,user_id,lock_version,created_at,updated_at) values (1938,2,(select s.id from swimmers s join badges b on b.swimmer_id = s.id where b.season_id = 181 and b.team_id = 1000 and s.complete_name = 'CANTONI STEFANO'),34767,(select b.id from swimmers s join badges b on b.swimmer_id = s.id where b.season_id = 181 and b.team_id = 1000 and s.complete_name = 'CANTONI STEFANO'),(select t.id from stroke_types t where t.code = 'RA'),2,0,curdate(),curdate());
INSERT INTO meeting_relay_swimmers (id,relay_order,swimmer_id,meeting_relay_result_id,badge_id,stroke_type_id,user_id,lock_version,created_at,updated_at) values (1939,3,(select s.id from swimmers s join badges b on b.swimmer_id = s.id where b.season_id = 181 and b.team_id = 1000 and s.complete_name = 'MORSIANI FEDERICO'),34767,(select b.id from swimmers s join badges b on b.swimmer_id = s.id where b.season_id = 181 and b.team_id = 1000 and s.complete_name = 'MORSIANI FEDERICO'),(select t.id from stroke_types t where t.code = 'FA'),2,0,curdate(),curdate());
INSERT INTO meeting_relay_swimmers (id,relay_order,swimmer_id,meeting_relay_result_id,badge_id,stroke_type_id,user_id,lock_version,created_at,updated_at) values (1940,4,(select s.id from swimmers s join badges b on b.swimmer_id = s.id where b.season_id = 181 and b.team_id = 1000 and s.complete_name = 'TORRI SARA'),34767,(select b.id from swimmers s join badges b on b.swimmer_id = s.id where b.season_id = 181 and b.team_id = 1000 and s.complete_name = 'TORRI SARA'),(select t.id from stroke_types t where t.code = 'SL'),2,0,curdate(),curdate());

INSERT INTO meeting_relay_swimmers (id,relay_order,swimmer_id,meeting_relay_result_id,badge_id,stroke_type_id,user_id,lock_version,created_at,updated_at) values (1941,1,(select s.id from swimmers s join badges b on b.swimmer_id = s.id where b.season_id = 181 and b.team_id = 1 and s.complete_name = 'AMMIRATI GIUSY'),34768,(select b.id from swimmers s join badges b on b.swimmer_id = s.id where b.season_id = 181 and b.team_id = 1 and s.complete_name = 'AMMIRATI GIUSY'),(select t.id from stroke_types t where t.code = 'DO'),2,0,curdate(),curdate());
INSERT INTO meeting_relay_swimmers (id,relay_order,swimmer_id,meeting_relay_result_id,badge_id,stroke_type_id,user_id,lock_version,created_at,updated_at) values (1942,2,(select s.id from swimmers s join badges b on b.swimmer_id = s.id where b.season_id = 181 and b.team_id = 1 and s.complete_name = 'ALLORO STEFANO'),34768,(select b.id from swimmers s join badges b on b.swimmer_id = s.id where b.season_id = 181 and b.team_id = 1 and s.complete_name = 'ALLORO STEFANO'),(select t.id from stroke_types t where t.code = 'RA'),2,0,curdate(),curdate());
INSERT INTO meeting_relay_swimmers (id,relay_order,swimmer_id,meeting_relay_result_id,badge_id,stroke_type_id,user_id,lock_version,created_at,updated_at) values (1943,3,(select s.id from swimmers s join badges b on b.swimmer_id = s.id where b.season_id = 181 and b.team_id = 1 and s.complete_name = 'CARLETTI ALAN'),34768,(select b.id from swimmers s join badges b on b.swimmer_id = s.id where b.season_id = 181 and b.team_id = 1 and s.complete_name = 'CARLETTI ALAN'),(select t.id from stroke_types t where t.code = 'FA'),2,0,curdate(),curdate());
INSERT INTO meeting_relay_swimmers (id,relay_order,swimmer_id,meeting_relay_result_id,badge_id,stroke_type_id,user_id,lock_version,created_at,updated_at) values (1944,4,(select s.id from swimmers s join badges b on b.swimmer_id = s.id where b.season_id = 181 and b.team_id = 1 and s.complete_name = 'PEZZI STEFANIA'),34768,(select b.id from swimmers s join badges b on b.swimmer_id = s.id where b.season_id = 181 and b.team_id = 1 and s.complete_name = 'PEZZI STEFANIA'),(select t.id from stroke_types t where t.code = 'SL'),2,0,curdate(),curdate());
INSERT INTO meeting_relay_swimmers (id,relay_order,swimmer_id,meeting_relay_result_id,badge_id,stroke_type_id,user_id,lock_version,created_at,updated_at) values (1945,1,(select s.id from swimmers s join badges b on b.swimmer_id = s.id where b.season_id = 181 and b.team_id = 1000 and s.complete_name = 'VIVA CATERINA'),34769,(select b.id from swimmers s join badges b on b.swimmer_id = s.id where b.season_id = 181 and b.team_id = 1000 and s.complete_name = 'VIVA CATERINA'),(select t.id from stroke_types t where t.code = 'DO'),2,0,curdate(),curdate());
INSERT INTO meeting_relay_swimmers (id,relay_order,swimmer_id,meeting_relay_result_id,badge_id,stroke_type_id,user_id,lock_version,created_at,updated_at) values (1946,2,(select s.id from swimmers s join badges b on b.swimmer_id = s.id where b.season_id = 181 and b.team_id = 1000 and s.complete_name = 'INCERTI TELANI JOHNATAN'),34769,(select b.id from swimmers s join badges b on b.swimmer_id = s.id where b.season_id = 181 and b.team_id = 1000 and s.complete_name = 'INCERTI TELANI JOHNATAN'),(select t.id from stroke_types t where t.code = 'RA'),2,0,curdate(),curdate());
INSERT INTO meeting_relay_swimmers (id,relay_order,swimmer_id,meeting_relay_result_id,badge_id,stroke_type_id,user_id,lock_version,created_at,updated_at) values (1947,3,(select s.id from swimmers s join badges b on b.swimmer_id = s.id where b.season_id = 181 and b.team_id = 1000 and s.complete_name = 'COCCHI MARCO'),34769,(select b.id from swimmers s join badges b on b.swimmer_id = s.id where b.season_id = 181 and b.team_id = 1000 and s.complete_name = 'COCCHI MARCO'),(select t.id from stroke_types t where t.code = 'FA'),2,0,curdate(),curdate());

INSERT INTO meeting_relay_swimmers (id,relay_order,swimmer_id,meeting_relay_result_id,badge_id,stroke_type_id,user_id,lock_version,created_at,updated_at) values (1949,1,(select s.id from swimmers s join badges b on b.swimmer_id = s.id where b.season_id = 181 and b.team_id = 4 and s.complete_name = 'MESSORI ANDREA'),34770,(select b.id from swimmers s join badges b on b.swimmer_id = s.id where b.season_id = 181 and b.team_id = 4 and s.complete_name = 'MESSORI ANDREA'),(select t.id from stroke_types t where t.code = 'DO'),2,0,curdate(),curdate());
INSERT INTO meeting_relay_swimmers (id,relay_order,swimmer_id,meeting_relay_result_id,badge_id,stroke_type_id,user_id,lock_version,created_at,updated_at) values (1950,2,(select s.id from swimmers s join badges b on b.swimmer_id = s.id where b.season_id = 181 and b.team_id = 4 and s.complete_name = 'REBUCCI GIORGIO'),34770,(select b.id from swimmers s join badges b on b.swimmer_id = s.id where b.season_id = 181 and b.team_id = 4 and s.complete_name = 'REBUCCI GIORGIO'),(select t.id from stroke_types t where t.code = 'RA'),2,0,curdate(),curdate());
INSERT INTO meeting_relay_swimmers (id,relay_order,swimmer_id,meeting_relay_result_id,badge_id,stroke_type_id,user_id,lock_version,created_at,updated_at) values (1951,3,(select s.id from swimmers s join badges b on b.swimmer_id = s.id where b.season_id = 181 and b.team_id = 4 and s.complete_name = 'FUGGETTA TIZIANA'),34770,(select b.id from swimmers s join badges b on b.swimmer_id = s.id where b.season_id = 181 and b.team_id = 4 and s.complete_name = 'FUGGETTA TIZIANA'),(select t.id from stroke_types t where t.code = 'FA'),2,0,curdate(),curdate());
INSERT INTO meeting_relay_swimmers (id,relay_order,swimmer_id,meeting_relay_result_id,badge_id,stroke_type_id,user_id,lock_version,created_at,updated_at) values (1952,4,(select s.id from swimmers s join badges b on b.swimmer_id = s.id where b.season_id = 181 and b.team_id = 4 and s.complete_name = 'ZOBOLI MANUELA'),34770,(select b.id from swimmers s join badges b on b.swimmer_id = s.id where b.season_id = 181 and b.team_id = 4 and s.complete_name = 'ZOBOLI MANUELA'),(select t.id from stroke_types t where t.code = 'SL'),2,0,curdate(),curdate());
INSERT INTO meeting_relay_swimmers (id,relay_order,swimmer_id,meeting_relay_result_id,badge_id,stroke_type_id,user_id,lock_version,created_at,updated_at) values (1953,1,(select s.id from swimmers s join badges b on b.swimmer_id = s.id where b.season_id = 181 and b.team_id = 826 and s.complete_name = 'ACERBI SARA'),34771,(select b.id from swimmers s join badges b on b.swimmer_id = s.id where b.season_id = 181 and b.team_id = 826 and s.complete_name = 'ACERBI SARA'),(select t.id from stroke_types t where t.code = 'DO'),2,0,curdate(),curdate());
INSERT INTO meeting_relay_swimmers (id,relay_order,swimmer_id,meeting_relay_result_id,badge_id,stroke_type_id,user_id,lock_version,created_at,updated_at) values (1954,2,(select s.id from swimmers s join badges b on b.swimmer_id = s.id where b.season_id = 181 and b.team_id = 826 and s.complete_name = 'ZAGATTI ALESSANDRO'),34771,(select b.id from swimmers s join badges b on b.swimmer_id = s.id where b.season_id = 181 and b.team_id = 826 and s.complete_name = 'ZAGATTI ALESSANDRO'),(select t.id from stroke_types t where t.code = 'RA'),2,0,curdate(),curdate());
INSERT INTO meeting_relay_swimmers (id,relay_order,swimmer_id,meeting_relay_result_id,badge_id,stroke_type_id,user_id,lock_version,created_at,updated_at) values (1955,3,(select s.id from swimmers s join badges b on b.swimmer_id = s.id where b.season_id = 181 and b.team_id = 826 and s.complete_name = 'ZACCARELLI MARCO'),34771,(select b.id from swimmers s join badges b on b.swimmer_id = s.id where b.season_id = 181 and b.team_id = 826 and s.complete_name = 'ZACCARELLI MARCO'),(select t.id from stroke_types t where t.code = 'FA'),2,0,curdate(),curdate());
INSERT INTO meeting_relay_swimmers (id,relay_order,swimmer_id,meeting_relay_result_id,badge_id,stroke_type_id,user_id,lock_version,created_at,updated_at) values (1956,4,(select s.id from swimmers s join badges b on b.swimmer_id = s.id where b.season_id = 181 and b.team_id = 826 and s.complete_name = 'SIRINGO ALESSIA'),34771,(select b.id from swimmers s join badges b on b.swimmer_id = s.id where b.season_id = 181 and b.team_id = 826 and s.complete_name = 'SIRINGO ALESSIA'),(select t.id from stroke_types t where t.code = 'SL'),2,0,curdate(),curdate());
INSERT INTO meeting_relay_swimmers (id,relay_order,swimmer_id,meeting_relay_result_id,badge_id,stroke_type_id,user_id,lock_version,created_at,updated_at) values (1957,1,(select s.id from swimmers s join badges b on b.swimmer_id = s.id where b.season_id = 181 and b.team_id = 9 and s.complete_name = 'BORSARI ANDREA'),34772,(select b.id from swimmers s join badges b on b.swimmer_id = s.id where b.season_id = 181 and b.team_id = 9 and s.complete_name = 'BORSARI ANDREA'),(select t.id from stroke_types t where t.code = 'DO'),2,0,curdate(),curdate());
INSERT INTO meeting_relay_swimmers (id,relay_order,swimmer_id,meeting_relay_result_id,badge_id,stroke_type_id,user_id,lock_version,created_at,updated_at) values (1958,2,(select s.id from swimmers s join badges b on b.swimmer_id = s.id where b.season_id = 181 and b.team_id = 9 and s.complete_name = 'ROSOLINI SIMONA'),34772,(select b.id from swimmers s join badges b on b.swimmer_id = s.id where b.season_id = 181 and b.team_id = 9 and s.complete_name = 'ROSOLINI SIMONA'),(select t.id from stroke_types t where t.code = 'RA'),2,0,curdate(),curdate());
INSERT INTO meeting_relay_swimmers (id,relay_order,swimmer_id,meeting_relay_result_id,badge_id,stroke_type_id,user_id,lock_version,created_at,updated_at) values (1959,3,(select s.id from swimmers s join badges b on b.swimmer_id = s.id where b.season_id = 181 and b.team_id = 9 and s.complete_name = 'GRADI ANDREA'),34772,(select b.id from swimmers s join badges b on b.swimmer_id = s.id where b.season_id = 181 and b.team_id = 9 and s.complete_name = 'GRADI ANDREA'),(select t.id from stroke_types t where t.code = 'FA'),2,0,curdate(),curdate());
INSERT INTO meeting_relay_swimmers (id,relay_order,swimmer_id,meeting_relay_result_id,badge_id,stroke_type_id,user_id,lock_version,created_at,updated_at) values (1960,4,(select s.id from swimmers s join badges b on b.swimmer_id = s.id where b.season_id = 181 and b.team_id = 9 and s.complete_name = 'DEL PAGGIO ELEONORA'),34772,(select b.id from swimmers s join badges b on b.swimmer_id = s.id where b.season_id = 181 and b.team_id = 9 and s.complete_name = 'DEL PAGGIO ELEONORA'),(select t.id from stroke_types t where t.code = 'SL'),2,0,curdate(),curdate());
INSERT INTO meeting_relay_swimmers (id,relay_order,swimmer_id,meeting_relay_result_id,badge_id,stroke_type_id,user_id,lock_version,created_at,updated_at) values (1961,1,(select s.id from swimmers s join badges b on b.swimmer_id = s.id where b.season_id = 181 and b.team_id = 826 and s.complete_name = 'PRANDI SIMONE'),34773,(select b.id from swimmers s join badges b on b.swimmer_id = s.id where b.season_id = 181 and b.team_id = 826 and s.complete_name = 'PRANDI SIMONE'),(select t.id from stroke_types t where t.code = 'DO'),2,0,curdate(),curdate());
INSERT INTO meeting_relay_swimmers (id,relay_order,swimmer_id,meeting_relay_result_id,badge_id,stroke_type_id,user_id,lock_version,created_at,updated_at) values (1962,2,(select s.id from swimmers s join badges b on b.swimmer_id = s.id where b.season_id = 181 and b.team_id = 826 and s.complete_name = 'KAROBBI IRYNA'),34773,(select b.id from swimmers s join badges b on b.swimmer_id = s.id where b.season_id = 181 and b.team_id = 826 and s.complete_name = 'KAROBBI IRYNA'),(select t.id from stroke_types t where t.code = 'RA'),2,0,curdate(),curdate());
INSERT INTO meeting_relay_swimmers (id,relay_order,swimmer_id,meeting_relay_result_id,badge_id,stroke_type_id,user_id,lock_version,created_at,updated_at) values (1963,3,(select s.id from swimmers s join badges b on b.swimmer_id = s.id where b.season_id = 181 and b.team_id = 826 and s.complete_name = 'FOSSILE ROBERTO'),34773,(select b.id from swimmers s join badges b on b.swimmer_id = s.id where b.season_id = 181 and b.team_id = 826 and s.complete_name = 'FOSSILE ROBERTO'),(select t.id from stroke_types t where t.code = 'FA'),2,0,curdate(),curdate());
INSERT INTO meeting_relay_swimmers (id,relay_order,swimmer_id,meeting_relay_result_id,badge_id,stroke_type_id,user_id,lock_version,created_at,updated_at) values (1964,4,(select s.id from swimmers s join badges b on b.swimmer_id = s.id where b.season_id = 181 and b.team_id = 826 and s.complete_name = 'RUSEANOVSCHI OLGA'),34773,(select b.id from swimmers s join badges b on b.swimmer_id = s.id where b.season_id = 181 and b.team_id = 826 and s.complete_name = 'RUSEANOVSCHI OLGA'),(select t.id from stroke_types t where t.code = 'SL'),2,0,curdate(),curdate());
INSERT INTO meeting_relay_swimmers (id,relay_order,swimmer_id,meeting_relay_result_id,badge_id,stroke_type_id,user_id,lock_version,created_at,updated_at) values (1965,1,(select s.id from swimmers s join badges b on b.swimmer_id = s.id where b.season_id = 181 and b.team_id = 18 and s.complete_name = 'MARANDO SILVIA'),34774,(select b.id from swimmers s join badges b on b.swimmer_id = s.id where b.season_id = 181 and b.team_id = 18 and s.complete_name = 'MARANDO SILVIA'),(select t.id from stroke_types t where t.code = 'DO'),2,0,curdate(),curdate());
INSERT INTO meeting_relay_swimmers (id,relay_order,swimmer_id,meeting_relay_result_id,badge_id,stroke_type_id,user_id,lock_version,created_at,updated_at) values (1966,2,(select s.id from swimmers s join badges b on b.swimmer_id = s.id where b.season_id = 181 and b.team_id = 18 and s.complete_name = 'GANDOLFI SARA'),34774,(select b.id from swimmers s join badges b on b.swimmer_id = s.id where b.season_id = 181 and b.team_id = 18 and s.complete_name = 'GANDOLFI SARA'),(select t.id from stroke_types t where t.code = 'RA'),2,0,curdate(),curdate());
INSERT INTO meeting_relay_swimmers (id,relay_order,swimmer_id,meeting_relay_result_id,badge_id,stroke_type_id,user_id,lock_version,created_at,updated_at) values (1967,3,(select s.id from swimmers s join badges b on b.swimmer_id = s.id where b.season_id = 181 and b.team_id = 18 and s.complete_name = 'PELIZZA VINCENZO'),34774,(select b.id from swimmers s join badges b on b.swimmer_id = s.id where b.season_id = 181 and b.team_id = 18 and s.complete_name = 'PELIZZA VINCENZO'),(select t.id from stroke_types t where t.code = 'FA'),2,0,curdate(),curdate());
INSERT INTO meeting_relay_swimmers (id,relay_order,swimmer_id,meeting_relay_result_id,badge_id,stroke_type_id,user_id,lock_version,created_at,updated_at) values (1968,4,(select s.id from swimmers s join badges b on b.swimmer_id = s.id where b.season_id = 181 and b.team_id = 18 and s.complete_name = 'BOSCAINI LAURA'),34774,(select b.id from swimmers s join badges b on b.swimmer_id = s.id where b.season_id = 181 and b.team_id = 18 and s.complete_name = 'BOSCAINI LAURA'),(select t.id from stroke_types t where t.code = 'SL'),2,0,curdate(),curdate());

INSERT INTO meeting_relay_swimmers (id,relay_order,swimmer_id,meeting_relay_result_id,badge_id,stroke_type_id,user_id,lock_version,created_at,updated_at) values (1969,1,(select s.id from swimmers s join badges b on b.swimmer_id = s.id where b.season_id = 181 and b.team_id = 10 and s.complete_name = 'CALZOLARI MARCO'),34775,(select b.id from swimmers s join badges b on b.swimmer_id = s.id where b.season_id = 181 and b.team_id = 10 and s.complete_name = 'CALZOLARI MARCO'),(select t.id from stroke_types t where t.code = 'DO'),2,0,curdate(),curdate());
INSERT INTO meeting_relay_swimmers (id,relay_order,swimmer_id,meeting_relay_result_id,badge_id,stroke_type_id,user_id,lock_version,created_at,updated_at) values (1970,2,(select s.id from swimmers s join badges b on b.swimmer_id = s.id where b.season_id = 181 and b.team_id = 10 and s.complete_name = 'BORGHI DONATELLA'),34775,(select b.id from swimmers s join badges b on b.swimmer_id = s.id where b.season_id = 181 and b.team_id = 10 and s.complete_name = 'BORGHI DONATELLA'),(select t.id from stroke_types t where t.code = 'RA'),2,0,curdate(),curdate());
INSERT INTO meeting_relay_swimmers (id,relay_order,swimmer_id,meeting_relay_result_id,badge_id,stroke_type_id,user_id,lock_version,created_at,updated_at) values (1971,3,(select s.id from swimmers s join badges b on b.swimmer_id = s.id where b.season_id = 181 and b.team_id = 10 and s.complete_name = 'FREDDI MATTEO'),34775,(select b.id from swimmers s join badges b on b.swimmer_id = s.id where b.season_id = 181 and b.team_id = 10 and s.complete_name = 'FREDDI MATTEO'),(select t.id from stroke_types t where t.code = 'FA'),2,0,curdate(),curdate());
INSERT INTO meeting_relay_swimmers (id,relay_order,swimmer_id,meeting_relay_result_id,badge_id,stroke_type_id,user_id,lock_version,created_at,updated_at) values (1972,4,(select s.id from swimmers s join badges b on b.swimmer_id = s.id where b.season_id = 181 and b.team_id = 10 and s.complete_name = 'PO ILARIA'),34775,(select b.id from swimmers s join badges b on b.swimmer_id = s.id where b.season_id = 181 and b.team_id = 10 and s.complete_name = 'PO ILARIA'),(select t.id from stroke_types t where t.code = 'SL'),2,0,curdate(),curdate());
INSERT INTO meeting_relay_swimmers (id,relay_order,swimmer_id,meeting_relay_result_id,badge_id,stroke_type_id,user_id,lock_version,created_at,updated_at) values (1973,1,(select s.id from swimmers s join badges b on b.swimmer_id = s.id where b.season_id = 181 and b.team_id = 10 and s.complete_name = 'GAITI GIULIANA'),34776,(select b.id from swimmers s join badges b on b.swimmer_id = s.id where b.season_id = 181 and b.team_id = 10 and s.complete_name = 'GAITI GIULIANA'),(select t.id from stroke_types t where t.code = 'DO'),2,0,curdate(),curdate());
INSERT INTO meeting_relay_swimmers (id,relay_order,swimmer_id,meeting_relay_result_id,badge_id,stroke_type_id,user_id,lock_version,created_at,updated_at) values (1974,2,(select s.id from swimmers s join badges b on b.swimmer_id = s.id where b.season_id = 181 and b.team_id = 10 and s.complete_name = 'ARBIZZI MASSIMILIANO'),34776,(select b.id from swimmers s join badges b on b.swimmer_id = s.id where b.season_id = 181 and b.team_id = 10 and s.complete_name = 'ARBIZZI MASSIMILIANO'),(select t.id from stroke_types t where t.code = 'RA'),2,0,curdate(),curdate());
INSERT INTO meeting_relay_swimmers (id,relay_order,swimmer_id,meeting_relay_result_id,badge_id,stroke_type_id,user_id,lock_version,created_at,updated_at) values (1975,3,(select s.id from swimmers s join badges b on b.swimmer_id = s.id where b.season_id = 181 and b.team_id = 10 and s.complete_name = 'PIERANTONI MASSIMO'),34776,(select b.id from swimmers s join badges b on b.swimmer_id = s.id where b.season_id = 181 and b.team_id = 10 and s.complete_name = 'PIERANTONI MASSIMO'),(select t.id from stroke_types t where t.code = 'FA'),2,0,curdate(),curdate());
INSERT INTO meeting_relay_swimmers (id,relay_order,swimmer_id,meeting_relay_result_id,badge_id,stroke_type_id,user_id,lock_version,created_at,updated_at) values (1976,4,(select s.id from swimmers s join badges b on b.swimmer_id = s.id where b.season_id = 181 and b.team_id = 10 and s.complete_name = 'CARRI LISA'),34776,(select b.id from swimmers s join badges b on b.swimmer_id = s.id where b.season_id = 181 and b.team_id = 10 and s.complete_name = 'CARRI LISA'),(select t.id from stroke_types t where t.code = 'SL'),2,0,curdate(),curdate());
INSERT INTO meeting_relay_swimmers (id,relay_order,swimmer_id,meeting_relay_result_id,badge_id,stroke_type_id,user_id,lock_version,created_at,updated_at) values (1977,1,(select s.id from swimmers s join badges b on b.swimmer_id = s.id where b.season_id = 181 and b.team_id = 1 and s.complete_name = 'VEZZANI GIORGIA'),34777,(select b.id from swimmers s join badges b on b.swimmer_id = s.id where b.season_id = 181 and b.team_id = 1 and s.complete_name = 'VEZZANI GIORGIA'),(select t.id from stroke_types t where t.code = 'DO'),2,0,curdate(),curdate());
INSERT INTO meeting_relay_swimmers (id,relay_order,swimmer_id,meeting_relay_result_id,badge_id,stroke_type_id,user_id,lock_version,created_at,updated_at) values (1978,2,(select s.id from swimmers s join badges b on b.swimmer_id = s.id where b.season_id = 181 and b.team_id = 1 and s.complete_name = 'FERRARI ALESSIA'),34777,(select b.id from swimmers s join badges b on b.swimmer_id = s.id where b.season_id = 181 and b.team_id = 1 and s.complete_name = 'FERRARI ALESSIA'),(select t.id from stroke_types t where t.code = 'RA'),2,0,curdate(),curdate());
INSERT INTO meeting_relay_swimmers (id,relay_order,swimmer_id,meeting_relay_result_id,badge_id,stroke_type_id,user_id,lock_version,created_at,updated_at) values (1979,3,(select s.id from swimmers s join badges b on b.swimmer_id = s.id where b.season_id = 181 and b.team_id = 1 and s.complete_name = 'SENATORE FABIO'),34777,(select b.id from swimmers s join badges b on b.swimmer_id = s.id where b.season_id = 181 and b.team_id = 1 and s.complete_name = 'SENATORE FABIO'),(select t.id from stroke_types t where t.code = 'FA'),2,0,curdate(),curdate());
INSERT INTO meeting_relay_swimmers (id,relay_order,swimmer_id,meeting_relay_result_id,badge_id,stroke_type_id,user_id,lock_version,created_at,updated_at) values (1980,4,(select s.id from swimmers s join badges b on b.swimmer_id = s.id where b.season_id = 181 and b.team_id = 1 and s.complete_name = 'BERTOZZI ORLANDO'),34777,(select b.id from swimmers s join badges b on b.swimmer_id = s.id where b.season_id = 181 and b.team_id = 1 and s.complete_name = 'BERTOZZI ORLANDO'),(select t.id from stroke_types t where t.code = 'SL'),2,0,curdate(),curdate());
INSERT INTO meeting_relay_swimmers (id,relay_order,swimmer_id,meeting_relay_result_id,badge_id,stroke_type_id,user_id,lock_version,created_at,updated_at) values (1981,1,(select s.id from swimmers s join badges b on b.swimmer_id = s.id where b.season_id = 181 and b.team_id = 1 and s.complete_name = 'DEL RIO SIMONE'),34778,(select b.id from swimmers s join badges b on b.swimmer_id = s.id where b.season_id = 181 and b.team_id = 1 and s.complete_name = 'DEL RIO SIMONE'),(select t.id from stroke_types t where t.code = 'DO'),2,0,curdate(),curdate());
INSERT INTO meeting_relay_swimmers (id,relay_order,swimmer_id,meeting_relay_result_id,badge_id,stroke_type_id,user_id,lock_version,created_at,updated_at) values (1982,2,(select s.id from swimmers s join badges b on b.swimmer_id = s.id where b.season_id = 181 and b.team_id = 1 and s.complete_name = 'SESENA PATRIZIA'),34778,(select b.id from swimmers s join badges b on b.swimmer_id = s.id where b.season_id = 181 and b.team_id = 1 and s.complete_name = 'SESENA PATRIZIA'),(select t.id from stroke_types t where t.code = 'RA'),2,0,curdate(),curdate());
INSERT INTO meeting_relay_swimmers (id,relay_order,swimmer_id,meeting_relay_result_id,badge_id,stroke_type_id,user_id,lock_version,created_at,updated_at) values (1983,3,(select s.id from swimmers s join badges b on b.swimmer_id = s.id where b.season_id = 181 and b.team_id = 1 and s.complete_name = 'RONZONI ALESSANDRO'),34778,(select b.id from swimmers s join badges b on b.swimmer_id = s.id where b.season_id = 181 and b.team_id = 1 and s.complete_name = 'RONZONI ALESSANDRO'),(select t.id from stroke_types t where t.code = 'FA'),2,0,curdate(),curdate());
INSERT INTO meeting_relay_swimmers (id,relay_order,swimmer_id,meeting_relay_result_id,badge_id,stroke_type_id,user_id,lock_version,created_at,updated_at) values (1984,4,(select s.id from swimmers s join badges b on b.swimmer_id = s.id where b.season_id = 181 and b.team_id = 1 and s.complete_name = 'BONACINI MONICA'),34778,(select b.id from swimmers s join badges b on b.swimmer_id = s.id where b.season_id = 181 and b.team_id = 1 and s.complete_name = 'BONACINI MONICA'),(select t.id from stroke_types t where t.code = 'SL'),2,0,curdate(),curdate());

INSERT INTO meeting_relay_swimmers (id,relay_order,swimmer_id,meeting_relay_result_id,badge_id,stroke_type_id,user_id,lock_version,created_at,updated_at) values (1985,1,(select s.id from swimmers s join badges b on b.swimmer_id = s.id where b.season_id = 181 and b.team_id = 10 and s.complete_name = 'SANTINI FEDERICA'),34779,(select b.id from swimmers s join badges b on b.swimmer_id = s.id where b.season_id = 181 and b.team_id = 10 and s.complete_name = 'SANTINI FEDERICA'),(select t.id from stroke_types t where t.code = 'DO'),2,0,curdate(),curdate());
INSERT INTO meeting_relay_swimmers (id,relay_order,swimmer_id,meeting_relay_result_id,badge_id,stroke_type_id,user_id,lock_version,created_at,updated_at) values (1986,2,(select s.id from swimmers s join badges b on b.swimmer_id = s.id where b.season_id = 181 and b.team_id = 10 and s.complete_name = 'PALTRINIERI LUCA'),34779,(select b.id from swimmers s join badges b on b.swimmer_id = s.id where b.season_id = 181 and b.team_id = 10 and s.complete_name = 'PALTRINIERI LUCA'),(select t.id from stroke_types t where t.code = 'RA'),2,0,curdate(),curdate());
INSERT INTO meeting_relay_swimmers (id,relay_order,swimmer_id,meeting_relay_result_id,badge_id,stroke_type_id,user_id,lock_version,created_at,updated_at) values (1987,3,(select s.id from swimmers s join badges b on b.swimmer_id = s.id where b.season_id = 181 and b.team_id = 10 and s.complete_name = 'MAINI GABRIELE'),34779,(select b.id from swimmers s join badges b on b.swimmer_id = s.id where b.season_id = 181 and b.team_id = 10 and s.complete_name = 'MAINI GABRIELE'),(select t.id from stroke_types t where t.code = 'FA'),2,0,curdate(),curdate());
INSERT INTO meeting_relay_swimmers (id,relay_order,swimmer_id,meeting_relay_result_id,badge_id,stroke_type_id,user_id,lock_version,created_at,updated_at) values (1988,4,(select s.id from swimmers s join badges b on b.swimmer_id = s.id where b.season_id = 181 and b.team_id = 10 and s.complete_name = 'PIGNATTI ELISA'),34779,(select b.id from swimmers s join badges b on b.swimmer_id = s.id where b.season_id = 181 and b.team_id = 10 and s.complete_name = 'PIGNATTI ELISA'),(select t.id from stroke_types t where t.code = 'SL'),2,0,curdate(),curdate());
INSERT INTO meeting_relay_swimmers (id,relay_order,swimmer_id,meeting_relay_result_id,badge_id,stroke_type_id,user_id,lock_version,created_at,updated_at) values (1989,1,(select s.id from swimmers s join badges b on b.swimmer_id = s.id where b.season_id = 181 and b.team_id = 1 and s.complete_name = 'SESENA BARBARA'),34780,(select b.id from swimmers s join badges b on b.swimmer_id = s.id where b.season_id = 181 and b.team_id = 1 and s.complete_name = 'SESENA BARBARA'),(select t.id from stroke_types t where t.code = 'DO'),2,0,curdate(),curdate());
INSERT INTO meeting_relay_swimmers (id,relay_order,swimmer_id,meeting_relay_result_id,badge_id,stroke_type_id,user_id,lock_version,created_at,updated_at) values (1990,2,(select s.id from swimmers s join badges b on b.swimmer_id = s.id where b.season_id = 181 and b.team_id = 1 and s.complete_name = 'BIANCHI ELENA'),34780,(select b.id from swimmers s join badges b on b.swimmer_id = s.id where b.season_id = 181 and b.team_id = 1 and s.complete_name = 'BIANCHI ELENA'),(select t.id from stroke_types t where t.code = 'RA'),2,0,curdate(),curdate());
INSERT INTO meeting_relay_swimmers (id,relay_order,swimmer_id,meeting_relay_result_id,badge_id,stroke_type_id,user_id,lock_version,created_at,updated_at) values (1991,3,(select s.id from swimmers s join badges b on b.swimmer_id = s.id where b.season_id = 181 and b.team_id = 1 and s.complete_name = 'LIGABUE MARCO'),34780,(select b.id from swimmers s join badges b on b.swimmer_id = s.id where b.season_id = 181 and b.team_id = 1 and s.complete_name = 'LIGABUE MARCO'),(select t.id from stroke_types t where t.code = 'FA'),2,0,curdate(),curdate());
INSERT INTO meeting_relay_swimmers (id,relay_order,swimmer_id,meeting_relay_result_id,badge_id,stroke_type_id,user_id,lock_version,created_at,updated_at) values (1992,4,(select s.id from swimmers s join badges b on b.swimmer_id = s.id where b.season_id = 181 and b.team_id = 1 and s.complete_name = 'GANGAROSSA DAVIDE'),34780,(select b.id from swimmers s join badges b on b.swimmer_id = s.id where b.season_id = 181 and b.team_id = 1 and s.complete_name = 'GANGAROSSA DAVIDE'),(select t.id from stroke_types t where t.code = 'SL'),2,0,curdate(),curdate());
INSERT INTO meeting_relay_swimmers (id,relay_order,swimmer_id,meeting_relay_result_id,badge_id,stroke_type_id,user_id,lock_version,created_at,updated_at) values (1993,1,(select s.id from swimmers s join badges b on b.swimmer_id = s.id where b.season_id = 181 and b.team_id = 224 and s.complete_name = 'RIZZI FABIO'),34781,(select b.id from swimmers s join badges b on b.swimmer_id = s.id where b.season_id = 181 and b.team_id = 224 and s.complete_name = 'RIZZI FABIO'),(select t.id from stroke_types t where t.code = 'DO'),2,0,curdate(),curdate());
INSERT INTO meeting_relay_swimmers (id,relay_order,swimmer_id,meeting_relay_result_id,badge_id,stroke_type_id,user_id,lock_version,created_at,updated_at) values (1994,2,(select s.id from swimmers s join badges b on b.swimmer_id = s.id where b.season_id = 181 and b.team_id = 224 and s.complete_name = 'FABBRI GIOVANNA'),34781,(select b.id from swimmers s join badges b on b.swimmer_id = s.id where b.season_id = 181 and b.team_id = 224 and s.complete_name = 'FABBRI GIOVANNA'),(select t.id from stroke_types t where t.code = 'RA'),2,0,curdate(),curdate());
INSERT INTO meeting_relay_swimmers (id,relay_order,swimmer_id,meeting_relay_result_id,badge_id,stroke_type_id,user_id,lock_version,created_at,updated_at) values (1995,3,(select s.id from swimmers s join badges b on b.swimmer_id = s.id where b.season_id = 181 and b.team_id = 224 and s.complete_name = 'RASENTI NORBERTO'),34781,(select b.id from swimmers s join badges b on b.swimmer_id = s.id where b.season_id = 181 and b.team_id = 224 and s.complete_name = 'RASENTI NORBERTO'),(select t.id from stroke_types t where t.code = 'FA'),2,0,curdate(),curdate());
INSERT INTO meeting_relay_swimmers (id,relay_order,swimmer_id,meeting_relay_result_id,badge_id,stroke_type_id,user_id,lock_version,created_at,updated_at) values (1996,4,(select s.id from swimmers s join badges b on b.swimmer_id = s.id where b.season_id = 181 and b.team_id = 224 and s.complete_name = 'SABATINI PATRIZIA'),34781,(select b.id from swimmers s join badges b on b.swimmer_id = s.id where b.season_id = 181 and b.team_id = 224 and s.complete_name = 'SABATINI PATRIZIA'),(select t.id from stroke_types t where t.code = 'SL'),2,0,curdate(),curdate());
INSERT INTO meeting_relay_swimmers (id,relay_order,swimmer_id,meeting_relay_result_id,badge_id,stroke_type_id,user_id,lock_version,created_at,updated_at) values (1997,1,(select s.id from swimmers s join badges b on b.swimmer_id = s.id where b.season_id = 181 and b.team_id = 826 and s.complete_name = 'INCERTI PAOLO'),34782,(select b.id from swimmers s join badges b on b.swimmer_id = s.id where b.season_id = 181 and b.team_id = 826 and s.complete_name = 'INCERTI PAOLO'),(select t.id from stroke_types t where t.code = 'DO'),2,0,curdate(),curdate());
INSERT INTO meeting_relay_swimmers (id,relay_order,swimmer_id,meeting_relay_result_id,badge_id,stroke_type_id,user_id,lock_version,created_at,updated_at) values (1998,2,(select s.id from swimmers s join badges b on b.swimmer_id = s.id where b.season_id = 181 and b.team_id = 826 and s.complete_name = 'TONDELLI EBE'),34782,(select b.id from swimmers s join badges b on b.swimmer_id = s.id where b.season_id = 181 and b.team_id = 826 and s.complete_name = 'TONDELLI EBE'),(select t.id from stroke_types t where t.code = 'RA'),2,0,curdate(),curdate());
INSERT INTO meeting_relay_swimmers (id,relay_order,swimmer_id,meeting_relay_result_id,badge_id,stroke_type_id,user_id,lock_version,created_at,updated_at) values (1999,3,(select s.id from swimmers s join badges b on b.swimmer_id = s.id where b.season_id = 181 and b.team_id = 826 and s.complete_name = 'ASPIDOVA LARISSA'),34782,(select b.id from swimmers s join badges b on b.swimmer_id = s.id where b.season_id = 181 and b.team_id = 826 and s.complete_name = 'ASPIDOVA LARISSA'),(select t.id from stroke_types t where t.code = 'FA'),2,0,curdate(),curdate());
INSERT INTO meeting_relay_swimmers (id,relay_order,swimmer_id,meeting_relay_result_id,badge_id,stroke_type_id,user_id,lock_version,created_at,updated_at) values (2000,4,(select s.id from swimmers s join badges b on b.swimmer_id = s.id where b.season_id = 181 and b.team_id = 826 and s.complete_name = 'CODELUPPI FRANCO'),34782,(select b.id from swimmers s join badges b on b.swimmer_id = s.id where b.season_id = 181 and b.team_id = 826 and s.complete_name = 'CODELUPPI FRANCO'),(select t.id from stroke_types t where t.code = 'SL'),2,0,curdate(),curdate());
