-- Leega
-- 11/03/2019
-- 18104 relays

--
-- Dump dei dati per la tabella meeting_programs staffette
-- 
INSERT INTO meeting_programs (id,event_order,user_id,meeting_event_id,gender_type_id,category_type_id,pool_type_id,lock_version,created_at,updated_at) VALUES 
(161559,1,2,(select me.id from meeting_events me join meeting_sessions ms on ms.id = me.meeting_session_id join event_types et on et.id = me.event_type_id where ms.meeting_id = 18104 and et.code = 'S4X50SL'),(select t.id from gender_types t where t.code = 'M'),(select t.id from category_types t where t.code = '001-119' and t.season_id = 181),(select t.id from pool_types t where t.code = '50'),0,CURDATE(),CURDATE()),
(161560,2,2,(select me.id from meeting_events me join meeting_sessions ms on ms.id = me.meeting_session_id join event_types et on et.id = me.event_type_id where ms.meeting_id = 18104 and et.code = 'S4X50SL'),(select t.id from gender_types t where t.code = 'M'),(select t.id from category_types t where t.code = '120-159' and t.season_id = 181),(select t.id from pool_types t where t.code = '50'),0,CURDATE(),CURDATE()),
(161561,3,2,(select me.id from meeting_events me join meeting_sessions ms on ms.id = me.meeting_session_id join event_types et on et.id = me.event_type_id where ms.meeting_id = 18104 and et.code = 'S4X50SL'),(select t.id from gender_types t where t.code = 'M'),(select t.id from category_types t where t.code = '160-199' and t.season_id = 181),(select t.id from pool_types t where t.code = '50'),0,CURDATE(),CURDATE()),
(161562,4,2,(select me.id from meeting_events me join meeting_sessions ms on ms.id = me.meeting_session_id join event_types et on et.id = me.event_type_id where ms.meeting_id = 18104 and et.code = 'S4X50SL'),(select t.id from gender_types t where t.code = 'M'),(select t.id from category_types t where t.code = '200-999' and t.season_id = 181),(select t.id from pool_types t where t.code = '50'),0,CURDATE(),CURDATE()),
(161563,5,2,(select me.id from meeting_events me join meeting_sessions ms on ms.id = me.meeting_session_id join event_types et on et.id = me.event_type_id where ms.meeting_id = 18104 and et.code = 'S4X50SL'),(select t.id from gender_types t where t.code = 'F'),(select t.id from category_types t where t.code = '001-119' and t.season_id = 181),(select t.id from pool_types t where t.code = '50'),0,CURDATE(),CURDATE()),
(161564,6,2,(select me.id from meeting_events me join meeting_sessions ms on ms.id = me.meeting_session_id join event_types et on et.id = me.event_type_id where ms.meeting_id = 18104 and et.code = 'S4X50SL'),(select t.id from gender_types t where t.code = 'F'),(select t.id from category_types t where t.code = '120-159' and t.season_id = 181),(select t.id from pool_types t where t.code = '50'),0,CURDATE(),CURDATE()),
(161565,7,2,(select me.id from meeting_events me join meeting_sessions ms on ms.id = me.meeting_session_id join event_types et on et.id = me.event_type_id where ms.meeting_id = 18104 and et.code = 'S4X50SL'),(select t.id from gender_types t where t.code = 'F'),(select t.id from category_types t where t.code = '160-199' and t.season_id = 181),(select t.id from pool_types t where t.code = '50'),0,CURDATE(),CURDATE());



INSERT INTO meeting_relay_results (id,team_id,team_affiliation_id,minutes,seconds,hundreds,rank,meeting_points,is_disqualified,is_out_of_race,meeting_program_id,relay_header,user_id,created_at,updated_at) VALUES (37316,1,5107,2,07,00,1,24,0,0,161559,'CSInuoto OberFerrari',2,curdate(),curdate());
INSERT INTO meeting_relay_results (id,team_id,team_affiliation_id,minutes,seconds,hundreds,rank,meeting_points,is_disqualified,is_out_of_race,meeting_program_id,relay_header,user_id,created_at,updated_at) VALUES (37317,1000,5203,2,09,20,2,21,0,0,161559,'Olympia Team Nuoto',2,curdate(),curdate());
INSERT INTO meeting_relay_results (id,team_id,team_affiliation_id,minutes,seconds,hundreds,rank,meeting_points,is_disqualified,is_out_of_race,meeting_program_id,relay_header,user_id,created_at,updated_at) VALUES (37318,1000,5203,2,13,10,3,0,0,0,161559,'Olympia Team Nuoto',2,curdate(),curdate());
INSERT INTO meeting_relay_results (id,team_id,team_affiliation_id,minutes,seconds,hundreds,rank,meeting_points,is_disqualified,is_out_of_race,meeting_program_id,relay_header,user_id,created_at,updated_at) VALUES (37319,21,5198,2,14,50,4,15,0,0,161559,'Accademia Militare mo',2,curdate(),curdate());
INSERT INTO meeting_relay_results (id,team_id,team_affiliation_id,minutes,seconds,hundreds,rank,meeting_points,is_disqualified,is_out_of_race,meeting_program_id,relay_header,user_id,created_at,updated_at) VALUES (37320,826,5196,2,14,80,5,12,0,0,161559,'Eden Sport',2,curdate(),curdate());
INSERT INTO meeting_relay_results (id,team_id,team_affiliation_id,minutes,seconds,hundreds,rank,meeting_points,is_disqualified,is_out_of_race,meeting_program_id,relay_header,user_id,created_at,updated_at) VALUES (37321,1,5107,2,16,70,6,0,0,0,161559,'CSInuoto OberFerrari',2,curdate(),curdate());

INSERT INTO meeting_relay_results (id,team_id,team_affiliation_id,minutes,seconds,hundreds,rank,meeting_points,is_disqualified,is_out_of_race,meeting_program_id,relay_header,user_id,created_at,updated_at) VALUES (37322,21,5198,1,42,40,1,24,0,0,161560,'Accademia Militare mo',2,curdate(),curdate());
INSERT INTO meeting_relay_results (id,team_id,team_affiliation_id,minutes,seconds,hundreds,rank,meeting_points,is_disqualified,is_out_of_race,meeting_program_id,relay_header,user_id,created_at,updated_at) VALUES (37323,125,5202,1,48,00,2,21,0,0,161560,'Nuoto Club 2000',2,curdate(),curdate());
INSERT INTO meeting_relay_results (id,team_id,team_affiliation_id,minutes,seconds,hundreds,rank,meeting_points,is_disqualified,is_out_of_race,meeting_program_id,relay_header,user_id,created_at,updated_at) VALUES (37324,1,5107,1,48,50,3,18,0,0,161560,'CsiNuoto OberFerrari',2,curdate(),curdate());
INSERT INTO meeting_relay_results (id,team_id,team_affiliation_id,minutes,seconds,hundreds,rank,meeting_points,is_disqualified,is_out_of_race,meeting_program_id,relay_header,user_id,created_at,updated_at) VALUES (37325,33,5199,1,55,00,4,15,0,0,161560,'Cloromania SSD',2,curdate(),curdate());
INSERT INTO meeting_relay_results (id,team_id,team_affiliation_id,minutes,seconds,hundreds,rank,meeting_points,is_disqualified,is_out_of_race,meeting_program_id,relay_header,user_id,created_at,updated_at) VALUES (37326,1000,5203,2,01,00,5,12,0,0,161560,'Olympia Team Nuoto',2,curdate(),curdate());
INSERT INTO meeting_relay_results (id,team_id,team_affiliation_id,minutes,seconds,hundreds,rank,meeting_points,is_disqualified,is_out_of_race,meeting_program_id,relay_header,user_id,created_at,updated_at) VALUES (37327,1,5107,2,01,00,6,0,0,0,161560,'CsiNuoto OberFerrari',2,curdate(),curdate());
INSERT INTO meeting_relay_results (id,team_id,team_affiliation_id,minutes,seconds,hundreds,rank,meeting_points,is_disqualified,is_out_of_race,meeting_program_id,relay_header,user_id,created_at,updated_at) VALUES (37328,1,5107,2,08,00,7,0,0,0,161560,'CsiNuoto OberFerrari',2,curdate(),curdate());

INSERT INTO meeting_relay_results (id,team_id,team_affiliation_id,minutes,seconds,hundreds,rank,meeting_points,is_disqualified,is_out_of_race,meeting_program_id,relay_header,user_id,created_at,updated_at) VALUES (37329,224,5106,2,08,40,1,24,0,0,161561,'Reggiana Nuoto',2,curdate(),curdate());
INSERT INTO meeting_relay_results (id,team_id,team_affiliation_id,minutes,seconds,hundreds,rank,meeting_points,is_disqualified,is_out_of_race,meeting_program_id,relay_header,user_id,created_at,updated_at) VALUES (37330,1,5107,2,09,40,2,21,0,0,161561,'CSInuoto OberFerrari',2,curdate(),curdate());
INSERT INTO meeting_relay_results (id,team_id,team_affiliation_id,minutes,seconds,hundreds,rank,meeting_points,is_disqualified,is_out_of_race,meeting_program_id,relay_header,user_id,created_at,updated_at) VALUES (37331,1,5107,2,39,70,3,0,0,0,161561,'CSInuoto OberFerrari',2,curdate(),curdate());
INSERT INTO meeting_relay_results (id,team_id,team_affiliation_id,minutes,seconds,hundreds,rank,meeting_points,is_disqualified,is_out_of_race,meeting_program_id,relay_header,user_id,created_at,updated_at) VALUES (37332,1,5107,2,42,60,4,0,0,0,161561,'CSInuoto OberFerrari',2,curdate(),curdate());

INSERT INTO meeting_relay_results (id,team_id,team_affiliation_id,minutes,seconds,hundreds,rank,meeting_points,is_disqualified,is_out_of_race,meeting_program_id,relay_header,user_id,created_at,updated_at) VALUES (37333,1,5107,1,49,40,1,24,0,0,161562,'CSInuoto OberFerrari',2,curdate(),curdate());
INSERT INTO meeting_relay_results (id,team_id,team_affiliation_id,minutes,seconds,hundreds,rank,meeting_points,is_disqualified,is_out_of_race,meeting_program_id,relay_header,user_id,created_at,updated_at) VALUES (37334,224,5106,1,52,10,2,21,0,0,161562,'Reggiana Nuoto',2,curdate(),curdate());
INSERT INTO meeting_relay_results (id,team_id,team_affiliation_id,minutes,seconds,hundreds,rank,meeting_points,is_disqualified,is_out_of_race,meeting_program_id,relay_header,user_id,created_at,updated_at) VALUES (37335,1000,5203,1,56,40,3,18,0,0,161562,'Olympia Team Nuoto',2,curdate(),curdate());
INSERT INTO meeting_relay_results (id,team_id,team_affiliation_id,minutes,seconds,hundreds,rank,meeting_points,is_disqualified,is_out_of_race,meeting_program_id,relay_header,user_id,created_at,updated_at) VALUES (37336,826,5196,1,58,10,4,15,0,0,161562,'Eden Sport',2,curdate(),curdate());
INSERT INTO meeting_relay_results (id,team_id,team_affiliation_id,minutes,seconds,hundreds,rank,meeting_points,is_disqualified,is_out_of_race,meeting_program_id,relay_header,user_id,created_at,updated_at) VALUES (37337,1000,5203,2,08,30,5,0,0,0,161562,'Olympia Team Nuoto',2,curdate(),curdate());
INSERT INTO meeting_relay_results (id,team_id,team_affiliation_id,minutes,seconds,hundreds,rank,meeting_points,is_disqualified,is_out_of_race,meeting_program_id,relay_header,user_id,created_at,updated_at) VALUES (37338,33,5199,2,14,40,6,9,0,0,161562,'Cloromania SSD',2,curdate(),curdate());

INSERT INTO meeting_relay_results (id,team_id,team_affiliation_id,minutes,seconds,hundreds,rank,meeting_points,is_disqualified,is_out_of_race,meeting_program_id,relay_header,user_id,created_at,updated_at) VALUES (37339,1,5107,2,24,50,1,24,0,0,161563,'CSInuoto OberFerrari',2,curdate(),curdate());
INSERT INTO meeting_relay_results (id,team_id,team_affiliation_id,minutes,seconds,hundreds,rank,meeting_points,is_disqualified,is_out_of_race,meeting_program_id,relay_header,user_id,created_at,updated_at) VALUES (37340,826,5196,3,16,90,2,21,0,0,161563,'Eden Sport',2,curdate(),curdate());

INSERT INTO meeting_relay_results (id,team_id,team_affiliation_id,minutes,seconds,hundreds,rank,meeting_points,is_disqualified,is_out_of_race,meeting_program_id,relay_header,user_id,created_at,updated_at) VALUES (37341,1,5107,2,01,00,1,24,0,0,161564,'CSInuoto OberFerrari',2,curdate(),curdate());
INSERT INTO meeting_relay_results (id,team_id,team_affiliation_id,minutes,seconds,hundreds,rank,meeting_points,is_disqualified,is_out_of_race,meeting_program_id,relay_header,user_id,created_at,updated_at) VALUES (37342,826,5196,2,03,60,2,21,0,0,161564,'Eden Sport',2,curdate(),curdate());
INSERT INTO meeting_relay_results (id,team_id,team_affiliation_id,minutes,seconds,hundreds,rank,meeting_points,is_disqualified,is_out_of_race,meeting_program_id,relay_header,user_id,created_at,updated_at) VALUES (37343,224,5106,2,09,10,3,18,0,0,161564,'Reggiana Nuoto',2,curdate(),curdate());
INSERT INTO meeting_relay_results (id,team_id,team_affiliation_id,minutes,seconds,hundreds,rank,meeting_points,is_disqualified,is_out_of_race,meeting_program_id,relay_header,user_id,created_at,updated_at) VALUES (37344,4,5169,2,11,40,4,15,0,0,161564,'Stella Azzurra',2,curdate(),curdate());
INSERT INTO meeting_relay_results (id,team_id,team_affiliation_id,minutes,seconds,hundreds,rank,meeting_points,is_disqualified,is_out_of_race,meeting_program_id,relay_header,user_id,created_at,updated_at) VALUES (37345,826,5196,2,49,90,5,0,0,0,161564,'Eden Sport',2,curdate(),curdate());

INSERT INTO meeting_relay_results (id,team_id,team_affiliation_id,minutes,seconds,hundreds,rank,meeting_points,is_disqualified,is_out_of_race,meeting_program_id,relay_header,user_id,created_at,updated_at) VALUES (37346,1,5107,2,12,00,1,24,0,0,161565,'CSInuoto OberFerrari',2,curdate(),curdate());



INSERT INTO meeting_relay_swimmers (id,relay_order,swimmer_id,meeting_relay_result_id,badge_id,stroke_type_id,user_id,lock_version,created_at,updated_at) values (2031,1,(select s.id from swimmers s join badges b on b.swimmer_id = s.id where b.season_id = 181 and b.team_id = 1 and s.complete_name = 'AMMIRATI GIUSY'),37316,(select b.id from swimmers s join badges b on b.swimmer_id = s.id where b.season_id = 181 and b.team_id = 1 and s.complete_name = 'AMMIRATI GIUSY'),(select t.id from stroke_types t where t.code = 'SL'),2,0,curdate(),curdate());
INSERT INTO meeting_relay_swimmers (id,relay_order,swimmer_id,meeting_relay_result_id,badge_id,stroke_type_id,user_id,lock_version,created_at,updated_at) values (2032,2,(select s.id from swimmers s join badges b on b.swimmer_id = s.id where b.season_id = 181 and b.team_id = 1 and s.complete_name = 'RONDONI ALESSIA'),37316,(select b.id from swimmers s join badges b on b.swimmer_id = s.id where b.season_id = 181 and b.team_id = 1 and s.complete_name = 'RONDONI ALESSIA'),(select t.id from stroke_types t where t.code = 'SL'),2,0,curdate(),curdate());
INSERT INTO meeting_relay_swimmers (id,relay_order,swimmer_id,meeting_relay_result_id,badge_id,stroke_type_id,user_id,lock_version,created_at,updated_at) values (2033,3,(select s.id from swimmers s join badges b on b.swimmer_id = s.id where b.season_id = 181 and b.team_id = 1 and s.complete_name = 'PARRILLO ANNA CHIARA'),37316,(select b.id from swimmers s join badges b on b.swimmer_id = s.id where b.season_id = 181 and b.team_id = 1 and s.complete_name = 'PARRILLO ANNA CHIARA'),(select t.id from stroke_types t where t.code = 'SL'),2,0,curdate(),curdate());
INSERT INTO meeting_relay_swimmers (id,relay_order,swimmer_id,meeting_relay_result_id,badge_id,stroke_type_id,user_id,lock_version,created_at,updated_at) values (2034,4,(select s.id from swimmers s join badges b on b.swimmer_id = s.id where b.season_id = 181 and b.team_id = 1 and s.complete_name = 'PESARE REBECCA'),37316,(select b.id from swimmers s join badges b on b.swimmer_id = s.id where b.season_id = 181 and b.team_id = 1 and s.complete_name = 'PESARE REBECCA'),(select t.id from stroke_types t where t.code = 'SL'),2,0,curdate(),curdate());
INSERT INTO meeting_relay_swimmers (id,relay_order,swimmer_id,meeting_relay_result_id,badge_id,stroke_type_id,user_id,lock_version,created_at,updated_at) values (2035,1,(select s.id from swimmers s join badges b on b.swimmer_id = s.id where b.season_id = 181 and b.team_id = 1000 and s.complete_name = 'ROSSI CARLOTTA'),37317,(select b.id from swimmers s join badges b on b.swimmer_id = s.id where b.season_id = 181 and b.team_id = 1000 and s.complete_name = 'ROSSI CARLOTTA'),(select t.id from stroke_types t where t.code = 'SL'),2,0,curdate(),curdate());
INSERT INTO meeting_relay_swimmers (id,relay_order,swimmer_id,meeting_relay_result_id,badge_id,stroke_type_id,user_id,lock_version,created_at,updated_at) values (2036,2,(select s.id from swimmers s join badges b on b.swimmer_id = s.id where b.season_id = 181 and b.team_id = 1000 and s.complete_name = 'MESSORI FRANCESCA'),37317,(select b.id from swimmers s join badges b on b.swimmer_id = s.id where b.season_id = 181 and b.team_id = 1000 and s.complete_name = 'MESSORI FRANCESCA'),(select t.id from stroke_types t where t.code = 'SL'),2,0,curdate(),curdate());
INSERT INTO meeting_relay_swimmers (id,relay_order,swimmer_id,meeting_relay_result_id,badge_id,stroke_type_id,user_id,lock_version,created_at,updated_at) values (2037,3,(select s.id from swimmers s join badges b on b.swimmer_id = s.id where b.season_id = 181 and b.team_id = 1000 and s.complete_name = 'BONARETTI CHIARA'),37317,(select b.id from swimmers s join badges b on b.swimmer_id = s.id where b.season_id = 181 and b.team_id = 1000 and s.complete_name = 'BONARETTI CHIARA'),(select t.id from stroke_types t where t.code = 'SL'),2,0,curdate(),curdate());
INSERT INTO meeting_relay_swimmers (id,relay_order,swimmer_id,meeting_relay_result_id,badge_id,stroke_type_id,user_id,lock_version,created_at,updated_at) values (2038,4,(select s.id from swimmers s join badges b on b.swimmer_id = s.id where b.season_id = 181 and b.team_id = 1000 and s.complete_name = 'TORRI SARA'),37317,(select b.id from swimmers s join badges b on b.swimmer_id = s.id where b.season_id = 181 and b.team_id = 1000 and s.complete_name = 'TORRI SARA'),(select t.id from stroke_types t where t.code = 'SL'),2,0,curdate(),curdate());
INSERT INTO meeting_relay_swimmers (id,relay_order,swimmer_id,meeting_relay_result_id,badge_id,stroke_type_id,user_id,lock_version,created_at,updated_at) values (2039,1,(select s.id from swimmers s join badges b on b.swimmer_id = s.id where b.season_id = 181 and b.team_id = 1000 and s.complete_name = 'MOTTA DEBORAH'),37318,(select b.id from swimmers s join badges b on b.swimmer_id = s.id where b.season_id = 181 and b.team_id = 1000 and s.complete_name = 'MOTTA DEBORAH'),(select t.id from stroke_types t where t.code = 'SL'),2,0,curdate(),curdate());
INSERT INTO meeting_relay_swimmers (id,relay_order,swimmer_id,meeting_relay_result_id,badge_id,stroke_type_id,user_id,lock_version,created_at,updated_at) values (2040,2,(select s.id from swimmers s join badges b on b.swimmer_id = s.id where b.season_id = 181 and b.team_id = 1000 and s.complete_name = 'FRIGGERI MATILDE'),37318,(select b.id from swimmers s join badges b on b.swimmer_id = s.id where b.season_id = 181 and b.team_id = 1000 and s.complete_name = 'FRIGGERI MATILDE'),(select t.id from stroke_types t where t.code = 'SL'),2,0,curdate(),curdate());
INSERT INTO meeting_relay_swimmers (id,relay_order,swimmer_id,meeting_relay_result_id,badge_id,stroke_type_id,user_id,lock_version,created_at,updated_at) values (2041,3,(select s.id from swimmers s join badges b on b.swimmer_id = s.id where b.season_id = 181 and b.team_id = 1000 and s.complete_name = 'OGNIBENE GLORIA'),37318,(select b.id from swimmers s join badges b on b.swimmer_id = s.id where b.season_id = 181 and b.team_id = 1000 and s.complete_name = 'OGNIBENE GLORIA'),(select t.id from stroke_types t where t.code = 'SL'),2,0,curdate(),curdate());
INSERT INTO meeting_relay_swimmers (id,relay_order,swimmer_id,meeting_relay_result_id,badge_id,stroke_type_id,user_id,lock_version,created_at,updated_at) values (2042,4,(select s.id from swimmers s join badges b on b.swimmer_id = s.id where b.season_id = 181 and b.team_id = 1000 and s.complete_name = 'VIVA CATERINA'),37318,(select b.id from swimmers s join badges b on b.swimmer_id = s.id where b.season_id = 181 and b.team_id = 1000 and s.complete_name = 'VIVA CATERINA'),(select t.id from stroke_types t where t.code = 'SL'),2,0,curdate(),curdate());
INSERT INTO meeting_relay_swimmers (id,relay_order,swimmer_id,meeting_relay_result_id,badge_id,stroke_type_id,user_id,lock_version,created_at,updated_at) values (2043,1,(select s.id from swimmers s join badges b on b.swimmer_id = s.id where b.season_id = 181 and b.team_id = 21 and s.complete_name = 'BINNI LUDOVICA'),37319,(select b.id from swimmers s join badges b on b.swimmer_id = s.id where b.season_id = 181 and b.team_id = 21 and s.complete_name = 'BINNI LUDOVICA'),(select t.id from stroke_types t where t.code = 'SL'),2,0,curdate(),curdate());
INSERT INTO meeting_relay_swimmers (id,relay_order,swimmer_id,meeting_relay_result_id,badge_id,stroke_type_id,user_id,lock_version,created_at,updated_at) values (2044,2,(select s.id from swimmers s join badges b on b.swimmer_id = s.id where b.season_id = 181 and b.team_id = 21 and s.complete_name = 'PIEVANI CHIARA'),37319,(select b.id from swimmers s join badges b on b.swimmer_id = s.id where b.season_id = 181 and b.team_id = 21 and s.complete_name = 'PIEVANI CHIARA'),(select t.id from stroke_types t where t.code = 'SL'),2,0,curdate(),curdate());
INSERT INTO meeting_relay_swimmers (id,relay_order,swimmer_id,meeting_relay_result_id,badge_id,stroke_type_id,user_id,lock_version,created_at,updated_at) values (2045,3,(select s.id from swimmers s join badges b on b.swimmer_id = s.id where b.season_id = 181 and b.team_id = 21 and s.complete_name = 'ZAMPIERI ISABELLA'),37319,(select b.id from swimmers s join badges b on b.swimmer_id = s.id where b.season_id = 181 and b.team_id = 21 and s.complete_name = 'ZAMPIERI ISABELLA'),(select t.id from stroke_types t where t.code = 'SL'),2,0,curdate(),curdate());
INSERT INTO meeting_relay_swimmers (id,relay_order,swimmer_id,meeting_relay_result_id,badge_id,stroke_type_id,user_id,lock_version,created_at,updated_at) values (2046,4,(select s.id from swimmers s join badges b on b.swimmer_id = s.id where b.season_id = 181 and b.team_id = 21 and s.complete_name = 'PIETROLEONARDO GLORIA'),37319,(select b.id from swimmers s join badges b on b.swimmer_id = s.id where b.season_id = 181 and b.team_id = 21 and s.complete_name = 'PIETROLEONARDO GLORIA'),(select t.id from stroke_types t where t.code = 'SL'),2,0,curdate(),curdate());
INSERT INTO meeting_relay_swimmers (id,relay_order,swimmer_id,meeting_relay_result_id,badge_id,stroke_type_id,user_id,lock_version,created_at,updated_at) values (2047,1,(select s.id from swimmers s join badges b on b.swimmer_id = s.id where b.season_id = 181 and b.team_id = 826 and s.complete_name = 'ROTA CAMILLA'),37320,(select b.id from swimmers s join badges b on b.swimmer_id = s.id where b.season_id = 181 and b.team_id = 826 and s.complete_name = 'ROTA CAMILLA'),(select t.id from stroke_types t where t.code = 'SL'),2,0,curdate(),curdate());
INSERT INTO meeting_relay_swimmers (id,relay_order,swimmer_id,meeting_relay_result_id,badge_id,stroke_type_id,user_id,lock_version,created_at,updated_at) values (2048,2,(select s.id from swimmers s join badges b on b.swimmer_id = s.id where b.season_id = 181 and b.team_id = 826 and s.complete_name = 'MONTANARI MARTINA'),37320,(select b.id from swimmers s join badges b on b.swimmer_id = s.id where b.season_id = 181 and b.team_id = 826 and s.complete_name = 'MONTANARI MARTINA'),(select t.id from stroke_types t where t.code = 'SL'),2,0,curdate(),curdate());
INSERT INTO meeting_relay_swimmers (id,relay_order,swimmer_id,meeting_relay_result_id,badge_id,stroke_type_id,user_id,lock_version,created_at,updated_at) values (2049,3,(select s.id from swimmers s join badges b on b.swimmer_id = s.id where b.season_id = 181 and b.team_id = 826 and s.complete_name = 'ACERBI SARA'),37320,(select b.id from swimmers s join badges b on b.swimmer_id = s.id where b.season_id = 181 and b.team_id = 826 and s.complete_name = 'ACERBI SARA'),(select t.id from stroke_types t where t.code = 'SL'),2,0,curdate(),curdate());
INSERT INTO meeting_relay_swimmers (id,relay_order,swimmer_id,meeting_relay_result_id,badge_id,stroke_type_id,user_id,lock_version,created_at,updated_at) values (2050,4,(select s.id from swimmers s join badges b on b.swimmer_id = s.id where b.season_id = 181 and b.team_id = 826 and s.complete_name = 'INCERTI DELMONTE CHIARA'),37320,(select b.id from swimmers s join badges b on b.swimmer_id = s.id where b.season_id = 181 and b.team_id = 826 and s.complete_name = 'INCERTI DELMONTE CHIARA'),(select t.id from stroke_types t where t.code = 'SL'),2,0,curdate(),curdate());
INSERT INTO meeting_relay_swimmers (id,relay_order,swimmer_id,meeting_relay_result_id,badge_id,stroke_type_id,user_id,lock_version,created_at,updated_at) values (2051,1,(select s.id from swimmers s join badges b on b.swimmer_id = s.id where b.season_id = 181 and b.team_id = 1 and s.complete_name = 'COSTOLI BARBARA'),37321,(select b.id from swimmers s join badges b on b.swimmer_id = s.id where b.season_id = 181 and b.team_id = 1 and s.complete_name = 'COSTOLI BARBARA'),(select t.id from stroke_types t where t.code = 'SL'),2,0,curdate(),curdate());
INSERT INTO meeting_relay_swimmers (id,relay_order,swimmer_id,meeting_relay_result_id,badge_id,stroke_type_id,user_id,lock_version,created_at,updated_at) values (2052,2,(select s.id from swimmers s join badges b on b.swimmer_id = s.id where b.season_id = 181 and b.team_id = 1 and s.complete_name = 'ESPOSITO FEDERICA'),37321,(select b.id from swimmers s join badges b on b.swimmer_id = s.id where b.season_id = 181 and b.team_id = 1 and s.complete_name = 'ESPOSITO FEDERICA'),(select t.id from stroke_types t where t.code = 'SL'),2,0,curdate(),curdate());
INSERT INTO meeting_relay_swimmers (id,relay_order,swimmer_id,meeting_relay_result_id,badge_id,stroke_type_id,user_id,lock_version,created_at,updated_at) values (2053,3,(select s.id from swimmers s join badges b on b.swimmer_id = s.id where b.season_id = 181 and b.team_id = 1 and s.complete_name = 'D''ANDREA SABINA'),37321,(select b.id from swimmers s join badges b on b.swimmer_id = s.id where b.season_id = 181 and b.team_id = 1 and s.complete_name = 'D''ANDREA SABINA'),(select t.id from stroke_types t where t.code = 'SL'),2,0,curdate(),curdate());
INSERT INTO meeting_relay_swimmers (id,relay_order,swimmer_id,meeting_relay_result_id,badge_id,stroke_type_id,user_id,lock_version,created_at,updated_at) values (2054,4,(select s.id from swimmers s join badges b on b.swimmer_id = s.id where b.season_id = 181 and b.team_id = 1 and s.complete_name = 'SONCINI MATILDE'),37321,(select b.id from swimmers s join badges b on b.swimmer_id = s.id where b.season_id = 181 and b.team_id = 1 and s.complete_name = 'SONCINI MATILDE'),(select t.id from stroke_types t where t.code = 'SL'),2,0,curdate(),curdate());





INSERT INTO meeting_relay_swimmers (id,relay_order,swimmer_id,meeting_relay_result_id,badge_id,stroke_type_id,user_id,lock_version,created_at,updated_at) values (2055,1,(select s.id from swimmers s join badges b on b.swimmer_id = s.id where b.season_id = 181 and b.team_id = 21 and s.complete_name = 'PAGLIACCI DAMIANO'),37322,(select b.id from swimmers s join badges b on b.swimmer_id = s.id where b.season_id = 181 and b.team_id = 21 and s.complete_name = 'PAGLIACCI DAMIANO'),(select t.id from stroke_types t where t.code = 'SL'),2,0,curdate(),curdate());
INSERT INTO meeting_relay_swimmers (id,relay_order,swimmer_id,meeting_relay_result_id,badge_id,stroke_type_id,user_id,lock_version,created_at,updated_at) values (2056,2,(select s.id from swimmers s join badges b on b.swimmer_id = s.id where b.season_id = 181 and b.team_id = 21 and s.complete_name = 'BORGHETTI MARCO'),37322,(select b.id from swimmers s join badges b on b.swimmer_id = s.id where b.season_id = 181 and b.team_id = 21 and s.complete_name = 'BORGHETTI MARCO'),(select t.id from stroke_types t where t.code = 'SL'),2,0,curdate(),curdate());
INSERT INTO meeting_relay_swimmers (id,relay_order,swimmer_id,meeting_relay_result_id,badge_id,stroke_type_id,user_id,lock_version,created_at,updated_at) values (2057,3,(select s.id from swimmers s join badges b on b.swimmer_id = s.id where b.season_id = 181 and b.team_id = 21 and s.complete_name = 'CAPRIOLI MICHAEL STEPHEN'),37322,(select b.id from swimmers s join badges b on b.swimmer_id = s.id where b.season_id = 181 and b.team_id = 21 and s.complete_name = 'CAPRIOLI MICHAEL STEPHEN'),(select t.id from stroke_types t where t.code = 'SL'),2,0,curdate(),curdate());
INSERT INTO meeting_relay_swimmers (id,relay_order,swimmer_id,meeting_relay_result_id,badge_id,stroke_type_id,user_id,lock_version,created_at,updated_at) values (2058,4,(select s.id from swimmers s join badges b on b.swimmer_id = s.id where b.season_id = 181 and b.team_id = 21 and s.complete_name = 'MARCHETTA LEONARDO'),37322,(select b.id from swimmers s join badges b on b.swimmer_id = s.id where b.season_id = 181 and b.team_id = 21 and s.complete_name = 'MARCHETTA LEONARDO'),(select t.id from stroke_types t where t.code = 'SL'),2,0,curdate(),curdate());
INSERT INTO meeting_relay_swimmers (id,relay_order,swimmer_id,meeting_relay_result_id,badge_id,stroke_type_id,user_id,lock_version,created_at,updated_at) values (2059,1,(select s.id from swimmers s join badges b on b.swimmer_id = s.id where b.season_id = 181 and b.team_id = 125 and s.complete_name = 'RINALDI NICOLO`'),37323,(select b.id from swimmers s join badges b on b.swimmer_id = s.id where b.season_id = 181 and b.team_id = 125 and s.complete_name = 'RINALDI NICOLO`'),(select t.id from stroke_types t where t.code = 'SL'),2,0,curdate(),curdate());
INSERT INTO meeting_relay_swimmers (id,relay_order,swimmer_id,meeting_relay_result_id,badge_id,stroke_type_id,user_id,lock_version,created_at,updated_at) values (2060,2,(select s.id from swimmers s join badges b on b.swimmer_id = s.id where b.season_id = 181 and b.team_id = 125 and s.complete_name = 'GALAFFRONI EMANUELE'),37323,(select b.id from swimmers s join badges b on b.swimmer_id = s.id where b.season_id = 181 and b.team_id = 125 and s.complete_name = 'GALAFFRONI EMANUELE'),(select t.id from stroke_types t where t.code = 'SL'),2,0,curdate(),curdate());
INSERT INTO meeting_relay_swimmers (id,relay_order,swimmer_id,meeting_relay_result_id,badge_id,stroke_type_id,user_id,lock_version,created_at,updated_at) values (2061,3,(select s.id from swimmers s join badges b on b.swimmer_id = s.id where b.season_id = 181 and b.team_id = 125 and s.complete_name = 'BUDELAZZI JACOPO'),37323,(select b.id from swimmers s join badges b on b.swimmer_id = s.id where b.season_id = 181 and b.team_id = 125 and s.complete_name = 'BUDELAZZI JACOPO'),(select t.id from stroke_types t where t.code = 'SL'),2,0,curdate(),curdate());
INSERT INTO meeting_relay_swimmers (id,relay_order,swimmer_id,meeting_relay_result_id,badge_id,stroke_type_id,user_id,lock_version,created_at,updated_at) values (2062,4,(select s.id from swimmers s join badges b on b.swimmer_id = s.id where b.season_id = 181 and b.team_id = 125 and s.complete_name = 'PETRONICI GIANLUCA'),37323,(select b.id from swimmers s join badges b on b.swimmer_id = s.id where b.season_id = 181 and b.team_id = 125 and s.complete_name = 'PETRONICI GIANLUCA'),(select t.id from stroke_types t where t.code = 'SL'),2,0,curdate(),curdate());
INSERT INTO meeting_relay_swimmers (id,relay_order,swimmer_id,meeting_relay_result_id,badge_id,stroke_type_id,user_id,lock_version,created_at,updated_at) values (2063,1,(select s.id from swimmers s join badges b on b.swimmer_id = s.id where b.season_id = 181 and b.team_id = 1 and s.complete_name = 'STORCHI LORENZO'),37324,(select b.id from swimmers s join badges b on b.swimmer_id = s.id where b.season_id = 181 and b.team_id = 1 and s.complete_name = 'STORCHI LORENZO'),(select t.id from stroke_types t where t.code = 'SL'),2,0,curdate(),curdate());
INSERT INTO meeting_relay_swimmers (id,relay_order,swimmer_id,meeting_relay_result_id,badge_id,stroke_type_id,user_id,lock_version,created_at,updated_at) values (2064,2,(select s.id from swimmers s join badges b on b.swimmer_id = s.id where b.season_id = 181 and b.team_id = 1 and s.complete_name = 'PESENTI GABRIELE'),37324,(select b.id from swimmers s join badges b on b.swimmer_id = s.id where b.season_id = 181 and b.team_id = 1 and s.complete_name = 'PESENTI GABRIELE'),(select t.id from stroke_types t where t.code = 'SL'),2,0,curdate(),curdate());
INSERT INTO meeting_relay_swimmers (id,relay_order,swimmer_id,meeting_relay_result_id,badge_id,stroke_type_id,user_id,lock_version,created_at,updated_at) values (2065,3,(select s.id from swimmers s join badges b on b.swimmer_id = s.id where b.season_id = 181 and b.team_id = 1 and s.complete_name = 'BURANI PIETRO'),37324,(select b.id from swimmers s join badges b on b.swimmer_id = s.id where b.season_id = 181 and b.team_id = 1 and s.complete_name = 'BURANI PIETRO'),(select t.id from stroke_types t where t.code = 'SL'),2,0,curdate(),curdate());
INSERT INTO meeting_relay_swimmers (id,relay_order,swimmer_id,meeting_relay_result_id,badge_id,stroke_type_id,user_id,lock_version,created_at,updated_at) values (2066,4,(select s.id from swimmers s join badges b on b.swimmer_id = s.id where b.season_id = 181 and b.team_id = 1 and s.complete_name = 'CARLETTI ALAN'),37324,(select b.id from swimmers s join badges b on b.swimmer_id = s.id where b.season_id = 181 and b.team_id = 1 and s.complete_name = 'CARLETTI ALAN'),(select t.id from stroke_types t where t.code = 'SL'),2,0,curdate(),curdate());
INSERT INTO meeting_relay_swimmers (id,relay_order,swimmer_id,meeting_relay_result_id,badge_id,stroke_type_id,user_id,lock_version,created_at,updated_at) values (2067,1,(select s.id from swimmers s join badges b on b.swimmer_id = s.id where b.season_id = 181 and b.team_id = 33 and s.complete_name = 'BALASINI FILIPPO'),37325,(select b.id from swimmers s join badges b on b.swimmer_id = s.id where b.season_id = 181 and b.team_id = 33 and s.complete_name = 'BALASINI FILIPPO'),(select t.id from stroke_types t where t.code = 'SL'),2,0,curdate(),curdate());
INSERT INTO meeting_relay_swimmers (id,relay_order,swimmer_id,meeting_relay_result_id,badge_id,stroke_type_id,user_id,lock_version,created_at,updated_at) values (2068,2,(select s.id from swimmers s join badges b on b.swimmer_id = s.id where b.season_id = 181 and b.team_id = 33 and s.complete_name = 'ELISSE SAMUELE'),37325,(select b.id from swimmers s join badges b on b.swimmer_id = s.id where b.season_id = 181 and b.team_id = 33 and s.complete_name = 'ELISSE SAMUELE'),(select t.id from stroke_types t where t.code = 'SL'),2,0,curdate(),curdate());
INSERT INTO meeting_relay_swimmers (id,relay_order,swimmer_id,meeting_relay_result_id,badge_id,stroke_type_id,user_id,lock_version,created_at,updated_at) values (2069,3,(select s.id from swimmers s join badges b on b.swimmer_id = s.id where b.season_id = 181 and b.team_id = 33 and s.complete_name = 'GIOVANELLA LORENZO'),37325,(select b.id from swimmers s join badges b on b.swimmer_id = s.id where b.season_id = 181 and b.team_id = 33 and s.complete_name = 'GIOVANELLA LORENZO'),(select t.id from stroke_types t where t.code = 'SL'),2,0,curdate(),curdate());
INSERT INTO meeting_relay_swimmers (id,relay_order,swimmer_id,meeting_relay_result_id,badge_id,stroke_type_id,user_id,lock_version,created_at,updated_at) values (2070,4,(select s.id from swimmers s join badges b on b.swimmer_id = s.id where b.season_id = 181 and b.team_id = 33 and s.complete_name = 'GALLI DAVIDE'),37325,(select b.id from swimmers s join badges b on b.swimmer_id = s.id where b.season_id = 181 and b.team_id = 33 and s.complete_name = 'GALLI DAVIDE'),(select t.id from stroke_types t where t.code = 'SL'),2,0,curdate(),curdate());
INSERT INTO meeting_relay_swimmers (id,relay_order,swimmer_id,meeting_relay_result_id,badge_id,stroke_type_id,user_id,lock_version,created_at,updated_at) values (2071,1,(select s.id from swimmers s join badges b on b.swimmer_id = s.id where b.season_id = 181 and b.team_id = 1000 and s.complete_name = 'CANTONI STEFANO'),37326,(select b.id from swimmers s join badges b on b.swimmer_id = s.id where b.season_id = 181 and b.team_id = 1000 and s.complete_name = 'CANTONI STEFANO'),(select t.id from stroke_types t where t.code = 'SL'),2,0,curdate(),curdate());
INSERT INTO meeting_relay_swimmers (id,relay_order,swimmer_id,meeting_relay_result_id,badge_id,stroke_type_id,user_id,lock_version,created_at,updated_at) values (2072,2,(select s.id from swimmers s join badges b on b.swimmer_id = s.id where b.season_id = 181 and b.team_id = 1000 and s.complete_name = 'MARGINI LEONARDO'),37326,(select b.id from swimmers s join badges b on b.swimmer_id = s.id where b.season_id = 181 and b.team_id = 1000 and s.complete_name = 'MARGINI LEONARDO'),(select t.id from stroke_types t where t.code = 'SL'),2,0,curdate(),curdate());

INSERT INTO meeting_relay_swimmers (id,relay_order,swimmer_id,meeting_relay_result_id,badge_id,stroke_type_id,user_id,lock_version,created_at,updated_at) values (2074,4,(select s.id from swimmers s join badges b on b.swimmer_id = s.id where b.season_id = 181 and b.team_id = 1000 and s.complete_name = 'GANAPINI FABRIZIO'),37326,(select b.id from swimmers s join badges b on b.swimmer_id = s.id where b.season_id = 181 and b.team_id = 1000 and s.complete_name = 'GANAPINI FABRIZIO'),(select t.id from stroke_types t where t.code = 'SL'),2,0,curdate(),curdate());
INSERT INTO meeting_relay_swimmers (id,relay_order,swimmer_id,meeting_relay_result_id,badge_id,stroke_type_id,user_id,lock_version,created_at,updated_at) values (2075,1,(select s.id from swimmers s join badges b on b.swimmer_id = s.id where b.season_id = 181 and b.team_id = 1 and s.complete_name = 'BONI CLAUDIO'),37327,(select b.id from swimmers s join badges b on b.swimmer_id = s.id where b.season_id = 181 and b.team_id = 1 and s.complete_name = 'BONI CLAUDIO'),(select t.id from stroke_types t where t.code = 'SL'),2,0,curdate(),curdate());
INSERT INTO meeting_relay_swimmers (id,relay_order,swimmer_id,meeting_relay_result_id,badge_id,stroke_type_id,user_id,lock_version,created_at,updated_at) values (2076,2,(select s.id from swimmers s join badges b on b.swimmer_id = s.id where b.season_id = 181 and b.team_id = 1 and s.complete_name = 'BARBIERI LUCA'),37327,(select b.id from swimmers s join badges b on b.swimmer_id = s.id where b.season_id = 181 and b.team_id = 1 and s.complete_name = 'BARBIERI LUCA'),(select t.id from stroke_types t where t.code = 'SL'),2,0,curdate(),curdate());
INSERT INTO meeting_relay_swimmers (id,relay_order,swimmer_id,meeting_relay_result_id,badge_id,stroke_type_id,user_id,lock_version,created_at,updated_at) values (2077,3,(select s.id from swimmers s join badges b on b.swimmer_id = s.id where b.season_id = 181 and b.team_id = 1 and s.complete_name = 'PEZZOLI GIANLUCA'),37327,(select b.id from swimmers s join badges b on b.swimmer_id = s.id where b.season_id = 181 and b.team_id = 1 and s.complete_name = 'PEZZOLI GIANLUCA'),(select t.id from stroke_types t where t.code = 'SL'),2,0,curdate(),curdate());
INSERT INTO meeting_relay_swimmers (id,relay_order,swimmer_id,meeting_relay_result_id,badge_id,stroke_type_id,user_id,lock_version,created_at,updated_at) values (2078,4,(select s.id from swimmers s join badges b on b.swimmer_id = s.id where b.season_id = 181 and b.team_id = 1 and s.complete_name = 'ZULIANI MATTEO'),37327,(select b.id from swimmers s join badges b on b.swimmer_id = s.id where b.season_id = 181 and b.team_id = 1 and s.complete_name = 'ZULIANI MATTEO'),(select t.id from stroke_types t where t.code = 'SL'),2,0,curdate(),curdate());
INSERT INTO meeting_relay_swimmers (id,relay_order,swimmer_id,meeting_relay_result_id,badge_id,stroke_type_id,user_id,lock_version,created_at,updated_at) values (2079,1,(select s.id from swimmers s join badges b on b.swimmer_id = s.id where b.season_id = 181 and b.team_id = 1 and s.complete_name = 'FANTINI FILIPPO'),37328,(select b.id from swimmers s join badges b on b.swimmer_id = s.id where b.season_id = 181 and b.team_id = 1 and s.complete_name = 'FANTINI FILIPPO'),(select t.id from stroke_types t where t.code = 'SL'),2,0,curdate(),curdate());
INSERT INTO meeting_relay_swimmers (id,relay_order,swimmer_id,meeting_relay_result_id,badge_id,stroke_type_id,user_id,lock_version,created_at,updated_at) values (2080,2,(select s.id from swimmers s join badges b on b.swimmer_id = s.id where b.season_id = 181 and b.team_id = 1 and s.complete_name = 'KOCI KLERI'),37328,(select b.id from swimmers s join badges b on b.swimmer_id = s.id where b.season_id = 181 and b.team_id = 1 and s.complete_name = 'KOCI KLERI'),(select t.id from stroke_types t where t.code = 'SL'),2,0,curdate(),curdate());
INSERT INTO meeting_relay_swimmers (id,relay_order,swimmer_id,meeting_relay_result_id,badge_id,stroke_type_id,user_id,lock_version,created_at,updated_at) values (2081,3,(select s.id from swimmers s join badges b on b.swimmer_id = s.id where b.season_id = 181 and b.team_id = 1 and s.complete_name = 'NOVELLI MICHELE'),37328,(select b.id from swimmers s join badges b on b.swimmer_id = s.id where b.season_id = 181 and b.team_id = 1 and s.complete_name = 'NOVELLI MICHELE'),(select t.id from stroke_types t where t.code = 'SL'),2,0,curdate(),curdate());
INSERT INTO meeting_relay_swimmers (id,relay_order,swimmer_id,meeting_relay_result_id,badge_id,stroke_type_id,user_id,lock_version,created_at,updated_at) values (2082,4,(select s.id from swimmers s join badges b on b.swimmer_id = s.id where b.season_id = 181 and b.team_id = 1 and s.complete_name = 'BRUNI SIMONE'),37328,(select b.id from swimmers s join badges b on b.swimmer_id = s.id where b.season_id = 181 and b.team_id = 1 and s.complete_name = 'BRUNI SIMONE'),(select t.id from stroke_types t where t.code = 'SL'),2,0,curdate(),curdate());





INSERT INTO meeting_relay_swimmers (id,relay_order,swimmer_id,meeting_relay_result_id,badge_id,stroke_type_id,user_id,lock_version,created_at,updated_at) values (2083,1,(select s.id from swimmers s join badges b on b.swimmer_id = s.id where b.season_id = 181 and b.team_id = 224 and s.complete_name = 'ZANIBONI GIULIA'),37329,(select b.id from swimmers s join badges b on b.swimmer_id = s.id where b.season_id = 181 and b.team_id = 224 and s.complete_name = 'ZANIBONI GIULIA'),(select t.id from stroke_types t where t.code = 'SL'),2,0,curdate(),curdate());
INSERT INTO meeting_relay_swimmers (id,relay_order,swimmer_id,meeting_relay_result_id,badge_id,stroke_type_id,user_id,lock_version,created_at,updated_at) values (2084,2,(select s.id from swimmers s join badges b on b.swimmer_id = s.id where b.season_id = 181 and b.team_id = 224 and s.complete_name = 'FICARELLI LIA'),37329,(select b.id from swimmers s join badges b on b.swimmer_id = s.id where b.season_id = 181 and b.team_id = 224 and s.complete_name = 'FICARELLI LIA'),(select t.id from stroke_types t where t.code = 'SL'),2,0,curdate(),curdate());
INSERT INTO meeting_relay_swimmers (id,relay_order,swimmer_id,meeting_relay_result_id,badge_id,stroke_type_id,user_id,lock_version,created_at,updated_at) values (2085,3,(select s.id from swimmers s join badges b on b.swimmer_id = s.id where b.season_id = 181 and b.team_id = 224 and s.complete_name = 'GIROLIMETTI GRETA'),37329,(select b.id from swimmers s join badges b on b.swimmer_id = s.id where b.season_id = 181 and b.team_id = 224 and s.complete_name = 'GIROLIMETTI GRETA'),(select t.id from stroke_types t where t.code = 'SL'),2,0,curdate(),curdate());
INSERT INTO meeting_relay_swimmers (id,relay_order,swimmer_id,meeting_relay_result_id,badge_id,stroke_type_id,user_id,lock_version,created_at,updated_at) values (2086,4,(select s.id from swimmers s join badges b on b.swimmer_id = s.id where b.season_id = 181 and b.team_id = 224 and s.complete_name = 'DI SABATINO FRANCESCA'),37329,(select b.id from swimmers s join badges b on b.swimmer_id = s.id where b.season_id = 181 and b.team_id = 224 and s.complete_name = 'DI SABATINO FRANCESCA'),(select t.id from stroke_types t where t.code = 'SL'),2,0,curdate(),curdate());
INSERT INTO meeting_relay_swimmers (id,relay_order,swimmer_id,meeting_relay_result_id,badge_id,stroke_type_id,user_id,lock_version,created_at,updated_at) values (2087,1,(select s.id from swimmers s join badges b on b.swimmer_id = s.id where b.season_id = 181 and b.team_id = 1 and s.complete_name = 'PANZETTI NAILA'),37330,(select b.id from swimmers s join badges b on b.swimmer_id = s.id where b.season_id = 181 and b.team_id = 1 and s.complete_name = 'PANZETTI NAILA'),(select t.id from stroke_types t where t.code = 'SL'),2,0,curdate(),curdate());
INSERT INTO meeting_relay_swimmers (id,relay_order,swimmer_id,meeting_relay_result_id,badge_id,stroke_type_id,user_id,lock_version,created_at,updated_at) values (2088,2,(select s.id from swimmers s join badges b on b.swimmer_id = s.id where b.season_id = 181 and b.team_id = 1 and s.complete_name = 'CANTONI SAMANTA'),37330,(select b.id from swimmers s join badges b on b.swimmer_id = s.id where b.season_id = 181 and b.team_id = 1 and s.complete_name = 'CANTONI SAMANTA'),(select t.id from stroke_types t where t.code = 'SL'),2,0,curdate(),curdate());
INSERT INTO meeting_relay_swimmers (id,relay_order,swimmer_id,meeting_relay_result_id,badge_id,stroke_type_id,user_id,lock_version,created_at,updated_at) values (2089,3,(select s.id from swimmers s join badges b on b.swimmer_id = s.id where b.season_id = 181 and b.team_id = 1 and s.complete_name = 'VEZZANI GIORGIA'),37330,(select b.id from swimmers s join badges b on b.swimmer_id = s.id where b.season_id = 181 and b.team_id = 1 and s.complete_name = 'VEZZANI GIORGIA'),(select t.id from stroke_types t where t.code = 'SL'),2,0,curdate(),curdate());
INSERT INTO meeting_relay_swimmers (id,relay_order,swimmer_id,meeting_relay_result_id,badge_id,stroke_type_id,user_id,lock_version,created_at,updated_at) values (2090,4,(select s.id from swimmers s join badges b on b.swimmer_id = s.id where b.season_id = 181 and b.team_id = 1 and s.complete_name = 'PEZZI STEFANIA'),37330,(select b.id from swimmers s join badges b on b.swimmer_id = s.id where b.season_id = 181 and b.team_id = 1 and s.complete_name = 'PEZZI STEFANIA'),(select t.id from stroke_types t where t.code = 'SL'),2,0,curdate(),curdate());
INSERT INTO meeting_relay_swimmers (id,relay_order,swimmer_id,meeting_relay_result_id,badge_id,stroke_type_id,user_id,lock_version,created_at,updated_at) values (2091,1,(select s.id from swimmers s join badges b on b.swimmer_id = s.id where b.season_id = 181 and b.team_id = 1 and s.complete_name = 'TOFFANETTI LAURA'),37331,(select b.id from swimmers s join badges b on b.swimmer_id = s.id where b.season_id = 181 and b.team_id = 1 and s.complete_name = 'TOFFANETTI LAURA'),(select t.id from stroke_types t where t.code = 'SL'),2,0,curdate(),curdate());
INSERT INTO meeting_relay_swimmers (id,relay_order,swimmer_id,meeting_relay_result_id,badge_id,stroke_type_id,user_id,lock_version,created_at,updated_at) values (2092,2,(select s.id from swimmers s join badges b on b.swimmer_id = s.id where b.season_id = 181 and b.team_id = 1 and s.complete_name = 'LEONARDI ELISA'),37331,(select b.id from swimmers s join badges b on b.swimmer_id = s.id where b.season_id = 181 and b.team_id = 1 and s.complete_name = 'LEONARDI ELISA'),(select t.id from stroke_types t where t.code = 'SL'),2,0,curdate(),curdate());
INSERT INTO meeting_relay_swimmers (id,relay_order,swimmer_id,meeting_relay_result_id,badge_id,stroke_type_id,user_id,lock_version,created_at,updated_at) values (2093,3,(select s.id from swimmers s join badges b on b.swimmer_id = s.id where b.season_id = 181 and b.team_id = 1 and s.complete_name = 'DELMONTE ILARIA'),37331,(select b.id from swimmers s join badges b on b.swimmer_id = s.id where b.season_id = 181 and b.team_id = 1 and s.complete_name = 'DELMONTE ILARIA'),(select t.id from stroke_types t where t.code = 'SL'),2,0,curdate(),curdate());
INSERT INTO meeting_relay_swimmers (id,relay_order,swimmer_id,meeting_relay_result_id,badge_id,stroke_type_id,user_id,lock_version,created_at,updated_at) values (2094,4,(select s.id from swimmers s join badges b on b.swimmer_id = s.id where b.season_id = 181 and b.team_id = 1 and s.complete_name = 'FERRARI ALESSIA'),37331,(select b.id from swimmers s join badges b on b.swimmer_id = s.id where b.season_id = 181 and b.team_id = 1 and s.complete_name = 'FERRARI ALESSIA'),(select t.id from stroke_types t where t.code = 'SL'),2,0,curdate(),curdate());
INSERT INTO meeting_relay_swimmers (id,relay_order,swimmer_id,meeting_relay_result_id,badge_id,stroke_type_id,user_id,lock_version,created_at,updated_at) values (2095,1,(select s.id from swimmers s join badges b on b.swimmer_id = s.id where b.season_id = 181 and b.team_id = 1 and s.complete_name = 'SESENA PATRIZIA'),37332,(select b.id from swimmers s join badges b on b.swimmer_id = s.id where b.season_id = 181 and b.team_id = 1 and s.complete_name = 'SESENA PATRIZIA'),(select t.id from stroke_types t where t.code = 'SL'),2,0,curdate(),curdate());
INSERT INTO meeting_relay_swimmers (id,relay_order,swimmer_id,meeting_relay_result_id,badge_id,stroke_type_id,user_id,lock_version,created_at,updated_at) values (2096,2,(select s.id from swimmers s join badges b on b.swimmer_id = s.id where b.season_id = 181 and b.team_id = 1 and s.complete_name = 'BERNARDELLI NICLA'),37332,(select b.id from swimmers s join badges b on b.swimmer_id = s.id where b.season_id = 181 and b.team_id = 1 and s.complete_name = 'BERNARDELLI NICLA'),(select t.id from stroke_types t where t.code = 'SL'),2,0,curdate(),curdate());
INSERT INTO meeting_relay_swimmers (id,relay_order,swimmer_id,meeting_relay_result_id,badge_id,stroke_type_id,user_id,lock_version,created_at,updated_at) values (2097,3,(select s.id from swimmers s join badges b on b.swimmer_id = s.id where b.season_id = 181 and b.team_id = 1 and s.complete_name = 'DOSSI FRANCESCA'),37332,(select b.id from swimmers s join badges b on b.swimmer_id = s.id where b.season_id = 181 and b.team_id = 1 and s.complete_name = 'DOSSI FRANCESCA'),(select t.id from stroke_types t where t.code = 'SL'),2,0,curdate(),curdate());
INSERT INTO meeting_relay_swimmers (id,relay_order,swimmer_id,meeting_relay_result_id,badge_id,stroke_type_id,user_id,lock_version,created_at,updated_at) values (2098,4,(select s.id from swimmers s join badges b on b.swimmer_id = s.id where b.season_id = 181 and b.team_id = 1 and s.complete_name = 'BIANCHI ELENA'),37332,(select b.id from swimmers s join badges b on b.swimmer_id = s.id where b.season_id = 181 and b.team_id = 1 and s.complete_name = 'BIANCHI ELENA'),(select t.id from stroke_types t where t.code = 'SL'),2,0,curdate(),curdate());





INSERT INTO meeting_relay_swimmers (id,relay_order,swimmer_id,meeting_relay_result_id,badge_id,stroke_type_id,user_id,lock_version,created_at,updated_at) values (2099,1,(select s.id from swimmers s join badges b on b.swimmer_id = s.id where b.season_id = 181 and b.team_id = 1 and s.complete_name = 'TAMAGNINI ANDREA SERGIO'),37333,(select b.id from swimmers s join badges b on b.swimmer_id = s.id where b.season_id = 181 and b.team_id = 1 and s.complete_name = 'TAMAGNINI ANDREA SERGIO'),(select t.id from stroke_types t where t.code = 'SL'),2,0,curdate(),curdate());
INSERT INTO meeting_relay_swimmers (id,relay_order,swimmer_id,meeting_relay_result_id,badge_id,stroke_type_id,user_id,lock_version,created_at,updated_at) values (2100,2,(select s.id from swimmers s join badges b on b.swimmer_id = s.id where b.season_id = 181 and b.team_id = 1 and s.complete_name = 'FERRARI FRANCESCO'),37333,(select b.id from swimmers s join badges b on b.swimmer_id = s.id where b.season_id = 181 and b.team_id = 1 and s.complete_name = 'FERRARI FRANCESCO'),(select t.id from stroke_types t where t.code = 'SL'),2,0,curdate(),curdate());
INSERT INTO meeting_relay_swimmers (id,relay_order,swimmer_id,meeting_relay_result_id,badge_id,stroke_type_id,user_id,lock_version,created_at,updated_at) values (2101,3,(select s.id from swimmers s join badges b on b.swimmer_id = s.id where b.season_id = 181 and b.team_id = 1 and s.complete_name = 'RONZONI ALESSANDRO'),37333,(select b.id from swimmers s join badges b on b.swimmer_id = s.id where b.season_id = 181 and b.team_id = 1 and s.complete_name = 'RONZONI ALESSANDRO'),(select t.id from stroke_types t where t.code = 'SL'),2,0,curdate(),curdate());
INSERT INTO meeting_relay_swimmers (id,relay_order,swimmer_id,meeting_relay_result_id,badge_id,stroke_type_id,user_id,lock_version,created_at,updated_at) values (2102,4,(select s.id from swimmers s join badges b on b.swimmer_id = s.id where b.season_id = 181 and b.team_id = 1 and s.complete_name = 'VALCAVI LUCA'),37333,(select b.id from swimmers s join badges b on b.swimmer_id = s.id where b.season_id = 181 and b.team_id = 1 and s.complete_name = 'VALCAVI LUCA'),(select t.id from stroke_types t where t.code = 'SL'),2,0,curdate(),curdate());
INSERT INTO meeting_relay_swimmers (id,relay_order,swimmer_id,meeting_relay_result_id,badge_id,stroke_type_id,user_id,lock_version,created_at,updated_at) values (2103,1,(select s.id from swimmers s join badges b on b.swimmer_id = s.id where b.season_id = 181 and b.team_id = 224 and s.complete_name = 'GUASTI LUCA'),37334,(select b.id from swimmers s join badges b on b.swimmer_id = s.id where b.season_id = 181 and b.team_id = 224 and s.complete_name = 'GUASTI LUCA'),(select t.id from stroke_types t where t.code = 'SL'),2,0,curdate(),curdate());
INSERT INTO meeting_relay_swimmers (id,relay_order,swimmer_id,meeting_relay_result_id,badge_id,stroke_type_id,user_id,lock_version,created_at,updated_at) values (2104,2,(select s.id from swimmers s join badges b on b.swimmer_id = s.id where b.season_id = 181 and b.team_id = 224 and s.complete_name = 'MAZZIERI ALBERTO'),37334,(select b.id from swimmers s join badges b on b.swimmer_id = s.id where b.season_id = 181 and b.team_id = 224 and s.complete_name = 'MAZZIERI ALBERTO'),(select t.id from stroke_types t where t.code = 'SL'),2,0,curdate(),curdate());
INSERT INTO meeting_relay_swimmers (id,relay_order,swimmer_id,meeting_relay_result_id,badge_id,stroke_type_id,user_id,lock_version,created_at,updated_at) values (2105,3,(select s.id from swimmers s join badges b on b.swimmer_id = s.id where b.season_id = 181 and b.team_id = 224 and s.complete_name = 'DI STASI WILLIAM MARIO'),37334,(select b.id from swimmers s join badges b on b.swimmer_id = s.id where b.season_id = 181 and b.team_id = 224 and s.complete_name = 'DI STASI WILLIAM MARIO'),(select t.id from stroke_types t where t.code = 'SL'),2,0,curdate(),curdate());
INSERT INTO meeting_relay_swimmers (id,relay_order,swimmer_id,meeting_relay_result_id,badge_id,stroke_type_id,user_id,lock_version,created_at,updated_at) values (2106,4,(select s.id from swimmers s join badges b on b.swimmer_id = s.id where b.season_id = 181 and b.team_id = 224 and s.complete_name = 'SASSI RICCARDO'),37334,(select b.id from swimmers s join badges b on b.swimmer_id = s.id where b.season_id = 181 and b.team_id = 224 and s.complete_name = 'SASSI RICCARDO'),(select t.id from stroke_types t where t.code = 'SL'),2,0,curdate(),curdate());
INSERT INTO meeting_relay_swimmers (id,relay_order,swimmer_id,meeting_relay_result_id,badge_id,stroke_type_id,user_id,lock_version,created_at,updated_at) values (2107,1,(select s.id from swimmers s join badges b on b.swimmer_id = s.id where b.season_id = 181 and b.team_id = 1000 and s.complete_name = 'INCERTI TELANI JOHNATAN'),37335,(select b.id from swimmers s join badges b on b.swimmer_id = s.id where b.season_id = 181 and b.team_id = 1000 and s.complete_name = 'INCERTI TELANI JOHNATAN'),(select t.id from stroke_types t where t.code = 'SL'),2,0,curdate(),curdate());
INSERT INTO meeting_relay_swimmers (id,relay_order,swimmer_id,meeting_relay_result_id,badge_id,stroke_type_id,user_id,lock_version,created_at,updated_at) values (2108,2,(select s.id from swimmers s join badges b on b.swimmer_id = s.id where b.season_id = 181 and b.team_id = 1000 and s.complete_name = 'VENESELLI FEDERICO'),37335,(select b.id from swimmers s join badges b on b.swimmer_id = s.id where b.season_id = 181 and b.team_id = 1000 and s.complete_name = 'VENESELLI FEDERICO'),(select t.id from stroke_types t where t.code = 'SL'),2,0,curdate(),curdate());
INSERT INTO meeting_relay_swimmers (id,relay_order,swimmer_id,meeting_relay_result_id,badge_id,stroke_type_id,user_id,lock_version,created_at,updated_at) values (2109,3,(select s.id from swimmers s join badges b on b.swimmer_id = s.id where b.season_id = 181 and b.team_id = 1000 and s.complete_name = 'COCCHI MARCO'),37335,(select b.id from swimmers s join badges b on b.swimmer_id = s.id where b.season_id = 181 and b.team_id = 1000 and s.complete_name = 'COCCHI MARCO'),(select t.id from stroke_types t where t.code = 'SL'),2,0,curdate(),curdate());
INSERT INTO meeting_relay_swimmers (id,relay_order,swimmer_id,meeting_relay_result_id,badge_id,stroke_type_id,user_id,lock_version,created_at,updated_at) values (2110,4,(select s.id from swimmers s join badges b on b.swimmer_id = s.id where b.season_id = 181 and b.team_id = 1000 and s.complete_name = 'MORSIANI FEDERICO'),37335,(select b.id from swimmers s join badges b on b.swimmer_id = s.id where b.season_id = 181 and b.team_id = 1000 and s.complete_name = 'MORSIANI FEDERICO'),(select t.id from stroke_types t where t.code = 'SL'),2,0,curdate(),curdate());
INSERT INTO meeting_relay_swimmers (id,relay_order,swimmer_id,meeting_relay_result_id,badge_id,stroke_type_id,user_id,lock_version,created_at,updated_at) values (2111,1,(select s.id from swimmers s join badges b on b.swimmer_id = s.id where b.season_id = 181 and b.team_id = 826 and s.complete_name = 'PAPA ANTONIO'),37336,(select b.id from swimmers s join badges b on b.swimmer_id = s.id where b.season_id = 181 and b.team_id = 826 and s.complete_name = 'PAPA ANTONIO'),(select t.id from stroke_types t where t.code = 'SL'),2,0,curdate(),curdate());
INSERT INTO meeting_relay_swimmers (id,relay_order,swimmer_id,meeting_relay_result_id,badge_id,stroke_type_id,user_id,lock_version,created_at,updated_at) values (2112,2,(select s.id from swimmers s join badges b on b.swimmer_id = s.id where b.season_id = 181 and b.team_id = 826 and s.complete_name = 'MONTI MARCO'),37336,(select b.id from swimmers s join badges b on b.swimmer_id = s.id where b.season_id = 181 and b.team_id = 826 and s.complete_name = 'MONTI MARCO'),(select t.id from stroke_types t where t.code = 'SL'),2,0,curdate(),curdate());
INSERT INTO meeting_relay_swimmers (id,relay_order,swimmer_id,meeting_relay_result_id,badge_id,stroke_type_id,user_id,lock_version,created_at,updated_at) values (2113,3,(select s.id from swimmers s join badges b on b.swimmer_id = s.id where b.season_id = 181 and b.team_id = 826 and s.complete_name = 'CAVAZZONI DAVIDE'),37336,(select b.id from swimmers s join badges b on b.swimmer_id = s.id where b.season_id = 181 and b.team_id = 826 and s.complete_name = 'CAVAZZONI DAVIDE'),(select t.id from stroke_types t where t.code = 'SL'),2,0,curdate(),curdate());
INSERT INTO meeting_relay_swimmers (id,relay_order,swimmer_id,meeting_relay_result_id,badge_id,stroke_type_id,user_id,lock_version,created_at,updated_at) values (2114,4,(select s.id from swimmers s join badges b on b.swimmer_id = s.id where b.season_id = 181 and b.team_id = 826 and s.complete_name = 'MIARI FRANCESCO'),37336,(select b.id from swimmers s join badges b on b.swimmer_id = s.id where b.season_id = 181 and b.team_id = 826 and s.complete_name = 'MIARI FRANCESCO'),(select t.id from stroke_types t where t.code = 'SL'),2,0,curdate(),curdate());
INSERT INTO meeting_relay_swimmers (id,relay_order,swimmer_id,meeting_relay_result_id,badge_id,stroke_type_id,user_id,lock_version,created_at,updated_at) values (2115,1,(select s.id from swimmers s join badges b on b.swimmer_id = s.id where b.season_id = 181 and b.team_id = 1000 and s.complete_name = 'CAGOSSI CLAUDIO'),37337,(select b.id from swimmers s join badges b on b.swimmer_id = s.id where b.season_id = 181 and b.team_id = 1000 and s.complete_name = 'CAGOSSI CLAUDIO'),(select t.id from stroke_types t where t.code = 'SL'),2,0,curdate(),curdate());
INSERT INTO meeting_relay_swimmers (id,relay_order,swimmer_id,meeting_relay_result_id,badge_id,stroke_type_id,user_id,lock_version,created_at,updated_at) values (2116,2,(select s.id from swimmers s join badges b on b.swimmer_id = s.id where b.season_id = 181 and b.team_id = 1000 and s.complete_name = 'TESAURI MARCO'),37337,(select b.id from swimmers s join badges b on b.swimmer_id = s.id where b.season_id = 181 and b.team_id = 1000 and s.complete_name = 'TESAURI MARCO'),(select t.id from stroke_types t where t.code = 'SL'),2,0,curdate(),curdate());
INSERT INTO meeting_relay_swimmers (id,relay_order,swimmer_id,meeting_relay_result_id,badge_id,stroke_type_id,user_id,lock_version,created_at,updated_at) values (2117,3,(select s.id from swimmers s join badges b on b.swimmer_id = s.id where b.season_id = 181 and b.team_id = 1000 and s.complete_name = 'BONINI WALTER'),37337,(select b.id from swimmers s join badges b on b.swimmer_id = s.id where b.season_id = 181 and b.team_id = 1000 and s.complete_name = 'BONINI WALTER'),(select t.id from stroke_types t where t.code = 'SL'),2,0,curdate(),curdate());
INSERT INTO meeting_relay_swimmers (id,relay_order,swimmer_id,meeting_relay_result_id,badge_id,stroke_type_id,user_id,lock_version,created_at,updated_at) values (2118,4,(select s.id from swimmers s join badges b on b.swimmer_id = s.id where b.season_id = 181 and b.team_id = 1000 and s.complete_name = 'GOMBI LUCA'),37337,(select b.id from swimmers s join badges b on b.swimmer_id = s.id where b.season_id = 181 and b.team_id = 1000 and s.complete_name = 'GOMBI LUCA'),(select t.id from stroke_types t where t.code = 'SL'),2,0,curdate(),curdate());
INSERT INTO meeting_relay_swimmers (id,relay_order,swimmer_id,meeting_relay_result_id,badge_id,stroke_type_id,user_id,lock_version,created_at,updated_at) values (2119,1,(select s.id from swimmers s join badges b on b.swimmer_id = s.id where b.season_id = 181 and b.team_id = 33 and s.complete_name = 'MOSCONI CLAUDIO'),37338,(select b.id from swimmers s join badges b on b.swimmer_id = s.id where b.season_id = 181 and b.team_id = 33 and s.complete_name = 'MOSCONI CLAUDIO'),(select t.id from stroke_types t where t.code = 'SL'),2,0,curdate(),curdate());
INSERT INTO meeting_relay_swimmers (id,relay_order,swimmer_id,meeting_relay_result_id,badge_id,stroke_type_id,user_id,lock_version,created_at,updated_at) values (2120,2,(select s.id from swimmers s join badges b on b.swimmer_id = s.id where b.season_id = 181 and b.team_id = 33 and s.complete_name = 'ONGARI MATTEO'),37338,(select b.id from swimmers s join badges b on b.swimmer_id = s.id where b.season_id = 181 and b.team_id = 33 and s.complete_name = 'ONGARI MATTEO'),(select t.id from stroke_types t where t.code = 'SL'),2,0,curdate(),curdate());
INSERT INTO meeting_relay_swimmers (id,relay_order,swimmer_id,meeting_relay_result_id,badge_id,stroke_type_id,user_id,lock_version,created_at,updated_at) values (2121,3,(select s.id from swimmers s join badges b on b.swimmer_id = s.id where b.season_id = 181 and b.team_id = 33 and s.complete_name = 'ALLARI FEDERICO'),37338,(select b.id from swimmers s join badges b on b.swimmer_id = s.id where b.season_id = 181 and b.team_id = 33 and s.complete_name = 'ALLARI FEDERICO'),(select t.id from stroke_types t where t.code = 'SL'),2,0,curdate(),curdate());
INSERT INTO meeting_relay_swimmers (id,relay_order,swimmer_id,meeting_relay_result_id,badge_id,stroke_type_id,user_id,lock_version,created_at,updated_at) values (2122,4,(select s.id from swimmers s join badges b on b.swimmer_id = s.id where b.season_id = 181 and b.team_id = 33 and s.complete_name = 'OLIVARI RICCARDO'),37338,(select b.id from swimmers s join badges b on b.swimmer_id = s.id where b.season_id = 181 and b.team_id = 33 and s.complete_name = 'OLIVARI RICCARDO'),(select t.id from stroke_types t where t.code = 'SL'),2,0,curdate(),curdate());





INSERT INTO meeting_relay_swimmers (id,relay_order,swimmer_id,meeting_relay_result_id,badge_id,stroke_type_id,user_id,lock_version,created_at,updated_at) values (2123,1,(select s.id from swimmers s join badges b on b.swimmer_id = s.id where b.season_id = 181 and b.team_id = 1 and s.complete_name = 'SPAGGIARI ELENA'),37339,(select b.id from swimmers s join badges b on b.swimmer_id = s.id where b.season_id = 181 and b.team_id = 1 and s.complete_name = 'SPAGGIARI ELENA'),(select t.id from stroke_types t where t.code = 'SL'),2,0,curdate(),curdate());
INSERT INTO meeting_relay_swimmers (id,relay_order,swimmer_id,meeting_relay_result_id,badge_id,stroke_type_id,user_id,lock_version,created_at,updated_at) values (2124,2,(select s.id from swimmers s join badges b on b.swimmer_id = s.id where b.season_id = 181 and b.team_id = 1 and s.complete_name = 'BONACINI MONICA'),37339,(select b.id from swimmers s join badges b on b.swimmer_id = s.id where b.season_id = 181 and b.team_id = 1 and s.complete_name = 'BONACINI MONICA'),(select t.id from stroke_types t where t.code = 'SL'),2,0,curdate(),curdate());
INSERT INTO meeting_relay_swimmers (id,relay_order,swimmer_id,meeting_relay_result_id,badge_id,stroke_type_id,user_id,lock_version,created_at,updated_at) values (2125,3,(select s.id from swimmers s join badges b on b.swimmer_id = s.id where b.season_id = 181 and b.team_id = 1 and s.complete_name = 'SESENA BARBARA'),37339,(select b.id from swimmers s join badges b on b.swimmer_id = s.id where b.season_id = 181 and b.team_id = 1 and s.complete_name = 'SESENA BARBARA'),(select t.id from stroke_types t where t.code = 'SL'),2,0,curdate(),curdate());
INSERT INTO meeting_relay_swimmers (id,relay_order,swimmer_id,meeting_relay_result_id,badge_id,stroke_type_id,user_id,lock_version,created_at,updated_at) values (2126,4,(select s.id from swimmers s join badges b on b.swimmer_id = s.id where b.season_id = 181 and b.team_id = 1 and s.complete_name = 'LEONCINI VALERIA'),37339,(select b.id from swimmers s join badges b on b.swimmer_id = s.id where b.season_id = 181 and b.team_id = 1 and s.complete_name = 'LEONCINI VALERIA'),(select t.id from stroke_types t where t.code = 'SL'),2,0,curdate(),curdate());
INSERT INTO meeting_relay_swimmers (id,relay_order,swimmer_id,meeting_relay_result_id,badge_id,stroke_type_id,user_id,lock_version,created_at,updated_at) values (2127,1,(select s.id from swimmers s join badges b on b.swimmer_id = s.id where b.season_id = 181 and b.team_id = 826 and s.complete_name = 'TONDELLI EBE'),37340,(select b.id from swimmers s join badges b on b.swimmer_id = s.id where b.season_id = 181 and b.team_id = 826 and s.complete_name = 'TONDELLI EBE'),(select t.id from stroke_types t where t.code = 'SL'),2,0,curdate(),curdate());
INSERT INTO meeting_relay_swimmers (id,relay_order,swimmer_id,meeting_relay_result_id,badge_id,stroke_type_id,user_id,lock_version,created_at,updated_at) values (2128,2,(select s.id from swimmers s join badges b on b.swimmer_id = s.id where b.season_id = 181 and b.team_id = 826 and s.complete_name = 'ROMANO MARIA CHIARA'),37340,(select b.id from swimmers s join badges b on b.swimmer_id = s.id where b.season_id = 181 and b.team_id = 826 and s.complete_name = 'ROMANO MARIA CHIARA'),(select t.id from stroke_types t where t.code = 'SL'),2,0,curdate(),curdate());
INSERT INTO meeting_relay_swimmers (id,relay_order,swimmer_id,meeting_relay_result_id,badge_id,stroke_type_id,user_id,lock_version,created_at,updated_at) values (2129,3,(select s.id from swimmers s join badges b on b.swimmer_id = s.id where b.season_id = 181 and b.team_id = 826 and s.complete_name = 'SIRINGO ALESSIA'),37340,(select b.id from swimmers s join badges b on b.swimmer_id = s.id where b.season_id = 181 and b.team_id = 826 and s.complete_name = 'SIRINGO ALESSIA'),(select t.id from stroke_types t where t.code = 'SL'),2,0,curdate(),curdate());
INSERT INTO meeting_relay_swimmers (id,relay_order,swimmer_id,meeting_relay_result_id,badge_id,stroke_type_id,user_id,lock_version,created_at,updated_at) values (2130,4,(select s.id from swimmers s join badges b on b.swimmer_id = s.id where b.season_id = 181 and b.team_id = 826 and s.complete_name = 'CERCHIA CONSUELO'),37340,(select b.id from swimmers s join badges b on b.swimmer_id = s.id where b.season_id = 181 and b.team_id = 826 and s.complete_name = 'CERCHIA CONSUELO'),(select t.id from stroke_types t where t.code = 'SL'),2,0,curdate(),curdate());




INSERT INTO meeting_relay_swimmers (id,relay_order,swimmer_id,meeting_relay_result_id,badge_id,stroke_type_id,user_id,lock_version,created_at,updated_at) values (2131,1,(select s.id from swimmers s join badges b on b.swimmer_id = s.id where b.season_id = 181 and b.team_id = 1 and s.complete_name = 'ALLORO STEFANO'),37341,(select b.id from swimmers s join badges b on b.swimmer_id = s.id where b.season_id = 181 and b.team_id = 1 and s.complete_name = 'ALLORO STEFANO'),(select t.id from stroke_types t where t.code = 'SL'),2,0,curdate(),curdate());
INSERT INTO meeting_relay_swimmers (id,relay_order,swimmer_id,meeting_relay_result_id,badge_id,stroke_type_id,user_id,lock_version,created_at,updated_at) values (2132,2,(select s.id from swimmers s join badges b on b.swimmer_id = s.id where b.season_id = 181 and b.team_id = 1 and s.complete_name = 'DEL RIO SIMONE'),37341,(select b.id from swimmers s join badges b on b.swimmer_id = s.id where b.season_id = 181 and b.team_id = 1 and s.complete_name = 'DEL RIO SIMONE'),(select t.id from stroke_types t where t.code = 'SL'),2,0,curdate(),curdate());
INSERT INTO meeting_relay_swimmers (id,relay_order,swimmer_id,meeting_relay_result_id,badge_id,stroke_type_id,user_id,lock_version,created_at,updated_at) values (2133,3,(select s.id from swimmers s join badges b on b.swimmer_id = s.id where b.season_id = 181 and b.team_id = 1 and s.complete_name = 'LIGABUE MARCO'),37341,(select b.id from swimmers s join badges b on b.swimmer_id = s.id where b.season_id = 181 and b.team_id = 1 and s.complete_name = 'LIGABUE MARCO'),(select t.id from stroke_types t where t.code = 'SL'),2,0,curdate(),curdate());
INSERT INTO meeting_relay_swimmers (id,relay_order,swimmer_id,meeting_relay_result_id,badge_id,stroke_type_id,user_id,lock_version,created_at,updated_at) values (2134,4,(select s.id from swimmers s join badges b on b.swimmer_id = s.id where b.season_id = 181 and b.team_id = 1 and s.complete_name = 'BERTOZZI ORLANDO'),37341,(select b.id from swimmers s join badges b on b.swimmer_id = s.id where b.season_id = 181 and b.team_id = 1 and s.complete_name = 'BERTOZZI ORLANDO'),(select t.id from stroke_types t where t.code = 'SL'),2,0,curdate(),curdate());
INSERT INTO meeting_relay_swimmers (id,relay_order,swimmer_id,meeting_relay_result_id,badge_id,stroke_type_id,user_id,lock_version,created_at,updated_at) values (2135,1,(select s.id from swimmers s join badges b on b.swimmer_id = s.id where b.season_id = 181 and b.team_id = 826 and s.complete_name = 'ZACCARELLI MARCO'),37342,(select b.id from swimmers s join badges b on b.swimmer_id = s.id where b.season_id = 181 and b.team_id = 826 and s.complete_name = 'ZACCARELLI MARCO'),(select t.id from stroke_types t where t.code = 'SL'),2,0,curdate(),curdate());
INSERT INTO meeting_relay_swimmers (id,relay_order,swimmer_id,meeting_relay_result_id,badge_id,stroke_type_id,user_id,lock_version,created_at,updated_at) values (2136,2,(select s.id from swimmers s join badges b on b.swimmer_id = s.id where b.season_id = 181 and b.team_id = 826 and s.complete_name = 'FOSSILE ROBERTO'),37342,(select b.id from swimmers s join badges b on b.swimmer_id = s.id where b.season_id = 181 and b.team_id = 826 and s.complete_name = 'FOSSILE ROBERTO'),(select t.id from stroke_types t where t.code = 'SL'),2,0,curdate(),curdate());
INSERT INTO meeting_relay_swimmers (id,relay_order,swimmer_id,meeting_relay_result_id,badge_id,stroke_type_id,user_id,lock_version,created_at,updated_at) values (2137,3,(select s.id from swimmers s join badges b on b.swimmer_id = s.id where b.season_id = 181 and b.team_id = 826 and s.complete_name = 'ZAGATTI ALESSANDRO'),37342,(select b.id from swimmers s join badges b on b.swimmer_id = s.id where b.season_id = 181 and b.team_id = 826 and s.complete_name = 'ZAGATTI ALESSANDRO'),(select t.id from stroke_types t where t.code = 'SL'),2,0,curdate(),curdate());
INSERT INTO meeting_relay_swimmers (id,relay_order,swimmer_id,meeting_relay_result_id,badge_id,stroke_type_id,user_id,lock_version,created_at,updated_at) values (2138,4,(select s.id from swimmers s join badges b on b.swimmer_id = s.id where b.season_id = 181 and b.team_id = 826 and s.complete_name = 'ORLANDINI EDO'),37342,(select b.id from swimmers s join badges b on b.swimmer_id = s.id where b.season_id = 181 and b.team_id = 826 and s.complete_name = 'ORLANDINI EDO'),(select t.id from stroke_types t where t.code = 'SL'),2,0,curdate(),curdate());
INSERT INTO meeting_relay_swimmers (id,relay_order,swimmer_id,meeting_relay_result_id,badge_id,stroke_type_id,user_id,lock_version,created_at,updated_at) values (2139,1,(select s.id from swimmers s join badges b on b.swimmer_id = s.id where b.season_id = 181 and b.team_id = 224 and s.complete_name = 'GIORGI ROSSI PAOLO'),37343,(select b.id from swimmers s join badges b on b.swimmer_id = s.id where b.season_id = 181 and b.team_id = 224 and s.complete_name = 'GIORGI ROSSI PAOLO'),(select t.id from stroke_types t where t.code = 'SL'),2,0,curdate(),curdate());
INSERT INTO meeting_relay_swimmers (id,relay_order,swimmer_id,meeting_relay_result_id,badge_id,stroke_type_id,user_id,lock_version,created_at,updated_at) values (2140,2,(select s.id from swimmers s join badges b on b.swimmer_id = s.id where b.season_id = 181 and b.team_id = 224 and s.complete_name = 'D''AMBROSIO MARCO ALESSANDRO'),37343,(select b.id from swimmers s join badges b on b.swimmer_id = s.id where b.season_id = 181 and b.team_id = 224 and s.complete_name = 'D''AMBROSIO MARCO ALESSANDRO'),(select t.id from stroke_types t where t.code = 'SL'),2,0,curdate(),curdate());
INSERT INTO meeting_relay_swimmers (id,relay_order,swimmer_id,meeting_relay_result_id,badge_id,stroke_type_id,user_id,lock_version,created_at,updated_at) values (2141,3,(select s.id from swimmers s join badges b on b.swimmer_id = s.id where b.season_id = 181 and b.team_id = 224 and s.complete_name = 'BELGIOIOSO FEDERICO'),37343,(select b.id from swimmers s join badges b on b.swimmer_id = s.id where b.season_id = 181 and b.team_id = 224 and s.complete_name = 'BELGIOIOSO FEDERICO'),(select t.id from stroke_types t where t.code = 'SL'),2,0,curdate(),curdate());
INSERT INTO meeting_relay_swimmers (id,relay_order,swimmer_id,meeting_relay_result_id,badge_id,stroke_type_id,user_id,lock_version,created_at,updated_at) values (2142,4,(select s.id from swimmers s join badges b on b.swimmer_id = s.id where b.season_id = 181 and b.team_id = 224 and s.complete_name = 'ZANELLA LUCA'),37343,(select b.id from swimmers s join badges b on b.swimmer_id = s.id where b.season_id = 181 and b.team_id = 224 and s.complete_name = 'ZANELLA LUCA'),(select t.id from stroke_types t where t.code = 'SL'),2,0,curdate(),curdate());
INSERT INTO meeting_relay_swimmers (id,relay_order,swimmer_id,meeting_relay_result_id,badge_id,stroke_type_id,user_id,lock_version,created_at,updated_at) values (2143,1,(select s.id from swimmers s join badges b on b.swimmer_id = s.id where b.season_id = 181 and b.team_id = 4 and s.complete_name = 'POZZOLI ELIA'),37344,(select b.id from swimmers s join badges b on b.swimmer_id = s.id where b.season_id = 181 and b.team_id = 4 and s.complete_name = 'POZZOLI ELIA'),(select t.id from stroke_types t where t.code = 'SL'),2,0,curdate(),curdate());
INSERT INTO meeting_relay_swimmers (id,relay_order,swimmer_id,meeting_relay_result_id,badge_id,stroke_type_id,user_id,lock_version,created_at,updated_at) values (2144,2,(select s.id from swimmers s join badges b on b.swimmer_id = s.id where b.season_id = 181 and b.team_id = 4 and s.complete_name = 'CARBONI PAOLO'),37344,(select b.id from swimmers s join badges b on b.swimmer_id = s.id where b.season_id = 181 and b.team_id = 4 and s.complete_name = 'CARBONI PAOLO'),(select t.id from stroke_types t where t.code = 'SL'),2,0,curdate(),curdate());
INSERT INTO meeting_relay_swimmers (id,relay_order,swimmer_id,meeting_relay_result_id,badge_id,stroke_type_id,user_id,lock_version,created_at,updated_at) values (2145,3,(select s.id from swimmers s join badges b on b.swimmer_id = s.id where b.season_id = 181 and b.team_id = 4 and s.complete_name = 'VERZANI MASSIMO'),37344,(select b.id from swimmers s join badges b on b.swimmer_id = s.id where b.season_id = 181 and b.team_id = 4 and s.complete_name = 'VERZANI MASSIMO'),(select t.id from stroke_types t where t.code = 'SL'),2,0,curdate(),curdate());
INSERT INTO meeting_relay_swimmers (id,relay_order,swimmer_id,meeting_relay_result_id,badge_id,stroke_type_id,user_id,lock_version,created_at,updated_at) values (2146,4,(select s.id from swimmers s join badges b on b.swimmer_id = s.id where b.season_id = 181 and b.team_id = 4 and s.complete_name = 'ROCCO SIMONE'),37344,(select b.id from swimmers s join badges b on b.swimmer_id = s.id where b.season_id = 181 and b.team_id = 4 and s.complete_name = 'ROCCO SIMONE'),(select t.id from stroke_types t where t.code = 'SL'),2,0,curdate(),curdate());
INSERT INTO meeting_relay_swimmers (id,relay_order,swimmer_id,meeting_relay_result_id,badge_id,stroke_type_id,user_id,lock_version,created_at,updated_at) values (2147,1,(select s.id from swimmers s join badges b on b.swimmer_id = s.id where b.season_id = 181 and b.team_id = 826 and s.complete_name = 'ESPOSITO GIUSEPPE'),37345,(select b.id from swimmers s join badges b on b.swimmer_id = s.id where b.season_id = 181 and b.team_id = 826 and s.complete_name = 'ESPOSITO GIUSEPPE'),(select t.id from stroke_types t where t.code = 'SL'),2,0,curdate(),curdate());
INSERT INTO meeting_relay_swimmers (id,relay_order,swimmer_id,meeting_relay_result_id,badge_id,stroke_type_id,user_id,lock_version,created_at,updated_at) values (2148,2,(select s.id from swimmers s join badges b on b.swimmer_id = s.id where b.season_id = 181 and b.team_id = 826 and s.complete_name = 'INCERTI PAOLO'),37345,(select b.id from swimmers s join badges b on b.swimmer_id = s.id where b.season_id = 181 and b.team_id = 826 and s.complete_name = 'INCERTI PAOLO'),(select t.id from stroke_types t where t.code = 'SL'),2,0,curdate(),curdate());
INSERT INTO meeting_relay_swimmers (id,relay_order,swimmer_id,meeting_relay_result_id,badge_id,stroke_type_id,user_id,lock_version,created_at,updated_at) values (2149,3,(select s.id from swimmers s join badges b on b.swimmer_id = s.id where b.season_id = 181 and b.team_id = 826 and s.complete_name = 'CODELUPPI FRANCO'),37345,(select b.id from swimmers s join badges b on b.swimmer_id = s.id where b.season_id = 181 and b.team_id = 826 and s.complete_name = 'CODELUPPI FRANCO'),(select t.id from stroke_types t where t.code = 'SL'),2,0,curdate(),curdate());
INSERT INTO meeting_relay_swimmers (id,relay_order,swimmer_id,meeting_relay_result_id,badge_id,stroke_type_id,user_id,lock_version,created_at,updated_at) values (2150,4,(select s.id from swimmers s join badges b on b.swimmer_id = s.id where b.season_id = 181 and b.team_id = 826 and s.complete_name = 'ARNESANO RICCARDO'),37345,(select b.id from swimmers s join badges b on b.swimmer_id = s.id where b.season_id = 181 and b.team_id = 826 and s.complete_name = 'ARNESANO RICCARDO'),(select t.id from stroke_types t where t.code = 'SL'),2,0,curdate(),curdate());





INSERT INTO meeting_relay_swimmers (id,relay_order,swimmer_id,meeting_relay_result_id,badge_id,stroke_type_id,user_id,lock_version,created_at,updated_at) values (2151,1,(select s.id from swimmers s join badges b on b.swimmer_id = s.id where b.season_id = 181 and b.team_id = 1 and s.complete_name = 'BERTANI STEFANO'),37346,(select b.id from swimmers s join badges b on b.swimmer_id = s.id where b.season_id = 181 and b.team_id = 1 and s.complete_name = 'BERTANI STEFANO'),(select t.id from stroke_types t where t.code = 'SL'),2,0,curdate(),curdate());
INSERT INTO meeting_relay_swimmers (id,relay_order,swimmer_id,meeting_relay_result_id,badge_id,stroke_type_id,user_id,lock_version,created_at,updated_at) values (2152,2,(select s.id from swimmers s join badges b on b.swimmer_id = s.id where b.season_id = 181 and b.team_id = 1 and s.complete_name = 'GANGAROSSA DAVIDE'),37346,(select b.id from swimmers s join badges b on b.swimmer_id = s.id where b.season_id = 181 and b.team_id = 1 and s.complete_name = 'GANGAROSSA DAVIDE'),(select t.id from stroke_types t where t.code = 'SL'),2,0,curdate(),curdate());
INSERT INTO meeting_relay_swimmers (id,relay_order,swimmer_id,meeting_relay_result_id,badge_id,stroke_type_id,user_id,lock_version,created_at,updated_at) values (2153,3,(select s.id from swimmers s join badges b on b.swimmer_id = s.id where b.season_id = 181 and b.team_id = 1 and s.complete_name = 'ORLANDINI IDO PIERALDO'),37346,(select b.id from swimmers s join badges b on b.swimmer_id = s.id where b.season_id = 181 and b.team_id = 1 and s.complete_name = 'ORLANDINI IDO PIERALDO'),(select t.id from stroke_types t where t.code = 'SL'),2,0,curdate(),curdate());
INSERT INTO meeting_relay_swimmers (id,relay_order,swimmer_id,meeting_relay_result_id,badge_id,stroke_type_id,user_id,lock_version,created_at,updated_at) values (2154,4,(select s.id from swimmers s join badges b on b.swimmer_id = s.id where b.season_id = 181 and b.team_id = 1 and s.complete_name = 'SENATORE FABIO'),37346,(select b.id from swimmers s join badges b on b.swimmer_id = s.id where b.season_id = 181 and b.team_id = 1 and s.complete_name = 'SENATORE FABIO'),(select t.id from stroke_types t where t.code = 'SL'),2,0,curdate(),curdate());
